

================================================================
== Vitis HLS Report for 'dataflow_in_loop_VITIS_LOOP_149_1_1'
================================================================
* Date:           Mon Jun 30 08:26:10 2025

* Version:        2024.2 (Build 5238294 on Nov  8 2024)
* Project:        reconstruct
* Solution:       hls (Vivado IP Flow Target)
* Product family: zynquplusRFSOC
* Target device:  xczu49dr-ffvf1760-2-e


================================================================
== Performance Estimates
================================================================
+ Timing: 
    * Summary: 
    +--------+----------+----------+------------+
    |  Clock |  Target  | Estimated| Uncertainty|
    +--------+----------+----------+------------+
    |ap_clk  |  10.00 ns|  7.705 ns|     2.70 ns|
    +--------+----------+----------+------------+

+ Latency: 
    * Summary: 
    +---------+---------+-----------+-----------+------+------+----------+
    |  Latency (cycles) |   Latency (absolute)  |   Interval  | Pipeline |
    |   min   |   max   |    min    |    max    |  min |  max |   Type   |
    +---------+---------+-----------+-----------+------+------+----------+
    |     4888|     4888|  48.880 us|  48.880 us|  3868|  3868|  dataflow|
    +---------+---------+-----------+-----------+------+------+----------+

    + Detail: 
        * Instance: 
        +---------------------------------------------------------------+------------------------------------------------------------+---------+---------+-----------+-----------+------+------+---------+
        |                                                               |                                                            |  Latency (cycles) |   Latency (absolute)  |   Interval  | Pipeline|
        |                            Instance                           |                           Module                           |   min   |   max   |    min    |    max    |  min |  max |   Type  |
        +---------------------------------------------------------------+------------------------------------------------------------+---------+---------+-----------+-----------+------+------+---------+
        |getLocalImages_single_U0                                       |getLocalImages_single                                       |       25|       26|   0.250 us|   0.260 us|    25|    26|       no|
        |Image_extract_U0                                               |Image_extract                                               |      982|      982|   9.820 us|   9.820 us|   982|   982|       no|
        |conv_kernel_U0                                                 |conv_kernel                                                 |     3867|     3867|  38.670 us|  38.670 us|  3867|  3867|       no|
        |dataflow_in_loop_VITIS_LOOP_149_1_1_Block_newFuncRoot_proc_U0  |dataflow_in_loop_VITIS_LOOP_149_1_1_Block_newFuncRoot_proc  |        0|        0|       0 ns|       0 ns|     0|     0|       no|
        |post_process_U0                                                |post_process                                                |       18|       18|   0.180 us|   0.180 us|    18|    18|       no|
        +---------------------------------------------------------------+------------------------------------------------------------+---------+---------+-----------+-----------+------+------+---------+

        * Loop: 
        N/A



================================================================
== Utilization Estimates
================================================================
* Summary: 
+-----------------+---------+------+--------+--------+-----+
|       Name      | BRAM_18K|  DSP |   FF   |   LUT  | URAM|
+-----------------+---------+------+--------+--------+-----+
|DSP              |        -|     -|       -|       -|    -|
|Expression       |        -|     -|       0|      32|    -|
|FIFO             |        -|     -|     495|     335|    -|
|Instance         |        0|    18|   67590|   25744|    -|
|Memory           |        0|     -|    7936|    1984|    0|
|Multiplexer      |        -|     -|       0|      54|    -|
|Register         |        -|     -|       6|       -|    -|
+-----------------+---------+------+--------+--------+-----+
|Total            |        0|    18|   76027|   28149|    0|
+-----------------+---------+------+--------+--------+-----+
|Available        |     2160|  4272|  850560|  425280|   80|
+-----------------+---------+------+--------+--------+-----+
|Utilization (%)  |        0|    ~0|       8|       6|    0|
+-----------------+---------+------+--------+--------+-----+

+ Detail: 
    * Instance: 
    +---------------------------------------------------------------+------------------------------------------------------------+---------+----+-------+-------+-----+
    |                            Instance                           |                           Module                           | BRAM_18K| DSP|   FF  |  LUT  | URAM|
    +---------------------------------------------------------------+------------------------------------------------------------+---------+----+-------+-------+-----+
    |Image_extract_U0                                               |Image_extract                                               |        0|   0|    581|    683|    0|
    |conv_kernel_U0                                                 |conv_kernel                                                 |        0|   5|  64932|  19822|    0|
    |dataflow_in_loop_VITIS_LOOP_149_1_1_Block_newFuncRoot_proc_U0  |dataflow_in_loop_VITIS_LOOP_149_1_1_Block_newFuncRoot_proc  |        0|   0|     66|     91|    0|
    |getLocalImages_single_U0                                       |getLocalImages_single                                       |        0|  10|   1639|   4874|    0|
    |post_process_U0                                                |post_process                                                |        0|   3|    372|    274|    0|
    +---------------------------------------------------------------+------------------------------------------------------------+---------+----+-------+-------+-----+
    |Total                                                          |                                                            |        0|  18|  67590|  25744|    0|
    +---------------------------------------------------------------+------------------------------------------------------------+---------+----+-------+-------+-----+

    * DSP: 
    N/A

    * Memory: 
    +--------------------------+-------------------------------------------------------------------+---------+-----+----+-----+------+-----+------+-------------+
    |          Memory          |                               Module                              | BRAM_18K|  FF | LUT| URAM| Words| Bits| Banks| W*Bits*Banks|
    +--------------------------+-------------------------------------------------------------------+---------+-----+----+-----+------+-----+------+-------------+
    |curr_localImage_U         |dataflow_in_loop_VITIS_LOOP_149_1_1_curr_localImage_RAM_AUTO_1R1W  |        0|  128|  32|    0|    31|   32|     1|          992|
    |curr_localImage_1_99_U    |dataflow_in_loop_VITIS_LOOP_149_1_1_curr_localImage_RAM_AUTO_1R1W  |        0|  128|  32|    0|    31|   32|     1|          992|
    |curr_localImage_2_100_U   |dataflow_in_loop_VITIS_LOOP_149_1_1_curr_localImage_RAM_AUTO_1R1W  |        0|  128|  32|    0|    31|   32|     1|          992|
    |curr_localImage_3_101_U   |dataflow_in_loop_VITIS_LOOP_149_1_1_curr_localImage_RAM_AUTO_1R1W  |        0|  128|  32|    0|    31|   32|     1|          992|
    |curr_localImage_4_102_U   |dataflow_in_loop_VITIS_LOOP_149_1_1_curr_localImage_RAM_AUTO_1R1W  |        0|  128|  32|    0|    31|   32|     1|          992|
    |curr_localImage_5_103_U   |dataflow_in_loop_VITIS_LOOP_149_1_1_curr_localImage_RAM_AUTO_1R1W  |        0|  128|  32|    0|    31|   32|     1|          992|
    |curr_localImage_6_104_U   |dataflow_in_loop_VITIS_LOOP_149_1_1_curr_localImage_RAM_AUTO_1R1W  |        0|  128|  32|    0|    31|   32|     1|          992|
    |curr_localImage_7_105_U   |dataflow_in_loop_VITIS_LOOP_149_1_1_curr_localImage_RAM_AUTO_1R1W  |        0|  128|  32|    0|    31|   32|     1|          992|
    |curr_localImage_8_106_U   |dataflow_in_loop_VITIS_LOOP_149_1_1_curr_localImage_RAM_AUTO_1R1W  |        0|  128|  32|    0|    31|   32|     1|          992|
    |curr_localImage_9_107_U   |dataflow_in_loop_VITIS_LOOP_149_1_1_curr_localImage_RAM_AUTO_1R1W  |        0|  128|  32|    0|    31|   32|     1|          992|
    |curr_localImage_10_108_U  |dataflow_in_loop_VITIS_LOOP_149_1_1_curr_localImage_RAM_AUTO_1R1W  |        0|  128|  32|    0|    31|   32|     1|          992|
    |curr_localImage_11_109_U  |dataflow_in_loop_VITIS_LOOP_149_1_1_curr_localImage_RAM_AUTO_1R1W  |        0|  128|  32|    0|    31|   32|     1|          992|
    |curr_localImage_12_110_U  |dataflow_in_loop_VITIS_LOOP_149_1_1_curr_localImage_RAM_AUTO_1R1W  |        0|  128|  32|    0|    31|   32|     1|          992|
    |curr_localImage_13_111_U  |dataflow_in_loop_VITIS_LOOP_149_1_1_curr_localImage_RAM_AUTO_1R1W  |        0|  128|  32|    0|    31|   32|     1|          992|
    |curr_localImage_14_112_U  |dataflow_in_loop_VITIS_LOOP_149_1_1_curr_localImage_RAM_AUTO_1R1W  |        0|  128|  32|    0|    31|   32|     1|          992|
    |curr_localImage_15_U      |dataflow_in_loop_VITIS_LOOP_149_1_1_curr_localImage_RAM_AUTO_1R1W  |        0|  128|  32|    0|    31|   32|     1|          992|
    |curr_localImage_14_U      |dataflow_in_loop_VITIS_LOOP_149_1_1_curr_localImage_RAM_AUTO_1R1W  |        0|  128|  32|    0|    31|   32|     1|          992|
    |curr_localImage_13_U      |dataflow_in_loop_VITIS_LOOP_149_1_1_curr_localImage_RAM_AUTO_1R1W  |        0|  128|  32|    0|    31|   32|     1|          992|
    |curr_localImage_12_U      |dataflow_in_loop_VITIS_LOOP_149_1_1_curr_localImage_RAM_AUTO_1R1W  |        0|  128|  32|    0|    31|   32|     1|          992|
    |curr_localImage_11_U      |dataflow_in_loop_VITIS_LOOP_149_1_1_curr_localImage_RAM_AUTO_1R1W  |        0|  128|  32|    0|    31|   32|     1|          992|
    |curr_localImage_10_U      |dataflow_in_loop_VITIS_LOOP_149_1_1_curr_localImage_RAM_AUTO_1R1W  |        0|  128|  32|    0|    31|   32|     1|          992|
    |curr_localImage_9_U       |dataflow_in_loop_VITIS_LOOP_149_1_1_curr_localImage_RAM_AUTO_1R1W  |        0|  128|  32|    0|    31|   32|     1|          992|
    |curr_localImage_8_U       |dataflow_in_loop_VITIS_LOOP_149_1_1_curr_localImage_RAM_AUTO_1R1W  |        0|  128|  32|    0|    31|   32|     1|          992|
    |curr_localImage_7_U       |dataflow_in_loop_VITIS_LOOP_149_1_1_curr_localImage_RAM_AUTO_1R1W  |        0|  128|  32|    0|    31|   32|     1|          992|
    |curr_localImage_6_U       |dataflow_in_loop_VITIS_LOOP_149_1_1_curr_localImage_RAM_AUTO_1R1W  |        0|  128|  32|    0|    31|   32|     1|          992|
    |curr_localImage_5_U       |dataflow_in_loop_VITIS_LOOP_149_1_1_curr_localImage_RAM_AUTO_1R1W  |        0|  128|  32|    0|    31|   32|     1|          992|
    |curr_localImage_4_U       |dataflow_in_loop_VITIS_LOOP_149_1_1_curr_localImage_RAM_AUTO_1R1W  |        0|  128|  32|    0|    31|   32|     1|          992|
    |curr_localImage_3_U       |dataflow_in_loop_VITIS_LOOP_149_1_1_curr_localImage_RAM_AUTO_1R1W  |        0|  128|  32|    0|    31|   32|     1|          992|
    |curr_localImage_2_U       |dataflow_in_loop_VITIS_LOOP_149_1_1_curr_localImage_RAM_AUTO_1R1W  |        0|  128|  32|    0|    31|   32|     1|          992|
    |curr_localImage_1_U       |dataflow_in_loop_VITIS_LOOP_149_1_1_curr_localImage_RAM_AUTO_1R1W  |        0|  128|  32|    0|    31|   32|     1|          992|
    |curr_localImage_16_U      |dataflow_in_loop_VITIS_LOOP_149_1_1_curr_localImage_RAM_AUTO_1R1W  |        0|  128|  32|    0|    31|   32|     1|          992|
    |curr_fullImage_U          |dataflow_in_loop_VITIS_LOOP_149_1_1_curr_localImage_RAM_AUTO_1R1W  |        0|  128|  32|    0|    31|   32|     1|          992|
    |curr_fullImage_1_113_U    |dataflow_in_loop_VITIS_LOOP_149_1_1_curr_localImage_RAM_AUTO_1R1W  |        0|  128|  32|    0|    31|   32|     1|          992|
    |curr_fullImage_2_114_U    |dataflow_in_loop_VITIS_LOOP_149_1_1_curr_localImage_RAM_AUTO_1R1W  |        0|  128|  32|    0|    31|   32|     1|          992|
    |curr_fullImage_3_115_U    |dataflow_in_loop_VITIS_LOOP_149_1_1_curr_localImage_RAM_AUTO_1R1W  |        0|  128|  32|    0|    31|   32|     1|          992|
    |curr_fullImage_4_116_U    |dataflow_in_loop_VITIS_LOOP_149_1_1_curr_localImage_RAM_AUTO_1R1W  |        0|  128|  32|    0|    31|   32|     1|          992|
    |curr_fullImage_5_117_U    |dataflow_in_loop_VITIS_LOOP_149_1_1_curr_localImage_RAM_AUTO_1R1W  |        0|  128|  32|    0|    31|   32|     1|          992|
    |curr_fullImage_6_118_U    |dataflow_in_loop_VITIS_LOOP_149_1_1_curr_localImage_RAM_AUTO_1R1W  |        0|  128|  32|    0|    31|   32|     1|          992|
    |curr_fullImage_7_119_U    |dataflow_in_loop_VITIS_LOOP_149_1_1_curr_localImage_RAM_AUTO_1R1W  |        0|  128|  32|    0|    31|   32|     1|          992|
    |curr_fullImage_8_120_U    |dataflow_in_loop_VITIS_LOOP_149_1_1_curr_localImage_RAM_AUTO_1R1W  |        0|  128|  32|    0|    31|   32|     1|          992|
    |curr_fullImage_9_121_U    |dataflow_in_loop_VITIS_LOOP_149_1_1_curr_localImage_RAM_AUTO_1R1W  |        0|  128|  32|    0|    31|   32|     1|          992|
    |curr_fullImage_10_122_U   |dataflow_in_loop_VITIS_LOOP_149_1_1_curr_localImage_RAM_AUTO_1R1W  |        0|  128|  32|    0|    31|   32|     1|          992|
    |curr_fullImage_11_123_U   |dataflow_in_loop_VITIS_LOOP_149_1_1_curr_localImage_RAM_AUTO_1R1W  |        0|  128|  32|    0|    31|   32|     1|          992|
    |curr_fullImage_12_124_U   |dataflow_in_loop_VITIS_LOOP_149_1_1_curr_localImage_RAM_AUTO_1R1W  |        0|  128|  32|    0|    31|   32|     1|          992|
    |curr_fullImage_13_125_U   |dataflow_in_loop_VITIS_LOOP_149_1_1_curr_localImage_RAM_AUTO_1R1W  |        0|  128|  32|    0|    31|   32|     1|          992|
    |curr_fullImage_14_126_U   |dataflow_in_loop_VITIS_LOOP_149_1_1_curr_localImage_RAM_AUTO_1R1W  |        0|  128|  32|    0|    31|   32|     1|          992|
    |curr_fullImage_15_U       |dataflow_in_loop_VITIS_LOOP_149_1_1_curr_localImage_RAM_AUTO_1R1W  |        0|  128|  32|    0|    31|   32|     1|          992|
    |curr_fullImage_14_U       |dataflow_in_loop_VITIS_LOOP_149_1_1_curr_localImage_RAM_AUTO_1R1W  |        0|  128|  32|    0|    31|   32|     1|          992|
    |curr_fullImage_13_U       |dataflow_in_loop_VITIS_LOOP_149_1_1_curr_localImage_RAM_AUTO_1R1W  |        0|  128|  32|    0|    31|   32|     1|          992|
    |curr_fullImage_12_U       |dataflow_in_loop_VITIS_LOOP_149_1_1_curr_localImage_RAM_AUTO_1R1W  |        0|  128|  32|    0|    31|   32|     1|          992|
    |curr_fullImage_11_U       |dataflow_in_loop_VITIS_LOOP_149_1_1_curr_localImage_RAM_AUTO_1R1W  |        0|  128|  32|    0|    31|   32|     1|          992|
    |curr_fullImage_10_U       |dataflow_in_loop_VITIS_LOOP_149_1_1_curr_localImage_RAM_AUTO_1R1W  |        0|  128|  32|    0|    31|   32|     1|          992|
    |curr_fullImage_9_U        |dataflow_in_loop_VITIS_LOOP_149_1_1_curr_localImage_RAM_AUTO_1R1W  |        0|  128|  32|    0|    31|   32|     1|          992|
    |curr_fullImage_8_U        |dataflow_in_loop_VITIS_LOOP_149_1_1_curr_localImage_RAM_AUTO_1R1W  |        0|  128|  32|    0|    31|   32|     1|          992|
    |curr_fullImage_7_U        |dataflow_in_loop_VITIS_LOOP_149_1_1_curr_localImage_RAM_AUTO_1R1W  |        0|  128|  32|    0|    31|   32|     1|          992|
    |curr_fullImage_6_U        |dataflow_in_loop_VITIS_LOOP_149_1_1_curr_localImage_RAM_AUTO_1R1W  |        0|  128|  32|    0|    31|   32|     1|          992|
    |curr_fullImage_5_U        |dataflow_in_loop_VITIS_LOOP_149_1_1_curr_localImage_RAM_AUTO_1R1W  |        0|  128|  32|    0|    31|   32|     1|          992|
    |curr_fullImage_4_U        |dataflow_in_loop_VITIS_LOOP_149_1_1_curr_localImage_RAM_AUTO_1R1W  |        0|  128|  32|    0|    31|   32|     1|          992|
    |curr_fullImage_3_U        |dataflow_in_loop_VITIS_LOOP_149_1_1_curr_localImage_RAM_AUTO_1R1W  |        0|  128|  32|    0|    31|   32|     1|          992|
    |curr_fullImage_2_U        |dataflow_in_loop_VITIS_LOOP_149_1_1_curr_localImage_RAM_AUTO_1R1W  |        0|  128|  32|    0|    31|   32|     1|          992|
    |curr_fullImage_1_U        |dataflow_in_loop_VITIS_LOOP_149_1_1_curr_localImage_RAM_AUTO_1R1W  |        0|  128|  32|    0|    31|   32|     1|          992|
    |curr_fullImage_16_U       |dataflow_in_loop_VITIS_LOOP_149_1_1_curr_localImage_RAM_AUTO_1R1W  |        0|  128|  32|    0|    31|   32|     1|          992|
    +--------------------------+-------------------------------------------------------------------+---------+-----+----+-----+------+-----+------+-------------+
    |Total                     |                                                                   |        0| 7936|1984|    0|  1922| 1984|    62|        61504|
    +--------------------------+-------------------------------------------------------------------+---------+-----+----+-----+------+-----+------+-------------+

    * FIFO: 
    +-------------------+---------+----+----+-----+------+-----+---------+
    |        Name       | BRAM_18K| FF | LUT| URAM| Depth| Bits| Size:D*B|
    +-------------------+---------+----+----+-----+------+-----+---------+
    |call_ret_U         |        0|  99|   0|    -|     4|   64|      256|
    |curr_imageProjs_U  |        0|  99|   0|    -|     3|   32|       96|
    |localImages_U      |        0|  99|   0|    -|     4|  256|     1024|
    |projSumUsed_U      |        0|  99|   0|    -|     2|   32|       64|
    |sum_U              |        0|  99|   0|    -|     2|   32|       64|
    +-------------------+---------+----+----+-----+------+-----+---------+
    |Total              |        0| 495|   0|    0|    15|  416|     1504|
    +-------------------+---------+----+----+-----+------+-----+---------+

    * Expression: 
    +--------------------------------------------------------------------------------+----------+----+---+----+------------+------------+
    |                                  Variable Name                                 | Operation| DSP| FF| LUT| Bitwidth P0| Bitwidth P1|
    +--------------------------------------------------------------------------------+----------+----+---+----+------------+------------+
    |Image_extract_U0_ap_continue                                                    |       and|   0|  0|   2|           1|           1|
    |Image_extract_U0_ap_start                                                       |       and|   0|  0|   2|           1|           1|
    |ap_channel_done_curr_imageProjs                                                 |       and|   0|  0|   2|           1|           1|
    |ap_channel_done_curr_localImage                                                 |       and|   0|  0|   2|           1|           1|
    |ap_channel_done_sum                                                             |       and|   0|  0|   2|           1|           1|
    |ap_idle                                                                         |       and|   0|  0|   2|           1|           1|
    |ap_sync_ready                                                                   |       and|   0|  0|   2|           1|           1|
    |dataflow_in_loop_VITIS_LOOP_149_1_1_Block_newFuncRoot_proc_U0_ap_start          |       and|   0|  0|   2|           1|           1|
    |getLocalImages_single_U0_ap_start                                               |       and|   0|  0|   2|           1|           1|
    |post_process_U0_ap_start                                                        |       and|   0|  0|   2|           1|           1|
    |ap_sync_Image_extract_U0_ap_ready                                               |        or|   0|  0|   2|           1|           1|
    |ap_sync_channel_write_curr_imageProjs                                           |        or|   0|  0|   2|           1|           1|
    |ap_sync_channel_write_curr_localImage                                           |        or|   0|  0|   2|           1|           1|
    |ap_sync_channel_write_sum                                                       |        or|   0|  0|   2|           1|           1|
    |ap_sync_dataflow_in_loop_VITIS_LOOP_149_1_1_Block_newFuncRoot_proc_U0_ap_ready  |        or|   0|  0|   2|           1|           1|
    |ap_sync_getLocalImages_single_U0_ap_ready                                       |        or|   0|  0|   2|           1|           1|
    +--------------------------------------------------------------------------------+----------+----+---+----+------------+------------+
    |Total                                                                           |          |   0|  0|  32|          16|          16|
    +--------------------------------------------------------------------------------+----------+----+---+----+------------+------------+

    * Multiplexer: 
    +------------------------------------------------------------------------------------+----+-----------+-----+-----------+
    |                                        Name                                        | LUT| Input Size| Bits| Total Bits|
    +------------------------------------------------------------------------------------+----+-----------+-----+-----------+
    |ap_sync_reg_Image_extract_U0_ap_ready                                               |   9|          2|    1|          2|
    |ap_sync_reg_channel_write_curr_imageProjs                                           |   9|          2|    1|          2|
    |ap_sync_reg_channel_write_curr_localImage                                           |   9|          2|    1|          2|
    |ap_sync_reg_channel_write_sum                                                       |   9|          2|    1|          2|
    |ap_sync_reg_dataflow_in_loop_VITIS_LOOP_149_1_1_Block_newFuncRoot_proc_U0_ap_ready  |   9|          2|    1|          2|
    |ap_sync_reg_getLocalImages_single_U0_ap_ready                                       |   9|          2|    1|          2|
    +------------------------------------------------------------------------------------+----+-----------+-----+-----------+
    |Total                                                                               |  54|         12|    6|         12|
    +------------------------------------------------------------------------------------+----+-----------+-----+-----------+

    * Register: 
    +------------------------------------------------------------------------------------+---+----+-----+-----------+
    |                                        Name                                        | FF| LUT| Bits| Const Bits|
    +------------------------------------------------------------------------------------+---+----+-----+-----------+
    |ap_sync_reg_Image_extract_U0_ap_ready                                               |  1|   0|    1|          0|
    |ap_sync_reg_channel_write_curr_imageProjs                                           |  1|   0|    1|          0|
    |ap_sync_reg_channel_write_curr_localImage                                           |  1|   0|    1|          0|
    |ap_sync_reg_channel_write_sum                                                       |  1|   0|    1|          0|
    |ap_sync_reg_dataflow_in_loop_VITIS_LOOP_149_1_1_Block_newFuncRoot_proc_U0_ap_ready  |  1|   0|    1|          0|
    |ap_sync_reg_getLocalImages_single_U0_ap_ready                                       |  1|   0|    1|          0|
    +------------------------------------------------------------------------------------+---+----+-----+-----------+
    |Total                                                                               |  6|   0|    6|          0|
    +------------------------------------------------------------------------------------+---+----+-----+-----------+



================================================================
== Interface
================================================================
* Summary: 
+-----------------------------------+-----+-----+------------+-------------------------------------+--------------+
|             RTL Ports             | Dir | Bits|  Protocol  |            Source Object            |    C Type    |
+-----------------------------------+-----+-----+------------+-------------------------------------+--------------+
|ap_clk                             |   in|    1|  ap_ctrl_hs|  dataflow_in_loop_VITIS_LOOP_149_1.1|  return value|
|ap_rst                             |   in|    1|  ap_ctrl_hs|  dataflow_in_loop_VITIS_LOOP_149_1.1|  return value|
|ap_start                           |   in|    1|  ap_ctrl_hs|  dataflow_in_loop_VITIS_LOOP_149_1.1|  return value|
|ap_done                            |  out|    1|  ap_ctrl_hs|  dataflow_in_loop_VITIS_LOOP_149_1.1|  return value|
|ap_ready                           |  out|    1|  ap_ctrl_hs|  dataflow_in_loop_VITIS_LOOP_149_1.1|  return value|
|ap_idle                            |  out|    1|  ap_ctrl_hs|  dataflow_in_loop_VITIS_LOOP_149_1.1|  return value|
|ap_continue                        |   in|    1|  ap_ctrl_hs|  dataflow_in_loop_VITIS_LOOP_149_1.1|  return value|
|conv                               |   in|   16|     ap_none|                                 conv|        scalar|
|conv_ap_vld                        |   in|    1|     ap_none|                                 conv|        scalar|
|psfSupersample                     |   in|   32|     ap_none|                       psfSupersample|        scalar|
|psfSupersample_ap_vld              |   in|    1|     ap_none|                       psfSupersample|        scalar|
|projShape0                         |   in|   32|     ap_none|                           projShape0|        scalar|
|projShape0_ap_vld                  |   in|    1|     ap_none|                           projShape0|        scalar|
|projShape1                         |   in|   32|     ap_none|                           projShape1|        scalar|
|projShape1_ap_vld                  |   in|    1|     ap_none|                           projShape1|        scalar|
|m_axi_atomLocations_0_AWVALID      |  out|    1|       m_axi|                        atomLocations|       pointer|
|m_axi_atomLocations_0_AWREADY      |   in|    1|       m_axi|                        atomLocations|       pointer|
|m_axi_atomLocations_0_AWADDR       |  out|   64|       m_axi|                        atomLocations|       pointer|
|m_axi_atomLocations_0_AWID         |  out|    1|       m_axi|                        atomLocations|       pointer|
|m_axi_atomLocations_0_AWLEN        |  out|   32|       m_axi|                        atomLocations|       pointer|
|m_axi_atomLocations_0_AWSIZE       |  out|    3|       m_axi|                        atomLocations|       pointer|
|m_axi_atomLocations_0_AWBURST      |  out|    2|       m_axi|                        atomLocations|       pointer|
|m_axi_atomLocations_0_AWLOCK       |  out|    2|       m_axi|                        atomLocations|       pointer|
|m_axi_atomLocations_0_AWCACHE      |  out|    4|       m_axi|                        atomLocations|       pointer|
|m_axi_atomLocations_0_AWPROT       |  out|    3|       m_axi|                        atomLocations|       pointer|
|m_axi_atomLocations_0_AWQOS        |  out|    4|       m_axi|                        atomLocations|       pointer|
|m_axi_atomLocations_0_AWREGION     |  out|    4|       m_axi|                        atomLocations|       pointer|
|m_axi_atomLocations_0_AWUSER       |  out|    1|       m_axi|                        atomLocations|       pointer|
|m_axi_atomLocations_0_WVALID       |  out|    1|       m_axi|                        atomLocations|       pointer|
|m_axi_atomLocations_0_WREADY       |   in|    1|       m_axi|                        atomLocations|       pointer|
|m_axi_atomLocations_0_WDATA        |  out|   64|       m_axi|                        atomLocations|       pointer|
|m_axi_atomLocations_0_WSTRB        |  out|    8|       m_axi|                        atomLocations|       pointer|
|m_axi_atomLocations_0_WLAST        |  out|    1|       m_axi|                        atomLocations|       pointer|
|m_axi_atomLocations_0_WID          |  out|    1|       m_axi|                        atomLocations|       pointer|
|m_axi_atomLocations_0_WUSER        |  out|    1|       m_axi|                        atomLocations|       pointer|
|m_axi_atomLocations_0_ARVALID      |  out|    1|       m_axi|                        atomLocations|       pointer|
|m_axi_atomLocations_0_ARREADY      |   in|    1|       m_axi|                        atomLocations|       pointer|
|m_axi_atomLocations_0_ARADDR       |  out|   64|       m_axi|                        atomLocations|       pointer|
|m_axi_atomLocations_0_ARID         |  out|    1|       m_axi|                        atomLocations|       pointer|
|m_axi_atomLocations_0_ARLEN        |  out|   32|       m_axi|                        atomLocations|       pointer|
|m_axi_atomLocations_0_ARSIZE       |  out|    3|       m_axi|                        atomLocations|       pointer|
|m_axi_atomLocations_0_ARBURST      |  out|    2|       m_axi|                        atomLocations|       pointer|
|m_axi_atomLocations_0_ARLOCK       |  out|    2|       m_axi|                        atomLocations|       pointer|
|m_axi_atomLocations_0_ARCACHE      |  out|    4|       m_axi|                        atomLocations|       pointer|
|m_axi_atomLocations_0_ARPROT       |  out|    3|       m_axi|                        atomLocations|       pointer|
|m_axi_atomLocations_0_ARQOS        |  out|    4|       m_axi|                        atomLocations|       pointer|
|m_axi_atomLocations_0_ARREGION     |  out|    4|       m_axi|                        atomLocations|       pointer|
|m_axi_atomLocations_0_ARUSER       |  out|    1|       m_axi|                        atomLocations|       pointer|
|m_axi_atomLocations_0_RVALID       |   in|    1|       m_axi|                        atomLocations|       pointer|
|m_axi_atomLocations_0_RREADY       |  out|    1|       m_axi|                        atomLocations|       pointer|
|m_axi_atomLocations_0_RDATA        |   in|   64|       m_axi|                        atomLocations|       pointer|
|m_axi_atomLocations_0_RLAST        |   in|    1|       m_axi|                        atomLocations|       pointer|
|m_axi_atomLocations_0_RID          |   in|    1|       m_axi|                        atomLocations|       pointer|
|m_axi_atomLocations_0_RFIFONUM     |   in|    9|       m_axi|                        atomLocations|       pointer|
|m_axi_atomLocations_0_RUSER        |   in|    1|       m_axi|                        atomLocations|       pointer|
|m_axi_atomLocations_0_RRESP        |   in|    2|       m_axi|                        atomLocations|       pointer|
|m_axi_atomLocations_0_BVALID       |   in|    1|       m_axi|                        atomLocations|       pointer|
|m_axi_atomLocations_0_BREADY       |  out|    1|       m_axi|                        atomLocations|       pointer|
|m_axi_atomLocations_0_BRESP        |   in|    2|       m_axi|                        atomLocations|       pointer|
|m_axi_atomLocations_0_BID          |   in|    1|       m_axi|                        atomLocations|       pointer|
|m_axi_atomLocations_0_BUSER        |   in|    1|       m_axi|                        atomLocations|       pointer|
|atomLocations1                     |   in|   64|     ap_none|                       atomLocations1|        scalar|
|atomLocations1_ap_vld              |   in|    1|     ap_none|                       atomLocations1|        scalar|
|m_axi_imageProjs_0_AWVALID         |  out|    1|       m_axi|                           imageProjs|       pointer|
|m_axi_imageProjs_0_AWREADY         |   in|    1|       m_axi|                           imageProjs|       pointer|
|m_axi_imageProjs_0_AWADDR          |  out|   64|       m_axi|                           imageProjs|       pointer|
|m_axi_imageProjs_0_AWID            |  out|    1|       m_axi|                           imageProjs|       pointer|
|m_axi_imageProjs_0_AWLEN           |  out|   32|       m_axi|                           imageProjs|       pointer|
|m_axi_imageProjs_0_AWSIZE          |  out|    3|       m_axi|                           imageProjs|       pointer|
|m_axi_imageProjs_0_AWBURST         |  out|    2|       m_axi|                           imageProjs|       pointer|
|m_axi_imageProjs_0_AWLOCK          |  out|    2|       m_axi|                           imageProjs|       pointer|
|m_axi_imageProjs_0_AWCACHE         |  out|    4|       m_axi|                           imageProjs|       pointer|
|m_axi_imageProjs_0_AWPROT          |  out|    3|       m_axi|                           imageProjs|       pointer|
|m_axi_imageProjs_0_AWQOS           |  out|    4|       m_axi|                           imageProjs|       pointer|
|m_axi_imageProjs_0_AWREGION        |  out|    4|       m_axi|                           imageProjs|       pointer|
|m_axi_imageProjs_0_AWUSER          |  out|    1|       m_axi|                           imageProjs|       pointer|
|m_axi_imageProjs_0_WVALID          |  out|    1|       m_axi|                           imageProjs|       pointer|
|m_axi_imageProjs_0_WREADY          |   in|    1|       m_axi|                           imageProjs|       pointer|
|m_axi_imageProjs_0_WDATA           |  out|   32|       m_axi|                           imageProjs|       pointer|
|m_axi_imageProjs_0_WSTRB           |  out|    4|       m_axi|                           imageProjs|       pointer|
|m_axi_imageProjs_0_WLAST           |  out|    1|       m_axi|                           imageProjs|       pointer|
|m_axi_imageProjs_0_WID             |  out|    1|       m_axi|                           imageProjs|       pointer|
|m_axi_imageProjs_0_WUSER           |  out|    1|       m_axi|                           imageProjs|       pointer|
|m_axi_imageProjs_0_ARVALID         |  out|    1|       m_axi|                           imageProjs|       pointer|
|m_axi_imageProjs_0_ARREADY         |   in|    1|       m_axi|                           imageProjs|       pointer|
|m_axi_imageProjs_0_ARADDR          |  out|   64|       m_axi|                           imageProjs|       pointer|
|m_axi_imageProjs_0_ARID            |  out|    1|       m_axi|                           imageProjs|       pointer|
|m_axi_imageProjs_0_ARLEN           |  out|   32|       m_axi|                           imageProjs|       pointer|
|m_axi_imageProjs_0_ARSIZE          |  out|    3|       m_axi|                           imageProjs|       pointer|
|m_axi_imageProjs_0_ARBURST         |  out|    2|       m_axi|                           imageProjs|       pointer|
|m_axi_imageProjs_0_ARLOCK          |  out|    2|       m_axi|                           imageProjs|       pointer|
|m_axi_imageProjs_0_ARCACHE         |  out|    4|       m_axi|                           imageProjs|       pointer|
|m_axi_imageProjs_0_ARPROT          |  out|    3|       m_axi|                           imageProjs|       pointer|
|m_axi_imageProjs_0_ARQOS           |  out|    4|       m_axi|                           imageProjs|       pointer|
|m_axi_imageProjs_0_ARREGION        |  out|    4|       m_axi|                           imageProjs|       pointer|
|m_axi_imageProjs_0_ARUSER          |  out|    1|       m_axi|                           imageProjs|       pointer|
|m_axi_imageProjs_0_RVALID          |   in|    1|       m_axi|                           imageProjs|       pointer|
|m_axi_imageProjs_0_RREADY          |  out|    1|       m_axi|                           imageProjs|       pointer|
|m_axi_imageProjs_0_RDATA           |   in|   32|       m_axi|                           imageProjs|       pointer|
|m_axi_imageProjs_0_RLAST           |   in|    1|       m_axi|                           imageProjs|       pointer|
|m_axi_imageProjs_0_RID             |   in|    1|       m_axi|                           imageProjs|       pointer|
|m_axi_imageProjs_0_RFIFONUM        |   in|    9|       m_axi|                           imageProjs|       pointer|
|m_axi_imageProjs_0_RUSER           |   in|    1|       m_axi|                           imageProjs|       pointer|
|m_axi_imageProjs_0_RRESP           |   in|    2|       m_axi|                           imageProjs|       pointer|
|m_axi_imageProjs_0_BVALID          |   in|    1|       m_axi|                           imageProjs|       pointer|
|m_axi_imageProjs_0_BREADY          |  out|    1|       m_axi|                           imageProjs|       pointer|
|m_axi_imageProjs_0_BRESP           |   in|    2|       m_axi|                           imageProjs|       pointer|
|m_axi_imageProjs_0_BID             |   in|    1|       m_axi|                           imageProjs|       pointer|
|m_axi_imageProjs_0_BUSER           |   in|    1|       m_axi|                           imageProjs|       pointer|
|empty                              |   in|   64|     ap_none|                                empty|        scalar|
|empty_ap_vld                       |   in|    1|     ap_none|                                empty|        scalar|
|m_axi_fullImage_0_AWVALID          |  out|    1|       m_axi|                            fullImage|       pointer|
|m_axi_fullImage_0_AWREADY          |   in|    1|       m_axi|                            fullImage|       pointer|
|m_axi_fullImage_0_AWADDR           |  out|   64|       m_axi|                            fullImage|       pointer|
|m_axi_fullImage_0_AWID             |  out|    1|       m_axi|                            fullImage|       pointer|
|m_axi_fullImage_0_AWLEN            |  out|   32|       m_axi|                            fullImage|       pointer|
|m_axi_fullImage_0_AWSIZE           |  out|    3|       m_axi|                            fullImage|       pointer|
|m_axi_fullImage_0_AWBURST          |  out|    2|       m_axi|                            fullImage|       pointer|
|m_axi_fullImage_0_AWLOCK           |  out|    2|       m_axi|                            fullImage|       pointer|
|m_axi_fullImage_0_AWCACHE          |  out|    4|       m_axi|                            fullImage|       pointer|
|m_axi_fullImage_0_AWPROT           |  out|    3|       m_axi|                            fullImage|       pointer|
|m_axi_fullImage_0_AWQOS            |  out|    4|       m_axi|                            fullImage|       pointer|
|m_axi_fullImage_0_AWREGION         |  out|    4|       m_axi|                            fullImage|       pointer|
|m_axi_fullImage_0_AWUSER           |  out|    1|       m_axi|                            fullImage|       pointer|
|m_axi_fullImage_0_WVALID           |  out|    1|       m_axi|                            fullImage|       pointer|
|m_axi_fullImage_0_WREADY           |   in|    1|       m_axi|                            fullImage|       pointer|
|m_axi_fullImage_0_WDATA            |  out|   32|       m_axi|                            fullImage|       pointer|
|m_axi_fullImage_0_WSTRB            |  out|    4|       m_axi|                            fullImage|       pointer|
|m_axi_fullImage_0_WLAST            |  out|    1|       m_axi|                            fullImage|       pointer|
|m_axi_fullImage_0_WID              |  out|    1|       m_axi|                            fullImage|       pointer|
|m_axi_fullImage_0_WUSER            |  out|    1|       m_axi|                            fullImage|       pointer|
|m_axi_fullImage_0_ARVALID          |  out|    1|       m_axi|                            fullImage|       pointer|
|m_axi_fullImage_0_ARREADY          |   in|    1|       m_axi|                            fullImage|       pointer|
|m_axi_fullImage_0_ARADDR           |  out|   64|       m_axi|                            fullImage|       pointer|
|m_axi_fullImage_0_ARID             |  out|    1|       m_axi|                            fullImage|       pointer|
|m_axi_fullImage_0_ARLEN            |  out|   32|       m_axi|                            fullImage|       pointer|
|m_axi_fullImage_0_ARSIZE           |  out|    3|       m_axi|                            fullImage|       pointer|
|m_axi_fullImage_0_ARBURST          |  out|    2|       m_axi|                            fullImage|       pointer|
|m_axi_fullImage_0_ARLOCK           |  out|    2|       m_axi|                            fullImage|       pointer|
|m_axi_fullImage_0_ARCACHE          |  out|    4|       m_axi|                            fullImage|       pointer|
|m_axi_fullImage_0_ARPROT           |  out|    3|       m_axi|                            fullImage|       pointer|
|m_axi_fullImage_0_ARQOS            |  out|    4|       m_axi|                            fullImage|       pointer|
|m_axi_fullImage_0_ARREGION         |  out|    4|       m_axi|                            fullImage|       pointer|
|m_axi_fullImage_0_ARUSER           |  out|    1|       m_axi|                            fullImage|       pointer|
|m_axi_fullImage_0_RVALID           |   in|    1|       m_axi|                            fullImage|       pointer|
|m_axi_fullImage_0_RREADY           |  out|    1|       m_axi|                            fullImage|       pointer|
|m_axi_fullImage_0_RDATA            |   in|   32|       m_axi|                            fullImage|       pointer|
|m_axi_fullImage_0_RLAST            |   in|    1|       m_axi|                            fullImage|       pointer|
|m_axi_fullImage_0_RID              |   in|    1|       m_axi|                            fullImage|       pointer|
|m_axi_fullImage_0_RFIFONUM         |   in|    9|       m_axi|                            fullImage|       pointer|
|m_axi_fullImage_0_RUSER            |   in|    1|       m_axi|                            fullImage|       pointer|
|m_axi_fullImage_0_RRESP            |   in|    2|       m_axi|                            fullImage|       pointer|
|m_axi_fullImage_0_BVALID           |   in|    1|       m_axi|                            fullImage|       pointer|
|m_axi_fullImage_0_BREADY           |  out|    1|       m_axi|                            fullImage|       pointer|
|m_axi_fullImage_0_BRESP            |   in|    2|       m_axi|                            fullImage|       pointer|
|m_axi_fullImage_0_BID              |   in|    1|       m_axi|                            fullImage|       pointer|
|m_axi_fullImage_0_BUSER            |   in|    1|       m_axi|                            fullImage|       pointer|
|fullImage2                         |   in|   64|     ap_none|                           fullImage2|        scalar|
|fullImage2_ap_vld                  |   in|    1|     ap_none|                           fullImage2|        scalar|
|m_axi_imageProjs_local_0_AWVALID   |  out|    1|       m_axi|                     imageProjs_local|       pointer|
|m_axi_imageProjs_local_0_AWREADY   |   in|    1|       m_axi|                     imageProjs_local|       pointer|
|m_axi_imageProjs_local_0_AWADDR    |  out|   64|       m_axi|                     imageProjs_local|       pointer|
|m_axi_imageProjs_local_0_AWID      |  out|    1|       m_axi|                     imageProjs_local|       pointer|
|m_axi_imageProjs_local_0_AWLEN     |  out|   32|       m_axi|                     imageProjs_local|       pointer|
|m_axi_imageProjs_local_0_AWSIZE    |  out|    3|       m_axi|                     imageProjs_local|       pointer|
|m_axi_imageProjs_local_0_AWBURST   |  out|    2|       m_axi|                     imageProjs_local|       pointer|
|m_axi_imageProjs_local_0_AWLOCK    |  out|    2|       m_axi|                     imageProjs_local|       pointer|
|m_axi_imageProjs_local_0_AWCACHE   |  out|    4|       m_axi|                     imageProjs_local|       pointer|
|m_axi_imageProjs_local_0_AWPROT    |  out|    3|       m_axi|                     imageProjs_local|       pointer|
|m_axi_imageProjs_local_0_AWQOS     |  out|    4|       m_axi|                     imageProjs_local|       pointer|
|m_axi_imageProjs_local_0_AWREGION  |  out|    4|       m_axi|                     imageProjs_local|       pointer|
|m_axi_imageProjs_local_0_AWUSER    |  out|    1|       m_axi|                     imageProjs_local|       pointer|
|m_axi_imageProjs_local_0_WVALID    |  out|    1|       m_axi|                     imageProjs_local|       pointer|
|m_axi_imageProjs_local_0_WREADY    |   in|    1|       m_axi|                     imageProjs_local|       pointer|
|m_axi_imageProjs_local_0_WDATA     |  out|   32|       m_axi|                     imageProjs_local|       pointer|
|m_axi_imageProjs_local_0_WSTRB     |  out|    4|       m_axi|                     imageProjs_local|       pointer|
|m_axi_imageProjs_local_0_WLAST     |  out|    1|       m_axi|                     imageProjs_local|       pointer|
|m_axi_imageProjs_local_0_WID       |  out|    1|       m_axi|                     imageProjs_local|       pointer|
|m_axi_imageProjs_local_0_WUSER     |  out|    1|       m_axi|                     imageProjs_local|       pointer|
|m_axi_imageProjs_local_0_ARVALID   |  out|    1|       m_axi|                     imageProjs_local|       pointer|
|m_axi_imageProjs_local_0_ARREADY   |   in|    1|       m_axi|                     imageProjs_local|       pointer|
|m_axi_imageProjs_local_0_ARADDR    |  out|   64|       m_axi|                     imageProjs_local|       pointer|
|m_axi_imageProjs_local_0_ARID      |  out|    1|       m_axi|                     imageProjs_local|       pointer|
|m_axi_imageProjs_local_0_ARLEN     |  out|   32|       m_axi|                     imageProjs_local|       pointer|
|m_axi_imageProjs_local_0_ARSIZE    |  out|    3|       m_axi|                     imageProjs_local|       pointer|
|m_axi_imageProjs_local_0_ARBURST   |  out|    2|       m_axi|                     imageProjs_local|       pointer|
|m_axi_imageProjs_local_0_ARLOCK    |  out|    2|       m_axi|                     imageProjs_local|       pointer|
|m_axi_imageProjs_local_0_ARCACHE   |  out|    4|       m_axi|                     imageProjs_local|       pointer|
|m_axi_imageProjs_local_0_ARPROT    |  out|    3|       m_axi|                     imageProjs_local|       pointer|
|m_axi_imageProjs_local_0_ARQOS     |  out|    4|       m_axi|                     imageProjs_local|       pointer|
|m_axi_imageProjs_local_0_ARREGION  |  out|    4|       m_axi|                     imageProjs_local|       pointer|
|m_axi_imageProjs_local_0_ARUSER    |  out|    1|       m_axi|                     imageProjs_local|       pointer|
|m_axi_imageProjs_local_0_RVALID    |   in|    1|       m_axi|                     imageProjs_local|       pointer|
|m_axi_imageProjs_local_0_RREADY    |  out|    1|       m_axi|                     imageProjs_local|       pointer|
|m_axi_imageProjs_local_0_RDATA     |   in|   32|       m_axi|                     imageProjs_local|       pointer|
|m_axi_imageProjs_local_0_RLAST     |   in|    1|       m_axi|                     imageProjs_local|       pointer|
|m_axi_imageProjs_local_0_RID       |   in|    1|       m_axi|                     imageProjs_local|       pointer|
|m_axi_imageProjs_local_0_RFIFONUM  |   in|    9|       m_axi|                     imageProjs_local|       pointer|
|m_axi_imageProjs_local_0_RUSER     |   in|    1|       m_axi|                     imageProjs_local|       pointer|
|m_axi_imageProjs_local_0_RRESP     |   in|    2|       m_axi|                     imageProjs_local|       pointer|
|m_axi_imageProjs_local_0_BVALID    |   in|    1|       m_axi|                     imageProjs_local|       pointer|
|m_axi_imageProjs_local_0_BREADY    |  out|    1|       m_axi|                     imageProjs_local|       pointer|
|m_axi_imageProjs_local_0_BRESP     |   in|    2|       m_axi|                     imageProjs_local|       pointer|
|m_axi_imageProjs_local_0_BID       |   in|    1|       m_axi|                     imageProjs_local|       pointer|
|m_axi_imageProjs_local_0_BUSER     |   in|    1|       m_axi|                     imageProjs_local|       pointer|
|imageProjs_local3                  |   in|   64|     ap_none|                    imageProjs_local3|        scalar|
|imageProjs_local3_ap_vld           |   in|    1|     ap_none|                    imageProjs_local3|        scalar|
|idx_0                              |   in|   16|     ap_none|                                idx_0|        scalar|
|idx_0_ap_vld                       |   in|    1|     ap_none|                                idx_0|        scalar|
|m_axi_emissions_0_AWVALID          |  out|    1|       m_axi|                            emissions|       pointer|
|m_axi_emissions_0_AWREADY          |   in|    1|       m_axi|                            emissions|       pointer|
|m_axi_emissions_0_AWADDR           |  out|   64|       m_axi|                            emissions|       pointer|
|m_axi_emissions_0_AWID             |  out|    1|       m_axi|                            emissions|       pointer|
|m_axi_emissions_0_AWLEN            |  out|   32|       m_axi|                            emissions|       pointer|
|m_axi_emissions_0_AWSIZE           |  out|    3|       m_axi|                            emissions|       pointer|
|m_axi_emissions_0_AWBURST          |  out|    2|       m_axi|                            emissions|       pointer|
|m_axi_emissions_0_AWLOCK           |  out|    2|       m_axi|                            emissions|       pointer|
|m_axi_emissions_0_AWCACHE          |  out|    4|       m_axi|                            emissions|       pointer|
|m_axi_emissions_0_AWPROT           |  out|    3|       m_axi|                            emissions|       pointer|
|m_axi_emissions_0_AWQOS            |  out|    4|       m_axi|                            emissions|       pointer|
|m_axi_emissions_0_AWREGION         |  out|    4|       m_axi|                            emissions|       pointer|
|m_axi_emissions_0_AWUSER           |  out|    1|       m_axi|                            emissions|       pointer|
|m_axi_emissions_0_WVALID           |  out|    1|       m_axi|                            emissions|       pointer|
|m_axi_emissions_0_WREADY           |   in|    1|       m_axi|                            emissions|       pointer|
|m_axi_emissions_0_WDATA            |  out|   32|       m_axi|                            emissions|       pointer|
|m_axi_emissions_0_WSTRB            |  out|    4|       m_axi|                            emissions|       pointer|
|m_axi_emissions_0_WLAST            |  out|    1|       m_axi|                            emissions|       pointer|
|m_axi_emissions_0_WID              |  out|    1|       m_axi|                            emissions|       pointer|
|m_axi_emissions_0_WUSER            |  out|    1|       m_axi|                            emissions|       pointer|
|m_axi_emissions_0_ARVALID          |  out|    1|       m_axi|                            emissions|       pointer|
|m_axi_emissions_0_ARREADY          |   in|    1|       m_axi|                            emissions|       pointer|
|m_axi_emissions_0_ARADDR           |  out|   64|       m_axi|                            emissions|       pointer|
|m_axi_emissions_0_ARID             |  out|    1|       m_axi|                            emissions|       pointer|
|m_axi_emissions_0_ARLEN            |  out|   32|       m_axi|                            emissions|       pointer|
|m_axi_emissions_0_ARSIZE           |  out|    3|       m_axi|                            emissions|       pointer|
|m_axi_emissions_0_ARBURST          |  out|    2|       m_axi|                            emissions|       pointer|
|m_axi_emissions_0_ARLOCK           |  out|    2|       m_axi|                            emissions|       pointer|
|m_axi_emissions_0_ARCACHE          |  out|    4|       m_axi|                            emissions|       pointer|
|m_axi_emissions_0_ARPROT           |  out|    3|       m_axi|                            emissions|       pointer|
|m_axi_emissions_0_ARQOS            |  out|    4|       m_axi|                            emissions|       pointer|
|m_axi_emissions_0_ARREGION         |  out|    4|       m_axi|                            emissions|       pointer|
|m_axi_emissions_0_ARUSER           |  out|    1|       m_axi|                            emissions|       pointer|
|m_axi_emissions_0_RVALID           |   in|    1|       m_axi|                            emissions|       pointer|
|m_axi_emissions_0_RREADY           |  out|    1|       m_axi|                            emissions|       pointer|
|m_axi_emissions_0_RDATA            |   in|   32|       m_axi|                            emissions|       pointer|
|m_axi_emissions_0_RLAST            |   in|    1|       m_axi|                            emissions|       pointer|
|m_axi_emissions_0_RID              |   in|    1|       m_axi|                            emissions|       pointer|
|m_axi_emissions_0_RFIFONUM         |   in|    9|       m_axi|                            emissions|       pointer|
|m_axi_emissions_0_RUSER            |   in|    1|       m_axi|                            emissions|       pointer|
|m_axi_emissions_0_RRESP            |   in|    2|       m_axi|                            emissions|       pointer|
|m_axi_emissions_0_BVALID           |   in|    1|       m_axi|                            emissions|       pointer|
|m_axi_emissions_0_BREADY           |  out|    1|       m_axi|                            emissions|       pointer|
|m_axi_emissions_0_BRESP            |   in|    2|       m_axi|                            emissions|       pointer|
|m_axi_emissions_0_BID              |   in|    1|       m_axi|                            emissions|       pointer|
|m_axi_emissions_0_BUSER            |   in|    1|       m_axi|                            emissions|       pointer|
|emissions4                         |   in|   64|     ap_none|                           emissions4|        scalar|
|emissions4_ap_vld                  |   in|    1|     ap_none|                           emissions4|        scalar|
+-----------------------------------+-----+-----+------------+-------------------------------------+--------------+

============================================================
+ Verbose Summary: Synthesis Manager
============================================================
InlineROM: 1
ExposeGlobal: 0
============================================================
+ Verbose Summary: CDFG Model
============================================================
IsTopModel: 0
ResetActiveHigh: 1
IsCombinational: 2
IsDatapathOnly: 0
HasWiredReturn: 1
HasMFsm: 0
HasVarLatency: 1
IsPipeline: 0
IsRtlPipelined: 0
IsInstanceOverlapped: 0
IsDontTouch: 0
HasImplIP: 0
IsGatedGlobalClock: 0


============================================================
+ Verbose Summary: Schedule
============================================================
* Number of FSM states : 7
* Pipeline : 0
* Dataflow Pipeline: 1
  DF-Pipeline-0: Size = 7, States = { 1 2 3 4 5 6 7 }

* FSM state transitions: 
1 --> 2 
2 --> 3 
3 --> 4 
4 --> 5 
5 --> 6 
6 --> 7 
7 --> 

* FSM state operations: 

State 1 <SV = 0> <Delay = 1.96>
ST_1 : Operation 8 [1/1] (0.00ns)   --->   "%atomLocations1_read = read i64 @_ssdm_op_Read.ap_auto.i64, i64 %atomLocations1"   --->   Operation 8 'read' 'atomLocations1_read' <Predicate = true> <Delay = 0.00>
ST_1 : Operation 9 [1/1] (0.00ns)   --->   "%projShape1_read = read i32 @_ssdm_op_Read.ap_auto.i32, i32 %projShape1"   --->   Operation 9 'read' 'projShape1_read' <Predicate = true> <Delay = 0.00>
ST_1 : Operation 10 [1/1] (0.00ns)   --->   "%projShape0_read = read i32 @_ssdm_op_Read.ap_auto.i32, i32 %projShape0"   --->   Operation 10 'read' 'projShape0_read' <Predicate = true> <Delay = 0.00>
ST_1 : Operation 11 [1/1] (0.00ns)   --->   "%psfSupersample_read = read i32 @_ssdm_op_Read.ap_auto.i32, i32 %psfSupersample"   --->   Operation 11 'read' 'psfSupersample_read' <Predicate = true> <Delay = 0.00>
ST_1 : Operation 12 [1/1] (0.00ns)   --->   "%conv_read = read i16 @_ssdm_op_Read.ap_auto.i16, i16 %conv"   --->   Operation 12 'read' 'conv_read' <Predicate = true> <Delay = 0.00>
ST_1 : Operation 13 [1/1] (0.00ns)   --->   "%localImages = alloca i64 1"   --->   Operation 13 'alloca' 'localImages' <Predicate = true> <Delay = 0.00> <CoreInst = "FIFO_SRL">   --->   Core 80 'FIFO_SRL' <Latency = 0> <II = 1> <Delay = 1.83> <Storage> <Opcode : 'read' 'write' 'nbread' 'nbwrite'> <Ports = 0> <Width = 256> <Depth = 4> <FIFO>
ST_1 : Operation 14 [1/1] (0.67ns)   --->   "%curr_localImage = alloca i64 1" [../image_analysis.cpp:154]   --->   Operation 14 'alloca' 'curr_localImage' <Predicate = true> <Delay = 0.67>
ST_1 : Operation 15 [1/1] (0.67ns)   --->   "%curr_localImage_1_99 = alloca i64 1" [../image_analysis.cpp:154]   --->   Operation 15 'alloca' 'curr_localImage_1_99' <Predicate = true> <Delay = 0.67>
ST_1 : Operation 16 [1/1] (0.67ns)   --->   "%curr_localImage_2_100 = alloca i64 1" [../image_analysis.cpp:154]   --->   Operation 16 'alloca' 'curr_localImage_2_100' <Predicate = true> <Delay = 0.67>
ST_1 : Operation 17 [1/1] (0.67ns)   --->   "%curr_localImage_3_101 = alloca i64 1" [../image_analysis.cpp:154]   --->   Operation 17 'alloca' 'curr_localImage_3_101' <Predicate = true> <Delay = 0.67>
ST_1 : Operation 18 [1/1] (0.67ns)   --->   "%curr_localImage_4_102 = alloca i64 1" [../image_analysis.cpp:154]   --->   Operation 18 'alloca' 'curr_localImage_4_102' <Predicate = true> <Delay = 0.67>
ST_1 : Operation 19 [1/1] (0.67ns)   --->   "%curr_localImage_5_103 = alloca i64 1" [../image_analysis.cpp:154]   --->   Operation 19 'alloca' 'curr_localImage_5_103' <Predicate = true> <Delay = 0.67>
ST_1 : Operation 20 [1/1] (0.67ns)   --->   "%curr_localImage_6_104 = alloca i64 1" [../image_analysis.cpp:154]   --->   Operation 20 'alloca' 'curr_localImage_6_104' <Predicate = true> <Delay = 0.67>
ST_1 : Operation 21 [1/1] (0.67ns)   --->   "%curr_localImage_7_105 = alloca i64 1" [../image_analysis.cpp:154]   --->   Operation 21 'alloca' 'curr_localImage_7_105' <Predicate = true> <Delay = 0.67>
ST_1 : Operation 22 [1/1] (0.67ns)   --->   "%curr_localImage_8_106 = alloca i64 1" [../image_analysis.cpp:154]   --->   Operation 22 'alloca' 'curr_localImage_8_106' <Predicate = true> <Delay = 0.67>
ST_1 : Operation 23 [1/1] (0.67ns)   --->   "%curr_localImage_9_107 = alloca i64 1" [../image_analysis.cpp:154]   --->   Operation 23 'alloca' 'curr_localImage_9_107' <Predicate = true> <Delay = 0.67>
ST_1 : Operation 24 [1/1] (0.67ns)   --->   "%curr_localImage_10_108 = alloca i64 1" [../image_analysis.cpp:154]   --->   Operation 24 'alloca' 'curr_localImage_10_108' <Predicate = true> <Delay = 0.67>
ST_1 : Operation 25 [1/1] (0.67ns)   --->   "%curr_localImage_11_109 = alloca i64 1" [../image_analysis.cpp:154]   --->   Operation 25 'alloca' 'curr_localImage_11_109' <Predicate = true> <Delay = 0.67>
ST_1 : Operation 26 [1/1] (0.67ns)   --->   "%curr_localImage_12_110 = alloca i64 1" [../image_analysis.cpp:154]   --->   Operation 26 'alloca' 'curr_localImage_12_110' <Predicate = true> <Delay = 0.67>
ST_1 : Operation 27 [1/1] (0.67ns)   --->   "%curr_localImage_13_111 = alloca i64 1" [../image_analysis.cpp:154]   --->   Operation 27 'alloca' 'curr_localImage_13_111' <Predicate = true> <Delay = 0.67>
ST_1 : Operation 28 [1/1] (0.67ns)   --->   "%curr_localImage_14_112 = alloca i64 1" [../image_analysis.cpp:154]   --->   Operation 28 'alloca' 'curr_localImage_14_112' <Predicate = true> <Delay = 0.67>
ST_1 : Operation 29 [1/1] (0.67ns)   --->   "%curr_localImage_15 = alloca i64 1" [../image_analysis.cpp:154]   --->   Operation 29 'alloca' 'curr_localImage_15' <Predicate = true> <Delay = 0.67>
ST_1 : Operation 30 [1/1] (0.67ns)   --->   "%curr_localImage_14 = alloca i64 1" [../image_analysis.cpp:154]   --->   Operation 30 'alloca' 'curr_localImage_14' <Predicate = true> <Delay = 0.67>
ST_1 : Operation 31 [1/1] (0.67ns)   --->   "%curr_localImage_13 = alloca i64 1" [../image_analysis.cpp:154]   --->   Operation 31 'alloca' 'curr_localImage_13' <Predicate = true> <Delay = 0.67>
ST_1 : Operation 32 [1/1] (0.67ns)   --->   "%curr_localImage_12 = alloca i64 1" [../image_analysis.cpp:154]   --->   Operation 32 'alloca' 'curr_localImage_12' <Predicate = true> <Delay = 0.67>
ST_1 : Operation 33 [1/1] (0.67ns)   --->   "%curr_localImage_11 = alloca i64 1" [../image_analysis.cpp:154]   --->   Operation 33 'alloca' 'curr_localImage_11' <Predicate = true> <Delay = 0.67>
ST_1 : Operation 34 [1/1] (0.67ns)   --->   "%curr_localImage_10 = alloca i64 1" [../image_analysis.cpp:154]   --->   Operation 34 'alloca' 'curr_localImage_10' <Predicate = true> <Delay = 0.67>
ST_1 : Operation 35 [1/1] (0.67ns)   --->   "%curr_localImage_9 = alloca i64 1" [../image_analysis.cpp:154]   --->   Operation 35 'alloca' 'curr_localImage_9' <Predicate = true> <Delay = 0.67>
ST_1 : Operation 36 [1/1] (0.67ns)   --->   "%curr_localImage_8 = alloca i64 1" [../image_analysis.cpp:154]   --->   Operation 36 'alloca' 'curr_localImage_8' <Predicate = true> <Delay = 0.67>
ST_1 : Operation 37 [1/1] (0.67ns)   --->   "%curr_localImage_7 = alloca i64 1" [../image_analysis.cpp:154]   --->   Operation 37 'alloca' 'curr_localImage_7' <Predicate = true> <Delay = 0.67>
ST_1 : Operation 38 [1/1] (0.67ns)   --->   "%curr_localImage_6 = alloca i64 1" [../image_analysis.cpp:154]   --->   Operation 38 'alloca' 'curr_localImage_6' <Predicate = true> <Delay = 0.67>
ST_1 : Operation 39 [1/1] (0.67ns)   --->   "%curr_localImage_5 = alloca i64 1" [../image_analysis.cpp:154]   --->   Operation 39 'alloca' 'curr_localImage_5' <Predicate = true> <Delay = 0.67>
ST_1 : Operation 40 [1/1] (0.67ns)   --->   "%curr_localImage_4 = alloca i64 1" [../image_analysis.cpp:154]   --->   Operation 40 'alloca' 'curr_localImage_4' <Predicate = true> <Delay = 0.67>
ST_1 : Operation 41 [1/1] (0.67ns)   --->   "%curr_localImage_3 = alloca i64 1" [../image_analysis.cpp:154]   --->   Operation 41 'alloca' 'curr_localImage_3' <Predicate = true> <Delay = 0.67>
ST_1 : Operation 42 [1/1] (0.67ns)   --->   "%curr_localImage_2 = alloca i64 1" [../image_analysis.cpp:154]   --->   Operation 42 'alloca' 'curr_localImage_2' <Predicate = true> <Delay = 0.67>
ST_1 : Operation 43 [1/1] (0.67ns)   --->   "%curr_localImage_1 = alloca i64 1" [../image_analysis.cpp:154]   --->   Operation 43 'alloca' 'curr_localImage_1' <Predicate = true> <Delay = 0.67>
ST_1 : Operation 44 [1/1] (0.67ns)   --->   "%curr_localImage_16 = alloca i64 1" [../image_analysis.cpp:154]   --->   Operation 44 'alloca' 'curr_localImage_16' <Predicate = true> <Delay = 0.67>
ST_1 : Operation 45 [1/1] (0.67ns)   --->   "%curr_fullImage = alloca i64 1" [../image_analysis.cpp:153]   --->   Operation 45 'alloca' 'curr_fullImage' <Predicate = true> <Delay = 0.67>
ST_1 : Operation 46 [1/1] (0.67ns)   --->   "%curr_fullImage_1_113 = alloca i64 1" [../image_analysis.cpp:153]   --->   Operation 46 'alloca' 'curr_fullImage_1_113' <Predicate = true> <Delay = 0.67>
ST_1 : Operation 47 [1/1] (0.67ns)   --->   "%curr_fullImage_2_114 = alloca i64 1" [../image_analysis.cpp:153]   --->   Operation 47 'alloca' 'curr_fullImage_2_114' <Predicate = true> <Delay = 0.67>
ST_1 : Operation 48 [1/1] (0.67ns)   --->   "%curr_fullImage_3_115 = alloca i64 1" [../image_analysis.cpp:153]   --->   Operation 48 'alloca' 'curr_fullImage_3_115' <Predicate = true> <Delay = 0.67>
ST_1 : Operation 49 [1/1] (0.67ns)   --->   "%curr_fullImage_4_116 = alloca i64 1" [../image_analysis.cpp:153]   --->   Operation 49 'alloca' 'curr_fullImage_4_116' <Predicate = true> <Delay = 0.67>
ST_1 : Operation 50 [1/1] (0.67ns)   --->   "%curr_fullImage_5_117 = alloca i64 1" [../image_analysis.cpp:153]   --->   Operation 50 'alloca' 'curr_fullImage_5_117' <Predicate = true> <Delay = 0.67>
ST_1 : Operation 51 [1/1] (0.67ns)   --->   "%curr_fullImage_6_118 = alloca i64 1" [../image_analysis.cpp:153]   --->   Operation 51 'alloca' 'curr_fullImage_6_118' <Predicate = true> <Delay = 0.67>
ST_1 : Operation 52 [1/1] (0.67ns)   --->   "%curr_fullImage_7_119 = alloca i64 1" [../image_analysis.cpp:153]   --->   Operation 52 'alloca' 'curr_fullImage_7_119' <Predicate = true> <Delay = 0.67>
ST_1 : Operation 53 [1/1] (0.67ns)   --->   "%curr_fullImage_8_120 = alloca i64 1" [../image_analysis.cpp:153]   --->   Operation 53 'alloca' 'curr_fullImage_8_120' <Predicate = true> <Delay = 0.67>
ST_1 : Operation 54 [1/1] (0.67ns)   --->   "%curr_fullImage_9_121 = alloca i64 1" [../image_analysis.cpp:153]   --->   Operation 54 'alloca' 'curr_fullImage_9_121' <Predicate = true> <Delay = 0.67>
ST_1 : Operation 55 [1/1] (0.67ns)   --->   "%curr_fullImage_10_122 = alloca i64 1" [../image_analysis.cpp:153]   --->   Operation 55 'alloca' 'curr_fullImage_10_122' <Predicate = true> <Delay = 0.67>
ST_1 : Operation 56 [1/1] (0.67ns)   --->   "%curr_fullImage_11_123 = alloca i64 1" [../image_analysis.cpp:153]   --->   Operation 56 'alloca' 'curr_fullImage_11_123' <Predicate = true> <Delay = 0.67>
ST_1 : Operation 57 [1/1] (0.67ns)   --->   "%curr_fullImage_12_124 = alloca i64 1" [../image_analysis.cpp:153]   --->   Operation 57 'alloca' 'curr_fullImage_12_124' <Predicate = true> <Delay = 0.67>
ST_1 : Operation 58 [1/1] (0.67ns)   --->   "%curr_fullImage_13_125 = alloca i64 1" [../image_analysis.cpp:153]   --->   Operation 58 'alloca' 'curr_fullImage_13_125' <Predicate = true> <Delay = 0.67>
ST_1 : Operation 59 [1/1] (0.67ns)   --->   "%curr_fullImage_14_126 = alloca i64 1" [../image_analysis.cpp:153]   --->   Operation 59 'alloca' 'curr_fullImage_14_126' <Predicate = true> <Delay = 0.67>
ST_1 : Operation 60 [1/1] (0.67ns)   --->   "%curr_fullImage_15 = alloca i64 1" [../image_analysis.cpp:153]   --->   Operation 60 'alloca' 'curr_fullImage_15' <Predicate = true> <Delay = 0.67>
ST_1 : Operation 61 [1/1] (0.67ns)   --->   "%curr_fullImage_14 = alloca i64 1" [../image_analysis.cpp:153]   --->   Operation 61 'alloca' 'curr_fullImage_14' <Predicate = true> <Delay = 0.67>
ST_1 : Operation 62 [1/1] (0.67ns)   --->   "%curr_fullImage_13 = alloca i64 1" [../image_analysis.cpp:153]   --->   Operation 62 'alloca' 'curr_fullImage_13' <Predicate = true> <Delay = 0.67>
ST_1 : Operation 63 [1/1] (0.67ns)   --->   "%curr_fullImage_12 = alloca i64 1" [../image_analysis.cpp:153]   --->   Operation 63 'alloca' 'curr_fullImage_12' <Predicate = true> <Delay = 0.67>
ST_1 : Operation 64 [1/1] (0.67ns)   --->   "%curr_fullImage_11 = alloca i64 1" [../image_analysis.cpp:153]   --->   Operation 64 'alloca' 'curr_fullImage_11' <Predicate = true> <Delay = 0.67>
ST_1 : Operation 65 [1/1] (0.67ns)   --->   "%curr_fullImage_10 = alloca i64 1" [../image_analysis.cpp:153]   --->   Operation 65 'alloca' 'curr_fullImage_10' <Predicate = true> <Delay = 0.67>
ST_1 : Operation 66 [1/1] (0.67ns)   --->   "%curr_fullImage_9 = alloca i64 1" [../image_analysis.cpp:153]   --->   Operation 66 'alloca' 'curr_fullImage_9' <Predicate = true> <Delay = 0.67>
ST_1 : Operation 67 [1/1] (0.67ns)   --->   "%curr_fullImage_8 = alloca i64 1" [../image_analysis.cpp:153]   --->   Operation 67 'alloca' 'curr_fullImage_8' <Predicate = true> <Delay = 0.67>
ST_1 : Operation 68 [1/1] (0.67ns)   --->   "%curr_fullImage_7 = alloca i64 1" [../image_analysis.cpp:153]   --->   Operation 68 'alloca' 'curr_fullImage_7' <Predicate = true> <Delay = 0.67>
ST_1 : Operation 69 [1/1] (0.67ns)   --->   "%curr_fullImage_6 = alloca i64 1" [../image_analysis.cpp:153]   --->   Operation 69 'alloca' 'curr_fullImage_6' <Predicate = true> <Delay = 0.67>
ST_1 : Operation 70 [1/1] (0.67ns)   --->   "%curr_fullImage_5 = alloca i64 1" [../image_analysis.cpp:153]   --->   Operation 70 'alloca' 'curr_fullImage_5' <Predicate = true> <Delay = 0.67>
ST_1 : Operation 71 [1/1] (0.67ns)   --->   "%curr_fullImage_4 = alloca i64 1" [../image_analysis.cpp:153]   --->   Operation 71 'alloca' 'curr_fullImage_4' <Predicate = true> <Delay = 0.67>
ST_1 : Operation 72 [1/1] (0.67ns)   --->   "%curr_fullImage_3 = alloca i64 1" [../image_analysis.cpp:153]   --->   Operation 72 'alloca' 'curr_fullImage_3' <Predicate = true> <Delay = 0.67>
ST_1 : Operation 73 [1/1] (0.67ns)   --->   "%curr_fullImage_2 = alloca i64 1" [../image_analysis.cpp:153]   --->   Operation 73 'alloca' 'curr_fullImage_2' <Predicate = true> <Delay = 0.67>
ST_1 : Operation 74 [1/1] (0.67ns)   --->   "%curr_fullImage_1 = alloca i64 1" [../image_analysis.cpp:153]   --->   Operation 74 'alloca' 'curr_fullImage_1' <Predicate = true> <Delay = 0.67>
ST_1 : Operation 75 [1/1] (0.67ns)   --->   "%curr_fullImage_16 = alloca i64 1" [../image_analysis.cpp:153]   --->   Operation 75 'alloca' 'curr_fullImage_16' <Predicate = true> <Delay = 0.67>
ST_1 : Operation 76 [2/2] (1.96ns)   --->   "%call_ln165 = call void @getLocalImages_single, i16 %conv_read, i32 %psfSupersample_read, i32 %projShape0_read, i32 %projShape1_read, i64 %atomLocations, i64 %atomLocations1_read, i256 %localImages, i23 %mask_table, i24 %one_half_table" [../image_analysis.cpp:165]   --->   Operation 76 'call' 'call_ln165' <Predicate = true> <Delay = 1.96> <CoreType = "Generic">   --->   Generic Core

State 2 <SV = 1> <Delay = 0.00>
ST_2 : Operation 77 [1/2] (0.00ns)   --->   "%call_ln165 = call void @getLocalImages_single, i16 %conv_read, i32 %psfSupersample_read, i32 %projShape0_read, i32 %projShape1_read, i64 %atomLocations, i64 %atomLocations1_read, i256 %localImages, i23 %mask_table, i24 %one_half_table" [../image_analysis.cpp:165]   --->   Operation 77 'call' 'call_ln165' <Predicate = true> <Delay = 0.00> <CoreType = "Generic">   --->   Generic Core

State 3 <SV = 2> <Delay = 7.30>
ST_3 : Operation 78 [1/1] (0.00ns)   --->   "%imageProjs_local3_read = read i64 @_ssdm_op_Read.ap_auto.i64, i64 %imageProjs_local3"   --->   Operation 78 'read' 'imageProjs_local3_read' <Predicate = true> <Delay = 0.00>
ST_3 : Operation 79 [1/1] (0.00ns)   --->   "%fullImage2_read = read i64 @_ssdm_op_Read.ap_auto.i64, i64 %fullImage2"   --->   Operation 79 'read' 'fullImage2_read' <Predicate = true> <Delay = 0.00>
ST_3 : Operation 80 [1/1] (0.00ns)   --->   "%tmp = read i64 @_ssdm_op_Read.ap_auto.i64, i64 %empty"   --->   Operation 80 'read' 'tmp' <Predicate = true> <Delay = 0.00>
ST_3 : Operation 81 [2/2] (7.30ns)   --->   "%curr_imageProjs = call i32 @Image_extract, i256 %localImages, i32 %fullImage, i64 %fullImage2_read, i32 %curr_fullImage_16, i32 %curr_fullImage_1, i32 %curr_fullImage_2, i32 %curr_fullImage_3, i32 %curr_fullImage_4, i32 %curr_fullImage_5, i32 %curr_fullImage_6, i32 %curr_fullImage_7, i32 %curr_fullImage_8, i32 %curr_fullImage_9, i32 %curr_fullImage_10, i32 %curr_fullImage_11, i32 %curr_fullImage_12, i32 %curr_fullImage_13, i32 %curr_fullImage_14, i32 %curr_fullImage_15, i32 %curr_fullImage_14_126, i32 %curr_fullImage_13_125, i32 %curr_fullImage_12_124, i32 %curr_fullImage_11_123, i32 %curr_fullImage_10_122, i32 %curr_fullImage_9_121, i32 %curr_fullImage_8_120, i32 %curr_fullImage_7_119, i32 %curr_fullImage_6_118, i32 %curr_fullImage_5_117, i32 %curr_fullImage_4_116, i32 %curr_fullImage_3_115, i32 %curr_fullImage_2_114, i32 %curr_fullImage_1_113, i32 %curr_fullImage, i32 %imageProjs_local, i64 %imageProjs_local3_read, i32 %curr_localImage_16, i32 %curr_localImage_1, i32 %curr_localImage_2, i32 %curr_localImage_3, i32 %curr_localImage_4, i32 %curr_localImage_5, i32 %curr_localImage_6, i32 %curr_localImage_7, i32 %curr_localImage_8, i32 %curr_localImage_9, i32 %curr_localImage_10, i32 %curr_localImage_11, i32 %curr_localImage_12, i32 %curr_localImage_13, i32 %curr_localImage_14, i32 %curr_localImage_15, i32 %curr_localImage_14_112, i32 %curr_localImage_13_111, i32 %curr_localImage_12_110, i32 %curr_localImage_11_109, i32 %curr_localImage_10_108, i32 %curr_localImage_9_107, i32 %curr_localImage_8_106, i32 %curr_localImage_7_105, i32 %curr_localImage_6_104, i32 %curr_localImage_5_103, i32 %curr_localImage_4_102, i32 %curr_localImage_3_101, i32 %curr_localImage_2_100, i32 %curr_localImage_1_99, i32 %curr_localImage, i32 %imageProjs, i64 %tmp" [../image_analysis.cpp:166]   --->   Operation 81 'call' 'curr_imageProjs' <Predicate = true> <Delay = 7.30> <CoreInst = "FIFO_SRL">   --->   Core 80 'FIFO_SRL' <Latency = 0> <II = 1> <Delay = 1.83> <Storage> <Opcode : 'read' 'write' 'nbread' 'nbwrite'> <Ports = 0> <Width = 32> <Depth = 3> <FIFO>

State 4 <SV = 3> <Delay = 0.00>
ST_4 : Operation 82 [1/2] (0.00ns)   --->   "%curr_imageProjs = call i32 @Image_extract, i256 %localImages, i32 %fullImage, i64 %fullImage2_read, i32 %curr_fullImage_16, i32 %curr_fullImage_1, i32 %curr_fullImage_2, i32 %curr_fullImage_3, i32 %curr_fullImage_4, i32 %curr_fullImage_5, i32 %curr_fullImage_6, i32 %curr_fullImage_7, i32 %curr_fullImage_8, i32 %curr_fullImage_9, i32 %curr_fullImage_10, i32 %curr_fullImage_11, i32 %curr_fullImage_12, i32 %curr_fullImage_13, i32 %curr_fullImage_14, i32 %curr_fullImage_15, i32 %curr_fullImage_14_126, i32 %curr_fullImage_13_125, i32 %curr_fullImage_12_124, i32 %curr_fullImage_11_123, i32 %curr_fullImage_10_122, i32 %curr_fullImage_9_121, i32 %curr_fullImage_8_120, i32 %curr_fullImage_7_119, i32 %curr_fullImage_6_118, i32 %curr_fullImage_5_117, i32 %curr_fullImage_4_116, i32 %curr_fullImage_3_115, i32 %curr_fullImage_2_114, i32 %curr_fullImage_1_113, i32 %curr_fullImage, i32 %imageProjs_local, i64 %imageProjs_local3_read, i32 %curr_localImage_16, i32 %curr_localImage_1, i32 %curr_localImage_2, i32 %curr_localImage_3, i32 %curr_localImage_4, i32 %curr_localImage_5, i32 %curr_localImage_6, i32 %curr_localImage_7, i32 %curr_localImage_8, i32 %curr_localImage_9, i32 %curr_localImage_10, i32 %curr_localImage_11, i32 %curr_localImage_12, i32 %curr_localImage_13, i32 %curr_localImage_14, i32 %curr_localImage_15, i32 %curr_localImage_14_112, i32 %curr_localImage_13_111, i32 %curr_localImage_12_110, i32 %curr_localImage_11_109, i32 %curr_localImage_10_108, i32 %curr_localImage_9_107, i32 %curr_localImage_8_106, i32 %curr_localImage_7_105, i32 %curr_localImage_6_104, i32 %curr_localImage_5_103, i32 %curr_localImage_4_102, i32 %curr_localImage_3_101, i32 %curr_localImage_2_100, i32 %curr_localImage_1_99, i32 %curr_localImage, i32 %imageProjs, i64 %tmp" [../image_analysis.cpp:166]   --->   Operation 82 'call' 'curr_imageProjs' <Predicate = true> <Delay = 0.00> <CoreInst = "FIFO_SRL">   --->   Core 80 'FIFO_SRL' <Latency = 0> <II = 1> <Delay = 1.83> <Storage> <Opcode : 'read' 'write' 'nbread' 'nbwrite'> <Ports = 0> <Width = 32> <Depth = 3> <FIFO>

State 5 <SV = 4> <Delay = 0.00>
ST_5 : Operation 83 [2/2] (0.00ns)   --->   "%call_ret1 = call i64 @conv_kernel, i32 %curr_fullImage_16, i32 %curr_fullImage_1, i32 %curr_fullImage_2, i32 %curr_fullImage_3, i32 %curr_fullImage_4, i32 %curr_fullImage_5, i32 %curr_fullImage_6, i32 %curr_fullImage_7, i32 %curr_fullImage_8, i32 %curr_fullImage_9, i32 %curr_fullImage_10, i32 %curr_fullImage_11, i32 %curr_fullImage_12, i32 %curr_fullImage_13, i32 %curr_fullImage_14, i32 %curr_fullImage_15, i32 %curr_fullImage_14_126, i32 %curr_fullImage_13_125, i32 %curr_fullImage_12_124, i32 %curr_fullImage_11_123, i32 %curr_fullImage_10_122, i32 %curr_fullImage_9_121, i32 %curr_fullImage_8_120, i32 %curr_fullImage_7_119, i32 %curr_fullImage_6_118, i32 %curr_fullImage_5_117, i32 %curr_fullImage_4_116, i32 %curr_fullImage_3_115, i32 %curr_fullImage_2_114, i32 %curr_fullImage_1_113, i32 %curr_fullImage, i32 %curr_localImage_16, i32 %curr_localImage_1, i32 %curr_localImage_2, i32 %curr_localImage_3, i32 %curr_localImage_4, i32 %curr_localImage_5, i32 %curr_localImage_6, i32 %curr_localImage_7, i32 %curr_localImage_8, i32 %curr_localImage_9, i32 %curr_localImage_10, i32 %curr_localImage_11, i32 %curr_localImage_12, i32 %curr_localImage_13, i32 %curr_localImage_14, i32 %curr_localImage_15, i32 %curr_localImage_14_112, i32 %curr_localImage_13_111, i32 %curr_localImage_12_110, i32 %curr_localImage_11_109, i32 %curr_localImage_10_108, i32 %curr_localImage_9_107, i32 %curr_localImage_8_106, i32 %curr_localImage_7_105, i32 %curr_localImage_6_104, i32 %curr_localImage_5_103, i32 %curr_localImage_4_102, i32 %curr_localImage_3_101, i32 %curr_localImage_2_100, i32 %curr_localImage_1_99, i32 %curr_localImage" [../image_analysis.cpp:168]   --->   Operation 83 'call' 'call_ret1' <Predicate = true> <Delay = 0.00> <CoreType = "Generic">   --->   Generic Core

State 6 <SV = 5> <Delay = 1.83>
ST_6 : Operation 84 [1/1] (0.00ns)   --->   "%emissions4_read = read i64 @_ssdm_op_Read.ap_auto.i64, i64 %emissions4"   --->   Operation 84 'read' 'emissions4_read' <Predicate = true> <Delay = 0.00>
ST_6 : Operation 85 [1/1] (0.00ns)   --->   "%idx_0_read = read i16 @_ssdm_op_Read.ap_auto.i16, i16 %idx_0"   --->   Operation 85 'read' 'idx_0_read' <Predicate = true> <Delay = 0.00>
ST_6 : Operation 86 [1/1] (1.08ns)   --->   "%call_ret = call i64 @dataflow_in_loop_VITIS_LOOP_149_1.1_Block_newFuncRoot_proc, i16 %idx_0_read, i64 %emissions4_read" [../image_analysis.cpp:169]   --->   Operation 86 'call' 'call_ret' <Predicate = true> <Delay = 1.08> <CoreInst = "FIFO_SRL">   --->   Core 80 'FIFO_SRL' <Latency = 0> <II = 1> <Delay = 1.83> <Storage> <Opcode : 'read' 'write' 'nbread' 'nbwrite'> <Ports = 0> <Width = 64> <Depth = 4> <FIFO>
ST_6 : Operation 87 [1/2] (0.00ns)   --->   "%call_ret1 = call i64 @conv_kernel, i32 %curr_fullImage_16, i32 %curr_fullImage_1, i32 %curr_fullImage_2, i32 %curr_fullImage_3, i32 %curr_fullImage_4, i32 %curr_fullImage_5, i32 %curr_fullImage_6, i32 %curr_fullImage_7, i32 %curr_fullImage_8, i32 %curr_fullImage_9, i32 %curr_fullImage_10, i32 %curr_fullImage_11, i32 %curr_fullImage_12, i32 %curr_fullImage_13, i32 %curr_fullImage_14, i32 %curr_fullImage_15, i32 %curr_fullImage_14_126, i32 %curr_fullImage_13_125, i32 %curr_fullImage_12_124, i32 %curr_fullImage_11_123, i32 %curr_fullImage_10_122, i32 %curr_fullImage_9_121, i32 %curr_fullImage_8_120, i32 %curr_fullImage_7_119, i32 %curr_fullImage_6_118, i32 %curr_fullImage_5_117, i32 %curr_fullImage_4_116, i32 %curr_fullImage_3_115, i32 %curr_fullImage_2_114, i32 %curr_fullImage_1_113, i32 %curr_fullImage, i32 %curr_localImage_16, i32 %curr_localImage_1, i32 %curr_localImage_2, i32 %curr_localImage_3, i32 %curr_localImage_4, i32 %curr_localImage_5, i32 %curr_localImage_6, i32 %curr_localImage_7, i32 %curr_localImage_8, i32 %curr_localImage_9, i32 %curr_localImage_10, i32 %curr_localImage_11, i32 %curr_localImage_12, i32 %curr_localImage_13, i32 %curr_localImage_14, i32 %curr_localImage_15, i32 %curr_localImage_14_112, i32 %curr_localImage_13_111, i32 %curr_localImage_12_110, i32 %curr_localImage_11_109, i32 %curr_localImage_10_108, i32 %curr_localImage_9_107, i32 %curr_localImage_8_106, i32 %curr_localImage_7_105, i32 %curr_localImage_6_104, i32 %curr_localImage_5_103, i32 %curr_localImage_4_102, i32 %curr_localImage_3_101, i32 %curr_localImage_2_100, i32 %curr_localImage_1_99, i32 %curr_localImage" [../image_analysis.cpp:168]   --->   Operation 87 'call' 'call_ret1' <Predicate = true> <Delay = 0.00> <CoreType = "Generic">   --->   Generic Core
ST_6 : Operation 88 [1/1] (0.00ns)   --->   "%projSumUsed = extractvalue i64 %call_ret1" [../image_analysis.cpp:168]   --->   Operation 88 'extractvalue' 'projSumUsed' <Predicate = true> <Delay = 0.00> <CoreInst = "FIFO_SRL">   --->   Core 80 'FIFO_SRL' <Latency = 0> <II = 1> <Delay = 1.83> <Storage> <Opcode : 'read' 'write' 'nbread' 'nbwrite'> <Ports = 0> <Width = 32> <Depth = 2> <FIFO>
ST_6 : Operation 89 [1/1] (0.00ns)   --->   "%sum = extractvalue i64 %call_ret1" [../image_analysis.cpp:168]   --->   Operation 89 'extractvalue' 'sum' <Predicate = true> <Delay = 0.00> <CoreInst = "FIFO_SRL">   --->   Core 80 'FIFO_SRL' <Latency = 0> <II = 1> <Delay = 1.83> <Storage> <Opcode : 'read' 'write' 'nbread' 'nbwrite'> <Ports = 0> <Width = 32> <Depth = 2> <FIFO>
ST_6 : Operation 90 [2/2] (1.83ns)   --->   "%call_ln169 = call void @post_process, i32 %projSumUsed, i32 %sum, i32 %curr_imageProjs, i32 %emissions, i64 %call_ret" [../image_analysis.cpp:169]   --->   Operation 90 'call' 'call_ln169' <Predicate = true> <Delay = 1.83> <CoreType = "Generic">   --->   Generic Core

State 7 <SV = 6> <Delay = 0.00>
ST_7 : Operation 91 [1/1] (0.00ns)   --->   "%specdataflowpipeline_ln0 = specdataflowpipeline void @_ssdm_op_SpecDataflowPipeline, i32 4294967295, i32 0, void @empty_17"   --->   Operation 91 'specdataflowpipeline' 'specdataflowpipeline_ln0' <Predicate = true> <Delay = 0.00>
ST_7 : Operation 92 [1/1] (0.00ns)   --->   "%specinterface_ln0 = specinterface void @_ssdm_op_SpecInterface, i32 %emissions, void @empty_16, i32 0, i32 0, void @empty_17, i32 0, i32 1024, void @empty_0, void @empty_19, void @empty_17, i32 16, i32 16, i32 16, i32 16, void @empty_17, void @empty_17, i32 4294967295, i32 0, i32 0"   --->   Operation 92 'specinterface' 'specinterface_ln0' <Predicate = true> <Delay = 0.00>
ST_7 : Operation 93 [1/1] (0.00ns)   --->   "%specinterface_ln0 = specinterface void @_ssdm_op_SpecInterface, i32 %fullImage, void @empty_16, i32 0, i32 0, void @empty_17, i32 0, i32 589824, void @empty, void @empty_19, void @empty_17, i32 16, i32 16, i32 16, i32 16, void @empty_17, void @empty_17, i32 4294967295, i32 0, i32 0"   --->   Operation 93 'specinterface' 'specinterface_ln0' <Predicate = true> <Delay = 0.00>
ST_7 : Operation 94 [1/1] (0.00ns)   --->   "%specinterface_ln0 = specinterface void @_ssdm_op_SpecInterface, i32 %imageProjs, void @empty_16, i32 0, i32 0, void @empty_17, i32 0, i32 0, void @empty_25, void @empty_19, void @empty_17, i32 16, i32 16, i32 16, i32 16, void @empty_17, void @empty_17, i32 4294967295, i32 0, i32 0"   --->   Operation 94 'specinterface' 'specinterface_ln0' <Predicate = true> <Delay = 0.00>
ST_7 : Operation 95 [1/1] (0.00ns)   --->   "%specinterface_ln0 = specinterface void @_ssdm_op_SpecInterface, i32 %imageProjs_local, void @empty_16, i32 0, i32 0, void @empty_17, i32 0, i32 0, void @empty_20, void @empty_19, void @empty_17, i32 16, i32 16, i32 16, i32 16, void @empty_17, void @empty_17, i32 4294967295, i32 0, i32 0"   --->   Operation 95 'specinterface' 'specinterface_ln0' <Predicate = true> <Delay = 0.00>
ST_7 : Operation 96 [1/1] (0.00ns)   --->   "%specinterface_ln0 = specinterface void @_ssdm_op_SpecInterface, i64 %atomLocations, void @empty_16, i32 0, i32 0, void @empty_17, i32 0, i32 1024, void @empty_18, void @empty_19, void @empty_17, i32 16, i32 16, i32 16, i32 16, void @empty_17, void @empty_17, i32 4294967295, i32 0, i32 0"   --->   Operation 96 'specinterface' 'specinterface_ln0' <Predicate = true> <Delay = 0.00>
ST_7 : Operation 97 [1/1] (0.00ns)   --->   "%empty_98 = specchannel i32 @_ssdm_op_SpecChannel, void @localImages_str, i32 1, void @p_str, void @p_str, i32 4, i32 4, i256 %localImages, i256 %localImages"   --->   Operation 97 'specchannel' 'empty_98' <Predicate = true> <Delay = 0.00>
ST_7 : Operation 98 [1/1] (0.00ns)   --->   "%specinterface_ln0 = specinterface void @_ssdm_op_SpecInterface, i256 %localImages, void @empty_27, i32 0, i32 0, void @empty_17, i32 0, i32 0, void @empty_17, void @empty_17, void @empty_17, i32 0, i32 0, i32 0, i32 0, void @empty_17, void @empty_17, i32 4294967295, i32 0, i32 0"   --->   Operation 98 'specinterface' 'specinterface_ln0' <Predicate = true> <Delay = 0.00>
ST_7 : Operation 99 [1/2] (0.00ns)   --->   "%call_ln169 = call void @post_process, i32 %projSumUsed, i32 %sum, i32 %curr_imageProjs, i32 %emissions, i64 %call_ret" [../image_analysis.cpp:169]   --->   Operation 99 'call' 'call_ln169' <Predicate = true> <Delay = 0.00> <CoreType = "Generic">   --->   Generic Core
ST_7 : Operation 100 [1/1] (0.00ns)   --->   "%ret_ln0 = ret"   --->   Operation 100 'ret' 'ret_ln0' <Predicate = true> <Delay = 0.00>


============================================================
+ Verbose Summary: Binding
============================================================
STG Binding: 
---------------- STG Properties BEGIN ----------------
- Is combinational: 0
- Is one-state seq: 0
- Is datapath-only: 0
- Is pipelined: 0
- Is top level: 0
Port [ Return ] is wired: 1; IO mode=ap_ctrl_hs:ce=0
Port [ conv]:  wired=1; compound=0; hidden=0; nouse=0; global=0; static=0; extern=0; dir=0; type=0; pingpong=0; private_global=0; IO mode=ap_none:ce=0
Port [ psfSupersample]:  wired=1; compound=0; hidden=0; nouse=0; global=0; static=0; extern=0; dir=0; type=0; pingpong=0; private_global=0; IO mode=ap_none:ce=0
Port [ projShape0]:  wired=1; compound=0; hidden=0; nouse=0; global=0; static=0; extern=0; dir=0; type=0; pingpong=0; private_global=0; IO mode=ap_none:ce=0
Port [ projShape1]:  wired=1; compound=0; hidden=0; nouse=0; global=0; static=0; extern=0; dir=0; type=0; pingpong=0; private_global=0; IO mode=ap_none:ce=0
Port [ atomLocations]:  wired=1; compound=1; hidden=0; nouse=0; global=0; static=0; extern=0; dir=0; type=4; pingpong=0; private_global=0; IO mode=m_axi:ce=0
Port [ atomLocations1]:  wired=1; compound=0; hidden=0; nouse=0; global=0; static=0; extern=0; dir=0; type=0; pingpong=0; private_global=0; IO mode=ap_none:ce=0
Port [ imageProjs]:  wired=1; compound=1; hidden=0; nouse=0; global=0; static=0; extern=0; dir=0; type=4; pingpong=0; private_global=0; IO mode=m_axi:ce=0
Port [ empty]:  wired=1; compound=0; hidden=0; nouse=0; global=0; static=0; extern=0; dir=0; type=0; pingpong=0; private_global=0; IO mode=ap_none:ce=0
Port [ fullImage]:  wired=1; compound=1; hidden=0; nouse=0; global=0; static=0; extern=0; dir=0; type=4; pingpong=0; private_global=0; IO mode=m_axi:ce=0
Port [ fullImage2]:  wired=1; compound=0; hidden=0; nouse=0; global=0; static=0; extern=0; dir=0; type=0; pingpong=0; private_global=0; IO mode=ap_none:ce=0
Port [ imageProjs_local]:  wired=1; compound=1; hidden=0; nouse=0; global=0; static=0; extern=0; dir=0; type=4; pingpong=0; private_global=0; IO mode=m_axi:ce=0
Port [ imageProjs_local3]:  wired=1; compound=0; hidden=0; nouse=0; global=0; static=0; extern=0; dir=0; type=0; pingpong=0; private_global=0; IO mode=ap_none:ce=0
Port [ idx_0]:  wired=1; compound=0; hidden=0; nouse=0; global=0; static=0; extern=0; dir=0; type=0; pingpong=0; private_global=0; IO mode=ap_none:ce=0
Port [ emissions]:  wired=1; compound=1; hidden=0; nouse=0; global=0; static=0; extern=0; dir=1; type=4; pingpong=0; private_global=0; IO mode=m_axi:ce=0
Port [ emissions4]:  wired=1; compound=0; hidden=0; nouse=0; global=0; static=0; extern=0; dir=0; type=0; pingpong=0; private_global=0; IO mode=ap_none:ce=0
Port [ mask_table]:  wired=0; compound=1; hidden=1; nouse=1; global=1; static=1; extern=0; dir=0; type=1; pingpong=0; private_global=0; MemPort=[11]; IO mode=ap_memory:ce=0
Port [ one_half_table]:  wired=0; compound=1; hidden=1; nouse=1; global=1; static=1; extern=0; dir=0; type=1; pingpong=0; private_global=0; MemPort=[11]; IO mode=ap_memory:ce=0
---------------- STG Properties END ------------------

---------------- Datapath Model BEGIN ----------------

<LifeTime>
<method=bitvector/>
atomLocations1_read      (read                ) [ 00100000]
projShape1_read          (read                ) [ 00100000]
projShape0_read          (read                ) [ 00100000]
psfSupersample_read      (read                ) [ 00100000]
conv_read                (read                ) [ 00100000]
localImages              (alloca              ) [ 01111111]
curr_localImage          (alloca              ) [ 00111110]
curr_localImage_1_99     (alloca              ) [ 00111110]
curr_localImage_2_100    (alloca              ) [ 00111110]
curr_localImage_3_101    (alloca              ) [ 00111110]
curr_localImage_4_102    (alloca              ) [ 00111110]
curr_localImage_5_103    (alloca              ) [ 00111110]
curr_localImage_6_104    (alloca              ) [ 00111110]
curr_localImage_7_105    (alloca              ) [ 00111110]
curr_localImage_8_106    (alloca              ) [ 00111110]
curr_localImage_9_107    (alloca              ) [ 00111110]
curr_localImage_10_108   (alloca              ) [ 00111110]
curr_localImage_11_109   (alloca              ) [ 00111110]
curr_localImage_12_110   (alloca              ) [ 00111110]
curr_localImage_13_111   (alloca              ) [ 00111110]
curr_localImage_14_112   (alloca              ) [ 00111110]
curr_localImage_15       (alloca              ) [ 00111110]
curr_localImage_14       (alloca              ) [ 00111110]
curr_localImage_13       (alloca              ) [ 00111110]
curr_localImage_12       (alloca              ) [ 00111110]
curr_localImage_11       (alloca              ) [ 00111110]
curr_localImage_10       (alloca              ) [ 00111110]
curr_localImage_9        (alloca              ) [ 00111110]
curr_localImage_8        (alloca              ) [ 00111110]
curr_localImage_7        (alloca              ) [ 00111110]
curr_localImage_6        (alloca              ) [ 00111110]
curr_localImage_5        (alloca              ) [ 00111110]
curr_localImage_4        (alloca              ) [ 00111110]
curr_localImage_3        (alloca              ) [ 00111110]
curr_localImage_2        (alloca              ) [ 00111110]
curr_localImage_1        (alloca              ) [ 00111110]
curr_localImage_16       (alloca              ) [ 00111110]
curr_fullImage           (alloca              ) [ 00111110]
curr_fullImage_1_113     (alloca              ) [ 00111110]
curr_fullImage_2_114     (alloca              ) [ 00111110]
curr_fullImage_3_115     (alloca              ) [ 00111110]
curr_fullImage_4_116     (alloca              ) [ 00111110]
curr_fullImage_5_117     (alloca              ) [ 00111110]
curr_fullImage_6_118     (alloca              ) [ 00111110]
curr_fullImage_7_119     (alloca              ) [ 00111110]
curr_fullImage_8_120     (alloca              ) [ 00111110]
curr_fullImage_9_121     (alloca              ) [ 00111110]
curr_fullImage_10_122    (alloca              ) [ 00111110]
curr_fullImage_11_123    (alloca              ) [ 00111110]
curr_fullImage_12_124    (alloca              ) [ 00111110]
curr_fullImage_13_125    (alloca              ) [ 00111110]
curr_fullImage_14_126    (alloca              ) [ 00111110]
curr_fullImage_15        (alloca              ) [ 00111110]
curr_fullImage_14        (alloca              ) [ 00111110]
curr_fullImage_13        (alloca              ) [ 00111110]
curr_fullImage_12        (alloca              ) [ 00111110]
curr_fullImage_11        (alloca              ) [ 00111110]
curr_fullImage_10        (alloca              ) [ 00111110]
curr_fullImage_9         (alloca              ) [ 00111110]
curr_fullImage_8         (alloca              ) [ 00111110]
curr_fullImage_7         (alloca              ) [ 00111110]
curr_fullImage_6         (alloca              ) [ 00111110]
curr_fullImage_5         (alloca              ) [ 00111110]
curr_fullImage_4         (alloca              ) [ 00111110]
curr_fullImage_3         (alloca              ) [ 00111110]
curr_fullImage_2         (alloca              ) [ 00111110]
curr_fullImage_1         (alloca              ) [ 00111110]
curr_fullImage_16        (alloca              ) [ 00111110]
call_ln165               (call                ) [ 00000000]
imageProjs_local3_read   (read                ) [ 00001000]
fullImage2_read          (read                ) [ 00001000]
tmp                      (read                ) [ 00001000]
curr_imageProjs          (call                ) [ 00000111]
emissions4_read          (read                ) [ 00000000]
idx_0_read               (read                ) [ 00000000]
call_ret                 (call                ) [ 00000001]
call_ret1                (call                ) [ 00000000]
projSumUsed              (extractvalue        ) [ 00000001]
sum                      (extractvalue        ) [ 00000001]
specdataflowpipeline_ln0 (specdataflowpipeline) [ 00000000]
specinterface_ln0        (specinterface       ) [ 00000000]
specinterface_ln0        (specinterface       ) [ 00000000]
specinterface_ln0        (specinterface       ) [ 00000000]
specinterface_ln0        (specinterface       ) [ 00000000]
specinterface_ln0        (specinterface       ) [ 00000000]
empty_98                 (specchannel         ) [ 00000000]
specinterface_ln0        (specinterface       ) [ 00000000]
call_ln169               (call                ) [ 00000000]
ret_ln0                  (ret                 ) [ 00000000]
</LifeTime>

<model>

<comp_list>
<comp id="0" class="1000" name="conv">
<pin_list>
<pin id="1" dir="1" index="0" bw="1" slack="0"/>
</pin_list>
<bind>
<StgValue><ssdm name="conv"/></StgValue>
</bind>
</comp>

<comp id="2" class="1000" name="psfSupersample">
<pin_list>
<pin id="3" dir="1" index="0" bw="1" slack="0"/>
</pin_list>
<bind>
<StgValue><ssdm name="psfSupersample"/></StgValue>
</bind>
</comp>

<comp id="4" class="1000" name="projShape0">
<pin_list>
<pin id="5" dir="1" index="0" bw="1" slack="0"/>
</pin_list>
<bind>
<StgValue><ssdm name="projShape0"/></StgValue>
</bind>
</comp>

<comp id="6" class="1000" name="projShape1">
<pin_list>
<pin id="7" dir="1" index="0" bw="1" slack="0"/>
</pin_list>
<bind>
<StgValue><ssdm name="projShape1"/></StgValue>
</bind>
</comp>

<comp id="8" class="1000" name="atomLocations">
<pin_list>
<pin id="9" dir="1" index="0" bw="1" slack="0"/>
</pin_list>
<bind>
<StgValue><ssdm name="atomLocations"/><MemPortTyVec>0 </MemPortTyVec>
</StgValue>
</bind>
</comp>

<comp id="10" class="1000" name="atomLocations1">
<pin_list>
<pin id="11" dir="1" index="0" bw="1" slack="0"/>
</pin_list>
<bind>
<StgValue><ssdm name="atomLocations1"/></StgValue>
</bind>
</comp>

<comp id="12" class="1000" name="imageProjs">
<pin_list>
<pin id="13" dir="1" index="0" bw="1" slack="0"/>
</pin_list>
<bind>
<StgValue><ssdm name="imageProjs"/><MemPortTyVec>0 </MemPortTyVec>
</StgValue>
</bind>
</comp>

<comp id="14" class="1000" name="empty">
<pin_list>
<pin id="15" dir="1" index="0" bw="1" slack="0"/>
</pin_list>
<bind>
<StgValue><ssdm name="empty"/></StgValue>
</bind>
</comp>

<comp id="16" class="1000" name="fullImage">
<pin_list>
<pin id="17" dir="1" index="0" bw="1" slack="0"/>
</pin_list>
<bind>
<StgValue><ssdm name="fullImage"/><MemPortTyVec>0 </MemPortTyVec>
</StgValue>
</bind>
</comp>

<comp id="18" class="1000" name="fullImage2">
<pin_list>
<pin id="19" dir="1" index="0" bw="1" slack="0"/>
</pin_list>
<bind>
<StgValue><ssdm name="fullImage2"/></StgValue>
</bind>
</comp>

<comp id="20" class="1000" name="imageProjs_local">
<pin_list>
<pin id="21" dir="1" index="0" bw="1" slack="0"/>
</pin_list>
<bind>
<StgValue><ssdm name="imageProjs_local"/><MemPortTyVec>0 </MemPortTyVec>
</StgValue>
</bind>
</comp>

<comp id="22" class="1000" name="imageProjs_local3">
<pin_list>
<pin id="23" dir="1" index="0" bw="1" slack="0"/>
</pin_list>
<bind>
<StgValue><ssdm name="imageProjs_local3"/></StgValue>
</bind>
</comp>

<comp id="24" class="1000" name="idx_0">
<pin_list>
<pin id="25" dir="1" index="0" bw="1" slack="0"/>
</pin_list>
<bind>
<StgValue><ssdm name="idx_0"/></StgValue>
</bind>
</comp>

<comp id="26" class="1000" name="emissions">
<pin_list>
<pin id="27" dir="1" index="0" bw="1" slack="0"/>
</pin_list>
<bind>
<StgValue><ssdm name="emissions"/><MemPortTyVec>1 </MemPortTyVec>
</StgValue>
</bind>
</comp>

<comp id="28" class="1000" name="emissions4">
<pin_list>
<pin id="29" dir="1" index="0" bw="1" slack="0"/>
</pin_list>
<bind>
<StgValue><ssdm name="emissions4"/></StgValue>
</bind>
</comp>

<comp id="30" class="1000" name="mask_table">
<pin_list>
<pin id="31" dir="1" index="0" bw="1" slack="0"/>
</pin_list>
<bind>
<StgValue><ssdm name="mask_table"/><MemPortTyVec>1 1 </MemPortTyVec>
</StgValue>
</bind>
</comp>

<comp id="32" class="1000" name="one_half_table">
<pin_list>
<pin id="33" dir="1" index="0" bw="1" slack="0"/>
</pin_list>
<bind>
<StgValue><ssdm name="one_half_table"/><MemPortTyVec>1 1 </MemPortTyVec>
</StgValue>
</bind>
</comp>

<comp id="34" class="1001" name="const_34">
<pin_list>
<pin id="35" dir="1" index="0" bw="1" slack="0"/>
</pin_list>
<bind>
<StgValue><ssdm name="_ssdm_op_Read.ap_auto.i64"/></StgValue>
</bind>
</comp>

<comp id="36" class="1001" name="const_36">
<pin_list>
<pin id="37" dir="1" index="0" bw="1" slack="0"/>
</pin_list>
<bind>
<StgValue><ssdm name="_ssdm_op_Read.ap_auto.i32"/></StgValue>
</bind>
</comp>

<comp id="38" class="1001" name="const_38">
<pin_list>
<pin id="39" dir="1" index="0" bw="1" slack="0"/>
</pin_list>
<bind>
<StgValue><ssdm name="_ssdm_op_Read.ap_auto.i16"/></StgValue>
</bind>
</comp>

<comp id="40" class="1001" name="const_40">
<pin_list>
<pin id="41" dir="1" index="0" bw="1" slack="0"/>
</pin_list>
<bind>
<StgValue><ssdm name=""/></StgValue>
</bind>
</comp>

<comp id="42" class="1001" name="const_42">
<pin_list>
<pin id="43" dir="1" index="0" bw="1" slack="0"/>
</pin_list>
<bind>
<StgValue><ssdm name="getLocalImages_single"/></StgValue>
</bind>
</comp>

<comp id="44" class="1001" name="const_44">
<pin_list>
<pin id="45" dir="1" index="0" bw="1" slack="0"/>
</pin_list>
<bind>
<StgValue><ssdm name="Image_extract"/></StgValue>
</bind>
</comp>

<comp id="46" class="1001" name="const_46">
<pin_list>
<pin id="47" dir="1" index="0" bw="1" slack="0"/>
</pin_list>
<bind>
<StgValue><ssdm name="conv_kernel"/></StgValue>
</bind>
</comp>

<comp id="48" class="1001" name="const_48">
<pin_list>
<pin id="49" dir="1" index="0" bw="1" slack="0"/>
</pin_list>
<bind>
<StgValue><ssdm name="dataflow_in_loop_VITIS_LOOP_149_1.1_Block_newFuncRoot_proc"/></StgValue>
</bind>
</comp>

<comp id="50" class="1001" name="const_50">
<pin_list>
<pin id="51" dir="1" index="0" bw="1" slack="0"/>
</pin_list>
<bind>
<StgValue><ssdm name="post_process"/></StgValue>
</bind>
</comp>

<comp id="52" class="1001" name="const_52">
<pin_list>
<pin id="53" dir="1" index="0" bw="1" slack="2147483647"/>
</pin_list>
<bind>
<StgValue><ssdm name="_ssdm_op_SpecDataflowPipeline"/></StgValue>
</bind>
</comp>

<comp id="54" class="1001" name="const_54">
<pin_list>
<pin id="55" dir="1" index="0" bw="1" slack="2147483647"/>
</pin_list>
<bind>
<StgValue><ssdm name=""/></StgValue>
</bind>
</comp>

<comp id="56" class="1001" name="const_56">
<pin_list>
<pin id="57" dir="1" index="0" bw="1" slack="2147483647"/>
</pin_list>
<bind>
<StgValue><ssdm name=""/></StgValue>
</bind>
</comp>

<comp id="58" class="1001" name="const_58">
<pin_list>
<pin id="59" dir="1" index="0" bw="1" slack="2147483647"/>
</pin_list>
<bind>
<StgValue><ssdm name="empty_17"/></StgValue>
</bind>
</comp>

<comp id="60" class="1001" name="const_60">
<pin_list>
<pin id="61" dir="1" index="0" bw="1" slack="2147483647"/>
</pin_list>
<bind>
<StgValue><ssdm name="_ssdm_op_SpecInterface"/></StgValue>
</bind>
</comp>

<comp id="62" class="1001" name="const_62">
<pin_list>
<pin id="63" dir="1" index="0" bw="1" slack="2147483647"/>
</pin_list>
<bind>
<StgValue><ssdm name="empty_16"/></StgValue>
</bind>
</comp>

<comp id="64" class="1001" name="const_64">
<pin_list>
<pin id="65" dir="1" index="0" bw="1" slack="2147483647"/>
</pin_list>
<bind>
<StgValue><ssdm name=""/></StgValue>
</bind>
</comp>

<comp id="66" class="1001" name="const_66">
<pin_list>
<pin id="67" dir="1" index="0" bw="1" slack="2147483647"/>
</pin_list>
<bind>
<StgValue><ssdm name="empty_0"/></StgValue>
</bind>
</comp>

<comp id="68" class="1001" name="const_68">
<pin_list>
<pin id="69" dir="1" index="0" bw="1" slack="2147483647"/>
</pin_list>
<bind>
<StgValue><ssdm name="empty_19"/></StgValue>
</bind>
</comp>

<comp id="70" class="1001" name="const_70">
<pin_list>
<pin id="71" dir="1" index="0" bw="1" slack="2147483647"/>
</pin_list>
<bind>
<StgValue><ssdm name=""/></StgValue>
</bind>
</comp>

<comp id="72" class="1001" name="const_72">
<pin_list>
<pin id="73" dir="1" index="0" bw="1" slack="2147483647"/>
</pin_list>
<bind>
<StgValue><ssdm name=""/></StgValue>
</bind>
</comp>

<comp id="74" class="1001" name="const_74">
<pin_list>
<pin id="75" dir="1" index="0" bw="1" slack="2147483647"/>
</pin_list>
<bind>
<StgValue><ssdm name="empty"/></StgValue>
</bind>
</comp>

<comp id="76" class="1001" name="const_76">
<pin_list>
<pin id="77" dir="1" index="0" bw="1" slack="2147483647"/>
</pin_list>
<bind>
<StgValue><ssdm name="empty_25"/></StgValue>
</bind>
</comp>

<comp id="78" class="1001" name="const_78">
<pin_list>
<pin id="79" dir="1" index="0" bw="1" slack="2147483647"/>
</pin_list>
<bind>
<StgValue><ssdm name="empty_20"/></StgValue>
</bind>
</comp>

<comp id="80" class="1001" name="const_80">
<pin_list>
<pin id="81" dir="1" index="0" bw="1" slack="2147483647"/>
</pin_list>
<bind>
<StgValue><ssdm name="empty_18"/></StgValue>
</bind>
</comp>

<comp id="82" class="1001" name="const_82">
<pin_list>
<pin id="83" dir="1" index="0" bw="1" slack="2147483647"/>
</pin_list>
<bind>
<StgValue><ssdm name="_ssdm_op_SpecChannel"/></StgValue>
</bind>
</comp>

<comp id="84" class="1001" name="const_84">
<pin_list>
<pin id="85" dir="1" index="0" bw="1" slack="2147483647"/>
</pin_list>
<bind>
<StgValue><ssdm name="localImages_str"/></StgValue>
</bind>
</comp>

<comp id="86" class="1001" name="const_86">
<pin_list>
<pin id="87" dir="1" index="0" bw="1" slack="2147483647"/>
</pin_list>
<bind>
<StgValue><ssdm name=""/></StgValue>
</bind>
</comp>

<comp id="88" class="1001" name="const_88">
<pin_list>
<pin id="89" dir="1" index="0" bw="1" slack="2147483647"/>
</pin_list>
<bind>
<StgValue><ssdm name="p_str"/></StgValue>
</bind>
</comp>

<comp id="90" class="1001" name="const_90">
<pin_list>
<pin id="91" dir="1" index="0" bw="1" slack="2147483647"/>
</pin_list>
<bind>
<StgValue><ssdm name=""/></StgValue>
</bind>
</comp>

<comp id="92" class="1001" name="const_92">
<pin_list>
<pin id="93" dir="1" index="0" bw="1" slack="2147483647"/>
</pin_list>
<bind>
<StgValue><ssdm name="empty_27"/></StgValue>
</bind>
</comp>

<comp id="94" class="1004" name="localImages_fu_94">
<pin_list>
<pin id="95" dir="0" index="0" bw="1" slack="0"/>
<pin id="96" dir="1" index="1" bw="256" slack="0"/>
</pin_list>
<bind>
<opcode="alloca(26) " fcode="alloca"/>
<opset="localImages/1 "/>
</bind>
</comp>

<comp id="98" class="1004" name="curr_localImage_alloca_fu_98">
<pin_list>
<pin id="99" dir="0" index="0" bw="1" slack="0"/>
<pin id="100" dir="1" index="1" bw="32" slack="2147483647"/>
</pin_list>
<bind>
<opcode="alloca(26) " fcode="alloca"/>
<opset="curr_localImage/1 "/>
</bind>
</comp>

<comp id="102" class="1004" name="curr_localImage_1_99_alloca_fu_102">
<pin_list>
<pin id="103" dir="0" index="0" bw="1" slack="0"/>
<pin id="104" dir="1" index="1" bw="32" slack="2147483647"/>
</pin_list>
<bind>
<opcode="alloca(26) " fcode="alloca"/>
<opset="curr_localImage_1_99/1 "/>
</bind>
</comp>

<comp id="106" class="1004" name="curr_localImage_2_100_alloca_fu_106">
<pin_list>
<pin id="107" dir="0" index="0" bw="1" slack="0"/>
<pin id="108" dir="1" index="1" bw="32" slack="2147483647"/>
</pin_list>
<bind>
<opcode="alloca(26) " fcode="alloca"/>
<opset="curr_localImage_2_100/1 "/>
</bind>
</comp>

<comp id="110" class="1004" name="curr_localImage_3_101_alloca_fu_110">
<pin_list>
<pin id="111" dir="0" index="0" bw="1" slack="0"/>
<pin id="112" dir="1" index="1" bw="32" slack="2147483647"/>
</pin_list>
<bind>
<opcode="alloca(26) " fcode="alloca"/>
<opset="curr_localImage_3_101/1 "/>
</bind>
</comp>

<comp id="114" class="1004" name="curr_localImage_4_102_alloca_fu_114">
<pin_list>
<pin id="115" dir="0" index="0" bw="1" slack="0"/>
<pin id="116" dir="1" index="1" bw="32" slack="2147483647"/>
</pin_list>
<bind>
<opcode="alloca(26) " fcode="alloca"/>
<opset="curr_localImage_4_102/1 "/>
</bind>
</comp>

<comp id="118" class="1004" name="curr_localImage_5_103_alloca_fu_118">
<pin_list>
<pin id="119" dir="0" index="0" bw="1" slack="0"/>
<pin id="120" dir="1" index="1" bw="32" slack="2147483647"/>
</pin_list>
<bind>
<opcode="alloca(26) " fcode="alloca"/>
<opset="curr_localImage_5_103/1 "/>
</bind>
</comp>

<comp id="122" class="1004" name="curr_localImage_6_104_alloca_fu_122">
<pin_list>
<pin id="123" dir="0" index="0" bw="1" slack="0"/>
<pin id="124" dir="1" index="1" bw="32" slack="2147483647"/>
</pin_list>
<bind>
<opcode="alloca(26) " fcode="alloca"/>
<opset="curr_localImage_6_104/1 "/>
</bind>
</comp>

<comp id="126" class="1004" name="curr_localImage_7_105_alloca_fu_126">
<pin_list>
<pin id="127" dir="0" index="0" bw="1" slack="0"/>
<pin id="128" dir="1" index="1" bw="32" slack="2147483647"/>
</pin_list>
<bind>
<opcode="alloca(26) " fcode="alloca"/>
<opset="curr_localImage_7_105/1 "/>
</bind>
</comp>

<comp id="130" class="1004" name="curr_localImage_8_106_alloca_fu_130">
<pin_list>
<pin id="131" dir="0" index="0" bw="1" slack="0"/>
<pin id="132" dir="1" index="1" bw="32" slack="2147483647"/>
</pin_list>
<bind>
<opcode="alloca(26) " fcode="alloca"/>
<opset="curr_localImage_8_106/1 "/>
</bind>
</comp>

<comp id="134" class="1004" name="curr_localImage_9_107_alloca_fu_134">
<pin_list>
<pin id="135" dir="0" index="0" bw="1" slack="0"/>
<pin id="136" dir="1" index="1" bw="32" slack="2147483647"/>
</pin_list>
<bind>
<opcode="alloca(26) " fcode="alloca"/>
<opset="curr_localImage_9_107/1 "/>
</bind>
</comp>

<comp id="138" class="1004" name="curr_localImage_10_108_alloca_fu_138">
<pin_list>
<pin id="139" dir="0" index="0" bw="1" slack="0"/>
<pin id="140" dir="1" index="1" bw="32" slack="2147483647"/>
</pin_list>
<bind>
<opcode="alloca(26) " fcode="alloca"/>
<opset="curr_localImage_10_108/1 "/>
</bind>
</comp>

<comp id="142" class="1004" name="curr_localImage_11_109_alloca_fu_142">
<pin_list>
<pin id="143" dir="0" index="0" bw="1" slack="0"/>
<pin id="144" dir="1" index="1" bw="32" slack="2147483647"/>
</pin_list>
<bind>
<opcode="alloca(26) " fcode="alloca"/>
<opset="curr_localImage_11_109/1 "/>
</bind>
</comp>

<comp id="146" class="1004" name="curr_localImage_12_110_alloca_fu_146">
<pin_list>
<pin id="147" dir="0" index="0" bw="1" slack="0"/>
<pin id="148" dir="1" index="1" bw="32" slack="2147483647"/>
</pin_list>
<bind>
<opcode="alloca(26) " fcode="alloca"/>
<opset="curr_localImage_12_110/1 "/>
</bind>
</comp>

<comp id="150" class="1004" name="curr_localImage_13_111_alloca_fu_150">
<pin_list>
<pin id="151" dir="0" index="0" bw="1" slack="0"/>
<pin id="152" dir="1" index="1" bw="32" slack="2147483647"/>
</pin_list>
<bind>
<opcode="alloca(26) " fcode="alloca"/>
<opset="curr_localImage_13_111/1 "/>
</bind>
</comp>

<comp id="154" class="1004" name="curr_localImage_14_112_alloca_fu_154">
<pin_list>
<pin id="155" dir="0" index="0" bw="1" slack="0"/>
<pin id="156" dir="1" index="1" bw="32" slack="2147483647"/>
</pin_list>
<bind>
<opcode="alloca(26) " fcode="alloca"/>
<opset="curr_localImage_14_112/1 "/>
</bind>
</comp>

<comp id="158" class="1004" name="curr_localImage_15_alloca_fu_158">
<pin_list>
<pin id="159" dir="0" index="0" bw="1" slack="0"/>
<pin id="160" dir="1" index="1" bw="32" slack="2147483647"/>
</pin_list>
<bind>
<opcode="alloca(26) " fcode="alloca"/>
<opset="curr_localImage_15/1 "/>
</bind>
</comp>

<comp id="162" class="1004" name="curr_localImage_14_alloca_fu_162">
<pin_list>
<pin id="163" dir="0" index="0" bw="1" slack="0"/>
<pin id="164" dir="1" index="1" bw="32" slack="2147483647"/>
</pin_list>
<bind>
<opcode="alloca(26) " fcode="alloca"/>
<opset="curr_localImage_14/1 "/>
</bind>
</comp>

<comp id="166" class="1004" name="curr_localImage_13_alloca_fu_166">
<pin_list>
<pin id="167" dir="0" index="0" bw="1" slack="0"/>
<pin id="168" dir="1" index="1" bw="32" slack="2147483647"/>
</pin_list>
<bind>
<opcode="alloca(26) " fcode="alloca"/>
<opset="curr_localImage_13/1 "/>
</bind>
</comp>

<comp id="170" class="1004" name="curr_localImage_12_alloca_fu_170">
<pin_list>
<pin id="171" dir="0" index="0" bw="1" slack="0"/>
<pin id="172" dir="1" index="1" bw="32" slack="2147483647"/>
</pin_list>
<bind>
<opcode="alloca(26) " fcode="alloca"/>
<opset="curr_localImage_12/1 "/>
</bind>
</comp>

<comp id="174" class="1004" name="curr_localImage_11_alloca_fu_174">
<pin_list>
<pin id="175" dir="0" index="0" bw="1" slack="0"/>
<pin id="176" dir="1" index="1" bw="32" slack="2147483647"/>
</pin_list>
<bind>
<opcode="alloca(26) " fcode="alloca"/>
<opset="curr_localImage_11/1 "/>
</bind>
</comp>

<comp id="178" class="1004" name="curr_localImage_10_alloca_fu_178">
<pin_list>
<pin id="179" dir="0" index="0" bw="1" slack="0"/>
<pin id="180" dir="1" index="1" bw="32" slack="2147483647"/>
</pin_list>
<bind>
<opcode="alloca(26) " fcode="alloca"/>
<opset="curr_localImage_10/1 "/>
</bind>
</comp>

<comp id="182" class="1004" name="curr_localImage_9_alloca_fu_182">
<pin_list>
<pin id="183" dir="0" index="0" bw="1" slack="0"/>
<pin id="184" dir="1" index="1" bw="32" slack="2147483647"/>
</pin_list>
<bind>
<opcode="alloca(26) " fcode="alloca"/>
<opset="curr_localImage_9/1 "/>
</bind>
</comp>

<comp id="186" class="1004" name="curr_localImage_8_alloca_fu_186">
<pin_list>
<pin id="187" dir="0" index="0" bw="1" slack="0"/>
<pin id="188" dir="1" index="1" bw="32" slack="2147483647"/>
</pin_list>
<bind>
<opcode="alloca(26) " fcode="alloca"/>
<opset="curr_localImage_8/1 "/>
</bind>
</comp>

<comp id="190" class="1004" name="curr_localImage_7_alloca_fu_190">
<pin_list>
<pin id="191" dir="0" index="0" bw="1" slack="0"/>
<pin id="192" dir="1" index="1" bw="32" slack="2147483647"/>
</pin_list>
<bind>
<opcode="alloca(26) " fcode="alloca"/>
<opset="curr_localImage_7/1 "/>
</bind>
</comp>

<comp id="194" class="1004" name="curr_localImage_6_alloca_fu_194">
<pin_list>
<pin id="195" dir="0" index="0" bw="1" slack="0"/>
<pin id="196" dir="1" index="1" bw="32" slack="2147483647"/>
</pin_list>
<bind>
<opcode="alloca(26) " fcode="alloca"/>
<opset="curr_localImage_6/1 "/>
</bind>
</comp>

<comp id="198" class="1004" name="curr_localImage_5_alloca_fu_198">
<pin_list>
<pin id="199" dir="0" index="0" bw="1" slack="0"/>
<pin id="200" dir="1" index="1" bw="32" slack="2147483647"/>
</pin_list>
<bind>
<opcode="alloca(26) " fcode="alloca"/>
<opset="curr_localImage_5/1 "/>
</bind>
</comp>

<comp id="202" class="1004" name="curr_localImage_4_alloca_fu_202">
<pin_list>
<pin id="203" dir="0" index="0" bw="1" slack="0"/>
<pin id="204" dir="1" index="1" bw="32" slack="2147483647"/>
</pin_list>
<bind>
<opcode="alloca(26) " fcode="alloca"/>
<opset="curr_localImage_4/1 "/>
</bind>
</comp>

<comp id="206" class="1004" name="curr_localImage_3_alloca_fu_206">
<pin_list>
<pin id="207" dir="0" index="0" bw="1" slack="0"/>
<pin id="208" dir="1" index="1" bw="32" slack="2147483647"/>
</pin_list>
<bind>
<opcode="alloca(26) " fcode="alloca"/>
<opset="curr_localImage_3/1 "/>
</bind>
</comp>

<comp id="210" class="1004" name="curr_localImage_2_alloca_fu_210">
<pin_list>
<pin id="211" dir="0" index="0" bw="1" slack="0"/>
<pin id="212" dir="1" index="1" bw="32" slack="2147483647"/>
</pin_list>
<bind>
<opcode="alloca(26) " fcode="alloca"/>
<opset="curr_localImage_2/1 "/>
</bind>
</comp>

<comp id="214" class="1004" name="curr_localImage_1_alloca_fu_214">
<pin_list>
<pin id="215" dir="0" index="0" bw="1" slack="0"/>
<pin id="216" dir="1" index="1" bw="32" slack="2147483647"/>
</pin_list>
<bind>
<opcode="alloca(26) " fcode="alloca"/>
<opset="curr_localImage_1/1 "/>
</bind>
</comp>

<comp id="218" class="1004" name="curr_localImage_16_alloca_fu_218">
<pin_list>
<pin id="219" dir="0" index="0" bw="1" slack="0"/>
<pin id="220" dir="1" index="1" bw="32" slack="2147483647"/>
</pin_list>
<bind>
<opcode="alloca(26) " fcode="alloca"/>
<opset="curr_localImage_16/1 "/>
</bind>
</comp>

<comp id="222" class="1004" name="curr_fullImage_alloca_fu_222">
<pin_list>
<pin id="223" dir="0" index="0" bw="1" slack="0"/>
<pin id="224" dir="1" index="1" bw="32" slack="2147483647"/>
</pin_list>
<bind>
<opcode="alloca(26) " fcode="alloca"/>
<opset="curr_fullImage/1 "/>
</bind>
</comp>

<comp id="226" class="1004" name="curr_fullImage_1_113_alloca_fu_226">
<pin_list>
<pin id="227" dir="0" index="0" bw="1" slack="0"/>
<pin id="228" dir="1" index="1" bw="32" slack="2147483647"/>
</pin_list>
<bind>
<opcode="alloca(26) " fcode="alloca"/>
<opset="curr_fullImage_1_113/1 "/>
</bind>
</comp>

<comp id="230" class="1004" name="curr_fullImage_2_114_alloca_fu_230">
<pin_list>
<pin id="231" dir="0" index="0" bw="1" slack="0"/>
<pin id="232" dir="1" index="1" bw="32" slack="2147483647"/>
</pin_list>
<bind>
<opcode="alloca(26) " fcode="alloca"/>
<opset="curr_fullImage_2_114/1 "/>
</bind>
</comp>

<comp id="234" class="1004" name="curr_fullImage_3_115_alloca_fu_234">
<pin_list>
<pin id="235" dir="0" index="0" bw="1" slack="0"/>
<pin id="236" dir="1" index="1" bw="32" slack="2147483647"/>
</pin_list>
<bind>
<opcode="alloca(26) " fcode="alloca"/>
<opset="curr_fullImage_3_115/1 "/>
</bind>
</comp>

<comp id="238" class="1004" name="curr_fullImage_4_116_alloca_fu_238">
<pin_list>
<pin id="239" dir="0" index="0" bw="1" slack="0"/>
<pin id="240" dir="1" index="1" bw="32" slack="2147483647"/>
</pin_list>
<bind>
<opcode="alloca(26) " fcode="alloca"/>
<opset="curr_fullImage_4_116/1 "/>
</bind>
</comp>

<comp id="242" class="1004" name="curr_fullImage_5_117_alloca_fu_242">
<pin_list>
<pin id="243" dir="0" index="0" bw="1" slack="0"/>
<pin id="244" dir="1" index="1" bw="32" slack="2147483647"/>
</pin_list>
<bind>
<opcode="alloca(26) " fcode="alloca"/>
<opset="curr_fullImage_5_117/1 "/>
</bind>
</comp>

<comp id="246" class="1004" name="curr_fullImage_6_118_alloca_fu_246">
<pin_list>
<pin id="247" dir="0" index="0" bw="1" slack="0"/>
<pin id="248" dir="1" index="1" bw="32" slack="2147483647"/>
</pin_list>
<bind>
<opcode="alloca(26) " fcode="alloca"/>
<opset="curr_fullImage_6_118/1 "/>
</bind>
</comp>

<comp id="250" class="1004" name="curr_fullImage_7_119_alloca_fu_250">
<pin_list>
<pin id="251" dir="0" index="0" bw="1" slack="0"/>
<pin id="252" dir="1" index="1" bw="32" slack="2147483647"/>
</pin_list>
<bind>
<opcode="alloca(26) " fcode="alloca"/>
<opset="curr_fullImage_7_119/1 "/>
</bind>
</comp>

<comp id="254" class="1004" name="curr_fullImage_8_120_alloca_fu_254">
<pin_list>
<pin id="255" dir="0" index="0" bw="1" slack="0"/>
<pin id="256" dir="1" index="1" bw="32" slack="2147483647"/>
</pin_list>
<bind>
<opcode="alloca(26) " fcode="alloca"/>
<opset="curr_fullImage_8_120/1 "/>
</bind>
</comp>

<comp id="258" class="1004" name="curr_fullImage_9_121_alloca_fu_258">
<pin_list>
<pin id="259" dir="0" index="0" bw="1" slack="0"/>
<pin id="260" dir="1" index="1" bw="32" slack="2147483647"/>
</pin_list>
<bind>
<opcode="alloca(26) " fcode="alloca"/>
<opset="curr_fullImage_9_121/1 "/>
</bind>
</comp>

<comp id="262" class="1004" name="curr_fullImage_10_122_alloca_fu_262">
<pin_list>
<pin id="263" dir="0" index="0" bw="1" slack="0"/>
<pin id="264" dir="1" index="1" bw="32" slack="2147483647"/>
</pin_list>
<bind>
<opcode="alloca(26) " fcode="alloca"/>
<opset="curr_fullImage_10_122/1 "/>
</bind>
</comp>

<comp id="266" class="1004" name="curr_fullImage_11_123_alloca_fu_266">
<pin_list>
<pin id="267" dir="0" index="0" bw="1" slack="0"/>
<pin id="268" dir="1" index="1" bw="32" slack="2147483647"/>
</pin_list>
<bind>
<opcode="alloca(26) " fcode="alloca"/>
<opset="curr_fullImage_11_123/1 "/>
</bind>
</comp>

<comp id="270" class="1004" name="curr_fullImage_12_124_alloca_fu_270">
<pin_list>
<pin id="271" dir="0" index="0" bw="1" slack="0"/>
<pin id="272" dir="1" index="1" bw="32" slack="2147483647"/>
</pin_list>
<bind>
<opcode="alloca(26) " fcode="alloca"/>
<opset="curr_fullImage_12_124/1 "/>
</bind>
</comp>

<comp id="274" class="1004" name="curr_fullImage_13_125_alloca_fu_274">
<pin_list>
<pin id="275" dir="0" index="0" bw="1" slack="0"/>
<pin id="276" dir="1" index="1" bw="32" slack="2147483647"/>
</pin_list>
<bind>
<opcode="alloca(26) " fcode="alloca"/>
<opset="curr_fullImage_13_125/1 "/>
</bind>
</comp>

<comp id="278" class="1004" name="curr_fullImage_14_126_alloca_fu_278">
<pin_list>
<pin id="279" dir="0" index="0" bw="1" slack="0"/>
<pin id="280" dir="1" index="1" bw="32" slack="2147483647"/>
</pin_list>
<bind>
<opcode="alloca(26) " fcode="alloca"/>
<opset="curr_fullImage_14_126/1 "/>
</bind>
</comp>

<comp id="282" class="1004" name="curr_fullImage_15_alloca_fu_282">
<pin_list>
<pin id="283" dir="0" index="0" bw="1" slack="0"/>
<pin id="284" dir="1" index="1" bw="32" slack="2147483647"/>
</pin_list>
<bind>
<opcode="alloca(26) " fcode="alloca"/>
<opset="curr_fullImage_15/1 "/>
</bind>
</comp>

<comp id="286" class="1004" name="curr_fullImage_14_alloca_fu_286">
<pin_list>
<pin id="287" dir="0" index="0" bw="1" slack="0"/>
<pin id="288" dir="1" index="1" bw="32" slack="2147483647"/>
</pin_list>
<bind>
<opcode="alloca(26) " fcode="alloca"/>
<opset="curr_fullImage_14/1 "/>
</bind>
</comp>

<comp id="290" class="1004" name="curr_fullImage_13_alloca_fu_290">
<pin_list>
<pin id="291" dir="0" index="0" bw="1" slack="0"/>
<pin id="292" dir="1" index="1" bw="32" slack="2147483647"/>
</pin_list>
<bind>
<opcode="alloca(26) " fcode="alloca"/>
<opset="curr_fullImage_13/1 "/>
</bind>
</comp>

<comp id="294" class="1004" name="curr_fullImage_12_alloca_fu_294">
<pin_list>
<pin id="295" dir="0" index="0" bw="1" slack="0"/>
<pin id="296" dir="1" index="1" bw="32" slack="2147483647"/>
</pin_list>
<bind>
<opcode="alloca(26) " fcode="alloca"/>
<opset="curr_fullImage_12/1 "/>
</bind>
</comp>

<comp id="298" class="1004" name="curr_fullImage_11_alloca_fu_298">
<pin_list>
<pin id="299" dir="0" index="0" bw="1" slack="0"/>
<pin id="300" dir="1" index="1" bw="32" slack="2147483647"/>
</pin_list>
<bind>
<opcode="alloca(26) " fcode="alloca"/>
<opset="curr_fullImage_11/1 "/>
</bind>
</comp>

<comp id="302" class="1004" name="curr_fullImage_10_alloca_fu_302">
<pin_list>
<pin id="303" dir="0" index="0" bw="1" slack="0"/>
<pin id="304" dir="1" index="1" bw="32" slack="2147483647"/>
</pin_list>
<bind>
<opcode="alloca(26) " fcode="alloca"/>
<opset="curr_fullImage_10/1 "/>
</bind>
</comp>

<comp id="306" class="1004" name="curr_fullImage_9_alloca_fu_306">
<pin_list>
<pin id="307" dir="0" index="0" bw="1" slack="0"/>
<pin id="308" dir="1" index="1" bw="32" slack="2147483647"/>
</pin_list>
<bind>
<opcode="alloca(26) " fcode="alloca"/>
<opset="curr_fullImage_9/1 "/>
</bind>
</comp>

<comp id="310" class="1004" name="curr_fullImage_8_alloca_fu_310">
<pin_list>
<pin id="311" dir="0" index="0" bw="1" slack="0"/>
<pin id="312" dir="1" index="1" bw="32" slack="2147483647"/>
</pin_list>
<bind>
<opcode="alloca(26) " fcode="alloca"/>
<opset="curr_fullImage_8/1 "/>
</bind>
</comp>

<comp id="314" class="1004" name="curr_fullImage_7_alloca_fu_314">
<pin_list>
<pin id="315" dir="0" index="0" bw="1" slack="0"/>
<pin id="316" dir="1" index="1" bw="32" slack="2147483647"/>
</pin_list>
<bind>
<opcode="alloca(26) " fcode="alloca"/>
<opset="curr_fullImage_7/1 "/>
</bind>
</comp>

<comp id="318" class="1004" name="curr_fullImage_6_alloca_fu_318">
<pin_list>
<pin id="319" dir="0" index="0" bw="1" slack="0"/>
<pin id="320" dir="1" index="1" bw="32" slack="2147483647"/>
</pin_list>
<bind>
<opcode="alloca(26) " fcode="alloca"/>
<opset="curr_fullImage_6/1 "/>
</bind>
</comp>

<comp id="322" class="1004" name="curr_fullImage_5_alloca_fu_322">
<pin_list>
<pin id="323" dir="0" index="0" bw="1" slack="0"/>
<pin id="324" dir="1" index="1" bw="32" slack="2147483647"/>
</pin_list>
<bind>
<opcode="alloca(26) " fcode="alloca"/>
<opset="curr_fullImage_5/1 "/>
</bind>
</comp>

<comp id="326" class="1004" name="curr_fullImage_4_alloca_fu_326">
<pin_list>
<pin id="327" dir="0" index="0" bw="1" slack="0"/>
<pin id="328" dir="1" index="1" bw="32" slack="2147483647"/>
</pin_list>
<bind>
<opcode="alloca(26) " fcode="alloca"/>
<opset="curr_fullImage_4/1 "/>
</bind>
</comp>

<comp id="330" class="1004" name="curr_fullImage_3_alloca_fu_330">
<pin_list>
<pin id="331" dir="0" index="0" bw="1" slack="0"/>
<pin id="332" dir="1" index="1" bw="32" slack="2147483647"/>
</pin_list>
<bind>
<opcode="alloca(26) " fcode="alloca"/>
<opset="curr_fullImage_3/1 "/>
</bind>
</comp>

<comp id="334" class="1004" name="curr_fullImage_2_alloca_fu_334">
<pin_list>
<pin id="335" dir="0" index="0" bw="1" slack="0"/>
<pin id="336" dir="1" index="1" bw="32" slack="2147483647"/>
</pin_list>
<bind>
<opcode="alloca(26) " fcode="alloca"/>
<opset="curr_fullImage_2/1 "/>
</bind>
</comp>

<comp id="338" class="1004" name="curr_fullImage_1_alloca_fu_338">
<pin_list>
<pin id="339" dir="0" index="0" bw="1" slack="0"/>
<pin id="340" dir="1" index="1" bw="32" slack="2147483647"/>
</pin_list>
<bind>
<opcode="alloca(26) " fcode="alloca"/>
<opset="curr_fullImage_1/1 "/>
</bind>
</comp>

<comp id="342" class="1004" name="curr_fullImage_16_alloca_fu_342">
<pin_list>
<pin id="343" dir="0" index="0" bw="1" slack="0"/>
<pin id="344" dir="1" index="1" bw="32" slack="2147483647"/>
</pin_list>
<bind>
<opcode="alloca(26) " fcode="alloca"/>
<opset="curr_fullImage_16/1 "/>
</bind>
</comp>

<comp id="346" class="1004" name="atomLocations1_read_read_fu_346">
<pin_list>
<pin id="347" dir="0" index="0" bw="64" slack="0"/>
<pin id="348" dir="0" index="1" bw="64" slack="0"/>
<pin id="349" dir="1" index="2" bw="64" slack="0"/>
</pin_list>
<bind>
<opcode="read(1150) " fcode="read"/>
<opset="atomLocations1_read/1 "/>
</bind>
</comp>

<comp id="352" class="1004" name="projShape1_read_read_fu_352">
<pin_list>
<pin id="353" dir="0" index="0" bw="32" slack="0"/>
<pin id="354" dir="0" index="1" bw="32" slack="0"/>
<pin id="355" dir="1" index="2" bw="32" slack="0"/>
</pin_list>
<bind>
<opcode="read(1150) " fcode="read"/>
<opset="projShape1_read/1 "/>
</bind>
</comp>

<comp id="358" class="1004" name="projShape0_read_read_fu_358">
<pin_list>
<pin id="359" dir="0" index="0" bw="32" slack="0"/>
<pin id="360" dir="0" index="1" bw="32" slack="0"/>
<pin id="361" dir="1" index="2" bw="32" slack="0"/>
</pin_list>
<bind>
<opcode="read(1150) " fcode="read"/>
<opset="projShape0_read/1 "/>
</bind>
</comp>

<comp id="364" class="1004" name="psfSupersample_read_read_fu_364">
<pin_list>
<pin id="365" dir="0" index="0" bw="32" slack="0"/>
<pin id="366" dir="0" index="1" bw="32" slack="0"/>
<pin id="367" dir="1" index="2" bw="32" slack="0"/>
</pin_list>
<bind>
<opcode="read(1150) " fcode="read"/>
<opset="psfSupersample_read/1 "/>
</bind>
</comp>

<comp id="370" class="1004" name="conv_read_read_fu_370">
<pin_list>
<pin id="371" dir="0" index="0" bw="16" slack="0"/>
<pin id="372" dir="0" index="1" bw="16" slack="0"/>
<pin id="373" dir="1" index="2" bw="16" slack="0"/>
</pin_list>
<bind>
<opcode="read(1150) " fcode="read"/>
<opset="conv_read/1 "/>
</bind>
</comp>

<comp id="376" class="1004" name="imageProjs_local3_read_read_fu_376">
<pin_list>
<pin id="377" dir="0" index="0" bw="64" slack="0"/>
<pin id="378" dir="0" index="1" bw="64" slack="0"/>
<pin id="379" dir="1" index="2" bw="64" slack="0"/>
</pin_list>
<bind>
<opcode="read(1150) " fcode="read"/>
<opset="imageProjs_local3_read/3 "/>
</bind>
</comp>

<comp id="382" class="1004" name="fullImage2_read_read_fu_382">
<pin_list>
<pin id="383" dir="0" index="0" bw="64" slack="0"/>
<pin id="384" dir="0" index="1" bw="64" slack="0"/>
<pin id="385" dir="1" index="2" bw="64" slack="0"/>
</pin_list>
<bind>
<opcode="read(1150) " fcode="read"/>
<opset="fullImage2_read/3 "/>
</bind>
</comp>

<comp id="388" class="1004" name="tmp_read_fu_388">
<pin_list>
<pin id="389" dir="0" index="0" bw="64" slack="0"/>
<pin id="390" dir="0" index="1" bw="64" slack="0"/>
<pin id="391" dir="1" index="2" bw="64" slack="0"/>
</pin_list>
<bind>
<opcode="read(1150) " fcode="read"/>
<opset="tmp/3 "/>
</bind>
</comp>

<comp id="394" class="1004" name="emissions4_read_read_fu_394">
<pin_list>
<pin id="395" dir="0" index="0" bw="64" slack="0"/>
<pin id="396" dir="0" index="1" bw="64" slack="0"/>
<pin id="397" dir="1" index="2" bw="64" slack="0"/>
</pin_list>
<bind>
<opcode="read(1150) " fcode="read"/>
<opset="emissions4_read/6 "/>
</bind>
</comp>

<comp id="400" class="1004" name="idx_0_read_read_fu_400">
<pin_list>
<pin id="401" dir="0" index="0" bw="16" slack="0"/>
<pin id="402" dir="0" index="1" bw="16" slack="0"/>
<pin id="403" dir="1" index="2" bw="16" slack="0"/>
</pin_list>
<bind>
<opcode="read(1150) " fcode="read"/>
<opset="idx_0_read/6 "/>
</bind>
</comp>

<comp id="406" class="1004" name="grp_getLocalImages_single_fu_406">
<pin_list>
<pin id="407" dir="0" index="0" bw="0" slack="0"/>
<pin id="408" dir="0" index="1" bw="16" slack="0"/>
<pin id="409" dir="0" index="2" bw="32" slack="0"/>
<pin id="410" dir="0" index="3" bw="32" slack="0"/>
<pin id="411" dir="0" index="4" bw="32" slack="0"/>
<pin id="412" dir="0" index="5" bw="64" slack="0"/>
<pin id="413" dir="0" index="6" bw="64" slack="0"/>
<pin id="414" dir="0" index="7" bw="256" slack="0"/>
<pin id="415" dir="0" index="8" bw="23" slack="0"/>
<pin id="416" dir="0" index="9" bw="24" slack="0"/>
<pin id="417" dir="1" index="10" bw="0" slack="2147483647"/>
</pin_list>
<bind>
<opcode="call(48) " fcode="call"/>
<opset="call_ln165/1 "/>
</bind>
</comp>

<comp id="427" class="1004" name="grp_Image_extract_fu_427">
<pin_list>
<pin id="428" dir="0" index="0" bw="32" slack="0"/>
<pin id="429" dir="0" index="1" bw="256" slack="2"/>
<pin id="430" dir="0" index="2" bw="32" slack="0"/>
<pin id="431" dir="0" index="3" bw="64" slack="0"/>
<pin id="432" dir="0" index="4" bw="32" slack="2147483647"/>
<pin id="433" dir="0" index="5" bw="32" slack="2147483647"/>
<pin id="434" dir="0" index="6" bw="32" slack="2147483647"/>
<pin id="435" dir="0" index="7" bw="32" slack="2147483647"/>
<pin id="436" dir="0" index="8" bw="32" slack="2147483647"/>
<pin id="437" dir="0" index="9" bw="32" slack="2147483647"/>
<pin id="438" dir="0" index="10" bw="32" slack="2147483647"/>
<pin id="439" dir="0" index="11" bw="32" slack="2147483647"/>
<pin id="440" dir="0" index="12" bw="32" slack="2147483647"/>
<pin id="441" dir="0" index="13" bw="32" slack="2147483647"/>
<pin id="442" dir="0" index="14" bw="32" slack="2147483647"/>
<pin id="443" dir="0" index="15" bw="32" slack="2147483647"/>
<pin id="444" dir="0" index="16" bw="32" slack="2147483647"/>
<pin id="445" dir="0" index="17" bw="32" slack="2147483647"/>
<pin id="446" dir="0" index="18" bw="32" slack="2147483647"/>
<pin id="447" dir="0" index="19" bw="32" slack="2147483647"/>
<pin id="448" dir="0" index="20" bw="32" slack="2147483647"/>
<pin id="449" dir="0" index="21" bw="32" slack="2147483647"/>
<pin id="450" dir="0" index="22" bw="32" slack="2147483647"/>
<pin id="451" dir="0" index="23" bw="32" slack="2147483647"/>
<pin id="452" dir="0" index="24" bw="32" slack="2147483647"/>
<pin id="453" dir="0" index="25" bw="32" slack="2147483647"/>
<pin id="454" dir="0" index="26" bw="32" slack="2147483647"/>
<pin id="455" dir="0" index="27" bw="32" slack="2147483647"/>
<pin id="456" dir="0" index="28" bw="32" slack="2147483647"/>
<pin id="457" dir="0" index="29" bw="32" slack="2147483647"/>
<pin id="458" dir="0" index="30" bw="32" slack="2147483647"/>
<pin id="459" dir="0" index="31" bw="32" slack="2147483647"/>
<pin id="460" dir="0" index="32" bw="32" slack="2147483647"/>
<pin id="461" dir="0" index="33" bw="32" slack="2147483647"/>
<pin id="462" dir="0" index="34" bw="32" slack="2147483647"/>
<pin id="463" dir="0" index="35" bw="32" slack="0"/>
<pin id="464" dir="0" index="36" bw="64" slack="0"/>
<pin id="465" dir="0" index="37" bw="32" slack="2147483647"/>
<pin id="466" dir="0" index="38" bw="32" slack="2147483647"/>
<pin id="467" dir="0" index="39" bw="32" slack="2147483647"/>
<pin id="468" dir="0" index="40" bw="32" slack="2147483647"/>
<pin id="469" dir="0" index="41" bw="32" slack="2147483647"/>
<pin id="470" dir="0" index="42" bw="32" slack="2147483647"/>
<pin id="471" dir="0" index="43" bw="32" slack="2147483647"/>
<pin id="472" dir="0" index="44" bw="32" slack="2147483647"/>
<pin id="473" dir="0" index="45" bw="32" slack="2147483647"/>
<pin id="474" dir="0" index="46" bw="32" slack="2147483647"/>
<pin id="475" dir="0" index="47" bw="32" slack="2147483647"/>
<pin id="476" dir="0" index="48" bw="32" slack="2147483647"/>
<pin id="477" dir="0" index="49" bw="32" slack="2147483647"/>
<pin id="478" dir="0" index="50" bw="32" slack="2147483647"/>
<pin id="479" dir="0" index="51" bw="32" slack="2147483647"/>
<pin id="480" dir="0" index="52" bw="32" slack="2147483647"/>
<pin id="481" dir="0" index="53" bw="32" slack="2147483647"/>
<pin id="482" dir="0" index="54" bw="32" slack="2147483647"/>
<pin id="483" dir="0" index="55" bw="32" slack="2147483647"/>
<pin id="484" dir="0" index="56" bw="32" slack="2147483647"/>
<pin id="485" dir="0" index="57" bw="32" slack="2147483647"/>
<pin id="486" dir="0" index="58" bw="32" slack="2147483647"/>
<pin id="487" dir="0" index="59" bw="32" slack="2147483647"/>
<pin id="488" dir="0" index="60" bw="32" slack="2147483647"/>
<pin id="489" dir="0" index="61" bw="32" slack="2147483647"/>
<pin id="490" dir="0" index="62" bw="32" slack="2147483647"/>
<pin id="491" dir="0" index="63" bw="32" slack="2147483647"/>
<pin id="492" dir="0" index="64" bw="32" slack="2147483647"/>
<pin id="493" dir="0" index="65" bw="32" slack="2147483647"/>
<pin id="494" dir="0" index="66" bw="32" slack="2147483647"/>
<pin id="495" dir="0" index="67" bw="32" slack="2147483647"/>
<pin id="496" dir="0" index="68" bw="32" slack="0"/>
<pin id="497" dir="0" index="69" bw="64" slack="0"/>
<pin id="498" dir="1" index="70" bw="32" slack="2"/>
</pin_list>
<bind>
<opcode="call(48) " fcode="call"/>
<opset="curr_imageProjs/3 "/>
</bind>
</comp>

<comp id="506" class="1004" name="grp_conv_kernel_fu_506">
<pin_list>
<pin id="507" dir="0" index="0" bw="64" slack="0"/>
<pin id="508" dir="0" index="1" bw="32" slack="2147483647"/>
<pin id="509" dir="0" index="2" bw="32" slack="2147483647"/>
<pin id="510" dir="0" index="3" bw="32" slack="2147483647"/>
<pin id="511" dir="0" index="4" bw="32" slack="2147483647"/>
<pin id="512" dir="0" index="5" bw="32" slack="2147483647"/>
<pin id="513" dir="0" index="6" bw="32" slack="2147483647"/>
<pin id="514" dir="0" index="7" bw="32" slack="2147483647"/>
<pin id="515" dir="0" index="8" bw="32" slack="2147483647"/>
<pin id="516" dir="0" index="9" bw="32" slack="2147483647"/>
<pin id="517" dir="0" index="10" bw="32" slack="2147483647"/>
<pin id="518" dir="0" index="11" bw="32" slack="2147483647"/>
<pin id="519" dir="0" index="12" bw="32" slack="2147483647"/>
<pin id="520" dir="0" index="13" bw="32" slack="2147483647"/>
<pin id="521" dir="0" index="14" bw="32" slack="2147483647"/>
<pin id="522" dir="0" index="15" bw="32" slack="2147483647"/>
<pin id="523" dir="0" index="16" bw="32" slack="2147483647"/>
<pin id="524" dir="0" index="17" bw="32" slack="2147483647"/>
<pin id="525" dir="0" index="18" bw="32" slack="2147483647"/>
<pin id="526" dir="0" index="19" bw="32" slack="2147483647"/>
<pin id="527" dir="0" index="20" bw="32" slack="2147483647"/>
<pin id="528" dir="0" index="21" bw="32" slack="2147483647"/>
<pin id="529" dir="0" index="22" bw="32" slack="2147483647"/>
<pin id="530" dir="0" index="23" bw="32" slack="2147483647"/>
<pin id="531" dir="0" index="24" bw="32" slack="2147483647"/>
<pin id="532" dir="0" index="25" bw="32" slack="2147483647"/>
<pin id="533" dir="0" index="26" bw="32" slack="2147483647"/>
<pin id="534" dir="0" index="27" bw="32" slack="2147483647"/>
<pin id="535" dir="0" index="28" bw="32" slack="2147483647"/>
<pin id="536" dir="0" index="29" bw="32" slack="2147483647"/>
<pin id="537" dir="0" index="30" bw="32" slack="2147483647"/>
<pin id="538" dir="0" index="31" bw="32" slack="2147483647"/>
<pin id="539" dir="0" index="32" bw="32" slack="2147483647"/>
<pin id="540" dir="0" index="33" bw="32" slack="2147483647"/>
<pin id="541" dir="0" index="34" bw="32" slack="2147483647"/>
<pin id="542" dir="0" index="35" bw="32" slack="2147483647"/>
<pin id="543" dir="0" index="36" bw="32" slack="2147483647"/>
<pin id="544" dir="0" index="37" bw="32" slack="2147483647"/>
<pin id="545" dir="0" index="38" bw="32" slack="2147483647"/>
<pin id="546" dir="0" index="39" bw="32" slack="2147483647"/>
<pin id="547" dir="0" index="40" bw="32" slack="2147483647"/>
<pin id="548" dir="0" index="41" bw="32" slack="2147483647"/>
<pin id="549" dir="0" index="42" bw="32" slack="2147483647"/>
<pin id="550" dir="0" index="43" bw="32" slack="2147483647"/>
<pin id="551" dir="0" index="44" bw="32" slack="2147483647"/>
<pin id="552" dir="0" index="45" bw="32" slack="2147483647"/>
<pin id="553" dir="0" index="46" bw="32" slack="2147483647"/>
<pin id="554" dir="0" index="47" bw="32" slack="2147483647"/>
<pin id="555" dir="0" index="48" bw="32" slack="2147483647"/>
<pin id="556" dir="0" index="49" bw="32" slack="2147483647"/>
<pin id="557" dir="0" index="50" bw="32" slack="2147483647"/>
<pin id="558" dir="0" index="51" bw="32" slack="2147483647"/>
<pin id="559" dir="0" index="52" bw="32" slack="2147483647"/>
<pin id="560" dir="0" index="53" bw="32" slack="2147483647"/>
<pin id="561" dir="0" index="54" bw="32" slack="2147483647"/>
<pin id="562" dir="0" index="55" bw="32" slack="2147483647"/>
<pin id="563" dir="0" index="56" bw="32" slack="2147483647"/>
<pin id="564" dir="0" index="57" bw="32" slack="2147483647"/>
<pin id="565" dir="0" index="58" bw="32" slack="2147483647"/>
<pin id="566" dir="0" index="59" bw="32" slack="2147483647"/>
<pin id="567" dir="0" index="60" bw="32" slack="2147483647"/>
<pin id="568" dir="0" index="61" bw="32" slack="2147483647"/>
<pin id="569" dir="0" index="62" bw="32" slack="2147483647"/>
<pin id="570" dir="1" index="63" bw="64" slack="0"/>
</pin_list>
<bind>
<opcode="call(48) " fcode="call"/>
<opset="call_ret1/5 "/>
</bind>
</comp>

<comp id="572" class="1004" name="call_ret_dataflow_in_loop_VITIS_LOOP_149_1_1_Block_newFuncRoot_proc_fu_572">
<pin_list>
<pin id="573" dir="0" index="0" bw="64" slack="0"/>
<pin id="574" dir="0" index="1" bw="16" slack="0"/>
<pin id="575" dir="0" index="2" bw="64" slack="0"/>
<pin id="576" dir="1" index="3" bw="64" slack="0"/>
</pin_list>
<bind>
<opcode="call(48) " fcode="call"/>
<opset="call_ret/6 "/>
</bind>
</comp>

<comp id="580" class="1004" name="grp_post_process_fu_580">
<pin_list>
<pin id="581" dir="0" index="0" bw="0" slack="0"/>
<pin id="582" dir="0" index="1" bw="32" slack="0"/>
<pin id="583" dir="0" index="2" bw="32" slack="0"/>
<pin id="584" dir="0" index="3" bw="32" slack="2"/>
<pin id="585" dir="0" index="4" bw="32" slack="0"/>
<pin id="586" dir="0" index="5" bw="64" slack="0"/>
<pin id="587" dir="1" index="6" bw="0" slack="2147483647"/>
</pin_list>
<bind>
<opcode="call(48) " fcode="call"/>
<opset="call_ln169/6 "/>
</bind>
</comp>

<comp id="591" class="1004" name="projSumUsed_fu_591">
<pin_list>
<pin id="592" dir="0" index="0" bw="64" slack="0"/>
<pin id="593" dir="1" index="1" bw="32" slack="0"/>
</pin_list>
<bind>
<opcode="extractvalue(56) " fcode="extractvalue"/>
<opset="projSumUsed/6 "/>
</bind>
</comp>

<comp id="596" class="1004" name="sum_fu_596">
<pin_list>
<pin id="597" dir="0" index="0" bw="64" slack="0"/>
<pin id="598" dir="1" index="1" bw="32" slack="0"/>
</pin_list>
<bind>
<opcode="extractvalue(56) " fcode="extractvalue"/>
<opset="sum/6 "/>
</bind>
</comp>

<comp id="601" class="1005" name="atomLocations1_read_reg_601">
<pin_list>
<pin id="602" dir="0" index="0" bw="64" slack="1"/>
<pin id="603" dir="1" index="1" bw="64" slack="1"/>
</pin_list>
<bind>
<opset="atomLocations1_read "/>
</bind>
</comp>

<comp id="606" class="1005" name="projShape1_read_reg_606">
<pin_list>
<pin id="607" dir="0" index="0" bw="32" slack="1"/>
<pin id="608" dir="1" index="1" bw="32" slack="1"/>
</pin_list>
<bind>
<opset="projShape1_read "/>
</bind>
</comp>

<comp id="611" class="1005" name="projShape0_read_reg_611">
<pin_list>
<pin id="612" dir="0" index="0" bw="32" slack="1"/>
<pin id="613" dir="1" index="1" bw="32" slack="1"/>
</pin_list>
<bind>
<opset="projShape0_read "/>
</bind>
</comp>

<comp id="616" class="1005" name="psfSupersample_read_reg_616">
<pin_list>
<pin id="617" dir="0" index="0" bw="32" slack="1"/>
<pin id="618" dir="1" index="1" bw="32" slack="1"/>
</pin_list>
<bind>
<opset="psfSupersample_read "/>
</bind>
</comp>

<comp id="621" class="1005" name="conv_read_reg_621">
<pin_list>
<pin id="622" dir="0" index="0" bw="16" slack="1"/>
<pin id="623" dir="1" index="1" bw="16" slack="1"/>
</pin_list>
<bind>
<opset="conv_read "/>
</bind>
</comp>

<comp id="626" class="1005" name="localImages_reg_626">
<pin_list>
<pin id="627" dir="0" index="0" bw="256" slack="0"/>
<pin id="628" dir="1" index="1" bw="256" slack="0"/>
</pin_list>
<bind>
<opset="localImages "/>
</bind>
</comp>

<comp id="632" class="1005" name="imageProjs_local3_read_reg_632">
<pin_list>
<pin id="633" dir="0" index="0" bw="64" slack="1"/>
<pin id="634" dir="1" index="1" bw="64" slack="1"/>
</pin_list>
<bind>
<opset="imageProjs_local3_read "/>
</bind>
</comp>

<comp id="637" class="1005" name="fullImage2_read_reg_637">
<pin_list>
<pin id="638" dir="0" index="0" bw="64" slack="1"/>
<pin id="639" dir="1" index="1" bw="64" slack="1"/>
</pin_list>
<bind>
<opset="fullImage2_read "/>
</bind>
</comp>

<comp id="642" class="1005" name="tmp_reg_642">
<pin_list>
<pin id="643" dir="0" index="0" bw="64" slack="1"/>
<pin id="644" dir="1" index="1" bw="64" slack="1"/>
</pin_list>
<bind>
<opset="tmp "/>
</bind>
</comp>

<comp id="647" class="1005" name="curr_imageProjs_reg_647">
<pin_list>
<pin id="648" dir="0" index="0" bw="32" slack="2"/>
<pin id="649" dir="1" index="1" bw="32" slack="2"/>
</pin_list>
<bind>
<opset="curr_imageProjs "/>
</bind>
</comp>

<comp id="652" class="1005" name="call_ret_reg_652">
<pin_list>
<pin id="653" dir="0" index="0" bw="64" slack="1"/>
<pin id="654" dir="1" index="1" bw="64" slack="1"/>
</pin_list>
<bind>
<opset="call_ret "/>
</bind>
</comp>

<comp id="657" class="1005" name="projSumUsed_reg_657">
<pin_list>
<pin id="658" dir="0" index="0" bw="32" slack="1"/>
<pin id="659" dir="1" index="1" bw="32" slack="1"/>
</pin_list>
<bind>
<opset="projSumUsed "/>
</bind>
</comp>

<comp id="662" class="1005" name="sum_reg_662">
<pin_list>
<pin id="663" dir="0" index="0" bw="32" slack="1"/>
<pin id="664" dir="1" index="1" bw="32" slack="1"/>
</pin_list>
<bind>
<opset="sum "/>
</bind>
</comp>

</comp_list>

<net_list>
<net id="97"><net_src comp="40" pin="0"/><net_sink comp="94" pin=0"/></net>

<net id="101"><net_src comp="40" pin="0"/><net_sink comp="98" pin=0"/></net>

<net id="105"><net_src comp="40" pin="0"/><net_sink comp="102" pin=0"/></net>

<net id="109"><net_src comp="40" pin="0"/><net_sink comp="106" pin=0"/></net>

<net id="113"><net_src comp="40" pin="0"/><net_sink comp="110" pin=0"/></net>

<net id="117"><net_src comp="40" pin="0"/><net_sink comp="114" pin=0"/></net>

<net id="121"><net_src comp="40" pin="0"/><net_sink comp="118" pin=0"/></net>

<net id="125"><net_src comp="40" pin="0"/><net_sink comp="122" pin=0"/></net>

<net id="129"><net_src comp="40" pin="0"/><net_sink comp="126" pin=0"/></net>

<net id="133"><net_src comp="40" pin="0"/><net_sink comp="130" pin=0"/></net>

<net id="137"><net_src comp="40" pin="0"/><net_sink comp="134" pin=0"/></net>

<net id="141"><net_src comp="40" pin="0"/><net_sink comp="138" pin=0"/></net>

<net id="145"><net_src comp="40" pin="0"/><net_sink comp="142" pin=0"/></net>

<net id="149"><net_src comp="40" pin="0"/><net_sink comp="146" pin=0"/></net>

<net id="153"><net_src comp="40" pin="0"/><net_sink comp="150" pin=0"/></net>

<net id="157"><net_src comp="40" pin="0"/><net_sink comp="154" pin=0"/></net>

<net id="161"><net_src comp="40" pin="0"/><net_sink comp="158" pin=0"/></net>

<net id="165"><net_src comp="40" pin="0"/><net_sink comp="162" pin=0"/></net>

<net id="169"><net_src comp="40" pin="0"/><net_sink comp="166" pin=0"/></net>

<net id="173"><net_src comp="40" pin="0"/><net_sink comp="170" pin=0"/></net>

<net id="177"><net_src comp="40" pin="0"/><net_sink comp="174" pin=0"/></net>

<net id="181"><net_src comp="40" pin="0"/><net_sink comp="178" pin=0"/></net>

<net id="185"><net_src comp="40" pin="0"/><net_sink comp="182" pin=0"/></net>

<net id="189"><net_src comp="40" pin="0"/><net_sink comp="186" pin=0"/></net>

<net id="193"><net_src comp="40" pin="0"/><net_sink comp="190" pin=0"/></net>

<net id="197"><net_src comp="40" pin="0"/><net_sink comp="194" pin=0"/></net>

<net id="201"><net_src comp="40" pin="0"/><net_sink comp="198" pin=0"/></net>

<net id="205"><net_src comp="40" pin="0"/><net_sink comp="202" pin=0"/></net>

<net id="209"><net_src comp="40" pin="0"/><net_sink comp="206" pin=0"/></net>

<net id="213"><net_src comp="40" pin="0"/><net_sink comp="210" pin=0"/></net>

<net id="217"><net_src comp="40" pin="0"/><net_sink comp="214" pin=0"/></net>

<net id="221"><net_src comp="40" pin="0"/><net_sink comp="218" pin=0"/></net>

<net id="225"><net_src comp="40" pin="0"/><net_sink comp="222" pin=0"/></net>

<net id="229"><net_src comp="40" pin="0"/><net_sink comp="226" pin=0"/></net>

<net id="233"><net_src comp="40" pin="0"/><net_sink comp="230" pin=0"/></net>

<net id="237"><net_src comp="40" pin="0"/><net_sink comp="234" pin=0"/></net>

<net id="241"><net_src comp="40" pin="0"/><net_sink comp="238" pin=0"/></net>

<net id="245"><net_src comp="40" pin="0"/><net_sink comp="242" pin=0"/></net>

<net id="249"><net_src comp="40" pin="0"/><net_sink comp="246" pin=0"/></net>

<net id="253"><net_src comp="40" pin="0"/><net_sink comp="250" pin=0"/></net>

<net id="257"><net_src comp="40" pin="0"/><net_sink comp="254" pin=0"/></net>

<net id="261"><net_src comp="40" pin="0"/><net_sink comp="258" pin=0"/></net>

<net id="265"><net_src comp="40" pin="0"/><net_sink comp="262" pin=0"/></net>

<net id="269"><net_src comp="40" pin="0"/><net_sink comp="266" pin=0"/></net>

<net id="273"><net_src comp="40" pin="0"/><net_sink comp="270" pin=0"/></net>

<net id="277"><net_src comp="40" pin="0"/><net_sink comp="274" pin=0"/></net>

<net id="281"><net_src comp="40" pin="0"/><net_sink comp="278" pin=0"/></net>

<net id="285"><net_src comp="40" pin="0"/><net_sink comp="282" pin=0"/></net>

<net id="289"><net_src comp="40" pin="0"/><net_sink comp="286" pin=0"/></net>

<net id="293"><net_src comp="40" pin="0"/><net_sink comp="290" pin=0"/></net>

<net id="297"><net_src comp="40" pin="0"/><net_sink comp="294" pin=0"/></net>

<net id="301"><net_src comp="40" pin="0"/><net_sink comp="298" pin=0"/></net>

<net id="305"><net_src comp="40" pin="0"/><net_sink comp="302" pin=0"/></net>

<net id="309"><net_src comp="40" pin="0"/><net_sink comp="306" pin=0"/></net>

<net id="313"><net_src comp="40" pin="0"/><net_sink comp="310" pin=0"/></net>

<net id="317"><net_src comp="40" pin="0"/><net_sink comp="314" pin=0"/></net>

<net id="321"><net_src comp="40" pin="0"/><net_sink comp="318" pin=0"/></net>

<net id="325"><net_src comp="40" pin="0"/><net_sink comp="322" pin=0"/></net>

<net id="329"><net_src comp="40" pin="0"/><net_sink comp="326" pin=0"/></net>

<net id="333"><net_src comp="40" pin="0"/><net_sink comp="330" pin=0"/></net>

<net id="337"><net_src comp="40" pin="0"/><net_sink comp="334" pin=0"/></net>

<net id="341"><net_src comp="40" pin="0"/><net_sink comp="338" pin=0"/></net>

<net id="345"><net_src comp="40" pin="0"/><net_sink comp="342" pin=0"/></net>

<net id="350"><net_src comp="34" pin="0"/><net_sink comp="346" pin=0"/></net>

<net id="351"><net_src comp="10" pin="0"/><net_sink comp="346" pin=1"/></net>

<net id="356"><net_src comp="36" pin="0"/><net_sink comp="352" pin=0"/></net>

<net id="357"><net_src comp="6" pin="0"/><net_sink comp="352" pin=1"/></net>

<net id="362"><net_src comp="36" pin="0"/><net_sink comp="358" pin=0"/></net>

<net id="363"><net_src comp="4" pin="0"/><net_sink comp="358" pin=1"/></net>

<net id="368"><net_src comp="36" pin="0"/><net_sink comp="364" pin=0"/></net>

<net id="369"><net_src comp="2" pin="0"/><net_sink comp="364" pin=1"/></net>

<net id="374"><net_src comp="38" pin="0"/><net_sink comp="370" pin=0"/></net>

<net id="375"><net_src comp="0" pin="0"/><net_sink comp="370" pin=1"/></net>

<net id="380"><net_src comp="34" pin="0"/><net_sink comp="376" pin=0"/></net>

<net id="381"><net_src comp="22" pin="0"/><net_sink comp="376" pin=1"/></net>

<net id="386"><net_src comp="34" pin="0"/><net_sink comp="382" pin=0"/></net>

<net id="387"><net_src comp="18" pin="0"/><net_sink comp="382" pin=1"/></net>

<net id="392"><net_src comp="34" pin="0"/><net_sink comp="388" pin=0"/></net>

<net id="393"><net_src comp="14" pin="0"/><net_sink comp="388" pin=1"/></net>

<net id="398"><net_src comp="34" pin="0"/><net_sink comp="394" pin=0"/></net>

<net id="399"><net_src comp="28" pin="0"/><net_sink comp="394" pin=1"/></net>

<net id="404"><net_src comp="38" pin="0"/><net_sink comp="400" pin=0"/></net>

<net id="405"><net_src comp="24" pin="0"/><net_sink comp="400" pin=1"/></net>

<net id="418"><net_src comp="42" pin="0"/><net_sink comp="406" pin=0"/></net>

<net id="419"><net_src comp="370" pin="2"/><net_sink comp="406" pin=1"/></net>

<net id="420"><net_src comp="364" pin="2"/><net_sink comp="406" pin=2"/></net>

<net id="421"><net_src comp="358" pin="2"/><net_sink comp="406" pin=3"/></net>

<net id="422"><net_src comp="352" pin="2"/><net_sink comp="406" pin=4"/></net>

<net id="423"><net_src comp="8" pin="0"/><net_sink comp="406" pin=5"/></net>

<net id="424"><net_src comp="346" pin="2"/><net_sink comp="406" pin=6"/></net>

<net id="425"><net_src comp="30" pin="0"/><net_sink comp="406" pin=8"/></net>

<net id="426"><net_src comp="32" pin="0"/><net_sink comp="406" pin=9"/></net>

<net id="499"><net_src comp="44" pin="0"/><net_sink comp="427" pin=0"/></net>

<net id="500"><net_src comp="16" pin="0"/><net_sink comp="427" pin=2"/></net>

<net id="501"><net_src comp="382" pin="2"/><net_sink comp="427" pin=3"/></net>

<net id="502"><net_src comp="20" pin="0"/><net_sink comp="427" pin=35"/></net>

<net id="503"><net_src comp="376" pin="2"/><net_sink comp="427" pin=36"/></net>

<net id="504"><net_src comp="12" pin="0"/><net_sink comp="427" pin=68"/></net>

<net id="505"><net_src comp="388" pin="2"/><net_sink comp="427" pin=69"/></net>

<net id="571"><net_src comp="46" pin="0"/><net_sink comp="506" pin=0"/></net>

<net id="577"><net_src comp="48" pin="0"/><net_sink comp="572" pin=0"/></net>

<net id="578"><net_src comp="400" pin="2"/><net_sink comp="572" pin=1"/></net>

<net id="579"><net_src comp="394" pin="2"/><net_sink comp="572" pin=2"/></net>

<net id="588"><net_src comp="50" pin="0"/><net_sink comp="580" pin=0"/></net>

<net id="589"><net_src comp="26" pin="0"/><net_sink comp="580" pin=4"/></net>

<net id="590"><net_src comp="572" pin="3"/><net_sink comp="580" pin=5"/></net>

<net id="594"><net_src comp="506" pin="63"/><net_sink comp="591" pin=0"/></net>

<net id="595"><net_src comp="591" pin="1"/><net_sink comp="580" pin=1"/></net>

<net id="599"><net_src comp="506" pin="63"/><net_sink comp="596" pin=0"/></net>

<net id="600"><net_src comp="596" pin="1"/><net_sink comp="580" pin=2"/></net>

<net id="604"><net_src comp="346" pin="2"/><net_sink comp="601" pin=0"/></net>

<net id="605"><net_src comp="601" pin="1"/><net_sink comp="406" pin=6"/></net>

<net id="609"><net_src comp="352" pin="2"/><net_sink comp="606" pin=0"/></net>

<net id="610"><net_src comp="606" pin="1"/><net_sink comp="406" pin=4"/></net>

<net id="614"><net_src comp="358" pin="2"/><net_sink comp="611" pin=0"/></net>

<net id="615"><net_src comp="611" pin="1"/><net_sink comp="406" pin=3"/></net>

<net id="619"><net_src comp="364" pin="2"/><net_sink comp="616" pin=0"/></net>

<net id="620"><net_src comp="616" pin="1"/><net_sink comp="406" pin=2"/></net>

<net id="624"><net_src comp="370" pin="2"/><net_sink comp="621" pin=0"/></net>

<net id="625"><net_src comp="621" pin="1"/><net_sink comp="406" pin=1"/></net>

<net id="629"><net_src comp="94" pin="1"/><net_sink comp="626" pin=0"/></net>

<net id="630"><net_src comp="626" pin="1"/><net_sink comp="406" pin=7"/></net>

<net id="631"><net_src comp="626" pin="1"/><net_sink comp="427" pin=1"/></net>

<net id="635"><net_src comp="376" pin="2"/><net_sink comp="632" pin=0"/></net>

<net id="636"><net_src comp="632" pin="1"/><net_sink comp="427" pin=36"/></net>

<net id="640"><net_src comp="382" pin="2"/><net_sink comp="637" pin=0"/></net>

<net id="641"><net_src comp="637" pin="1"/><net_sink comp="427" pin=3"/></net>

<net id="645"><net_src comp="388" pin="2"/><net_sink comp="642" pin=0"/></net>

<net id="646"><net_src comp="642" pin="1"/><net_sink comp="427" pin=69"/></net>

<net id="650"><net_src comp="427" pin="70"/><net_sink comp="647" pin=0"/></net>

<net id="651"><net_src comp="647" pin="1"/><net_sink comp="580" pin=3"/></net>

<net id="655"><net_src comp="572" pin="3"/><net_sink comp="652" pin=0"/></net>

<net id="656"><net_src comp="652" pin="1"/><net_sink comp="580" pin=5"/></net>

<net id="660"><net_src comp="591" pin="1"/><net_sink comp="657" pin=0"/></net>

<net id="661"><net_src comp="657" pin="1"/><net_sink comp="580" pin=1"/></net>

<net id="665"><net_src comp="596" pin="1"/><net_sink comp="662" pin=0"/></net>

<net id="666"><net_src comp="662" pin="1"/><net_sink comp="580" pin=2"/></net>

</net_list>

</model> 
---------------- Datapath Model END ------------------

* FSMD analyzer results:
  - Output states:
	Port: atomLocations | {}
	Port: imageProjs | {}
	Port: fullImage | {}
	Port: imageProjs_local | {}
	Port: emissions | {6 7 }
	Port: mask_table | {}
	Port: one_half_table | {}
 - Input state : 
	Port: dataflow_in_loop_VITIS_LOOP_149_1.1 : conv | {1 }
	Port: dataflow_in_loop_VITIS_LOOP_149_1.1 : psfSupersample | {1 }
	Port: dataflow_in_loop_VITIS_LOOP_149_1.1 : projShape0 | {1 }
	Port: dataflow_in_loop_VITIS_LOOP_149_1.1 : projShape1 | {1 }
	Port: dataflow_in_loop_VITIS_LOOP_149_1.1 : atomLocations | {1 2 }
	Port: dataflow_in_loop_VITIS_LOOP_149_1.1 : atomLocations1 | {1 }
	Port: dataflow_in_loop_VITIS_LOOP_149_1.1 : imageProjs | {3 4 }
	Port: dataflow_in_loop_VITIS_LOOP_149_1.1 : empty | {3 }
	Port: dataflow_in_loop_VITIS_LOOP_149_1.1 : fullImage | {3 4 }
	Port: dataflow_in_loop_VITIS_LOOP_149_1.1 : fullImage2 | {3 }
	Port: dataflow_in_loop_VITIS_LOOP_149_1.1 : imageProjs_local | {3 4 }
	Port: dataflow_in_loop_VITIS_LOOP_149_1.1 : imageProjs_local3 | {3 }
	Port: dataflow_in_loop_VITIS_LOOP_149_1.1 : idx_0 | {6 }
	Port: dataflow_in_loop_VITIS_LOOP_149_1.1 : emissions | {}
	Port: dataflow_in_loop_VITIS_LOOP_149_1.1 : emissions4 | {6 }
	Port: dataflow_in_loop_VITIS_LOOP_149_1.1 : mask_table | {1 2 }
	Port: dataflow_in_loop_VITIS_LOOP_149_1.1 : one_half_table | {1 2 }
  - Chain level:
	State 1
		call_ln165 : 1
	State 2
	State 3
	State 4
	State 5
	State 6
		projSumUsed : 1
		sum : 1
		call_ln169 : 2
	State 7


============================================================
+ Verbose Summary: Datapath Resource usage 
============================================================

* Functional unit list:
|----------|----------------------------------------------------------------------------|---------|---------|---------|---------|
| Operation|                               Functional Unit                              |   DSP   |  Delay  |    FF   |   LUT   |
|----------|----------------------------------------------------------------------------|---------|---------|---------|---------|
|          |                      grp_getLocalImages_single_fu_406                      |    10   |  2.954  |   1739  |   3606  |
|          |                          grp_Image_extract_fu_427                          |    0    |  1.281  |   477   |   260   |
|   call   |                           grp_conv_kernel_fu_506                           |    5    | 159.903 |  74488  |  29208  |
|          | call_ret_dataflow_in_loop_VITIS_LOOP_149_1_1_Block_newFuncRoot_proc_fu_572 |    0    |    0    |    0    |    71   |
|          |                           grp_post_process_fu_580                          |    3    |  0.427  |   320   |   135   |
|----------|----------------------------------------------------------------------------|---------|---------|---------|---------|
|          |                       atomLocations1_read_read_fu_346                      |    0    |    0    |    0    |    0    |
|          |                         projShape1_read_read_fu_352                        |    0    |    0    |    0    |    0    |
|          |                         projShape0_read_read_fu_358                        |    0    |    0    |    0    |    0    |
|          |                       psfSupersample_read_read_fu_364                      |    0    |    0    |    0    |    0    |
|   read   |                            conv_read_read_fu_370                           |    0    |    0    |    0    |    0    |
|          |                     imageProjs_local3_read_read_fu_376                     |    0    |    0    |    0    |    0    |
|          |                         fullImage2_read_read_fu_382                        |    0    |    0    |    0    |    0    |
|          |                               tmp_read_fu_388                              |    0    |    0    |    0    |    0    |
|          |                         emissions4_read_read_fu_394                        |    0    |    0    |    0    |    0    |
|          |                           idx_0_read_read_fu_400                           |    0    |    0    |    0    |    0    |
|----------|----------------------------------------------------------------------------|---------|---------|---------|---------|
|extractvalue|                             projSumUsed_fu_591                             |    0    |    0    |    0    |    0    |
|          |                                 sum_fu_596                                 |    0    |    0    |    0    |    0    |
|----------|----------------------------------------------------------------------------|---------|---------|---------|---------|
|   Total  |                                                                            |    18   | 164.565 |  77024  |  33280  |
|----------|----------------------------------------------------------------------------|---------|---------|---------|---------|

Memories:
+----------------------+--------+--------+--------+--------+
|                      |  BRAM  |   FF   |   LUT  |  URAM  |
+----------------------+--------+--------+--------+--------+
|    curr_fullImage    |    0   |   128  |   32   |    0   |
|   curr_fullImage_1   |    0   |   128  |   32   |    0   |
|   curr_fullImage_10  |    0   |   128  |   32   |    0   |
| curr_fullImage_10_122|    0   |   128  |   32   |    0   |
|   curr_fullImage_11  |    0   |   128  |   32   |    0   |
| curr_fullImage_11_123|    0   |   128  |   32   |    0   |
|   curr_fullImage_12  |    0   |   128  |   32   |    0   |
| curr_fullImage_12_124|    0   |   128  |   32   |    0   |
|   curr_fullImage_13  |    0   |   128  |   32   |    0   |
| curr_fullImage_13_125|    0   |   128  |   32   |    0   |
|   curr_fullImage_14  |    0   |   128  |   32   |    0   |
| curr_fullImage_14_126|    0   |   128  |   32   |    0   |
|   curr_fullImage_15  |    0   |   128  |   32   |    0   |
|   curr_fullImage_16  |    0   |   128  |   32   |    0   |
| curr_fullImage_1_113 |    0   |   128  |   32   |    0   |
|   curr_fullImage_2   |    0   |   128  |   32   |    0   |
| curr_fullImage_2_114 |    0   |   128  |   32   |    0   |
|   curr_fullImage_3   |    0   |   128  |   32   |    0   |
| curr_fullImage_3_115 |    0   |   128  |   32   |    0   |
|   curr_fullImage_4   |    0   |   128  |   32   |    0   |
| curr_fullImage_4_116 |    0   |   128  |   32   |    0   |
|   curr_fullImage_5   |    0   |   128  |   32   |    0   |
| curr_fullImage_5_117 |    0   |   128  |   32   |    0   |
|   curr_fullImage_6   |    0   |   128  |   32   |    0   |
| curr_fullImage_6_118 |    0   |   128  |   32   |    0   |
|   curr_fullImage_7   |    0   |   128  |   32   |    0   |
| curr_fullImage_7_119 |    0   |   128  |   32   |    0   |
|   curr_fullImage_8   |    0   |   128  |   32   |    0   |
| curr_fullImage_8_120 |    0   |   128  |   32   |    0   |
|   curr_fullImage_9   |    0   |   128  |   32   |    0   |
| curr_fullImage_9_121 |    0   |   128  |   32   |    0   |
|    curr_localImage   |    0   |   128  |   32   |    0   |
|   curr_localImage_1  |    0   |   128  |   32   |    0   |
|  curr_localImage_10  |    0   |   128  |   32   |    0   |
|curr_localImage_10_108|    0   |   128  |   32   |    0   |
|  curr_localImage_11  |    0   |   128  |   32   |    0   |
|curr_localImage_11_109|    0   |   128  |   32   |    0   |
|  curr_localImage_12  |    0   |   128  |   32   |    0   |
|curr_localImage_12_110|    0   |   128  |   32   |    0   |
|  curr_localImage_13  |    0   |   128  |   32   |    0   |
|curr_localImage_13_111|    0   |   128  |   32   |    0   |
|  curr_localImage_14  |    0   |   128  |   32   |    0   |
|curr_localImage_14_112|    0   |   128  |   32   |    0   |
|  curr_localImage_15  |    0   |   128  |   32   |    0   |
|  curr_localImage_16  |    0   |   128  |   32   |    0   |
| curr_localImage_1_99 |    0   |   128  |   32   |    0   |
|   curr_localImage_2  |    0   |   128  |   32   |    0   |
| curr_localImage_2_100|    0   |   128  |   32   |    0   |
|   curr_localImage_3  |    0   |   128  |   32   |    0   |
| curr_localImage_3_101|    0   |   128  |   32   |    0   |
|   curr_localImage_4  |    0   |   128  |   32   |    0   |
| curr_localImage_4_102|    0   |   128  |   32   |    0   |
|   curr_localImage_5  |    0   |   128  |   32   |    0   |
| curr_localImage_5_103|    0   |   128  |   32   |    0   |
|   curr_localImage_6  |    0   |   128  |   32   |    0   |
| curr_localImage_6_104|    0   |   128  |   32   |    0   |
|   curr_localImage_7  |    0   |   128  |   32   |    0   |
| curr_localImage_7_105|    0   |   128  |   32   |    0   |
|   curr_localImage_8  |    0   |   128  |   32   |    0   |
| curr_localImage_8_106|    0   |   128  |   32   |    0   |
|   curr_localImage_9  |    0   |   128  |   32   |    0   |
| curr_localImage_9_107|    0   |   128  |   32   |    0   |
+----------------------+--------+--------+--------+--------+
|         Total        |    0   |  7936  |  1984  |    0   |
+----------------------+--------+--------+--------+--------+

* Register list:
+------------------------------+--------+
|                              |   FF   |
+------------------------------+--------+
|  atomLocations1_read_reg_601 |   64   |
|       call_ret_reg_652       |   64   |
|       conv_read_reg_621      |   16   |
|    curr_imageProjs_reg_647   |   32   |
|    fullImage2_read_reg_637   |   64   |
|imageProjs_local3_read_reg_632|   64   |
|      localImages_reg_626     |   256  |
|    projShape0_read_reg_611   |   32   |
|    projShape1_read_reg_606   |   32   |
|      projSumUsed_reg_657     |   32   |
|  psfSupersample_read_reg_616 |   32   |
|          sum_reg_662         |   32   |
|          tmp_reg_642         |   64   |
+------------------------------+--------+
|             Total            |   784  |
+------------------------------+--------+

* Multiplexer (MUX) list: 
|----------------------------------|------|------|------|--------||---------||---------||---------|
|               Comp               |  Pin | Size |  BW  | S x BW ||  Delay  ||    FF   ||   LUT   |
|----------------------------------|------|------|------|--------||---------||---------||---------|
| grp_getLocalImages_single_fu_406 |  p1  |   2  |  16  |   32   ||    0    ||    9    |
| grp_getLocalImages_single_fu_406 |  p2  |   2  |  32  |   64   ||    0    ||    9    |
| grp_getLocalImages_single_fu_406 |  p3  |   2  |  32  |   64   ||    0    ||    9    |
| grp_getLocalImages_single_fu_406 |  p4  |   2  |  32  |   64   ||    0    ||    9    |
| grp_getLocalImages_single_fu_406 |  p6  |   2  |  64  |   128  ||    0    ||    9    |
|     grp_Image_extract_fu_427     |  p3  |   2  |  64  |   128  ||    0    ||    9    |
|     grp_Image_extract_fu_427     |  p36 |   2  |  64  |   128  ||    0    ||    9    |
|     grp_Image_extract_fu_427     |  p69 |   2  |  64  |   128  ||    0    ||    9    |
|      grp_post_process_fu_580     |  p1  |   2  |  32  |   64   ||    0    ||    9    |
|      grp_post_process_fu_580     |  p2  |   2  |  32  |   64   ||    0    ||    9    |
|      grp_post_process_fu_580     |  p5  |   2  |  64  |   128  ||    0    ||    9    |
|----------------------------------|------|------|------|--------||---------||---------||---------|
|               Total              |      |      |      |   992  ||  4.697  ||    0    ||    99   |
|----------------------------------|------|------|------|--------||---------||---------||---------|



* Summary:
+-----------+--------+--------+--------+--------+--------+--------+
|           |  BRAM  |   DSP  |  Delay |   FF   |   LUT  |  URAM  |
+-----------+--------+--------+--------+--------+--------+--------+
|  Function |    -   |   18   |   164  |  77024 |  33280 |    -   |
|   Memory  |    0   |    -   |    -   |  7936  |  1984  |    0   |
|Multiplexer|    -   |    -   |    4   |    0   |   99   |    -   |
|  Register |    -   |    -   |    -   |   784  |    -   |    -   |
+-----------+--------+--------+--------+--------+--------+--------+
|   Total   |    0   |   18   |   169  |  85744 |  35363 |    0   |
+-----------+--------+--------+--------+--------+--------+--------+
