

================================================================
== Vitis HLS Report for 'dataflow_in_loop_VITIS_LOOP_241_1_1'
================================================================
* Date:           Sat Jul 26 18:27:49 2025

* Version:        2024.2 (Build 5238294 on Nov  8 2024)
* Project:        reconstruct
* Solution:       hls (Vivado IP Flow Target)
* Product family: zynquplusRFSOC
* Target device:  xczu49dr-ffvf1760-2-e


================================================================
== Performance Estimates
================================================================
+ Timing: 
    * Summary: 
    +--------+----------+----------+------------+
    |  Clock |  Target  | Estimated| Uncertainty|
    +--------+----------+----------+------------+
    |ap_clk  |  10.00 ns|  8.275 ns|     2.70 ns|
    +--------+----------+----------+------------+

+ Latency: 
    * Summary: 
    +---------+---------+-----------+-----------+-----+-----+----------+
    |  Latency (cycles) |   Latency (absolute)  |  Interval | Pipeline |
    |   min   |   max   |    min    |    max    | min | max |   Type   |
    +---------+---------+-----------+-----------+-----+-----+----------+
    |     1067|     1067|  10.670 us|  10.670 us|  981|  981|  dataflow|
    +---------+---------+-----------+-----------+-----+-----+----------+

    + Detail: 
        * Instance: 
        N/A

        * Loop: 
        N/A

============================================================
+ Verbose Summary: Synthesis Manager
============================================================
InlineROM: 1
ExposeGlobal: 0
============================================================
+ Verbose Summary: CDFG Model
============================================================
IsTopModel: 0
ResetActiveHigh: 1
IsCombinational: 2
IsDatapathOnly: 0
HasWiredReturn: 1
HasMFsm: 0
HasVarLatency: 1
IsPipeline: 0
IsRtlPipelined: 0
IsInstanceOverlapped: 0
IsDontTouch: 0
HasImplIP: 0
IsGatedGlobalClock: 0


============================================================
+ Verbose Summary: Schedule
============================================================
* Number of FSM states : 23
* Pipeline : 0
* Dataflow Pipeline: 1
  DF-Pipeline-0: Size = 23, States = { 1 2 3 4 5 6 7 8 9 10 11 12 13 14 15 16 17 18 19 20 21 22 23 }

* FSM state transitions: 
1 --> 2 
2 --> 3 
3 --> 4 
4 --> 5 
5 --> 6 
6 --> 7 
7 --> 8 
8 --> 9 
9 --> 10 
10 --> 11 
11 --> 12 
12 --> 13 
13 --> 14 
14 --> 15 
15 --> 16 
16 --> 17 
17 --> 18 
18 --> 19 
19 --> 20 
20 --> 21 
21 --> 22 
22 --> 23 
23 --> 

* FSM state operations: 

State 1 <SV = 0> <Delay = 1.96>
ST_1 : Operation 24 [1/1] (0.00ns)   --->   "%atomLocations1_read = read i64 @_ssdm_op_Read.ap_auto.i64, i64 %atomLocations1"   --->   Operation 24 'read' 'atomLocations1_read' <Predicate = true> <Delay = 0.00>
ST_1 : Operation 25 [1/1] (0.00ns)   --->   "%projShape1_read = read i32 @_ssdm_op_Read.ap_auto.i32, i32 %projShape1"   --->   Operation 25 'read' 'projShape1_read' <Predicate = true> <Delay = 0.00>
ST_1 : Operation 26 [1/1] (0.00ns)   --->   "%projShape0_read = read i32 @_ssdm_op_Read.ap_auto.i32, i32 %projShape0"   --->   Operation 26 'read' 'projShape0_read' <Predicate = true> <Delay = 0.00>
ST_1 : Operation 27 [1/1] (0.00ns)   --->   "%psfSupersample_read = read i32 @_ssdm_op_Read.ap_auto.i32, i32 %psfSupersample"   --->   Operation 27 'read' 'psfSupersample_read' <Predicate = true> <Delay = 0.00>
ST_1 : Operation 28 [1/1] (0.00ns)   --->   "%conv_read = read i16 @_ssdm_op_Read.ap_auto.i16, i16 %conv"   --->   Operation 28 'read' 'conv_read' <Predicate = true> <Delay = 0.00>
ST_1 : Operation 29 [1/1] (0.00ns)   --->   "%localImages = alloca i64 1"   --->   Operation 29 'alloca' 'localImages' <Predicate = true> <Delay = 0.00> <CoreInst = "FIFO_SRL">   --->   Core 80 'FIFO_SRL' <Latency = 0> <II = 1> <Delay = 1.83> <Storage> <Opcode : 'read' 'write' 'nbread' 'nbwrite'> <Ports = 0> <Width = 256> <Depth = 4> <FIFO>
ST_1 : Operation 30 [2/2] (1.96ns)   --->   "%call_ln258 = call void @getLocalImages_single, i16 %conv_read, i32 %psfSupersample_read, i32 %projShape0_read, i32 %projShape1_read, i64 %atomLocations, i64 %atomLocations1_read, i256 %localImages, i23 %mask_table, i24 %one_half_table" [../image_analysis.cpp:258]   --->   Operation 30 'call' 'call_ln258' <Predicate = true> <Delay = 1.96> <CoreType = "Generic">   --->   Generic Core

State 2 <SV = 1> <Delay = 0.00>
ST_2 : Operation 31 [1/2] (0.00ns)   --->   "%call_ln258 = call void @getLocalImages_single, i16 %conv_read, i32 %psfSupersample_read, i32 %projShape0_read, i32 %projShape1_read, i64 %atomLocations, i64 %atomLocations1_read, i256 %localImages, i23 %mask_table, i24 %one_half_table" [../image_analysis.cpp:258]   --->   Operation 31 'call' 'call_ln258' <Predicate = true> <Delay = 0.00> <CoreType = "Generic">   --->   Generic Core

State 3 <SV = 2> <Delay = 7.30>
ST_3 : Operation 32 [1/1] (0.00ns)   --->   "%imageProjs_local3_read = read i64 @_ssdm_op_Read.ap_auto.i64, i64 %imageProjs_local3"   --->   Operation 32 'read' 'imageProjs_local3_read' <Predicate = true> <Delay = 0.00>
ST_3 : Operation 33 [1/1] (0.00ns)   --->   "%fullImage2_read = read i64 @_ssdm_op_Read.ap_auto.i64, i64 %fullImage2"   --->   Operation 33 'read' 'fullImage2_read' <Predicate = true> <Delay = 0.00>
ST_3 : Operation 34 [1/1] (0.00ns)   --->   "%tmp = read i64 @_ssdm_op_Read.ap_auto.i64, i64 %empty"   --->   Operation 34 'read' 'tmp' <Predicate = true> <Delay = 0.00>
ST_3 : Operation 35 [2/2] (7.30ns)   --->   "%call_ret1 = call i61536 @Image_extract, i256 %localImages, i32 %fullImage, i64 %fullImage2_read, i32 %imageProjs_local, i64 %imageProjs_local3_read, i32 %imageProjs, i64 %tmp" [../image_analysis.cpp:259]   --->   Operation 35 'call' 'call_ret1' <Predicate = true> <Delay = 7.30> <CoreType = "Generic">   --->   Generic Core

State 4 <SV = 3> <Delay = 1.83>
ST_4 : Operation 36 [1/2] (0.00ns)   --->   "%call_ret1 = call i61536 @Image_extract, i256 %localImages, i32 %fullImage, i64 %fullImage2_read, i32 %imageProjs_local, i64 %imageProjs_local3_read, i32 %imageProjs, i64 %tmp" [../image_analysis.cpp:259]   --->   Operation 36 'call' 'call_ret1' <Predicate = true> <Delay = 0.00> <CoreType = "Generic">   --->   Generic Core
ST_4 : Operation 37 [1/1] (0.00ns)   --->   "%curr_fullImage = extractvalue i61536 %call_ret1" [../image_analysis.cpp:259]   --->   Operation 37 'extractvalue' 'curr_fullImage' <Predicate = true> <Delay = 0.00> <CoreInst = "FIFO_SRL">   --->   Core 80 'FIFO_SRL' <Latency = 0> <II = 1> <Delay = 1.83> <Storage> <Opcode : 'read' 'write' 'nbread' 'nbwrite'> <Ports = 0> <Width = 32> <Depth = 2> <FIFO>
ST_4 : Operation 38 [1/1] (0.00ns)   --->   "%curr_fullImage_1 = extractvalue i61536 %call_ret1" [../image_analysis.cpp:259]   --->   Operation 38 'extractvalue' 'curr_fullImage_1' <Predicate = true> <Delay = 0.00> <CoreInst = "FIFO_SRL">   --->   Core 80 'FIFO_SRL' <Latency = 0> <II = 1> <Delay = 1.83> <Storage> <Opcode : 'read' 'write' 'nbread' 'nbwrite'> <Ports = 0> <Width = 32> <Depth = 2> <FIFO>
ST_4 : Operation 39 [1/1] (0.00ns)   --->   "%curr_fullImage_2 = extractvalue i61536 %call_ret1" [../image_analysis.cpp:259]   --->   Operation 39 'extractvalue' 'curr_fullImage_2' <Predicate = true> <Delay = 0.00> <CoreInst = "FIFO_SRL">   --->   Core 80 'FIFO_SRL' <Latency = 0> <II = 1> <Delay = 1.83> <Storage> <Opcode : 'read' 'write' 'nbread' 'nbwrite'> <Ports = 0> <Width = 32> <Depth = 2> <FIFO>
ST_4 : Operation 40 [1/1] (0.00ns)   --->   "%curr_fullImage_3 = extractvalue i61536 %call_ret1" [../image_analysis.cpp:259]   --->   Operation 40 'extractvalue' 'curr_fullImage_3' <Predicate = true> <Delay = 0.00> <CoreInst = "FIFO_SRL">   --->   Core 80 'FIFO_SRL' <Latency = 0> <II = 1> <Delay = 1.83> <Storage> <Opcode : 'read' 'write' 'nbread' 'nbwrite'> <Ports = 0> <Width = 32> <Depth = 2> <FIFO>
ST_4 : Operation 41 [1/1] (0.00ns)   --->   "%curr_fullImage_4 = extractvalue i61536 %call_ret1" [../image_analysis.cpp:259]   --->   Operation 41 'extractvalue' 'curr_fullImage_4' <Predicate = true> <Delay = 0.00> <CoreInst = "FIFO_SRL">   --->   Core 80 'FIFO_SRL' <Latency = 0> <II = 1> <Delay = 1.83> <Storage> <Opcode : 'read' 'write' 'nbread' 'nbwrite'> <Ports = 0> <Width = 32> <Depth = 2> <FIFO>
ST_4 : Operation 42 [1/1] (0.00ns)   --->   "%curr_fullImage_5 = extractvalue i61536 %call_ret1" [../image_analysis.cpp:259]   --->   Operation 42 'extractvalue' 'curr_fullImage_5' <Predicate = true> <Delay = 0.00> <CoreInst = "FIFO_SRL">   --->   Core 80 'FIFO_SRL' <Latency = 0> <II = 1> <Delay = 1.83> <Storage> <Opcode : 'read' 'write' 'nbread' 'nbwrite'> <Ports = 0> <Width = 32> <Depth = 2> <FIFO>
ST_4 : Operation 43 [1/1] (0.00ns)   --->   "%curr_fullImage_6 = extractvalue i61536 %call_ret1" [../image_analysis.cpp:259]   --->   Operation 43 'extractvalue' 'curr_fullImage_6' <Predicate = true> <Delay = 0.00> <CoreInst = "FIFO_SRL">   --->   Core 80 'FIFO_SRL' <Latency = 0> <II = 1> <Delay = 1.83> <Storage> <Opcode : 'read' 'write' 'nbread' 'nbwrite'> <Ports = 0> <Width = 32> <Depth = 2> <FIFO>
ST_4 : Operation 44 [1/1] (0.00ns)   --->   "%curr_fullImage_7 = extractvalue i61536 %call_ret1" [../image_analysis.cpp:259]   --->   Operation 44 'extractvalue' 'curr_fullImage_7' <Predicate = true> <Delay = 0.00> <CoreInst = "FIFO_SRL">   --->   Core 80 'FIFO_SRL' <Latency = 0> <II = 1> <Delay = 1.83> <Storage> <Opcode : 'read' 'write' 'nbread' 'nbwrite'> <Ports = 0> <Width = 32> <Depth = 2> <FIFO>
ST_4 : Operation 45 [1/1] (0.00ns)   --->   "%curr_fullImage_8 = extractvalue i61536 %call_ret1" [../image_analysis.cpp:259]   --->   Operation 45 'extractvalue' 'curr_fullImage_8' <Predicate = true> <Delay = 0.00> <CoreInst = "FIFO_SRL">   --->   Core 80 'FIFO_SRL' <Latency = 0> <II = 1> <Delay = 1.83> <Storage> <Opcode : 'read' 'write' 'nbread' 'nbwrite'> <Ports = 0> <Width = 32> <Depth = 2> <FIFO>
ST_4 : Operation 46 [1/1] (0.00ns)   --->   "%curr_fullImage_9 = extractvalue i61536 %call_ret1" [../image_analysis.cpp:259]   --->   Operation 46 'extractvalue' 'curr_fullImage_9' <Predicate = true> <Delay = 0.00> <CoreInst = "FIFO_SRL">   --->   Core 80 'FIFO_SRL' <Latency = 0> <II = 1> <Delay = 1.83> <Storage> <Opcode : 'read' 'write' 'nbread' 'nbwrite'> <Ports = 0> <Width = 32> <Depth = 2> <FIFO>
ST_4 : Operation 47 [1/1] (0.00ns)   --->   "%curr_fullImage_10 = extractvalue i61536 %call_ret1" [../image_analysis.cpp:259]   --->   Operation 47 'extractvalue' 'curr_fullImage_10' <Predicate = true> <Delay = 0.00> <CoreInst = "FIFO_SRL">   --->   Core 80 'FIFO_SRL' <Latency = 0> <II = 1> <Delay = 1.83> <Storage> <Opcode : 'read' 'write' 'nbread' 'nbwrite'> <Ports = 0> <Width = 32> <Depth = 2> <FIFO>
ST_4 : Operation 48 [1/1] (0.00ns)   --->   "%curr_fullImage_11 = extractvalue i61536 %call_ret1" [../image_analysis.cpp:259]   --->   Operation 48 'extractvalue' 'curr_fullImage_11' <Predicate = true> <Delay = 0.00> <CoreInst = "FIFO_SRL">   --->   Core 80 'FIFO_SRL' <Latency = 0> <II = 1> <Delay = 1.83> <Storage> <Opcode : 'read' 'write' 'nbread' 'nbwrite'> <Ports = 0> <Width = 32> <Depth = 2> <FIFO>
ST_4 : Operation 49 [1/1] (0.00ns)   --->   "%curr_fullImage_12 = extractvalue i61536 %call_ret1" [../image_analysis.cpp:259]   --->   Operation 49 'extractvalue' 'curr_fullImage_12' <Predicate = true> <Delay = 0.00> <CoreInst = "FIFO_SRL">   --->   Core 80 'FIFO_SRL' <Latency = 0> <II = 1> <Delay = 1.83> <Storage> <Opcode : 'read' 'write' 'nbread' 'nbwrite'> <Ports = 0> <Width = 32> <Depth = 2> <FIFO>
ST_4 : Operation 50 [1/1] (0.00ns)   --->   "%curr_fullImage_13 = extractvalue i61536 %call_ret1" [../image_analysis.cpp:259]   --->   Operation 50 'extractvalue' 'curr_fullImage_13' <Predicate = true> <Delay = 0.00> <CoreInst = "FIFO_SRL">   --->   Core 80 'FIFO_SRL' <Latency = 0> <II = 1> <Delay = 1.83> <Storage> <Opcode : 'read' 'write' 'nbread' 'nbwrite'> <Ports = 0> <Width = 32> <Depth = 2> <FIFO>
ST_4 : Operation 51 [1/1] (0.00ns)   --->   "%curr_fullImage_14 = extractvalue i61536 %call_ret1" [../image_analysis.cpp:259]   --->   Operation 51 'extractvalue' 'curr_fullImage_14' <Predicate = true> <Delay = 0.00> <CoreInst = "FIFO_SRL">   --->   Core 80 'FIFO_SRL' <Latency = 0> <II = 1> <Delay = 1.83> <Storage> <Opcode : 'read' 'write' 'nbread' 'nbwrite'> <Ports = 0> <Width = 32> <Depth = 2> <FIFO>
ST_4 : Operation 52 [1/1] (0.00ns)   --->   "%curr_fullImage_15 = extractvalue i61536 %call_ret1" [../image_analysis.cpp:259]   --->   Operation 52 'extractvalue' 'curr_fullImage_15' <Predicate = true> <Delay = 0.00> <CoreInst = "FIFO_SRL">   --->   Core 80 'FIFO_SRL' <Latency = 0> <II = 1> <Delay = 1.83> <Storage> <Opcode : 'read' 'write' 'nbread' 'nbwrite'> <Ports = 0> <Width = 32> <Depth = 2> <FIFO>
ST_4 : Operation 53 [1/1] (0.00ns)   --->   "%curr_fullImage_16 = extractvalue i61536 %call_ret1" [../image_analysis.cpp:259]   --->   Operation 53 'extractvalue' 'curr_fullImage_16' <Predicate = true> <Delay = 0.00> <CoreInst = "FIFO_SRL">   --->   Core 80 'FIFO_SRL' <Latency = 0> <II = 1> <Delay = 1.83> <Storage> <Opcode : 'read' 'write' 'nbread' 'nbwrite'> <Ports = 0> <Width = 32> <Depth = 2> <FIFO>
ST_4 : Operation 54 [1/1] (0.00ns)   --->   "%curr_fullImage_17 = extractvalue i61536 %call_ret1" [../image_analysis.cpp:259]   --->   Operation 54 'extractvalue' 'curr_fullImage_17' <Predicate = true> <Delay = 0.00> <CoreInst = "FIFO_SRL">   --->   Core 80 'FIFO_SRL' <Latency = 0> <II = 1> <Delay = 1.83> <Storage> <Opcode : 'read' 'write' 'nbread' 'nbwrite'> <Ports = 0> <Width = 32> <Depth = 2> <FIFO>
ST_4 : Operation 55 [1/1] (0.00ns)   --->   "%curr_fullImage_18 = extractvalue i61536 %call_ret1" [../image_analysis.cpp:259]   --->   Operation 55 'extractvalue' 'curr_fullImage_18' <Predicate = true> <Delay = 0.00> <CoreInst = "FIFO_SRL">   --->   Core 80 'FIFO_SRL' <Latency = 0> <II = 1> <Delay = 1.83> <Storage> <Opcode : 'read' 'write' 'nbread' 'nbwrite'> <Ports = 0> <Width = 32> <Depth = 2> <FIFO>
ST_4 : Operation 56 [1/1] (0.00ns)   --->   "%curr_fullImage_19 = extractvalue i61536 %call_ret1" [../image_analysis.cpp:259]   --->   Operation 56 'extractvalue' 'curr_fullImage_19' <Predicate = true> <Delay = 0.00> <CoreInst = "FIFO_SRL">   --->   Core 80 'FIFO_SRL' <Latency = 0> <II = 1> <Delay = 1.83> <Storage> <Opcode : 'read' 'write' 'nbread' 'nbwrite'> <Ports = 0> <Width = 32> <Depth = 2> <FIFO>
ST_4 : Operation 57 [1/1] (0.00ns)   --->   "%curr_fullImage_20 = extractvalue i61536 %call_ret1" [../image_analysis.cpp:259]   --->   Operation 57 'extractvalue' 'curr_fullImage_20' <Predicate = true> <Delay = 0.00> <CoreInst = "FIFO_SRL">   --->   Core 80 'FIFO_SRL' <Latency = 0> <II = 1> <Delay = 1.83> <Storage> <Opcode : 'read' 'write' 'nbread' 'nbwrite'> <Ports = 0> <Width = 32> <Depth = 2> <FIFO>
ST_4 : Operation 58 [1/1] (0.00ns)   --->   "%curr_fullImage_21 = extractvalue i61536 %call_ret1" [../image_analysis.cpp:259]   --->   Operation 58 'extractvalue' 'curr_fullImage_21' <Predicate = true> <Delay = 0.00> <CoreInst = "FIFO_SRL">   --->   Core 80 'FIFO_SRL' <Latency = 0> <II = 1> <Delay = 1.83> <Storage> <Opcode : 'read' 'write' 'nbread' 'nbwrite'> <Ports = 0> <Width = 32> <Depth = 2> <FIFO>
ST_4 : Operation 59 [1/1] (0.00ns)   --->   "%curr_fullImage_22 = extractvalue i61536 %call_ret1" [../image_analysis.cpp:259]   --->   Operation 59 'extractvalue' 'curr_fullImage_22' <Predicate = true> <Delay = 0.00> <CoreInst = "FIFO_SRL">   --->   Core 80 'FIFO_SRL' <Latency = 0> <II = 1> <Delay = 1.83> <Storage> <Opcode : 'read' 'write' 'nbread' 'nbwrite'> <Ports = 0> <Width = 32> <Depth = 2> <FIFO>
ST_4 : Operation 60 [1/1] (0.00ns)   --->   "%curr_fullImage_23 = extractvalue i61536 %call_ret1" [../image_analysis.cpp:259]   --->   Operation 60 'extractvalue' 'curr_fullImage_23' <Predicate = true> <Delay = 0.00> <CoreInst = "FIFO_SRL">   --->   Core 80 'FIFO_SRL' <Latency = 0> <II = 1> <Delay = 1.83> <Storage> <Opcode : 'read' 'write' 'nbread' 'nbwrite'> <Ports = 0> <Width = 32> <Depth = 2> <FIFO>
ST_4 : Operation 61 [1/1] (0.00ns)   --->   "%curr_fullImage_24 = extractvalue i61536 %call_ret1" [../image_analysis.cpp:259]   --->   Operation 61 'extractvalue' 'curr_fullImage_24' <Predicate = true> <Delay = 0.00> <CoreInst = "FIFO_SRL">   --->   Core 80 'FIFO_SRL' <Latency = 0> <II = 1> <Delay = 1.83> <Storage> <Opcode : 'read' 'write' 'nbread' 'nbwrite'> <Ports = 0> <Width = 32> <Depth = 2> <FIFO>
ST_4 : Operation 62 [1/1] (0.00ns)   --->   "%curr_fullImage_25 = extractvalue i61536 %call_ret1" [../image_analysis.cpp:259]   --->   Operation 62 'extractvalue' 'curr_fullImage_25' <Predicate = true> <Delay = 0.00> <CoreInst = "FIFO_SRL">   --->   Core 80 'FIFO_SRL' <Latency = 0> <II = 1> <Delay = 1.83> <Storage> <Opcode : 'read' 'write' 'nbread' 'nbwrite'> <Ports = 0> <Width = 32> <Depth = 2> <FIFO>
ST_4 : Operation 63 [1/1] (0.00ns)   --->   "%curr_fullImage_26 = extractvalue i61536 %call_ret1" [../image_analysis.cpp:259]   --->   Operation 63 'extractvalue' 'curr_fullImage_26' <Predicate = true> <Delay = 0.00> <CoreInst = "FIFO_SRL">   --->   Core 80 'FIFO_SRL' <Latency = 0> <II = 1> <Delay = 1.83> <Storage> <Opcode : 'read' 'write' 'nbread' 'nbwrite'> <Ports = 0> <Width = 32> <Depth = 2> <FIFO>
ST_4 : Operation 64 [1/1] (0.00ns)   --->   "%curr_fullImage_27 = extractvalue i61536 %call_ret1" [../image_analysis.cpp:259]   --->   Operation 64 'extractvalue' 'curr_fullImage_27' <Predicate = true> <Delay = 0.00> <CoreInst = "FIFO_SRL">   --->   Core 80 'FIFO_SRL' <Latency = 0> <II = 1> <Delay = 1.83> <Storage> <Opcode : 'read' 'write' 'nbread' 'nbwrite'> <Ports = 0> <Width = 32> <Depth = 2> <FIFO>
ST_4 : Operation 65 [1/1] (0.00ns)   --->   "%curr_fullImage_28 = extractvalue i61536 %call_ret1" [../image_analysis.cpp:259]   --->   Operation 65 'extractvalue' 'curr_fullImage_28' <Predicate = true> <Delay = 0.00> <CoreInst = "FIFO_SRL">   --->   Core 80 'FIFO_SRL' <Latency = 0> <II = 1> <Delay = 1.83> <Storage> <Opcode : 'read' 'write' 'nbread' 'nbwrite'> <Ports = 0> <Width = 32> <Depth = 2> <FIFO>
ST_4 : Operation 66 [1/1] (0.00ns)   --->   "%curr_fullImage_29 = extractvalue i61536 %call_ret1" [../image_analysis.cpp:259]   --->   Operation 66 'extractvalue' 'curr_fullImage_29' <Predicate = true> <Delay = 0.00> <CoreInst = "FIFO_SRL">   --->   Core 80 'FIFO_SRL' <Latency = 0> <II = 1> <Delay = 1.83> <Storage> <Opcode : 'read' 'write' 'nbread' 'nbwrite'> <Ports = 0> <Width = 32> <Depth = 2> <FIFO>
ST_4 : Operation 67 [1/1] (0.00ns)   --->   "%curr_fullImage_30 = extractvalue i61536 %call_ret1" [../image_analysis.cpp:259]   --->   Operation 67 'extractvalue' 'curr_fullImage_30' <Predicate = true> <Delay = 0.00> <CoreInst = "FIFO_SRL">   --->   Core 80 'FIFO_SRL' <Latency = 0> <II = 1> <Delay = 1.83> <Storage> <Opcode : 'read' 'write' 'nbread' 'nbwrite'> <Ports = 0> <Width = 32> <Depth = 2> <FIFO>
ST_4 : Operation 68 [1/1] (0.00ns)   --->   "%curr_fullImage_31 = extractvalue i61536 %call_ret1" [../image_analysis.cpp:259]   --->   Operation 68 'extractvalue' 'curr_fullImage_31' <Predicate = true> <Delay = 0.00> <CoreInst = "FIFO_SRL">   --->   Core 80 'FIFO_SRL' <Latency = 0> <II = 1> <Delay = 1.83> <Storage> <Opcode : 'read' 'write' 'nbread' 'nbwrite'> <Ports = 0> <Width = 32> <Depth = 2> <FIFO>
ST_4 : Operation 69 [1/1] (0.00ns)   --->   "%curr_fullImage_32 = extractvalue i61536 %call_ret1" [../image_analysis.cpp:259]   --->   Operation 69 'extractvalue' 'curr_fullImage_32' <Predicate = true> <Delay = 0.00> <CoreInst = "FIFO_SRL">   --->   Core 80 'FIFO_SRL' <Latency = 0> <II = 1> <Delay = 1.83> <Storage> <Opcode : 'read' 'write' 'nbread' 'nbwrite'> <Ports = 0> <Width = 32> <Depth = 2> <FIFO>
ST_4 : Operation 70 [1/1] (0.00ns)   --->   "%curr_fullImage_33 = extractvalue i61536 %call_ret1" [../image_analysis.cpp:259]   --->   Operation 70 'extractvalue' 'curr_fullImage_33' <Predicate = true> <Delay = 0.00> <CoreInst = "FIFO_SRL">   --->   Core 80 'FIFO_SRL' <Latency = 0> <II = 1> <Delay = 1.83> <Storage> <Opcode : 'read' 'write' 'nbread' 'nbwrite'> <Ports = 0> <Width = 32> <Depth = 2> <FIFO>
ST_4 : Operation 71 [1/1] (0.00ns)   --->   "%curr_fullImage_34 = extractvalue i61536 %call_ret1" [../image_analysis.cpp:259]   --->   Operation 71 'extractvalue' 'curr_fullImage_34' <Predicate = true> <Delay = 0.00> <CoreInst = "FIFO_SRL">   --->   Core 80 'FIFO_SRL' <Latency = 0> <II = 1> <Delay = 1.83> <Storage> <Opcode : 'read' 'write' 'nbread' 'nbwrite'> <Ports = 0> <Width = 32> <Depth = 2> <FIFO>
ST_4 : Operation 72 [1/1] (0.00ns)   --->   "%curr_fullImage_35 = extractvalue i61536 %call_ret1" [../image_analysis.cpp:259]   --->   Operation 72 'extractvalue' 'curr_fullImage_35' <Predicate = true> <Delay = 0.00> <CoreInst = "FIFO_SRL">   --->   Core 80 'FIFO_SRL' <Latency = 0> <II = 1> <Delay = 1.83> <Storage> <Opcode : 'read' 'write' 'nbread' 'nbwrite'> <Ports = 0> <Width = 32> <Depth = 2> <FIFO>
ST_4 : Operation 73 [1/1] (0.00ns)   --->   "%curr_fullImage_36 = extractvalue i61536 %call_ret1" [../image_analysis.cpp:259]   --->   Operation 73 'extractvalue' 'curr_fullImage_36' <Predicate = true> <Delay = 0.00> <CoreInst = "FIFO_SRL">   --->   Core 80 'FIFO_SRL' <Latency = 0> <II = 1> <Delay = 1.83> <Storage> <Opcode : 'read' 'write' 'nbread' 'nbwrite'> <Ports = 0> <Width = 32> <Depth = 2> <FIFO>
ST_4 : Operation 74 [1/1] (0.00ns)   --->   "%curr_fullImage_37 = extractvalue i61536 %call_ret1" [../image_analysis.cpp:259]   --->   Operation 74 'extractvalue' 'curr_fullImage_37' <Predicate = true> <Delay = 0.00> <CoreInst = "FIFO_SRL">   --->   Core 80 'FIFO_SRL' <Latency = 0> <II = 1> <Delay = 1.83> <Storage> <Opcode : 'read' 'write' 'nbread' 'nbwrite'> <Ports = 0> <Width = 32> <Depth = 2> <FIFO>
ST_4 : Operation 75 [1/1] (0.00ns)   --->   "%curr_fullImage_38 = extractvalue i61536 %call_ret1" [../image_analysis.cpp:259]   --->   Operation 75 'extractvalue' 'curr_fullImage_38' <Predicate = true> <Delay = 0.00> <CoreInst = "FIFO_SRL">   --->   Core 80 'FIFO_SRL' <Latency = 0> <II = 1> <Delay = 1.83> <Storage> <Opcode : 'read' 'write' 'nbread' 'nbwrite'> <Ports = 0> <Width = 32> <Depth = 2> <FIFO>
ST_4 : Operation 76 [1/1] (0.00ns)   --->   "%curr_fullImage_39 = extractvalue i61536 %call_ret1" [../image_analysis.cpp:259]   --->   Operation 76 'extractvalue' 'curr_fullImage_39' <Predicate = true> <Delay = 0.00> <CoreInst = "FIFO_SRL">   --->   Core 80 'FIFO_SRL' <Latency = 0> <II = 1> <Delay = 1.83> <Storage> <Opcode : 'read' 'write' 'nbread' 'nbwrite'> <Ports = 0> <Width = 32> <Depth = 2> <FIFO>
ST_4 : Operation 77 [1/1] (0.00ns)   --->   "%curr_fullImage_40 = extractvalue i61536 %call_ret1" [../image_analysis.cpp:259]   --->   Operation 77 'extractvalue' 'curr_fullImage_40' <Predicate = true> <Delay = 0.00> <CoreInst = "FIFO_SRL">   --->   Core 80 'FIFO_SRL' <Latency = 0> <II = 1> <Delay = 1.83> <Storage> <Opcode : 'read' 'write' 'nbread' 'nbwrite'> <Ports = 0> <Width = 32> <Depth = 2> <FIFO>
ST_4 : Operation 78 [1/1] (0.00ns)   --->   "%curr_fullImage_41 = extractvalue i61536 %call_ret1" [../image_analysis.cpp:259]   --->   Operation 78 'extractvalue' 'curr_fullImage_41' <Predicate = true> <Delay = 0.00> <CoreInst = "FIFO_SRL">   --->   Core 80 'FIFO_SRL' <Latency = 0> <II = 1> <Delay = 1.83> <Storage> <Opcode : 'read' 'write' 'nbread' 'nbwrite'> <Ports = 0> <Width = 32> <Depth = 2> <FIFO>
ST_4 : Operation 79 [1/1] (0.00ns)   --->   "%curr_fullImage_42 = extractvalue i61536 %call_ret1" [../image_analysis.cpp:259]   --->   Operation 79 'extractvalue' 'curr_fullImage_42' <Predicate = true> <Delay = 0.00> <CoreInst = "FIFO_SRL">   --->   Core 80 'FIFO_SRL' <Latency = 0> <II = 1> <Delay = 1.83> <Storage> <Opcode : 'read' 'write' 'nbread' 'nbwrite'> <Ports = 0> <Width = 32> <Depth = 2> <FIFO>
ST_4 : Operation 80 [1/1] (0.00ns)   --->   "%curr_fullImage_43 = extractvalue i61536 %call_ret1" [../image_analysis.cpp:259]   --->   Operation 80 'extractvalue' 'curr_fullImage_43' <Predicate = true> <Delay = 0.00> <CoreInst = "FIFO_SRL">   --->   Core 80 'FIFO_SRL' <Latency = 0> <II = 1> <Delay = 1.83> <Storage> <Opcode : 'read' 'write' 'nbread' 'nbwrite'> <Ports = 0> <Width = 32> <Depth = 2> <FIFO>
ST_4 : Operation 81 [1/1] (0.00ns)   --->   "%curr_fullImage_44 = extractvalue i61536 %call_ret1" [../image_analysis.cpp:259]   --->   Operation 81 'extractvalue' 'curr_fullImage_44' <Predicate = true> <Delay = 0.00> <CoreInst = "FIFO_SRL">   --->   Core 80 'FIFO_SRL' <Latency = 0> <II = 1> <Delay = 1.83> <Storage> <Opcode : 'read' 'write' 'nbread' 'nbwrite'> <Ports = 0> <Width = 32> <Depth = 2> <FIFO>
ST_4 : Operation 82 [1/1] (0.00ns)   --->   "%curr_fullImage_45 = extractvalue i61536 %call_ret1" [../image_analysis.cpp:259]   --->   Operation 82 'extractvalue' 'curr_fullImage_45' <Predicate = true> <Delay = 0.00> <CoreInst = "FIFO_SRL">   --->   Core 80 'FIFO_SRL' <Latency = 0> <II = 1> <Delay = 1.83> <Storage> <Opcode : 'read' 'write' 'nbread' 'nbwrite'> <Ports = 0> <Width = 32> <Depth = 2> <FIFO>
ST_4 : Operation 83 [1/1] (0.00ns)   --->   "%curr_fullImage_46 = extractvalue i61536 %call_ret1" [../image_analysis.cpp:259]   --->   Operation 83 'extractvalue' 'curr_fullImage_46' <Predicate = true> <Delay = 0.00> <CoreInst = "FIFO_SRL">   --->   Core 80 'FIFO_SRL' <Latency = 0> <II = 1> <Delay = 1.83> <Storage> <Opcode : 'read' 'write' 'nbread' 'nbwrite'> <Ports = 0> <Width = 32> <Depth = 2> <FIFO>
ST_4 : Operation 84 [1/1] (0.00ns)   --->   "%curr_fullImage_47 = extractvalue i61536 %call_ret1" [../image_analysis.cpp:259]   --->   Operation 84 'extractvalue' 'curr_fullImage_47' <Predicate = true> <Delay = 0.00> <CoreInst = "FIFO_SRL">   --->   Core 80 'FIFO_SRL' <Latency = 0> <II = 1> <Delay = 1.83> <Storage> <Opcode : 'read' 'write' 'nbread' 'nbwrite'> <Ports = 0> <Width = 32> <Depth = 2> <FIFO>
ST_4 : Operation 85 [1/1] (0.00ns)   --->   "%curr_fullImage_48 = extractvalue i61536 %call_ret1" [../image_analysis.cpp:259]   --->   Operation 85 'extractvalue' 'curr_fullImage_48' <Predicate = true> <Delay = 0.00> <CoreInst = "FIFO_SRL">   --->   Core 80 'FIFO_SRL' <Latency = 0> <II = 1> <Delay = 1.83> <Storage> <Opcode : 'read' 'write' 'nbread' 'nbwrite'> <Ports = 0> <Width = 32> <Depth = 2> <FIFO>
ST_4 : Operation 86 [1/1] (0.00ns)   --->   "%curr_fullImage_49 = extractvalue i61536 %call_ret1" [../image_analysis.cpp:259]   --->   Operation 86 'extractvalue' 'curr_fullImage_49' <Predicate = true> <Delay = 0.00> <CoreInst = "FIFO_SRL">   --->   Core 80 'FIFO_SRL' <Latency = 0> <II = 1> <Delay = 1.83> <Storage> <Opcode : 'read' 'write' 'nbread' 'nbwrite'> <Ports = 0> <Width = 32> <Depth = 2> <FIFO>
ST_4 : Operation 87 [1/1] (0.00ns)   --->   "%curr_fullImage_50 = extractvalue i61536 %call_ret1" [../image_analysis.cpp:259]   --->   Operation 87 'extractvalue' 'curr_fullImage_50' <Predicate = true> <Delay = 0.00> <CoreInst = "FIFO_SRL">   --->   Core 80 'FIFO_SRL' <Latency = 0> <II = 1> <Delay = 1.83> <Storage> <Opcode : 'read' 'write' 'nbread' 'nbwrite'> <Ports = 0> <Width = 32> <Depth = 2> <FIFO>
ST_4 : Operation 88 [1/1] (0.00ns)   --->   "%curr_fullImage_51 = extractvalue i61536 %call_ret1" [../image_analysis.cpp:259]   --->   Operation 88 'extractvalue' 'curr_fullImage_51' <Predicate = true> <Delay = 0.00> <CoreInst = "FIFO_SRL">   --->   Core 80 'FIFO_SRL' <Latency = 0> <II = 1> <Delay = 1.83> <Storage> <Opcode : 'read' 'write' 'nbread' 'nbwrite'> <Ports = 0> <Width = 32> <Depth = 2> <FIFO>
ST_4 : Operation 89 [1/1] (0.00ns)   --->   "%curr_fullImage_52 = extractvalue i61536 %call_ret1" [../image_analysis.cpp:259]   --->   Operation 89 'extractvalue' 'curr_fullImage_52' <Predicate = true> <Delay = 0.00> <CoreInst = "FIFO_SRL">   --->   Core 80 'FIFO_SRL' <Latency = 0> <II = 1> <Delay = 1.83> <Storage> <Opcode : 'read' 'write' 'nbread' 'nbwrite'> <Ports = 0> <Width = 32> <Depth = 2> <FIFO>
ST_4 : Operation 90 [1/1] (0.00ns)   --->   "%curr_fullImage_53 = extractvalue i61536 %call_ret1" [../image_analysis.cpp:259]   --->   Operation 90 'extractvalue' 'curr_fullImage_53' <Predicate = true> <Delay = 0.00> <CoreInst = "FIFO_SRL">   --->   Core 80 'FIFO_SRL' <Latency = 0> <II = 1> <Delay = 1.83> <Storage> <Opcode : 'read' 'write' 'nbread' 'nbwrite'> <Ports = 0> <Width = 32> <Depth = 2> <FIFO>
ST_4 : Operation 91 [1/1] (0.00ns)   --->   "%curr_fullImage_54 = extractvalue i61536 %call_ret1" [../image_analysis.cpp:259]   --->   Operation 91 'extractvalue' 'curr_fullImage_54' <Predicate = true> <Delay = 0.00> <CoreInst = "FIFO_SRL">   --->   Core 80 'FIFO_SRL' <Latency = 0> <II = 1> <Delay = 1.83> <Storage> <Opcode : 'read' 'write' 'nbread' 'nbwrite'> <Ports = 0> <Width = 32> <Depth = 2> <FIFO>
ST_4 : Operation 92 [1/1] (0.00ns)   --->   "%curr_fullImage_55 = extractvalue i61536 %call_ret1" [../image_analysis.cpp:259]   --->   Operation 92 'extractvalue' 'curr_fullImage_55' <Predicate = true> <Delay = 0.00> <CoreInst = "FIFO_SRL">   --->   Core 80 'FIFO_SRL' <Latency = 0> <II = 1> <Delay = 1.83> <Storage> <Opcode : 'read' 'write' 'nbread' 'nbwrite'> <Ports = 0> <Width = 32> <Depth = 2> <FIFO>
ST_4 : Operation 93 [1/1] (0.00ns)   --->   "%curr_fullImage_56 = extractvalue i61536 %call_ret1" [../image_analysis.cpp:259]   --->   Operation 93 'extractvalue' 'curr_fullImage_56' <Predicate = true> <Delay = 0.00> <CoreInst = "FIFO_SRL">   --->   Core 80 'FIFO_SRL' <Latency = 0> <II = 1> <Delay = 1.83> <Storage> <Opcode : 'read' 'write' 'nbread' 'nbwrite'> <Ports = 0> <Width = 32> <Depth = 2> <FIFO>
ST_4 : Operation 94 [1/1] (0.00ns)   --->   "%curr_fullImage_57 = extractvalue i61536 %call_ret1" [../image_analysis.cpp:259]   --->   Operation 94 'extractvalue' 'curr_fullImage_57' <Predicate = true> <Delay = 0.00> <CoreInst = "FIFO_SRL">   --->   Core 80 'FIFO_SRL' <Latency = 0> <II = 1> <Delay = 1.83> <Storage> <Opcode : 'read' 'write' 'nbread' 'nbwrite'> <Ports = 0> <Width = 32> <Depth = 2> <FIFO>
ST_4 : Operation 95 [1/1] (0.00ns)   --->   "%curr_fullImage_58 = extractvalue i61536 %call_ret1" [../image_analysis.cpp:259]   --->   Operation 95 'extractvalue' 'curr_fullImage_58' <Predicate = true> <Delay = 0.00> <CoreInst = "FIFO_SRL">   --->   Core 80 'FIFO_SRL' <Latency = 0> <II = 1> <Delay = 1.83> <Storage> <Opcode : 'read' 'write' 'nbread' 'nbwrite'> <Ports = 0> <Width = 32> <Depth = 2> <FIFO>
ST_4 : Operation 96 [1/1] (0.00ns)   --->   "%curr_fullImage_59 = extractvalue i61536 %call_ret1" [../image_analysis.cpp:259]   --->   Operation 96 'extractvalue' 'curr_fullImage_59' <Predicate = true> <Delay = 0.00> <CoreInst = "FIFO_SRL">   --->   Core 80 'FIFO_SRL' <Latency = 0> <II = 1> <Delay = 1.83> <Storage> <Opcode : 'read' 'write' 'nbread' 'nbwrite'> <Ports = 0> <Width = 32> <Depth = 2> <FIFO>
ST_4 : Operation 97 [1/1] (0.00ns)   --->   "%curr_fullImage_60 = extractvalue i61536 %call_ret1" [../image_analysis.cpp:259]   --->   Operation 97 'extractvalue' 'curr_fullImage_60' <Predicate = true> <Delay = 0.00> <CoreInst = "FIFO_SRL">   --->   Core 80 'FIFO_SRL' <Latency = 0> <II = 1> <Delay = 1.83> <Storage> <Opcode : 'read' 'write' 'nbread' 'nbwrite'> <Ports = 0> <Width = 32> <Depth = 2> <FIFO>
ST_4 : Operation 98 [1/1] (0.00ns)   --->   "%curr_fullImage_61 = extractvalue i61536 %call_ret1" [../image_analysis.cpp:259]   --->   Operation 98 'extractvalue' 'curr_fullImage_61' <Predicate = true> <Delay = 0.00> <CoreInst = "FIFO_SRL">   --->   Core 80 'FIFO_SRL' <Latency = 0> <II = 1> <Delay = 1.83> <Storage> <Opcode : 'read' 'write' 'nbread' 'nbwrite'> <Ports = 0> <Width = 32> <Depth = 2> <FIFO>
ST_4 : Operation 99 [1/1] (0.00ns)   --->   "%curr_fullImage_62 = extractvalue i61536 %call_ret1" [../image_analysis.cpp:259]   --->   Operation 99 'extractvalue' 'curr_fullImage_62' <Predicate = true> <Delay = 0.00> <CoreInst = "FIFO_SRL">   --->   Core 80 'FIFO_SRL' <Latency = 0> <II = 1> <Delay = 1.83> <Storage> <Opcode : 'read' 'write' 'nbread' 'nbwrite'> <Ports = 0> <Width = 32> <Depth = 2> <FIFO>
ST_4 : Operation 100 [1/1] (0.00ns)   --->   "%curr_fullImage_63 = extractvalue i61536 %call_ret1" [../image_analysis.cpp:259]   --->   Operation 100 'extractvalue' 'curr_fullImage_63' <Predicate = true> <Delay = 0.00> <CoreInst = "FIFO_SRL">   --->   Core 80 'FIFO_SRL' <Latency = 0> <II = 1> <Delay = 1.83> <Storage> <Opcode : 'read' 'write' 'nbread' 'nbwrite'> <Ports = 0> <Width = 32> <Depth = 2> <FIFO>
ST_4 : Operation 101 [1/1] (0.00ns)   --->   "%curr_fullImage_64 = extractvalue i61536 %call_ret1" [../image_analysis.cpp:259]   --->   Operation 101 'extractvalue' 'curr_fullImage_64' <Predicate = true> <Delay = 0.00> <CoreInst = "FIFO_SRL">   --->   Core 80 'FIFO_SRL' <Latency = 0> <II = 1> <Delay = 1.83> <Storage> <Opcode : 'read' 'write' 'nbread' 'nbwrite'> <Ports = 0> <Width = 32> <Depth = 2> <FIFO>
ST_4 : Operation 102 [1/1] (0.00ns)   --->   "%curr_fullImage_65 = extractvalue i61536 %call_ret1" [../image_analysis.cpp:259]   --->   Operation 102 'extractvalue' 'curr_fullImage_65' <Predicate = true> <Delay = 0.00> <CoreInst = "FIFO_SRL">   --->   Core 80 'FIFO_SRL' <Latency = 0> <II = 1> <Delay = 1.83> <Storage> <Opcode : 'read' 'write' 'nbread' 'nbwrite'> <Ports = 0> <Width = 32> <Depth = 2> <FIFO>
ST_4 : Operation 103 [1/1] (0.00ns)   --->   "%curr_fullImage_66 = extractvalue i61536 %call_ret1" [../image_analysis.cpp:259]   --->   Operation 103 'extractvalue' 'curr_fullImage_66' <Predicate = true> <Delay = 0.00> <CoreInst = "FIFO_SRL">   --->   Core 80 'FIFO_SRL' <Latency = 0> <II = 1> <Delay = 1.83> <Storage> <Opcode : 'read' 'write' 'nbread' 'nbwrite'> <Ports = 0> <Width = 32> <Depth = 2> <FIFO>
ST_4 : Operation 104 [1/1] (0.00ns)   --->   "%curr_fullImage_67 = extractvalue i61536 %call_ret1" [../image_analysis.cpp:259]   --->   Operation 104 'extractvalue' 'curr_fullImage_67' <Predicate = true> <Delay = 0.00> <CoreInst = "FIFO_SRL">   --->   Core 80 'FIFO_SRL' <Latency = 0> <II = 1> <Delay = 1.83> <Storage> <Opcode : 'read' 'write' 'nbread' 'nbwrite'> <Ports = 0> <Width = 32> <Depth = 2> <FIFO>
ST_4 : Operation 105 [1/1] (0.00ns)   --->   "%curr_fullImage_68 = extractvalue i61536 %call_ret1" [../image_analysis.cpp:259]   --->   Operation 105 'extractvalue' 'curr_fullImage_68' <Predicate = true> <Delay = 0.00> <CoreInst = "FIFO_SRL">   --->   Core 80 'FIFO_SRL' <Latency = 0> <II = 1> <Delay = 1.83> <Storage> <Opcode : 'read' 'write' 'nbread' 'nbwrite'> <Ports = 0> <Width = 32> <Depth = 2> <FIFO>
ST_4 : Operation 106 [1/1] (0.00ns)   --->   "%curr_fullImage_69 = extractvalue i61536 %call_ret1" [../image_analysis.cpp:259]   --->   Operation 106 'extractvalue' 'curr_fullImage_69' <Predicate = true> <Delay = 0.00> <CoreInst = "FIFO_SRL">   --->   Core 80 'FIFO_SRL' <Latency = 0> <II = 1> <Delay = 1.83> <Storage> <Opcode : 'read' 'write' 'nbread' 'nbwrite'> <Ports = 0> <Width = 32> <Depth = 2> <FIFO>
ST_4 : Operation 107 [1/1] (0.00ns)   --->   "%curr_fullImage_70 = extractvalue i61536 %call_ret1" [../image_analysis.cpp:259]   --->   Operation 107 'extractvalue' 'curr_fullImage_70' <Predicate = true> <Delay = 0.00> <CoreInst = "FIFO_SRL">   --->   Core 80 'FIFO_SRL' <Latency = 0> <II = 1> <Delay = 1.83> <Storage> <Opcode : 'read' 'write' 'nbread' 'nbwrite'> <Ports = 0> <Width = 32> <Depth = 2> <FIFO>
ST_4 : Operation 108 [1/1] (0.00ns)   --->   "%curr_fullImage_71 = extractvalue i61536 %call_ret1" [../image_analysis.cpp:259]   --->   Operation 108 'extractvalue' 'curr_fullImage_71' <Predicate = true> <Delay = 0.00> <CoreInst = "FIFO_SRL">   --->   Core 80 'FIFO_SRL' <Latency = 0> <II = 1> <Delay = 1.83> <Storage> <Opcode : 'read' 'write' 'nbread' 'nbwrite'> <Ports = 0> <Width = 32> <Depth = 2> <FIFO>
ST_4 : Operation 109 [1/1] (0.00ns)   --->   "%curr_fullImage_72 = extractvalue i61536 %call_ret1" [../image_analysis.cpp:259]   --->   Operation 109 'extractvalue' 'curr_fullImage_72' <Predicate = true> <Delay = 0.00> <CoreInst = "FIFO_SRL">   --->   Core 80 'FIFO_SRL' <Latency = 0> <II = 1> <Delay = 1.83> <Storage> <Opcode : 'read' 'write' 'nbread' 'nbwrite'> <Ports = 0> <Width = 32> <Depth = 2> <FIFO>
ST_4 : Operation 110 [1/1] (0.00ns)   --->   "%curr_fullImage_73 = extractvalue i61536 %call_ret1" [../image_analysis.cpp:259]   --->   Operation 110 'extractvalue' 'curr_fullImage_73' <Predicate = true> <Delay = 0.00> <CoreInst = "FIFO_SRL">   --->   Core 80 'FIFO_SRL' <Latency = 0> <II = 1> <Delay = 1.83> <Storage> <Opcode : 'read' 'write' 'nbread' 'nbwrite'> <Ports = 0> <Width = 32> <Depth = 2> <FIFO>
ST_4 : Operation 111 [1/1] (0.00ns)   --->   "%curr_fullImage_74 = extractvalue i61536 %call_ret1" [../image_analysis.cpp:259]   --->   Operation 111 'extractvalue' 'curr_fullImage_74' <Predicate = true> <Delay = 0.00> <CoreInst = "FIFO_SRL">   --->   Core 80 'FIFO_SRL' <Latency = 0> <II = 1> <Delay = 1.83> <Storage> <Opcode : 'read' 'write' 'nbread' 'nbwrite'> <Ports = 0> <Width = 32> <Depth = 2> <FIFO>
ST_4 : Operation 112 [1/1] (0.00ns)   --->   "%curr_fullImage_75 = extractvalue i61536 %call_ret1" [../image_analysis.cpp:259]   --->   Operation 112 'extractvalue' 'curr_fullImage_75' <Predicate = true> <Delay = 0.00> <CoreInst = "FIFO_SRL">   --->   Core 80 'FIFO_SRL' <Latency = 0> <II = 1> <Delay = 1.83> <Storage> <Opcode : 'read' 'write' 'nbread' 'nbwrite'> <Ports = 0> <Width = 32> <Depth = 2> <FIFO>
ST_4 : Operation 113 [1/1] (0.00ns)   --->   "%curr_fullImage_76 = extractvalue i61536 %call_ret1" [../image_analysis.cpp:259]   --->   Operation 113 'extractvalue' 'curr_fullImage_76' <Predicate = true> <Delay = 0.00> <CoreInst = "FIFO_SRL">   --->   Core 80 'FIFO_SRL' <Latency = 0> <II = 1> <Delay = 1.83> <Storage> <Opcode : 'read' 'write' 'nbread' 'nbwrite'> <Ports = 0> <Width = 32> <Depth = 2> <FIFO>
ST_4 : Operation 114 [1/1] (0.00ns)   --->   "%curr_fullImage_77 = extractvalue i61536 %call_ret1" [../image_analysis.cpp:259]   --->   Operation 114 'extractvalue' 'curr_fullImage_77' <Predicate = true> <Delay = 0.00> <CoreInst = "FIFO_SRL">   --->   Core 80 'FIFO_SRL' <Latency = 0> <II = 1> <Delay = 1.83> <Storage> <Opcode : 'read' 'write' 'nbread' 'nbwrite'> <Ports = 0> <Width = 32> <Depth = 2> <FIFO>
ST_4 : Operation 115 [1/1] (0.00ns)   --->   "%curr_fullImage_78 = extractvalue i61536 %call_ret1" [../image_analysis.cpp:259]   --->   Operation 115 'extractvalue' 'curr_fullImage_78' <Predicate = true> <Delay = 0.00> <CoreInst = "FIFO_SRL">   --->   Core 80 'FIFO_SRL' <Latency = 0> <II = 1> <Delay = 1.83> <Storage> <Opcode : 'read' 'write' 'nbread' 'nbwrite'> <Ports = 0> <Width = 32> <Depth = 2> <FIFO>
ST_4 : Operation 116 [1/1] (0.00ns)   --->   "%curr_fullImage_79 = extractvalue i61536 %call_ret1" [../image_analysis.cpp:259]   --->   Operation 116 'extractvalue' 'curr_fullImage_79' <Predicate = true> <Delay = 0.00> <CoreInst = "FIFO_SRL">   --->   Core 80 'FIFO_SRL' <Latency = 0> <II = 1> <Delay = 1.83> <Storage> <Opcode : 'read' 'write' 'nbread' 'nbwrite'> <Ports = 0> <Width = 32> <Depth = 2> <FIFO>
ST_4 : Operation 117 [1/1] (0.00ns)   --->   "%curr_fullImage_80 = extractvalue i61536 %call_ret1" [../image_analysis.cpp:259]   --->   Operation 117 'extractvalue' 'curr_fullImage_80' <Predicate = true> <Delay = 0.00> <CoreInst = "FIFO_SRL">   --->   Core 80 'FIFO_SRL' <Latency = 0> <II = 1> <Delay = 1.83> <Storage> <Opcode : 'read' 'write' 'nbread' 'nbwrite'> <Ports = 0> <Width = 32> <Depth = 2> <FIFO>
ST_4 : Operation 118 [1/1] (0.00ns)   --->   "%curr_fullImage_81 = extractvalue i61536 %call_ret1" [../image_analysis.cpp:259]   --->   Operation 118 'extractvalue' 'curr_fullImage_81' <Predicate = true> <Delay = 0.00> <CoreInst = "FIFO_SRL">   --->   Core 80 'FIFO_SRL' <Latency = 0> <II = 1> <Delay = 1.83> <Storage> <Opcode : 'read' 'write' 'nbread' 'nbwrite'> <Ports = 0> <Width = 32> <Depth = 2> <FIFO>
ST_4 : Operation 119 [1/1] (0.00ns)   --->   "%curr_fullImage_82 = extractvalue i61536 %call_ret1" [../image_analysis.cpp:259]   --->   Operation 119 'extractvalue' 'curr_fullImage_82' <Predicate = true> <Delay = 0.00> <CoreInst = "FIFO_SRL">   --->   Core 80 'FIFO_SRL' <Latency = 0> <II = 1> <Delay = 1.83> <Storage> <Opcode : 'read' 'write' 'nbread' 'nbwrite'> <Ports = 0> <Width = 32> <Depth = 2> <FIFO>
ST_4 : Operation 120 [1/1] (0.00ns)   --->   "%curr_fullImage_83 = extractvalue i61536 %call_ret1" [../image_analysis.cpp:259]   --->   Operation 120 'extractvalue' 'curr_fullImage_83' <Predicate = true> <Delay = 0.00> <CoreInst = "FIFO_SRL">   --->   Core 80 'FIFO_SRL' <Latency = 0> <II = 1> <Delay = 1.83> <Storage> <Opcode : 'read' 'write' 'nbread' 'nbwrite'> <Ports = 0> <Width = 32> <Depth = 2> <FIFO>
ST_4 : Operation 121 [1/1] (0.00ns)   --->   "%curr_fullImage_84 = extractvalue i61536 %call_ret1" [../image_analysis.cpp:259]   --->   Operation 121 'extractvalue' 'curr_fullImage_84' <Predicate = true> <Delay = 0.00> <CoreInst = "FIFO_SRL">   --->   Core 80 'FIFO_SRL' <Latency = 0> <II = 1> <Delay = 1.83> <Storage> <Opcode : 'read' 'write' 'nbread' 'nbwrite'> <Ports = 0> <Width = 32> <Depth = 2> <FIFO>
ST_4 : Operation 122 [1/1] (0.00ns)   --->   "%curr_fullImage_85 = extractvalue i61536 %call_ret1" [../image_analysis.cpp:259]   --->   Operation 122 'extractvalue' 'curr_fullImage_85' <Predicate = true> <Delay = 0.00> <CoreInst = "FIFO_SRL">   --->   Core 80 'FIFO_SRL' <Latency = 0> <II = 1> <Delay = 1.83> <Storage> <Opcode : 'read' 'write' 'nbread' 'nbwrite'> <Ports = 0> <Width = 32> <Depth = 2> <FIFO>
ST_4 : Operation 123 [1/1] (0.00ns)   --->   "%curr_fullImage_86 = extractvalue i61536 %call_ret1" [../image_analysis.cpp:259]   --->   Operation 123 'extractvalue' 'curr_fullImage_86' <Predicate = true> <Delay = 0.00> <CoreInst = "FIFO_SRL">   --->   Core 80 'FIFO_SRL' <Latency = 0> <II = 1> <Delay = 1.83> <Storage> <Opcode : 'read' 'write' 'nbread' 'nbwrite'> <Ports = 0> <Width = 32> <Depth = 2> <FIFO>
ST_4 : Operation 124 [1/1] (0.00ns)   --->   "%curr_fullImage_87 = extractvalue i61536 %call_ret1" [../image_analysis.cpp:259]   --->   Operation 124 'extractvalue' 'curr_fullImage_87' <Predicate = true> <Delay = 0.00> <CoreInst = "FIFO_SRL">   --->   Core 80 'FIFO_SRL' <Latency = 0> <II = 1> <Delay = 1.83> <Storage> <Opcode : 'read' 'write' 'nbread' 'nbwrite'> <Ports = 0> <Width = 32> <Depth = 2> <FIFO>
ST_4 : Operation 125 [1/1] (0.00ns)   --->   "%curr_fullImage_88 = extractvalue i61536 %call_ret1" [../image_analysis.cpp:259]   --->   Operation 125 'extractvalue' 'curr_fullImage_88' <Predicate = true> <Delay = 0.00> <CoreInst = "FIFO_SRL">   --->   Core 80 'FIFO_SRL' <Latency = 0> <II = 1> <Delay = 1.83> <Storage> <Opcode : 'read' 'write' 'nbread' 'nbwrite'> <Ports = 0> <Width = 32> <Depth = 2> <FIFO>
ST_4 : Operation 126 [1/1] (0.00ns)   --->   "%curr_fullImage_89 = extractvalue i61536 %call_ret1" [../image_analysis.cpp:259]   --->   Operation 126 'extractvalue' 'curr_fullImage_89' <Predicate = true> <Delay = 0.00> <CoreInst = "FIFO_SRL">   --->   Core 80 'FIFO_SRL' <Latency = 0> <II = 1> <Delay = 1.83> <Storage> <Opcode : 'read' 'write' 'nbread' 'nbwrite'> <Ports = 0> <Width = 32> <Depth = 2> <FIFO>
ST_4 : Operation 127 [1/1] (0.00ns)   --->   "%curr_fullImage_90 = extractvalue i61536 %call_ret1" [../image_analysis.cpp:259]   --->   Operation 127 'extractvalue' 'curr_fullImage_90' <Predicate = true> <Delay = 0.00> <CoreInst = "FIFO_SRL">   --->   Core 80 'FIFO_SRL' <Latency = 0> <II = 1> <Delay = 1.83> <Storage> <Opcode : 'read' 'write' 'nbread' 'nbwrite'> <Ports = 0> <Width = 32> <Depth = 2> <FIFO>
ST_4 : Operation 128 [1/1] (0.00ns)   --->   "%curr_fullImage_91 = extractvalue i61536 %call_ret1" [../image_analysis.cpp:259]   --->   Operation 128 'extractvalue' 'curr_fullImage_91' <Predicate = true> <Delay = 0.00> <CoreInst = "FIFO_SRL">   --->   Core 80 'FIFO_SRL' <Latency = 0> <II = 1> <Delay = 1.83> <Storage> <Opcode : 'read' 'write' 'nbread' 'nbwrite'> <Ports = 0> <Width = 32> <Depth = 2> <FIFO>
ST_4 : Operation 129 [1/1] (0.00ns)   --->   "%curr_fullImage_92 = extractvalue i61536 %call_ret1" [../image_analysis.cpp:259]   --->   Operation 129 'extractvalue' 'curr_fullImage_92' <Predicate = true> <Delay = 0.00> <CoreInst = "FIFO_SRL">   --->   Core 80 'FIFO_SRL' <Latency = 0> <II = 1> <Delay = 1.83> <Storage> <Opcode : 'read' 'write' 'nbread' 'nbwrite'> <Ports = 0> <Width = 32> <Depth = 2> <FIFO>
ST_4 : Operation 130 [1/1] (0.00ns)   --->   "%curr_fullImage_93 = extractvalue i61536 %call_ret1" [../image_analysis.cpp:259]   --->   Operation 130 'extractvalue' 'curr_fullImage_93' <Predicate = true> <Delay = 0.00> <CoreInst = "FIFO_SRL">   --->   Core 80 'FIFO_SRL' <Latency = 0> <II = 1> <Delay = 1.83> <Storage> <Opcode : 'read' 'write' 'nbread' 'nbwrite'> <Ports = 0> <Width = 32> <Depth = 2> <FIFO>
ST_4 : Operation 131 [1/1] (0.00ns)   --->   "%curr_fullImage_94 = extractvalue i61536 %call_ret1" [../image_analysis.cpp:259]   --->   Operation 131 'extractvalue' 'curr_fullImage_94' <Predicate = true> <Delay = 0.00> <CoreInst = "FIFO_SRL">   --->   Core 80 'FIFO_SRL' <Latency = 0> <II = 1> <Delay = 1.83> <Storage> <Opcode : 'read' 'write' 'nbread' 'nbwrite'> <Ports = 0> <Width = 32> <Depth = 2> <FIFO>
ST_4 : Operation 132 [1/1] (0.00ns)   --->   "%curr_fullImage_95 = extractvalue i61536 %call_ret1" [../image_analysis.cpp:259]   --->   Operation 132 'extractvalue' 'curr_fullImage_95' <Predicate = true> <Delay = 0.00> <CoreInst = "FIFO_SRL">   --->   Core 80 'FIFO_SRL' <Latency = 0> <II = 1> <Delay = 1.83> <Storage> <Opcode : 'read' 'write' 'nbread' 'nbwrite'> <Ports = 0> <Width = 32> <Depth = 2> <FIFO>
ST_4 : Operation 133 [1/1] (0.00ns)   --->   "%curr_fullImage_96 = extractvalue i61536 %call_ret1" [../image_analysis.cpp:259]   --->   Operation 133 'extractvalue' 'curr_fullImage_96' <Predicate = true> <Delay = 0.00> <CoreInst = "FIFO_SRL">   --->   Core 80 'FIFO_SRL' <Latency = 0> <II = 1> <Delay = 1.83> <Storage> <Opcode : 'read' 'write' 'nbread' 'nbwrite'> <Ports = 0> <Width = 32> <Depth = 2> <FIFO>
ST_4 : Operation 134 [1/1] (0.00ns)   --->   "%curr_fullImage_97 = extractvalue i61536 %call_ret1" [../image_analysis.cpp:259]   --->   Operation 134 'extractvalue' 'curr_fullImage_97' <Predicate = true> <Delay = 0.00> <CoreInst = "FIFO_SRL">   --->   Core 80 'FIFO_SRL' <Latency = 0> <II = 1> <Delay = 1.83> <Storage> <Opcode : 'read' 'write' 'nbread' 'nbwrite'> <Ports = 0> <Width = 32> <Depth = 2> <FIFO>
ST_4 : Operation 135 [1/1] (0.00ns)   --->   "%curr_fullImage_98 = extractvalue i61536 %call_ret1" [../image_analysis.cpp:259]   --->   Operation 135 'extractvalue' 'curr_fullImage_98' <Predicate = true> <Delay = 0.00> <CoreInst = "FIFO_SRL">   --->   Core 80 'FIFO_SRL' <Latency = 0> <II = 1> <Delay = 1.83> <Storage> <Opcode : 'read' 'write' 'nbread' 'nbwrite'> <Ports = 0> <Width = 32> <Depth = 2> <FIFO>
ST_4 : Operation 136 [1/1] (0.00ns)   --->   "%curr_fullImage_99 = extractvalue i61536 %call_ret1" [../image_analysis.cpp:259]   --->   Operation 136 'extractvalue' 'curr_fullImage_99' <Predicate = true> <Delay = 0.00> <CoreInst = "FIFO_SRL">   --->   Core 80 'FIFO_SRL' <Latency = 0> <II = 1> <Delay = 1.83> <Storage> <Opcode : 'read' 'write' 'nbread' 'nbwrite'> <Ports = 0> <Width = 32> <Depth = 2> <FIFO>
ST_4 : Operation 137 [1/1] (0.00ns)   --->   "%curr_fullImage_100 = extractvalue i61536 %call_ret1" [../image_analysis.cpp:259]   --->   Operation 137 'extractvalue' 'curr_fullImage_100' <Predicate = true> <Delay = 0.00> <CoreInst = "FIFO_SRL">   --->   Core 80 'FIFO_SRL' <Latency = 0> <II = 1> <Delay = 1.83> <Storage> <Opcode : 'read' 'write' 'nbread' 'nbwrite'> <Ports = 0> <Width = 32> <Depth = 2> <FIFO>
ST_4 : Operation 138 [1/1] (0.00ns)   --->   "%curr_fullImage_101 = extractvalue i61536 %call_ret1" [../image_analysis.cpp:259]   --->   Operation 138 'extractvalue' 'curr_fullImage_101' <Predicate = true> <Delay = 0.00> <CoreInst = "FIFO_SRL">   --->   Core 80 'FIFO_SRL' <Latency = 0> <II = 1> <Delay = 1.83> <Storage> <Opcode : 'read' 'write' 'nbread' 'nbwrite'> <Ports = 0> <Width = 32> <Depth = 2> <FIFO>
ST_4 : Operation 139 [1/1] (0.00ns)   --->   "%curr_fullImage_102 = extractvalue i61536 %call_ret1" [../image_analysis.cpp:259]   --->   Operation 139 'extractvalue' 'curr_fullImage_102' <Predicate = true> <Delay = 0.00> <CoreInst = "FIFO_SRL">   --->   Core 80 'FIFO_SRL' <Latency = 0> <II = 1> <Delay = 1.83> <Storage> <Opcode : 'read' 'write' 'nbread' 'nbwrite'> <Ports = 0> <Width = 32> <Depth = 2> <FIFO>
ST_4 : Operation 140 [1/1] (0.00ns)   --->   "%curr_fullImage_103 = extractvalue i61536 %call_ret1" [../image_analysis.cpp:259]   --->   Operation 140 'extractvalue' 'curr_fullImage_103' <Predicate = true> <Delay = 0.00> <CoreInst = "FIFO_SRL">   --->   Core 80 'FIFO_SRL' <Latency = 0> <II = 1> <Delay = 1.83> <Storage> <Opcode : 'read' 'write' 'nbread' 'nbwrite'> <Ports = 0> <Width = 32> <Depth = 2> <FIFO>
ST_4 : Operation 141 [1/1] (0.00ns)   --->   "%curr_fullImage_104 = extractvalue i61536 %call_ret1" [../image_analysis.cpp:259]   --->   Operation 141 'extractvalue' 'curr_fullImage_104' <Predicate = true> <Delay = 0.00> <CoreInst = "FIFO_SRL">   --->   Core 80 'FIFO_SRL' <Latency = 0> <II = 1> <Delay = 1.83> <Storage> <Opcode : 'read' 'write' 'nbread' 'nbwrite'> <Ports = 0> <Width = 32> <Depth = 2> <FIFO>
ST_4 : Operation 142 [1/1] (0.00ns)   --->   "%curr_fullImage_105 = extractvalue i61536 %call_ret1" [../image_analysis.cpp:259]   --->   Operation 142 'extractvalue' 'curr_fullImage_105' <Predicate = true> <Delay = 0.00> <CoreInst = "FIFO_SRL">   --->   Core 80 'FIFO_SRL' <Latency = 0> <II = 1> <Delay = 1.83> <Storage> <Opcode : 'read' 'write' 'nbread' 'nbwrite'> <Ports = 0> <Width = 32> <Depth = 2> <FIFO>
ST_4 : Operation 143 [1/1] (0.00ns)   --->   "%curr_fullImage_106 = extractvalue i61536 %call_ret1" [../image_analysis.cpp:259]   --->   Operation 143 'extractvalue' 'curr_fullImage_106' <Predicate = true> <Delay = 0.00> <CoreInst = "FIFO_SRL">   --->   Core 80 'FIFO_SRL' <Latency = 0> <II = 1> <Delay = 1.83> <Storage> <Opcode : 'read' 'write' 'nbread' 'nbwrite'> <Ports = 0> <Width = 32> <Depth = 2> <FIFO>
ST_4 : Operation 144 [1/1] (0.00ns)   --->   "%curr_fullImage_107 = extractvalue i61536 %call_ret1" [../image_analysis.cpp:259]   --->   Operation 144 'extractvalue' 'curr_fullImage_107' <Predicate = true> <Delay = 0.00> <CoreInst = "FIFO_SRL">   --->   Core 80 'FIFO_SRL' <Latency = 0> <II = 1> <Delay = 1.83> <Storage> <Opcode : 'read' 'write' 'nbread' 'nbwrite'> <Ports = 0> <Width = 32> <Depth = 2> <FIFO>
ST_4 : Operation 145 [1/1] (0.00ns)   --->   "%curr_fullImage_108 = extractvalue i61536 %call_ret1" [../image_analysis.cpp:259]   --->   Operation 145 'extractvalue' 'curr_fullImage_108' <Predicate = true> <Delay = 0.00> <CoreInst = "FIFO_SRL">   --->   Core 80 'FIFO_SRL' <Latency = 0> <II = 1> <Delay = 1.83> <Storage> <Opcode : 'read' 'write' 'nbread' 'nbwrite'> <Ports = 0> <Width = 32> <Depth = 2> <FIFO>
ST_4 : Operation 146 [1/1] (0.00ns)   --->   "%curr_fullImage_109 = extractvalue i61536 %call_ret1" [../image_analysis.cpp:259]   --->   Operation 146 'extractvalue' 'curr_fullImage_109' <Predicate = true> <Delay = 0.00> <CoreInst = "FIFO_SRL">   --->   Core 80 'FIFO_SRL' <Latency = 0> <II = 1> <Delay = 1.83> <Storage> <Opcode : 'read' 'write' 'nbread' 'nbwrite'> <Ports = 0> <Width = 32> <Depth = 2> <FIFO>
ST_4 : Operation 147 [1/1] (0.00ns)   --->   "%curr_fullImage_110 = extractvalue i61536 %call_ret1" [../image_analysis.cpp:259]   --->   Operation 147 'extractvalue' 'curr_fullImage_110' <Predicate = true> <Delay = 0.00> <CoreInst = "FIFO_SRL">   --->   Core 80 'FIFO_SRL' <Latency = 0> <II = 1> <Delay = 1.83> <Storage> <Opcode : 'read' 'write' 'nbread' 'nbwrite'> <Ports = 0> <Width = 32> <Depth = 2> <FIFO>
ST_4 : Operation 148 [1/1] (0.00ns)   --->   "%curr_fullImage_111 = extractvalue i61536 %call_ret1" [../image_analysis.cpp:259]   --->   Operation 148 'extractvalue' 'curr_fullImage_111' <Predicate = true> <Delay = 0.00> <CoreInst = "FIFO_SRL">   --->   Core 80 'FIFO_SRL' <Latency = 0> <II = 1> <Delay = 1.83> <Storage> <Opcode : 'read' 'write' 'nbread' 'nbwrite'> <Ports = 0> <Width = 32> <Depth = 2> <FIFO>
ST_4 : Operation 149 [1/1] (0.00ns)   --->   "%curr_fullImage_112 = extractvalue i61536 %call_ret1" [../image_analysis.cpp:259]   --->   Operation 149 'extractvalue' 'curr_fullImage_112' <Predicate = true> <Delay = 0.00> <CoreInst = "FIFO_SRL">   --->   Core 80 'FIFO_SRL' <Latency = 0> <II = 1> <Delay = 1.83> <Storage> <Opcode : 'read' 'write' 'nbread' 'nbwrite'> <Ports = 0> <Width = 32> <Depth = 2> <FIFO>
ST_4 : Operation 150 [1/1] (0.00ns)   --->   "%curr_fullImage_113 = extractvalue i61536 %call_ret1" [../image_analysis.cpp:259]   --->   Operation 150 'extractvalue' 'curr_fullImage_113' <Predicate = true> <Delay = 0.00> <CoreInst = "FIFO_SRL">   --->   Core 80 'FIFO_SRL' <Latency = 0> <II = 1> <Delay = 1.83> <Storage> <Opcode : 'read' 'write' 'nbread' 'nbwrite'> <Ports = 0> <Width = 32> <Depth = 2> <FIFO>
ST_4 : Operation 151 [1/1] (0.00ns)   --->   "%curr_fullImage_114 = extractvalue i61536 %call_ret1" [../image_analysis.cpp:259]   --->   Operation 151 'extractvalue' 'curr_fullImage_114' <Predicate = true> <Delay = 0.00> <CoreInst = "FIFO_SRL">   --->   Core 80 'FIFO_SRL' <Latency = 0> <II = 1> <Delay = 1.83> <Storage> <Opcode : 'read' 'write' 'nbread' 'nbwrite'> <Ports = 0> <Width = 32> <Depth = 2> <FIFO>
ST_4 : Operation 152 [1/1] (0.00ns)   --->   "%curr_fullImage_115 = extractvalue i61536 %call_ret1" [../image_analysis.cpp:259]   --->   Operation 152 'extractvalue' 'curr_fullImage_115' <Predicate = true> <Delay = 0.00> <CoreInst = "FIFO_SRL">   --->   Core 80 'FIFO_SRL' <Latency = 0> <II = 1> <Delay = 1.83> <Storage> <Opcode : 'read' 'write' 'nbread' 'nbwrite'> <Ports = 0> <Width = 32> <Depth = 2> <FIFO>
ST_4 : Operation 153 [1/1] (0.00ns)   --->   "%curr_fullImage_116 = extractvalue i61536 %call_ret1" [../image_analysis.cpp:259]   --->   Operation 153 'extractvalue' 'curr_fullImage_116' <Predicate = true> <Delay = 0.00> <CoreInst = "FIFO_SRL">   --->   Core 80 'FIFO_SRL' <Latency = 0> <II = 1> <Delay = 1.83> <Storage> <Opcode : 'read' 'write' 'nbread' 'nbwrite'> <Ports = 0> <Width = 32> <Depth = 2> <FIFO>
ST_4 : Operation 154 [1/1] (0.00ns)   --->   "%curr_fullImage_117 = extractvalue i61536 %call_ret1" [../image_analysis.cpp:259]   --->   Operation 154 'extractvalue' 'curr_fullImage_117' <Predicate = true> <Delay = 0.00> <CoreInst = "FIFO_SRL">   --->   Core 80 'FIFO_SRL' <Latency = 0> <II = 1> <Delay = 1.83> <Storage> <Opcode : 'read' 'write' 'nbread' 'nbwrite'> <Ports = 0> <Width = 32> <Depth = 2> <FIFO>
ST_4 : Operation 155 [1/1] (0.00ns)   --->   "%curr_fullImage_118 = extractvalue i61536 %call_ret1" [../image_analysis.cpp:259]   --->   Operation 155 'extractvalue' 'curr_fullImage_118' <Predicate = true> <Delay = 0.00> <CoreInst = "FIFO_SRL">   --->   Core 80 'FIFO_SRL' <Latency = 0> <II = 1> <Delay = 1.83> <Storage> <Opcode : 'read' 'write' 'nbread' 'nbwrite'> <Ports = 0> <Width = 32> <Depth = 2> <FIFO>
ST_4 : Operation 156 [1/1] (0.00ns)   --->   "%curr_fullImage_119 = extractvalue i61536 %call_ret1" [../image_analysis.cpp:259]   --->   Operation 156 'extractvalue' 'curr_fullImage_119' <Predicate = true> <Delay = 0.00> <CoreInst = "FIFO_SRL">   --->   Core 80 'FIFO_SRL' <Latency = 0> <II = 1> <Delay = 1.83> <Storage> <Opcode : 'read' 'write' 'nbread' 'nbwrite'> <Ports = 0> <Width = 32> <Depth = 2> <FIFO>
ST_4 : Operation 157 [1/1] (0.00ns)   --->   "%curr_fullImage_120 = extractvalue i61536 %call_ret1" [../image_analysis.cpp:259]   --->   Operation 157 'extractvalue' 'curr_fullImage_120' <Predicate = true> <Delay = 0.00> <CoreInst = "FIFO_SRL">   --->   Core 80 'FIFO_SRL' <Latency = 0> <II = 1> <Delay = 1.83> <Storage> <Opcode : 'read' 'write' 'nbread' 'nbwrite'> <Ports = 0> <Width = 32> <Depth = 2> <FIFO>
ST_4 : Operation 158 [1/1] (0.00ns)   --->   "%curr_fullImage_121 = extractvalue i61536 %call_ret1" [../image_analysis.cpp:259]   --->   Operation 158 'extractvalue' 'curr_fullImage_121' <Predicate = true> <Delay = 0.00> <CoreInst = "FIFO_SRL">   --->   Core 80 'FIFO_SRL' <Latency = 0> <II = 1> <Delay = 1.83> <Storage> <Opcode : 'read' 'write' 'nbread' 'nbwrite'> <Ports = 0> <Width = 32> <Depth = 2> <FIFO>
ST_4 : Operation 159 [1/1] (0.00ns)   --->   "%curr_fullImage_122 = extractvalue i61536 %call_ret1" [../image_analysis.cpp:259]   --->   Operation 159 'extractvalue' 'curr_fullImage_122' <Predicate = true> <Delay = 0.00> <CoreInst = "FIFO_SRL">   --->   Core 80 'FIFO_SRL' <Latency = 0> <II = 1> <Delay = 1.83> <Storage> <Opcode : 'read' 'write' 'nbread' 'nbwrite'> <Ports = 0> <Width = 32> <Depth = 2> <FIFO>
ST_4 : Operation 160 [1/1] (0.00ns)   --->   "%curr_fullImage_123 = extractvalue i61536 %call_ret1" [../image_analysis.cpp:259]   --->   Operation 160 'extractvalue' 'curr_fullImage_123' <Predicate = true> <Delay = 0.00> <CoreInst = "FIFO_SRL">   --->   Core 80 'FIFO_SRL' <Latency = 0> <II = 1> <Delay = 1.83> <Storage> <Opcode : 'read' 'write' 'nbread' 'nbwrite'> <Ports = 0> <Width = 32> <Depth = 2> <FIFO>
ST_4 : Operation 161 [1/1] (0.00ns)   --->   "%curr_fullImage_124 = extractvalue i61536 %call_ret1" [../image_analysis.cpp:259]   --->   Operation 161 'extractvalue' 'curr_fullImage_124' <Predicate = true> <Delay = 0.00> <CoreInst = "FIFO_SRL">   --->   Core 80 'FIFO_SRL' <Latency = 0> <II = 1> <Delay = 1.83> <Storage> <Opcode : 'read' 'write' 'nbread' 'nbwrite'> <Ports = 0> <Width = 32> <Depth = 2> <FIFO>
ST_4 : Operation 162 [1/1] (0.00ns)   --->   "%curr_fullImage_125 = extractvalue i61536 %call_ret1" [../image_analysis.cpp:259]   --->   Operation 162 'extractvalue' 'curr_fullImage_125' <Predicate = true> <Delay = 0.00> <CoreInst = "FIFO_SRL">   --->   Core 80 'FIFO_SRL' <Latency = 0> <II = 1> <Delay = 1.83> <Storage> <Opcode : 'read' 'write' 'nbread' 'nbwrite'> <Ports = 0> <Width = 32> <Depth = 2> <FIFO>
ST_4 : Operation 163 [1/1] (0.00ns)   --->   "%curr_fullImage_126 = extractvalue i61536 %call_ret1" [../image_analysis.cpp:259]   --->   Operation 163 'extractvalue' 'curr_fullImage_126' <Predicate = true> <Delay = 0.00> <CoreInst = "FIFO_SRL">   --->   Core 80 'FIFO_SRL' <Latency = 0> <II = 1> <Delay = 1.83> <Storage> <Opcode : 'read' 'write' 'nbread' 'nbwrite'> <Ports = 0> <Width = 32> <Depth = 2> <FIFO>
ST_4 : Operation 164 [1/1] (0.00ns)   --->   "%curr_fullImage_127 = extractvalue i61536 %call_ret1" [../image_analysis.cpp:259]   --->   Operation 164 'extractvalue' 'curr_fullImage_127' <Predicate = true> <Delay = 0.00> <CoreInst = "FIFO_SRL">   --->   Core 80 'FIFO_SRL' <Latency = 0> <II = 1> <Delay = 1.83> <Storage> <Opcode : 'read' 'write' 'nbread' 'nbwrite'> <Ports = 0> <Width = 32> <Depth = 2> <FIFO>
ST_4 : Operation 165 [1/1] (0.00ns)   --->   "%curr_fullImage_128 = extractvalue i61536 %call_ret1" [../image_analysis.cpp:259]   --->   Operation 165 'extractvalue' 'curr_fullImage_128' <Predicate = true> <Delay = 0.00> <CoreInst = "FIFO_SRL">   --->   Core 80 'FIFO_SRL' <Latency = 0> <II = 1> <Delay = 1.83> <Storage> <Opcode : 'read' 'write' 'nbread' 'nbwrite'> <Ports = 0> <Width = 32> <Depth = 2> <FIFO>
ST_4 : Operation 166 [1/1] (0.00ns)   --->   "%curr_fullImage_129 = extractvalue i61536 %call_ret1" [../image_analysis.cpp:259]   --->   Operation 166 'extractvalue' 'curr_fullImage_129' <Predicate = true> <Delay = 0.00> <CoreInst = "FIFO_SRL">   --->   Core 80 'FIFO_SRL' <Latency = 0> <II = 1> <Delay = 1.83> <Storage> <Opcode : 'read' 'write' 'nbread' 'nbwrite'> <Ports = 0> <Width = 32> <Depth = 2> <FIFO>
ST_4 : Operation 167 [1/1] (0.00ns)   --->   "%curr_fullImage_130 = extractvalue i61536 %call_ret1" [../image_analysis.cpp:259]   --->   Operation 167 'extractvalue' 'curr_fullImage_130' <Predicate = true> <Delay = 0.00> <CoreInst = "FIFO_SRL">   --->   Core 80 'FIFO_SRL' <Latency = 0> <II = 1> <Delay = 1.83> <Storage> <Opcode : 'read' 'write' 'nbread' 'nbwrite'> <Ports = 0> <Width = 32> <Depth = 2> <FIFO>
ST_4 : Operation 168 [1/1] (0.00ns)   --->   "%curr_fullImage_131 = extractvalue i61536 %call_ret1" [../image_analysis.cpp:259]   --->   Operation 168 'extractvalue' 'curr_fullImage_131' <Predicate = true> <Delay = 0.00> <CoreInst = "FIFO_SRL">   --->   Core 80 'FIFO_SRL' <Latency = 0> <II = 1> <Delay = 1.83> <Storage> <Opcode : 'read' 'write' 'nbread' 'nbwrite'> <Ports = 0> <Width = 32> <Depth = 2> <FIFO>
ST_4 : Operation 169 [1/1] (0.00ns)   --->   "%curr_fullImage_132 = extractvalue i61536 %call_ret1" [../image_analysis.cpp:259]   --->   Operation 169 'extractvalue' 'curr_fullImage_132' <Predicate = true> <Delay = 0.00> <CoreInst = "FIFO_SRL">   --->   Core 80 'FIFO_SRL' <Latency = 0> <II = 1> <Delay = 1.83> <Storage> <Opcode : 'read' 'write' 'nbread' 'nbwrite'> <Ports = 0> <Width = 32> <Depth = 2> <FIFO>
ST_4 : Operation 170 [1/1] (0.00ns)   --->   "%curr_fullImage_133 = extractvalue i61536 %call_ret1" [../image_analysis.cpp:259]   --->   Operation 170 'extractvalue' 'curr_fullImage_133' <Predicate = true> <Delay = 0.00> <CoreInst = "FIFO_SRL">   --->   Core 80 'FIFO_SRL' <Latency = 0> <II = 1> <Delay = 1.83> <Storage> <Opcode : 'read' 'write' 'nbread' 'nbwrite'> <Ports = 0> <Width = 32> <Depth = 2> <FIFO>
ST_4 : Operation 171 [1/1] (0.00ns)   --->   "%curr_fullImage_134 = extractvalue i61536 %call_ret1" [../image_analysis.cpp:259]   --->   Operation 171 'extractvalue' 'curr_fullImage_134' <Predicate = true> <Delay = 0.00> <CoreInst = "FIFO_SRL">   --->   Core 80 'FIFO_SRL' <Latency = 0> <II = 1> <Delay = 1.83> <Storage> <Opcode : 'read' 'write' 'nbread' 'nbwrite'> <Ports = 0> <Width = 32> <Depth = 2> <FIFO>
ST_4 : Operation 172 [1/1] (0.00ns)   --->   "%curr_fullImage_135 = extractvalue i61536 %call_ret1" [../image_analysis.cpp:259]   --->   Operation 172 'extractvalue' 'curr_fullImage_135' <Predicate = true> <Delay = 0.00> <CoreInst = "FIFO_SRL">   --->   Core 80 'FIFO_SRL' <Latency = 0> <II = 1> <Delay = 1.83> <Storage> <Opcode : 'read' 'write' 'nbread' 'nbwrite'> <Ports = 0> <Width = 32> <Depth = 2> <FIFO>
ST_4 : Operation 173 [1/1] (0.00ns)   --->   "%curr_fullImage_136 = extractvalue i61536 %call_ret1" [../image_analysis.cpp:259]   --->   Operation 173 'extractvalue' 'curr_fullImage_136' <Predicate = true> <Delay = 0.00> <CoreInst = "FIFO_SRL">   --->   Core 80 'FIFO_SRL' <Latency = 0> <II = 1> <Delay = 1.83> <Storage> <Opcode : 'read' 'write' 'nbread' 'nbwrite'> <Ports = 0> <Width = 32> <Depth = 2> <FIFO>
ST_4 : Operation 174 [1/1] (0.00ns)   --->   "%curr_fullImage_137 = extractvalue i61536 %call_ret1" [../image_analysis.cpp:259]   --->   Operation 174 'extractvalue' 'curr_fullImage_137' <Predicate = true> <Delay = 0.00> <CoreInst = "FIFO_SRL">   --->   Core 80 'FIFO_SRL' <Latency = 0> <II = 1> <Delay = 1.83> <Storage> <Opcode : 'read' 'write' 'nbread' 'nbwrite'> <Ports = 0> <Width = 32> <Depth = 2> <FIFO>
ST_4 : Operation 175 [1/1] (0.00ns)   --->   "%curr_fullImage_138 = extractvalue i61536 %call_ret1" [../image_analysis.cpp:259]   --->   Operation 175 'extractvalue' 'curr_fullImage_138' <Predicate = true> <Delay = 0.00> <CoreInst = "FIFO_SRL">   --->   Core 80 'FIFO_SRL' <Latency = 0> <II = 1> <Delay = 1.83> <Storage> <Opcode : 'read' 'write' 'nbread' 'nbwrite'> <Ports = 0> <Width = 32> <Depth = 2> <FIFO>
ST_4 : Operation 176 [1/1] (0.00ns)   --->   "%curr_fullImage_139 = extractvalue i61536 %call_ret1" [../image_analysis.cpp:259]   --->   Operation 176 'extractvalue' 'curr_fullImage_139' <Predicate = true> <Delay = 0.00> <CoreInst = "FIFO_SRL">   --->   Core 80 'FIFO_SRL' <Latency = 0> <II = 1> <Delay = 1.83> <Storage> <Opcode : 'read' 'write' 'nbread' 'nbwrite'> <Ports = 0> <Width = 32> <Depth = 2> <FIFO>
ST_4 : Operation 177 [1/1] (0.00ns)   --->   "%curr_fullImage_140 = extractvalue i61536 %call_ret1" [../image_analysis.cpp:259]   --->   Operation 177 'extractvalue' 'curr_fullImage_140' <Predicate = true> <Delay = 0.00> <CoreInst = "FIFO_SRL">   --->   Core 80 'FIFO_SRL' <Latency = 0> <II = 1> <Delay = 1.83> <Storage> <Opcode : 'read' 'write' 'nbread' 'nbwrite'> <Ports = 0> <Width = 32> <Depth = 2> <FIFO>
ST_4 : Operation 178 [1/1] (0.00ns)   --->   "%curr_fullImage_141 = extractvalue i61536 %call_ret1" [../image_analysis.cpp:259]   --->   Operation 178 'extractvalue' 'curr_fullImage_141' <Predicate = true> <Delay = 0.00> <CoreInst = "FIFO_SRL">   --->   Core 80 'FIFO_SRL' <Latency = 0> <II = 1> <Delay = 1.83> <Storage> <Opcode : 'read' 'write' 'nbread' 'nbwrite'> <Ports = 0> <Width = 32> <Depth = 2> <FIFO>
ST_4 : Operation 179 [1/1] (0.00ns)   --->   "%curr_fullImage_142 = extractvalue i61536 %call_ret1" [../image_analysis.cpp:259]   --->   Operation 179 'extractvalue' 'curr_fullImage_142' <Predicate = true> <Delay = 0.00> <CoreInst = "FIFO_SRL">   --->   Core 80 'FIFO_SRL' <Latency = 0> <II = 1> <Delay = 1.83> <Storage> <Opcode : 'read' 'write' 'nbread' 'nbwrite'> <Ports = 0> <Width = 32> <Depth = 2> <FIFO>
ST_4 : Operation 180 [1/1] (0.00ns)   --->   "%curr_fullImage_143 = extractvalue i61536 %call_ret1" [../image_analysis.cpp:259]   --->   Operation 180 'extractvalue' 'curr_fullImage_143' <Predicate = true> <Delay = 0.00> <CoreInst = "FIFO_SRL">   --->   Core 80 'FIFO_SRL' <Latency = 0> <II = 1> <Delay = 1.83> <Storage> <Opcode : 'read' 'write' 'nbread' 'nbwrite'> <Ports = 0> <Width = 32> <Depth = 2> <FIFO>
ST_4 : Operation 181 [1/1] (0.00ns)   --->   "%curr_fullImage_144 = extractvalue i61536 %call_ret1" [../image_analysis.cpp:259]   --->   Operation 181 'extractvalue' 'curr_fullImage_144' <Predicate = true> <Delay = 0.00> <CoreInst = "FIFO_SRL">   --->   Core 80 'FIFO_SRL' <Latency = 0> <II = 1> <Delay = 1.83> <Storage> <Opcode : 'read' 'write' 'nbread' 'nbwrite'> <Ports = 0> <Width = 32> <Depth = 2> <FIFO>
ST_4 : Operation 182 [1/1] (0.00ns)   --->   "%curr_fullImage_145 = extractvalue i61536 %call_ret1" [../image_analysis.cpp:259]   --->   Operation 182 'extractvalue' 'curr_fullImage_145' <Predicate = true> <Delay = 0.00> <CoreInst = "FIFO_SRL">   --->   Core 80 'FIFO_SRL' <Latency = 0> <II = 1> <Delay = 1.83> <Storage> <Opcode : 'read' 'write' 'nbread' 'nbwrite'> <Ports = 0> <Width = 32> <Depth = 2> <FIFO>
ST_4 : Operation 183 [1/1] (0.00ns)   --->   "%curr_fullImage_146 = extractvalue i61536 %call_ret1" [../image_analysis.cpp:259]   --->   Operation 183 'extractvalue' 'curr_fullImage_146' <Predicate = true> <Delay = 0.00> <CoreInst = "FIFO_SRL">   --->   Core 80 'FIFO_SRL' <Latency = 0> <II = 1> <Delay = 1.83> <Storage> <Opcode : 'read' 'write' 'nbread' 'nbwrite'> <Ports = 0> <Width = 32> <Depth = 2> <FIFO>
ST_4 : Operation 184 [1/1] (0.00ns)   --->   "%curr_fullImage_147 = extractvalue i61536 %call_ret1" [../image_analysis.cpp:259]   --->   Operation 184 'extractvalue' 'curr_fullImage_147' <Predicate = true> <Delay = 0.00> <CoreInst = "FIFO_SRL">   --->   Core 80 'FIFO_SRL' <Latency = 0> <II = 1> <Delay = 1.83> <Storage> <Opcode : 'read' 'write' 'nbread' 'nbwrite'> <Ports = 0> <Width = 32> <Depth = 2> <FIFO>
ST_4 : Operation 185 [1/1] (0.00ns)   --->   "%curr_fullImage_148 = extractvalue i61536 %call_ret1" [../image_analysis.cpp:259]   --->   Operation 185 'extractvalue' 'curr_fullImage_148' <Predicate = true> <Delay = 0.00> <CoreInst = "FIFO_SRL">   --->   Core 80 'FIFO_SRL' <Latency = 0> <II = 1> <Delay = 1.83> <Storage> <Opcode : 'read' 'write' 'nbread' 'nbwrite'> <Ports = 0> <Width = 32> <Depth = 2> <FIFO>
ST_4 : Operation 186 [1/1] (0.00ns)   --->   "%curr_fullImage_149 = extractvalue i61536 %call_ret1" [../image_analysis.cpp:259]   --->   Operation 186 'extractvalue' 'curr_fullImage_149' <Predicate = true> <Delay = 0.00> <CoreInst = "FIFO_SRL">   --->   Core 80 'FIFO_SRL' <Latency = 0> <II = 1> <Delay = 1.83> <Storage> <Opcode : 'read' 'write' 'nbread' 'nbwrite'> <Ports = 0> <Width = 32> <Depth = 2> <FIFO>
ST_4 : Operation 187 [1/1] (0.00ns)   --->   "%curr_fullImage_150 = extractvalue i61536 %call_ret1" [../image_analysis.cpp:259]   --->   Operation 187 'extractvalue' 'curr_fullImage_150' <Predicate = true> <Delay = 0.00> <CoreInst = "FIFO_SRL">   --->   Core 80 'FIFO_SRL' <Latency = 0> <II = 1> <Delay = 1.83> <Storage> <Opcode : 'read' 'write' 'nbread' 'nbwrite'> <Ports = 0> <Width = 32> <Depth = 2> <FIFO>
ST_4 : Operation 188 [1/1] (0.00ns)   --->   "%curr_fullImage_151 = extractvalue i61536 %call_ret1" [../image_analysis.cpp:259]   --->   Operation 188 'extractvalue' 'curr_fullImage_151' <Predicate = true> <Delay = 0.00> <CoreInst = "FIFO_SRL">   --->   Core 80 'FIFO_SRL' <Latency = 0> <II = 1> <Delay = 1.83> <Storage> <Opcode : 'read' 'write' 'nbread' 'nbwrite'> <Ports = 0> <Width = 32> <Depth = 2> <FIFO>
ST_4 : Operation 189 [1/1] (0.00ns)   --->   "%curr_fullImage_152 = extractvalue i61536 %call_ret1" [../image_analysis.cpp:259]   --->   Operation 189 'extractvalue' 'curr_fullImage_152' <Predicate = true> <Delay = 0.00> <CoreInst = "FIFO_SRL">   --->   Core 80 'FIFO_SRL' <Latency = 0> <II = 1> <Delay = 1.83> <Storage> <Opcode : 'read' 'write' 'nbread' 'nbwrite'> <Ports = 0> <Width = 32> <Depth = 2> <FIFO>
ST_4 : Operation 190 [1/1] (0.00ns)   --->   "%curr_fullImage_153 = extractvalue i61536 %call_ret1" [../image_analysis.cpp:259]   --->   Operation 190 'extractvalue' 'curr_fullImage_153' <Predicate = true> <Delay = 0.00> <CoreInst = "FIFO_SRL">   --->   Core 80 'FIFO_SRL' <Latency = 0> <II = 1> <Delay = 1.83> <Storage> <Opcode : 'read' 'write' 'nbread' 'nbwrite'> <Ports = 0> <Width = 32> <Depth = 2> <FIFO>
ST_4 : Operation 191 [1/1] (0.00ns)   --->   "%curr_fullImage_154 = extractvalue i61536 %call_ret1" [../image_analysis.cpp:259]   --->   Operation 191 'extractvalue' 'curr_fullImage_154' <Predicate = true> <Delay = 0.00> <CoreInst = "FIFO_SRL">   --->   Core 80 'FIFO_SRL' <Latency = 0> <II = 1> <Delay = 1.83> <Storage> <Opcode : 'read' 'write' 'nbread' 'nbwrite'> <Ports = 0> <Width = 32> <Depth = 2> <FIFO>
ST_4 : Operation 192 [1/1] (0.00ns)   --->   "%curr_fullImage_155 = extractvalue i61536 %call_ret1" [../image_analysis.cpp:259]   --->   Operation 192 'extractvalue' 'curr_fullImage_155' <Predicate = true> <Delay = 0.00> <CoreInst = "FIFO_SRL">   --->   Core 80 'FIFO_SRL' <Latency = 0> <II = 1> <Delay = 1.83> <Storage> <Opcode : 'read' 'write' 'nbread' 'nbwrite'> <Ports = 0> <Width = 32> <Depth = 2> <FIFO>
ST_4 : Operation 193 [1/1] (0.00ns)   --->   "%curr_fullImage_156 = extractvalue i61536 %call_ret1" [../image_analysis.cpp:259]   --->   Operation 193 'extractvalue' 'curr_fullImage_156' <Predicate = true> <Delay = 0.00> <CoreInst = "FIFO_SRL">   --->   Core 80 'FIFO_SRL' <Latency = 0> <II = 1> <Delay = 1.83> <Storage> <Opcode : 'read' 'write' 'nbread' 'nbwrite'> <Ports = 0> <Width = 32> <Depth = 2> <FIFO>
ST_4 : Operation 194 [1/1] (0.00ns)   --->   "%curr_fullImage_157 = extractvalue i61536 %call_ret1" [../image_analysis.cpp:259]   --->   Operation 194 'extractvalue' 'curr_fullImage_157' <Predicate = true> <Delay = 0.00> <CoreInst = "FIFO_SRL">   --->   Core 80 'FIFO_SRL' <Latency = 0> <II = 1> <Delay = 1.83> <Storage> <Opcode : 'read' 'write' 'nbread' 'nbwrite'> <Ports = 0> <Width = 32> <Depth = 2> <FIFO>
ST_4 : Operation 195 [1/1] (0.00ns)   --->   "%curr_fullImage_158 = extractvalue i61536 %call_ret1" [../image_analysis.cpp:259]   --->   Operation 195 'extractvalue' 'curr_fullImage_158' <Predicate = true> <Delay = 0.00> <CoreInst = "FIFO_SRL">   --->   Core 80 'FIFO_SRL' <Latency = 0> <II = 1> <Delay = 1.83> <Storage> <Opcode : 'read' 'write' 'nbread' 'nbwrite'> <Ports = 0> <Width = 32> <Depth = 2> <FIFO>
ST_4 : Operation 196 [1/1] (0.00ns)   --->   "%curr_fullImage_159 = extractvalue i61536 %call_ret1" [../image_analysis.cpp:259]   --->   Operation 196 'extractvalue' 'curr_fullImage_159' <Predicate = true> <Delay = 0.00> <CoreInst = "FIFO_SRL">   --->   Core 80 'FIFO_SRL' <Latency = 0> <II = 1> <Delay = 1.83> <Storage> <Opcode : 'read' 'write' 'nbread' 'nbwrite'> <Ports = 0> <Width = 32> <Depth = 2> <FIFO>
ST_4 : Operation 197 [1/1] (0.00ns)   --->   "%curr_fullImage_160 = extractvalue i61536 %call_ret1" [../image_analysis.cpp:259]   --->   Operation 197 'extractvalue' 'curr_fullImage_160' <Predicate = true> <Delay = 0.00> <CoreInst = "FIFO_SRL">   --->   Core 80 'FIFO_SRL' <Latency = 0> <II = 1> <Delay = 1.83> <Storage> <Opcode : 'read' 'write' 'nbread' 'nbwrite'> <Ports = 0> <Width = 32> <Depth = 2> <FIFO>
ST_4 : Operation 198 [1/1] (0.00ns)   --->   "%curr_fullImage_161 = extractvalue i61536 %call_ret1" [../image_analysis.cpp:259]   --->   Operation 198 'extractvalue' 'curr_fullImage_161' <Predicate = true> <Delay = 0.00> <CoreInst = "FIFO_SRL">   --->   Core 80 'FIFO_SRL' <Latency = 0> <II = 1> <Delay = 1.83> <Storage> <Opcode : 'read' 'write' 'nbread' 'nbwrite'> <Ports = 0> <Width = 32> <Depth = 2> <FIFO>
ST_4 : Operation 199 [1/1] (0.00ns)   --->   "%curr_fullImage_162 = extractvalue i61536 %call_ret1" [../image_analysis.cpp:259]   --->   Operation 199 'extractvalue' 'curr_fullImage_162' <Predicate = true> <Delay = 0.00> <CoreInst = "FIFO_SRL">   --->   Core 80 'FIFO_SRL' <Latency = 0> <II = 1> <Delay = 1.83> <Storage> <Opcode : 'read' 'write' 'nbread' 'nbwrite'> <Ports = 0> <Width = 32> <Depth = 2> <FIFO>
ST_4 : Operation 200 [1/1] (0.00ns)   --->   "%curr_fullImage_163 = extractvalue i61536 %call_ret1" [../image_analysis.cpp:259]   --->   Operation 200 'extractvalue' 'curr_fullImage_163' <Predicate = true> <Delay = 0.00> <CoreInst = "FIFO_SRL">   --->   Core 80 'FIFO_SRL' <Latency = 0> <II = 1> <Delay = 1.83> <Storage> <Opcode : 'read' 'write' 'nbread' 'nbwrite'> <Ports = 0> <Width = 32> <Depth = 2> <FIFO>
ST_4 : Operation 201 [1/1] (0.00ns)   --->   "%curr_fullImage_164 = extractvalue i61536 %call_ret1" [../image_analysis.cpp:259]   --->   Operation 201 'extractvalue' 'curr_fullImage_164' <Predicate = true> <Delay = 0.00> <CoreInst = "FIFO_SRL">   --->   Core 80 'FIFO_SRL' <Latency = 0> <II = 1> <Delay = 1.83> <Storage> <Opcode : 'read' 'write' 'nbread' 'nbwrite'> <Ports = 0> <Width = 32> <Depth = 2> <FIFO>
ST_4 : Operation 202 [1/1] (0.00ns)   --->   "%curr_fullImage_165 = extractvalue i61536 %call_ret1" [../image_analysis.cpp:259]   --->   Operation 202 'extractvalue' 'curr_fullImage_165' <Predicate = true> <Delay = 0.00> <CoreInst = "FIFO_SRL">   --->   Core 80 'FIFO_SRL' <Latency = 0> <II = 1> <Delay = 1.83> <Storage> <Opcode : 'read' 'write' 'nbread' 'nbwrite'> <Ports = 0> <Width = 32> <Depth = 2> <FIFO>
ST_4 : Operation 203 [1/1] (0.00ns)   --->   "%curr_fullImage_166 = extractvalue i61536 %call_ret1" [../image_analysis.cpp:259]   --->   Operation 203 'extractvalue' 'curr_fullImage_166' <Predicate = true> <Delay = 0.00> <CoreInst = "FIFO_SRL">   --->   Core 80 'FIFO_SRL' <Latency = 0> <II = 1> <Delay = 1.83> <Storage> <Opcode : 'read' 'write' 'nbread' 'nbwrite'> <Ports = 0> <Width = 32> <Depth = 2> <FIFO>
ST_4 : Operation 204 [1/1] (0.00ns)   --->   "%curr_fullImage_167 = extractvalue i61536 %call_ret1" [../image_analysis.cpp:259]   --->   Operation 204 'extractvalue' 'curr_fullImage_167' <Predicate = true> <Delay = 0.00> <CoreInst = "FIFO_SRL">   --->   Core 80 'FIFO_SRL' <Latency = 0> <II = 1> <Delay = 1.83> <Storage> <Opcode : 'read' 'write' 'nbread' 'nbwrite'> <Ports = 0> <Width = 32> <Depth = 2> <FIFO>
ST_4 : Operation 205 [1/1] (0.00ns)   --->   "%curr_fullImage_168 = extractvalue i61536 %call_ret1" [../image_analysis.cpp:259]   --->   Operation 205 'extractvalue' 'curr_fullImage_168' <Predicate = true> <Delay = 0.00> <CoreInst = "FIFO_SRL">   --->   Core 80 'FIFO_SRL' <Latency = 0> <II = 1> <Delay = 1.83> <Storage> <Opcode : 'read' 'write' 'nbread' 'nbwrite'> <Ports = 0> <Width = 32> <Depth = 2> <FIFO>
ST_4 : Operation 206 [1/1] (0.00ns)   --->   "%curr_fullImage_169 = extractvalue i61536 %call_ret1" [../image_analysis.cpp:259]   --->   Operation 206 'extractvalue' 'curr_fullImage_169' <Predicate = true> <Delay = 0.00> <CoreInst = "FIFO_SRL">   --->   Core 80 'FIFO_SRL' <Latency = 0> <II = 1> <Delay = 1.83> <Storage> <Opcode : 'read' 'write' 'nbread' 'nbwrite'> <Ports = 0> <Width = 32> <Depth = 2> <FIFO>
ST_4 : Operation 207 [1/1] (0.00ns)   --->   "%curr_fullImage_170 = extractvalue i61536 %call_ret1" [../image_analysis.cpp:259]   --->   Operation 207 'extractvalue' 'curr_fullImage_170' <Predicate = true> <Delay = 0.00> <CoreInst = "FIFO_SRL">   --->   Core 80 'FIFO_SRL' <Latency = 0> <II = 1> <Delay = 1.83> <Storage> <Opcode : 'read' 'write' 'nbread' 'nbwrite'> <Ports = 0> <Width = 32> <Depth = 2> <FIFO>
ST_4 : Operation 208 [1/1] (0.00ns)   --->   "%curr_fullImage_171 = extractvalue i61536 %call_ret1" [../image_analysis.cpp:259]   --->   Operation 208 'extractvalue' 'curr_fullImage_171' <Predicate = true> <Delay = 0.00> <CoreInst = "FIFO_SRL">   --->   Core 80 'FIFO_SRL' <Latency = 0> <II = 1> <Delay = 1.83> <Storage> <Opcode : 'read' 'write' 'nbread' 'nbwrite'> <Ports = 0> <Width = 32> <Depth = 2> <FIFO>
ST_4 : Operation 209 [1/1] (0.00ns)   --->   "%curr_fullImage_172 = extractvalue i61536 %call_ret1" [../image_analysis.cpp:259]   --->   Operation 209 'extractvalue' 'curr_fullImage_172' <Predicate = true> <Delay = 0.00> <CoreInst = "FIFO_SRL">   --->   Core 80 'FIFO_SRL' <Latency = 0> <II = 1> <Delay = 1.83> <Storage> <Opcode : 'read' 'write' 'nbread' 'nbwrite'> <Ports = 0> <Width = 32> <Depth = 2> <FIFO>
ST_4 : Operation 210 [1/1] (0.00ns)   --->   "%curr_fullImage_173 = extractvalue i61536 %call_ret1" [../image_analysis.cpp:259]   --->   Operation 210 'extractvalue' 'curr_fullImage_173' <Predicate = true> <Delay = 0.00> <CoreInst = "FIFO_SRL">   --->   Core 80 'FIFO_SRL' <Latency = 0> <II = 1> <Delay = 1.83> <Storage> <Opcode : 'read' 'write' 'nbread' 'nbwrite'> <Ports = 0> <Width = 32> <Depth = 2> <FIFO>
ST_4 : Operation 211 [1/1] (0.00ns)   --->   "%curr_fullImage_174 = extractvalue i61536 %call_ret1" [../image_analysis.cpp:259]   --->   Operation 211 'extractvalue' 'curr_fullImage_174' <Predicate = true> <Delay = 0.00> <CoreInst = "FIFO_SRL">   --->   Core 80 'FIFO_SRL' <Latency = 0> <II = 1> <Delay = 1.83> <Storage> <Opcode : 'read' 'write' 'nbread' 'nbwrite'> <Ports = 0> <Width = 32> <Depth = 2> <FIFO>
ST_4 : Operation 212 [1/1] (0.00ns)   --->   "%curr_fullImage_175 = extractvalue i61536 %call_ret1" [../image_analysis.cpp:259]   --->   Operation 212 'extractvalue' 'curr_fullImage_175' <Predicate = true> <Delay = 0.00> <CoreInst = "FIFO_SRL">   --->   Core 80 'FIFO_SRL' <Latency = 0> <II = 1> <Delay = 1.83> <Storage> <Opcode : 'read' 'write' 'nbread' 'nbwrite'> <Ports = 0> <Width = 32> <Depth = 2> <FIFO>
ST_4 : Operation 213 [1/1] (0.00ns)   --->   "%curr_fullImage_176 = extractvalue i61536 %call_ret1" [../image_analysis.cpp:259]   --->   Operation 213 'extractvalue' 'curr_fullImage_176' <Predicate = true> <Delay = 0.00> <CoreInst = "FIFO_SRL">   --->   Core 80 'FIFO_SRL' <Latency = 0> <II = 1> <Delay = 1.83> <Storage> <Opcode : 'read' 'write' 'nbread' 'nbwrite'> <Ports = 0> <Width = 32> <Depth = 2> <FIFO>
ST_4 : Operation 214 [1/1] (0.00ns)   --->   "%curr_fullImage_177 = extractvalue i61536 %call_ret1" [../image_analysis.cpp:259]   --->   Operation 214 'extractvalue' 'curr_fullImage_177' <Predicate = true> <Delay = 0.00> <CoreInst = "FIFO_SRL">   --->   Core 80 'FIFO_SRL' <Latency = 0> <II = 1> <Delay = 1.83> <Storage> <Opcode : 'read' 'write' 'nbread' 'nbwrite'> <Ports = 0> <Width = 32> <Depth = 2> <FIFO>
ST_4 : Operation 215 [1/1] (0.00ns)   --->   "%curr_fullImage_178 = extractvalue i61536 %call_ret1" [../image_analysis.cpp:259]   --->   Operation 215 'extractvalue' 'curr_fullImage_178' <Predicate = true> <Delay = 0.00> <CoreInst = "FIFO_SRL">   --->   Core 80 'FIFO_SRL' <Latency = 0> <II = 1> <Delay = 1.83> <Storage> <Opcode : 'read' 'write' 'nbread' 'nbwrite'> <Ports = 0> <Width = 32> <Depth = 2> <FIFO>
ST_4 : Operation 216 [1/1] (0.00ns)   --->   "%curr_fullImage_179 = extractvalue i61536 %call_ret1" [../image_analysis.cpp:259]   --->   Operation 216 'extractvalue' 'curr_fullImage_179' <Predicate = true> <Delay = 0.00> <CoreInst = "FIFO_SRL">   --->   Core 80 'FIFO_SRL' <Latency = 0> <II = 1> <Delay = 1.83> <Storage> <Opcode : 'read' 'write' 'nbread' 'nbwrite'> <Ports = 0> <Width = 32> <Depth = 2> <FIFO>
ST_4 : Operation 217 [1/1] (0.00ns)   --->   "%curr_fullImage_180 = extractvalue i61536 %call_ret1" [../image_analysis.cpp:259]   --->   Operation 217 'extractvalue' 'curr_fullImage_180' <Predicate = true> <Delay = 0.00> <CoreInst = "FIFO_SRL">   --->   Core 80 'FIFO_SRL' <Latency = 0> <II = 1> <Delay = 1.83> <Storage> <Opcode : 'read' 'write' 'nbread' 'nbwrite'> <Ports = 0> <Width = 32> <Depth = 2> <FIFO>
ST_4 : Operation 218 [1/1] (0.00ns)   --->   "%curr_fullImage_181 = extractvalue i61536 %call_ret1" [../image_analysis.cpp:259]   --->   Operation 218 'extractvalue' 'curr_fullImage_181' <Predicate = true> <Delay = 0.00> <CoreInst = "FIFO_SRL">   --->   Core 80 'FIFO_SRL' <Latency = 0> <II = 1> <Delay = 1.83> <Storage> <Opcode : 'read' 'write' 'nbread' 'nbwrite'> <Ports = 0> <Width = 32> <Depth = 2> <FIFO>
ST_4 : Operation 219 [1/1] (0.00ns)   --->   "%curr_fullImage_182 = extractvalue i61536 %call_ret1" [../image_analysis.cpp:259]   --->   Operation 219 'extractvalue' 'curr_fullImage_182' <Predicate = true> <Delay = 0.00> <CoreInst = "FIFO_SRL">   --->   Core 80 'FIFO_SRL' <Latency = 0> <II = 1> <Delay = 1.83> <Storage> <Opcode : 'read' 'write' 'nbread' 'nbwrite'> <Ports = 0> <Width = 32> <Depth = 2> <FIFO>
ST_4 : Operation 220 [1/1] (0.00ns)   --->   "%curr_fullImage_183 = extractvalue i61536 %call_ret1" [../image_analysis.cpp:259]   --->   Operation 220 'extractvalue' 'curr_fullImage_183' <Predicate = true> <Delay = 0.00> <CoreInst = "FIFO_SRL">   --->   Core 80 'FIFO_SRL' <Latency = 0> <II = 1> <Delay = 1.83> <Storage> <Opcode : 'read' 'write' 'nbread' 'nbwrite'> <Ports = 0> <Width = 32> <Depth = 2> <FIFO>
ST_4 : Operation 221 [1/1] (0.00ns)   --->   "%curr_fullImage_184 = extractvalue i61536 %call_ret1" [../image_analysis.cpp:259]   --->   Operation 221 'extractvalue' 'curr_fullImage_184' <Predicate = true> <Delay = 0.00> <CoreInst = "FIFO_SRL">   --->   Core 80 'FIFO_SRL' <Latency = 0> <II = 1> <Delay = 1.83> <Storage> <Opcode : 'read' 'write' 'nbread' 'nbwrite'> <Ports = 0> <Width = 32> <Depth = 2> <FIFO>
ST_4 : Operation 222 [1/1] (0.00ns)   --->   "%curr_fullImage_185 = extractvalue i61536 %call_ret1" [../image_analysis.cpp:259]   --->   Operation 222 'extractvalue' 'curr_fullImage_185' <Predicate = true> <Delay = 0.00> <CoreInst = "FIFO_SRL">   --->   Core 80 'FIFO_SRL' <Latency = 0> <II = 1> <Delay = 1.83> <Storage> <Opcode : 'read' 'write' 'nbread' 'nbwrite'> <Ports = 0> <Width = 32> <Depth = 2> <FIFO>
ST_4 : Operation 223 [1/1] (0.00ns)   --->   "%curr_fullImage_186 = extractvalue i61536 %call_ret1" [../image_analysis.cpp:259]   --->   Operation 223 'extractvalue' 'curr_fullImage_186' <Predicate = true> <Delay = 0.00> <CoreInst = "FIFO_SRL">   --->   Core 80 'FIFO_SRL' <Latency = 0> <II = 1> <Delay = 1.83> <Storage> <Opcode : 'read' 'write' 'nbread' 'nbwrite'> <Ports = 0> <Width = 32> <Depth = 2> <FIFO>
ST_4 : Operation 224 [1/1] (0.00ns)   --->   "%curr_fullImage_187 = extractvalue i61536 %call_ret1" [../image_analysis.cpp:259]   --->   Operation 224 'extractvalue' 'curr_fullImage_187' <Predicate = true> <Delay = 0.00> <CoreInst = "FIFO_SRL">   --->   Core 80 'FIFO_SRL' <Latency = 0> <II = 1> <Delay = 1.83> <Storage> <Opcode : 'read' 'write' 'nbread' 'nbwrite'> <Ports = 0> <Width = 32> <Depth = 2> <FIFO>
ST_4 : Operation 225 [1/1] (0.00ns)   --->   "%curr_fullImage_188 = extractvalue i61536 %call_ret1" [../image_analysis.cpp:259]   --->   Operation 225 'extractvalue' 'curr_fullImage_188' <Predicate = true> <Delay = 0.00> <CoreInst = "FIFO_SRL">   --->   Core 80 'FIFO_SRL' <Latency = 0> <II = 1> <Delay = 1.83> <Storage> <Opcode : 'read' 'write' 'nbread' 'nbwrite'> <Ports = 0> <Width = 32> <Depth = 2> <FIFO>
ST_4 : Operation 226 [1/1] (0.00ns)   --->   "%curr_fullImage_189 = extractvalue i61536 %call_ret1" [../image_analysis.cpp:259]   --->   Operation 226 'extractvalue' 'curr_fullImage_189' <Predicate = true> <Delay = 0.00> <CoreInst = "FIFO_SRL">   --->   Core 80 'FIFO_SRL' <Latency = 0> <II = 1> <Delay = 1.83> <Storage> <Opcode : 'read' 'write' 'nbread' 'nbwrite'> <Ports = 0> <Width = 32> <Depth = 2> <FIFO>
ST_4 : Operation 227 [1/1] (0.00ns)   --->   "%curr_fullImage_190 = extractvalue i61536 %call_ret1" [../image_analysis.cpp:259]   --->   Operation 227 'extractvalue' 'curr_fullImage_190' <Predicate = true> <Delay = 0.00> <CoreInst = "FIFO_SRL">   --->   Core 80 'FIFO_SRL' <Latency = 0> <II = 1> <Delay = 1.83> <Storage> <Opcode : 'read' 'write' 'nbread' 'nbwrite'> <Ports = 0> <Width = 32> <Depth = 2> <FIFO>
ST_4 : Operation 228 [1/1] (0.00ns)   --->   "%curr_fullImage_191 = extractvalue i61536 %call_ret1" [../image_analysis.cpp:259]   --->   Operation 228 'extractvalue' 'curr_fullImage_191' <Predicate = true> <Delay = 0.00> <CoreInst = "FIFO_SRL">   --->   Core 80 'FIFO_SRL' <Latency = 0> <II = 1> <Delay = 1.83> <Storage> <Opcode : 'read' 'write' 'nbread' 'nbwrite'> <Ports = 0> <Width = 32> <Depth = 2> <FIFO>
ST_4 : Operation 229 [1/1] (0.00ns)   --->   "%curr_fullImage_192 = extractvalue i61536 %call_ret1" [../image_analysis.cpp:259]   --->   Operation 229 'extractvalue' 'curr_fullImage_192' <Predicate = true> <Delay = 0.00> <CoreInst = "FIFO_SRL">   --->   Core 80 'FIFO_SRL' <Latency = 0> <II = 1> <Delay = 1.83> <Storage> <Opcode : 'read' 'write' 'nbread' 'nbwrite'> <Ports = 0> <Width = 32> <Depth = 2> <FIFO>
ST_4 : Operation 230 [1/1] (0.00ns)   --->   "%curr_fullImage_193 = extractvalue i61536 %call_ret1" [../image_analysis.cpp:259]   --->   Operation 230 'extractvalue' 'curr_fullImage_193' <Predicate = true> <Delay = 0.00> <CoreInst = "FIFO_SRL">   --->   Core 80 'FIFO_SRL' <Latency = 0> <II = 1> <Delay = 1.83> <Storage> <Opcode : 'read' 'write' 'nbread' 'nbwrite'> <Ports = 0> <Width = 32> <Depth = 2> <FIFO>
ST_4 : Operation 231 [1/1] (0.00ns)   --->   "%curr_fullImage_194 = extractvalue i61536 %call_ret1" [../image_analysis.cpp:259]   --->   Operation 231 'extractvalue' 'curr_fullImage_194' <Predicate = true> <Delay = 0.00> <CoreInst = "FIFO_SRL">   --->   Core 80 'FIFO_SRL' <Latency = 0> <II = 1> <Delay = 1.83> <Storage> <Opcode : 'read' 'write' 'nbread' 'nbwrite'> <Ports = 0> <Width = 32> <Depth = 2> <FIFO>
ST_4 : Operation 232 [1/1] (0.00ns)   --->   "%curr_fullImage_195 = extractvalue i61536 %call_ret1" [../image_analysis.cpp:259]   --->   Operation 232 'extractvalue' 'curr_fullImage_195' <Predicate = true> <Delay = 0.00> <CoreInst = "FIFO_SRL">   --->   Core 80 'FIFO_SRL' <Latency = 0> <II = 1> <Delay = 1.83> <Storage> <Opcode : 'read' 'write' 'nbread' 'nbwrite'> <Ports = 0> <Width = 32> <Depth = 2> <FIFO>
ST_4 : Operation 233 [1/1] (0.00ns)   --->   "%curr_fullImage_196 = extractvalue i61536 %call_ret1" [../image_analysis.cpp:259]   --->   Operation 233 'extractvalue' 'curr_fullImage_196' <Predicate = true> <Delay = 0.00> <CoreInst = "FIFO_SRL">   --->   Core 80 'FIFO_SRL' <Latency = 0> <II = 1> <Delay = 1.83> <Storage> <Opcode : 'read' 'write' 'nbread' 'nbwrite'> <Ports = 0> <Width = 32> <Depth = 2> <FIFO>
ST_4 : Operation 234 [1/1] (0.00ns)   --->   "%curr_fullImage_197 = extractvalue i61536 %call_ret1" [../image_analysis.cpp:259]   --->   Operation 234 'extractvalue' 'curr_fullImage_197' <Predicate = true> <Delay = 0.00> <CoreInst = "FIFO_SRL">   --->   Core 80 'FIFO_SRL' <Latency = 0> <II = 1> <Delay = 1.83> <Storage> <Opcode : 'read' 'write' 'nbread' 'nbwrite'> <Ports = 0> <Width = 32> <Depth = 2> <FIFO>
ST_4 : Operation 235 [1/1] (0.00ns)   --->   "%curr_fullImage_198 = extractvalue i61536 %call_ret1" [../image_analysis.cpp:259]   --->   Operation 235 'extractvalue' 'curr_fullImage_198' <Predicate = true> <Delay = 0.00> <CoreInst = "FIFO_SRL">   --->   Core 80 'FIFO_SRL' <Latency = 0> <II = 1> <Delay = 1.83> <Storage> <Opcode : 'read' 'write' 'nbread' 'nbwrite'> <Ports = 0> <Width = 32> <Depth = 2> <FIFO>
ST_4 : Operation 236 [1/1] (0.00ns)   --->   "%curr_fullImage_199 = extractvalue i61536 %call_ret1" [../image_analysis.cpp:259]   --->   Operation 236 'extractvalue' 'curr_fullImage_199' <Predicate = true> <Delay = 0.00> <CoreInst = "FIFO_SRL">   --->   Core 80 'FIFO_SRL' <Latency = 0> <II = 1> <Delay = 1.83> <Storage> <Opcode : 'read' 'write' 'nbread' 'nbwrite'> <Ports = 0> <Width = 32> <Depth = 2> <FIFO>
ST_4 : Operation 237 [1/1] (0.00ns)   --->   "%curr_fullImage_200 = extractvalue i61536 %call_ret1" [../image_analysis.cpp:259]   --->   Operation 237 'extractvalue' 'curr_fullImage_200' <Predicate = true> <Delay = 0.00> <CoreInst = "FIFO_SRL">   --->   Core 80 'FIFO_SRL' <Latency = 0> <II = 1> <Delay = 1.83> <Storage> <Opcode : 'read' 'write' 'nbread' 'nbwrite'> <Ports = 0> <Width = 32> <Depth = 2> <FIFO>
ST_4 : Operation 238 [1/1] (0.00ns)   --->   "%curr_fullImage_201 = extractvalue i61536 %call_ret1" [../image_analysis.cpp:259]   --->   Operation 238 'extractvalue' 'curr_fullImage_201' <Predicate = true> <Delay = 0.00> <CoreInst = "FIFO_SRL">   --->   Core 80 'FIFO_SRL' <Latency = 0> <II = 1> <Delay = 1.83> <Storage> <Opcode : 'read' 'write' 'nbread' 'nbwrite'> <Ports = 0> <Width = 32> <Depth = 2> <FIFO>
ST_4 : Operation 239 [1/1] (0.00ns)   --->   "%curr_fullImage_202 = extractvalue i61536 %call_ret1" [../image_analysis.cpp:259]   --->   Operation 239 'extractvalue' 'curr_fullImage_202' <Predicate = true> <Delay = 0.00> <CoreInst = "FIFO_SRL">   --->   Core 80 'FIFO_SRL' <Latency = 0> <II = 1> <Delay = 1.83> <Storage> <Opcode : 'read' 'write' 'nbread' 'nbwrite'> <Ports = 0> <Width = 32> <Depth = 2> <FIFO>
ST_4 : Operation 240 [1/1] (0.00ns)   --->   "%curr_fullImage_203 = extractvalue i61536 %call_ret1" [../image_analysis.cpp:259]   --->   Operation 240 'extractvalue' 'curr_fullImage_203' <Predicate = true> <Delay = 0.00> <CoreInst = "FIFO_SRL">   --->   Core 80 'FIFO_SRL' <Latency = 0> <II = 1> <Delay = 1.83> <Storage> <Opcode : 'read' 'write' 'nbread' 'nbwrite'> <Ports = 0> <Width = 32> <Depth = 2> <FIFO>
ST_4 : Operation 241 [1/1] (0.00ns)   --->   "%curr_fullImage_204 = extractvalue i61536 %call_ret1" [../image_analysis.cpp:259]   --->   Operation 241 'extractvalue' 'curr_fullImage_204' <Predicate = true> <Delay = 0.00> <CoreInst = "FIFO_SRL">   --->   Core 80 'FIFO_SRL' <Latency = 0> <II = 1> <Delay = 1.83> <Storage> <Opcode : 'read' 'write' 'nbread' 'nbwrite'> <Ports = 0> <Width = 32> <Depth = 2> <FIFO>
ST_4 : Operation 242 [1/1] (0.00ns)   --->   "%curr_fullImage_205 = extractvalue i61536 %call_ret1" [../image_analysis.cpp:259]   --->   Operation 242 'extractvalue' 'curr_fullImage_205' <Predicate = true> <Delay = 0.00> <CoreInst = "FIFO_SRL">   --->   Core 80 'FIFO_SRL' <Latency = 0> <II = 1> <Delay = 1.83> <Storage> <Opcode : 'read' 'write' 'nbread' 'nbwrite'> <Ports = 0> <Width = 32> <Depth = 2> <FIFO>
ST_4 : Operation 243 [1/1] (0.00ns)   --->   "%curr_fullImage_206 = extractvalue i61536 %call_ret1" [../image_analysis.cpp:259]   --->   Operation 243 'extractvalue' 'curr_fullImage_206' <Predicate = true> <Delay = 0.00> <CoreInst = "FIFO_SRL">   --->   Core 80 'FIFO_SRL' <Latency = 0> <II = 1> <Delay = 1.83> <Storage> <Opcode : 'read' 'write' 'nbread' 'nbwrite'> <Ports = 0> <Width = 32> <Depth = 2> <FIFO>
ST_4 : Operation 244 [1/1] (0.00ns)   --->   "%curr_fullImage_207 = extractvalue i61536 %call_ret1" [../image_analysis.cpp:259]   --->   Operation 244 'extractvalue' 'curr_fullImage_207' <Predicate = true> <Delay = 0.00> <CoreInst = "FIFO_SRL">   --->   Core 80 'FIFO_SRL' <Latency = 0> <II = 1> <Delay = 1.83> <Storage> <Opcode : 'read' 'write' 'nbread' 'nbwrite'> <Ports = 0> <Width = 32> <Depth = 2> <FIFO>
ST_4 : Operation 245 [1/1] (0.00ns)   --->   "%curr_fullImage_208 = extractvalue i61536 %call_ret1" [../image_analysis.cpp:259]   --->   Operation 245 'extractvalue' 'curr_fullImage_208' <Predicate = true> <Delay = 0.00> <CoreInst = "FIFO_SRL">   --->   Core 80 'FIFO_SRL' <Latency = 0> <II = 1> <Delay = 1.83> <Storage> <Opcode : 'read' 'write' 'nbread' 'nbwrite'> <Ports = 0> <Width = 32> <Depth = 2> <FIFO>
ST_4 : Operation 246 [1/1] (0.00ns)   --->   "%curr_fullImage_209 = extractvalue i61536 %call_ret1" [../image_analysis.cpp:259]   --->   Operation 246 'extractvalue' 'curr_fullImage_209' <Predicate = true> <Delay = 0.00> <CoreInst = "FIFO_SRL">   --->   Core 80 'FIFO_SRL' <Latency = 0> <II = 1> <Delay = 1.83> <Storage> <Opcode : 'read' 'write' 'nbread' 'nbwrite'> <Ports = 0> <Width = 32> <Depth = 2> <FIFO>
ST_4 : Operation 247 [1/1] (0.00ns)   --->   "%curr_fullImage_210 = extractvalue i61536 %call_ret1" [../image_analysis.cpp:259]   --->   Operation 247 'extractvalue' 'curr_fullImage_210' <Predicate = true> <Delay = 0.00> <CoreInst = "FIFO_SRL">   --->   Core 80 'FIFO_SRL' <Latency = 0> <II = 1> <Delay = 1.83> <Storage> <Opcode : 'read' 'write' 'nbread' 'nbwrite'> <Ports = 0> <Width = 32> <Depth = 2> <FIFO>
ST_4 : Operation 248 [1/1] (0.00ns)   --->   "%curr_fullImage_211 = extractvalue i61536 %call_ret1" [../image_analysis.cpp:259]   --->   Operation 248 'extractvalue' 'curr_fullImage_211' <Predicate = true> <Delay = 0.00> <CoreInst = "FIFO_SRL">   --->   Core 80 'FIFO_SRL' <Latency = 0> <II = 1> <Delay = 1.83> <Storage> <Opcode : 'read' 'write' 'nbread' 'nbwrite'> <Ports = 0> <Width = 32> <Depth = 2> <FIFO>
ST_4 : Operation 249 [1/1] (0.00ns)   --->   "%curr_fullImage_212 = extractvalue i61536 %call_ret1" [../image_analysis.cpp:259]   --->   Operation 249 'extractvalue' 'curr_fullImage_212' <Predicate = true> <Delay = 0.00> <CoreInst = "FIFO_SRL">   --->   Core 80 'FIFO_SRL' <Latency = 0> <II = 1> <Delay = 1.83> <Storage> <Opcode : 'read' 'write' 'nbread' 'nbwrite'> <Ports = 0> <Width = 32> <Depth = 2> <FIFO>
ST_4 : Operation 250 [1/1] (0.00ns)   --->   "%curr_fullImage_213 = extractvalue i61536 %call_ret1" [../image_analysis.cpp:259]   --->   Operation 250 'extractvalue' 'curr_fullImage_213' <Predicate = true> <Delay = 0.00> <CoreInst = "FIFO_SRL">   --->   Core 80 'FIFO_SRL' <Latency = 0> <II = 1> <Delay = 1.83> <Storage> <Opcode : 'read' 'write' 'nbread' 'nbwrite'> <Ports = 0> <Width = 32> <Depth = 2> <FIFO>
ST_4 : Operation 251 [1/1] (0.00ns)   --->   "%curr_fullImage_214 = extractvalue i61536 %call_ret1" [../image_analysis.cpp:259]   --->   Operation 251 'extractvalue' 'curr_fullImage_214' <Predicate = true> <Delay = 0.00> <CoreInst = "FIFO_SRL">   --->   Core 80 'FIFO_SRL' <Latency = 0> <II = 1> <Delay = 1.83> <Storage> <Opcode : 'read' 'write' 'nbread' 'nbwrite'> <Ports = 0> <Width = 32> <Depth = 2> <FIFO>
ST_4 : Operation 252 [1/1] (0.00ns)   --->   "%curr_fullImage_215 = extractvalue i61536 %call_ret1" [../image_analysis.cpp:259]   --->   Operation 252 'extractvalue' 'curr_fullImage_215' <Predicate = true> <Delay = 0.00> <CoreInst = "FIFO_SRL">   --->   Core 80 'FIFO_SRL' <Latency = 0> <II = 1> <Delay = 1.83> <Storage> <Opcode : 'read' 'write' 'nbread' 'nbwrite'> <Ports = 0> <Width = 32> <Depth = 2> <FIFO>
ST_4 : Operation 253 [1/1] (0.00ns)   --->   "%curr_fullImage_216 = extractvalue i61536 %call_ret1" [../image_analysis.cpp:259]   --->   Operation 253 'extractvalue' 'curr_fullImage_216' <Predicate = true> <Delay = 0.00> <CoreInst = "FIFO_SRL">   --->   Core 80 'FIFO_SRL' <Latency = 0> <II = 1> <Delay = 1.83> <Storage> <Opcode : 'read' 'write' 'nbread' 'nbwrite'> <Ports = 0> <Width = 32> <Depth = 2> <FIFO>
ST_4 : Operation 254 [1/1] (0.00ns)   --->   "%curr_fullImage_217 = extractvalue i61536 %call_ret1" [../image_analysis.cpp:259]   --->   Operation 254 'extractvalue' 'curr_fullImage_217' <Predicate = true> <Delay = 0.00> <CoreInst = "FIFO_SRL">   --->   Core 80 'FIFO_SRL' <Latency = 0> <II = 1> <Delay = 1.83> <Storage> <Opcode : 'read' 'write' 'nbread' 'nbwrite'> <Ports = 0> <Width = 32> <Depth = 2> <FIFO>
ST_4 : Operation 255 [1/1] (0.00ns)   --->   "%curr_fullImage_218 = extractvalue i61536 %call_ret1" [../image_analysis.cpp:259]   --->   Operation 255 'extractvalue' 'curr_fullImage_218' <Predicate = true> <Delay = 0.00> <CoreInst = "FIFO_SRL">   --->   Core 80 'FIFO_SRL' <Latency = 0> <II = 1> <Delay = 1.83> <Storage> <Opcode : 'read' 'write' 'nbread' 'nbwrite'> <Ports = 0> <Width = 32> <Depth = 2> <FIFO>
ST_4 : Operation 256 [1/1] (0.00ns)   --->   "%curr_fullImage_219 = extractvalue i61536 %call_ret1" [../image_analysis.cpp:259]   --->   Operation 256 'extractvalue' 'curr_fullImage_219' <Predicate = true> <Delay = 0.00> <CoreInst = "FIFO_SRL">   --->   Core 80 'FIFO_SRL' <Latency = 0> <II = 1> <Delay = 1.83> <Storage> <Opcode : 'read' 'write' 'nbread' 'nbwrite'> <Ports = 0> <Width = 32> <Depth = 2> <FIFO>
ST_4 : Operation 257 [1/1] (0.00ns)   --->   "%curr_fullImage_220 = extractvalue i61536 %call_ret1" [../image_analysis.cpp:259]   --->   Operation 257 'extractvalue' 'curr_fullImage_220' <Predicate = true> <Delay = 0.00> <CoreInst = "FIFO_SRL">   --->   Core 80 'FIFO_SRL' <Latency = 0> <II = 1> <Delay = 1.83> <Storage> <Opcode : 'read' 'write' 'nbread' 'nbwrite'> <Ports = 0> <Width = 32> <Depth = 2> <FIFO>
ST_4 : Operation 258 [1/1] (0.00ns)   --->   "%curr_fullImage_221 = extractvalue i61536 %call_ret1" [../image_analysis.cpp:259]   --->   Operation 258 'extractvalue' 'curr_fullImage_221' <Predicate = true> <Delay = 0.00> <CoreInst = "FIFO_SRL">   --->   Core 80 'FIFO_SRL' <Latency = 0> <II = 1> <Delay = 1.83> <Storage> <Opcode : 'read' 'write' 'nbread' 'nbwrite'> <Ports = 0> <Width = 32> <Depth = 2> <FIFO>
ST_4 : Operation 259 [1/1] (0.00ns)   --->   "%curr_fullImage_222 = extractvalue i61536 %call_ret1" [../image_analysis.cpp:259]   --->   Operation 259 'extractvalue' 'curr_fullImage_222' <Predicate = true> <Delay = 0.00> <CoreInst = "FIFO_SRL">   --->   Core 80 'FIFO_SRL' <Latency = 0> <II = 1> <Delay = 1.83> <Storage> <Opcode : 'read' 'write' 'nbread' 'nbwrite'> <Ports = 0> <Width = 32> <Depth = 2> <FIFO>
ST_4 : Operation 260 [1/1] (0.00ns)   --->   "%curr_fullImage_223 = extractvalue i61536 %call_ret1" [../image_analysis.cpp:259]   --->   Operation 260 'extractvalue' 'curr_fullImage_223' <Predicate = true> <Delay = 0.00> <CoreInst = "FIFO_SRL">   --->   Core 80 'FIFO_SRL' <Latency = 0> <II = 1> <Delay = 1.83> <Storage> <Opcode : 'read' 'write' 'nbread' 'nbwrite'> <Ports = 0> <Width = 32> <Depth = 2> <FIFO>
ST_4 : Operation 261 [1/1] (0.00ns)   --->   "%curr_fullImage_224 = extractvalue i61536 %call_ret1" [../image_analysis.cpp:259]   --->   Operation 261 'extractvalue' 'curr_fullImage_224' <Predicate = true> <Delay = 0.00> <CoreInst = "FIFO_SRL">   --->   Core 80 'FIFO_SRL' <Latency = 0> <II = 1> <Delay = 1.83> <Storage> <Opcode : 'read' 'write' 'nbread' 'nbwrite'> <Ports = 0> <Width = 32> <Depth = 2> <FIFO>
ST_4 : Operation 262 [1/1] (0.00ns)   --->   "%curr_fullImage_225 = extractvalue i61536 %call_ret1" [../image_analysis.cpp:259]   --->   Operation 262 'extractvalue' 'curr_fullImage_225' <Predicate = true> <Delay = 0.00> <CoreInst = "FIFO_SRL">   --->   Core 80 'FIFO_SRL' <Latency = 0> <II = 1> <Delay = 1.83> <Storage> <Opcode : 'read' 'write' 'nbread' 'nbwrite'> <Ports = 0> <Width = 32> <Depth = 2> <FIFO>
ST_4 : Operation 263 [1/1] (0.00ns)   --->   "%curr_fullImage_226 = extractvalue i61536 %call_ret1" [../image_analysis.cpp:259]   --->   Operation 263 'extractvalue' 'curr_fullImage_226' <Predicate = true> <Delay = 0.00> <CoreInst = "FIFO_SRL">   --->   Core 80 'FIFO_SRL' <Latency = 0> <II = 1> <Delay = 1.83> <Storage> <Opcode : 'read' 'write' 'nbread' 'nbwrite'> <Ports = 0> <Width = 32> <Depth = 2> <FIFO>
ST_4 : Operation 264 [1/1] (0.00ns)   --->   "%curr_fullImage_227 = extractvalue i61536 %call_ret1" [../image_analysis.cpp:259]   --->   Operation 264 'extractvalue' 'curr_fullImage_227' <Predicate = true> <Delay = 0.00> <CoreInst = "FIFO_SRL">   --->   Core 80 'FIFO_SRL' <Latency = 0> <II = 1> <Delay = 1.83> <Storage> <Opcode : 'read' 'write' 'nbread' 'nbwrite'> <Ports = 0> <Width = 32> <Depth = 2> <FIFO>
ST_4 : Operation 265 [1/1] (0.00ns)   --->   "%curr_fullImage_228 = extractvalue i61536 %call_ret1" [../image_analysis.cpp:259]   --->   Operation 265 'extractvalue' 'curr_fullImage_228' <Predicate = true> <Delay = 0.00> <CoreInst = "FIFO_SRL">   --->   Core 80 'FIFO_SRL' <Latency = 0> <II = 1> <Delay = 1.83> <Storage> <Opcode : 'read' 'write' 'nbread' 'nbwrite'> <Ports = 0> <Width = 32> <Depth = 2> <FIFO>
ST_4 : Operation 266 [1/1] (0.00ns)   --->   "%curr_fullImage_229 = extractvalue i61536 %call_ret1" [../image_analysis.cpp:259]   --->   Operation 266 'extractvalue' 'curr_fullImage_229' <Predicate = true> <Delay = 0.00> <CoreInst = "FIFO_SRL">   --->   Core 80 'FIFO_SRL' <Latency = 0> <II = 1> <Delay = 1.83> <Storage> <Opcode : 'read' 'write' 'nbread' 'nbwrite'> <Ports = 0> <Width = 32> <Depth = 2> <FIFO>
ST_4 : Operation 267 [1/1] (0.00ns)   --->   "%curr_fullImage_230 = extractvalue i61536 %call_ret1" [../image_analysis.cpp:259]   --->   Operation 267 'extractvalue' 'curr_fullImage_230' <Predicate = true> <Delay = 0.00> <CoreInst = "FIFO_SRL">   --->   Core 80 'FIFO_SRL' <Latency = 0> <II = 1> <Delay = 1.83> <Storage> <Opcode : 'read' 'write' 'nbread' 'nbwrite'> <Ports = 0> <Width = 32> <Depth = 2> <FIFO>
ST_4 : Operation 268 [1/1] (0.00ns)   --->   "%curr_fullImage_231 = extractvalue i61536 %call_ret1" [../image_analysis.cpp:259]   --->   Operation 268 'extractvalue' 'curr_fullImage_231' <Predicate = true> <Delay = 0.00> <CoreInst = "FIFO_SRL">   --->   Core 80 'FIFO_SRL' <Latency = 0> <II = 1> <Delay = 1.83> <Storage> <Opcode : 'read' 'write' 'nbread' 'nbwrite'> <Ports = 0> <Width = 32> <Depth = 2> <FIFO>
ST_4 : Operation 269 [1/1] (0.00ns)   --->   "%curr_fullImage_232 = extractvalue i61536 %call_ret1" [../image_analysis.cpp:259]   --->   Operation 269 'extractvalue' 'curr_fullImage_232' <Predicate = true> <Delay = 0.00> <CoreInst = "FIFO_SRL">   --->   Core 80 'FIFO_SRL' <Latency = 0> <II = 1> <Delay = 1.83> <Storage> <Opcode : 'read' 'write' 'nbread' 'nbwrite'> <Ports = 0> <Width = 32> <Depth = 2> <FIFO>
ST_4 : Operation 270 [1/1] (0.00ns)   --->   "%curr_fullImage_233 = extractvalue i61536 %call_ret1" [../image_analysis.cpp:259]   --->   Operation 270 'extractvalue' 'curr_fullImage_233' <Predicate = true> <Delay = 0.00> <CoreInst = "FIFO_SRL">   --->   Core 80 'FIFO_SRL' <Latency = 0> <II = 1> <Delay = 1.83> <Storage> <Opcode : 'read' 'write' 'nbread' 'nbwrite'> <Ports = 0> <Width = 32> <Depth = 2> <FIFO>
ST_4 : Operation 271 [1/1] (0.00ns)   --->   "%curr_fullImage_234 = extractvalue i61536 %call_ret1" [../image_analysis.cpp:259]   --->   Operation 271 'extractvalue' 'curr_fullImage_234' <Predicate = true> <Delay = 0.00> <CoreInst = "FIFO_SRL">   --->   Core 80 'FIFO_SRL' <Latency = 0> <II = 1> <Delay = 1.83> <Storage> <Opcode : 'read' 'write' 'nbread' 'nbwrite'> <Ports = 0> <Width = 32> <Depth = 2> <FIFO>
ST_4 : Operation 272 [1/1] (0.00ns)   --->   "%curr_fullImage_235 = extractvalue i61536 %call_ret1" [../image_analysis.cpp:259]   --->   Operation 272 'extractvalue' 'curr_fullImage_235' <Predicate = true> <Delay = 0.00> <CoreInst = "FIFO_SRL">   --->   Core 80 'FIFO_SRL' <Latency = 0> <II = 1> <Delay = 1.83> <Storage> <Opcode : 'read' 'write' 'nbread' 'nbwrite'> <Ports = 0> <Width = 32> <Depth = 2> <FIFO>
ST_4 : Operation 273 [1/1] (0.00ns)   --->   "%curr_fullImage_236 = extractvalue i61536 %call_ret1" [../image_analysis.cpp:259]   --->   Operation 273 'extractvalue' 'curr_fullImage_236' <Predicate = true> <Delay = 0.00> <CoreInst = "FIFO_SRL">   --->   Core 80 'FIFO_SRL' <Latency = 0> <II = 1> <Delay = 1.83> <Storage> <Opcode : 'read' 'write' 'nbread' 'nbwrite'> <Ports = 0> <Width = 32> <Depth = 2> <FIFO>
ST_4 : Operation 274 [1/1] (0.00ns)   --->   "%curr_fullImage_237 = extractvalue i61536 %call_ret1" [../image_analysis.cpp:259]   --->   Operation 274 'extractvalue' 'curr_fullImage_237' <Predicate = true> <Delay = 0.00> <CoreInst = "FIFO_SRL">   --->   Core 80 'FIFO_SRL' <Latency = 0> <II = 1> <Delay = 1.83> <Storage> <Opcode : 'read' 'write' 'nbread' 'nbwrite'> <Ports = 0> <Width = 32> <Depth = 2> <FIFO>
ST_4 : Operation 275 [1/1] (0.00ns)   --->   "%curr_fullImage_238 = extractvalue i61536 %call_ret1" [../image_analysis.cpp:259]   --->   Operation 275 'extractvalue' 'curr_fullImage_238' <Predicate = true> <Delay = 0.00> <CoreInst = "FIFO_SRL">   --->   Core 80 'FIFO_SRL' <Latency = 0> <II = 1> <Delay = 1.83> <Storage> <Opcode : 'read' 'write' 'nbread' 'nbwrite'> <Ports = 0> <Width = 32> <Depth = 2> <FIFO>
ST_4 : Operation 276 [1/1] (0.00ns)   --->   "%curr_fullImage_239 = extractvalue i61536 %call_ret1" [../image_analysis.cpp:259]   --->   Operation 276 'extractvalue' 'curr_fullImage_239' <Predicate = true> <Delay = 0.00> <CoreInst = "FIFO_SRL">   --->   Core 80 'FIFO_SRL' <Latency = 0> <II = 1> <Delay = 1.83> <Storage> <Opcode : 'read' 'write' 'nbread' 'nbwrite'> <Ports = 0> <Width = 32> <Depth = 2> <FIFO>
ST_4 : Operation 277 [1/1] (0.00ns)   --->   "%curr_fullImage_240 = extractvalue i61536 %call_ret1" [../image_analysis.cpp:259]   --->   Operation 277 'extractvalue' 'curr_fullImage_240' <Predicate = true> <Delay = 0.00> <CoreInst = "FIFO_SRL">   --->   Core 80 'FIFO_SRL' <Latency = 0> <II = 1> <Delay = 1.83> <Storage> <Opcode : 'read' 'write' 'nbread' 'nbwrite'> <Ports = 0> <Width = 32> <Depth = 2> <FIFO>
ST_4 : Operation 278 [1/1] (0.00ns)   --->   "%curr_fullImage_241 = extractvalue i61536 %call_ret1" [../image_analysis.cpp:259]   --->   Operation 278 'extractvalue' 'curr_fullImage_241' <Predicate = true> <Delay = 0.00> <CoreInst = "FIFO_SRL">   --->   Core 80 'FIFO_SRL' <Latency = 0> <II = 1> <Delay = 1.83> <Storage> <Opcode : 'read' 'write' 'nbread' 'nbwrite'> <Ports = 0> <Width = 32> <Depth = 2> <FIFO>
ST_4 : Operation 279 [1/1] (0.00ns)   --->   "%curr_fullImage_242 = extractvalue i61536 %call_ret1" [../image_analysis.cpp:259]   --->   Operation 279 'extractvalue' 'curr_fullImage_242' <Predicate = true> <Delay = 0.00> <CoreInst = "FIFO_SRL">   --->   Core 80 'FIFO_SRL' <Latency = 0> <II = 1> <Delay = 1.83> <Storage> <Opcode : 'read' 'write' 'nbread' 'nbwrite'> <Ports = 0> <Width = 32> <Depth = 2> <FIFO>
ST_4 : Operation 280 [1/1] (0.00ns)   --->   "%curr_fullImage_243 = extractvalue i61536 %call_ret1" [../image_analysis.cpp:259]   --->   Operation 280 'extractvalue' 'curr_fullImage_243' <Predicate = true> <Delay = 0.00> <CoreInst = "FIFO_SRL">   --->   Core 80 'FIFO_SRL' <Latency = 0> <II = 1> <Delay = 1.83> <Storage> <Opcode : 'read' 'write' 'nbread' 'nbwrite'> <Ports = 0> <Width = 32> <Depth = 2> <FIFO>
ST_4 : Operation 281 [1/1] (0.00ns)   --->   "%curr_fullImage_244 = extractvalue i61536 %call_ret1" [../image_analysis.cpp:259]   --->   Operation 281 'extractvalue' 'curr_fullImage_244' <Predicate = true> <Delay = 0.00> <CoreInst = "FIFO_SRL">   --->   Core 80 'FIFO_SRL' <Latency = 0> <II = 1> <Delay = 1.83> <Storage> <Opcode : 'read' 'write' 'nbread' 'nbwrite'> <Ports = 0> <Width = 32> <Depth = 2> <FIFO>
ST_4 : Operation 282 [1/1] (0.00ns)   --->   "%curr_fullImage_245 = extractvalue i61536 %call_ret1" [../image_analysis.cpp:259]   --->   Operation 282 'extractvalue' 'curr_fullImage_245' <Predicate = true> <Delay = 0.00> <CoreInst = "FIFO_SRL">   --->   Core 80 'FIFO_SRL' <Latency = 0> <II = 1> <Delay = 1.83> <Storage> <Opcode : 'read' 'write' 'nbread' 'nbwrite'> <Ports = 0> <Width = 32> <Depth = 2> <FIFO>
ST_4 : Operation 283 [1/1] (0.00ns)   --->   "%curr_fullImage_246 = extractvalue i61536 %call_ret1" [../image_analysis.cpp:259]   --->   Operation 283 'extractvalue' 'curr_fullImage_246' <Predicate = true> <Delay = 0.00> <CoreInst = "FIFO_SRL">   --->   Core 80 'FIFO_SRL' <Latency = 0> <II = 1> <Delay = 1.83> <Storage> <Opcode : 'read' 'write' 'nbread' 'nbwrite'> <Ports = 0> <Width = 32> <Depth = 2> <FIFO>
ST_4 : Operation 284 [1/1] (0.00ns)   --->   "%curr_fullImage_247 = extractvalue i61536 %call_ret1" [../image_analysis.cpp:259]   --->   Operation 284 'extractvalue' 'curr_fullImage_247' <Predicate = true> <Delay = 0.00> <CoreInst = "FIFO_SRL">   --->   Core 80 'FIFO_SRL' <Latency = 0> <II = 1> <Delay = 1.83> <Storage> <Opcode : 'read' 'write' 'nbread' 'nbwrite'> <Ports = 0> <Width = 32> <Depth = 2> <FIFO>
ST_4 : Operation 285 [1/1] (0.00ns)   --->   "%curr_fullImage_248 = extractvalue i61536 %call_ret1" [../image_analysis.cpp:259]   --->   Operation 285 'extractvalue' 'curr_fullImage_248' <Predicate = true> <Delay = 0.00> <CoreInst = "FIFO_SRL">   --->   Core 80 'FIFO_SRL' <Latency = 0> <II = 1> <Delay = 1.83> <Storage> <Opcode : 'read' 'write' 'nbread' 'nbwrite'> <Ports = 0> <Width = 32> <Depth = 2> <FIFO>
ST_4 : Operation 286 [1/1] (0.00ns)   --->   "%curr_fullImage_249 = extractvalue i61536 %call_ret1" [../image_analysis.cpp:259]   --->   Operation 286 'extractvalue' 'curr_fullImage_249' <Predicate = true> <Delay = 0.00> <CoreInst = "FIFO_SRL">   --->   Core 80 'FIFO_SRL' <Latency = 0> <II = 1> <Delay = 1.83> <Storage> <Opcode : 'read' 'write' 'nbread' 'nbwrite'> <Ports = 0> <Width = 32> <Depth = 2> <FIFO>
ST_4 : Operation 287 [1/1] (0.00ns)   --->   "%curr_fullImage_250 = extractvalue i61536 %call_ret1" [../image_analysis.cpp:259]   --->   Operation 287 'extractvalue' 'curr_fullImage_250' <Predicate = true> <Delay = 0.00> <CoreInst = "FIFO_SRL">   --->   Core 80 'FIFO_SRL' <Latency = 0> <II = 1> <Delay = 1.83> <Storage> <Opcode : 'read' 'write' 'nbread' 'nbwrite'> <Ports = 0> <Width = 32> <Depth = 2> <FIFO>
ST_4 : Operation 288 [1/1] (0.00ns)   --->   "%curr_fullImage_251 = extractvalue i61536 %call_ret1" [../image_analysis.cpp:259]   --->   Operation 288 'extractvalue' 'curr_fullImage_251' <Predicate = true> <Delay = 0.00> <CoreInst = "FIFO_SRL">   --->   Core 80 'FIFO_SRL' <Latency = 0> <II = 1> <Delay = 1.83> <Storage> <Opcode : 'read' 'write' 'nbread' 'nbwrite'> <Ports = 0> <Width = 32> <Depth = 2> <FIFO>
ST_4 : Operation 289 [1/1] (0.00ns)   --->   "%curr_fullImage_252 = extractvalue i61536 %call_ret1" [../image_analysis.cpp:259]   --->   Operation 289 'extractvalue' 'curr_fullImage_252' <Predicate = true> <Delay = 0.00> <CoreInst = "FIFO_SRL">   --->   Core 80 'FIFO_SRL' <Latency = 0> <II = 1> <Delay = 1.83> <Storage> <Opcode : 'read' 'write' 'nbread' 'nbwrite'> <Ports = 0> <Width = 32> <Depth = 2> <FIFO>
ST_4 : Operation 290 [1/1] (0.00ns)   --->   "%curr_fullImage_253 = extractvalue i61536 %call_ret1" [../image_analysis.cpp:259]   --->   Operation 290 'extractvalue' 'curr_fullImage_253' <Predicate = true> <Delay = 0.00> <CoreInst = "FIFO_SRL">   --->   Core 80 'FIFO_SRL' <Latency = 0> <II = 1> <Delay = 1.83> <Storage> <Opcode : 'read' 'write' 'nbread' 'nbwrite'> <Ports = 0> <Width = 32> <Depth = 2> <FIFO>
ST_4 : Operation 291 [1/1] (0.00ns)   --->   "%curr_fullImage_254 = extractvalue i61536 %call_ret1" [../image_analysis.cpp:259]   --->   Operation 291 'extractvalue' 'curr_fullImage_254' <Predicate = true> <Delay = 0.00> <CoreInst = "FIFO_SRL">   --->   Core 80 'FIFO_SRL' <Latency = 0> <II = 1> <Delay = 1.83> <Storage> <Opcode : 'read' 'write' 'nbread' 'nbwrite'> <Ports = 0> <Width = 32> <Depth = 2> <FIFO>
ST_4 : Operation 292 [1/1] (0.00ns)   --->   "%curr_fullImage_255 = extractvalue i61536 %call_ret1" [../image_analysis.cpp:259]   --->   Operation 292 'extractvalue' 'curr_fullImage_255' <Predicate = true> <Delay = 0.00> <CoreInst = "FIFO_SRL">   --->   Core 80 'FIFO_SRL' <Latency = 0> <II = 1> <Delay = 1.83> <Storage> <Opcode : 'read' 'write' 'nbread' 'nbwrite'> <Ports = 0> <Width = 32> <Depth = 2> <FIFO>
ST_4 : Operation 293 [1/1] (0.00ns)   --->   "%curr_fullImage_256 = extractvalue i61536 %call_ret1" [../image_analysis.cpp:259]   --->   Operation 293 'extractvalue' 'curr_fullImage_256' <Predicate = true> <Delay = 0.00> <CoreInst = "FIFO_SRL">   --->   Core 80 'FIFO_SRL' <Latency = 0> <II = 1> <Delay = 1.83> <Storage> <Opcode : 'read' 'write' 'nbread' 'nbwrite'> <Ports = 0> <Width = 32> <Depth = 2> <FIFO>
ST_4 : Operation 294 [1/1] (0.00ns)   --->   "%curr_fullImage_257 = extractvalue i61536 %call_ret1" [../image_analysis.cpp:259]   --->   Operation 294 'extractvalue' 'curr_fullImage_257' <Predicate = true> <Delay = 0.00> <CoreInst = "FIFO_SRL">   --->   Core 80 'FIFO_SRL' <Latency = 0> <II = 1> <Delay = 1.83> <Storage> <Opcode : 'read' 'write' 'nbread' 'nbwrite'> <Ports = 0> <Width = 32> <Depth = 2> <FIFO>
ST_4 : Operation 295 [1/1] (0.00ns)   --->   "%curr_fullImage_258 = extractvalue i61536 %call_ret1" [../image_analysis.cpp:259]   --->   Operation 295 'extractvalue' 'curr_fullImage_258' <Predicate = true> <Delay = 0.00> <CoreInst = "FIFO_SRL">   --->   Core 80 'FIFO_SRL' <Latency = 0> <II = 1> <Delay = 1.83> <Storage> <Opcode : 'read' 'write' 'nbread' 'nbwrite'> <Ports = 0> <Width = 32> <Depth = 2> <FIFO>
ST_4 : Operation 296 [1/1] (0.00ns)   --->   "%curr_fullImage_259 = extractvalue i61536 %call_ret1" [../image_analysis.cpp:259]   --->   Operation 296 'extractvalue' 'curr_fullImage_259' <Predicate = true> <Delay = 0.00> <CoreInst = "FIFO_SRL">   --->   Core 80 'FIFO_SRL' <Latency = 0> <II = 1> <Delay = 1.83> <Storage> <Opcode : 'read' 'write' 'nbread' 'nbwrite'> <Ports = 0> <Width = 32> <Depth = 2> <FIFO>
ST_4 : Operation 297 [1/1] (0.00ns)   --->   "%curr_fullImage_260 = extractvalue i61536 %call_ret1" [../image_analysis.cpp:259]   --->   Operation 297 'extractvalue' 'curr_fullImage_260' <Predicate = true> <Delay = 0.00> <CoreInst = "FIFO_SRL">   --->   Core 80 'FIFO_SRL' <Latency = 0> <II = 1> <Delay = 1.83> <Storage> <Opcode : 'read' 'write' 'nbread' 'nbwrite'> <Ports = 0> <Width = 32> <Depth = 2> <FIFO>
ST_4 : Operation 298 [1/1] (0.00ns)   --->   "%curr_fullImage_261 = extractvalue i61536 %call_ret1" [../image_analysis.cpp:259]   --->   Operation 298 'extractvalue' 'curr_fullImage_261' <Predicate = true> <Delay = 0.00> <CoreInst = "FIFO_SRL">   --->   Core 80 'FIFO_SRL' <Latency = 0> <II = 1> <Delay = 1.83> <Storage> <Opcode : 'read' 'write' 'nbread' 'nbwrite'> <Ports = 0> <Width = 32> <Depth = 2> <FIFO>
ST_4 : Operation 299 [1/1] (0.00ns)   --->   "%curr_fullImage_262 = extractvalue i61536 %call_ret1" [../image_analysis.cpp:259]   --->   Operation 299 'extractvalue' 'curr_fullImage_262' <Predicate = true> <Delay = 0.00> <CoreInst = "FIFO_SRL">   --->   Core 80 'FIFO_SRL' <Latency = 0> <II = 1> <Delay = 1.83> <Storage> <Opcode : 'read' 'write' 'nbread' 'nbwrite'> <Ports = 0> <Width = 32> <Depth = 2> <FIFO>
ST_4 : Operation 300 [1/1] (0.00ns)   --->   "%curr_fullImage_263 = extractvalue i61536 %call_ret1" [../image_analysis.cpp:259]   --->   Operation 300 'extractvalue' 'curr_fullImage_263' <Predicate = true> <Delay = 0.00> <CoreInst = "FIFO_SRL">   --->   Core 80 'FIFO_SRL' <Latency = 0> <II = 1> <Delay = 1.83> <Storage> <Opcode : 'read' 'write' 'nbread' 'nbwrite'> <Ports = 0> <Width = 32> <Depth = 2> <FIFO>
ST_4 : Operation 301 [1/1] (0.00ns)   --->   "%curr_fullImage_264 = extractvalue i61536 %call_ret1" [../image_analysis.cpp:259]   --->   Operation 301 'extractvalue' 'curr_fullImage_264' <Predicate = true> <Delay = 0.00> <CoreInst = "FIFO_SRL">   --->   Core 80 'FIFO_SRL' <Latency = 0> <II = 1> <Delay = 1.83> <Storage> <Opcode : 'read' 'write' 'nbread' 'nbwrite'> <Ports = 0> <Width = 32> <Depth = 2> <FIFO>
ST_4 : Operation 302 [1/1] (0.00ns)   --->   "%curr_fullImage_265 = extractvalue i61536 %call_ret1" [../image_analysis.cpp:259]   --->   Operation 302 'extractvalue' 'curr_fullImage_265' <Predicate = true> <Delay = 0.00> <CoreInst = "FIFO_SRL">   --->   Core 80 'FIFO_SRL' <Latency = 0> <II = 1> <Delay = 1.83> <Storage> <Opcode : 'read' 'write' 'nbread' 'nbwrite'> <Ports = 0> <Width = 32> <Depth = 2> <FIFO>
ST_4 : Operation 303 [1/1] (0.00ns)   --->   "%curr_fullImage_266 = extractvalue i61536 %call_ret1" [../image_analysis.cpp:259]   --->   Operation 303 'extractvalue' 'curr_fullImage_266' <Predicate = true> <Delay = 0.00> <CoreInst = "FIFO_SRL">   --->   Core 80 'FIFO_SRL' <Latency = 0> <II = 1> <Delay = 1.83> <Storage> <Opcode : 'read' 'write' 'nbread' 'nbwrite'> <Ports = 0> <Width = 32> <Depth = 2> <FIFO>
ST_4 : Operation 304 [1/1] (0.00ns)   --->   "%curr_fullImage_267 = extractvalue i61536 %call_ret1" [../image_analysis.cpp:259]   --->   Operation 304 'extractvalue' 'curr_fullImage_267' <Predicate = true> <Delay = 0.00> <CoreInst = "FIFO_SRL">   --->   Core 80 'FIFO_SRL' <Latency = 0> <II = 1> <Delay = 1.83> <Storage> <Opcode : 'read' 'write' 'nbread' 'nbwrite'> <Ports = 0> <Width = 32> <Depth = 2> <FIFO>
ST_4 : Operation 305 [1/1] (0.00ns)   --->   "%curr_fullImage_268 = extractvalue i61536 %call_ret1" [../image_analysis.cpp:259]   --->   Operation 305 'extractvalue' 'curr_fullImage_268' <Predicate = true> <Delay = 0.00> <CoreInst = "FIFO_SRL">   --->   Core 80 'FIFO_SRL' <Latency = 0> <II = 1> <Delay = 1.83> <Storage> <Opcode : 'read' 'write' 'nbread' 'nbwrite'> <Ports = 0> <Width = 32> <Depth = 2> <FIFO>
ST_4 : Operation 306 [1/1] (0.00ns)   --->   "%curr_fullImage_269 = extractvalue i61536 %call_ret1" [../image_analysis.cpp:259]   --->   Operation 306 'extractvalue' 'curr_fullImage_269' <Predicate = true> <Delay = 0.00> <CoreInst = "FIFO_SRL">   --->   Core 80 'FIFO_SRL' <Latency = 0> <II = 1> <Delay = 1.83> <Storage> <Opcode : 'read' 'write' 'nbread' 'nbwrite'> <Ports = 0> <Width = 32> <Depth = 2> <FIFO>
ST_4 : Operation 307 [1/1] (0.00ns)   --->   "%curr_fullImage_270 = extractvalue i61536 %call_ret1" [../image_analysis.cpp:259]   --->   Operation 307 'extractvalue' 'curr_fullImage_270' <Predicate = true> <Delay = 0.00> <CoreInst = "FIFO_SRL">   --->   Core 80 'FIFO_SRL' <Latency = 0> <II = 1> <Delay = 1.83> <Storage> <Opcode : 'read' 'write' 'nbread' 'nbwrite'> <Ports = 0> <Width = 32> <Depth = 2> <FIFO>
ST_4 : Operation 308 [1/1] (0.00ns)   --->   "%curr_fullImage_271 = extractvalue i61536 %call_ret1" [../image_analysis.cpp:259]   --->   Operation 308 'extractvalue' 'curr_fullImage_271' <Predicate = true> <Delay = 0.00> <CoreInst = "FIFO_SRL">   --->   Core 80 'FIFO_SRL' <Latency = 0> <II = 1> <Delay = 1.83> <Storage> <Opcode : 'read' 'write' 'nbread' 'nbwrite'> <Ports = 0> <Width = 32> <Depth = 2> <FIFO>
ST_4 : Operation 309 [1/1] (0.00ns)   --->   "%curr_fullImage_272 = extractvalue i61536 %call_ret1" [../image_analysis.cpp:259]   --->   Operation 309 'extractvalue' 'curr_fullImage_272' <Predicate = true> <Delay = 0.00> <CoreInst = "FIFO_SRL">   --->   Core 80 'FIFO_SRL' <Latency = 0> <II = 1> <Delay = 1.83> <Storage> <Opcode : 'read' 'write' 'nbread' 'nbwrite'> <Ports = 0> <Width = 32> <Depth = 2> <FIFO>
ST_4 : Operation 310 [1/1] (0.00ns)   --->   "%curr_fullImage_273 = extractvalue i61536 %call_ret1" [../image_analysis.cpp:259]   --->   Operation 310 'extractvalue' 'curr_fullImage_273' <Predicate = true> <Delay = 0.00> <CoreInst = "FIFO_SRL">   --->   Core 80 'FIFO_SRL' <Latency = 0> <II = 1> <Delay = 1.83> <Storage> <Opcode : 'read' 'write' 'nbread' 'nbwrite'> <Ports = 0> <Width = 32> <Depth = 2> <FIFO>
ST_4 : Operation 311 [1/1] (0.00ns)   --->   "%curr_fullImage_274 = extractvalue i61536 %call_ret1" [../image_analysis.cpp:259]   --->   Operation 311 'extractvalue' 'curr_fullImage_274' <Predicate = true> <Delay = 0.00> <CoreInst = "FIFO_SRL">   --->   Core 80 'FIFO_SRL' <Latency = 0> <II = 1> <Delay = 1.83> <Storage> <Opcode : 'read' 'write' 'nbread' 'nbwrite'> <Ports = 0> <Width = 32> <Depth = 2> <FIFO>
ST_4 : Operation 312 [1/1] (0.00ns)   --->   "%curr_fullImage_275 = extractvalue i61536 %call_ret1" [../image_analysis.cpp:259]   --->   Operation 312 'extractvalue' 'curr_fullImage_275' <Predicate = true> <Delay = 0.00> <CoreInst = "FIFO_SRL">   --->   Core 80 'FIFO_SRL' <Latency = 0> <II = 1> <Delay = 1.83> <Storage> <Opcode : 'read' 'write' 'nbread' 'nbwrite'> <Ports = 0> <Width = 32> <Depth = 2> <FIFO>
ST_4 : Operation 313 [1/1] (0.00ns)   --->   "%curr_fullImage_276 = extractvalue i61536 %call_ret1" [../image_analysis.cpp:259]   --->   Operation 313 'extractvalue' 'curr_fullImage_276' <Predicate = true> <Delay = 0.00> <CoreInst = "FIFO_SRL">   --->   Core 80 'FIFO_SRL' <Latency = 0> <II = 1> <Delay = 1.83> <Storage> <Opcode : 'read' 'write' 'nbread' 'nbwrite'> <Ports = 0> <Width = 32> <Depth = 2> <FIFO>
ST_4 : Operation 314 [1/1] (0.00ns)   --->   "%curr_fullImage_277 = extractvalue i61536 %call_ret1" [../image_analysis.cpp:259]   --->   Operation 314 'extractvalue' 'curr_fullImage_277' <Predicate = true> <Delay = 0.00> <CoreInst = "FIFO_SRL">   --->   Core 80 'FIFO_SRL' <Latency = 0> <II = 1> <Delay = 1.83> <Storage> <Opcode : 'read' 'write' 'nbread' 'nbwrite'> <Ports = 0> <Width = 32> <Depth = 2> <FIFO>
ST_4 : Operation 315 [1/1] (0.00ns)   --->   "%curr_fullImage_278 = extractvalue i61536 %call_ret1" [../image_analysis.cpp:259]   --->   Operation 315 'extractvalue' 'curr_fullImage_278' <Predicate = true> <Delay = 0.00> <CoreInst = "FIFO_SRL">   --->   Core 80 'FIFO_SRL' <Latency = 0> <II = 1> <Delay = 1.83> <Storage> <Opcode : 'read' 'write' 'nbread' 'nbwrite'> <Ports = 0> <Width = 32> <Depth = 2> <FIFO>
ST_4 : Operation 316 [1/1] (0.00ns)   --->   "%curr_fullImage_279 = extractvalue i61536 %call_ret1" [../image_analysis.cpp:259]   --->   Operation 316 'extractvalue' 'curr_fullImage_279' <Predicate = true> <Delay = 0.00> <CoreInst = "FIFO_SRL">   --->   Core 80 'FIFO_SRL' <Latency = 0> <II = 1> <Delay = 1.83> <Storage> <Opcode : 'read' 'write' 'nbread' 'nbwrite'> <Ports = 0> <Width = 32> <Depth = 2> <FIFO>
ST_4 : Operation 317 [1/1] (0.00ns)   --->   "%curr_fullImage_280 = extractvalue i61536 %call_ret1" [../image_analysis.cpp:259]   --->   Operation 317 'extractvalue' 'curr_fullImage_280' <Predicate = true> <Delay = 0.00> <CoreInst = "FIFO_SRL">   --->   Core 80 'FIFO_SRL' <Latency = 0> <II = 1> <Delay = 1.83> <Storage> <Opcode : 'read' 'write' 'nbread' 'nbwrite'> <Ports = 0> <Width = 32> <Depth = 2> <FIFO>
ST_4 : Operation 318 [1/1] (0.00ns)   --->   "%curr_fullImage_281 = extractvalue i61536 %call_ret1" [../image_analysis.cpp:259]   --->   Operation 318 'extractvalue' 'curr_fullImage_281' <Predicate = true> <Delay = 0.00> <CoreInst = "FIFO_SRL">   --->   Core 80 'FIFO_SRL' <Latency = 0> <II = 1> <Delay = 1.83> <Storage> <Opcode : 'read' 'write' 'nbread' 'nbwrite'> <Ports = 0> <Width = 32> <Depth = 2> <FIFO>
ST_4 : Operation 319 [1/1] (0.00ns)   --->   "%curr_fullImage_282 = extractvalue i61536 %call_ret1" [../image_analysis.cpp:259]   --->   Operation 319 'extractvalue' 'curr_fullImage_282' <Predicate = true> <Delay = 0.00> <CoreInst = "FIFO_SRL">   --->   Core 80 'FIFO_SRL' <Latency = 0> <II = 1> <Delay = 1.83> <Storage> <Opcode : 'read' 'write' 'nbread' 'nbwrite'> <Ports = 0> <Width = 32> <Depth = 2> <FIFO>
ST_4 : Operation 320 [1/1] (0.00ns)   --->   "%curr_fullImage_283 = extractvalue i61536 %call_ret1" [../image_analysis.cpp:259]   --->   Operation 320 'extractvalue' 'curr_fullImage_283' <Predicate = true> <Delay = 0.00> <CoreInst = "FIFO_SRL">   --->   Core 80 'FIFO_SRL' <Latency = 0> <II = 1> <Delay = 1.83> <Storage> <Opcode : 'read' 'write' 'nbread' 'nbwrite'> <Ports = 0> <Width = 32> <Depth = 2> <FIFO>
ST_4 : Operation 321 [1/1] (0.00ns)   --->   "%curr_fullImage_284 = extractvalue i61536 %call_ret1" [../image_analysis.cpp:259]   --->   Operation 321 'extractvalue' 'curr_fullImage_284' <Predicate = true> <Delay = 0.00> <CoreInst = "FIFO_SRL">   --->   Core 80 'FIFO_SRL' <Latency = 0> <II = 1> <Delay = 1.83> <Storage> <Opcode : 'read' 'write' 'nbread' 'nbwrite'> <Ports = 0> <Width = 32> <Depth = 2> <FIFO>
ST_4 : Operation 322 [1/1] (0.00ns)   --->   "%curr_fullImage_285 = extractvalue i61536 %call_ret1" [../image_analysis.cpp:259]   --->   Operation 322 'extractvalue' 'curr_fullImage_285' <Predicate = true> <Delay = 0.00> <CoreInst = "FIFO_SRL">   --->   Core 80 'FIFO_SRL' <Latency = 0> <II = 1> <Delay = 1.83> <Storage> <Opcode : 'read' 'write' 'nbread' 'nbwrite'> <Ports = 0> <Width = 32> <Depth = 2> <FIFO>
ST_4 : Operation 323 [1/1] (0.00ns)   --->   "%curr_fullImage_286 = extractvalue i61536 %call_ret1" [../image_analysis.cpp:259]   --->   Operation 323 'extractvalue' 'curr_fullImage_286' <Predicate = true> <Delay = 0.00> <CoreInst = "FIFO_SRL">   --->   Core 80 'FIFO_SRL' <Latency = 0> <II = 1> <Delay = 1.83> <Storage> <Opcode : 'read' 'write' 'nbread' 'nbwrite'> <Ports = 0> <Width = 32> <Depth = 2> <FIFO>
ST_4 : Operation 324 [1/1] (0.00ns)   --->   "%curr_fullImage_287 = extractvalue i61536 %call_ret1" [../image_analysis.cpp:259]   --->   Operation 324 'extractvalue' 'curr_fullImage_287' <Predicate = true> <Delay = 0.00> <CoreInst = "FIFO_SRL">   --->   Core 80 'FIFO_SRL' <Latency = 0> <II = 1> <Delay = 1.83> <Storage> <Opcode : 'read' 'write' 'nbread' 'nbwrite'> <Ports = 0> <Width = 32> <Depth = 2> <FIFO>
ST_4 : Operation 325 [1/1] (0.00ns)   --->   "%curr_fullImage_288 = extractvalue i61536 %call_ret1" [../image_analysis.cpp:259]   --->   Operation 325 'extractvalue' 'curr_fullImage_288' <Predicate = true> <Delay = 0.00> <CoreInst = "FIFO_SRL">   --->   Core 80 'FIFO_SRL' <Latency = 0> <II = 1> <Delay = 1.83> <Storage> <Opcode : 'read' 'write' 'nbread' 'nbwrite'> <Ports = 0> <Width = 32> <Depth = 2> <FIFO>
ST_4 : Operation 326 [1/1] (0.00ns)   --->   "%curr_fullImage_289 = extractvalue i61536 %call_ret1" [../image_analysis.cpp:259]   --->   Operation 326 'extractvalue' 'curr_fullImage_289' <Predicate = true> <Delay = 0.00> <CoreInst = "FIFO_SRL">   --->   Core 80 'FIFO_SRL' <Latency = 0> <II = 1> <Delay = 1.83> <Storage> <Opcode : 'read' 'write' 'nbread' 'nbwrite'> <Ports = 0> <Width = 32> <Depth = 2> <FIFO>
ST_4 : Operation 327 [1/1] (0.00ns)   --->   "%curr_fullImage_290 = extractvalue i61536 %call_ret1" [../image_analysis.cpp:259]   --->   Operation 327 'extractvalue' 'curr_fullImage_290' <Predicate = true> <Delay = 0.00> <CoreInst = "FIFO_SRL">   --->   Core 80 'FIFO_SRL' <Latency = 0> <II = 1> <Delay = 1.83> <Storage> <Opcode : 'read' 'write' 'nbread' 'nbwrite'> <Ports = 0> <Width = 32> <Depth = 2> <FIFO>
ST_4 : Operation 328 [1/1] (0.00ns)   --->   "%curr_fullImage_291 = extractvalue i61536 %call_ret1" [../image_analysis.cpp:259]   --->   Operation 328 'extractvalue' 'curr_fullImage_291' <Predicate = true> <Delay = 0.00> <CoreInst = "FIFO_SRL">   --->   Core 80 'FIFO_SRL' <Latency = 0> <II = 1> <Delay = 1.83> <Storage> <Opcode : 'read' 'write' 'nbread' 'nbwrite'> <Ports = 0> <Width = 32> <Depth = 2> <FIFO>
ST_4 : Operation 329 [1/1] (0.00ns)   --->   "%curr_fullImage_292 = extractvalue i61536 %call_ret1" [../image_analysis.cpp:259]   --->   Operation 329 'extractvalue' 'curr_fullImage_292' <Predicate = true> <Delay = 0.00> <CoreInst = "FIFO_SRL">   --->   Core 80 'FIFO_SRL' <Latency = 0> <II = 1> <Delay = 1.83> <Storage> <Opcode : 'read' 'write' 'nbread' 'nbwrite'> <Ports = 0> <Width = 32> <Depth = 2> <FIFO>
ST_4 : Operation 330 [1/1] (0.00ns)   --->   "%curr_fullImage_293 = extractvalue i61536 %call_ret1" [../image_analysis.cpp:259]   --->   Operation 330 'extractvalue' 'curr_fullImage_293' <Predicate = true> <Delay = 0.00> <CoreInst = "FIFO_SRL">   --->   Core 80 'FIFO_SRL' <Latency = 0> <II = 1> <Delay = 1.83> <Storage> <Opcode : 'read' 'write' 'nbread' 'nbwrite'> <Ports = 0> <Width = 32> <Depth = 2> <FIFO>
ST_4 : Operation 331 [1/1] (0.00ns)   --->   "%curr_fullImage_294 = extractvalue i61536 %call_ret1" [../image_analysis.cpp:259]   --->   Operation 331 'extractvalue' 'curr_fullImage_294' <Predicate = true> <Delay = 0.00> <CoreInst = "FIFO_SRL">   --->   Core 80 'FIFO_SRL' <Latency = 0> <II = 1> <Delay = 1.83> <Storage> <Opcode : 'read' 'write' 'nbread' 'nbwrite'> <Ports = 0> <Width = 32> <Depth = 2> <FIFO>
ST_4 : Operation 332 [1/1] (0.00ns)   --->   "%curr_fullImage_295 = extractvalue i61536 %call_ret1" [../image_analysis.cpp:259]   --->   Operation 332 'extractvalue' 'curr_fullImage_295' <Predicate = true> <Delay = 0.00> <CoreInst = "FIFO_SRL">   --->   Core 80 'FIFO_SRL' <Latency = 0> <II = 1> <Delay = 1.83> <Storage> <Opcode : 'read' 'write' 'nbread' 'nbwrite'> <Ports = 0> <Width = 32> <Depth = 2> <FIFO>
ST_4 : Operation 333 [1/1] (0.00ns)   --->   "%curr_fullImage_296 = extractvalue i61536 %call_ret1" [../image_analysis.cpp:259]   --->   Operation 333 'extractvalue' 'curr_fullImage_296' <Predicate = true> <Delay = 0.00> <CoreInst = "FIFO_SRL">   --->   Core 80 'FIFO_SRL' <Latency = 0> <II = 1> <Delay = 1.83> <Storage> <Opcode : 'read' 'write' 'nbread' 'nbwrite'> <Ports = 0> <Width = 32> <Depth = 2> <FIFO>
ST_4 : Operation 334 [1/1] (0.00ns)   --->   "%curr_fullImage_297 = extractvalue i61536 %call_ret1" [../image_analysis.cpp:259]   --->   Operation 334 'extractvalue' 'curr_fullImage_297' <Predicate = true> <Delay = 0.00> <CoreInst = "FIFO_SRL">   --->   Core 80 'FIFO_SRL' <Latency = 0> <II = 1> <Delay = 1.83> <Storage> <Opcode : 'read' 'write' 'nbread' 'nbwrite'> <Ports = 0> <Width = 32> <Depth = 2> <FIFO>
ST_4 : Operation 335 [1/1] (0.00ns)   --->   "%curr_fullImage_298 = extractvalue i61536 %call_ret1" [../image_analysis.cpp:259]   --->   Operation 335 'extractvalue' 'curr_fullImage_298' <Predicate = true> <Delay = 0.00> <CoreInst = "FIFO_SRL">   --->   Core 80 'FIFO_SRL' <Latency = 0> <II = 1> <Delay = 1.83> <Storage> <Opcode : 'read' 'write' 'nbread' 'nbwrite'> <Ports = 0> <Width = 32> <Depth = 2> <FIFO>
ST_4 : Operation 336 [1/1] (0.00ns)   --->   "%curr_fullImage_299 = extractvalue i61536 %call_ret1" [../image_analysis.cpp:259]   --->   Operation 336 'extractvalue' 'curr_fullImage_299' <Predicate = true> <Delay = 0.00> <CoreInst = "FIFO_SRL">   --->   Core 80 'FIFO_SRL' <Latency = 0> <II = 1> <Delay = 1.83> <Storage> <Opcode : 'read' 'write' 'nbread' 'nbwrite'> <Ports = 0> <Width = 32> <Depth = 2> <FIFO>
ST_4 : Operation 337 [1/1] (0.00ns)   --->   "%curr_fullImage_300 = extractvalue i61536 %call_ret1" [../image_analysis.cpp:259]   --->   Operation 337 'extractvalue' 'curr_fullImage_300' <Predicate = true> <Delay = 0.00> <CoreInst = "FIFO_SRL">   --->   Core 80 'FIFO_SRL' <Latency = 0> <II = 1> <Delay = 1.83> <Storage> <Opcode : 'read' 'write' 'nbread' 'nbwrite'> <Ports = 0> <Width = 32> <Depth = 2> <FIFO>
ST_4 : Operation 338 [1/1] (0.00ns)   --->   "%curr_fullImage_301 = extractvalue i61536 %call_ret1" [../image_analysis.cpp:259]   --->   Operation 338 'extractvalue' 'curr_fullImage_301' <Predicate = true> <Delay = 0.00> <CoreInst = "FIFO_SRL">   --->   Core 80 'FIFO_SRL' <Latency = 0> <II = 1> <Delay = 1.83> <Storage> <Opcode : 'read' 'write' 'nbread' 'nbwrite'> <Ports = 0> <Width = 32> <Depth = 2> <FIFO>
ST_4 : Operation 339 [1/1] (0.00ns)   --->   "%curr_fullImage_302 = extractvalue i61536 %call_ret1" [../image_analysis.cpp:259]   --->   Operation 339 'extractvalue' 'curr_fullImage_302' <Predicate = true> <Delay = 0.00> <CoreInst = "FIFO_SRL">   --->   Core 80 'FIFO_SRL' <Latency = 0> <II = 1> <Delay = 1.83> <Storage> <Opcode : 'read' 'write' 'nbread' 'nbwrite'> <Ports = 0> <Width = 32> <Depth = 2> <FIFO>
ST_4 : Operation 340 [1/1] (0.00ns)   --->   "%curr_fullImage_303 = extractvalue i61536 %call_ret1" [../image_analysis.cpp:259]   --->   Operation 340 'extractvalue' 'curr_fullImage_303' <Predicate = true> <Delay = 0.00> <CoreInst = "FIFO_SRL">   --->   Core 80 'FIFO_SRL' <Latency = 0> <II = 1> <Delay = 1.83> <Storage> <Opcode : 'read' 'write' 'nbread' 'nbwrite'> <Ports = 0> <Width = 32> <Depth = 2> <FIFO>
ST_4 : Operation 341 [1/1] (0.00ns)   --->   "%curr_fullImage_304 = extractvalue i61536 %call_ret1" [../image_analysis.cpp:259]   --->   Operation 341 'extractvalue' 'curr_fullImage_304' <Predicate = true> <Delay = 0.00> <CoreInst = "FIFO_SRL">   --->   Core 80 'FIFO_SRL' <Latency = 0> <II = 1> <Delay = 1.83> <Storage> <Opcode : 'read' 'write' 'nbread' 'nbwrite'> <Ports = 0> <Width = 32> <Depth = 2> <FIFO>
ST_4 : Operation 342 [1/1] (0.00ns)   --->   "%curr_fullImage_305 = extractvalue i61536 %call_ret1" [../image_analysis.cpp:259]   --->   Operation 342 'extractvalue' 'curr_fullImage_305' <Predicate = true> <Delay = 0.00> <CoreInst = "FIFO_SRL">   --->   Core 80 'FIFO_SRL' <Latency = 0> <II = 1> <Delay = 1.83> <Storage> <Opcode : 'read' 'write' 'nbread' 'nbwrite'> <Ports = 0> <Width = 32> <Depth = 2> <FIFO>
ST_4 : Operation 343 [1/1] (0.00ns)   --->   "%curr_fullImage_306 = extractvalue i61536 %call_ret1" [../image_analysis.cpp:259]   --->   Operation 343 'extractvalue' 'curr_fullImage_306' <Predicate = true> <Delay = 0.00> <CoreInst = "FIFO_SRL">   --->   Core 80 'FIFO_SRL' <Latency = 0> <II = 1> <Delay = 1.83> <Storage> <Opcode : 'read' 'write' 'nbread' 'nbwrite'> <Ports = 0> <Width = 32> <Depth = 2> <FIFO>
ST_4 : Operation 344 [1/1] (0.00ns)   --->   "%curr_fullImage_307 = extractvalue i61536 %call_ret1" [../image_analysis.cpp:259]   --->   Operation 344 'extractvalue' 'curr_fullImage_307' <Predicate = true> <Delay = 0.00> <CoreInst = "FIFO_SRL">   --->   Core 80 'FIFO_SRL' <Latency = 0> <II = 1> <Delay = 1.83> <Storage> <Opcode : 'read' 'write' 'nbread' 'nbwrite'> <Ports = 0> <Width = 32> <Depth = 2> <FIFO>
ST_4 : Operation 345 [1/1] (0.00ns)   --->   "%curr_fullImage_308 = extractvalue i61536 %call_ret1" [../image_analysis.cpp:259]   --->   Operation 345 'extractvalue' 'curr_fullImage_308' <Predicate = true> <Delay = 0.00> <CoreInst = "FIFO_SRL">   --->   Core 80 'FIFO_SRL' <Latency = 0> <II = 1> <Delay = 1.83> <Storage> <Opcode : 'read' 'write' 'nbread' 'nbwrite'> <Ports = 0> <Width = 32> <Depth = 2> <FIFO>
ST_4 : Operation 346 [1/1] (0.00ns)   --->   "%curr_fullImage_309 = extractvalue i61536 %call_ret1" [../image_analysis.cpp:259]   --->   Operation 346 'extractvalue' 'curr_fullImage_309' <Predicate = true> <Delay = 0.00> <CoreInst = "FIFO_SRL">   --->   Core 80 'FIFO_SRL' <Latency = 0> <II = 1> <Delay = 1.83> <Storage> <Opcode : 'read' 'write' 'nbread' 'nbwrite'> <Ports = 0> <Width = 32> <Depth = 2> <FIFO>
ST_4 : Operation 347 [1/1] (0.00ns)   --->   "%curr_fullImage_310 = extractvalue i61536 %call_ret1" [../image_analysis.cpp:259]   --->   Operation 347 'extractvalue' 'curr_fullImage_310' <Predicate = true> <Delay = 0.00> <CoreInst = "FIFO_SRL">   --->   Core 80 'FIFO_SRL' <Latency = 0> <II = 1> <Delay = 1.83> <Storage> <Opcode : 'read' 'write' 'nbread' 'nbwrite'> <Ports = 0> <Width = 32> <Depth = 2> <FIFO>
ST_4 : Operation 348 [1/1] (0.00ns)   --->   "%curr_fullImage_311 = extractvalue i61536 %call_ret1" [../image_analysis.cpp:259]   --->   Operation 348 'extractvalue' 'curr_fullImage_311' <Predicate = true> <Delay = 0.00> <CoreInst = "FIFO_SRL">   --->   Core 80 'FIFO_SRL' <Latency = 0> <II = 1> <Delay = 1.83> <Storage> <Opcode : 'read' 'write' 'nbread' 'nbwrite'> <Ports = 0> <Width = 32> <Depth = 2> <FIFO>
ST_4 : Operation 349 [1/1] (0.00ns)   --->   "%curr_fullImage_312 = extractvalue i61536 %call_ret1" [../image_analysis.cpp:259]   --->   Operation 349 'extractvalue' 'curr_fullImage_312' <Predicate = true> <Delay = 0.00> <CoreInst = "FIFO_SRL">   --->   Core 80 'FIFO_SRL' <Latency = 0> <II = 1> <Delay = 1.83> <Storage> <Opcode : 'read' 'write' 'nbread' 'nbwrite'> <Ports = 0> <Width = 32> <Depth = 2> <FIFO>
ST_4 : Operation 350 [1/1] (0.00ns)   --->   "%curr_fullImage_313 = extractvalue i61536 %call_ret1" [../image_analysis.cpp:259]   --->   Operation 350 'extractvalue' 'curr_fullImage_313' <Predicate = true> <Delay = 0.00> <CoreInst = "FIFO_SRL">   --->   Core 80 'FIFO_SRL' <Latency = 0> <II = 1> <Delay = 1.83> <Storage> <Opcode : 'read' 'write' 'nbread' 'nbwrite'> <Ports = 0> <Width = 32> <Depth = 2> <FIFO>
ST_4 : Operation 351 [1/1] (0.00ns)   --->   "%curr_fullImage_314 = extractvalue i61536 %call_ret1" [../image_analysis.cpp:259]   --->   Operation 351 'extractvalue' 'curr_fullImage_314' <Predicate = true> <Delay = 0.00> <CoreInst = "FIFO_SRL">   --->   Core 80 'FIFO_SRL' <Latency = 0> <II = 1> <Delay = 1.83> <Storage> <Opcode : 'read' 'write' 'nbread' 'nbwrite'> <Ports = 0> <Width = 32> <Depth = 2> <FIFO>
ST_4 : Operation 352 [1/1] (0.00ns)   --->   "%curr_fullImage_315 = extractvalue i61536 %call_ret1" [../image_analysis.cpp:259]   --->   Operation 352 'extractvalue' 'curr_fullImage_315' <Predicate = true> <Delay = 0.00> <CoreInst = "FIFO_SRL">   --->   Core 80 'FIFO_SRL' <Latency = 0> <II = 1> <Delay = 1.83> <Storage> <Opcode : 'read' 'write' 'nbread' 'nbwrite'> <Ports = 0> <Width = 32> <Depth = 2> <FIFO>
ST_4 : Operation 353 [1/1] (0.00ns)   --->   "%curr_fullImage_316 = extractvalue i61536 %call_ret1" [../image_analysis.cpp:259]   --->   Operation 353 'extractvalue' 'curr_fullImage_316' <Predicate = true> <Delay = 0.00> <CoreInst = "FIFO_SRL">   --->   Core 80 'FIFO_SRL' <Latency = 0> <II = 1> <Delay = 1.83> <Storage> <Opcode : 'read' 'write' 'nbread' 'nbwrite'> <Ports = 0> <Width = 32> <Depth = 2> <FIFO>
ST_4 : Operation 354 [1/1] (0.00ns)   --->   "%curr_fullImage_317 = extractvalue i61536 %call_ret1" [../image_analysis.cpp:259]   --->   Operation 354 'extractvalue' 'curr_fullImage_317' <Predicate = true> <Delay = 0.00> <CoreInst = "FIFO_SRL">   --->   Core 80 'FIFO_SRL' <Latency = 0> <II = 1> <Delay = 1.83> <Storage> <Opcode : 'read' 'write' 'nbread' 'nbwrite'> <Ports = 0> <Width = 32> <Depth = 2> <FIFO>
ST_4 : Operation 355 [1/1] (0.00ns)   --->   "%curr_fullImage_318 = extractvalue i61536 %call_ret1" [../image_analysis.cpp:259]   --->   Operation 355 'extractvalue' 'curr_fullImage_318' <Predicate = true> <Delay = 0.00> <CoreInst = "FIFO_SRL">   --->   Core 80 'FIFO_SRL' <Latency = 0> <II = 1> <Delay = 1.83> <Storage> <Opcode : 'read' 'write' 'nbread' 'nbwrite'> <Ports = 0> <Width = 32> <Depth = 2> <FIFO>
ST_4 : Operation 356 [1/1] (0.00ns)   --->   "%curr_fullImage_319 = extractvalue i61536 %call_ret1" [../image_analysis.cpp:259]   --->   Operation 356 'extractvalue' 'curr_fullImage_319' <Predicate = true> <Delay = 0.00> <CoreInst = "FIFO_SRL">   --->   Core 80 'FIFO_SRL' <Latency = 0> <II = 1> <Delay = 1.83> <Storage> <Opcode : 'read' 'write' 'nbread' 'nbwrite'> <Ports = 0> <Width = 32> <Depth = 2> <FIFO>
ST_4 : Operation 357 [1/1] (0.00ns)   --->   "%curr_fullImage_320 = extractvalue i61536 %call_ret1" [../image_analysis.cpp:259]   --->   Operation 357 'extractvalue' 'curr_fullImage_320' <Predicate = true> <Delay = 0.00> <CoreInst = "FIFO_SRL">   --->   Core 80 'FIFO_SRL' <Latency = 0> <II = 1> <Delay = 1.83> <Storage> <Opcode : 'read' 'write' 'nbread' 'nbwrite'> <Ports = 0> <Width = 32> <Depth = 2> <FIFO>
ST_4 : Operation 358 [1/1] (0.00ns)   --->   "%curr_fullImage_321 = extractvalue i61536 %call_ret1" [../image_analysis.cpp:259]   --->   Operation 358 'extractvalue' 'curr_fullImage_321' <Predicate = true> <Delay = 0.00> <CoreInst = "FIFO_SRL">   --->   Core 80 'FIFO_SRL' <Latency = 0> <II = 1> <Delay = 1.83> <Storage> <Opcode : 'read' 'write' 'nbread' 'nbwrite'> <Ports = 0> <Width = 32> <Depth = 2> <FIFO>
ST_4 : Operation 359 [1/1] (0.00ns)   --->   "%curr_fullImage_322 = extractvalue i61536 %call_ret1" [../image_analysis.cpp:259]   --->   Operation 359 'extractvalue' 'curr_fullImage_322' <Predicate = true> <Delay = 0.00> <CoreInst = "FIFO_SRL">   --->   Core 80 'FIFO_SRL' <Latency = 0> <II = 1> <Delay = 1.83> <Storage> <Opcode : 'read' 'write' 'nbread' 'nbwrite'> <Ports = 0> <Width = 32> <Depth = 2> <FIFO>
ST_4 : Operation 360 [1/1] (0.00ns)   --->   "%curr_fullImage_323 = extractvalue i61536 %call_ret1" [../image_analysis.cpp:259]   --->   Operation 360 'extractvalue' 'curr_fullImage_323' <Predicate = true> <Delay = 0.00> <CoreInst = "FIFO_SRL">   --->   Core 80 'FIFO_SRL' <Latency = 0> <II = 1> <Delay = 1.83> <Storage> <Opcode : 'read' 'write' 'nbread' 'nbwrite'> <Ports = 0> <Width = 32> <Depth = 2> <FIFO>
ST_4 : Operation 361 [1/1] (0.00ns)   --->   "%curr_fullImage_324 = extractvalue i61536 %call_ret1" [../image_analysis.cpp:259]   --->   Operation 361 'extractvalue' 'curr_fullImage_324' <Predicate = true> <Delay = 0.00> <CoreInst = "FIFO_SRL">   --->   Core 80 'FIFO_SRL' <Latency = 0> <II = 1> <Delay = 1.83> <Storage> <Opcode : 'read' 'write' 'nbread' 'nbwrite'> <Ports = 0> <Width = 32> <Depth = 2> <FIFO>
ST_4 : Operation 362 [1/1] (0.00ns)   --->   "%curr_fullImage_325 = extractvalue i61536 %call_ret1" [../image_analysis.cpp:259]   --->   Operation 362 'extractvalue' 'curr_fullImage_325' <Predicate = true> <Delay = 0.00> <CoreInst = "FIFO_SRL">   --->   Core 80 'FIFO_SRL' <Latency = 0> <II = 1> <Delay = 1.83> <Storage> <Opcode : 'read' 'write' 'nbread' 'nbwrite'> <Ports = 0> <Width = 32> <Depth = 2> <FIFO>
ST_4 : Operation 363 [1/1] (0.00ns)   --->   "%curr_fullImage_326 = extractvalue i61536 %call_ret1" [../image_analysis.cpp:259]   --->   Operation 363 'extractvalue' 'curr_fullImage_326' <Predicate = true> <Delay = 0.00> <CoreInst = "FIFO_SRL">   --->   Core 80 'FIFO_SRL' <Latency = 0> <II = 1> <Delay = 1.83> <Storage> <Opcode : 'read' 'write' 'nbread' 'nbwrite'> <Ports = 0> <Width = 32> <Depth = 2> <FIFO>
ST_4 : Operation 364 [1/1] (0.00ns)   --->   "%curr_fullImage_327 = extractvalue i61536 %call_ret1" [../image_analysis.cpp:259]   --->   Operation 364 'extractvalue' 'curr_fullImage_327' <Predicate = true> <Delay = 0.00> <CoreInst = "FIFO_SRL">   --->   Core 80 'FIFO_SRL' <Latency = 0> <II = 1> <Delay = 1.83> <Storage> <Opcode : 'read' 'write' 'nbread' 'nbwrite'> <Ports = 0> <Width = 32> <Depth = 2> <FIFO>
ST_4 : Operation 365 [1/1] (0.00ns)   --->   "%curr_fullImage_328 = extractvalue i61536 %call_ret1" [../image_analysis.cpp:259]   --->   Operation 365 'extractvalue' 'curr_fullImage_328' <Predicate = true> <Delay = 0.00> <CoreInst = "FIFO_SRL">   --->   Core 80 'FIFO_SRL' <Latency = 0> <II = 1> <Delay = 1.83> <Storage> <Opcode : 'read' 'write' 'nbread' 'nbwrite'> <Ports = 0> <Width = 32> <Depth = 2> <FIFO>
ST_4 : Operation 366 [1/1] (0.00ns)   --->   "%curr_fullImage_329 = extractvalue i61536 %call_ret1" [../image_analysis.cpp:259]   --->   Operation 366 'extractvalue' 'curr_fullImage_329' <Predicate = true> <Delay = 0.00> <CoreInst = "FIFO_SRL">   --->   Core 80 'FIFO_SRL' <Latency = 0> <II = 1> <Delay = 1.83> <Storage> <Opcode : 'read' 'write' 'nbread' 'nbwrite'> <Ports = 0> <Width = 32> <Depth = 2> <FIFO>
ST_4 : Operation 367 [1/1] (0.00ns)   --->   "%curr_fullImage_330 = extractvalue i61536 %call_ret1" [../image_analysis.cpp:259]   --->   Operation 367 'extractvalue' 'curr_fullImage_330' <Predicate = true> <Delay = 0.00> <CoreInst = "FIFO_SRL">   --->   Core 80 'FIFO_SRL' <Latency = 0> <II = 1> <Delay = 1.83> <Storage> <Opcode : 'read' 'write' 'nbread' 'nbwrite'> <Ports = 0> <Width = 32> <Depth = 2> <FIFO>
ST_4 : Operation 368 [1/1] (0.00ns)   --->   "%curr_fullImage_331 = extractvalue i61536 %call_ret1" [../image_analysis.cpp:259]   --->   Operation 368 'extractvalue' 'curr_fullImage_331' <Predicate = true> <Delay = 0.00> <CoreInst = "FIFO_SRL">   --->   Core 80 'FIFO_SRL' <Latency = 0> <II = 1> <Delay = 1.83> <Storage> <Opcode : 'read' 'write' 'nbread' 'nbwrite'> <Ports = 0> <Width = 32> <Depth = 2> <FIFO>
ST_4 : Operation 369 [1/1] (0.00ns)   --->   "%curr_fullImage_332 = extractvalue i61536 %call_ret1" [../image_analysis.cpp:259]   --->   Operation 369 'extractvalue' 'curr_fullImage_332' <Predicate = true> <Delay = 0.00> <CoreInst = "FIFO_SRL">   --->   Core 80 'FIFO_SRL' <Latency = 0> <II = 1> <Delay = 1.83> <Storage> <Opcode : 'read' 'write' 'nbread' 'nbwrite'> <Ports = 0> <Width = 32> <Depth = 2> <FIFO>
ST_4 : Operation 370 [1/1] (0.00ns)   --->   "%curr_fullImage_333 = extractvalue i61536 %call_ret1" [../image_analysis.cpp:259]   --->   Operation 370 'extractvalue' 'curr_fullImage_333' <Predicate = true> <Delay = 0.00> <CoreInst = "FIFO_SRL">   --->   Core 80 'FIFO_SRL' <Latency = 0> <II = 1> <Delay = 1.83> <Storage> <Opcode : 'read' 'write' 'nbread' 'nbwrite'> <Ports = 0> <Width = 32> <Depth = 2> <FIFO>
ST_4 : Operation 371 [1/1] (0.00ns)   --->   "%curr_fullImage_334 = extractvalue i61536 %call_ret1" [../image_analysis.cpp:259]   --->   Operation 371 'extractvalue' 'curr_fullImage_334' <Predicate = true> <Delay = 0.00> <CoreInst = "FIFO_SRL">   --->   Core 80 'FIFO_SRL' <Latency = 0> <II = 1> <Delay = 1.83> <Storage> <Opcode : 'read' 'write' 'nbread' 'nbwrite'> <Ports = 0> <Width = 32> <Depth = 2> <FIFO>
ST_4 : Operation 372 [1/1] (0.00ns)   --->   "%curr_fullImage_335 = extractvalue i61536 %call_ret1" [../image_analysis.cpp:259]   --->   Operation 372 'extractvalue' 'curr_fullImage_335' <Predicate = true> <Delay = 0.00> <CoreInst = "FIFO_SRL">   --->   Core 80 'FIFO_SRL' <Latency = 0> <II = 1> <Delay = 1.83> <Storage> <Opcode : 'read' 'write' 'nbread' 'nbwrite'> <Ports = 0> <Width = 32> <Depth = 2> <FIFO>
ST_4 : Operation 373 [1/1] (0.00ns)   --->   "%curr_fullImage_336 = extractvalue i61536 %call_ret1" [../image_analysis.cpp:259]   --->   Operation 373 'extractvalue' 'curr_fullImage_336' <Predicate = true> <Delay = 0.00> <CoreInst = "FIFO_SRL">   --->   Core 80 'FIFO_SRL' <Latency = 0> <II = 1> <Delay = 1.83> <Storage> <Opcode : 'read' 'write' 'nbread' 'nbwrite'> <Ports = 0> <Width = 32> <Depth = 2> <FIFO>
ST_4 : Operation 374 [1/1] (0.00ns)   --->   "%curr_fullImage_337 = extractvalue i61536 %call_ret1" [../image_analysis.cpp:259]   --->   Operation 374 'extractvalue' 'curr_fullImage_337' <Predicate = true> <Delay = 0.00> <CoreInst = "FIFO_SRL">   --->   Core 80 'FIFO_SRL' <Latency = 0> <II = 1> <Delay = 1.83> <Storage> <Opcode : 'read' 'write' 'nbread' 'nbwrite'> <Ports = 0> <Width = 32> <Depth = 2> <FIFO>
ST_4 : Operation 375 [1/1] (0.00ns)   --->   "%curr_fullImage_338 = extractvalue i61536 %call_ret1" [../image_analysis.cpp:259]   --->   Operation 375 'extractvalue' 'curr_fullImage_338' <Predicate = true> <Delay = 0.00> <CoreInst = "FIFO_SRL">   --->   Core 80 'FIFO_SRL' <Latency = 0> <II = 1> <Delay = 1.83> <Storage> <Opcode : 'read' 'write' 'nbread' 'nbwrite'> <Ports = 0> <Width = 32> <Depth = 2> <FIFO>
ST_4 : Operation 376 [1/1] (0.00ns)   --->   "%curr_fullImage_339 = extractvalue i61536 %call_ret1" [../image_analysis.cpp:259]   --->   Operation 376 'extractvalue' 'curr_fullImage_339' <Predicate = true> <Delay = 0.00> <CoreInst = "FIFO_SRL">   --->   Core 80 'FIFO_SRL' <Latency = 0> <II = 1> <Delay = 1.83> <Storage> <Opcode : 'read' 'write' 'nbread' 'nbwrite'> <Ports = 0> <Width = 32> <Depth = 2> <FIFO>
ST_4 : Operation 377 [1/1] (0.00ns)   --->   "%curr_fullImage_340 = extractvalue i61536 %call_ret1" [../image_analysis.cpp:259]   --->   Operation 377 'extractvalue' 'curr_fullImage_340' <Predicate = true> <Delay = 0.00> <CoreInst = "FIFO_SRL">   --->   Core 80 'FIFO_SRL' <Latency = 0> <II = 1> <Delay = 1.83> <Storage> <Opcode : 'read' 'write' 'nbread' 'nbwrite'> <Ports = 0> <Width = 32> <Depth = 2> <FIFO>
ST_4 : Operation 378 [1/1] (0.00ns)   --->   "%curr_fullImage_341 = extractvalue i61536 %call_ret1" [../image_analysis.cpp:259]   --->   Operation 378 'extractvalue' 'curr_fullImage_341' <Predicate = true> <Delay = 0.00> <CoreInst = "FIFO_SRL">   --->   Core 80 'FIFO_SRL' <Latency = 0> <II = 1> <Delay = 1.83> <Storage> <Opcode : 'read' 'write' 'nbread' 'nbwrite'> <Ports = 0> <Width = 32> <Depth = 2> <FIFO>
ST_4 : Operation 379 [1/1] (0.00ns)   --->   "%curr_fullImage_342 = extractvalue i61536 %call_ret1" [../image_analysis.cpp:259]   --->   Operation 379 'extractvalue' 'curr_fullImage_342' <Predicate = true> <Delay = 0.00> <CoreInst = "FIFO_SRL">   --->   Core 80 'FIFO_SRL' <Latency = 0> <II = 1> <Delay = 1.83> <Storage> <Opcode : 'read' 'write' 'nbread' 'nbwrite'> <Ports = 0> <Width = 32> <Depth = 2> <FIFO>
ST_4 : Operation 380 [1/1] (0.00ns)   --->   "%curr_fullImage_343 = extractvalue i61536 %call_ret1" [../image_analysis.cpp:259]   --->   Operation 380 'extractvalue' 'curr_fullImage_343' <Predicate = true> <Delay = 0.00> <CoreInst = "FIFO_SRL">   --->   Core 80 'FIFO_SRL' <Latency = 0> <II = 1> <Delay = 1.83> <Storage> <Opcode : 'read' 'write' 'nbread' 'nbwrite'> <Ports = 0> <Width = 32> <Depth = 2> <FIFO>
ST_4 : Operation 381 [1/1] (0.00ns)   --->   "%curr_fullImage_344 = extractvalue i61536 %call_ret1" [../image_analysis.cpp:259]   --->   Operation 381 'extractvalue' 'curr_fullImage_344' <Predicate = true> <Delay = 0.00> <CoreInst = "FIFO_SRL">   --->   Core 80 'FIFO_SRL' <Latency = 0> <II = 1> <Delay = 1.83> <Storage> <Opcode : 'read' 'write' 'nbread' 'nbwrite'> <Ports = 0> <Width = 32> <Depth = 2> <FIFO>
ST_4 : Operation 382 [1/1] (0.00ns)   --->   "%curr_fullImage_345 = extractvalue i61536 %call_ret1" [../image_analysis.cpp:259]   --->   Operation 382 'extractvalue' 'curr_fullImage_345' <Predicate = true> <Delay = 0.00> <CoreInst = "FIFO_SRL">   --->   Core 80 'FIFO_SRL' <Latency = 0> <II = 1> <Delay = 1.83> <Storage> <Opcode : 'read' 'write' 'nbread' 'nbwrite'> <Ports = 0> <Width = 32> <Depth = 2> <FIFO>
ST_4 : Operation 383 [1/1] (0.00ns)   --->   "%curr_fullImage_346 = extractvalue i61536 %call_ret1" [../image_analysis.cpp:259]   --->   Operation 383 'extractvalue' 'curr_fullImage_346' <Predicate = true> <Delay = 0.00> <CoreInst = "FIFO_SRL">   --->   Core 80 'FIFO_SRL' <Latency = 0> <II = 1> <Delay = 1.83> <Storage> <Opcode : 'read' 'write' 'nbread' 'nbwrite'> <Ports = 0> <Width = 32> <Depth = 2> <FIFO>
ST_4 : Operation 384 [1/1] (0.00ns)   --->   "%curr_fullImage_347 = extractvalue i61536 %call_ret1" [../image_analysis.cpp:259]   --->   Operation 384 'extractvalue' 'curr_fullImage_347' <Predicate = true> <Delay = 0.00> <CoreInst = "FIFO_SRL">   --->   Core 80 'FIFO_SRL' <Latency = 0> <II = 1> <Delay = 1.83> <Storage> <Opcode : 'read' 'write' 'nbread' 'nbwrite'> <Ports = 0> <Width = 32> <Depth = 2> <FIFO>
ST_4 : Operation 385 [1/1] (0.00ns)   --->   "%curr_fullImage_348 = extractvalue i61536 %call_ret1" [../image_analysis.cpp:259]   --->   Operation 385 'extractvalue' 'curr_fullImage_348' <Predicate = true> <Delay = 0.00> <CoreInst = "FIFO_SRL">   --->   Core 80 'FIFO_SRL' <Latency = 0> <II = 1> <Delay = 1.83> <Storage> <Opcode : 'read' 'write' 'nbread' 'nbwrite'> <Ports = 0> <Width = 32> <Depth = 2> <FIFO>
ST_4 : Operation 386 [1/1] (0.00ns)   --->   "%curr_fullImage_349 = extractvalue i61536 %call_ret1" [../image_analysis.cpp:259]   --->   Operation 386 'extractvalue' 'curr_fullImage_349' <Predicate = true> <Delay = 0.00> <CoreInst = "FIFO_SRL">   --->   Core 80 'FIFO_SRL' <Latency = 0> <II = 1> <Delay = 1.83> <Storage> <Opcode : 'read' 'write' 'nbread' 'nbwrite'> <Ports = 0> <Width = 32> <Depth = 2> <FIFO>
ST_4 : Operation 387 [1/1] (0.00ns)   --->   "%curr_fullImage_350 = extractvalue i61536 %call_ret1" [../image_analysis.cpp:259]   --->   Operation 387 'extractvalue' 'curr_fullImage_350' <Predicate = true> <Delay = 0.00> <CoreInst = "FIFO_SRL">   --->   Core 80 'FIFO_SRL' <Latency = 0> <II = 1> <Delay = 1.83> <Storage> <Opcode : 'read' 'write' 'nbread' 'nbwrite'> <Ports = 0> <Width = 32> <Depth = 2> <FIFO>
ST_4 : Operation 388 [1/1] (0.00ns)   --->   "%curr_fullImage_351 = extractvalue i61536 %call_ret1" [../image_analysis.cpp:259]   --->   Operation 388 'extractvalue' 'curr_fullImage_351' <Predicate = true> <Delay = 0.00> <CoreInst = "FIFO_SRL">   --->   Core 80 'FIFO_SRL' <Latency = 0> <II = 1> <Delay = 1.83> <Storage> <Opcode : 'read' 'write' 'nbread' 'nbwrite'> <Ports = 0> <Width = 32> <Depth = 2> <FIFO>
ST_4 : Operation 389 [1/1] (0.00ns)   --->   "%curr_fullImage_352 = extractvalue i61536 %call_ret1" [../image_analysis.cpp:259]   --->   Operation 389 'extractvalue' 'curr_fullImage_352' <Predicate = true> <Delay = 0.00> <CoreInst = "FIFO_SRL">   --->   Core 80 'FIFO_SRL' <Latency = 0> <II = 1> <Delay = 1.83> <Storage> <Opcode : 'read' 'write' 'nbread' 'nbwrite'> <Ports = 0> <Width = 32> <Depth = 2> <FIFO>
ST_4 : Operation 390 [1/1] (0.00ns)   --->   "%curr_fullImage_353 = extractvalue i61536 %call_ret1" [../image_analysis.cpp:259]   --->   Operation 390 'extractvalue' 'curr_fullImage_353' <Predicate = true> <Delay = 0.00> <CoreInst = "FIFO_SRL">   --->   Core 80 'FIFO_SRL' <Latency = 0> <II = 1> <Delay = 1.83> <Storage> <Opcode : 'read' 'write' 'nbread' 'nbwrite'> <Ports = 0> <Width = 32> <Depth = 2> <FIFO>
ST_4 : Operation 391 [1/1] (0.00ns)   --->   "%curr_fullImage_354 = extractvalue i61536 %call_ret1" [../image_analysis.cpp:259]   --->   Operation 391 'extractvalue' 'curr_fullImage_354' <Predicate = true> <Delay = 0.00> <CoreInst = "FIFO_SRL">   --->   Core 80 'FIFO_SRL' <Latency = 0> <II = 1> <Delay = 1.83> <Storage> <Opcode : 'read' 'write' 'nbread' 'nbwrite'> <Ports = 0> <Width = 32> <Depth = 2> <FIFO>
ST_4 : Operation 392 [1/1] (0.00ns)   --->   "%curr_fullImage_355 = extractvalue i61536 %call_ret1" [../image_analysis.cpp:259]   --->   Operation 392 'extractvalue' 'curr_fullImage_355' <Predicate = true> <Delay = 0.00> <CoreInst = "FIFO_SRL">   --->   Core 80 'FIFO_SRL' <Latency = 0> <II = 1> <Delay = 1.83> <Storage> <Opcode : 'read' 'write' 'nbread' 'nbwrite'> <Ports = 0> <Width = 32> <Depth = 2> <FIFO>
ST_4 : Operation 393 [1/1] (0.00ns)   --->   "%curr_fullImage_356 = extractvalue i61536 %call_ret1" [../image_analysis.cpp:259]   --->   Operation 393 'extractvalue' 'curr_fullImage_356' <Predicate = true> <Delay = 0.00> <CoreInst = "FIFO_SRL">   --->   Core 80 'FIFO_SRL' <Latency = 0> <II = 1> <Delay = 1.83> <Storage> <Opcode : 'read' 'write' 'nbread' 'nbwrite'> <Ports = 0> <Width = 32> <Depth = 2> <FIFO>
ST_4 : Operation 394 [1/1] (0.00ns)   --->   "%curr_fullImage_357 = extractvalue i61536 %call_ret1" [../image_analysis.cpp:259]   --->   Operation 394 'extractvalue' 'curr_fullImage_357' <Predicate = true> <Delay = 0.00> <CoreInst = "FIFO_SRL">   --->   Core 80 'FIFO_SRL' <Latency = 0> <II = 1> <Delay = 1.83> <Storage> <Opcode : 'read' 'write' 'nbread' 'nbwrite'> <Ports = 0> <Width = 32> <Depth = 2> <FIFO>
ST_4 : Operation 395 [1/1] (0.00ns)   --->   "%curr_fullImage_358 = extractvalue i61536 %call_ret1" [../image_analysis.cpp:259]   --->   Operation 395 'extractvalue' 'curr_fullImage_358' <Predicate = true> <Delay = 0.00> <CoreInst = "FIFO_SRL">   --->   Core 80 'FIFO_SRL' <Latency = 0> <II = 1> <Delay = 1.83> <Storage> <Opcode : 'read' 'write' 'nbread' 'nbwrite'> <Ports = 0> <Width = 32> <Depth = 2> <FIFO>
ST_4 : Operation 396 [1/1] (0.00ns)   --->   "%curr_fullImage_359 = extractvalue i61536 %call_ret1" [../image_analysis.cpp:259]   --->   Operation 396 'extractvalue' 'curr_fullImage_359' <Predicate = true> <Delay = 0.00> <CoreInst = "FIFO_SRL">   --->   Core 80 'FIFO_SRL' <Latency = 0> <II = 1> <Delay = 1.83> <Storage> <Opcode : 'read' 'write' 'nbread' 'nbwrite'> <Ports = 0> <Width = 32> <Depth = 2> <FIFO>
ST_4 : Operation 397 [1/1] (0.00ns)   --->   "%curr_fullImage_360 = extractvalue i61536 %call_ret1" [../image_analysis.cpp:259]   --->   Operation 397 'extractvalue' 'curr_fullImage_360' <Predicate = true> <Delay = 0.00> <CoreInst = "FIFO_SRL">   --->   Core 80 'FIFO_SRL' <Latency = 0> <II = 1> <Delay = 1.83> <Storage> <Opcode : 'read' 'write' 'nbread' 'nbwrite'> <Ports = 0> <Width = 32> <Depth = 2> <FIFO>
ST_4 : Operation 398 [1/1] (0.00ns)   --->   "%curr_fullImage_361 = extractvalue i61536 %call_ret1" [../image_analysis.cpp:259]   --->   Operation 398 'extractvalue' 'curr_fullImage_361' <Predicate = true> <Delay = 0.00> <CoreInst = "FIFO_SRL">   --->   Core 80 'FIFO_SRL' <Latency = 0> <II = 1> <Delay = 1.83> <Storage> <Opcode : 'read' 'write' 'nbread' 'nbwrite'> <Ports = 0> <Width = 32> <Depth = 2> <FIFO>
ST_4 : Operation 399 [1/1] (0.00ns)   --->   "%curr_fullImage_362 = extractvalue i61536 %call_ret1" [../image_analysis.cpp:259]   --->   Operation 399 'extractvalue' 'curr_fullImage_362' <Predicate = true> <Delay = 0.00> <CoreInst = "FIFO_SRL">   --->   Core 80 'FIFO_SRL' <Latency = 0> <II = 1> <Delay = 1.83> <Storage> <Opcode : 'read' 'write' 'nbread' 'nbwrite'> <Ports = 0> <Width = 32> <Depth = 2> <FIFO>
ST_4 : Operation 400 [1/1] (0.00ns)   --->   "%curr_fullImage_363 = extractvalue i61536 %call_ret1" [../image_analysis.cpp:259]   --->   Operation 400 'extractvalue' 'curr_fullImage_363' <Predicate = true> <Delay = 0.00> <CoreInst = "FIFO_SRL">   --->   Core 80 'FIFO_SRL' <Latency = 0> <II = 1> <Delay = 1.83> <Storage> <Opcode : 'read' 'write' 'nbread' 'nbwrite'> <Ports = 0> <Width = 32> <Depth = 2> <FIFO>
ST_4 : Operation 401 [1/1] (0.00ns)   --->   "%curr_fullImage_364 = extractvalue i61536 %call_ret1" [../image_analysis.cpp:259]   --->   Operation 401 'extractvalue' 'curr_fullImage_364' <Predicate = true> <Delay = 0.00> <CoreInst = "FIFO_SRL">   --->   Core 80 'FIFO_SRL' <Latency = 0> <II = 1> <Delay = 1.83> <Storage> <Opcode : 'read' 'write' 'nbread' 'nbwrite'> <Ports = 0> <Width = 32> <Depth = 2> <FIFO>
ST_4 : Operation 402 [1/1] (0.00ns)   --->   "%curr_fullImage_365 = extractvalue i61536 %call_ret1" [../image_analysis.cpp:259]   --->   Operation 402 'extractvalue' 'curr_fullImage_365' <Predicate = true> <Delay = 0.00> <CoreInst = "FIFO_SRL">   --->   Core 80 'FIFO_SRL' <Latency = 0> <II = 1> <Delay = 1.83> <Storage> <Opcode : 'read' 'write' 'nbread' 'nbwrite'> <Ports = 0> <Width = 32> <Depth = 2> <FIFO>
ST_4 : Operation 403 [1/1] (0.00ns)   --->   "%curr_fullImage_366 = extractvalue i61536 %call_ret1" [../image_analysis.cpp:259]   --->   Operation 403 'extractvalue' 'curr_fullImage_366' <Predicate = true> <Delay = 0.00> <CoreInst = "FIFO_SRL">   --->   Core 80 'FIFO_SRL' <Latency = 0> <II = 1> <Delay = 1.83> <Storage> <Opcode : 'read' 'write' 'nbread' 'nbwrite'> <Ports = 0> <Width = 32> <Depth = 2> <FIFO>
ST_4 : Operation 404 [1/1] (0.00ns)   --->   "%curr_fullImage_367 = extractvalue i61536 %call_ret1" [../image_analysis.cpp:259]   --->   Operation 404 'extractvalue' 'curr_fullImage_367' <Predicate = true> <Delay = 0.00> <CoreInst = "FIFO_SRL">   --->   Core 80 'FIFO_SRL' <Latency = 0> <II = 1> <Delay = 1.83> <Storage> <Opcode : 'read' 'write' 'nbread' 'nbwrite'> <Ports = 0> <Width = 32> <Depth = 2> <FIFO>
ST_4 : Operation 405 [1/1] (0.00ns)   --->   "%curr_fullImage_368 = extractvalue i61536 %call_ret1" [../image_analysis.cpp:259]   --->   Operation 405 'extractvalue' 'curr_fullImage_368' <Predicate = true> <Delay = 0.00> <CoreInst = "FIFO_SRL">   --->   Core 80 'FIFO_SRL' <Latency = 0> <II = 1> <Delay = 1.83> <Storage> <Opcode : 'read' 'write' 'nbread' 'nbwrite'> <Ports = 0> <Width = 32> <Depth = 2> <FIFO>
ST_4 : Operation 406 [1/1] (0.00ns)   --->   "%curr_fullImage_369 = extractvalue i61536 %call_ret1" [../image_analysis.cpp:259]   --->   Operation 406 'extractvalue' 'curr_fullImage_369' <Predicate = true> <Delay = 0.00> <CoreInst = "FIFO_SRL">   --->   Core 80 'FIFO_SRL' <Latency = 0> <II = 1> <Delay = 1.83> <Storage> <Opcode : 'read' 'write' 'nbread' 'nbwrite'> <Ports = 0> <Width = 32> <Depth = 2> <FIFO>
ST_4 : Operation 407 [1/1] (0.00ns)   --->   "%curr_fullImage_370 = extractvalue i61536 %call_ret1" [../image_analysis.cpp:259]   --->   Operation 407 'extractvalue' 'curr_fullImage_370' <Predicate = true> <Delay = 0.00> <CoreInst = "FIFO_SRL">   --->   Core 80 'FIFO_SRL' <Latency = 0> <II = 1> <Delay = 1.83> <Storage> <Opcode : 'read' 'write' 'nbread' 'nbwrite'> <Ports = 0> <Width = 32> <Depth = 2> <FIFO>
ST_4 : Operation 408 [1/1] (0.00ns)   --->   "%curr_fullImage_371 = extractvalue i61536 %call_ret1" [../image_analysis.cpp:259]   --->   Operation 408 'extractvalue' 'curr_fullImage_371' <Predicate = true> <Delay = 0.00> <CoreInst = "FIFO_SRL">   --->   Core 80 'FIFO_SRL' <Latency = 0> <II = 1> <Delay = 1.83> <Storage> <Opcode : 'read' 'write' 'nbread' 'nbwrite'> <Ports = 0> <Width = 32> <Depth = 2> <FIFO>
ST_4 : Operation 409 [1/1] (0.00ns)   --->   "%curr_fullImage_372 = extractvalue i61536 %call_ret1" [../image_analysis.cpp:259]   --->   Operation 409 'extractvalue' 'curr_fullImage_372' <Predicate = true> <Delay = 0.00> <CoreInst = "FIFO_SRL">   --->   Core 80 'FIFO_SRL' <Latency = 0> <II = 1> <Delay = 1.83> <Storage> <Opcode : 'read' 'write' 'nbread' 'nbwrite'> <Ports = 0> <Width = 32> <Depth = 2> <FIFO>
ST_4 : Operation 410 [1/1] (0.00ns)   --->   "%curr_fullImage_373 = extractvalue i61536 %call_ret1" [../image_analysis.cpp:259]   --->   Operation 410 'extractvalue' 'curr_fullImage_373' <Predicate = true> <Delay = 0.00> <CoreInst = "FIFO_SRL">   --->   Core 80 'FIFO_SRL' <Latency = 0> <II = 1> <Delay = 1.83> <Storage> <Opcode : 'read' 'write' 'nbread' 'nbwrite'> <Ports = 0> <Width = 32> <Depth = 2> <FIFO>
ST_4 : Operation 411 [1/1] (0.00ns)   --->   "%curr_fullImage_374 = extractvalue i61536 %call_ret1" [../image_analysis.cpp:259]   --->   Operation 411 'extractvalue' 'curr_fullImage_374' <Predicate = true> <Delay = 0.00> <CoreInst = "FIFO_SRL">   --->   Core 80 'FIFO_SRL' <Latency = 0> <II = 1> <Delay = 1.83> <Storage> <Opcode : 'read' 'write' 'nbread' 'nbwrite'> <Ports = 0> <Width = 32> <Depth = 2> <FIFO>
ST_4 : Operation 412 [1/1] (0.00ns)   --->   "%curr_fullImage_375 = extractvalue i61536 %call_ret1" [../image_analysis.cpp:259]   --->   Operation 412 'extractvalue' 'curr_fullImage_375' <Predicate = true> <Delay = 0.00> <CoreInst = "FIFO_SRL">   --->   Core 80 'FIFO_SRL' <Latency = 0> <II = 1> <Delay = 1.83> <Storage> <Opcode : 'read' 'write' 'nbread' 'nbwrite'> <Ports = 0> <Width = 32> <Depth = 2> <FIFO>
ST_4 : Operation 413 [1/1] (0.00ns)   --->   "%curr_fullImage_376 = extractvalue i61536 %call_ret1" [../image_analysis.cpp:259]   --->   Operation 413 'extractvalue' 'curr_fullImage_376' <Predicate = true> <Delay = 0.00> <CoreInst = "FIFO_SRL">   --->   Core 80 'FIFO_SRL' <Latency = 0> <II = 1> <Delay = 1.83> <Storage> <Opcode : 'read' 'write' 'nbread' 'nbwrite'> <Ports = 0> <Width = 32> <Depth = 2> <FIFO>
ST_4 : Operation 414 [1/1] (0.00ns)   --->   "%curr_fullImage_377 = extractvalue i61536 %call_ret1" [../image_analysis.cpp:259]   --->   Operation 414 'extractvalue' 'curr_fullImage_377' <Predicate = true> <Delay = 0.00> <CoreInst = "FIFO_SRL">   --->   Core 80 'FIFO_SRL' <Latency = 0> <II = 1> <Delay = 1.83> <Storage> <Opcode : 'read' 'write' 'nbread' 'nbwrite'> <Ports = 0> <Width = 32> <Depth = 2> <FIFO>
ST_4 : Operation 415 [1/1] (0.00ns)   --->   "%curr_fullImage_378 = extractvalue i61536 %call_ret1" [../image_analysis.cpp:259]   --->   Operation 415 'extractvalue' 'curr_fullImage_378' <Predicate = true> <Delay = 0.00> <CoreInst = "FIFO_SRL">   --->   Core 80 'FIFO_SRL' <Latency = 0> <II = 1> <Delay = 1.83> <Storage> <Opcode : 'read' 'write' 'nbread' 'nbwrite'> <Ports = 0> <Width = 32> <Depth = 2> <FIFO>
ST_4 : Operation 416 [1/1] (0.00ns)   --->   "%curr_fullImage_379 = extractvalue i61536 %call_ret1" [../image_analysis.cpp:259]   --->   Operation 416 'extractvalue' 'curr_fullImage_379' <Predicate = true> <Delay = 0.00> <CoreInst = "FIFO_SRL">   --->   Core 80 'FIFO_SRL' <Latency = 0> <II = 1> <Delay = 1.83> <Storage> <Opcode : 'read' 'write' 'nbread' 'nbwrite'> <Ports = 0> <Width = 32> <Depth = 2> <FIFO>
ST_4 : Operation 417 [1/1] (0.00ns)   --->   "%curr_fullImage_380 = extractvalue i61536 %call_ret1" [../image_analysis.cpp:259]   --->   Operation 417 'extractvalue' 'curr_fullImage_380' <Predicate = true> <Delay = 0.00> <CoreInst = "FIFO_SRL">   --->   Core 80 'FIFO_SRL' <Latency = 0> <II = 1> <Delay = 1.83> <Storage> <Opcode : 'read' 'write' 'nbread' 'nbwrite'> <Ports = 0> <Width = 32> <Depth = 2> <FIFO>
ST_4 : Operation 418 [1/1] (0.00ns)   --->   "%curr_fullImage_381 = extractvalue i61536 %call_ret1" [../image_analysis.cpp:259]   --->   Operation 418 'extractvalue' 'curr_fullImage_381' <Predicate = true> <Delay = 0.00> <CoreInst = "FIFO_SRL">   --->   Core 80 'FIFO_SRL' <Latency = 0> <II = 1> <Delay = 1.83> <Storage> <Opcode : 'read' 'write' 'nbread' 'nbwrite'> <Ports = 0> <Width = 32> <Depth = 2> <FIFO>
ST_4 : Operation 419 [1/1] (0.00ns)   --->   "%curr_fullImage_382 = extractvalue i61536 %call_ret1" [../image_analysis.cpp:259]   --->   Operation 419 'extractvalue' 'curr_fullImage_382' <Predicate = true> <Delay = 0.00> <CoreInst = "FIFO_SRL">   --->   Core 80 'FIFO_SRL' <Latency = 0> <II = 1> <Delay = 1.83> <Storage> <Opcode : 'read' 'write' 'nbread' 'nbwrite'> <Ports = 0> <Width = 32> <Depth = 2> <FIFO>
ST_4 : Operation 420 [1/1] (0.00ns)   --->   "%curr_fullImage_383 = extractvalue i61536 %call_ret1" [../image_analysis.cpp:259]   --->   Operation 420 'extractvalue' 'curr_fullImage_383' <Predicate = true> <Delay = 0.00> <CoreInst = "FIFO_SRL">   --->   Core 80 'FIFO_SRL' <Latency = 0> <II = 1> <Delay = 1.83> <Storage> <Opcode : 'read' 'write' 'nbread' 'nbwrite'> <Ports = 0> <Width = 32> <Depth = 2> <FIFO>
ST_4 : Operation 421 [1/1] (0.00ns)   --->   "%curr_fullImage_384 = extractvalue i61536 %call_ret1" [../image_analysis.cpp:259]   --->   Operation 421 'extractvalue' 'curr_fullImage_384' <Predicate = true> <Delay = 0.00> <CoreInst = "FIFO_SRL">   --->   Core 80 'FIFO_SRL' <Latency = 0> <II = 1> <Delay = 1.83> <Storage> <Opcode : 'read' 'write' 'nbread' 'nbwrite'> <Ports = 0> <Width = 32> <Depth = 2> <FIFO>
ST_4 : Operation 422 [1/1] (0.00ns)   --->   "%curr_fullImage_385 = extractvalue i61536 %call_ret1" [../image_analysis.cpp:259]   --->   Operation 422 'extractvalue' 'curr_fullImage_385' <Predicate = true> <Delay = 0.00> <CoreInst = "FIFO_SRL">   --->   Core 80 'FIFO_SRL' <Latency = 0> <II = 1> <Delay = 1.83> <Storage> <Opcode : 'read' 'write' 'nbread' 'nbwrite'> <Ports = 0> <Width = 32> <Depth = 2> <FIFO>
ST_4 : Operation 423 [1/1] (0.00ns)   --->   "%curr_fullImage_386 = extractvalue i61536 %call_ret1" [../image_analysis.cpp:259]   --->   Operation 423 'extractvalue' 'curr_fullImage_386' <Predicate = true> <Delay = 0.00> <CoreInst = "FIFO_SRL">   --->   Core 80 'FIFO_SRL' <Latency = 0> <II = 1> <Delay = 1.83> <Storage> <Opcode : 'read' 'write' 'nbread' 'nbwrite'> <Ports = 0> <Width = 32> <Depth = 2> <FIFO>
ST_4 : Operation 424 [1/1] (0.00ns)   --->   "%curr_fullImage_387 = extractvalue i61536 %call_ret1" [../image_analysis.cpp:259]   --->   Operation 424 'extractvalue' 'curr_fullImage_387' <Predicate = true> <Delay = 0.00> <CoreInst = "FIFO_SRL">   --->   Core 80 'FIFO_SRL' <Latency = 0> <II = 1> <Delay = 1.83> <Storage> <Opcode : 'read' 'write' 'nbread' 'nbwrite'> <Ports = 0> <Width = 32> <Depth = 2> <FIFO>
ST_4 : Operation 425 [1/1] (0.00ns)   --->   "%curr_fullImage_388 = extractvalue i61536 %call_ret1" [../image_analysis.cpp:259]   --->   Operation 425 'extractvalue' 'curr_fullImage_388' <Predicate = true> <Delay = 0.00> <CoreInst = "FIFO_SRL">   --->   Core 80 'FIFO_SRL' <Latency = 0> <II = 1> <Delay = 1.83> <Storage> <Opcode : 'read' 'write' 'nbread' 'nbwrite'> <Ports = 0> <Width = 32> <Depth = 2> <FIFO>
ST_4 : Operation 426 [1/1] (0.00ns)   --->   "%curr_fullImage_389 = extractvalue i61536 %call_ret1" [../image_analysis.cpp:259]   --->   Operation 426 'extractvalue' 'curr_fullImage_389' <Predicate = true> <Delay = 0.00> <CoreInst = "FIFO_SRL">   --->   Core 80 'FIFO_SRL' <Latency = 0> <II = 1> <Delay = 1.83> <Storage> <Opcode : 'read' 'write' 'nbread' 'nbwrite'> <Ports = 0> <Width = 32> <Depth = 2> <FIFO>
ST_4 : Operation 427 [1/1] (0.00ns)   --->   "%curr_fullImage_390 = extractvalue i61536 %call_ret1" [../image_analysis.cpp:259]   --->   Operation 427 'extractvalue' 'curr_fullImage_390' <Predicate = true> <Delay = 0.00> <CoreInst = "FIFO_SRL">   --->   Core 80 'FIFO_SRL' <Latency = 0> <II = 1> <Delay = 1.83> <Storage> <Opcode : 'read' 'write' 'nbread' 'nbwrite'> <Ports = 0> <Width = 32> <Depth = 2> <FIFO>
ST_4 : Operation 428 [1/1] (0.00ns)   --->   "%curr_fullImage_391 = extractvalue i61536 %call_ret1" [../image_analysis.cpp:259]   --->   Operation 428 'extractvalue' 'curr_fullImage_391' <Predicate = true> <Delay = 0.00> <CoreInst = "FIFO_SRL">   --->   Core 80 'FIFO_SRL' <Latency = 0> <II = 1> <Delay = 1.83> <Storage> <Opcode : 'read' 'write' 'nbread' 'nbwrite'> <Ports = 0> <Width = 32> <Depth = 2> <FIFO>
ST_4 : Operation 429 [1/1] (0.00ns)   --->   "%curr_fullImage_392 = extractvalue i61536 %call_ret1" [../image_analysis.cpp:259]   --->   Operation 429 'extractvalue' 'curr_fullImage_392' <Predicate = true> <Delay = 0.00> <CoreInst = "FIFO_SRL">   --->   Core 80 'FIFO_SRL' <Latency = 0> <II = 1> <Delay = 1.83> <Storage> <Opcode : 'read' 'write' 'nbread' 'nbwrite'> <Ports = 0> <Width = 32> <Depth = 2> <FIFO>
ST_4 : Operation 430 [1/1] (0.00ns)   --->   "%curr_fullImage_393 = extractvalue i61536 %call_ret1" [../image_analysis.cpp:259]   --->   Operation 430 'extractvalue' 'curr_fullImage_393' <Predicate = true> <Delay = 0.00> <CoreInst = "FIFO_SRL">   --->   Core 80 'FIFO_SRL' <Latency = 0> <II = 1> <Delay = 1.83> <Storage> <Opcode : 'read' 'write' 'nbread' 'nbwrite'> <Ports = 0> <Width = 32> <Depth = 2> <FIFO>
ST_4 : Operation 431 [1/1] (0.00ns)   --->   "%curr_fullImage_394 = extractvalue i61536 %call_ret1" [../image_analysis.cpp:259]   --->   Operation 431 'extractvalue' 'curr_fullImage_394' <Predicate = true> <Delay = 0.00> <CoreInst = "FIFO_SRL">   --->   Core 80 'FIFO_SRL' <Latency = 0> <II = 1> <Delay = 1.83> <Storage> <Opcode : 'read' 'write' 'nbread' 'nbwrite'> <Ports = 0> <Width = 32> <Depth = 2> <FIFO>
ST_4 : Operation 432 [1/1] (0.00ns)   --->   "%curr_fullImage_395 = extractvalue i61536 %call_ret1" [../image_analysis.cpp:259]   --->   Operation 432 'extractvalue' 'curr_fullImage_395' <Predicate = true> <Delay = 0.00> <CoreInst = "FIFO_SRL">   --->   Core 80 'FIFO_SRL' <Latency = 0> <II = 1> <Delay = 1.83> <Storage> <Opcode : 'read' 'write' 'nbread' 'nbwrite'> <Ports = 0> <Width = 32> <Depth = 2> <FIFO>
ST_4 : Operation 433 [1/1] (0.00ns)   --->   "%curr_fullImage_396 = extractvalue i61536 %call_ret1" [../image_analysis.cpp:259]   --->   Operation 433 'extractvalue' 'curr_fullImage_396' <Predicate = true> <Delay = 0.00> <CoreInst = "FIFO_SRL">   --->   Core 80 'FIFO_SRL' <Latency = 0> <II = 1> <Delay = 1.83> <Storage> <Opcode : 'read' 'write' 'nbread' 'nbwrite'> <Ports = 0> <Width = 32> <Depth = 2> <FIFO>
ST_4 : Operation 434 [1/1] (0.00ns)   --->   "%curr_fullImage_397 = extractvalue i61536 %call_ret1" [../image_analysis.cpp:259]   --->   Operation 434 'extractvalue' 'curr_fullImage_397' <Predicate = true> <Delay = 0.00> <CoreInst = "FIFO_SRL">   --->   Core 80 'FIFO_SRL' <Latency = 0> <II = 1> <Delay = 1.83> <Storage> <Opcode : 'read' 'write' 'nbread' 'nbwrite'> <Ports = 0> <Width = 32> <Depth = 2> <FIFO>
ST_4 : Operation 435 [1/1] (0.00ns)   --->   "%curr_fullImage_398 = extractvalue i61536 %call_ret1" [../image_analysis.cpp:259]   --->   Operation 435 'extractvalue' 'curr_fullImage_398' <Predicate = true> <Delay = 0.00> <CoreInst = "FIFO_SRL">   --->   Core 80 'FIFO_SRL' <Latency = 0> <II = 1> <Delay = 1.83> <Storage> <Opcode : 'read' 'write' 'nbread' 'nbwrite'> <Ports = 0> <Width = 32> <Depth = 2> <FIFO>
ST_4 : Operation 436 [1/1] (0.00ns)   --->   "%curr_fullImage_399 = extractvalue i61536 %call_ret1" [../image_analysis.cpp:259]   --->   Operation 436 'extractvalue' 'curr_fullImage_399' <Predicate = true> <Delay = 0.00> <CoreInst = "FIFO_SRL">   --->   Core 80 'FIFO_SRL' <Latency = 0> <II = 1> <Delay = 1.83> <Storage> <Opcode : 'read' 'write' 'nbread' 'nbwrite'> <Ports = 0> <Width = 32> <Depth = 2> <FIFO>
ST_4 : Operation 437 [1/1] (0.00ns)   --->   "%curr_fullImage_400 = extractvalue i61536 %call_ret1" [../image_analysis.cpp:259]   --->   Operation 437 'extractvalue' 'curr_fullImage_400' <Predicate = true> <Delay = 0.00> <CoreInst = "FIFO_SRL">   --->   Core 80 'FIFO_SRL' <Latency = 0> <II = 1> <Delay = 1.83> <Storage> <Opcode : 'read' 'write' 'nbread' 'nbwrite'> <Ports = 0> <Width = 32> <Depth = 2> <FIFO>
ST_4 : Operation 438 [1/1] (0.00ns)   --->   "%curr_fullImage_401 = extractvalue i61536 %call_ret1" [../image_analysis.cpp:259]   --->   Operation 438 'extractvalue' 'curr_fullImage_401' <Predicate = true> <Delay = 0.00> <CoreInst = "FIFO_SRL">   --->   Core 80 'FIFO_SRL' <Latency = 0> <II = 1> <Delay = 1.83> <Storage> <Opcode : 'read' 'write' 'nbread' 'nbwrite'> <Ports = 0> <Width = 32> <Depth = 2> <FIFO>
ST_4 : Operation 439 [1/1] (0.00ns)   --->   "%curr_fullImage_402 = extractvalue i61536 %call_ret1" [../image_analysis.cpp:259]   --->   Operation 439 'extractvalue' 'curr_fullImage_402' <Predicate = true> <Delay = 0.00> <CoreInst = "FIFO_SRL">   --->   Core 80 'FIFO_SRL' <Latency = 0> <II = 1> <Delay = 1.83> <Storage> <Opcode : 'read' 'write' 'nbread' 'nbwrite'> <Ports = 0> <Width = 32> <Depth = 2> <FIFO>
ST_4 : Operation 440 [1/1] (0.00ns)   --->   "%curr_fullImage_403 = extractvalue i61536 %call_ret1" [../image_analysis.cpp:259]   --->   Operation 440 'extractvalue' 'curr_fullImage_403' <Predicate = true> <Delay = 0.00> <CoreInst = "FIFO_SRL">   --->   Core 80 'FIFO_SRL' <Latency = 0> <II = 1> <Delay = 1.83> <Storage> <Opcode : 'read' 'write' 'nbread' 'nbwrite'> <Ports = 0> <Width = 32> <Depth = 2> <FIFO>
ST_4 : Operation 441 [1/1] (0.00ns)   --->   "%curr_fullImage_404 = extractvalue i61536 %call_ret1" [../image_analysis.cpp:259]   --->   Operation 441 'extractvalue' 'curr_fullImage_404' <Predicate = true> <Delay = 0.00> <CoreInst = "FIFO_SRL">   --->   Core 80 'FIFO_SRL' <Latency = 0> <II = 1> <Delay = 1.83> <Storage> <Opcode : 'read' 'write' 'nbread' 'nbwrite'> <Ports = 0> <Width = 32> <Depth = 2> <FIFO>
ST_4 : Operation 442 [1/1] (0.00ns)   --->   "%curr_fullImage_405 = extractvalue i61536 %call_ret1" [../image_analysis.cpp:259]   --->   Operation 442 'extractvalue' 'curr_fullImage_405' <Predicate = true> <Delay = 0.00> <CoreInst = "FIFO_SRL">   --->   Core 80 'FIFO_SRL' <Latency = 0> <II = 1> <Delay = 1.83> <Storage> <Opcode : 'read' 'write' 'nbread' 'nbwrite'> <Ports = 0> <Width = 32> <Depth = 2> <FIFO>
ST_4 : Operation 443 [1/1] (0.00ns)   --->   "%curr_fullImage_406 = extractvalue i61536 %call_ret1" [../image_analysis.cpp:259]   --->   Operation 443 'extractvalue' 'curr_fullImage_406' <Predicate = true> <Delay = 0.00> <CoreInst = "FIFO_SRL">   --->   Core 80 'FIFO_SRL' <Latency = 0> <II = 1> <Delay = 1.83> <Storage> <Opcode : 'read' 'write' 'nbread' 'nbwrite'> <Ports = 0> <Width = 32> <Depth = 2> <FIFO>
ST_4 : Operation 444 [1/1] (0.00ns)   --->   "%curr_fullImage_407 = extractvalue i61536 %call_ret1" [../image_analysis.cpp:259]   --->   Operation 444 'extractvalue' 'curr_fullImage_407' <Predicate = true> <Delay = 0.00> <CoreInst = "FIFO_SRL">   --->   Core 80 'FIFO_SRL' <Latency = 0> <II = 1> <Delay = 1.83> <Storage> <Opcode : 'read' 'write' 'nbread' 'nbwrite'> <Ports = 0> <Width = 32> <Depth = 2> <FIFO>
ST_4 : Operation 445 [1/1] (0.00ns)   --->   "%curr_fullImage_408 = extractvalue i61536 %call_ret1" [../image_analysis.cpp:259]   --->   Operation 445 'extractvalue' 'curr_fullImage_408' <Predicate = true> <Delay = 0.00> <CoreInst = "FIFO_SRL">   --->   Core 80 'FIFO_SRL' <Latency = 0> <II = 1> <Delay = 1.83> <Storage> <Opcode : 'read' 'write' 'nbread' 'nbwrite'> <Ports = 0> <Width = 32> <Depth = 2> <FIFO>
ST_4 : Operation 446 [1/1] (0.00ns)   --->   "%curr_fullImage_409 = extractvalue i61536 %call_ret1" [../image_analysis.cpp:259]   --->   Operation 446 'extractvalue' 'curr_fullImage_409' <Predicate = true> <Delay = 0.00> <CoreInst = "FIFO_SRL">   --->   Core 80 'FIFO_SRL' <Latency = 0> <II = 1> <Delay = 1.83> <Storage> <Opcode : 'read' 'write' 'nbread' 'nbwrite'> <Ports = 0> <Width = 32> <Depth = 2> <FIFO>
ST_4 : Operation 447 [1/1] (0.00ns)   --->   "%curr_fullImage_410 = extractvalue i61536 %call_ret1" [../image_analysis.cpp:259]   --->   Operation 447 'extractvalue' 'curr_fullImage_410' <Predicate = true> <Delay = 0.00> <CoreInst = "FIFO_SRL">   --->   Core 80 'FIFO_SRL' <Latency = 0> <II = 1> <Delay = 1.83> <Storage> <Opcode : 'read' 'write' 'nbread' 'nbwrite'> <Ports = 0> <Width = 32> <Depth = 2> <FIFO>
ST_4 : Operation 448 [1/1] (0.00ns)   --->   "%curr_fullImage_411 = extractvalue i61536 %call_ret1" [../image_analysis.cpp:259]   --->   Operation 448 'extractvalue' 'curr_fullImage_411' <Predicate = true> <Delay = 0.00> <CoreInst = "FIFO_SRL">   --->   Core 80 'FIFO_SRL' <Latency = 0> <II = 1> <Delay = 1.83> <Storage> <Opcode : 'read' 'write' 'nbread' 'nbwrite'> <Ports = 0> <Width = 32> <Depth = 2> <FIFO>
ST_4 : Operation 449 [1/1] (0.00ns)   --->   "%curr_fullImage_412 = extractvalue i61536 %call_ret1" [../image_analysis.cpp:259]   --->   Operation 449 'extractvalue' 'curr_fullImage_412' <Predicate = true> <Delay = 0.00> <CoreInst = "FIFO_SRL">   --->   Core 80 'FIFO_SRL' <Latency = 0> <II = 1> <Delay = 1.83> <Storage> <Opcode : 'read' 'write' 'nbread' 'nbwrite'> <Ports = 0> <Width = 32> <Depth = 2> <FIFO>
ST_4 : Operation 450 [1/1] (0.00ns)   --->   "%curr_fullImage_413 = extractvalue i61536 %call_ret1" [../image_analysis.cpp:259]   --->   Operation 450 'extractvalue' 'curr_fullImage_413' <Predicate = true> <Delay = 0.00> <CoreInst = "FIFO_SRL">   --->   Core 80 'FIFO_SRL' <Latency = 0> <II = 1> <Delay = 1.83> <Storage> <Opcode : 'read' 'write' 'nbread' 'nbwrite'> <Ports = 0> <Width = 32> <Depth = 2> <FIFO>
ST_4 : Operation 451 [1/1] (0.00ns)   --->   "%curr_fullImage_414 = extractvalue i61536 %call_ret1" [../image_analysis.cpp:259]   --->   Operation 451 'extractvalue' 'curr_fullImage_414' <Predicate = true> <Delay = 0.00> <CoreInst = "FIFO_SRL">   --->   Core 80 'FIFO_SRL' <Latency = 0> <II = 1> <Delay = 1.83> <Storage> <Opcode : 'read' 'write' 'nbread' 'nbwrite'> <Ports = 0> <Width = 32> <Depth = 2> <FIFO>
ST_4 : Operation 452 [1/1] (0.00ns)   --->   "%curr_fullImage_415 = extractvalue i61536 %call_ret1" [../image_analysis.cpp:259]   --->   Operation 452 'extractvalue' 'curr_fullImage_415' <Predicate = true> <Delay = 0.00> <CoreInst = "FIFO_SRL">   --->   Core 80 'FIFO_SRL' <Latency = 0> <II = 1> <Delay = 1.83> <Storage> <Opcode : 'read' 'write' 'nbread' 'nbwrite'> <Ports = 0> <Width = 32> <Depth = 2> <FIFO>
ST_4 : Operation 453 [1/1] (0.00ns)   --->   "%curr_fullImage_416 = extractvalue i61536 %call_ret1" [../image_analysis.cpp:259]   --->   Operation 453 'extractvalue' 'curr_fullImage_416' <Predicate = true> <Delay = 0.00> <CoreInst = "FIFO_SRL">   --->   Core 80 'FIFO_SRL' <Latency = 0> <II = 1> <Delay = 1.83> <Storage> <Opcode : 'read' 'write' 'nbread' 'nbwrite'> <Ports = 0> <Width = 32> <Depth = 2> <FIFO>
ST_4 : Operation 454 [1/1] (0.00ns)   --->   "%curr_fullImage_417 = extractvalue i61536 %call_ret1" [../image_analysis.cpp:259]   --->   Operation 454 'extractvalue' 'curr_fullImage_417' <Predicate = true> <Delay = 0.00> <CoreInst = "FIFO_SRL">   --->   Core 80 'FIFO_SRL' <Latency = 0> <II = 1> <Delay = 1.83> <Storage> <Opcode : 'read' 'write' 'nbread' 'nbwrite'> <Ports = 0> <Width = 32> <Depth = 2> <FIFO>
ST_4 : Operation 455 [1/1] (0.00ns)   --->   "%curr_fullImage_418 = extractvalue i61536 %call_ret1" [../image_analysis.cpp:259]   --->   Operation 455 'extractvalue' 'curr_fullImage_418' <Predicate = true> <Delay = 0.00> <CoreInst = "FIFO_SRL">   --->   Core 80 'FIFO_SRL' <Latency = 0> <II = 1> <Delay = 1.83> <Storage> <Opcode : 'read' 'write' 'nbread' 'nbwrite'> <Ports = 0> <Width = 32> <Depth = 2> <FIFO>
ST_4 : Operation 456 [1/1] (0.00ns)   --->   "%curr_fullImage_419 = extractvalue i61536 %call_ret1" [../image_analysis.cpp:259]   --->   Operation 456 'extractvalue' 'curr_fullImage_419' <Predicate = true> <Delay = 0.00> <CoreInst = "FIFO_SRL">   --->   Core 80 'FIFO_SRL' <Latency = 0> <II = 1> <Delay = 1.83> <Storage> <Opcode : 'read' 'write' 'nbread' 'nbwrite'> <Ports = 0> <Width = 32> <Depth = 2> <FIFO>
ST_4 : Operation 457 [1/1] (0.00ns)   --->   "%curr_fullImage_420 = extractvalue i61536 %call_ret1" [../image_analysis.cpp:259]   --->   Operation 457 'extractvalue' 'curr_fullImage_420' <Predicate = true> <Delay = 0.00> <CoreInst = "FIFO_SRL">   --->   Core 80 'FIFO_SRL' <Latency = 0> <II = 1> <Delay = 1.83> <Storage> <Opcode : 'read' 'write' 'nbread' 'nbwrite'> <Ports = 0> <Width = 32> <Depth = 2> <FIFO>
ST_4 : Operation 458 [1/1] (0.00ns)   --->   "%curr_fullImage_421 = extractvalue i61536 %call_ret1" [../image_analysis.cpp:259]   --->   Operation 458 'extractvalue' 'curr_fullImage_421' <Predicate = true> <Delay = 0.00> <CoreInst = "FIFO_SRL">   --->   Core 80 'FIFO_SRL' <Latency = 0> <II = 1> <Delay = 1.83> <Storage> <Opcode : 'read' 'write' 'nbread' 'nbwrite'> <Ports = 0> <Width = 32> <Depth = 2> <FIFO>
ST_4 : Operation 459 [1/1] (0.00ns)   --->   "%curr_fullImage_422 = extractvalue i61536 %call_ret1" [../image_analysis.cpp:259]   --->   Operation 459 'extractvalue' 'curr_fullImage_422' <Predicate = true> <Delay = 0.00> <CoreInst = "FIFO_SRL">   --->   Core 80 'FIFO_SRL' <Latency = 0> <II = 1> <Delay = 1.83> <Storage> <Opcode : 'read' 'write' 'nbread' 'nbwrite'> <Ports = 0> <Width = 32> <Depth = 2> <FIFO>
ST_4 : Operation 460 [1/1] (0.00ns)   --->   "%curr_fullImage_423 = extractvalue i61536 %call_ret1" [../image_analysis.cpp:259]   --->   Operation 460 'extractvalue' 'curr_fullImage_423' <Predicate = true> <Delay = 0.00> <CoreInst = "FIFO_SRL">   --->   Core 80 'FIFO_SRL' <Latency = 0> <II = 1> <Delay = 1.83> <Storage> <Opcode : 'read' 'write' 'nbread' 'nbwrite'> <Ports = 0> <Width = 32> <Depth = 2> <FIFO>
ST_4 : Operation 461 [1/1] (0.00ns)   --->   "%curr_fullImage_424 = extractvalue i61536 %call_ret1" [../image_analysis.cpp:259]   --->   Operation 461 'extractvalue' 'curr_fullImage_424' <Predicate = true> <Delay = 0.00> <CoreInst = "FIFO_SRL">   --->   Core 80 'FIFO_SRL' <Latency = 0> <II = 1> <Delay = 1.83> <Storage> <Opcode : 'read' 'write' 'nbread' 'nbwrite'> <Ports = 0> <Width = 32> <Depth = 2> <FIFO>
ST_4 : Operation 462 [1/1] (0.00ns)   --->   "%curr_fullImage_425 = extractvalue i61536 %call_ret1" [../image_analysis.cpp:259]   --->   Operation 462 'extractvalue' 'curr_fullImage_425' <Predicate = true> <Delay = 0.00> <CoreInst = "FIFO_SRL">   --->   Core 80 'FIFO_SRL' <Latency = 0> <II = 1> <Delay = 1.83> <Storage> <Opcode : 'read' 'write' 'nbread' 'nbwrite'> <Ports = 0> <Width = 32> <Depth = 2> <FIFO>
ST_4 : Operation 463 [1/1] (0.00ns)   --->   "%curr_fullImage_426 = extractvalue i61536 %call_ret1" [../image_analysis.cpp:259]   --->   Operation 463 'extractvalue' 'curr_fullImage_426' <Predicate = true> <Delay = 0.00> <CoreInst = "FIFO_SRL">   --->   Core 80 'FIFO_SRL' <Latency = 0> <II = 1> <Delay = 1.83> <Storage> <Opcode : 'read' 'write' 'nbread' 'nbwrite'> <Ports = 0> <Width = 32> <Depth = 2> <FIFO>
ST_4 : Operation 464 [1/1] (0.00ns)   --->   "%curr_fullImage_427 = extractvalue i61536 %call_ret1" [../image_analysis.cpp:259]   --->   Operation 464 'extractvalue' 'curr_fullImage_427' <Predicate = true> <Delay = 0.00> <CoreInst = "FIFO_SRL">   --->   Core 80 'FIFO_SRL' <Latency = 0> <II = 1> <Delay = 1.83> <Storage> <Opcode : 'read' 'write' 'nbread' 'nbwrite'> <Ports = 0> <Width = 32> <Depth = 2> <FIFO>
ST_4 : Operation 465 [1/1] (0.00ns)   --->   "%curr_fullImage_428 = extractvalue i61536 %call_ret1" [../image_analysis.cpp:259]   --->   Operation 465 'extractvalue' 'curr_fullImage_428' <Predicate = true> <Delay = 0.00> <CoreInst = "FIFO_SRL">   --->   Core 80 'FIFO_SRL' <Latency = 0> <II = 1> <Delay = 1.83> <Storage> <Opcode : 'read' 'write' 'nbread' 'nbwrite'> <Ports = 0> <Width = 32> <Depth = 2> <FIFO>
ST_4 : Operation 466 [1/1] (0.00ns)   --->   "%curr_fullImage_429 = extractvalue i61536 %call_ret1" [../image_analysis.cpp:259]   --->   Operation 466 'extractvalue' 'curr_fullImage_429' <Predicate = true> <Delay = 0.00> <CoreInst = "FIFO_SRL">   --->   Core 80 'FIFO_SRL' <Latency = 0> <II = 1> <Delay = 1.83> <Storage> <Opcode : 'read' 'write' 'nbread' 'nbwrite'> <Ports = 0> <Width = 32> <Depth = 2> <FIFO>
ST_4 : Operation 467 [1/1] (0.00ns)   --->   "%curr_fullImage_430 = extractvalue i61536 %call_ret1" [../image_analysis.cpp:259]   --->   Operation 467 'extractvalue' 'curr_fullImage_430' <Predicate = true> <Delay = 0.00> <CoreInst = "FIFO_SRL">   --->   Core 80 'FIFO_SRL' <Latency = 0> <II = 1> <Delay = 1.83> <Storage> <Opcode : 'read' 'write' 'nbread' 'nbwrite'> <Ports = 0> <Width = 32> <Depth = 2> <FIFO>
ST_4 : Operation 468 [1/1] (0.00ns)   --->   "%curr_fullImage_431 = extractvalue i61536 %call_ret1" [../image_analysis.cpp:259]   --->   Operation 468 'extractvalue' 'curr_fullImage_431' <Predicate = true> <Delay = 0.00> <CoreInst = "FIFO_SRL">   --->   Core 80 'FIFO_SRL' <Latency = 0> <II = 1> <Delay = 1.83> <Storage> <Opcode : 'read' 'write' 'nbread' 'nbwrite'> <Ports = 0> <Width = 32> <Depth = 2> <FIFO>
ST_4 : Operation 469 [1/1] (0.00ns)   --->   "%curr_fullImage_432 = extractvalue i61536 %call_ret1" [../image_analysis.cpp:259]   --->   Operation 469 'extractvalue' 'curr_fullImage_432' <Predicate = true> <Delay = 0.00> <CoreInst = "FIFO_SRL">   --->   Core 80 'FIFO_SRL' <Latency = 0> <II = 1> <Delay = 1.83> <Storage> <Opcode : 'read' 'write' 'nbread' 'nbwrite'> <Ports = 0> <Width = 32> <Depth = 2> <FIFO>
ST_4 : Operation 470 [1/1] (0.00ns)   --->   "%curr_fullImage_433 = extractvalue i61536 %call_ret1" [../image_analysis.cpp:259]   --->   Operation 470 'extractvalue' 'curr_fullImage_433' <Predicate = true> <Delay = 0.00> <CoreInst = "FIFO_SRL">   --->   Core 80 'FIFO_SRL' <Latency = 0> <II = 1> <Delay = 1.83> <Storage> <Opcode : 'read' 'write' 'nbread' 'nbwrite'> <Ports = 0> <Width = 32> <Depth = 2> <FIFO>
ST_4 : Operation 471 [1/1] (0.00ns)   --->   "%curr_fullImage_434 = extractvalue i61536 %call_ret1" [../image_analysis.cpp:259]   --->   Operation 471 'extractvalue' 'curr_fullImage_434' <Predicate = true> <Delay = 0.00> <CoreInst = "FIFO_SRL">   --->   Core 80 'FIFO_SRL' <Latency = 0> <II = 1> <Delay = 1.83> <Storage> <Opcode : 'read' 'write' 'nbread' 'nbwrite'> <Ports = 0> <Width = 32> <Depth = 2> <FIFO>
ST_4 : Operation 472 [1/1] (0.00ns)   --->   "%curr_fullImage_435 = extractvalue i61536 %call_ret1" [../image_analysis.cpp:259]   --->   Operation 472 'extractvalue' 'curr_fullImage_435' <Predicate = true> <Delay = 0.00> <CoreInst = "FIFO_SRL">   --->   Core 80 'FIFO_SRL' <Latency = 0> <II = 1> <Delay = 1.83> <Storage> <Opcode : 'read' 'write' 'nbread' 'nbwrite'> <Ports = 0> <Width = 32> <Depth = 2> <FIFO>
ST_4 : Operation 473 [1/1] (0.00ns)   --->   "%curr_fullImage_436 = extractvalue i61536 %call_ret1" [../image_analysis.cpp:259]   --->   Operation 473 'extractvalue' 'curr_fullImage_436' <Predicate = true> <Delay = 0.00> <CoreInst = "FIFO_SRL">   --->   Core 80 'FIFO_SRL' <Latency = 0> <II = 1> <Delay = 1.83> <Storage> <Opcode : 'read' 'write' 'nbread' 'nbwrite'> <Ports = 0> <Width = 32> <Depth = 2> <FIFO>
ST_4 : Operation 474 [1/1] (0.00ns)   --->   "%curr_fullImage_437 = extractvalue i61536 %call_ret1" [../image_analysis.cpp:259]   --->   Operation 474 'extractvalue' 'curr_fullImage_437' <Predicate = true> <Delay = 0.00> <CoreInst = "FIFO_SRL">   --->   Core 80 'FIFO_SRL' <Latency = 0> <II = 1> <Delay = 1.83> <Storage> <Opcode : 'read' 'write' 'nbread' 'nbwrite'> <Ports = 0> <Width = 32> <Depth = 2> <FIFO>
ST_4 : Operation 475 [1/1] (0.00ns)   --->   "%curr_fullImage_438 = extractvalue i61536 %call_ret1" [../image_analysis.cpp:259]   --->   Operation 475 'extractvalue' 'curr_fullImage_438' <Predicate = true> <Delay = 0.00> <CoreInst = "FIFO_SRL">   --->   Core 80 'FIFO_SRL' <Latency = 0> <II = 1> <Delay = 1.83> <Storage> <Opcode : 'read' 'write' 'nbread' 'nbwrite'> <Ports = 0> <Width = 32> <Depth = 2> <FIFO>
ST_4 : Operation 476 [1/1] (0.00ns)   --->   "%curr_fullImage_439 = extractvalue i61536 %call_ret1" [../image_analysis.cpp:259]   --->   Operation 476 'extractvalue' 'curr_fullImage_439' <Predicate = true> <Delay = 0.00> <CoreInst = "FIFO_SRL">   --->   Core 80 'FIFO_SRL' <Latency = 0> <II = 1> <Delay = 1.83> <Storage> <Opcode : 'read' 'write' 'nbread' 'nbwrite'> <Ports = 0> <Width = 32> <Depth = 2> <FIFO>
ST_4 : Operation 477 [1/1] (0.00ns)   --->   "%curr_fullImage_440 = extractvalue i61536 %call_ret1" [../image_analysis.cpp:259]   --->   Operation 477 'extractvalue' 'curr_fullImage_440' <Predicate = true> <Delay = 0.00> <CoreInst = "FIFO_SRL">   --->   Core 80 'FIFO_SRL' <Latency = 0> <II = 1> <Delay = 1.83> <Storage> <Opcode : 'read' 'write' 'nbread' 'nbwrite'> <Ports = 0> <Width = 32> <Depth = 2> <FIFO>
ST_4 : Operation 478 [1/1] (0.00ns)   --->   "%curr_fullImage_441 = extractvalue i61536 %call_ret1" [../image_analysis.cpp:259]   --->   Operation 478 'extractvalue' 'curr_fullImage_441' <Predicate = true> <Delay = 0.00> <CoreInst = "FIFO_SRL">   --->   Core 80 'FIFO_SRL' <Latency = 0> <II = 1> <Delay = 1.83> <Storage> <Opcode : 'read' 'write' 'nbread' 'nbwrite'> <Ports = 0> <Width = 32> <Depth = 2> <FIFO>
ST_4 : Operation 479 [1/1] (0.00ns)   --->   "%curr_fullImage_442 = extractvalue i61536 %call_ret1" [../image_analysis.cpp:259]   --->   Operation 479 'extractvalue' 'curr_fullImage_442' <Predicate = true> <Delay = 0.00> <CoreInst = "FIFO_SRL">   --->   Core 80 'FIFO_SRL' <Latency = 0> <II = 1> <Delay = 1.83> <Storage> <Opcode : 'read' 'write' 'nbread' 'nbwrite'> <Ports = 0> <Width = 32> <Depth = 2> <FIFO>
ST_4 : Operation 480 [1/1] (0.00ns)   --->   "%curr_fullImage_443 = extractvalue i61536 %call_ret1" [../image_analysis.cpp:259]   --->   Operation 480 'extractvalue' 'curr_fullImage_443' <Predicate = true> <Delay = 0.00> <CoreInst = "FIFO_SRL">   --->   Core 80 'FIFO_SRL' <Latency = 0> <II = 1> <Delay = 1.83> <Storage> <Opcode : 'read' 'write' 'nbread' 'nbwrite'> <Ports = 0> <Width = 32> <Depth = 2> <FIFO>
ST_4 : Operation 481 [1/1] (0.00ns)   --->   "%curr_fullImage_444 = extractvalue i61536 %call_ret1" [../image_analysis.cpp:259]   --->   Operation 481 'extractvalue' 'curr_fullImage_444' <Predicate = true> <Delay = 0.00> <CoreInst = "FIFO_SRL">   --->   Core 80 'FIFO_SRL' <Latency = 0> <II = 1> <Delay = 1.83> <Storage> <Opcode : 'read' 'write' 'nbread' 'nbwrite'> <Ports = 0> <Width = 32> <Depth = 2> <FIFO>
ST_4 : Operation 482 [1/1] (0.00ns)   --->   "%curr_fullImage_445 = extractvalue i61536 %call_ret1" [../image_analysis.cpp:259]   --->   Operation 482 'extractvalue' 'curr_fullImage_445' <Predicate = true> <Delay = 0.00> <CoreInst = "FIFO_SRL">   --->   Core 80 'FIFO_SRL' <Latency = 0> <II = 1> <Delay = 1.83> <Storage> <Opcode : 'read' 'write' 'nbread' 'nbwrite'> <Ports = 0> <Width = 32> <Depth = 2> <FIFO>
ST_4 : Operation 483 [1/1] (0.00ns)   --->   "%curr_fullImage_446 = extractvalue i61536 %call_ret1" [../image_analysis.cpp:259]   --->   Operation 483 'extractvalue' 'curr_fullImage_446' <Predicate = true> <Delay = 0.00> <CoreInst = "FIFO_SRL">   --->   Core 80 'FIFO_SRL' <Latency = 0> <II = 1> <Delay = 1.83> <Storage> <Opcode : 'read' 'write' 'nbread' 'nbwrite'> <Ports = 0> <Width = 32> <Depth = 2> <FIFO>
ST_4 : Operation 484 [1/1] (0.00ns)   --->   "%curr_fullImage_447 = extractvalue i61536 %call_ret1" [../image_analysis.cpp:259]   --->   Operation 484 'extractvalue' 'curr_fullImage_447' <Predicate = true> <Delay = 0.00> <CoreInst = "FIFO_SRL">   --->   Core 80 'FIFO_SRL' <Latency = 0> <II = 1> <Delay = 1.83> <Storage> <Opcode : 'read' 'write' 'nbread' 'nbwrite'> <Ports = 0> <Width = 32> <Depth = 2> <FIFO>
ST_4 : Operation 485 [1/1] (0.00ns)   --->   "%curr_fullImage_448 = extractvalue i61536 %call_ret1" [../image_analysis.cpp:259]   --->   Operation 485 'extractvalue' 'curr_fullImage_448' <Predicate = true> <Delay = 0.00> <CoreInst = "FIFO_SRL">   --->   Core 80 'FIFO_SRL' <Latency = 0> <II = 1> <Delay = 1.83> <Storage> <Opcode : 'read' 'write' 'nbread' 'nbwrite'> <Ports = 0> <Width = 32> <Depth = 2> <FIFO>
ST_4 : Operation 486 [1/1] (0.00ns)   --->   "%curr_fullImage_449 = extractvalue i61536 %call_ret1" [../image_analysis.cpp:259]   --->   Operation 486 'extractvalue' 'curr_fullImage_449' <Predicate = true> <Delay = 0.00> <CoreInst = "FIFO_SRL">   --->   Core 80 'FIFO_SRL' <Latency = 0> <II = 1> <Delay = 1.83> <Storage> <Opcode : 'read' 'write' 'nbread' 'nbwrite'> <Ports = 0> <Width = 32> <Depth = 2> <FIFO>
ST_4 : Operation 487 [1/1] (0.00ns)   --->   "%curr_fullImage_450 = extractvalue i61536 %call_ret1" [../image_analysis.cpp:259]   --->   Operation 487 'extractvalue' 'curr_fullImage_450' <Predicate = true> <Delay = 0.00> <CoreInst = "FIFO_SRL">   --->   Core 80 'FIFO_SRL' <Latency = 0> <II = 1> <Delay = 1.83> <Storage> <Opcode : 'read' 'write' 'nbread' 'nbwrite'> <Ports = 0> <Width = 32> <Depth = 2> <FIFO>
ST_4 : Operation 488 [1/1] (0.00ns)   --->   "%curr_fullImage_451 = extractvalue i61536 %call_ret1" [../image_analysis.cpp:259]   --->   Operation 488 'extractvalue' 'curr_fullImage_451' <Predicate = true> <Delay = 0.00> <CoreInst = "FIFO_SRL">   --->   Core 80 'FIFO_SRL' <Latency = 0> <II = 1> <Delay = 1.83> <Storage> <Opcode : 'read' 'write' 'nbread' 'nbwrite'> <Ports = 0> <Width = 32> <Depth = 2> <FIFO>
ST_4 : Operation 489 [1/1] (0.00ns)   --->   "%curr_fullImage_452 = extractvalue i61536 %call_ret1" [../image_analysis.cpp:259]   --->   Operation 489 'extractvalue' 'curr_fullImage_452' <Predicate = true> <Delay = 0.00> <CoreInst = "FIFO_SRL">   --->   Core 80 'FIFO_SRL' <Latency = 0> <II = 1> <Delay = 1.83> <Storage> <Opcode : 'read' 'write' 'nbread' 'nbwrite'> <Ports = 0> <Width = 32> <Depth = 2> <FIFO>
ST_4 : Operation 490 [1/1] (0.00ns)   --->   "%curr_fullImage_453 = extractvalue i61536 %call_ret1" [../image_analysis.cpp:259]   --->   Operation 490 'extractvalue' 'curr_fullImage_453' <Predicate = true> <Delay = 0.00> <CoreInst = "FIFO_SRL">   --->   Core 80 'FIFO_SRL' <Latency = 0> <II = 1> <Delay = 1.83> <Storage> <Opcode : 'read' 'write' 'nbread' 'nbwrite'> <Ports = 0> <Width = 32> <Depth = 2> <FIFO>
ST_4 : Operation 491 [1/1] (0.00ns)   --->   "%curr_fullImage_454 = extractvalue i61536 %call_ret1" [../image_analysis.cpp:259]   --->   Operation 491 'extractvalue' 'curr_fullImage_454' <Predicate = true> <Delay = 0.00> <CoreInst = "FIFO_SRL">   --->   Core 80 'FIFO_SRL' <Latency = 0> <II = 1> <Delay = 1.83> <Storage> <Opcode : 'read' 'write' 'nbread' 'nbwrite'> <Ports = 0> <Width = 32> <Depth = 2> <FIFO>
ST_4 : Operation 492 [1/1] (0.00ns)   --->   "%curr_fullImage_455 = extractvalue i61536 %call_ret1" [../image_analysis.cpp:259]   --->   Operation 492 'extractvalue' 'curr_fullImage_455' <Predicate = true> <Delay = 0.00> <CoreInst = "FIFO_SRL">   --->   Core 80 'FIFO_SRL' <Latency = 0> <II = 1> <Delay = 1.83> <Storage> <Opcode : 'read' 'write' 'nbread' 'nbwrite'> <Ports = 0> <Width = 32> <Depth = 2> <FIFO>
ST_4 : Operation 493 [1/1] (0.00ns)   --->   "%curr_fullImage_456 = extractvalue i61536 %call_ret1" [../image_analysis.cpp:259]   --->   Operation 493 'extractvalue' 'curr_fullImage_456' <Predicate = true> <Delay = 0.00> <CoreInst = "FIFO_SRL">   --->   Core 80 'FIFO_SRL' <Latency = 0> <II = 1> <Delay = 1.83> <Storage> <Opcode : 'read' 'write' 'nbread' 'nbwrite'> <Ports = 0> <Width = 32> <Depth = 2> <FIFO>
ST_4 : Operation 494 [1/1] (0.00ns)   --->   "%curr_fullImage_457 = extractvalue i61536 %call_ret1" [../image_analysis.cpp:259]   --->   Operation 494 'extractvalue' 'curr_fullImage_457' <Predicate = true> <Delay = 0.00> <CoreInst = "FIFO_SRL">   --->   Core 80 'FIFO_SRL' <Latency = 0> <II = 1> <Delay = 1.83> <Storage> <Opcode : 'read' 'write' 'nbread' 'nbwrite'> <Ports = 0> <Width = 32> <Depth = 2> <FIFO>
ST_4 : Operation 495 [1/1] (0.00ns)   --->   "%curr_fullImage_458 = extractvalue i61536 %call_ret1" [../image_analysis.cpp:259]   --->   Operation 495 'extractvalue' 'curr_fullImage_458' <Predicate = true> <Delay = 0.00> <CoreInst = "FIFO_SRL">   --->   Core 80 'FIFO_SRL' <Latency = 0> <II = 1> <Delay = 1.83> <Storage> <Opcode : 'read' 'write' 'nbread' 'nbwrite'> <Ports = 0> <Width = 32> <Depth = 2> <FIFO>
ST_4 : Operation 496 [1/1] (0.00ns)   --->   "%curr_fullImage_459 = extractvalue i61536 %call_ret1" [../image_analysis.cpp:259]   --->   Operation 496 'extractvalue' 'curr_fullImage_459' <Predicate = true> <Delay = 0.00> <CoreInst = "FIFO_SRL">   --->   Core 80 'FIFO_SRL' <Latency = 0> <II = 1> <Delay = 1.83> <Storage> <Opcode : 'read' 'write' 'nbread' 'nbwrite'> <Ports = 0> <Width = 32> <Depth = 2> <FIFO>
ST_4 : Operation 497 [1/1] (0.00ns)   --->   "%curr_fullImage_460 = extractvalue i61536 %call_ret1" [../image_analysis.cpp:259]   --->   Operation 497 'extractvalue' 'curr_fullImage_460' <Predicate = true> <Delay = 0.00> <CoreInst = "FIFO_SRL">   --->   Core 80 'FIFO_SRL' <Latency = 0> <II = 1> <Delay = 1.83> <Storage> <Opcode : 'read' 'write' 'nbread' 'nbwrite'> <Ports = 0> <Width = 32> <Depth = 2> <FIFO>
ST_4 : Operation 498 [1/1] (0.00ns)   --->   "%curr_fullImage_461 = extractvalue i61536 %call_ret1" [../image_analysis.cpp:259]   --->   Operation 498 'extractvalue' 'curr_fullImage_461' <Predicate = true> <Delay = 0.00> <CoreInst = "FIFO_SRL">   --->   Core 80 'FIFO_SRL' <Latency = 0> <II = 1> <Delay = 1.83> <Storage> <Opcode : 'read' 'write' 'nbread' 'nbwrite'> <Ports = 0> <Width = 32> <Depth = 2> <FIFO>
ST_4 : Operation 499 [1/1] (0.00ns)   --->   "%curr_fullImage_462 = extractvalue i61536 %call_ret1" [../image_analysis.cpp:259]   --->   Operation 499 'extractvalue' 'curr_fullImage_462' <Predicate = true> <Delay = 0.00> <CoreInst = "FIFO_SRL">   --->   Core 80 'FIFO_SRL' <Latency = 0> <II = 1> <Delay = 1.83> <Storage> <Opcode : 'read' 'write' 'nbread' 'nbwrite'> <Ports = 0> <Width = 32> <Depth = 2> <FIFO>
ST_4 : Operation 500 [1/1] (0.00ns)   --->   "%curr_fullImage_463 = extractvalue i61536 %call_ret1" [../image_analysis.cpp:259]   --->   Operation 500 'extractvalue' 'curr_fullImage_463' <Predicate = true> <Delay = 0.00> <CoreInst = "FIFO_SRL">   --->   Core 80 'FIFO_SRL' <Latency = 0> <II = 1> <Delay = 1.83> <Storage> <Opcode : 'read' 'write' 'nbread' 'nbwrite'> <Ports = 0> <Width = 32> <Depth = 2> <FIFO>
ST_4 : Operation 501 [1/1] (0.00ns)   --->   "%curr_fullImage_464 = extractvalue i61536 %call_ret1" [../image_analysis.cpp:259]   --->   Operation 501 'extractvalue' 'curr_fullImage_464' <Predicate = true> <Delay = 0.00> <CoreInst = "FIFO_SRL">   --->   Core 80 'FIFO_SRL' <Latency = 0> <II = 1> <Delay = 1.83> <Storage> <Opcode : 'read' 'write' 'nbread' 'nbwrite'> <Ports = 0> <Width = 32> <Depth = 2> <FIFO>
ST_4 : Operation 502 [1/1] (0.00ns)   --->   "%curr_fullImage_465 = extractvalue i61536 %call_ret1" [../image_analysis.cpp:259]   --->   Operation 502 'extractvalue' 'curr_fullImage_465' <Predicate = true> <Delay = 0.00> <CoreInst = "FIFO_SRL">   --->   Core 80 'FIFO_SRL' <Latency = 0> <II = 1> <Delay = 1.83> <Storage> <Opcode : 'read' 'write' 'nbread' 'nbwrite'> <Ports = 0> <Width = 32> <Depth = 2> <FIFO>
ST_4 : Operation 503 [1/1] (0.00ns)   --->   "%curr_fullImage_466 = extractvalue i61536 %call_ret1" [../image_analysis.cpp:259]   --->   Operation 503 'extractvalue' 'curr_fullImage_466' <Predicate = true> <Delay = 0.00> <CoreInst = "FIFO_SRL">   --->   Core 80 'FIFO_SRL' <Latency = 0> <II = 1> <Delay = 1.83> <Storage> <Opcode : 'read' 'write' 'nbread' 'nbwrite'> <Ports = 0> <Width = 32> <Depth = 2> <FIFO>
ST_4 : Operation 504 [1/1] (0.00ns)   --->   "%curr_fullImage_467 = extractvalue i61536 %call_ret1" [../image_analysis.cpp:259]   --->   Operation 504 'extractvalue' 'curr_fullImage_467' <Predicate = true> <Delay = 0.00> <CoreInst = "FIFO_SRL">   --->   Core 80 'FIFO_SRL' <Latency = 0> <II = 1> <Delay = 1.83> <Storage> <Opcode : 'read' 'write' 'nbread' 'nbwrite'> <Ports = 0> <Width = 32> <Depth = 2> <FIFO>
ST_4 : Operation 505 [1/1] (0.00ns)   --->   "%curr_fullImage_468 = extractvalue i61536 %call_ret1" [../image_analysis.cpp:259]   --->   Operation 505 'extractvalue' 'curr_fullImage_468' <Predicate = true> <Delay = 0.00> <CoreInst = "FIFO_SRL">   --->   Core 80 'FIFO_SRL' <Latency = 0> <II = 1> <Delay = 1.83> <Storage> <Opcode : 'read' 'write' 'nbread' 'nbwrite'> <Ports = 0> <Width = 32> <Depth = 2> <FIFO>
ST_4 : Operation 506 [1/1] (0.00ns)   --->   "%curr_fullImage_469 = extractvalue i61536 %call_ret1" [../image_analysis.cpp:259]   --->   Operation 506 'extractvalue' 'curr_fullImage_469' <Predicate = true> <Delay = 0.00> <CoreInst = "FIFO_SRL">   --->   Core 80 'FIFO_SRL' <Latency = 0> <II = 1> <Delay = 1.83> <Storage> <Opcode : 'read' 'write' 'nbread' 'nbwrite'> <Ports = 0> <Width = 32> <Depth = 2> <FIFO>
ST_4 : Operation 507 [1/1] (0.00ns)   --->   "%curr_fullImage_470 = extractvalue i61536 %call_ret1" [../image_analysis.cpp:259]   --->   Operation 507 'extractvalue' 'curr_fullImage_470' <Predicate = true> <Delay = 0.00> <CoreInst = "FIFO_SRL">   --->   Core 80 'FIFO_SRL' <Latency = 0> <II = 1> <Delay = 1.83> <Storage> <Opcode : 'read' 'write' 'nbread' 'nbwrite'> <Ports = 0> <Width = 32> <Depth = 2> <FIFO>
ST_4 : Operation 508 [1/1] (0.00ns)   --->   "%curr_fullImage_471 = extractvalue i61536 %call_ret1" [../image_analysis.cpp:259]   --->   Operation 508 'extractvalue' 'curr_fullImage_471' <Predicate = true> <Delay = 0.00> <CoreInst = "FIFO_SRL">   --->   Core 80 'FIFO_SRL' <Latency = 0> <II = 1> <Delay = 1.83> <Storage> <Opcode : 'read' 'write' 'nbread' 'nbwrite'> <Ports = 0> <Width = 32> <Depth = 2> <FIFO>
ST_4 : Operation 509 [1/1] (0.00ns)   --->   "%curr_fullImage_472 = extractvalue i61536 %call_ret1" [../image_analysis.cpp:259]   --->   Operation 509 'extractvalue' 'curr_fullImage_472' <Predicate = true> <Delay = 0.00> <CoreInst = "FIFO_SRL">   --->   Core 80 'FIFO_SRL' <Latency = 0> <II = 1> <Delay = 1.83> <Storage> <Opcode : 'read' 'write' 'nbread' 'nbwrite'> <Ports = 0> <Width = 32> <Depth = 2> <FIFO>
ST_4 : Operation 510 [1/1] (0.00ns)   --->   "%curr_fullImage_473 = extractvalue i61536 %call_ret1" [../image_analysis.cpp:259]   --->   Operation 510 'extractvalue' 'curr_fullImage_473' <Predicate = true> <Delay = 0.00> <CoreInst = "FIFO_SRL">   --->   Core 80 'FIFO_SRL' <Latency = 0> <II = 1> <Delay = 1.83> <Storage> <Opcode : 'read' 'write' 'nbread' 'nbwrite'> <Ports = 0> <Width = 32> <Depth = 2> <FIFO>
ST_4 : Operation 511 [1/1] (0.00ns)   --->   "%curr_fullImage_474 = extractvalue i61536 %call_ret1" [../image_analysis.cpp:259]   --->   Operation 511 'extractvalue' 'curr_fullImage_474' <Predicate = true> <Delay = 0.00> <CoreInst = "FIFO_SRL">   --->   Core 80 'FIFO_SRL' <Latency = 0> <II = 1> <Delay = 1.83> <Storage> <Opcode : 'read' 'write' 'nbread' 'nbwrite'> <Ports = 0> <Width = 32> <Depth = 2> <FIFO>
ST_4 : Operation 512 [1/1] (0.00ns)   --->   "%curr_fullImage_475 = extractvalue i61536 %call_ret1" [../image_analysis.cpp:259]   --->   Operation 512 'extractvalue' 'curr_fullImage_475' <Predicate = true> <Delay = 0.00> <CoreInst = "FIFO_SRL">   --->   Core 80 'FIFO_SRL' <Latency = 0> <II = 1> <Delay = 1.83> <Storage> <Opcode : 'read' 'write' 'nbread' 'nbwrite'> <Ports = 0> <Width = 32> <Depth = 2> <FIFO>
ST_4 : Operation 513 [1/1] (0.00ns)   --->   "%curr_fullImage_476 = extractvalue i61536 %call_ret1" [../image_analysis.cpp:259]   --->   Operation 513 'extractvalue' 'curr_fullImage_476' <Predicate = true> <Delay = 0.00> <CoreInst = "FIFO_SRL">   --->   Core 80 'FIFO_SRL' <Latency = 0> <II = 1> <Delay = 1.83> <Storage> <Opcode : 'read' 'write' 'nbread' 'nbwrite'> <Ports = 0> <Width = 32> <Depth = 2> <FIFO>
ST_4 : Operation 514 [1/1] (0.00ns)   --->   "%curr_fullImage_477 = extractvalue i61536 %call_ret1" [../image_analysis.cpp:259]   --->   Operation 514 'extractvalue' 'curr_fullImage_477' <Predicate = true> <Delay = 0.00> <CoreInst = "FIFO_SRL">   --->   Core 80 'FIFO_SRL' <Latency = 0> <II = 1> <Delay = 1.83> <Storage> <Opcode : 'read' 'write' 'nbread' 'nbwrite'> <Ports = 0> <Width = 32> <Depth = 2> <FIFO>
ST_4 : Operation 515 [1/1] (0.00ns)   --->   "%curr_fullImage_478 = extractvalue i61536 %call_ret1" [../image_analysis.cpp:259]   --->   Operation 515 'extractvalue' 'curr_fullImage_478' <Predicate = true> <Delay = 0.00> <CoreInst = "FIFO_SRL">   --->   Core 80 'FIFO_SRL' <Latency = 0> <II = 1> <Delay = 1.83> <Storage> <Opcode : 'read' 'write' 'nbread' 'nbwrite'> <Ports = 0> <Width = 32> <Depth = 2> <FIFO>
ST_4 : Operation 516 [1/1] (0.00ns)   --->   "%curr_fullImage_479 = extractvalue i61536 %call_ret1" [../image_analysis.cpp:259]   --->   Operation 516 'extractvalue' 'curr_fullImage_479' <Predicate = true> <Delay = 0.00> <CoreInst = "FIFO_SRL">   --->   Core 80 'FIFO_SRL' <Latency = 0> <II = 1> <Delay = 1.83> <Storage> <Opcode : 'read' 'write' 'nbread' 'nbwrite'> <Ports = 0> <Width = 32> <Depth = 2> <FIFO>
ST_4 : Operation 517 [1/1] (0.00ns)   --->   "%curr_fullImage_480 = extractvalue i61536 %call_ret1" [../image_analysis.cpp:259]   --->   Operation 517 'extractvalue' 'curr_fullImage_480' <Predicate = true> <Delay = 0.00> <CoreInst = "FIFO_SRL">   --->   Core 80 'FIFO_SRL' <Latency = 0> <II = 1> <Delay = 1.83> <Storage> <Opcode : 'read' 'write' 'nbread' 'nbwrite'> <Ports = 0> <Width = 32> <Depth = 2> <FIFO>
ST_4 : Operation 518 [1/1] (0.00ns)   --->   "%curr_fullImage_481 = extractvalue i61536 %call_ret1" [../image_analysis.cpp:259]   --->   Operation 518 'extractvalue' 'curr_fullImage_481' <Predicate = true> <Delay = 0.00> <CoreInst = "FIFO_SRL">   --->   Core 80 'FIFO_SRL' <Latency = 0> <II = 1> <Delay = 1.83> <Storage> <Opcode : 'read' 'write' 'nbread' 'nbwrite'> <Ports = 0> <Width = 32> <Depth = 2> <FIFO>
ST_4 : Operation 519 [1/1] (0.00ns)   --->   "%curr_fullImage_482 = extractvalue i61536 %call_ret1" [../image_analysis.cpp:259]   --->   Operation 519 'extractvalue' 'curr_fullImage_482' <Predicate = true> <Delay = 0.00> <CoreInst = "FIFO_SRL">   --->   Core 80 'FIFO_SRL' <Latency = 0> <II = 1> <Delay = 1.83> <Storage> <Opcode : 'read' 'write' 'nbread' 'nbwrite'> <Ports = 0> <Width = 32> <Depth = 2> <FIFO>
ST_4 : Operation 520 [1/1] (0.00ns)   --->   "%curr_fullImage_483 = extractvalue i61536 %call_ret1" [../image_analysis.cpp:259]   --->   Operation 520 'extractvalue' 'curr_fullImage_483' <Predicate = true> <Delay = 0.00> <CoreInst = "FIFO_SRL">   --->   Core 80 'FIFO_SRL' <Latency = 0> <II = 1> <Delay = 1.83> <Storage> <Opcode : 'read' 'write' 'nbread' 'nbwrite'> <Ports = 0> <Width = 32> <Depth = 2> <FIFO>
ST_4 : Operation 521 [1/1] (0.00ns)   --->   "%curr_fullImage_484 = extractvalue i61536 %call_ret1" [../image_analysis.cpp:259]   --->   Operation 521 'extractvalue' 'curr_fullImage_484' <Predicate = true> <Delay = 0.00> <CoreInst = "FIFO_SRL">   --->   Core 80 'FIFO_SRL' <Latency = 0> <II = 1> <Delay = 1.83> <Storage> <Opcode : 'read' 'write' 'nbread' 'nbwrite'> <Ports = 0> <Width = 32> <Depth = 2> <FIFO>
ST_4 : Operation 522 [1/1] (0.00ns)   --->   "%curr_fullImage_485 = extractvalue i61536 %call_ret1" [../image_analysis.cpp:259]   --->   Operation 522 'extractvalue' 'curr_fullImage_485' <Predicate = true> <Delay = 0.00> <CoreInst = "FIFO_SRL">   --->   Core 80 'FIFO_SRL' <Latency = 0> <II = 1> <Delay = 1.83> <Storage> <Opcode : 'read' 'write' 'nbread' 'nbwrite'> <Ports = 0> <Width = 32> <Depth = 2> <FIFO>
ST_4 : Operation 523 [1/1] (0.00ns)   --->   "%curr_fullImage_486 = extractvalue i61536 %call_ret1" [../image_analysis.cpp:259]   --->   Operation 523 'extractvalue' 'curr_fullImage_486' <Predicate = true> <Delay = 0.00> <CoreInst = "FIFO_SRL">   --->   Core 80 'FIFO_SRL' <Latency = 0> <II = 1> <Delay = 1.83> <Storage> <Opcode : 'read' 'write' 'nbread' 'nbwrite'> <Ports = 0> <Width = 32> <Depth = 2> <FIFO>
ST_4 : Operation 524 [1/1] (0.00ns)   --->   "%curr_fullImage_487 = extractvalue i61536 %call_ret1" [../image_analysis.cpp:259]   --->   Operation 524 'extractvalue' 'curr_fullImage_487' <Predicate = true> <Delay = 0.00> <CoreInst = "FIFO_SRL">   --->   Core 80 'FIFO_SRL' <Latency = 0> <II = 1> <Delay = 1.83> <Storage> <Opcode : 'read' 'write' 'nbread' 'nbwrite'> <Ports = 0> <Width = 32> <Depth = 2> <FIFO>
ST_4 : Operation 525 [1/1] (0.00ns)   --->   "%curr_fullImage_488 = extractvalue i61536 %call_ret1" [../image_analysis.cpp:259]   --->   Operation 525 'extractvalue' 'curr_fullImage_488' <Predicate = true> <Delay = 0.00> <CoreInst = "FIFO_SRL">   --->   Core 80 'FIFO_SRL' <Latency = 0> <II = 1> <Delay = 1.83> <Storage> <Opcode : 'read' 'write' 'nbread' 'nbwrite'> <Ports = 0> <Width = 32> <Depth = 2> <FIFO>
ST_4 : Operation 526 [1/1] (0.00ns)   --->   "%curr_fullImage_489 = extractvalue i61536 %call_ret1" [../image_analysis.cpp:259]   --->   Operation 526 'extractvalue' 'curr_fullImage_489' <Predicate = true> <Delay = 0.00> <CoreInst = "FIFO_SRL">   --->   Core 80 'FIFO_SRL' <Latency = 0> <II = 1> <Delay = 1.83> <Storage> <Opcode : 'read' 'write' 'nbread' 'nbwrite'> <Ports = 0> <Width = 32> <Depth = 2> <FIFO>
ST_4 : Operation 527 [1/1] (0.00ns)   --->   "%curr_fullImage_490 = extractvalue i61536 %call_ret1" [../image_analysis.cpp:259]   --->   Operation 527 'extractvalue' 'curr_fullImage_490' <Predicate = true> <Delay = 0.00> <CoreInst = "FIFO_SRL">   --->   Core 80 'FIFO_SRL' <Latency = 0> <II = 1> <Delay = 1.83> <Storage> <Opcode : 'read' 'write' 'nbread' 'nbwrite'> <Ports = 0> <Width = 32> <Depth = 2> <FIFO>
ST_4 : Operation 528 [1/1] (0.00ns)   --->   "%curr_fullImage_491 = extractvalue i61536 %call_ret1" [../image_analysis.cpp:259]   --->   Operation 528 'extractvalue' 'curr_fullImage_491' <Predicate = true> <Delay = 0.00> <CoreInst = "FIFO_SRL">   --->   Core 80 'FIFO_SRL' <Latency = 0> <II = 1> <Delay = 1.83> <Storage> <Opcode : 'read' 'write' 'nbread' 'nbwrite'> <Ports = 0> <Width = 32> <Depth = 2> <FIFO>
ST_4 : Operation 529 [1/1] (0.00ns)   --->   "%curr_fullImage_492 = extractvalue i61536 %call_ret1" [../image_analysis.cpp:259]   --->   Operation 529 'extractvalue' 'curr_fullImage_492' <Predicate = true> <Delay = 0.00> <CoreInst = "FIFO_SRL">   --->   Core 80 'FIFO_SRL' <Latency = 0> <II = 1> <Delay = 1.83> <Storage> <Opcode : 'read' 'write' 'nbread' 'nbwrite'> <Ports = 0> <Width = 32> <Depth = 2> <FIFO>
ST_4 : Operation 530 [1/1] (0.00ns)   --->   "%curr_fullImage_493 = extractvalue i61536 %call_ret1" [../image_analysis.cpp:259]   --->   Operation 530 'extractvalue' 'curr_fullImage_493' <Predicate = true> <Delay = 0.00> <CoreInst = "FIFO_SRL">   --->   Core 80 'FIFO_SRL' <Latency = 0> <II = 1> <Delay = 1.83> <Storage> <Opcode : 'read' 'write' 'nbread' 'nbwrite'> <Ports = 0> <Width = 32> <Depth = 2> <FIFO>
ST_4 : Operation 531 [1/1] (0.00ns)   --->   "%curr_fullImage_494 = extractvalue i61536 %call_ret1" [../image_analysis.cpp:259]   --->   Operation 531 'extractvalue' 'curr_fullImage_494' <Predicate = true> <Delay = 0.00> <CoreInst = "FIFO_SRL">   --->   Core 80 'FIFO_SRL' <Latency = 0> <II = 1> <Delay = 1.83> <Storage> <Opcode : 'read' 'write' 'nbread' 'nbwrite'> <Ports = 0> <Width = 32> <Depth = 2> <FIFO>
ST_4 : Operation 532 [1/1] (0.00ns)   --->   "%curr_fullImage_495 = extractvalue i61536 %call_ret1" [../image_analysis.cpp:259]   --->   Operation 532 'extractvalue' 'curr_fullImage_495' <Predicate = true> <Delay = 0.00> <CoreInst = "FIFO_SRL">   --->   Core 80 'FIFO_SRL' <Latency = 0> <II = 1> <Delay = 1.83> <Storage> <Opcode : 'read' 'write' 'nbread' 'nbwrite'> <Ports = 0> <Width = 32> <Depth = 2> <FIFO>
ST_4 : Operation 533 [1/1] (0.00ns)   --->   "%curr_fullImage_496 = extractvalue i61536 %call_ret1" [../image_analysis.cpp:259]   --->   Operation 533 'extractvalue' 'curr_fullImage_496' <Predicate = true> <Delay = 0.00> <CoreInst = "FIFO_SRL">   --->   Core 80 'FIFO_SRL' <Latency = 0> <II = 1> <Delay = 1.83> <Storage> <Opcode : 'read' 'write' 'nbread' 'nbwrite'> <Ports = 0> <Width = 32> <Depth = 2> <FIFO>
ST_4 : Operation 534 [1/1] (0.00ns)   --->   "%curr_fullImage_497 = extractvalue i61536 %call_ret1" [../image_analysis.cpp:259]   --->   Operation 534 'extractvalue' 'curr_fullImage_497' <Predicate = true> <Delay = 0.00> <CoreInst = "FIFO_SRL">   --->   Core 80 'FIFO_SRL' <Latency = 0> <II = 1> <Delay = 1.83> <Storage> <Opcode : 'read' 'write' 'nbread' 'nbwrite'> <Ports = 0> <Width = 32> <Depth = 2> <FIFO>
ST_4 : Operation 535 [1/1] (0.00ns)   --->   "%curr_fullImage_498 = extractvalue i61536 %call_ret1" [../image_analysis.cpp:259]   --->   Operation 535 'extractvalue' 'curr_fullImage_498' <Predicate = true> <Delay = 0.00> <CoreInst = "FIFO_SRL">   --->   Core 80 'FIFO_SRL' <Latency = 0> <II = 1> <Delay = 1.83> <Storage> <Opcode : 'read' 'write' 'nbread' 'nbwrite'> <Ports = 0> <Width = 32> <Depth = 2> <FIFO>
ST_4 : Operation 536 [1/1] (0.00ns)   --->   "%curr_fullImage_499 = extractvalue i61536 %call_ret1" [../image_analysis.cpp:259]   --->   Operation 536 'extractvalue' 'curr_fullImage_499' <Predicate = true> <Delay = 0.00> <CoreInst = "FIFO_SRL">   --->   Core 80 'FIFO_SRL' <Latency = 0> <II = 1> <Delay = 1.83> <Storage> <Opcode : 'read' 'write' 'nbread' 'nbwrite'> <Ports = 0> <Width = 32> <Depth = 2> <FIFO>
ST_4 : Operation 537 [1/1] (0.00ns)   --->   "%curr_fullImage_500 = extractvalue i61536 %call_ret1" [../image_analysis.cpp:259]   --->   Operation 537 'extractvalue' 'curr_fullImage_500' <Predicate = true> <Delay = 0.00> <CoreInst = "FIFO_SRL">   --->   Core 80 'FIFO_SRL' <Latency = 0> <II = 1> <Delay = 1.83> <Storage> <Opcode : 'read' 'write' 'nbread' 'nbwrite'> <Ports = 0> <Width = 32> <Depth = 2> <FIFO>
ST_4 : Operation 538 [1/1] (0.00ns)   --->   "%curr_fullImage_501 = extractvalue i61536 %call_ret1" [../image_analysis.cpp:259]   --->   Operation 538 'extractvalue' 'curr_fullImage_501' <Predicate = true> <Delay = 0.00> <CoreInst = "FIFO_SRL">   --->   Core 80 'FIFO_SRL' <Latency = 0> <II = 1> <Delay = 1.83> <Storage> <Opcode : 'read' 'write' 'nbread' 'nbwrite'> <Ports = 0> <Width = 32> <Depth = 2> <FIFO>
ST_4 : Operation 539 [1/1] (0.00ns)   --->   "%curr_fullImage_502 = extractvalue i61536 %call_ret1" [../image_analysis.cpp:259]   --->   Operation 539 'extractvalue' 'curr_fullImage_502' <Predicate = true> <Delay = 0.00> <CoreInst = "FIFO_SRL">   --->   Core 80 'FIFO_SRL' <Latency = 0> <II = 1> <Delay = 1.83> <Storage> <Opcode : 'read' 'write' 'nbread' 'nbwrite'> <Ports = 0> <Width = 32> <Depth = 2> <FIFO>
ST_4 : Operation 540 [1/1] (0.00ns)   --->   "%curr_fullImage_503 = extractvalue i61536 %call_ret1" [../image_analysis.cpp:259]   --->   Operation 540 'extractvalue' 'curr_fullImage_503' <Predicate = true> <Delay = 0.00> <CoreInst = "FIFO_SRL">   --->   Core 80 'FIFO_SRL' <Latency = 0> <II = 1> <Delay = 1.83> <Storage> <Opcode : 'read' 'write' 'nbread' 'nbwrite'> <Ports = 0> <Width = 32> <Depth = 2> <FIFO>
ST_4 : Operation 541 [1/1] (0.00ns)   --->   "%curr_fullImage_504 = extractvalue i61536 %call_ret1" [../image_analysis.cpp:259]   --->   Operation 541 'extractvalue' 'curr_fullImage_504' <Predicate = true> <Delay = 0.00> <CoreInst = "FIFO_SRL">   --->   Core 80 'FIFO_SRL' <Latency = 0> <II = 1> <Delay = 1.83> <Storage> <Opcode : 'read' 'write' 'nbread' 'nbwrite'> <Ports = 0> <Width = 32> <Depth = 2> <FIFO>
ST_4 : Operation 542 [1/1] (0.00ns)   --->   "%curr_fullImage_505 = extractvalue i61536 %call_ret1" [../image_analysis.cpp:259]   --->   Operation 542 'extractvalue' 'curr_fullImage_505' <Predicate = true> <Delay = 0.00> <CoreInst = "FIFO_SRL">   --->   Core 80 'FIFO_SRL' <Latency = 0> <II = 1> <Delay = 1.83> <Storage> <Opcode : 'read' 'write' 'nbread' 'nbwrite'> <Ports = 0> <Width = 32> <Depth = 2> <FIFO>
ST_4 : Operation 543 [1/1] (0.00ns)   --->   "%curr_fullImage_506 = extractvalue i61536 %call_ret1" [../image_analysis.cpp:259]   --->   Operation 543 'extractvalue' 'curr_fullImage_506' <Predicate = true> <Delay = 0.00> <CoreInst = "FIFO_SRL">   --->   Core 80 'FIFO_SRL' <Latency = 0> <II = 1> <Delay = 1.83> <Storage> <Opcode : 'read' 'write' 'nbread' 'nbwrite'> <Ports = 0> <Width = 32> <Depth = 2> <FIFO>
ST_4 : Operation 544 [1/1] (0.00ns)   --->   "%curr_fullImage_507 = extractvalue i61536 %call_ret1" [../image_analysis.cpp:259]   --->   Operation 544 'extractvalue' 'curr_fullImage_507' <Predicate = true> <Delay = 0.00> <CoreInst = "FIFO_SRL">   --->   Core 80 'FIFO_SRL' <Latency = 0> <II = 1> <Delay = 1.83> <Storage> <Opcode : 'read' 'write' 'nbread' 'nbwrite'> <Ports = 0> <Width = 32> <Depth = 2> <FIFO>
ST_4 : Operation 545 [1/1] (0.00ns)   --->   "%curr_fullImage_508 = extractvalue i61536 %call_ret1" [../image_analysis.cpp:259]   --->   Operation 545 'extractvalue' 'curr_fullImage_508' <Predicate = true> <Delay = 0.00> <CoreInst = "FIFO_SRL">   --->   Core 80 'FIFO_SRL' <Latency = 0> <II = 1> <Delay = 1.83> <Storage> <Opcode : 'read' 'write' 'nbread' 'nbwrite'> <Ports = 0> <Width = 32> <Depth = 2> <FIFO>
ST_4 : Operation 546 [1/1] (0.00ns)   --->   "%curr_fullImage_509 = extractvalue i61536 %call_ret1" [../image_analysis.cpp:259]   --->   Operation 546 'extractvalue' 'curr_fullImage_509' <Predicate = true> <Delay = 0.00> <CoreInst = "FIFO_SRL">   --->   Core 80 'FIFO_SRL' <Latency = 0> <II = 1> <Delay = 1.83> <Storage> <Opcode : 'read' 'write' 'nbread' 'nbwrite'> <Ports = 0> <Width = 32> <Depth = 2> <FIFO>
ST_4 : Operation 547 [1/1] (0.00ns)   --->   "%curr_fullImage_510 = extractvalue i61536 %call_ret1" [../image_analysis.cpp:259]   --->   Operation 547 'extractvalue' 'curr_fullImage_510' <Predicate = true> <Delay = 0.00> <CoreInst = "FIFO_SRL">   --->   Core 80 'FIFO_SRL' <Latency = 0> <II = 1> <Delay = 1.83> <Storage> <Opcode : 'read' 'write' 'nbread' 'nbwrite'> <Ports = 0> <Width = 32> <Depth = 2> <FIFO>
ST_4 : Operation 548 [1/1] (0.00ns)   --->   "%curr_fullImage_511 = extractvalue i61536 %call_ret1" [../image_analysis.cpp:259]   --->   Operation 548 'extractvalue' 'curr_fullImage_511' <Predicate = true> <Delay = 0.00> <CoreInst = "FIFO_SRL">   --->   Core 80 'FIFO_SRL' <Latency = 0> <II = 1> <Delay = 1.83> <Storage> <Opcode : 'read' 'write' 'nbread' 'nbwrite'> <Ports = 0> <Width = 32> <Depth = 2> <FIFO>
ST_4 : Operation 549 [1/1] (0.00ns)   --->   "%curr_fullImage_512 = extractvalue i61536 %call_ret1" [../image_analysis.cpp:259]   --->   Operation 549 'extractvalue' 'curr_fullImage_512' <Predicate = true> <Delay = 0.00> <CoreInst = "FIFO_SRL">   --->   Core 80 'FIFO_SRL' <Latency = 0> <II = 1> <Delay = 1.83> <Storage> <Opcode : 'read' 'write' 'nbread' 'nbwrite'> <Ports = 0> <Width = 32> <Depth = 2> <FIFO>
ST_4 : Operation 550 [1/1] (0.00ns)   --->   "%curr_fullImage_513 = extractvalue i61536 %call_ret1" [../image_analysis.cpp:259]   --->   Operation 550 'extractvalue' 'curr_fullImage_513' <Predicate = true> <Delay = 0.00> <CoreInst = "FIFO_SRL">   --->   Core 80 'FIFO_SRL' <Latency = 0> <II = 1> <Delay = 1.83> <Storage> <Opcode : 'read' 'write' 'nbread' 'nbwrite'> <Ports = 0> <Width = 32> <Depth = 2> <FIFO>
ST_4 : Operation 551 [1/1] (0.00ns)   --->   "%curr_fullImage_514 = extractvalue i61536 %call_ret1" [../image_analysis.cpp:259]   --->   Operation 551 'extractvalue' 'curr_fullImage_514' <Predicate = true> <Delay = 0.00> <CoreInst = "FIFO_SRL">   --->   Core 80 'FIFO_SRL' <Latency = 0> <II = 1> <Delay = 1.83> <Storage> <Opcode : 'read' 'write' 'nbread' 'nbwrite'> <Ports = 0> <Width = 32> <Depth = 2> <FIFO>
ST_4 : Operation 552 [1/1] (0.00ns)   --->   "%curr_fullImage_515 = extractvalue i61536 %call_ret1" [../image_analysis.cpp:259]   --->   Operation 552 'extractvalue' 'curr_fullImage_515' <Predicate = true> <Delay = 0.00> <CoreInst = "FIFO_SRL">   --->   Core 80 'FIFO_SRL' <Latency = 0> <II = 1> <Delay = 1.83> <Storage> <Opcode : 'read' 'write' 'nbread' 'nbwrite'> <Ports = 0> <Width = 32> <Depth = 2> <FIFO>
ST_4 : Operation 553 [1/1] (0.00ns)   --->   "%curr_fullImage_516 = extractvalue i61536 %call_ret1" [../image_analysis.cpp:259]   --->   Operation 553 'extractvalue' 'curr_fullImage_516' <Predicate = true> <Delay = 0.00> <CoreInst = "FIFO_SRL">   --->   Core 80 'FIFO_SRL' <Latency = 0> <II = 1> <Delay = 1.83> <Storage> <Opcode : 'read' 'write' 'nbread' 'nbwrite'> <Ports = 0> <Width = 32> <Depth = 2> <FIFO>
ST_4 : Operation 554 [1/1] (0.00ns)   --->   "%curr_fullImage_517 = extractvalue i61536 %call_ret1" [../image_analysis.cpp:259]   --->   Operation 554 'extractvalue' 'curr_fullImage_517' <Predicate = true> <Delay = 0.00> <CoreInst = "FIFO_SRL">   --->   Core 80 'FIFO_SRL' <Latency = 0> <II = 1> <Delay = 1.83> <Storage> <Opcode : 'read' 'write' 'nbread' 'nbwrite'> <Ports = 0> <Width = 32> <Depth = 2> <FIFO>
ST_4 : Operation 555 [1/1] (0.00ns)   --->   "%curr_fullImage_518 = extractvalue i61536 %call_ret1" [../image_analysis.cpp:259]   --->   Operation 555 'extractvalue' 'curr_fullImage_518' <Predicate = true> <Delay = 0.00> <CoreInst = "FIFO_SRL">   --->   Core 80 'FIFO_SRL' <Latency = 0> <II = 1> <Delay = 1.83> <Storage> <Opcode : 'read' 'write' 'nbread' 'nbwrite'> <Ports = 0> <Width = 32> <Depth = 2> <FIFO>
ST_4 : Operation 556 [1/1] (0.00ns)   --->   "%curr_fullImage_519 = extractvalue i61536 %call_ret1" [../image_analysis.cpp:259]   --->   Operation 556 'extractvalue' 'curr_fullImage_519' <Predicate = true> <Delay = 0.00> <CoreInst = "FIFO_SRL">   --->   Core 80 'FIFO_SRL' <Latency = 0> <II = 1> <Delay = 1.83> <Storage> <Opcode : 'read' 'write' 'nbread' 'nbwrite'> <Ports = 0> <Width = 32> <Depth = 2> <FIFO>
ST_4 : Operation 557 [1/1] (0.00ns)   --->   "%curr_fullImage_520 = extractvalue i61536 %call_ret1" [../image_analysis.cpp:259]   --->   Operation 557 'extractvalue' 'curr_fullImage_520' <Predicate = true> <Delay = 0.00> <CoreInst = "FIFO_SRL">   --->   Core 80 'FIFO_SRL' <Latency = 0> <II = 1> <Delay = 1.83> <Storage> <Opcode : 'read' 'write' 'nbread' 'nbwrite'> <Ports = 0> <Width = 32> <Depth = 2> <FIFO>
ST_4 : Operation 558 [1/1] (0.00ns)   --->   "%curr_fullImage_521 = extractvalue i61536 %call_ret1" [../image_analysis.cpp:259]   --->   Operation 558 'extractvalue' 'curr_fullImage_521' <Predicate = true> <Delay = 0.00> <CoreInst = "FIFO_SRL">   --->   Core 80 'FIFO_SRL' <Latency = 0> <II = 1> <Delay = 1.83> <Storage> <Opcode : 'read' 'write' 'nbread' 'nbwrite'> <Ports = 0> <Width = 32> <Depth = 2> <FIFO>
ST_4 : Operation 559 [1/1] (0.00ns)   --->   "%curr_fullImage_522 = extractvalue i61536 %call_ret1" [../image_analysis.cpp:259]   --->   Operation 559 'extractvalue' 'curr_fullImage_522' <Predicate = true> <Delay = 0.00> <CoreInst = "FIFO_SRL">   --->   Core 80 'FIFO_SRL' <Latency = 0> <II = 1> <Delay = 1.83> <Storage> <Opcode : 'read' 'write' 'nbread' 'nbwrite'> <Ports = 0> <Width = 32> <Depth = 2> <FIFO>
ST_4 : Operation 560 [1/1] (0.00ns)   --->   "%curr_fullImage_523 = extractvalue i61536 %call_ret1" [../image_analysis.cpp:259]   --->   Operation 560 'extractvalue' 'curr_fullImage_523' <Predicate = true> <Delay = 0.00> <CoreInst = "FIFO_SRL">   --->   Core 80 'FIFO_SRL' <Latency = 0> <II = 1> <Delay = 1.83> <Storage> <Opcode : 'read' 'write' 'nbread' 'nbwrite'> <Ports = 0> <Width = 32> <Depth = 2> <FIFO>
ST_4 : Operation 561 [1/1] (0.00ns)   --->   "%curr_fullImage_524 = extractvalue i61536 %call_ret1" [../image_analysis.cpp:259]   --->   Operation 561 'extractvalue' 'curr_fullImage_524' <Predicate = true> <Delay = 0.00> <CoreInst = "FIFO_SRL">   --->   Core 80 'FIFO_SRL' <Latency = 0> <II = 1> <Delay = 1.83> <Storage> <Opcode : 'read' 'write' 'nbread' 'nbwrite'> <Ports = 0> <Width = 32> <Depth = 2> <FIFO>
ST_4 : Operation 562 [1/1] (0.00ns)   --->   "%curr_fullImage_525 = extractvalue i61536 %call_ret1" [../image_analysis.cpp:259]   --->   Operation 562 'extractvalue' 'curr_fullImage_525' <Predicate = true> <Delay = 0.00> <CoreInst = "FIFO_SRL">   --->   Core 80 'FIFO_SRL' <Latency = 0> <II = 1> <Delay = 1.83> <Storage> <Opcode : 'read' 'write' 'nbread' 'nbwrite'> <Ports = 0> <Width = 32> <Depth = 2> <FIFO>
ST_4 : Operation 563 [1/1] (0.00ns)   --->   "%curr_fullImage_526 = extractvalue i61536 %call_ret1" [../image_analysis.cpp:259]   --->   Operation 563 'extractvalue' 'curr_fullImage_526' <Predicate = true> <Delay = 0.00> <CoreInst = "FIFO_SRL">   --->   Core 80 'FIFO_SRL' <Latency = 0> <II = 1> <Delay = 1.83> <Storage> <Opcode : 'read' 'write' 'nbread' 'nbwrite'> <Ports = 0> <Width = 32> <Depth = 2> <FIFO>
ST_4 : Operation 564 [1/1] (0.00ns)   --->   "%curr_fullImage_527 = extractvalue i61536 %call_ret1" [../image_analysis.cpp:259]   --->   Operation 564 'extractvalue' 'curr_fullImage_527' <Predicate = true> <Delay = 0.00> <CoreInst = "FIFO_SRL">   --->   Core 80 'FIFO_SRL' <Latency = 0> <II = 1> <Delay = 1.83> <Storage> <Opcode : 'read' 'write' 'nbread' 'nbwrite'> <Ports = 0> <Width = 32> <Depth = 2> <FIFO>
ST_4 : Operation 565 [1/1] (0.00ns)   --->   "%curr_fullImage_528 = extractvalue i61536 %call_ret1" [../image_analysis.cpp:259]   --->   Operation 565 'extractvalue' 'curr_fullImage_528' <Predicate = true> <Delay = 0.00> <CoreInst = "FIFO_SRL">   --->   Core 80 'FIFO_SRL' <Latency = 0> <II = 1> <Delay = 1.83> <Storage> <Opcode : 'read' 'write' 'nbread' 'nbwrite'> <Ports = 0> <Width = 32> <Depth = 2> <FIFO>
ST_4 : Operation 566 [1/1] (0.00ns)   --->   "%curr_fullImage_529 = extractvalue i61536 %call_ret1" [../image_analysis.cpp:259]   --->   Operation 566 'extractvalue' 'curr_fullImage_529' <Predicate = true> <Delay = 0.00> <CoreInst = "FIFO_SRL">   --->   Core 80 'FIFO_SRL' <Latency = 0> <II = 1> <Delay = 1.83> <Storage> <Opcode : 'read' 'write' 'nbread' 'nbwrite'> <Ports = 0> <Width = 32> <Depth = 2> <FIFO>
ST_4 : Operation 567 [1/1] (0.00ns)   --->   "%curr_fullImage_530 = extractvalue i61536 %call_ret1" [../image_analysis.cpp:259]   --->   Operation 567 'extractvalue' 'curr_fullImage_530' <Predicate = true> <Delay = 0.00> <CoreInst = "FIFO_SRL">   --->   Core 80 'FIFO_SRL' <Latency = 0> <II = 1> <Delay = 1.83> <Storage> <Opcode : 'read' 'write' 'nbread' 'nbwrite'> <Ports = 0> <Width = 32> <Depth = 2> <FIFO>
ST_4 : Operation 568 [1/1] (0.00ns)   --->   "%curr_fullImage_531 = extractvalue i61536 %call_ret1" [../image_analysis.cpp:259]   --->   Operation 568 'extractvalue' 'curr_fullImage_531' <Predicate = true> <Delay = 0.00> <CoreInst = "FIFO_SRL">   --->   Core 80 'FIFO_SRL' <Latency = 0> <II = 1> <Delay = 1.83> <Storage> <Opcode : 'read' 'write' 'nbread' 'nbwrite'> <Ports = 0> <Width = 32> <Depth = 2> <FIFO>
ST_4 : Operation 569 [1/1] (0.00ns)   --->   "%curr_fullImage_532 = extractvalue i61536 %call_ret1" [../image_analysis.cpp:259]   --->   Operation 569 'extractvalue' 'curr_fullImage_532' <Predicate = true> <Delay = 0.00> <CoreInst = "FIFO_SRL">   --->   Core 80 'FIFO_SRL' <Latency = 0> <II = 1> <Delay = 1.83> <Storage> <Opcode : 'read' 'write' 'nbread' 'nbwrite'> <Ports = 0> <Width = 32> <Depth = 2> <FIFO>
ST_4 : Operation 570 [1/1] (0.00ns)   --->   "%curr_fullImage_533 = extractvalue i61536 %call_ret1" [../image_analysis.cpp:259]   --->   Operation 570 'extractvalue' 'curr_fullImage_533' <Predicate = true> <Delay = 0.00> <CoreInst = "FIFO_SRL">   --->   Core 80 'FIFO_SRL' <Latency = 0> <II = 1> <Delay = 1.83> <Storage> <Opcode : 'read' 'write' 'nbread' 'nbwrite'> <Ports = 0> <Width = 32> <Depth = 2> <FIFO>
ST_4 : Operation 571 [1/1] (0.00ns)   --->   "%curr_fullImage_534 = extractvalue i61536 %call_ret1" [../image_analysis.cpp:259]   --->   Operation 571 'extractvalue' 'curr_fullImage_534' <Predicate = true> <Delay = 0.00> <CoreInst = "FIFO_SRL">   --->   Core 80 'FIFO_SRL' <Latency = 0> <II = 1> <Delay = 1.83> <Storage> <Opcode : 'read' 'write' 'nbread' 'nbwrite'> <Ports = 0> <Width = 32> <Depth = 2> <FIFO>
ST_4 : Operation 572 [1/1] (0.00ns)   --->   "%curr_fullImage_535 = extractvalue i61536 %call_ret1" [../image_analysis.cpp:259]   --->   Operation 572 'extractvalue' 'curr_fullImage_535' <Predicate = true> <Delay = 0.00> <CoreInst = "FIFO_SRL">   --->   Core 80 'FIFO_SRL' <Latency = 0> <II = 1> <Delay = 1.83> <Storage> <Opcode : 'read' 'write' 'nbread' 'nbwrite'> <Ports = 0> <Width = 32> <Depth = 2> <FIFO>
ST_4 : Operation 573 [1/1] (0.00ns)   --->   "%curr_fullImage_536 = extractvalue i61536 %call_ret1" [../image_analysis.cpp:259]   --->   Operation 573 'extractvalue' 'curr_fullImage_536' <Predicate = true> <Delay = 0.00> <CoreInst = "FIFO_SRL">   --->   Core 80 'FIFO_SRL' <Latency = 0> <II = 1> <Delay = 1.83> <Storage> <Opcode : 'read' 'write' 'nbread' 'nbwrite'> <Ports = 0> <Width = 32> <Depth = 2> <FIFO>
ST_4 : Operation 574 [1/1] (0.00ns)   --->   "%curr_fullImage_537 = extractvalue i61536 %call_ret1" [../image_analysis.cpp:259]   --->   Operation 574 'extractvalue' 'curr_fullImage_537' <Predicate = true> <Delay = 0.00> <CoreInst = "FIFO_SRL">   --->   Core 80 'FIFO_SRL' <Latency = 0> <II = 1> <Delay = 1.83> <Storage> <Opcode : 'read' 'write' 'nbread' 'nbwrite'> <Ports = 0> <Width = 32> <Depth = 2> <FIFO>
ST_4 : Operation 575 [1/1] (0.00ns)   --->   "%curr_fullImage_538 = extractvalue i61536 %call_ret1" [../image_analysis.cpp:259]   --->   Operation 575 'extractvalue' 'curr_fullImage_538' <Predicate = true> <Delay = 0.00> <CoreInst = "FIFO_SRL">   --->   Core 80 'FIFO_SRL' <Latency = 0> <II = 1> <Delay = 1.83> <Storage> <Opcode : 'read' 'write' 'nbread' 'nbwrite'> <Ports = 0> <Width = 32> <Depth = 2> <FIFO>
ST_4 : Operation 576 [1/1] (0.00ns)   --->   "%curr_fullImage_539 = extractvalue i61536 %call_ret1" [../image_analysis.cpp:259]   --->   Operation 576 'extractvalue' 'curr_fullImage_539' <Predicate = true> <Delay = 0.00> <CoreInst = "FIFO_SRL">   --->   Core 80 'FIFO_SRL' <Latency = 0> <II = 1> <Delay = 1.83> <Storage> <Opcode : 'read' 'write' 'nbread' 'nbwrite'> <Ports = 0> <Width = 32> <Depth = 2> <FIFO>
ST_4 : Operation 577 [1/1] (0.00ns)   --->   "%curr_fullImage_540 = extractvalue i61536 %call_ret1" [../image_analysis.cpp:259]   --->   Operation 577 'extractvalue' 'curr_fullImage_540' <Predicate = true> <Delay = 0.00> <CoreInst = "FIFO_SRL">   --->   Core 80 'FIFO_SRL' <Latency = 0> <II = 1> <Delay = 1.83> <Storage> <Opcode : 'read' 'write' 'nbread' 'nbwrite'> <Ports = 0> <Width = 32> <Depth = 2> <FIFO>
ST_4 : Operation 578 [1/1] (0.00ns)   --->   "%curr_fullImage_541 = extractvalue i61536 %call_ret1" [../image_analysis.cpp:259]   --->   Operation 578 'extractvalue' 'curr_fullImage_541' <Predicate = true> <Delay = 0.00> <CoreInst = "FIFO_SRL">   --->   Core 80 'FIFO_SRL' <Latency = 0> <II = 1> <Delay = 1.83> <Storage> <Opcode : 'read' 'write' 'nbread' 'nbwrite'> <Ports = 0> <Width = 32> <Depth = 2> <FIFO>
ST_4 : Operation 579 [1/1] (0.00ns)   --->   "%curr_fullImage_542 = extractvalue i61536 %call_ret1" [../image_analysis.cpp:259]   --->   Operation 579 'extractvalue' 'curr_fullImage_542' <Predicate = true> <Delay = 0.00> <CoreInst = "FIFO_SRL">   --->   Core 80 'FIFO_SRL' <Latency = 0> <II = 1> <Delay = 1.83> <Storage> <Opcode : 'read' 'write' 'nbread' 'nbwrite'> <Ports = 0> <Width = 32> <Depth = 2> <FIFO>
ST_4 : Operation 580 [1/1] (0.00ns)   --->   "%curr_fullImage_543 = extractvalue i61536 %call_ret1" [../image_analysis.cpp:259]   --->   Operation 580 'extractvalue' 'curr_fullImage_543' <Predicate = true> <Delay = 0.00> <CoreInst = "FIFO_SRL">   --->   Core 80 'FIFO_SRL' <Latency = 0> <II = 1> <Delay = 1.83> <Storage> <Opcode : 'read' 'write' 'nbread' 'nbwrite'> <Ports = 0> <Width = 32> <Depth = 2> <FIFO>
ST_4 : Operation 581 [1/1] (0.00ns)   --->   "%curr_fullImage_544 = extractvalue i61536 %call_ret1" [../image_analysis.cpp:259]   --->   Operation 581 'extractvalue' 'curr_fullImage_544' <Predicate = true> <Delay = 0.00> <CoreInst = "FIFO_SRL">   --->   Core 80 'FIFO_SRL' <Latency = 0> <II = 1> <Delay = 1.83> <Storage> <Opcode : 'read' 'write' 'nbread' 'nbwrite'> <Ports = 0> <Width = 32> <Depth = 2> <FIFO>
ST_4 : Operation 582 [1/1] (0.00ns)   --->   "%curr_fullImage_545 = extractvalue i61536 %call_ret1" [../image_analysis.cpp:259]   --->   Operation 582 'extractvalue' 'curr_fullImage_545' <Predicate = true> <Delay = 0.00> <CoreInst = "FIFO_SRL">   --->   Core 80 'FIFO_SRL' <Latency = 0> <II = 1> <Delay = 1.83> <Storage> <Opcode : 'read' 'write' 'nbread' 'nbwrite'> <Ports = 0> <Width = 32> <Depth = 2> <FIFO>
ST_4 : Operation 583 [1/1] (0.00ns)   --->   "%curr_fullImage_546 = extractvalue i61536 %call_ret1" [../image_analysis.cpp:259]   --->   Operation 583 'extractvalue' 'curr_fullImage_546' <Predicate = true> <Delay = 0.00> <CoreInst = "FIFO_SRL">   --->   Core 80 'FIFO_SRL' <Latency = 0> <II = 1> <Delay = 1.83> <Storage> <Opcode : 'read' 'write' 'nbread' 'nbwrite'> <Ports = 0> <Width = 32> <Depth = 2> <FIFO>
ST_4 : Operation 584 [1/1] (0.00ns)   --->   "%curr_fullImage_547 = extractvalue i61536 %call_ret1" [../image_analysis.cpp:259]   --->   Operation 584 'extractvalue' 'curr_fullImage_547' <Predicate = true> <Delay = 0.00> <CoreInst = "FIFO_SRL">   --->   Core 80 'FIFO_SRL' <Latency = 0> <II = 1> <Delay = 1.83> <Storage> <Opcode : 'read' 'write' 'nbread' 'nbwrite'> <Ports = 0> <Width = 32> <Depth = 2> <FIFO>
ST_4 : Operation 585 [1/1] (0.00ns)   --->   "%curr_fullImage_548 = extractvalue i61536 %call_ret1" [../image_analysis.cpp:259]   --->   Operation 585 'extractvalue' 'curr_fullImage_548' <Predicate = true> <Delay = 0.00> <CoreInst = "FIFO_SRL">   --->   Core 80 'FIFO_SRL' <Latency = 0> <II = 1> <Delay = 1.83> <Storage> <Opcode : 'read' 'write' 'nbread' 'nbwrite'> <Ports = 0> <Width = 32> <Depth = 2> <FIFO>
ST_4 : Operation 586 [1/1] (0.00ns)   --->   "%curr_fullImage_549 = extractvalue i61536 %call_ret1" [../image_analysis.cpp:259]   --->   Operation 586 'extractvalue' 'curr_fullImage_549' <Predicate = true> <Delay = 0.00> <CoreInst = "FIFO_SRL">   --->   Core 80 'FIFO_SRL' <Latency = 0> <II = 1> <Delay = 1.83> <Storage> <Opcode : 'read' 'write' 'nbread' 'nbwrite'> <Ports = 0> <Width = 32> <Depth = 2> <FIFO>
ST_4 : Operation 587 [1/1] (0.00ns)   --->   "%curr_fullImage_550 = extractvalue i61536 %call_ret1" [../image_analysis.cpp:259]   --->   Operation 587 'extractvalue' 'curr_fullImage_550' <Predicate = true> <Delay = 0.00> <CoreInst = "FIFO_SRL">   --->   Core 80 'FIFO_SRL' <Latency = 0> <II = 1> <Delay = 1.83> <Storage> <Opcode : 'read' 'write' 'nbread' 'nbwrite'> <Ports = 0> <Width = 32> <Depth = 2> <FIFO>
ST_4 : Operation 588 [1/1] (0.00ns)   --->   "%curr_fullImage_551 = extractvalue i61536 %call_ret1" [../image_analysis.cpp:259]   --->   Operation 588 'extractvalue' 'curr_fullImage_551' <Predicate = true> <Delay = 0.00> <CoreInst = "FIFO_SRL">   --->   Core 80 'FIFO_SRL' <Latency = 0> <II = 1> <Delay = 1.83> <Storage> <Opcode : 'read' 'write' 'nbread' 'nbwrite'> <Ports = 0> <Width = 32> <Depth = 2> <FIFO>
ST_4 : Operation 589 [1/1] (0.00ns)   --->   "%curr_fullImage_552 = extractvalue i61536 %call_ret1" [../image_analysis.cpp:259]   --->   Operation 589 'extractvalue' 'curr_fullImage_552' <Predicate = true> <Delay = 0.00> <CoreInst = "FIFO_SRL">   --->   Core 80 'FIFO_SRL' <Latency = 0> <II = 1> <Delay = 1.83> <Storage> <Opcode : 'read' 'write' 'nbread' 'nbwrite'> <Ports = 0> <Width = 32> <Depth = 2> <FIFO>
ST_4 : Operation 590 [1/1] (0.00ns)   --->   "%curr_fullImage_553 = extractvalue i61536 %call_ret1" [../image_analysis.cpp:259]   --->   Operation 590 'extractvalue' 'curr_fullImage_553' <Predicate = true> <Delay = 0.00> <CoreInst = "FIFO_SRL">   --->   Core 80 'FIFO_SRL' <Latency = 0> <II = 1> <Delay = 1.83> <Storage> <Opcode : 'read' 'write' 'nbread' 'nbwrite'> <Ports = 0> <Width = 32> <Depth = 2> <FIFO>
ST_4 : Operation 591 [1/1] (0.00ns)   --->   "%curr_fullImage_554 = extractvalue i61536 %call_ret1" [../image_analysis.cpp:259]   --->   Operation 591 'extractvalue' 'curr_fullImage_554' <Predicate = true> <Delay = 0.00> <CoreInst = "FIFO_SRL">   --->   Core 80 'FIFO_SRL' <Latency = 0> <II = 1> <Delay = 1.83> <Storage> <Opcode : 'read' 'write' 'nbread' 'nbwrite'> <Ports = 0> <Width = 32> <Depth = 2> <FIFO>
ST_4 : Operation 592 [1/1] (0.00ns)   --->   "%curr_fullImage_555 = extractvalue i61536 %call_ret1" [../image_analysis.cpp:259]   --->   Operation 592 'extractvalue' 'curr_fullImage_555' <Predicate = true> <Delay = 0.00> <CoreInst = "FIFO_SRL">   --->   Core 80 'FIFO_SRL' <Latency = 0> <II = 1> <Delay = 1.83> <Storage> <Opcode : 'read' 'write' 'nbread' 'nbwrite'> <Ports = 0> <Width = 32> <Depth = 2> <FIFO>
ST_4 : Operation 593 [1/1] (0.00ns)   --->   "%curr_fullImage_556 = extractvalue i61536 %call_ret1" [../image_analysis.cpp:259]   --->   Operation 593 'extractvalue' 'curr_fullImage_556' <Predicate = true> <Delay = 0.00> <CoreInst = "FIFO_SRL">   --->   Core 80 'FIFO_SRL' <Latency = 0> <II = 1> <Delay = 1.83> <Storage> <Opcode : 'read' 'write' 'nbread' 'nbwrite'> <Ports = 0> <Width = 32> <Depth = 2> <FIFO>
ST_4 : Operation 594 [1/1] (0.00ns)   --->   "%curr_fullImage_557 = extractvalue i61536 %call_ret1" [../image_analysis.cpp:259]   --->   Operation 594 'extractvalue' 'curr_fullImage_557' <Predicate = true> <Delay = 0.00> <CoreInst = "FIFO_SRL">   --->   Core 80 'FIFO_SRL' <Latency = 0> <II = 1> <Delay = 1.83> <Storage> <Opcode : 'read' 'write' 'nbread' 'nbwrite'> <Ports = 0> <Width = 32> <Depth = 2> <FIFO>
ST_4 : Operation 595 [1/1] (0.00ns)   --->   "%curr_fullImage_558 = extractvalue i61536 %call_ret1" [../image_analysis.cpp:259]   --->   Operation 595 'extractvalue' 'curr_fullImage_558' <Predicate = true> <Delay = 0.00> <CoreInst = "FIFO_SRL">   --->   Core 80 'FIFO_SRL' <Latency = 0> <II = 1> <Delay = 1.83> <Storage> <Opcode : 'read' 'write' 'nbread' 'nbwrite'> <Ports = 0> <Width = 32> <Depth = 2> <FIFO>
ST_4 : Operation 596 [1/1] (0.00ns)   --->   "%curr_fullImage_559 = extractvalue i61536 %call_ret1" [../image_analysis.cpp:259]   --->   Operation 596 'extractvalue' 'curr_fullImage_559' <Predicate = true> <Delay = 0.00> <CoreInst = "FIFO_SRL">   --->   Core 80 'FIFO_SRL' <Latency = 0> <II = 1> <Delay = 1.83> <Storage> <Opcode : 'read' 'write' 'nbread' 'nbwrite'> <Ports = 0> <Width = 32> <Depth = 2> <FIFO>
ST_4 : Operation 597 [1/1] (0.00ns)   --->   "%curr_fullImage_560 = extractvalue i61536 %call_ret1" [../image_analysis.cpp:259]   --->   Operation 597 'extractvalue' 'curr_fullImage_560' <Predicate = true> <Delay = 0.00> <CoreInst = "FIFO_SRL">   --->   Core 80 'FIFO_SRL' <Latency = 0> <II = 1> <Delay = 1.83> <Storage> <Opcode : 'read' 'write' 'nbread' 'nbwrite'> <Ports = 0> <Width = 32> <Depth = 2> <FIFO>
ST_4 : Operation 598 [1/1] (0.00ns)   --->   "%curr_fullImage_561 = extractvalue i61536 %call_ret1" [../image_analysis.cpp:259]   --->   Operation 598 'extractvalue' 'curr_fullImage_561' <Predicate = true> <Delay = 0.00> <CoreInst = "FIFO_SRL">   --->   Core 80 'FIFO_SRL' <Latency = 0> <II = 1> <Delay = 1.83> <Storage> <Opcode : 'read' 'write' 'nbread' 'nbwrite'> <Ports = 0> <Width = 32> <Depth = 2> <FIFO>
ST_4 : Operation 599 [1/1] (0.00ns)   --->   "%curr_fullImage_562 = extractvalue i61536 %call_ret1" [../image_analysis.cpp:259]   --->   Operation 599 'extractvalue' 'curr_fullImage_562' <Predicate = true> <Delay = 0.00> <CoreInst = "FIFO_SRL">   --->   Core 80 'FIFO_SRL' <Latency = 0> <II = 1> <Delay = 1.83> <Storage> <Opcode : 'read' 'write' 'nbread' 'nbwrite'> <Ports = 0> <Width = 32> <Depth = 2> <FIFO>
ST_4 : Operation 600 [1/1] (0.00ns)   --->   "%curr_fullImage_563 = extractvalue i61536 %call_ret1" [../image_analysis.cpp:259]   --->   Operation 600 'extractvalue' 'curr_fullImage_563' <Predicate = true> <Delay = 0.00> <CoreInst = "FIFO_SRL">   --->   Core 80 'FIFO_SRL' <Latency = 0> <II = 1> <Delay = 1.83> <Storage> <Opcode : 'read' 'write' 'nbread' 'nbwrite'> <Ports = 0> <Width = 32> <Depth = 2> <FIFO>
ST_4 : Operation 601 [1/1] (0.00ns)   --->   "%curr_fullImage_564 = extractvalue i61536 %call_ret1" [../image_analysis.cpp:259]   --->   Operation 601 'extractvalue' 'curr_fullImage_564' <Predicate = true> <Delay = 0.00> <CoreInst = "FIFO_SRL">   --->   Core 80 'FIFO_SRL' <Latency = 0> <II = 1> <Delay = 1.83> <Storage> <Opcode : 'read' 'write' 'nbread' 'nbwrite'> <Ports = 0> <Width = 32> <Depth = 2> <FIFO>
ST_4 : Operation 602 [1/1] (0.00ns)   --->   "%curr_fullImage_565 = extractvalue i61536 %call_ret1" [../image_analysis.cpp:259]   --->   Operation 602 'extractvalue' 'curr_fullImage_565' <Predicate = true> <Delay = 0.00> <CoreInst = "FIFO_SRL">   --->   Core 80 'FIFO_SRL' <Latency = 0> <II = 1> <Delay = 1.83> <Storage> <Opcode : 'read' 'write' 'nbread' 'nbwrite'> <Ports = 0> <Width = 32> <Depth = 2> <FIFO>
ST_4 : Operation 603 [1/1] (0.00ns)   --->   "%curr_fullImage_566 = extractvalue i61536 %call_ret1" [../image_analysis.cpp:259]   --->   Operation 603 'extractvalue' 'curr_fullImage_566' <Predicate = true> <Delay = 0.00> <CoreInst = "FIFO_SRL">   --->   Core 80 'FIFO_SRL' <Latency = 0> <II = 1> <Delay = 1.83> <Storage> <Opcode : 'read' 'write' 'nbread' 'nbwrite'> <Ports = 0> <Width = 32> <Depth = 2> <FIFO>
ST_4 : Operation 604 [1/1] (0.00ns)   --->   "%curr_fullImage_567 = extractvalue i61536 %call_ret1" [../image_analysis.cpp:259]   --->   Operation 604 'extractvalue' 'curr_fullImage_567' <Predicate = true> <Delay = 0.00> <CoreInst = "FIFO_SRL">   --->   Core 80 'FIFO_SRL' <Latency = 0> <II = 1> <Delay = 1.83> <Storage> <Opcode : 'read' 'write' 'nbread' 'nbwrite'> <Ports = 0> <Width = 32> <Depth = 2> <FIFO>
ST_4 : Operation 605 [1/1] (0.00ns)   --->   "%curr_fullImage_568 = extractvalue i61536 %call_ret1" [../image_analysis.cpp:259]   --->   Operation 605 'extractvalue' 'curr_fullImage_568' <Predicate = true> <Delay = 0.00> <CoreInst = "FIFO_SRL">   --->   Core 80 'FIFO_SRL' <Latency = 0> <II = 1> <Delay = 1.83> <Storage> <Opcode : 'read' 'write' 'nbread' 'nbwrite'> <Ports = 0> <Width = 32> <Depth = 2> <FIFO>
ST_4 : Operation 606 [1/1] (0.00ns)   --->   "%curr_fullImage_569 = extractvalue i61536 %call_ret1" [../image_analysis.cpp:259]   --->   Operation 606 'extractvalue' 'curr_fullImage_569' <Predicate = true> <Delay = 0.00> <CoreInst = "FIFO_SRL">   --->   Core 80 'FIFO_SRL' <Latency = 0> <II = 1> <Delay = 1.83> <Storage> <Opcode : 'read' 'write' 'nbread' 'nbwrite'> <Ports = 0> <Width = 32> <Depth = 2> <FIFO>
ST_4 : Operation 607 [1/1] (0.00ns)   --->   "%curr_fullImage_570 = extractvalue i61536 %call_ret1" [../image_analysis.cpp:259]   --->   Operation 607 'extractvalue' 'curr_fullImage_570' <Predicate = true> <Delay = 0.00> <CoreInst = "FIFO_SRL">   --->   Core 80 'FIFO_SRL' <Latency = 0> <II = 1> <Delay = 1.83> <Storage> <Opcode : 'read' 'write' 'nbread' 'nbwrite'> <Ports = 0> <Width = 32> <Depth = 2> <FIFO>
ST_4 : Operation 608 [1/1] (0.00ns)   --->   "%curr_fullImage_571 = extractvalue i61536 %call_ret1" [../image_analysis.cpp:259]   --->   Operation 608 'extractvalue' 'curr_fullImage_571' <Predicate = true> <Delay = 0.00> <CoreInst = "FIFO_SRL">   --->   Core 80 'FIFO_SRL' <Latency = 0> <II = 1> <Delay = 1.83> <Storage> <Opcode : 'read' 'write' 'nbread' 'nbwrite'> <Ports = 0> <Width = 32> <Depth = 2> <FIFO>
ST_4 : Operation 609 [1/1] (0.00ns)   --->   "%curr_fullImage_572 = extractvalue i61536 %call_ret1" [../image_analysis.cpp:259]   --->   Operation 609 'extractvalue' 'curr_fullImage_572' <Predicate = true> <Delay = 0.00> <CoreInst = "FIFO_SRL">   --->   Core 80 'FIFO_SRL' <Latency = 0> <II = 1> <Delay = 1.83> <Storage> <Opcode : 'read' 'write' 'nbread' 'nbwrite'> <Ports = 0> <Width = 32> <Depth = 2> <FIFO>
ST_4 : Operation 610 [1/1] (0.00ns)   --->   "%curr_fullImage_573 = extractvalue i61536 %call_ret1" [../image_analysis.cpp:259]   --->   Operation 610 'extractvalue' 'curr_fullImage_573' <Predicate = true> <Delay = 0.00> <CoreInst = "FIFO_SRL">   --->   Core 80 'FIFO_SRL' <Latency = 0> <II = 1> <Delay = 1.83> <Storage> <Opcode : 'read' 'write' 'nbread' 'nbwrite'> <Ports = 0> <Width = 32> <Depth = 2> <FIFO>
ST_4 : Operation 611 [1/1] (0.00ns)   --->   "%curr_fullImage_574 = extractvalue i61536 %call_ret1" [../image_analysis.cpp:259]   --->   Operation 611 'extractvalue' 'curr_fullImage_574' <Predicate = true> <Delay = 0.00> <CoreInst = "FIFO_SRL">   --->   Core 80 'FIFO_SRL' <Latency = 0> <II = 1> <Delay = 1.83> <Storage> <Opcode : 'read' 'write' 'nbread' 'nbwrite'> <Ports = 0> <Width = 32> <Depth = 2> <FIFO>
ST_4 : Operation 612 [1/1] (0.00ns)   --->   "%curr_fullImage_575 = extractvalue i61536 %call_ret1" [../image_analysis.cpp:259]   --->   Operation 612 'extractvalue' 'curr_fullImage_575' <Predicate = true> <Delay = 0.00> <CoreInst = "FIFO_SRL">   --->   Core 80 'FIFO_SRL' <Latency = 0> <II = 1> <Delay = 1.83> <Storage> <Opcode : 'read' 'write' 'nbread' 'nbwrite'> <Ports = 0> <Width = 32> <Depth = 2> <FIFO>
ST_4 : Operation 613 [1/1] (0.00ns)   --->   "%curr_fullImage_576 = extractvalue i61536 %call_ret1" [../image_analysis.cpp:259]   --->   Operation 613 'extractvalue' 'curr_fullImage_576' <Predicate = true> <Delay = 0.00> <CoreInst = "FIFO_SRL">   --->   Core 80 'FIFO_SRL' <Latency = 0> <II = 1> <Delay = 1.83> <Storage> <Opcode : 'read' 'write' 'nbread' 'nbwrite'> <Ports = 0> <Width = 32> <Depth = 2> <FIFO>
ST_4 : Operation 614 [1/1] (0.00ns)   --->   "%curr_fullImage_577 = extractvalue i61536 %call_ret1" [../image_analysis.cpp:259]   --->   Operation 614 'extractvalue' 'curr_fullImage_577' <Predicate = true> <Delay = 0.00> <CoreInst = "FIFO_SRL">   --->   Core 80 'FIFO_SRL' <Latency = 0> <II = 1> <Delay = 1.83> <Storage> <Opcode : 'read' 'write' 'nbread' 'nbwrite'> <Ports = 0> <Width = 32> <Depth = 2> <FIFO>
ST_4 : Operation 615 [1/1] (0.00ns)   --->   "%curr_fullImage_578 = extractvalue i61536 %call_ret1" [../image_analysis.cpp:259]   --->   Operation 615 'extractvalue' 'curr_fullImage_578' <Predicate = true> <Delay = 0.00> <CoreInst = "FIFO_SRL">   --->   Core 80 'FIFO_SRL' <Latency = 0> <II = 1> <Delay = 1.83> <Storage> <Opcode : 'read' 'write' 'nbread' 'nbwrite'> <Ports = 0> <Width = 32> <Depth = 2> <FIFO>
ST_4 : Operation 616 [1/1] (0.00ns)   --->   "%curr_fullImage_579 = extractvalue i61536 %call_ret1" [../image_analysis.cpp:259]   --->   Operation 616 'extractvalue' 'curr_fullImage_579' <Predicate = true> <Delay = 0.00> <CoreInst = "FIFO_SRL">   --->   Core 80 'FIFO_SRL' <Latency = 0> <II = 1> <Delay = 1.83> <Storage> <Opcode : 'read' 'write' 'nbread' 'nbwrite'> <Ports = 0> <Width = 32> <Depth = 2> <FIFO>
ST_4 : Operation 617 [1/1] (0.00ns)   --->   "%curr_fullImage_580 = extractvalue i61536 %call_ret1" [../image_analysis.cpp:259]   --->   Operation 617 'extractvalue' 'curr_fullImage_580' <Predicate = true> <Delay = 0.00> <CoreInst = "FIFO_SRL">   --->   Core 80 'FIFO_SRL' <Latency = 0> <II = 1> <Delay = 1.83> <Storage> <Opcode : 'read' 'write' 'nbread' 'nbwrite'> <Ports = 0> <Width = 32> <Depth = 2> <FIFO>
ST_4 : Operation 618 [1/1] (0.00ns)   --->   "%curr_fullImage_581 = extractvalue i61536 %call_ret1" [../image_analysis.cpp:259]   --->   Operation 618 'extractvalue' 'curr_fullImage_581' <Predicate = true> <Delay = 0.00> <CoreInst = "FIFO_SRL">   --->   Core 80 'FIFO_SRL' <Latency = 0> <II = 1> <Delay = 1.83> <Storage> <Opcode : 'read' 'write' 'nbread' 'nbwrite'> <Ports = 0> <Width = 32> <Depth = 2> <FIFO>
ST_4 : Operation 619 [1/1] (0.00ns)   --->   "%curr_fullImage_582 = extractvalue i61536 %call_ret1" [../image_analysis.cpp:259]   --->   Operation 619 'extractvalue' 'curr_fullImage_582' <Predicate = true> <Delay = 0.00> <CoreInst = "FIFO_SRL">   --->   Core 80 'FIFO_SRL' <Latency = 0> <II = 1> <Delay = 1.83> <Storage> <Opcode : 'read' 'write' 'nbread' 'nbwrite'> <Ports = 0> <Width = 32> <Depth = 2> <FIFO>
ST_4 : Operation 620 [1/1] (0.00ns)   --->   "%curr_fullImage_583 = extractvalue i61536 %call_ret1" [../image_analysis.cpp:259]   --->   Operation 620 'extractvalue' 'curr_fullImage_583' <Predicate = true> <Delay = 0.00> <CoreInst = "FIFO_SRL">   --->   Core 80 'FIFO_SRL' <Latency = 0> <II = 1> <Delay = 1.83> <Storage> <Opcode : 'read' 'write' 'nbread' 'nbwrite'> <Ports = 0> <Width = 32> <Depth = 2> <FIFO>
ST_4 : Operation 621 [1/1] (0.00ns)   --->   "%curr_fullImage_584 = extractvalue i61536 %call_ret1" [../image_analysis.cpp:259]   --->   Operation 621 'extractvalue' 'curr_fullImage_584' <Predicate = true> <Delay = 0.00> <CoreInst = "FIFO_SRL">   --->   Core 80 'FIFO_SRL' <Latency = 0> <II = 1> <Delay = 1.83> <Storage> <Opcode : 'read' 'write' 'nbread' 'nbwrite'> <Ports = 0> <Width = 32> <Depth = 2> <FIFO>
ST_4 : Operation 622 [1/1] (0.00ns)   --->   "%curr_fullImage_585 = extractvalue i61536 %call_ret1" [../image_analysis.cpp:259]   --->   Operation 622 'extractvalue' 'curr_fullImage_585' <Predicate = true> <Delay = 0.00> <CoreInst = "FIFO_SRL">   --->   Core 80 'FIFO_SRL' <Latency = 0> <II = 1> <Delay = 1.83> <Storage> <Opcode : 'read' 'write' 'nbread' 'nbwrite'> <Ports = 0> <Width = 32> <Depth = 2> <FIFO>
ST_4 : Operation 623 [1/1] (0.00ns)   --->   "%curr_fullImage_586 = extractvalue i61536 %call_ret1" [../image_analysis.cpp:259]   --->   Operation 623 'extractvalue' 'curr_fullImage_586' <Predicate = true> <Delay = 0.00> <CoreInst = "FIFO_SRL">   --->   Core 80 'FIFO_SRL' <Latency = 0> <II = 1> <Delay = 1.83> <Storage> <Opcode : 'read' 'write' 'nbread' 'nbwrite'> <Ports = 0> <Width = 32> <Depth = 2> <FIFO>
ST_4 : Operation 624 [1/1] (0.00ns)   --->   "%curr_fullImage_587 = extractvalue i61536 %call_ret1" [../image_analysis.cpp:259]   --->   Operation 624 'extractvalue' 'curr_fullImage_587' <Predicate = true> <Delay = 0.00> <CoreInst = "FIFO_SRL">   --->   Core 80 'FIFO_SRL' <Latency = 0> <II = 1> <Delay = 1.83> <Storage> <Opcode : 'read' 'write' 'nbread' 'nbwrite'> <Ports = 0> <Width = 32> <Depth = 2> <FIFO>
ST_4 : Operation 625 [1/1] (0.00ns)   --->   "%curr_fullImage_588 = extractvalue i61536 %call_ret1" [../image_analysis.cpp:259]   --->   Operation 625 'extractvalue' 'curr_fullImage_588' <Predicate = true> <Delay = 0.00> <CoreInst = "FIFO_SRL">   --->   Core 80 'FIFO_SRL' <Latency = 0> <II = 1> <Delay = 1.83> <Storage> <Opcode : 'read' 'write' 'nbread' 'nbwrite'> <Ports = 0> <Width = 32> <Depth = 2> <FIFO>
ST_4 : Operation 626 [1/1] (0.00ns)   --->   "%curr_fullImage_589 = extractvalue i61536 %call_ret1" [../image_analysis.cpp:259]   --->   Operation 626 'extractvalue' 'curr_fullImage_589' <Predicate = true> <Delay = 0.00> <CoreInst = "FIFO_SRL">   --->   Core 80 'FIFO_SRL' <Latency = 0> <II = 1> <Delay = 1.83> <Storage> <Opcode : 'read' 'write' 'nbread' 'nbwrite'> <Ports = 0> <Width = 32> <Depth = 2> <FIFO>
ST_4 : Operation 627 [1/1] (0.00ns)   --->   "%curr_fullImage_590 = extractvalue i61536 %call_ret1" [../image_analysis.cpp:259]   --->   Operation 627 'extractvalue' 'curr_fullImage_590' <Predicate = true> <Delay = 0.00> <CoreInst = "FIFO_SRL">   --->   Core 80 'FIFO_SRL' <Latency = 0> <II = 1> <Delay = 1.83> <Storage> <Opcode : 'read' 'write' 'nbread' 'nbwrite'> <Ports = 0> <Width = 32> <Depth = 2> <FIFO>
ST_4 : Operation 628 [1/1] (0.00ns)   --->   "%curr_fullImage_591 = extractvalue i61536 %call_ret1" [../image_analysis.cpp:259]   --->   Operation 628 'extractvalue' 'curr_fullImage_591' <Predicate = true> <Delay = 0.00> <CoreInst = "FIFO_SRL">   --->   Core 80 'FIFO_SRL' <Latency = 0> <II = 1> <Delay = 1.83> <Storage> <Opcode : 'read' 'write' 'nbread' 'nbwrite'> <Ports = 0> <Width = 32> <Depth = 2> <FIFO>
ST_4 : Operation 629 [1/1] (0.00ns)   --->   "%curr_fullImage_592 = extractvalue i61536 %call_ret1" [../image_analysis.cpp:259]   --->   Operation 629 'extractvalue' 'curr_fullImage_592' <Predicate = true> <Delay = 0.00> <CoreInst = "FIFO_SRL">   --->   Core 80 'FIFO_SRL' <Latency = 0> <II = 1> <Delay = 1.83> <Storage> <Opcode : 'read' 'write' 'nbread' 'nbwrite'> <Ports = 0> <Width = 32> <Depth = 2> <FIFO>
ST_4 : Operation 630 [1/1] (0.00ns)   --->   "%curr_fullImage_593 = extractvalue i61536 %call_ret1" [../image_analysis.cpp:259]   --->   Operation 630 'extractvalue' 'curr_fullImage_593' <Predicate = true> <Delay = 0.00> <CoreInst = "FIFO_SRL">   --->   Core 80 'FIFO_SRL' <Latency = 0> <II = 1> <Delay = 1.83> <Storage> <Opcode : 'read' 'write' 'nbread' 'nbwrite'> <Ports = 0> <Width = 32> <Depth = 2> <FIFO>
ST_4 : Operation 631 [1/1] (0.00ns)   --->   "%curr_fullImage_594 = extractvalue i61536 %call_ret1" [../image_analysis.cpp:259]   --->   Operation 631 'extractvalue' 'curr_fullImage_594' <Predicate = true> <Delay = 0.00> <CoreInst = "FIFO_SRL">   --->   Core 80 'FIFO_SRL' <Latency = 0> <II = 1> <Delay = 1.83> <Storage> <Opcode : 'read' 'write' 'nbread' 'nbwrite'> <Ports = 0> <Width = 32> <Depth = 2> <FIFO>
ST_4 : Operation 632 [1/1] (0.00ns)   --->   "%curr_fullImage_595 = extractvalue i61536 %call_ret1" [../image_analysis.cpp:259]   --->   Operation 632 'extractvalue' 'curr_fullImage_595' <Predicate = true> <Delay = 0.00> <CoreInst = "FIFO_SRL">   --->   Core 80 'FIFO_SRL' <Latency = 0> <II = 1> <Delay = 1.83> <Storage> <Opcode : 'read' 'write' 'nbread' 'nbwrite'> <Ports = 0> <Width = 32> <Depth = 2> <FIFO>
ST_4 : Operation 633 [1/1] (0.00ns)   --->   "%curr_fullImage_596 = extractvalue i61536 %call_ret1" [../image_analysis.cpp:259]   --->   Operation 633 'extractvalue' 'curr_fullImage_596' <Predicate = true> <Delay = 0.00> <CoreInst = "FIFO_SRL">   --->   Core 80 'FIFO_SRL' <Latency = 0> <II = 1> <Delay = 1.83> <Storage> <Opcode : 'read' 'write' 'nbread' 'nbwrite'> <Ports = 0> <Width = 32> <Depth = 2> <FIFO>
ST_4 : Operation 634 [1/1] (0.00ns)   --->   "%curr_fullImage_597 = extractvalue i61536 %call_ret1" [../image_analysis.cpp:259]   --->   Operation 634 'extractvalue' 'curr_fullImage_597' <Predicate = true> <Delay = 0.00> <CoreInst = "FIFO_SRL">   --->   Core 80 'FIFO_SRL' <Latency = 0> <II = 1> <Delay = 1.83> <Storage> <Opcode : 'read' 'write' 'nbread' 'nbwrite'> <Ports = 0> <Width = 32> <Depth = 2> <FIFO>
ST_4 : Operation 635 [1/1] (0.00ns)   --->   "%curr_fullImage_598 = extractvalue i61536 %call_ret1" [../image_analysis.cpp:259]   --->   Operation 635 'extractvalue' 'curr_fullImage_598' <Predicate = true> <Delay = 0.00> <CoreInst = "FIFO_SRL">   --->   Core 80 'FIFO_SRL' <Latency = 0> <II = 1> <Delay = 1.83> <Storage> <Opcode : 'read' 'write' 'nbread' 'nbwrite'> <Ports = 0> <Width = 32> <Depth = 2> <FIFO>
ST_4 : Operation 636 [1/1] (0.00ns)   --->   "%curr_fullImage_599 = extractvalue i61536 %call_ret1" [../image_analysis.cpp:259]   --->   Operation 636 'extractvalue' 'curr_fullImage_599' <Predicate = true> <Delay = 0.00> <CoreInst = "FIFO_SRL">   --->   Core 80 'FIFO_SRL' <Latency = 0> <II = 1> <Delay = 1.83> <Storage> <Opcode : 'read' 'write' 'nbread' 'nbwrite'> <Ports = 0> <Width = 32> <Depth = 2> <FIFO>
ST_4 : Operation 637 [1/1] (0.00ns)   --->   "%curr_fullImage_600 = extractvalue i61536 %call_ret1" [../image_analysis.cpp:259]   --->   Operation 637 'extractvalue' 'curr_fullImage_600' <Predicate = true> <Delay = 0.00> <CoreInst = "FIFO_SRL">   --->   Core 80 'FIFO_SRL' <Latency = 0> <II = 1> <Delay = 1.83> <Storage> <Opcode : 'read' 'write' 'nbread' 'nbwrite'> <Ports = 0> <Width = 32> <Depth = 2> <FIFO>
ST_4 : Operation 638 [1/1] (0.00ns)   --->   "%curr_fullImage_601 = extractvalue i61536 %call_ret1" [../image_analysis.cpp:259]   --->   Operation 638 'extractvalue' 'curr_fullImage_601' <Predicate = true> <Delay = 0.00> <CoreInst = "FIFO_SRL">   --->   Core 80 'FIFO_SRL' <Latency = 0> <II = 1> <Delay = 1.83> <Storage> <Opcode : 'read' 'write' 'nbread' 'nbwrite'> <Ports = 0> <Width = 32> <Depth = 2> <FIFO>
ST_4 : Operation 639 [1/1] (0.00ns)   --->   "%curr_fullImage_602 = extractvalue i61536 %call_ret1" [../image_analysis.cpp:259]   --->   Operation 639 'extractvalue' 'curr_fullImage_602' <Predicate = true> <Delay = 0.00> <CoreInst = "FIFO_SRL">   --->   Core 80 'FIFO_SRL' <Latency = 0> <II = 1> <Delay = 1.83> <Storage> <Opcode : 'read' 'write' 'nbread' 'nbwrite'> <Ports = 0> <Width = 32> <Depth = 2> <FIFO>
ST_4 : Operation 640 [1/1] (0.00ns)   --->   "%curr_fullImage_603 = extractvalue i61536 %call_ret1" [../image_analysis.cpp:259]   --->   Operation 640 'extractvalue' 'curr_fullImage_603' <Predicate = true> <Delay = 0.00> <CoreInst = "FIFO_SRL">   --->   Core 80 'FIFO_SRL' <Latency = 0> <II = 1> <Delay = 1.83> <Storage> <Opcode : 'read' 'write' 'nbread' 'nbwrite'> <Ports = 0> <Width = 32> <Depth = 2> <FIFO>
ST_4 : Operation 641 [1/1] (0.00ns)   --->   "%curr_fullImage_604 = extractvalue i61536 %call_ret1" [../image_analysis.cpp:259]   --->   Operation 641 'extractvalue' 'curr_fullImage_604' <Predicate = true> <Delay = 0.00> <CoreInst = "FIFO_SRL">   --->   Core 80 'FIFO_SRL' <Latency = 0> <II = 1> <Delay = 1.83> <Storage> <Opcode : 'read' 'write' 'nbread' 'nbwrite'> <Ports = 0> <Width = 32> <Depth = 2> <FIFO>
ST_4 : Operation 642 [1/1] (0.00ns)   --->   "%curr_fullImage_605 = extractvalue i61536 %call_ret1" [../image_analysis.cpp:259]   --->   Operation 642 'extractvalue' 'curr_fullImage_605' <Predicate = true> <Delay = 0.00> <CoreInst = "FIFO_SRL">   --->   Core 80 'FIFO_SRL' <Latency = 0> <II = 1> <Delay = 1.83> <Storage> <Opcode : 'read' 'write' 'nbread' 'nbwrite'> <Ports = 0> <Width = 32> <Depth = 2> <FIFO>
ST_4 : Operation 643 [1/1] (0.00ns)   --->   "%curr_fullImage_606 = extractvalue i61536 %call_ret1" [../image_analysis.cpp:259]   --->   Operation 643 'extractvalue' 'curr_fullImage_606' <Predicate = true> <Delay = 0.00> <CoreInst = "FIFO_SRL">   --->   Core 80 'FIFO_SRL' <Latency = 0> <II = 1> <Delay = 1.83> <Storage> <Opcode : 'read' 'write' 'nbread' 'nbwrite'> <Ports = 0> <Width = 32> <Depth = 2> <FIFO>
ST_4 : Operation 644 [1/1] (0.00ns)   --->   "%curr_fullImage_607 = extractvalue i61536 %call_ret1" [../image_analysis.cpp:259]   --->   Operation 644 'extractvalue' 'curr_fullImage_607' <Predicate = true> <Delay = 0.00> <CoreInst = "FIFO_SRL">   --->   Core 80 'FIFO_SRL' <Latency = 0> <II = 1> <Delay = 1.83> <Storage> <Opcode : 'read' 'write' 'nbread' 'nbwrite'> <Ports = 0> <Width = 32> <Depth = 2> <FIFO>
ST_4 : Operation 645 [1/1] (0.00ns)   --->   "%curr_fullImage_608 = extractvalue i61536 %call_ret1" [../image_analysis.cpp:259]   --->   Operation 645 'extractvalue' 'curr_fullImage_608' <Predicate = true> <Delay = 0.00> <CoreInst = "FIFO_SRL">   --->   Core 80 'FIFO_SRL' <Latency = 0> <II = 1> <Delay = 1.83> <Storage> <Opcode : 'read' 'write' 'nbread' 'nbwrite'> <Ports = 0> <Width = 32> <Depth = 2> <FIFO>
ST_4 : Operation 646 [1/1] (0.00ns)   --->   "%curr_fullImage_609 = extractvalue i61536 %call_ret1" [../image_analysis.cpp:259]   --->   Operation 646 'extractvalue' 'curr_fullImage_609' <Predicate = true> <Delay = 0.00> <CoreInst = "FIFO_SRL">   --->   Core 80 'FIFO_SRL' <Latency = 0> <II = 1> <Delay = 1.83> <Storage> <Opcode : 'read' 'write' 'nbread' 'nbwrite'> <Ports = 0> <Width = 32> <Depth = 2> <FIFO>
ST_4 : Operation 647 [1/1] (0.00ns)   --->   "%curr_fullImage_610 = extractvalue i61536 %call_ret1" [../image_analysis.cpp:259]   --->   Operation 647 'extractvalue' 'curr_fullImage_610' <Predicate = true> <Delay = 0.00> <CoreInst = "FIFO_SRL">   --->   Core 80 'FIFO_SRL' <Latency = 0> <II = 1> <Delay = 1.83> <Storage> <Opcode : 'read' 'write' 'nbread' 'nbwrite'> <Ports = 0> <Width = 32> <Depth = 2> <FIFO>
ST_4 : Operation 648 [1/1] (0.00ns)   --->   "%curr_fullImage_611 = extractvalue i61536 %call_ret1" [../image_analysis.cpp:259]   --->   Operation 648 'extractvalue' 'curr_fullImage_611' <Predicate = true> <Delay = 0.00> <CoreInst = "FIFO_SRL">   --->   Core 80 'FIFO_SRL' <Latency = 0> <II = 1> <Delay = 1.83> <Storage> <Opcode : 'read' 'write' 'nbread' 'nbwrite'> <Ports = 0> <Width = 32> <Depth = 2> <FIFO>
ST_4 : Operation 649 [1/1] (0.00ns)   --->   "%curr_fullImage_612 = extractvalue i61536 %call_ret1" [../image_analysis.cpp:259]   --->   Operation 649 'extractvalue' 'curr_fullImage_612' <Predicate = true> <Delay = 0.00> <CoreInst = "FIFO_SRL">   --->   Core 80 'FIFO_SRL' <Latency = 0> <II = 1> <Delay = 1.83> <Storage> <Opcode : 'read' 'write' 'nbread' 'nbwrite'> <Ports = 0> <Width = 32> <Depth = 2> <FIFO>
ST_4 : Operation 650 [1/1] (0.00ns)   --->   "%curr_fullImage_613 = extractvalue i61536 %call_ret1" [../image_analysis.cpp:259]   --->   Operation 650 'extractvalue' 'curr_fullImage_613' <Predicate = true> <Delay = 0.00> <CoreInst = "FIFO_SRL">   --->   Core 80 'FIFO_SRL' <Latency = 0> <II = 1> <Delay = 1.83> <Storage> <Opcode : 'read' 'write' 'nbread' 'nbwrite'> <Ports = 0> <Width = 32> <Depth = 2> <FIFO>
ST_4 : Operation 651 [1/1] (0.00ns)   --->   "%curr_fullImage_614 = extractvalue i61536 %call_ret1" [../image_analysis.cpp:259]   --->   Operation 651 'extractvalue' 'curr_fullImage_614' <Predicate = true> <Delay = 0.00> <CoreInst = "FIFO_SRL">   --->   Core 80 'FIFO_SRL' <Latency = 0> <II = 1> <Delay = 1.83> <Storage> <Opcode : 'read' 'write' 'nbread' 'nbwrite'> <Ports = 0> <Width = 32> <Depth = 2> <FIFO>
ST_4 : Operation 652 [1/1] (0.00ns)   --->   "%curr_fullImage_615 = extractvalue i61536 %call_ret1" [../image_analysis.cpp:259]   --->   Operation 652 'extractvalue' 'curr_fullImage_615' <Predicate = true> <Delay = 0.00> <CoreInst = "FIFO_SRL">   --->   Core 80 'FIFO_SRL' <Latency = 0> <II = 1> <Delay = 1.83> <Storage> <Opcode : 'read' 'write' 'nbread' 'nbwrite'> <Ports = 0> <Width = 32> <Depth = 2> <FIFO>
ST_4 : Operation 653 [1/1] (0.00ns)   --->   "%curr_fullImage_616 = extractvalue i61536 %call_ret1" [../image_analysis.cpp:259]   --->   Operation 653 'extractvalue' 'curr_fullImage_616' <Predicate = true> <Delay = 0.00> <CoreInst = "FIFO_SRL">   --->   Core 80 'FIFO_SRL' <Latency = 0> <II = 1> <Delay = 1.83> <Storage> <Opcode : 'read' 'write' 'nbread' 'nbwrite'> <Ports = 0> <Width = 32> <Depth = 2> <FIFO>
ST_4 : Operation 654 [1/1] (0.00ns)   --->   "%curr_fullImage_617 = extractvalue i61536 %call_ret1" [../image_analysis.cpp:259]   --->   Operation 654 'extractvalue' 'curr_fullImage_617' <Predicate = true> <Delay = 0.00> <CoreInst = "FIFO_SRL">   --->   Core 80 'FIFO_SRL' <Latency = 0> <II = 1> <Delay = 1.83> <Storage> <Opcode : 'read' 'write' 'nbread' 'nbwrite'> <Ports = 0> <Width = 32> <Depth = 2> <FIFO>
ST_4 : Operation 655 [1/1] (0.00ns)   --->   "%curr_fullImage_618 = extractvalue i61536 %call_ret1" [../image_analysis.cpp:259]   --->   Operation 655 'extractvalue' 'curr_fullImage_618' <Predicate = true> <Delay = 0.00> <CoreInst = "FIFO_SRL">   --->   Core 80 'FIFO_SRL' <Latency = 0> <II = 1> <Delay = 1.83> <Storage> <Opcode : 'read' 'write' 'nbread' 'nbwrite'> <Ports = 0> <Width = 32> <Depth = 2> <FIFO>
ST_4 : Operation 656 [1/1] (0.00ns)   --->   "%curr_fullImage_619 = extractvalue i61536 %call_ret1" [../image_analysis.cpp:259]   --->   Operation 656 'extractvalue' 'curr_fullImage_619' <Predicate = true> <Delay = 0.00> <CoreInst = "FIFO_SRL">   --->   Core 80 'FIFO_SRL' <Latency = 0> <II = 1> <Delay = 1.83> <Storage> <Opcode : 'read' 'write' 'nbread' 'nbwrite'> <Ports = 0> <Width = 32> <Depth = 2> <FIFO>
ST_4 : Operation 657 [1/1] (0.00ns)   --->   "%curr_fullImage_620 = extractvalue i61536 %call_ret1" [../image_analysis.cpp:259]   --->   Operation 657 'extractvalue' 'curr_fullImage_620' <Predicate = true> <Delay = 0.00> <CoreInst = "FIFO_SRL">   --->   Core 80 'FIFO_SRL' <Latency = 0> <II = 1> <Delay = 1.83> <Storage> <Opcode : 'read' 'write' 'nbread' 'nbwrite'> <Ports = 0> <Width = 32> <Depth = 2> <FIFO>
ST_4 : Operation 658 [1/1] (0.00ns)   --->   "%curr_fullImage_621 = extractvalue i61536 %call_ret1" [../image_analysis.cpp:259]   --->   Operation 658 'extractvalue' 'curr_fullImage_621' <Predicate = true> <Delay = 0.00> <CoreInst = "FIFO_SRL">   --->   Core 80 'FIFO_SRL' <Latency = 0> <II = 1> <Delay = 1.83> <Storage> <Opcode : 'read' 'write' 'nbread' 'nbwrite'> <Ports = 0> <Width = 32> <Depth = 2> <FIFO>
ST_4 : Operation 659 [1/1] (0.00ns)   --->   "%curr_fullImage_622 = extractvalue i61536 %call_ret1" [../image_analysis.cpp:259]   --->   Operation 659 'extractvalue' 'curr_fullImage_622' <Predicate = true> <Delay = 0.00> <CoreInst = "FIFO_SRL">   --->   Core 80 'FIFO_SRL' <Latency = 0> <II = 1> <Delay = 1.83> <Storage> <Opcode : 'read' 'write' 'nbread' 'nbwrite'> <Ports = 0> <Width = 32> <Depth = 2> <FIFO>
ST_4 : Operation 660 [1/1] (0.00ns)   --->   "%curr_fullImage_623 = extractvalue i61536 %call_ret1" [../image_analysis.cpp:259]   --->   Operation 660 'extractvalue' 'curr_fullImage_623' <Predicate = true> <Delay = 0.00> <CoreInst = "FIFO_SRL">   --->   Core 80 'FIFO_SRL' <Latency = 0> <II = 1> <Delay = 1.83> <Storage> <Opcode : 'read' 'write' 'nbread' 'nbwrite'> <Ports = 0> <Width = 32> <Depth = 2> <FIFO>
ST_4 : Operation 661 [1/1] (0.00ns)   --->   "%curr_fullImage_624 = extractvalue i61536 %call_ret1" [../image_analysis.cpp:259]   --->   Operation 661 'extractvalue' 'curr_fullImage_624' <Predicate = true> <Delay = 0.00> <CoreInst = "FIFO_SRL">   --->   Core 80 'FIFO_SRL' <Latency = 0> <II = 1> <Delay = 1.83> <Storage> <Opcode : 'read' 'write' 'nbread' 'nbwrite'> <Ports = 0> <Width = 32> <Depth = 2> <FIFO>
ST_4 : Operation 662 [1/1] (0.00ns)   --->   "%curr_fullImage_625 = extractvalue i61536 %call_ret1" [../image_analysis.cpp:259]   --->   Operation 662 'extractvalue' 'curr_fullImage_625' <Predicate = true> <Delay = 0.00> <CoreInst = "FIFO_SRL">   --->   Core 80 'FIFO_SRL' <Latency = 0> <II = 1> <Delay = 1.83> <Storage> <Opcode : 'read' 'write' 'nbread' 'nbwrite'> <Ports = 0> <Width = 32> <Depth = 2> <FIFO>
ST_4 : Operation 663 [1/1] (0.00ns)   --->   "%curr_fullImage_626 = extractvalue i61536 %call_ret1" [../image_analysis.cpp:259]   --->   Operation 663 'extractvalue' 'curr_fullImage_626' <Predicate = true> <Delay = 0.00> <CoreInst = "FIFO_SRL">   --->   Core 80 'FIFO_SRL' <Latency = 0> <II = 1> <Delay = 1.83> <Storage> <Opcode : 'read' 'write' 'nbread' 'nbwrite'> <Ports = 0> <Width = 32> <Depth = 2> <FIFO>
ST_4 : Operation 664 [1/1] (0.00ns)   --->   "%curr_fullImage_627 = extractvalue i61536 %call_ret1" [../image_analysis.cpp:259]   --->   Operation 664 'extractvalue' 'curr_fullImage_627' <Predicate = true> <Delay = 0.00> <CoreInst = "FIFO_SRL">   --->   Core 80 'FIFO_SRL' <Latency = 0> <II = 1> <Delay = 1.83> <Storage> <Opcode : 'read' 'write' 'nbread' 'nbwrite'> <Ports = 0> <Width = 32> <Depth = 2> <FIFO>
ST_4 : Operation 665 [1/1] (0.00ns)   --->   "%curr_fullImage_628 = extractvalue i61536 %call_ret1" [../image_analysis.cpp:259]   --->   Operation 665 'extractvalue' 'curr_fullImage_628' <Predicate = true> <Delay = 0.00> <CoreInst = "FIFO_SRL">   --->   Core 80 'FIFO_SRL' <Latency = 0> <II = 1> <Delay = 1.83> <Storage> <Opcode : 'read' 'write' 'nbread' 'nbwrite'> <Ports = 0> <Width = 32> <Depth = 2> <FIFO>
ST_4 : Operation 666 [1/1] (0.00ns)   --->   "%curr_fullImage_629 = extractvalue i61536 %call_ret1" [../image_analysis.cpp:259]   --->   Operation 666 'extractvalue' 'curr_fullImage_629' <Predicate = true> <Delay = 0.00> <CoreInst = "FIFO_SRL">   --->   Core 80 'FIFO_SRL' <Latency = 0> <II = 1> <Delay = 1.83> <Storage> <Opcode : 'read' 'write' 'nbread' 'nbwrite'> <Ports = 0> <Width = 32> <Depth = 2> <FIFO>
ST_4 : Operation 667 [1/1] (0.00ns)   --->   "%curr_fullImage_630 = extractvalue i61536 %call_ret1" [../image_analysis.cpp:259]   --->   Operation 667 'extractvalue' 'curr_fullImage_630' <Predicate = true> <Delay = 0.00> <CoreInst = "FIFO_SRL">   --->   Core 80 'FIFO_SRL' <Latency = 0> <II = 1> <Delay = 1.83> <Storage> <Opcode : 'read' 'write' 'nbread' 'nbwrite'> <Ports = 0> <Width = 32> <Depth = 2> <FIFO>
ST_4 : Operation 668 [1/1] (0.00ns)   --->   "%curr_fullImage_631 = extractvalue i61536 %call_ret1" [../image_analysis.cpp:259]   --->   Operation 668 'extractvalue' 'curr_fullImage_631' <Predicate = true> <Delay = 0.00> <CoreInst = "FIFO_SRL">   --->   Core 80 'FIFO_SRL' <Latency = 0> <II = 1> <Delay = 1.83> <Storage> <Opcode : 'read' 'write' 'nbread' 'nbwrite'> <Ports = 0> <Width = 32> <Depth = 2> <FIFO>
ST_4 : Operation 669 [1/1] (0.00ns)   --->   "%curr_fullImage_632 = extractvalue i61536 %call_ret1" [../image_analysis.cpp:259]   --->   Operation 669 'extractvalue' 'curr_fullImage_632' <Predicate = true> <Delay = 0.00> <CoreInst = "FIFO_SRL">   --->   Core 80 'FIFO_SRL' <Latency = 0> <II = 1> <Delay = 1.83> <Storage> <Opcode : 'read' 'write' 'nbread' 'nbwrite'> <Ports = 0> <Width = 32> <Depth = 2> <FIFO>
ST_4 : Operation 670 [1/1] (0.00ns)   --->   "%curr_fullImage_633 = extractvalue i61536 %call_ret1" [../image_analysis.cpp:259]   --->   Operation 670 'extractvalue' 'curr_fullImage_633' <Predicate = true> <Delay = 0.00> <CoreInst = "FIFO_SRL">   --->   Core 80 'FIFO_SRL' <Latency = 0> <II = 1> <Delay = 1.83> <Storage> <Opcode : 'read' 'write' 'nbread' 'nbwrite'> <Ports = 0> <Width = 32> <Depth = 2> <FIFO>
ST_4 : Operation 671 [1/1] (0.00ns)   --->   "%curr_fullImage_634 = extractvalue i61536 %call_ret1" [../image_analysis.cpp:259]   --->   Operation 671 'extractvalue' 'curr_fullImage_634' <Predicate = true> <Delay = 0.00> <CoreInst = "FIFO_SRL">   --->   Core 80 'FIFO_SRL' <Latency = 0> <II = 1> <Delay = 1.83> <Storage> <Opcode : 'read' 'write' 'nbread' 'nbwrite'> <Ports = 0> <Width = 32> <Depth = 2> <FIFO>
ST_4 : Operation 672 [1/1] (0.00ns)   --->   "%curr_fullImage_635 = extractvalue i61536 %call_ret1" [../image_analysis.cpp:259]   --->   Operation 672 'extractvalue' 'curr_fullImage_635' <Predicate = true> <Delay = 0.00> <CoreInst = "FIFO_SRL">   --->   Core 80 'FIFO_SRL' <Latency = 0> <II = 1> <Delay = 1.83> <Storage> <Opcode : 'read' 'write' 'nbread' 'nbwrite'> <Ports = 0> <Width = 32> <Depth = 2> <FIFO>
ST_4 : Operation 673 [1/1] (0.00ns)   --->   "%curr_fullImage_636 = extractvalue i61536 %call_ret1" [../image_analysis.cpp:259]   --->   Operation 673 'extractvalue' 'curr_fullImage_636' <Predicate = true> <Delay = 0.00> <CoreInst = "FIFO_SRL">   --->   Core 80 'FIFO_SRL' <Latency = 0> <II = 1> <Delay = 1.83> <Storage> <Opcode : 'read' 'write' 'nbread' 'nbwrite'> <Ports = 0> <Width = 32> <Depth = 2> <FIFO>
ST_4 : Operation 674 [1/1] (0.00ns)   --->   "%curr_fullImage_637 = extractvalue i61536 %call_ret1" [../image_analysis.cpp:259]   --->   Operation 674 'extractvalue' 'curr_fullImage_637' <Predicate = true> <Delay = 0.00> <CoreInst = "FIFO_SRL">   --->   Core 80 'FIFO_SRL' <Latency = 0> <II = 1> <Delay = 1.83> <Storage> <Opcode : 'read' 'write' 'nbread' 'nbwrite'> <Ports = 0> <Width = 32> <Depth = 2> <FIFO>
ST_4 : Operation 675 [1/1] (0.00ns)   --->   "%curr_fullImage_638 = extractvalue i61536 %call_ret1" [../image_analysis.cpp:259]   --->   Operation 675 'extractvalue' 'curr_fullImage_638' <Predicate = true> <Delay = 0.00> <CoreInst = "FIFO_SRL">   --->   Core 80 'FIFO_SRL' <Latency = 0> <II = 1> <Delay = 1.83> <Storage> <Opcode : 'read' 'write' 'nbread' 'nbwrite'> <Ports = 0> <Width = 32> <Depth = 2> <FIFO>
ST_4 : Operation 676 [1/1] (0.00ns)   --->   "%curr_fullImage_639 = extractvalue i61536 %call_ret1" [../image_analysis.cpp:259]   --->   Operation 676 'extractvalue' 'curr_fullImage_639' <Predicate = true> <Delay = 0.00> <CoreInst = "FIFO_SRL">   --->   Core 80 'FIFO_SRL' <Latency = 0> <II = 1> <Delay = 1.83> <Storage> <Opcode : 'read' 'write' 'nbread' 'nbwrite'> <Ports = 0> <Width = 32> <Depth = 2> <FIFO>
ST_4 : Operation 677 [1/1] (0.00ns)   --->   "%curr_fullImage_640 = extractvalue i61536 %call_ret1" [../image_analysis.cpp:259]   --->   Operation 677 'extractvalue' 'curr_fullImage_640' <Predicate = true> <Delay = 0.00> <CoreInst = "FIFO_SRL">   --->   Core 80 'FIFO_SRL' <Latency = 0> <II = 1> <Delay = 1.83> <Storage> <Opcode : 'read' 'write' 'nbread' 'nbwrite'> <Ports = 0> <Width = 32> <Depth = 2> <FIFO>
ST_4 : Operation 678 [1/1] (0.00ns)   --->   "%curr_fullImage_641 = extractvalue i61536 %call_ret1" [../image_analysis.cpp:259]   --->   Operation 678 'extractvalue' 'curr_fullImage_641' <Predicate = true> <Delay = 0.00> <CoreInst = "FIFO_SRL">   --->   Core 80 'FIFO_SRL' <Latency = 0> <II = 1> <Delay = 1.83> <Storage> <Opcode : 'read' 'write' 'nbread' 'nbwrite'> <Ports = 0> <Width = 32> <Depth = 2> <FIFO>
ST_4 : Operation 679 [1/1] (0.00ns)   --->   "%curr_fullImage_642 = extractvalue i61536 %call_ret1" [../image_analysis.cpp:259]   --->   Operation 679 'extractvalue' 'curr_fullImage_642' <Predicate = true> <Delay = 0.00> <CoreInst = "FIFO_SRL">   --->   Core 80 'FIFO_SRL' <Latency = 0> <II = 1> <Delay = 1.83> <Storage> <Opcode : 'read' 'write' 'nbread' 'nbwrite'> <Ports = 0> <Width = 32> <Depth = 2> <FIFO>
ST_4 : Operation 680 [1/1] (0.00ns)   --->   "%curr_fullImage_643 = extractvalue i61536 %call_ret1" [../image_analysis.cpp:259]   --->   Operation 680 'extractvalue' 'curr_fullImage_643' <Predicate = true> <Delay = 0.00> <CoreInst = "FIFO_SRL">   --->   Core 80 'FIFO_SRL' <Latency = 0> <II = 1> <Delay = 1.83> <Storage> <Opcode : 'read' 'write' 'nbread' 'nbwrite'> <Ports = 0> <Width = 32> <Depth = 2> <FIFO>
ST_4 : Operation 681 [1/1] (0.00ns)   --->   "%curr_fullImage_644 = extractvalue i61536 %call_ret1" [../image_analysis.cpp:259]   --->   Operation 681 'extractvalue' 'curr_fullImage_644' <Predicate = true> <Delay = 0.00> <CoreInst = "FIFO_SRL">   --->   Core 80 'FIFO_SRL' <Latency = 0> <II = 1> <Delay = 1.83> <Storage> <Opcode : 'read' 'write' 'nbread' 'nbwrite'> <Ports = 0> <Width = 32> <Depth = 2> <FIFO>
ST_4 : Operation 682 [1/1] (0.00ns)   --->   "%curr_fullImage_645 = extractvalue i61536 %call_ret1" [../image_analysis.cpp:259]   --->   Operation 682 'extractvalue' 'curr_fullImage_645' <Predicate = true> <Delay = 0.00> <CoreInst = "FIFO_SRL">   --->   Core 80 'FIFO_SRL' <Latency = 0> <II = 1> <Delay = 1.83> <Storage> <Opcode : 'read' 'write' 'nbread' 'nbwrite'> <Ports = 0> <Width = 32> <Depth = 2> <FIFO>
ST_4 : Operation 683 [1/1] (0.00ns)   --->   "%curr_fullImage_646 = extractvalue i61536 %call_ret1" [../image_analysis.cpp:259]   --->   Operation 683 'extractvalue' 'curr_fullImage_646' <Predicate = true> <Delay = 0.00> <CoreInst = "FIFO_SRL">   --->   Core 80 'FIFO_SRL' <Latency = 0> <II = 1> <Delay = 1.83> <Storage> <Opcode : 'read' 'write' 'nbread' 'nbwrite'> <Ports = 0> <Width = 32> <Depth = 2> <FIFO>
ST_4 : Operation 684 [1/1] (0.00ns)   --->   "%curr_fullImage_647 = extractvalue i61536 %call_ret1" [../image_analysis.cpp:259]   --->   Operation 684 'extractvalue' 'curr_fullImage_647' <Predicate = true> <Delay = 0.00> <CoreInst = "FIFO_SRL">   --->   Core 80 'FIFO_SRL' <Latency = 0> <II = 1> <Delay = 1.83> <Storage> <Opcode : 'read' 'write' 'nbread' 'nbwrite'> <Ports = 0> <Width = 32> <Depth = 2> <FIFO>
ST_4 : Operation 685 [1/1] (0.00ns)   --->   "%curr_fullImage_648 = extractvalue i61536 %call_ret1" [../image_analysis.cpp:259]   --->   Operation 685 'extractvalue' 'curr_fullImage_648' <Predicate = true> <Delay = 0.00> <CoreInst = "FIFO_SRL">   --->   Core 80 'FIFO_SRL' <Latency = 0> <II = 1> <Delay = 1.83> <Storage> <Opcode : 'read' 'write' 'nbread' 'nbwrite'> <Ports = 0> <Width = 32> <Depth = 2> <FIFO>
ST_4 : Operation 686 [1/1] (0.00ns)   --->   "%curr_fullImage_649 = extractvalue i61536 %call_ret1" [../image_analysis.cpp:259]   --->   Operation 686 'extractvalue' 'curr_fullImage_649' <Predicate = true> <Delay = 0.00> <CoreInst = "FIFO_SRL">   --->   Core 80 'FIFO_SRL' <Latency = 0> <II = 1> <Delay = 1.83> <Storage> <Opcode : 'read' 'write' 'nbread' 'nbwrite'> <Ports = 0> <Width = 32> <Depth = 2> <FIFO>
ST_4 : Operation 687 [1/1] (0.00ns)   --->   "%curr_fullImage_650 = extractvalue i61536 %call_ret1" [../image_analysis.cpp:259]   --->   Operation 687 'extractvalue' 'curr_fullImage_650' <Predicate = true> <Delay = 0.00> <CoreInst = "FIFO_SRL">   --->   Core 80 'FIFO_SRL' <Latency = 0> <II = 1> <Delay = 1.83> <Storage> <Opcode : 'read' 'write' 'nbread' 'nbwrite'> <Ports = 0> <Width = 32> <Depth = 2> <FIFO>
ST_4 : Operation 688 [1/1] (0.00ns)   --->   "%curr_fullImage_651 = extractvalue i61536 %call_ret1" [../image_analysis.cpp:259]   --->   Operation 688 'extractvalue' 'curr_fullImage_651' <Predicate = true> <Delay = 0.00> <CoreInst = "FIFO_SRL">   --->   Core 80 'FIFO_SRL' <Latency = 0> <II = 1> <Delay = 1.83> <Storage> <Opcode : 'read' 'write' 'nbread' 'nbwrite'> <Ports = 0> <Width = 32> <Depth = 2> <FIFO>
ST_4 : Operation 689 [1/1] (0.00ns)   --->   "%curr_fullImage_652 = extractvalue i61536 %call_ret1" [../image_analysis.cpp:259]   --->   Operation 689 'extractvalue' 'curr_fullImage_652' <Predicate = true> <Delay = 0.00> <CoreInst = "FIFO_SRL">   --->   Core 80 'FIFO_SRL' <Latency = 0> <II = 1> <Delay = 1.83> <Storage> <Opcode : 'read' 'write' 'nbread' 'nbwrite'> <Ports = 0> <Width = 32> <Depth = 2> <FIFO>
ST_4 : Operation 690 [1/1] (0.00ns)   --->   "%curr_fullImage_653 = extractvalue i61536 %call_ret1" [../image_analysis.cpp:259]   --->   Operation 690 'extractvalue' 'curr_fullImage_653' <Predicate = true> <Delay = 0.00> <CoreInst = "FIFO_SRL">   --->   Core 80 'FIFO_SRL' <Latency = 0> <II = 1> <Delay = 1.83> <Storage> <Opcode : 'read' 'write' 'nbread' 'nbwrite'> <Ports = 0> <Width = 32> <Depth = 2> <FIFO>
ST_4 : Operation 691 [1/1] (0.00ns)   --->   "%curr_fullImage_654 = extractvalue i61536 %call_ret1" [../image_analysis.cpp:259]   --->   Operation 691 'extractvalue' 'curr_fullImage_654' <Predicate = true> <Delay = 0.00> <CoreInst = "FIFO_SRL">   --->   Core 80 'FIFO_SRL' <Latency = 0> <II = 1> <Delay = 1.83> <Storage> <Opcode : 'read' 'write' 'nbread' 'nbwrite'> <Ports = 0> <Width = 32> <Depth = 2> <FIFO>
ST_4 : Operation 692 [1/1] (0.00ns)   --->   "%curr_fullImage_655 = extractvalue i61536 %call_ret1" [../image_analysis.cpp:259]   --->   Operation 692 'extractvalue' 'curr_fullImage_655' <Predicate = true> <Delay = 0.00> <CoreInst = "FIFO_SRL">   --->   Core 80 'FIFO_SRL' <Latency = 0> <II = 1> <Delay = 1.83> <Storage> <Opcode : 'read' 'write' 'nbread' 'nbwrite'> <Ports = 0> <Width = 32> <Depth = 2> <FIFO>
ST_4 : Operation 693 [1/1] (0.00ns)   --->   "%curr_fullImage_656 = extractvalue i61536 %call_ret1" [../image_analysis.cpp:259]   --->   Operation 693 'extractvalue' 'curr_fullImage_656' <Predicate = true> <Delay = 0.00> <CoreInst = "FIFO_SRL">   --->   Core 80 'FIFO_SRL' <Latency = 0> <II = 1> <Delay = 1.83> <Storage> <Opcode : 'read' 'write' 'nbread' 'nbwrite'> <Ports = 0> <Width = 32> <Depth = 2> <FIFO>
ST_4 : Operation 694 [1/1] (0.00ns)   --->   "%curr_fullImage_657 = extractvalue i61536 %call_ret1" [../image_analysis.cpp:259]   --->   Operation 694 'extractvalue' 'curr_fullImage_657' <Predicate = true> <Delay = 0.00> <CoreInst = "FIFO_SRL">   --->   Core 80 'FIFO_SRL' <Latency = 0> <II = 1> <Delay = 1.83> <Storage> <Opcode : 'read' 'write' 'nbread' 'nbwrite'> <Ports = 0> <Width = 32> <Depth = 2> <FIFO>
ST_4 : Operation 695 [1/1] (0.00ns)   --->   "%curr_fullImage_658 = extractvalue i61536 %call_ret1" [../image_analysis.cpp:259]   --->   Operation 695 'extractvalue' 'curr_fullImage_658' <Predicate = true> <Delay = 0.00> <CoreInst = "FIFO_SRL">   --->   Core 80 'FIFO_SRL' <Latency = 0> <II = 1> <Delay = 1.83> <Storage> <Opcode : 'read' 'write' 'nbread' 'nbwrite'> <Ports = 0> <Width = 32> <Depth = 2> <FIFO>
ST_4 : Operation 696 [1/1] (0.00ns)   --->   "%curr_fullImage_659 = extractvalue i61536 %call_ret1" [../image_analysis.cpp:259]   --->   Operation 696 'extractvalue' 'curr_fullImage_659' <Predicate = true> <Delay = 0.00> <CoreInst = "FIFO_SRL">   --->   Core 80 'FIFO_SRL' <Latency = 0> <II = 1> <Delay = 1.83> <Storage> <Opcode : 'read' 'write' 'nbread' 'nbwrite'> <Ports = 0> <Width = 32> <Depth = 2> <FIFO>
ST_4 : Operation 697 [1/1] (0.00ns)   --->   "%curr_fullImage_660 = extractvalue i61536 %call_ret1" [../image_analysis.cpp:259]   --->   Operation 697 'extractvalue' 'curr_fullImage_660' <Predicate = true> <Delay = 0.00> <CoreInst = "FIFO_SRL">   --->   Core 80 'FIFO_SRL' <Latency = 0> <II = 1> <Delay = 1.83> <Storage> <Opcode : 'read' 'write' 'nbread' 'nbwrite'> <Ports = 0> <Width = 32> <Depth = 2> <FIFO>
ST_4 : Operation 698 [1/1] (0.00ns)   --->   "%curr_fullImage_661 = extractvalue i61536 %call_ret1" [../image_analysis.cpp:259]   --->   Operation 698 'extractvalue' 'curr_fullImage_661' <Predicate = true> <Delay = 0.00> <CoreInst = "FIFO_SRL">   --->   Core 80 'FIFO_SRL' <Latency = 0> <II = 1> <Delay = 1.83> <Storage> <Opcode : 'read' 'write' 'nbread' 'nbwrite'> <Ports = 0> <Width = 32> <Depth = 2> <FIFO>
ST_4 : Operation 699 [1/1] (0.00ns)   --->   "%curr_fullImage_662 = extractvalue i61536 %call_ret1" [../image_analysis.cpp:259]   --->   Operation 699 'extractvalue' 'curr_fullImage_662' <Predicate = true> <Delay = 0.00> <CoreInst = "FIFO_SRL">   --->   Core 80 'FIFO_SRL' <Latency = 0> <II = 1> <Delay = 1.83> <Storage> <Opcode : 'read' 'write' 'nbread' 'nbwrite'> <Ports = 0> <Width = 32> <Depth = 2> <FIFO>
ST_4 : Operation 700 [1/1] (0.00ns)   --->   "%curr_fullImage_663 = extractvalue i61536 %call_ret1" [../image_analysis.cpp:259]   --->   Operation 700 'extractvalue' 'curr_fullImage_663' <Predicate = true> <Delay = 0.00> <CoreInst = "FIFO_SRL">   --->   Core 80 'FIFO_SRL' <Latency = 0> <II = 1> <Delay = 1.83> <Storage> <Opcode : 'read' 'write' 'nbread' 'nbwrite'> <Ports = 0> <Width = 32> <Depth = 2> <FIFO>
ST_4 : Operation 701 [1/1] (0.00ns)   --->   "%curr_fullImage_664 = extractvalue i61536 %call_ret1" [../image_analysis.cpp:259]   --->   Operation 701 'extractvalue' 'curr_fullImage_664' <Predicate = true> <Delay = 0.00> <CoreInst = "FIFO_SRL">   --->   Core 80 'FIFO_SRL' <Latency = 0> <II = 1> <Delay = 1.83> <Storage> <Opcode : 'read' 'write' 'nbread' 'nbwrite'> <Ports = 0> <Width = 32> <Depth = 2> <FIFO>
ST_4 : Operation 702 [1/1] (0.00ns)   --->   "%curr_fullImage_665 = extractvalue i61536 %call_ret1" [../image_analysis.cpp:259]   --->   Operation 702 'extractvalue' 'curr_fullImage_665' <Predicate = true> <Delay = 0.00> <CoreInst = "FIFO_SRL">   --->   Core 80 'FIFO_SRL' <Latency = 0> <II = 1> <Delay = 1.83> <Storage> <Opcode : 'read' 'write' 'nbread' 'nbwrite'> <Ports = 0> <Width = 32> <Depth = 2> <FIFO>
ST_4 : Operation 703 [1/1] (0.00ns)   --->   "%curr_fullImage_666 = extractvalue i61536 %call_ret1" [../image_analysis.cpp:259]   --->   Operation 703 'extractvalue' 'curr_fullImage_666' <Predicate = true> <Delay = 0.00> <CoreInst = "FIFO_SRL">   --->   Core 80 'FIFO_SRL' <Latency = 0> <II = 1> <Delay = 1.83> <Storage> <Opcode : 'read' 'write' 'nbread' 'nbwrite'> <Ports = 0> <Width = 32> <Depth = 2> <FIFO>
ST_4 : Operation 704 [1/1] (0.00ns)   --->   "%curr_fullImage_667 = extractvalue i61536 %call_ret1" [../image_analysis.cpp:259]   --->   Operation 704 'extractvalue' 'curr_fullImage_667' <Predicate = true> <Delay = 0.00> <CoreInst = "FIFO_SRL">   --->   Core 80 'FIFO_SRL' <Latency = 0> <II = 1> <Delay = 1.83> <Storage> <Opcode : 'read' 'write' 'nbread' 'nbwrite'> <Ports = 0> <Width = 32> <Depth = 2> <FIFO>
ST_4 : Operation 705 [1/1] (0.00ns)   --->   "%curr_fullImage_668 = extractvalue i61536 %call_ret1" [../image_analysis.cpp:259]   --->   Operation 705 'extractvalue' 'curr_fullImage_668' <Predicate = true> <Delay = 0.00> <CoreInst = "FIFO_SRL">   --->   Core 80 'FIFO_SRL' <Latency = 0> <II = 1> <Delay = 1.83> <Storage> <Opcode : 'read' 'write' 'nbread' 'nbwrite'> <Ports = 0> <Width = 32> <Depth = 2> <FIFO>
ST_4 : Operation 706 [1/1] (0.00ns)   --->   "%curr_fullImage_669 = extractvalue i61536 %call_ret1" [../image_analysis.cpp:259]   --->   Operation 706 'extractvalue' 'curr_fullImage_669' <Predicate = true> <Delay = 0.00> <CoreInst = "FIFO_SRL">   --->   Core 80 'FIFO_SRL' <Latency = 0> <II = 1> <Delay = 1.83> <Storage> <Opcode : 'read' 'write' 'nbread' 'nbwrite'> <Ports = 0> <Width = 32> <Depth = 2> <FIFO>
ST_4 : Operation 707 [1/1] (0.00ns)   --->   "%curr_fullImage_670 = extractvalue i61536 %call_ret1" [../image_analysis.cpp:259]   --->   Operation 707 'extractvalue' 'curr_fullImage_670' <Predicate = true> <Delay = 0.00> <CoreInst = "FIFO_SRL">   --->   Core 80 'FIFO_SRL' <Latency = 0> <II = 1> <Delay = 1.83> <Storage> <Opcode : 'read' 'write' 'nbread' 'nbwrite'> <Ports = 0> <Width = 32> <Depth = 2> <FIFO>
ST_4 : Operation 708 [1/1] (0.00ns)   --->   "%curr_fullImage_671 = extractvalue i61536 %call_ret1" [../image_analysis.cpp:259]   --->   Operation 708 'extractvalue' 'curr_fullImage_671' <Predicate = true> <Delay = 0.00> <CoreInst = "FIFO_SRL">   --->   Core 80 'FIFO_SRL' <Latency = 0> <II = 1> <Delay = 1.83> <Storage> <Opcode : 'read' 'write' 'nbread' 'nbwrite'> <Ports = 0> <Width = 32> <Depth = 2> <FIFO>
ST_4 : Operation 709 [1/1] (0.00ns)   --->   "%curr_fullImage_672 = extractvalue i61536 %call_ret1" [../image_analysis.cpp:259]   --->   Operation 709 'extractvalue' 'curr_fullImage_672' <Predicate = true> <Delay = 0.00> <CoreInst = "FIFO_SRL">   --->   Core 80 'FIFO_SRL' <Latency = 0> <II = 1> <Delay = 1.83> <Storage> <Opcode : 'read' 'write' 'nbread' 'nbwrite'> <Ports = 0> <Width = 32> <Depth = 2> <FIFO>
ST_4 : Operation 710 [1/1] (0.00ns)   --->   "%curr_fullImage_673 = extractvalue i61536 %call_ret1" [../image_analysis.cpp:259]   --->   Operation 710 'extractvalue' 'curr_fullImage_673' <Predicate = true> <Delay = 0.00> <CoreInst = "FIFO_SRL">   --->   Core 80 'FIFO_SRL' <Latency = 0> <II = 1> <Delay = 1.83> <Storage> <Opcode : 'read' 'write' 'nbread' 'nbwrite'> <Ports = 0> <Width = 32> <Depth = 2> <FIFO>
ST_4 : Operation 711 [1/1] (0.00ns)   --->   "%curr_fullImage_674 = extractvalue i61536 %call_ret1" [../image_analysis.cpp:259]   --->   Operation 711 'extractvalue' 'curr_fullImage_674' <Predicate = true> <Delay = 0.00> <CoreInst = "FIFO_SRL">   --->   Core 80 'FIFO_SRL' <Latency = 0> <II = 1> <Delay = 1.83> <Storage> <Opcode : 'read' 'write' 'nbread' 'nbwrite'> <Ports = 0> <Width = 32> <Depth = 2> <FIFO>
ST_4 : Operation 712 [1/1] (0.00ns)   --->   "%curr_fullImage_675 = extractvalue i61536 %call_ret1" [../image_analysis.cpp:259]   --->   Operation 712 'extractvalue' 'curr_fullImage_675' <Predicate = true> <Delay = 0.00> <CoreInst = "FIFO_SRL">   --->   Core 80 'FIFO_SRL' <Latency = 0> <II = 1> <Delay = 1.83> <Storage> <Opcode : 'read' 'write' 'nbread' 'nbwrite'> <Ports = 0> <Width = 32> <Depth = 2> <FIFO>
ST_4 : Operation 713 [1/1] (0.00ns)   --->   "%curr_fullImage_676 = extractvalue i61536 %call_ret1" [../image_analysis.cpp:259]   --->   Operation 713 'extractvalue' 'curr_fullImage_676' <Predicate = true> <Delay = 0.00> <CoreInst = "FIFO_SRL">   --->   Core 80 'FIFO_SRL' <Latency = 0> <II = 1> <Delay = 1.83> <Storage> <Opcode : 'read' 'write' 'nbread' 'nbwrite'> <Ports = 0> <Width = 32> <Depth = 2> <FIFO>
ST_4 : Operation 714 [1/1] (0.00ns)   --->   "%curr_fullImage_677 = extractvalue i61536 %call_ret1" [../image_analysis.cpp:259]   --->   Operation 714 'extractvalue' 'curr_fullImage_677' <Predicate = true> <Delay = 0.00> <CoreInst = "FIFO_SRL">   --->   Core 80 'FIFO_SRL' <Latency = 0> <II = 1> <Delay = 1.83> <Storage> <Opcode : 'read' 'write' 'nbread' 'nbwrite'> <Ports = 0> <Width = 32> <Depth = 2> <FIFO>
ST_4 : Operation 715 [1/1] (0.00ns)   --->   "%curr_fullImage_678 = extractvalue i61536 %call_ret1" [../image_analysis.cpp:259]   --->   Operation 715 'extractvalue' 'curr_fullImage_678' <Predicate = true> <Delay = 0.00> <CoreInst = "FIFO_SRL">   --->   Core 80 'FIFO_SRL' <Latency = 0> <II = 1> <Delay = 1.83> <Storage> <Opcode : 'read' 'write' 'nbread' 'nbwrite'> <Ports = 0> <Width = 32> <Depth = 2> <FIFO>
ST_4 : Operation 716 [1/1] (0.00ns)   --->   "%curr_fullImage_679 = extractvalue i61536 %call_ret1" [../image_analysis.cpp:259]   --->   Operation 716 'extractvalue' 'curr_fullImage_679' <Predicate = true> <Delay = 0.00> <CoreInst = "FIFO_SRL">   --->   Core 80 'FIFO_SRL' <Latency = 0> <II = 1> <Delay = 1.83> <Storage> <Opcode : 'read' 'write' 'nbread' 'nbwrite'> <Ports = 0> <Width = 32> <Depth = 2> <FIFO>
ST_4 : Operation 717 [1/1] (0.00ns)   --->   "%curr_fullImage_680 = extractvalue i61536 %call_ret1" [../image_analysis.cpp:259]   --->   Operation 717 'extractvalue' 'curr_fullImage_680' <Predicate = true> <Delay = 0.00> <CoreInst = "FIFO_SRL">   --->   Core 80 'FIFO_SRL' <Latency = 0> <II = 1> <Delay = 1.83> <Storage> <Opcode : 'read' 'write' 'nbread' 'nbwrite'> <Ports = 0> <Width = 32> <Depth = 2> <FIFO>
ST_4 : Operation 718 [1/1] (0.00ns)   --->   "%curr_fullImage_681 = extractvalue i61536 %call_ret1" [../image_analysis.cpp:259]   --->   Operation 718 'extractvalue' 'curr_fullImage_681' <Predicate = true> <Delay = 0.00> <CoreInst = "FIFO_SRL">   --->   Core 80 'FIFO_SRL' <Latency = 0> <II = 1> <Delay = 1.83> <Storage> <Opcode : 'read' 'write' 'nbread' 'nbwrite'> <Ports = 0> <Width = 32> <Depth = 2> <FIFO>
ST_4 : Operation 719 [1/1] (0.00ns)   --->   "%curr_fullImage_682 = extractvalue i61536 %call_ret1" [../image_analysis.cpp:259]   --->   Operation 719 'extractvalue' 'curr_fullImage_682' <Predicate = true> <Delay = 0.00> <CoreInst = "FIFO_SRL">   --->   Core 80 'FIFO_SRL' <Latency = 0> <II = 1> <Delay = 1.83> <Storage> <Opcode : 'read' 'write' 'nbread' 'nbwrite'> <Ports = 0> <Width = 32> <Depth = 2> <FIFO>
ST_4 : Operation 720 [1/1] (0.00ns)   --->   "%curr_fullImage_683 = extractvalue i61536 %call_ret1" [../image_analysis.cpp:259]   --->   Operation 720 'extractvalue' 'curr_fullImage_683' <Predicate = true> <Delay = 0.00> <CoreInst = "FIFO_SRL">   --->   Core 80 'FIFO_SRL' <Latency = 0> <II = 1> <Delay = 1.83> <Storage> <Opcode : 'read' 'write' 'nbread' 'nbwrite'> <Ports = 0> <Width = 32> <Depth = 2> <FIFO>
ST_4 : Operation 721 [1/1] (0.00ns)   --->   "%curr_fullImage_684 = extractvalue i61536 %call_ret1" [../image_analysis.cpp:259]   --->   Operation 721 'extractvalue' 'curr_fullImage_684' <Predicate = true> <Delay = 0.00> <CoreInst = "FIFO_SRL">   --->   Core 80 'FIFO_SRL' <Latency = 0> <II = 1> <Delay = 1.83> <Storage> <Opcode : 'read' 'write' 'nbread' 'nbwrite'> <Ports = 0> <Width = 32> <Depth = 2> <FIFO>
ST_4 : Operation 722 [1/1] (0.00ns)   --->   "%curr_fullImage_685 = extractvalue i61536 %call_ret1" [../image_analysis.cpp:259]   --->   Operation 722 'extractvalue' 'curr_fullImage_685' <Predicate = true> <Delay = 0.00> <CoreInst = "FIFO_SRL">   --->   Core 80 'FIFO_SRL' <Latency = 0> <II = 1> <Delay = 1.83> <Storage> <Opcode : 'read' 'write' 'nbread' 'nbwrite'> <Ports = 0> <Width = 32> <Depth = 2> <FIFO>
ST_4 : Operation 723 [1/1] (0.00ns)   --->   "%curr_fullImage_686 = extractvalue i61536 %call_ret1" [../image_analysis.cpp:259]   --->   Operation 723 'extractvalue' 'curr_fullImage_686' <Predicate = true> <Delay = 0.00> <CoreInst = "FIFO_SRL">   --->   Core 80 'FIFO_SRL' <Latency = 0> <II = 1> <Delay = 1.83> <Storage> <Opcode : 'read' 'write' 'nbread' 'nbwrite'> <Ports = 0> <Width = 32> <Depth = 2> <FIFO>
ST_4 : Operation 724 [1/1] (0.00ns)   --->   "%curr_fullImage_687 = extractvalue i61536 %call_ret1" [../image_analysis.cpp:259]   --->   Operation 724 'extractvalue' 'curr_fullImage_687' <Predicate = true> <Delay = 0.00> <CoreInst = "FIFO_SRL">   --->   Core 80 'FIFO_SRL' <Latency = 0> <II = 1> <Delay = 1.83> <Storage> <Opcode : 'read' 'write' 'nbread' 'nbwrite'> <Ports = 0> <Width = 32> <Depth = 2> <FIFO>
ST_4 : Operation 725 [1/1] (0.00ns)   --->   "%curr_fullImage_688 = extractvalue i61536 %call_ret1" [../image_analysis.cpp:259]   --->   Operation 725 'extractvalue' 'curr_fullImage_688' <Predicate = true> <Delay = 0.00> <CoreInst = "FIFO_SRL">   --->   Core 80 'FIFO_SRL' <Latency = 0> <II = 1> <Delay = 1.83> <Storage> <Opcode : 'read' 'write' 'nbread' 'nbwrite'> <Ports = 0> <Width = 32> <Depth = 2> <FIFO>
ST_4 : Operation 726 [1/1] (0.00ns)   --->   "%curr_fullImage_689 = extractvalue i61536 %call_ret1" [../image_analysis.cpp:259]   --->   Operation 726 'extractvalue' 'curr_fullImage_689' <Predicate = true> <Delay = 0.00> <CoreInst = "FIFO_SRL">   --->   Core 80 'FIFO_SRL' <Latency = 0> <II = 1> <Delay = 1.83> <Storage> <Opcode : 'read' 'write' 'nbread' 'nbwrite'> <Ports = 0> <Width = 32> <Depth = 2> <FIFO>
ST_4 : Operation 727 [1/1] (0.00ns)   --->   "%curr_fullImage_690 = extractvalue i61536 %call_ret1" [../image_analysis.cpp:259]   --->   Operation 727 'extractvalue' 'curr_fullImage_690' <Predicate = true> <Delay = 0.00> <CoreInst = "FIFO_SRL">   --->   Core 80 'FIFO_SRL' <Latency = 0> <II = 1> <Delay = 1.83> <Storage> <Opcode : 'read' 'write' 'nbread' 'nbwrite'> <Ports = 0> <Width = 32> <Depth = 2> <FIFO>
ST_4 : Operation 728 [1/1] (0.00ns)   --->   "%curr_fullImage_691 = extractvalue i61536 %call_ret1" [../image_analysis.cpp:259]   --->   Operation 728 'extractvalue' 'curr_fullImage_691' <Predicate = true> <Delay = 0.00> <CoreInst = "FIFO_SRL">   --->   Core 80 'FIFO_SRL' <Latency = 0> <II = 1> <Delay = 1.83> <Storage> <Opcode : 'read' 'write' 'nbread' 'nbwrite'> <Ports = 0> <Width = 32> <Depth = 2> <FIFO>
ST_4 : Operation 729 [1/1] (0.00ns)   --->   "%curr_fullImage_692 = extractvalue i61536 %call_ret1" [../image_analysis.cpp:259]   --->   Operation 729 'extractvalue' 'curr_fullImage_692' <Predicate = true> <Delay = 0.00> <CoreInst = "FIFO_SRL">   --->   Core 80 'FIFO_SRL' <Latency = 0> <II = 1> <Delay = 1.83> <Storage> <Opcode : 'read' 'write' 'nbread' 'nbwrite'> <Ports = 0> <Width = 32> <Depth = 2> <FIFO>
ST_4 : Operation 730 [1/1] (0.00ns)   --->   "%curr_fullImage_693 = extractvalue i61536 %call_ret1" [../image_analysis.cpp:259]   --->   Operation 730 'extractvalue' 'curr_fullImage_693' <Predicate = true> <Delay = 0.00> <CoreInst = "FIFO_SRL">   --->   Core 80 'FIFO_SRL' <Latency = 0> <II = 1> <Delay = 1.83> <Storage> <Opcode : 'read' 'write' 'nbread' 'nbwrite'> <Ports = 0> <Width = 32> <Depth = 2> <FIFO>
ST_4 : Operation 731 [1/1] (0.00ns)   --->   "%curr_fullImage_694 = extractvalue i61536 %call_ret1" [../image_analysis.cpp:259]   --->   Operation 731 'extractvalue' 'curr_fullImage_694' <Predicate = true> <Delay = 0.00> <CoreInst = "FIFO_SRL">   --->   Core 80 'FIFO_SRL' <Latency = 0> <II = 1> <Delay = 1.83> <Storage> <Opcode : 'read' 'write' 'nbread' 'nbwrite'> <Ports = 0> <Width = 32> <Depth = 2> <FIFO>
ST_4 : Operation 732 [1/1] (0.00ns)   --->   "%curr_fullImage_695 = extractvalue i61536 %call_ret1" [../image_analysis.cpp:259]   --->   Operation 732 'extractvalue' 'curr_fullImage_695' <Predicate = true> <Delay = 0.00> <CoreInst = "FIFO_SRL">   --->   Core 80 'FIFO_SRL' <Latency = 0> <II = 1> <Delay = 1.83> <Storage> <Opcode : 'read' 'write' 'nbread' 'nbwrite'> <Ports = 0> <Width = 32> <Depth = 2> <FIFO>
ST_4 : Operation 733 [1/1] (0.00ns)   --->   "%curr_fullImage_696 = extractvalue i61536 %call_ret1" [../image_analysis.cpp:259]   --->   Operation 733 'extractvalue' 'curr_fullImage_696' <Predicate = true> <Delay = 0.00> <CoreInst = "FIFO_SRL">   --->   Core 80 'FIFO_SRL' <Latency = 0> <II = 1> <Delay = 1.83> <Storage> <Opcode : 'read' 'write' 'nbread' 'nbwrite'> <Ports = 0> <Width = 32> <Depth = 2> <FIFO>
ST_4 : Operation 734 [1/1] (0.00ns)   --->   "%curr_fullImage_697 = extractvalue i61536 %call_ret1" [../image_analysis.cpp:259]   --->   Operation 734 'extractvalue' 'curr_fullImage_697' <Predicate = true> <Delay = 0.00> <CoreInst = "FIFO_SRL">   --->   Core 80 'FIFO_SRL' <Latency = 0> <II = 1> <Delay = 1.83> <Storage> <Opcode : 'read' 'write' 'nbread' 'nbwrite'> <Ports = 0> <Width = 32> <Depth = 2> <FIFO>
ST_4 : Operation 735 [1/1] (0.00ns)   --->   "%curr_fullImage_698 = extractvalue i61536 %call_ret1" [../image_analysis.cpp:259]   --->   Operation 735 'extractvalue' 'curr_fullImage_698' <Predicate = true> <Delay = 0.00> <CoreInst = "FIFO_SRL">   --->   Core 80 'FIFO_SRL' <Latency = 0> <II = 1> <Delay = 1.83> <Storage> <Opcode : 'read' 'write' 'nbread' 'nbwrite'> <Ports = 0> <Width = 32> <Depth = 2> <FIFO>
ST_4 : Operation 736 [1/1] (0.00ns)   --->   "%curr_fullImage_699 = extractvalue i61536 %call_ret1" [../image_analysis.cpp:259]   --->   Operation 736 'extractvalue' 'curr_fullImage_699' <Predicate = true> <Delay = 0.00> <CoreInst = "FIFO_SRL">   --->   Core 80 'FIFO_SRL' <Latency = 0> <II = 1> <Delay = 1.83> <Storage> <Opcode : 'read' 'write' 'nbread' 'nbwrite'> <Ports = 0> <Width = 32> <Depth = 2> <FIFO>
ST_4 : Operation 737 [1/1] (0.00ns)   --->   "%curr_fullImage_700 = extractvalue i61536 %call_ret1" [../image_analysis.cpp:259]   --->   Operation 737 'extractvalue' 'curr_fullImage_700' <Predicate = true> <Delay = 0.00> <CoreInst = "FIFO_SRL">   --->   Core 80 'FIFO_SRL' <Latency = 0> <II = 1> <Delay = 1.83> <Storage> <Opcode : 'read' 'write' 'nbread' 'nbwrite'> <Ports = 0> <Width = 32> <Depth = 2> <FIFO>
ST_4 : Operation 738 [1/1] (0.00ns)   --->   "%curr_fullImage_701 = extractvalue i61536 %call_ret1" [../image_analysis.cpp:259]   --->   Operation 738 'extractvalue' 'curr_fullImage_701' <Predicate = true> <Delay = 0.00> <CoreInst = "FIFO_SRL">   --->   Core 80 'FIFO_SRL' <Latency = 0> <II = 1> <Delay = 1.83> <Storage> <Opcode : 'read' 'write' 'nbread' 'nbwrite'> <Ports = 0> <Width = 32> <Depth = 2> <FIFO>
ST_4 : Operation 739 [1/1] (0.00ns)   --->   "%curr_fullImage_702 = extractvalue i61536 %call_ret1" [../image_analysis.cpp:259]   --->   Operation 739 'extractvalue' 'curr_fullImage_702' <Predicate = true> <Delay = 0.00> <CoreInst = "FIFO_SRL">   --->   Core 80 'FIFO_SRL' <Latency = 0> <II = 1> <Delay = 1.83> <Storage> <Opcode : 'read' 'write' 'nbread' 'nbwrite'> <Ports = 0> <Width = 32> <Depth = 2> <FIFO>
ST_4 : Operation 740 [1/1] (0.00ns)   --->   "%curr_fullImage_703 = extractvalue i61536 %call_ret1" [../image_analysis.cpp:259]   --->   Operation 740 'extractvalue' 'curr_fullImage_703' <Predicate = true> <Delay = 0.00> <CoreInst = "FIFO_SRL">   --->   Core 80 'FIFO_SRL' <Latency = 0> <II = 1> <Delay = 1.83> <Storage> <Opcode : 'read' 'write' 'nbread' 'nbwrite'> <Ports = 0> <Width = 32> <Depth = 2> <FIFO>
ST_4 : Operation 741 [1/1] (0.00ns)   --->   "%curr_fullImage_704 = extractvalue i61536 %call_ret1" [../image_analysis.cpp:259]   --->   Operation 741 'extractvalue' 'curr_fullImage_704' <Predicate = true> <Delay = 0.00> <CoreInst = "FIFO_SRL">   --->   Core 80 'FIFO_SRL' <Latency = 0> <II = 1> <Delay = 1.83> <Storage> <Opcode : 'read' 'write' 'nbread' 'nbwrite'> <Ports = 0> <Width = 32> <Depth = 2> <FIFO>
ST_4 : Operation 742 [1/1] (0.00ns)   --->   "%curr_fullImage_705 = extractvalue i61536 %call_ret1" [../image_analysis.cpp:259]   --->   Operation 742 'extractvalue' 'curr_fullImage_705' <Predicate = true> <Delay = 0.00> <CoreInst = "FIFO_SRL">   --->   Core 80 'FIFO_SRL' <Latency = 0> <II = 1> <Delay = 1.83> <Storage> <Opcode : 'read' 'write' 'nbread' 'nbwrite'> <Ports = 0> <Width = 32> <Depth = 2> <FIFO>
ST_4 : Operation 743 [1/1] (0.00ns)   --->   "%curr_fullImage_706 = extractvalue i61536 %call_ret1" [../image_analysis.cpp:259]   --->   Operation 743 'extractvalue' 'curr_fullImage_706' <Predicate = true> <Delay = 0.00> <CoreInst = "FIFO_SRL">   --->   Core 80 'FIFO_SRL' <Latency = 0> <II = 1> <Delay = 1.83> <Storage> <Opcode : 'read' 'write' 'nbread' 'nbwrite'> <Ports = 0> <Width = 32> <Depth = 2> <FIFO>
ST_4 : Operation 744 [1/1] (0.00ns)   --->   "%curr_fullImage_707 = extractvalue i61536 %call_ret1" [../image_analysis.cpp:259]   --->   Operation 744 'extractvalue' 'curr_fullImage_707' <Predicate = true> <Delay = 0.00> <CoreInst = "FIFO_SRL">   --->   Core 80 'FIFO_SRL' <Latency = 0> <II = 1> <Delay = 1.83> <Storage> <Opcode : 'read' 'write' 'nbread' 'nbwrite'> <Ports = 0> <Width = 32> <Depth = 2> <FIFO>
ST_4 : Operation 745 [1/1] (0.00ns)   --->   "%curr_fullImage_708 = extractvalue i61536 %call_ret1" [../image_analysis.cpp:259]   --->   Operation 745 'extractvalue' 'curr_fullImage_708' <Predicate = true> <Delay = 0.00> <CoreInst = "FIFO_SRL">   --->   Core 80 'FIFO_SRL' <Latency = 0> <II = 1> <Delay = 1.83> <Storage> <Opcode : 'read' 'write' 'nbread' 'nbwrite'> <Ports = 0> <Width = 32> <Depth = 2> <FIFO>
ST_4 : Operation 746 [1/1] (0.00ns)   --->   "%curr_fullImage_709 = extractvalue i61536 %call_ret1" [../image_analysis.cpp:259]   --->   Operation 746 'extractvalue' 'curr_fullImage_709' <Predicate = true> <Delay = 0.00> <CoreInst = "FIFO_SRL">   --->   Core 80 'FIFO_SRL' <Latency = 0> <II = 1> <Delay = 1.83> <Storage> <Opcode : 'read' 'write' 'nbread' 'nbwrite'> <Ports = 0> <Width = 32> <Depth = 2> <FIFO>
ST_4 : Operation 747 [1/1] (0.00ns)   --->   "%curr_fullImage_710 = extractvalue i61536 %call_ret1" [../image_analysis.cpp:259]   --->   Operation 747 'extractvalue' 'curr_fullImage_710' <Predicate = true> <Delay = 0.00> <CoreInst = "FIFO_SRL">   --->   Core 80 'FIFO_SRL' <Latency = 0> <II = 1> <Delay = 1.83> <Storage> <Opcode : 'read' 'write' 'nbread' 'nbwrite'> <Ports = 0> <Width = 32> <Depth = 2> <FIFO>
ST_4 : Operation 748 [1/1] (0.00ns)   --->   "%curr_fullImage_711 = extractvalue i61536 %call_ret1" [../image_analysis.cpp:259]   --->   Operation 748 'extractvalue' 'curr_fullImage_711' <Predicate = true> <Delay = 0.00> <CoreInst = "FIFO_SRL">   --->   Core 80 'FIFO_SRL' <Latency = 0> <II = 1> <Delay = 1.83> <Storage> <Opcode : 'read' 'write' 'nbread' 'nbwrite'> <Ports = 0> <Width = 32> <Depth = 2> <FIFO>
ST_4 : Operation 749 [1/1] (0.00ns)   --->   "%curr_fullImage_712 = extractvalue i61536 %call_ret1" [../image_analysis.cpp:259]   --->   Operation 749 'extractvalue' 'curr_fullImage_712' <Predicate = true> <Delay = 0.00> <CoreInst = "FIFO_SRL">   --->   Core 80 'FIFO_SRL' <Latency = 0> <II = 1> <Delay = 1.83> <Storage> <Opcode : 'read' 'write' 'nbread' 'nbwrite'> <Ports = 0> <Width = 32> <Depth = 2> <FIFO>
ST_4 : Operation 750 [1/1] (0.00ns)   --->   "%curr_fullImage_713 = extractvalue i61536 %call_ret1" [../image_analysis.cpp:259]   --->   Operation 750 'extractvalue' 'curr_fullImage_713' <Predicate = true> <Delay = 0.00> <CoreInst = "FIFO_SRL">   --->   Core 80 'FIFO_SRL' <Latency = 0> <II = 1> <Delay = 1.83> <Storage> <Opcode : 'read' 'write' 'nbread' 'nbwrite'> <Ports = 0> <Width = 32> <Depth = 2> <FIFO>
ST_4 : Operation 751 [1/1] (0.00ns)   --->   "%curr_fullImage_714 = extractvalue i61536 %call_ret1" [../image_analysis.cpp:259]   --->   Operation 751 'extractvalue' 'curr_fullImage_714' <Predicate = true> <Delay = 0.00> <CoreInst = "FIFO_SRL">   --->   Core 80 'FIFO_SRL' <Latency = 0> <II = 1> <Delay = 1.83> <Storage> <Opcode : 'read' 'write' 'nbread' 'nbwrite'> <Ports = 0> <Width = 32> <Depth = 2> <FIFO>
ST_4 : Operation 752 [1/1] (0.00ns)   --->   "%curr_fullImage_715 = extractvalue i61536 %call_ret1" [../image_analysis.cpp:259]   --->   Operation 752 'extractvalue' 'curr_fullImage_715' <Predicate = true> <Delay = 0.00> <CoreInst = "FIFO_SRL">   --->   Core 80 'FIFO_SRL' <Latency = 0> <II = 1> <Delay = 1.83> <Storage> <Opcode : 'read' 'write' 'nbread' 'nbwrite'> <Ports = 0> <Width = 32> <Depth = 2> <FIFO>
ST_4 : Operation 753 [1/1] (0.00ns)   --->   "%curr_fullImage_716 = extractvalue i61536 %call_ret1" [../image_analysis.cpp:259]   --->   Operation 753 'extractvalue' 'curr_fullImage_716' <Predicate = true> <Delay = 0.00> <CoreInst = "FIFO_SRL">   --->   Core 80 'FIFO_SRL' <Latency = 0> <II = 1> <Delay = 1.83> <Storage> <Opcode : 'read' 'write' 'nbread' 'nbwrite'> <Ports = 0> <Width = 32> <Depth = 2> <FIFO>
ST_4 : Operation 754 [1/1] (0.00ns)   --->   "%curr_fullImage_717 = extractvalue i61536 %call_ret1" [../image_analysis.cpp:259]   --->   Operation 754 'extractvalue' 'curr_fullImage_717' <Predicate = true> <Delay = 0.00> <CoreInst = "FIFO_SRL">   --->   Core 80 'FIFO_SRL' <Latency = 0> <II = 1> <Delay = 1.83> <Storage> <Opcode : 'read' 'write' 'nbread' 'nbwrite'> <Ports = 0> <Width = 32> <Depth = 2> <FIFO>
ST_4 : Operation 755 [1/1] (0.00ns)   --->   "%curr_fullImage_718 = extractvalue i61536 %call_ret1" [../image_analysis.cpp:259]   --->   Operation 755 'extractvalue' 'curr_fullImage_718' <Predicate = true> <Delay = 0.00> <CoreInst = "FIFO_SRL">   --->   Core 80 'FIFO_SRL' <Latency = 0> <II = 1> <Delay = 1.83> <Storage> <Opcode : 'read' 'write' 'nbread' 'nbwrite'> <Ports = 0> <Width = 32> <Depth = 2> <FIFO>
ST_4 : Operation 756 [1/1] (0.00ns)   --->   "%curr_fullImage_719 = extractvalue i61536 %call_ret1" [../image_analysis.cpp:259]   --->   Operation 756 'extractvalue' 'curr_fullImage_719' <Predicate = true> <Delay = 0.00> <CoreInst = "FIFO_SRL">   --->   Core 80 'FIFO_SRL' <Latency = 0> <II = 1> <Delay = 1.83> <Storage> <Opcode : 'read' 'write' 'nbread' 'nbwrite'> <Ports = 0> <Width = 32> <Depth = 2> <FIFO>
ST_4 : Operation 757 [1/1] (0.00ns)   --->   "%curr_fullImage_720 = extractvalue i61536 %call_ret1" [../image_analysis.cpp:259]   --->   Operation 757 'extractvalue' 'curr_fullImage_720' <Predicate = true> <Delay = 0.00> <CoreInst = "FIFO_SRL">   --->   Core 80 'FIFO_SRL' <Latency = 0> <II = 1> <Delay = 1.83> <Storage> <Opcode : 'read' 'write' 'nbread' 'nbwrite'> <Ports = 0> <Width = 32> <Depth = 2> <FIFO>
ST_4 : Operation 758 [1/1] (0.00ns)   --->   "%curr_fullImage_721 = extractvalue i61536 %call_ret1" [../image_analysis.cpp:259]   --->   Operation 758 'extractvalue' 'curr_fullImage_721' <Predicate = true> <Delay = 0.00> <CoreInst = "FIFO_SRL">   --->   Core 80 'FIFO_SRL' <Latency = 0> <II = 1> <Delay = 1.83> <Storage> <Opcode : 'read' 'write' 'nbread' 'nbwrite'> <Ports = 0> <Width = 32> <Depth = 2> <FIFO>
ST_4 : Operation 759 [1/1] (0.00ns)   --->   "%curr_fullImage_722 = extractvalue i61536 %call_ret1" [../image_analysis.cpp:259]   --->   Operation 759 'extractvalue' 'curr_fullImage_722' <Predicate = true> <Delay = 0.00> <CoreInst = "FIFO_SRL">   --->   Core 80 'FIFO_SRL' <Latency = 0> <II = 1> <Delay = 1.83> <Storage> <Opcode : 'read' 'write' 'nbread' 'nbwrite'> <Ports = 0> <Width = 32> <Depth = 2> <FIFO>
ST_4 : Operation 760 [1/1] (0.00ns)   --->   "%curr_fullImage_723 = extractvalue i61536 %call_ret1" [../image_analysis.cpp:259]   --->   Operation 760 'extractvalue' 'curr_fullImage_723' <Predicate = true> <Delay = 0.00> <CoreInst = "FIFO_SRL">   --->   Core 80 'FIFO_SRL' <Latency = 0> <II = 1> <Delay = 1.83> <Storage> <Opcode : 'read' 'write' 'nbread' 'nbwrite'> <Ports = 0> <Width = 32> <Depth = 2> <FIFO>
ST_4 : Operation 761 [1/1] (0.00ns)   --->   "%curr_fullImage_724 = extractvalue i61536 %call_ret1" [../image_analysis.cpp:259]   --->   Operation 761 'extractvalue' 'curr_fullImage_724' <Predicate = true> <Delay = 0.00> <CoreInst = "FIFO_SRL">   --->   Core 80 'FIFO_SRL' <Latency = 0> <II = 1> <Delay = 1.83> <Storage> <Opcode : 'read' 'write' 'nbread' 'nbwrite'> <Ports = 0> <Width = 32> <Depth = 2> <FIFO>
ST_4 : Operation 762 [1/1] (0.00ns)   --->   "%curr_fullImage_725 = extractvalue i61536 %call_ret1" [../image_analysis.cpp:259]   --->   Operation 762 'extractvalue' 'curr_fullImage_725' <Predicate = true> <Delay = 0.00> <CoreInst = "FIFO_SRL">   --->   Core 80 'FIFO_SRL' <Latency = 0> <II = 1> <Delay = 1.83> <Storage> <Opcode : 'read' 'write' 'nbread' 'nbwrite'> <Ports = 0> <Width = 32> <Depth = 2> <FIFO>
ST_4 : Operation 763 [1/1] (0.00ns)   --->   "%curr_fullImage_726 = extractvalue i61536 %call_ret1" [../image_analysis.cpp:259]   --->   Operation 763 'extractvalue' 'curr_fullImage_726' <Predicate = true> <Delay = 0.00> <CoreInst = "FIFO_SRL">   --->   Core 80 'FIFO_SRL' <Latency = 0> <II = 1> <Delay = 1.83> <Storage> <Opcode : 'read' 'write' 'nbread' 'nbwrite'> <Ports = 0> <Width = 32> <Depth = 2> <FIFO>
ST_4 : Operation 764 [1/1] (0.00ns)   --->   "%curr_fullImage_727 = extractvalue i61536 %call_ret1" [../image_analysis.cpp:259]   --->   Operation 764 'extractvalue' 'curr_fullImage_727' <Predicate = true> <Delay = 0.00> <CoreInst = "FIFO_SRL">   --->   Core 80 'FIFO_SRL' <Latency = 0> <II = 1> <Delay = 1.83> <Storage> <Opcode : 'read' 'write' 'nbread' 'nbwrite'> <Ports = 0> <Width = 32> <Depth = 2> <FIFO>
ST_4 : Operation 765 [1/1] (0.00ns)   --->   "%curr_fullImage_728 = extractvalue i61536 %call_ret1" [../image_analysis.cpp:259]   --->   Operation 765 'extractvalue' 'curr_fullImage_728' <Predicate = true> <Delay = 0.00> <CoreInst = "FIFO_SRL">   --->   Core 80 'FIFO_SRL' <Latency = 0> <II = 1> <Delay = 1.83> <Storage> <Opcode : 'read' 'write' 'nbread' 'nbwrite'> <Ports = 0> <Width = 32> <Depth = 2> <FIFO>
ST_4 : Operation 766 [1/1] (0.00ns)   --->   "%curr_fullImage_729 = extractvalue i61536 %call_ret1" [../image_analysis.cpp:259]   --->   Operation 766 'extractvalue' 'curr_fullImage_729' <Predicate = true> <Delay = 0.00> <CoreInst = "FIFO_SRL">   --->   Core 80 'FIFO_SRL' <Latency = 0> <II = 1> <Delay = 1.83> <Storage> <Opcode : 'read' 'write' 'nbread' 'nbwrite'> <Ports = 0> <Width = 32> <Depth = 2> <FIFO>
ST_4 : Operation 767 [1/1] (0.00ns)   --->   "%curr_fullImage_730 = extractvalue i61536 %call_ret1" [../image_analysis.cpp:259]   --->   Operation 767 'extractvalue' 'curr_fullImage_730' <Predicate = true> <Delay = 0.00> <CoreInst = "FIFO_SRL">   --->   Core 80 'FIFO_SRL' <Latency = 0> <II = 1> <Delay = 1.83> <Storage> <Opcode : 'read' 'write' 'nbread' 'nbwrite'> <Ports = 0> <Width = 32> <Depth = 2> <FIFO>
ST_4 : Operation 768 [1/1] (0.00ns)   --->   "%curr_fullImage_731 = extractvalue i61536 %call_ret1" [../image_analysis.cpp:259]   --->   Operation 768 'extractvalue' 'curr_fullImage_731' <Predicate = true> <Delay = 0.00> <CoreInst = "FIFO_SRL">   --->   Core 80 'FIFO_SRL' <Latency = 0> <II = 1> <Delay = 1.83> <Storage> <Opcode : 'read' 'write' 'nbread' 'nbwrite'> <Ports = 0> <Width = 32> <Depth = 2> <FIFO>
ST_4 : Operation 769 [1/1] (0.00ns)   --->   "%curr_fullImage_732 = extractvalue i61536 %call_ret1" [../image_analysis.cpp:259]   --->   Operation 769 'extractvalue' 'curr_fullImage_732' <Predicate = true> <Delay = 0.00> <CoreInst = "FIFO_SRL">   --->   Core 80 'FIFO_SRL' <Latency = 0> <II = 1> <Delay = 1.83> <Storage> <Opcode : 'read' 'write' 'nbread' 'nbwrite'> <Ports = 0> <Width = 32> <Depth = 2> <FIFO>
ST_4 : Operation 770 [1/1] (0.00ns)   --->   "%curr_fullImage_733 = extractvalue i61536 %call_ret1" [../image_analysis.cpp:259]   --->   Operation 770 'extractvalue' 'curr_fullImage_733' <Predicate = true> <Delay = 0.00> <CoreInst = "FIFO_SRL">   --->   Core 80 'FIFO_SRL' <Latency = 0> <II = 1> <Delay = 1.83> <Storage> <Opcode : 'read' 'write' 'nbread' 'nbwrite'> <Ports = 0> <Width = 32> <Depth = 2> <FIFO>
ST_4 : Operation 771 [1/1] (0.00ns)   --->   "%curr_fullImage_734 = extractvalue i61536 %call_ret1" [../image_analysis.cpp:259]   --->   Operation 771 'extractvalue' 'curr_fullImage_734' <Predicate = true> <Delay = 0.00> <CoreInst = "FIFO_SRL">   --->   Core 80 'FIFO_SRL' <Latency = 0> <II = 1> <Delay = 1.83> <Storage> <Opcode : 'read' 'write' 'nbread' 'nbwrite'> <Ports = 0> <Width = 32> <Depth = 2> <FIFO>
ST_4 : Operation 772 [1/1] (0.00ns)   --->   "%curr_fullImage_735 = extractvalue i61536 %call_ret1" [../image_analysis.cpp:259]   --->   Operation 772 'extractvalue' 'curr_fullImage_735' <Predicate = true> <Delay = 0.00> <CoreInst = "FIFO_SRL">   --->   Core 80 'FIFO_SRL' <Latency = 0> <II = 1> <Delay = 1.83> <Storage> <Opcode : 'read' 'write' 'nbread' 'nbwrite'> <Ports = 0> <Width = 32> <Depth = 2> <FIFO>
ST_4 : Operation 773 [1/1] (0.00ns)   --->   "%curr_fullImage_736 = extractvalue i61536 %call_ret1" [../image_analysis.cpp:259]   --->   Operation 773 'extractvalue' 'curr_fullImage_736' <Predicate = true> <Delay = 0.00> <CoreInst = "FIFO_SRL">   --->   Core 80 'FIFO_SRL' <Latency = 0> <II = 1> <Delay = 1.83> <Storage> <Opcode : 'read' 'write' 'nbread' 'nbwrite'> <Ports = 0> <Width = 32> <Depth = 2> <FIFO>
ST_4 : Operation 774 [1/1] (0.00ns)   --->   "%curr_fullImage_737 = extractvalue i61536 %call_ret1" [../image_analysis.cpp:259]   --->   Operation 774 'extractvalue' 'curr_fullImage_737' <Predicate = true> <Delay = 0.00> <CoreInst = "FIFO_SRL">   --->   Core 80 'FIFO_SRL' <Latency = 0> <II = 1> <Delay = 1.83> <Storage> <Opcode : 'read' 'write' 'nbread' 'nbwrite'> <Ports = 0> <Width = 32> <Depth = 2> <FIFO>
ST_4 : Operation 775 [1/1] (0.00ns)   --->   "%curr_fullImage_738 = extractvalue i61536 %call_ret1" [../image_analysis.cpp:259]   --->   Operation 775 'extractvalue' 'curr_fullImage_738' <Predicate = true> <Delay = 0.00> <CoreInst = "FIFO_SRL">   --->   Core 80 'FIFO_SRL' <Latency = 0> <II = 1> <Delay = 1.83> <Storage> <Opcode : 'read' 'write' 'nbread' 'nbwrite'> <Ports = 0> <Width = 32> <Depth = 2> <FIFO>
ST_4 : Operation 776 [1/1] (0.00ns)   --->   "%curr_fullImage_739 = extractvalue i61536 %call_ret1" [../image_analysis.cpp:259]   --->   Operation 776 'extractvalue' 'curr_fullImage_739' <Predicate = true> <Delay = 0.00> <CoreInst = "FIFO_SRL">   --->   Core 80 'FIFO_SRL' <Latency = 0> <II = 1> <Delay = 1.83> <Storage> <Opcode : 'read' 'write' 'nbread' 'nbwrite'> <Ports = 0> <Width = 32> <Depth = 2> <FIFO>
ST_4 : Operation 777 [1/1] (0.00ns)   --->   "%curr_fullImage_740 = extractvalue i61536 %call_ret1" [../image_analysis.cpp:259]   --->   Operation 777 'extractvalue' 'curr_fullImage_740' <Predicate = true> <Delay = 0.00> <CoreInst = "FIFO_SRL">   --->   Core 80 'FIFO_SRL' <Latency = 0> <II = 1> <Delay = 1.83> <Storage> <Opcode : 'read' 'write' 'nbread' 'nbwrite'> <Ports = 0> <Width = 32> <Depth = 2> <FIFO>
ST_4 : Operation 778 [1/1] (0.00ns)   --->   "%curr_fullImage_741 = extractvalue i61536 %call_ret1" [../image_analysis.cpp:259]   --->   Operation 778 'extractvalue' 'curr_fullImage_741' <Predicate = true> <Delay = 0.00> <CoreInst = "FIFO_SRL">   --->   Core 80 'FIFO_SRL' <Latency = 0> <II = 1> <Delay = 1.83> <Storage> <Opcode : 'read' 'write' 'nbread' 'nbwrite'> <Ports = 0> <Width = 32> <Depth = 2> <FIFO>
ST_4 : Operation 779 [1/1] (0.00ns)   --->   "%curr_fullImage_742 = extractvalue i61536 %call_ret1" [../image_analysis.cpp:259]   --->   Operation 779 'extractvalue' 'curr_fullImage_742' <Predicate = true> <Delay = 0.00> <CoreInst = "FIFO_SRL">   --->   Core 80 'FIFO_SRL' <Latency = 0> <II = 1> <Delay = 1.83> <Storage> <Opcode : 'read' 'write' 'nbread' 'nbwrite'> <Ports = 0> <Width = 32> <Depth = 2> <FIFO>
ST_4 : Operation 780 [1/1] (0.00ns)   --->   "%curr_fullImage_743 = extractvalue i61536 %call_ret1" [../image_analysis.cpp:259]   --->   Operation 780 'extractvalue' 'curr_fullImage_743' <Predicate = true> <Delay = 0.00> <CoreInst = "FIFO_SRL">   --->   Core 80 'FIFO_SRL' <Latency = 0> <II = 1> <Delay = 1.83> <Storage> <Opcode : 'read' 'write' 'nbread' 'nbwrite'> <Ports = 0> <Width = 32> <Depth = 2> <FIFO>
ST_4 : Operation 781 [1/1] (0.00ns)   --->   "%curr_fullImage_744 = extractvalue i61536 %call_ret1" [../image_analysis.cpp:259]   --->   Operation 781 'extractvalue' 'curr_fullImage_744' <Predicate = true> <Delay = 0.00> <CoreInst = "FIFO_SRL">   --->   Core 80 'FIFO_SRL' <Latency = 0> <II = 1> <Delay = 1.83> <Storage> <Opcode : 'read' 'write' 'nbread' 'nbwrite'> <Ports = 0> <Width = 32> <Depth = 2> <FIFO>
ST_4 : Operation 782 [1/1] (0.00ns)   --->   "%curr_fullImage_745 = extractvalue i61536 %call_ret1" [../image_analysis.cpp:259]   --->   Operation 782 'extractvalue' 'curr_fullImage_745' <Predicate = true> <Delay = 0.00> <CoreInst = "FIFO_SRL">   --->   Core 80 'FIFO_SRL' <Latency = 0> <II = 1> <Delay = 1.83> <Storage> <Opcode : 'read' 'write' 'nbread' 'nbwrite'> <Ports = 0> <Width = 32> <Depth = 2> <FIFO>
ST_4 : Operation 783 [1/1] (0.00ns)   --->   "%curr_fullImage_746 = extractvalue i61536 %call_ret1" [../image_analysis.cpp:259]   --->   Operation 783 'extractvalue' 'curr_fullImage_746' <Predicate = true> <Delay = 0.00> <CoreInst = "FIFO_SRL">   --->   Core 80 'FIFO_SRL' <Latency = 0> <II = 1> <Delay = 1.83> <Storage> <Opcode : 'read' 'write' 'nbread' 'nbwrite'> <Ports = 0> <Width = 32> <Depth = 2> <FIFO>
ST_4 : Operation 784 [1/1] (0.00ns)   --->   "%curr_fullImage_747 = extractvalue i61536 %call_ret1" [../image_analysis.cpp:259]   --->   Operation 784 'extractvalue' 'curr_fullImage_747' <Predicate = true> <Delay = 0.00> <CoreInst = "FIFO_SRL">   --->   Core 80 'FIFO_SRL' <Latency = 0> <II = 1> <Delay = 1.83> <Storage> <Opcode : 'read' 'write' 'nbread' 'nbwrite'> <Ports = 0> <Width = 32> <Depth = 2> <FIFO>
ST_4 : Operation 785 [1/1] (0.00ns)   --->   "%curr_fullImage_748 = extractvalue i61536 %call_ret1" [../image_analysis.cpp:259]   --->   Operation 785 'extractvalue' 'curr_fullImage_748' <Predicate = true> <Delay = 0.00> <CoreInst = "FIFO_SRL">   --->   Core 80 'FIFO_SRL' <Latency = 0> <II = 1> <Delay = 1.83> <Storage> <Opcode : 'read' 'write' 'nbread' 'nbwrite'> <Ports = 0> <Width = 32> <Depth = 2> <FIFO>
ST_4 : Operation 786 [1/1] (0.00ns)   --->   "%curr_fullImage_749 = extractvalue i61536 %call_ret1" [../image_analysis.cpp:259]   --->   Operation 786 'extractvalue' 'curr_fullImage_749' <Predicate = true> <Delay = 0.00> <CoreInst = "FIFO_SRL">   --->   Core 80 'FIFO_SRL' <Latency = 0> <II = 1> <Delay = 1.83> <Storage> <Opcode : 'read' 'write' 'nbread' 'nbwrite'> <Ports = 0> <Width = 32> <Depth = 2> <FIFO>
ST_4 : Operation 787 [1/1] (0.00ns)   --->   "%curr_fullImage_750 = extractvalue i61536 %call_ret1" [../image_analysis.cpp:259]   --->   Operation 787 'extractvalue' 'curr_fullImage_750' <Predicate = true> <Delay = 0.00> <CoreInst = "FIFO_SRL">   --->   Core 80 'FIFO_SRL' <Latency = 0> <II = 1> <Delay = 1.83> <Storage> <Opcode : 'read' 'write' 'nbread' 'nbwrite'> <Ports = 0> <Width = 32> <Depth = 2> <FIFO>
ST_4 : Operation 788 [1/1] (0.00ns)   --->   "%curr_fullImage_751 = extractvalue i61536 %call_ret1" [../image_analysis.cpp:259]   --->   Operation 788 'extractvalue' 'curr_fullImage_751' <Predicate = true> <Delay = 0.00> <CoreInst = "FIFO_SRL">   --->   Core 80 'FIFO_SRL' <Latency = 0> <II = 1> <Delay = 1.83> <Storage> <Opcode : 'read' 'write' 'nbread' 'nbwrite'> <Ports = 0> <Width = 32> <Depth = 2> <FIFO>
ST_4 : Operation 789 [1/1] (0.00ns)   --->   "%curr_fullImage_752 = extractvalue i61536 %call_ret1" [../image_analysis.cpp:259]   --->   Operation 789 'extractvalue' 'curr_fullImage_752' <Predicate = true> <Delay = 0.00> <CoreInst = "FIFO_SRL">   --->   Core 80 'FIFO_SRL' <Latency = 0> <II = 1> <Delay = 1.83> <Storage> <Opcode : 'read' 'write' 'nbread' 'nbwrite'> <Ports = 0> <Width = 32> <Depth = 2> <FIFO>
ST_4 : Operation 790 [1/1] (0.00ns)   --->   "%curr_fullImage_753 = extractvalue i61536 %call_ret1" [../image_analysis.cpp:259]   --->   Operation 790 'extractvalue' 'curr_fullImage_753' <Predicate = true> <Delay = 0.00> <CoreInst = "FIFO_SRL">   --->   Core 80 'FIFO_SRL' <Latency = 0> <II = 1> <Delay = 1.83> <Storage> <Opcode : 'read' 'write' 'nbread' 'nbwrite'> <Ports = 0> <Width = 32> <Depth = 2> <FIFO>
ST_4 : Operation 791 [1/1] (0.00ns)   --->   "%curr_fullImage_754 = extractvalue i61536 %call_ret1" [../image_analysis.cpp:259]   --->   Operation 791 'extractvalue' 'curr_fullImage_754' <Predicate = true> <Delay = 0.00> <CoreInst = "FIFO_SRL">   --->   Core 80 'FIFO_SRL' <Latency = 0> <II = 1> <Delay = 1.83> <Storage> <Opcode : 'read' 'write' 'nbread' 'nbwrite'> <Ports = 0> <Width = 32> <Depth = 2> <FIFO>
ST_4 : Operation 792 [1/1] (0.00ns)   --->   "%curr_fullImage_755 = extractvalue i61536 %call_ret1" [../image_analysis.cpp:259]   --->   Operation 792 'extractvalue' 'curr_fullImage_755' <Predicate = true> <Delay = 0.00> <CoreInst = "FIFO_SRL">   --->   Core 80 'FIFO_SRL' <Latency = 0> <II = 1> <Delay = 1.83> <Storage> <Opcode : 'read' 'write' 'nbread' 'nbwrite'> <Ports = 0> <Width = 32> <Depth = 2> <FIFO>
ST_4 : Operation 793 [1/1] (0.00ns)   --->   "%curr_fullImage_756 = extractvalue i61536 %call_ret1" [../image_analysis.cpp:259]   --->   Operation 793 'extractvalue' 'curr_fullImage_756' <Predicate = true> <Delay = 0.00> <CoreInst = "FIFO_SRL">   --->   Core 80 'FIFO_SRL' <Latency = 0> <II = 1> <Delay = 1.83> <Storage> <Opcode : 'read' 'write' 'nbread' 'nbwrite'> <Ports = 0> <Width = 32> <Depth = 2> <FIFO>
ST_4 : Operation 794 [1/1] (0.00ns)   --->   "%curr_fullImage_757 = extractvalue i61536 %call_ret1" [../image_analysis.cpp:259]   --->   Operation 794 'extractvalue' 'curr_fullImage_757' <Predicate = true> <Delay = 0.00> <CoreInst = "FIFO_SRL">   --->   Core 80 'FIFO_SRL' <Latency = 0> <II = 1> <Delay = 1.83> <Storage> <Opcode : 'read' 'write' 'nbread' 'nbwrite'> <Ports = 0> <Width = 32> <Depth = 2> <FIFO>
ST_4 : Operation 795 [1/1] (0.00ns)   --->   "%curr_fullImage_758 = extractvalue i61536 %call_ret1" [../image_analysis.cpp:259]   --->   Operation 795 'extractvalue' 'curr_fullImage_758' <Predicate = true> <Delay = 0.00> <CoreInst = "FIFO_SRL">   --->   Core 80 'FIFO_SRL' <Latency = 0> <II = 1> <Delay = 1.83> <Storage> <Opcode : 'read' 'write' 'nbread' 'nbwrite'> <Ports = 0> <Width = 32> <Depth = 2> <FIFO>
ST_4 : Operation 796 [1/1] (0.00ns)   --->   "%curr_fullImage_759 = extractvalue i61536 %call_ret1" [../image_analysis.cpp:259]   --->   Operation 796 'extractvalue' 'curr_fullImage_759' <Predicate = true> <Delay = 0.00> <CoreInst = "FIFO_SRL">   --->   Core 80 'FIFO_SRL' <Latency = 0> <II = 1> <Delay = 1.83> <Storage> <Opcode : 'read' 'write' 'nbread' 'nbwrite'> <Ports = 0> <Width = 32> <Depth = 2> <FIFO>
ST_4 : Operation 797 [1/1] (0.00ns)   --->   "%curr_fullImage_760 = extractvalue i61536 %call_ret1" [../image_analysis.cpp:259]   --->   Operation 797 'extractvalue' 'curr_fullImage_760' <Predicate = true> <Delay = 0.00> <CoreInst = "FIFO_SRL">   --->   Core 80 'FIFO_SRL' <Latency = 0> <II = 1> <Delay = 1.83> <Storage> <Opcode : 'read' 'write' 'nbread' 'nbwrite'> <Ports = 0> <Width = 32> <Depth = 2> <FIFO>
ST_4 : Operation 798 [1/1] (0.00ns)   --->   "%curr_fullImage_761 = extractvalue i61536 %call_ret1" [../image_analysis.cpp:259]   --->   Operation 798 'extractvalue' 'curr_fullImage_761' <Predicate = true> <Delay = 0.00> <CoreInst = "FIFO_SRL">   --->   Core 80 'FIFO_SRL' <Latency = 0> <II = 1> <Delay = 1.83> <Storage> <Opcode : 'read' 'write' 'nbread' 'nbwrite'> <Ports = 0> <Width = 32> <Depth = 2> <FIFO>
ST_4 : Operation 799 [1/1] (0.00ns)   --->   "%curr_fullImage_762 = extractvalue i61536 %call_ret1" [../image_analysis.cpp:259]   --->   Operation 799 'extractvalue' 'curr_fullImage_762' <Predicate = true> <Delay = 0.00> <CoreInst = "FIFO_SRL">   --->   Core 80 'FIFO_SRL' <Latency = 0> <II = 1> <Delay = 1.83> <Storage> <Opcode : 'read' 'write' 'nbread' 'nbwrite'> <Ports = 0> <Width = 32> <Depth = 2> <FIFO>
ST_4 : Operation 800 [1/1] (0.00ns)   --->   "%curr_fullImage_763 = extractvalue i61536 %call_ret1" [../image_analysis.cpp:259]   --->   Operation 800 'extractvalue' 'curr_fullImage_763' <Predicate = true> <Delay = 0.00> <CoreInst = "FIFO_SRL">   --->   Core 80 'FIFO_SRL' <Latency = 0> <II = 1> <Delay = 1.83> <Storage> <Opcode : 'read' 'write' 'nbread' 'nbwrite'> <Ports = 0> <Width = 32> <Depth = 2> <FIFO>
ST_4 : Operation 801 [1/1] (0.00ns)   --->   "%curr_fullImage_764 = extractvalue i61536 %call_ret1" [../image_analysis.cpp:259]   --->   Operation 801 'extractvalue' 'curr_fullImage_764' <Predicate = true> <Delay = 0.00> <CoreInst = "FIFO_SRL">   --->   Core 80 'FIFO_SRL' <Latency = 0> <II = 1> <Delay = 1.83> <Storage> <Opcode : 'read' 'write' 'nbread' 'nbwrite'> <Ports = 0> <Width = 32> <Depth = 2> <FIFO>
ST_4 : Operation 802 [1/1] (0.00ns)   --->   "%curr_fullImage_765 = extractvalue i61536 %call_ret1" [../image_analysis.cpp:259]   --->   Operation 802 'extractvalue' 'curr_fullImage_765' <Predicate = true> <Delay = 0.00> <CoreInst = "FIFO_SRL">   --->   Core 80 'FIFO_SRL' <Latency = 0> <II = 1> <Delay = 1.83> <Storage> <Opcode : 'read' 'write' 'nbread' 'nbwrite'> <Ports = 0> <Width = 32> <Depth = 2> <FIFO>
ST_4 : Operation 803 [1/1] (0.00ns)   --->   "%curr_fullImage_766 = extractvalue i61536 %call_ret1" [../image_analysis.cpp:259]   --->   Operation 803 'extractvalue' 'curr_fullImage_766' <Predicate = true> <Delay = 0.00> <CoreInst = "FIFO_SRL">   --->   Core 80 'FIFO_SRL' <Latency = 0> <II = 1> <Delay = 1.83> <Storage> <Opcode : 'read' 'write' 'nbread' 'nbwrite'> <Ports = 0> <Width = 32> <Depth = 2> <FIFO>
ST_4 : Operation 804 [1/1] (0.00ns)   --->   "%curr_fullImage_767 = extractvalue i61536 %call_ret1" [../image_analysis.cpp:259]   --->   Operation 804 'extractvalue' 'curr_fullImage_767' <Predicate = true> <Delay = 0.00> <CoreInst = "FIFO_SRL">   --->   Core 80 'FIFO_SRL' <Latency = 0> <II = 1> <Delay = 1.83> <Storage> <Opcode : 'read' 'write' 'nbread' 'nbwrite'> <Ports = 0> <Width = 32> <Depth = 2> <FIFO>
ST_4 : Operation 805 [1/1] (0.00ns)   --->   "%curr_fullImage_768 = extractvalue i61536 %call_ret1" [../image_analysis.cpp:259]   --->   Operation 805 'extractvalue' 'curr_fullImage_768' <Predicate = true> <Delay = 0.00> <CoreInst = "FIFO_SRL">   --->   Core 80 'FIFO_SRL' <Latency = 0> <II = 1> <Delay = 1.83> <Storage> <Opcode : 'read' 'write' 'nbread' 'nbwrite'> <Ports = 0> <Width = 32> <Depth = 2> <FIFO>
ST_4 : Operation 806 [1/1] (0.00ns)   --->   "%curr_fullImage_769 = extractvalue i61536 %call_ret1" [../image_analysis.cpp:259]   --->   Operation 806 'extractvalue' 'curr_fullImage_769' <Predicate = true> <Delay = 0.00> <CoreInst = "FIFO_SRL">   --->   Core 80 'FIFO_SRL' <Latency = 0> <II = 1> <Delay = 1.83> <Storage> <Opcode : 'read' 'write' 'nbread' 'nbwrite'> <Ports = 0> <Width = 32> <Depth = 2> <FIFO>
ST_4 : Operation 807 [1/1] (0.00ns)   --->   "%curr_fullImage_770 = extractvalue i61536 %call_ret1" [../image_analysis.cpp:259]   --->   Operation 807 'extractvalue' 'curr_fullImage_770' <Predicate = true> <Delay = 0.00> <CoreInst = "FIFO_SRL">   --->   Core 80 'FIFO_SRL' <Latency = 0> <II = 1> <Delay = 1.83> <Storage> <Opcode : 'read' 'write' 'nbread' 'nbwrite'> <Ports = 0> <Width = 32> <Depth = 2> <FIFO>
ST_4 : Operation 808 [1/1] (0.00ns)   --->   "%curr_fullImage_771 = extractvalue i61536 %call_ret1" [../image_analysis.cpp:259]   --->   Operation 808 'extractvalue' 'curr_fullImage_771' <Predicate = true> <Delay = 0.00> <CoreInst = "FIFO_SRL">   --->   Core 80 'FIFO_SRL' <Latency = 0> <II = 1> <Delay = 1.83> <Storage> <Opcode : 'read' 'write' 'nbread' 'nbwrite'> <Ports = 0> <Width = 32> <Depth = 2> <FIFO>
ST_4 : Operation 809 [1/1] (0.00ns)   --->   "%curr_fullImage_772 = extractvalue i61536 %call_ret1" [../image_analysis.cpp:259]   --->   Operation 809 'extractvalue' 'curr_fullImage_772' <Predicate = true> <Delay = 0.00> <CoreInst = "FIFO_SRL">   --->   Core 80 'FIFO_SRL' <Latency = 0> <II = 1> <Delay = 1.83> <Storage> <Opcode : 'read' 'write' 'nbread' 'nbwrite'> <Ports = 0> <Width = 32> <Depth = 2> <FIFO>
ST_4 : Operation 810 [1/1] (0.00ns)   --->   "%curr_fullImage_773 = extractvalue i61536 %call_ret1" [../image_analysis.cpp:259]   --->   Operation 810 'extractvalue' 'curr_fullImage_773' <Predicate = true> <Delay = 0.00> <CoreInst = "FIFO_SRL">   --->   Core 80 'FIFO_SRL' <Latency = 0> <II = 1> <Delay = 1.83> <Storage> <Opcode : 'read' 'write' 'nbread' 'nbwrite'> <Ports = 0> <Width = 32> <Depth = 2> <FIFO>
ST_4 : Operation 811 [1/1] (0.00ns)   --->   "%curr_fullImage_774 = extractvalue i61536 %call_ret1" [../image_analysis.cpp:259]   --->   Operation 811 'extractvalue' 'curr_fullImage_774' <Predicate = true> <Delay = 0.00> <CoreInst = "FIFO_SRL">   --->   Core 80 'FIFO_SRL' <Latency = 0> <II = 1> <Delay = 1.83> <Storage> <Opcode : 'read' 'write' 'nbread' 'nbwrite'> <Ports = 0> <Width = 32> <Depth = 2> <FIFO>
ST_4 : Operation 812 [1/1] (0.00ns)   --->   "%curr_fullImage_775 = extractvalue i61536 %call_ret1" [../image_analysis.cpp:259]   --->   Operation 812 'extractvalue' 'curr_fullImage_775' <Predicate = true> <Delay = 0.00> <CoreInst = "FIFO_SRL">   --->   Core 80 'FIFO_SRL' <Latency = 0> <II = 1> <Delay = 1.83> <Storage> <Opcode : 'read' 'write' 'nbread' 'nbwrite'> <Ports = 0> <Width = 32> <Depth = 2> <FIFO>
ST_4 : Operation 813 [1/1] (0.00ns)   --->   "%curr_fullImage_776 = extractvalue i61536 %call_ret1" [../image_analysis.cpp:259]   --->   Operation 813 'extractvalue' 'curr_fullImage_776' <Predicate = true> <Delay = 0.00> <CoreInst = "FIFO_SRL">   --->   Core 80 'FIFO_SRL' <Latency = 0> <II = 1> <Delay = 1.83> <Storage> <Opcode : 'read' 'write' 'nbread' 'nbwrite'> <Ports = 0> <Width = 32> <Depth = 2> <FIFO>
ST_4 : Operation 814 [1/1] (0.00ns)   --->   "%curr_fullImage_777 = extractvalue i61536 %call_ret1" [../image_analysis.cpp:259]   --->   Operation 814 'extractvalue' 'curr_fullImage_777' <Predicate = true> <Delay = 0.00> <CoreInst = "FIFO_SRL">   --->   Core 80 'FIFO_SRL' <Latency = 0> <II = 1> <Delay = 1.83> <Storage> <Opcode : 'read' 'write' 'nbread' 'nbwrite'> <Ports = 0> <Width = 32> <Depth = 2> <FIFO>
ST_4 : Operation 815 [1/1] (0.00ns)   --->   "%curr_fullImage_778 = extractvalue i61536 %call_ret1" [../image_analysis.cpp:259]   --->   Operation 815 'extractvalue' 'curr_fullImage_778' <Predicate = true> <Delay = 0.00> <CoreInst = "FIFO_SRL">   --->   Core 80 'FIFO_SRL' <Latency = 0> <II = 1> <Delay = 1.83> <Storage> <Opcode : 'read' 'write' 'nbread' 'nbwrite'> <Ports = 0> <Width = 32> <Depth = 2> <FIFO>
ST_4 : Operation 816 [1/1] (0.00ns)   --->   "%curr_fullImage_779 = extractvalue i61536 %call_ret1" [../image_analysis.cpp:259]   --->   Operation 816 'extractvalue' 'curr_fullImage_779' <Predicate = true> <Delay = 0.00> <CoreInst = "FIFO_SRL">   --->   Core 80 'FIFO_SRL' <Latency = 0> <II = 1> <Delay = 1.83> <Storage> <Opcode : 'read' 'write' 'nbread' 'nbwrite'> <Ports = 0> <Width = 32> <Depth = 2> <FIFO>
ST_4 : Operation 817 [1/1] (0.00ns)   --->   "%curr_fullImage_780 = extractvalue i61536 %call_ret1" [../image_analysis.cpp:259]   --->   Operation 817 'extractvalue' 'curr_fullImage_780' <Predicate = true> <Delay = 0.00> <CoreInst = "FIFO_SRL">   --->   Core 80 'FIFO_SRL' <Latency = 0> <II = 1> <Delay = 1.83> <Storage> <Opcode : 'read' 'write' 'nbread' 'nbwrite'> <Ports = 0> <Width = 32> <Depth = 2> <FIFO>
ST_4 : Operation 818 [1/1] (0.00ns)   --->   "%curr_fullImage_781 = extractvalue i61536 %call_ret1" [../image_analysis.cpp:259]   --->   Operation 818 'extractvalue' 'curr_fullImage_781' <Predicate = true> <Delay = 0.00> <CoreInst = "FIFO_SRL">   --->   Core 80 'FIFO_SRL' <Latency = 0> <II = 1> <Delay = 1.83> <Storage> <Opcode : 'read' 'write' 'nbread' 'nbwrite'> <Ports = 0> <Width = 32> <Depth = 2> <FIFO>
ST_4 : Operation 819 [1/1] (0.00ns)   --->   "%curr_fullImage_782 = extractvalue i61536 %call_ret1" [../image_analysis.cpp:259]   --->   Operation 819 'extractvalue' 'curr_fullImage_782' <Predicate = true> <Delay = 0.00> <CoreInst = "FIFO_SRL">   --->   Core 80 'FIFO_SRL' <Latency = 0> <II = 1> <Delay = 1.83> <Storage> <Opcode : 'read' 'write' 'nbread' 'nbwrite'> <Ports = 0> <Width = 32> <Depth = 2> <FIFO>
ST_4 : Operation 820 [1/1] (0.00ns)   --->   "%curr_fullImage_783 = extractvalue i61536 %call_ret1" [../image_analysis.cpp:259]   --->   Operation 820 'extractvalue' 'curr_fullImage_783' <Predicate = true> <Delay = 0.00> <CoreInst = "FIFO_SRL">   --->   Core 80 'FIFO_SRL' <Latency = 0> <II = 1> <Delay = 1.83> <Storage> <Opcode : 'read' 'write' 'nbread' 'nbwrite'> <Ports = 0> <Width = 32> <Depth = 2> <FIFO>
ST_4 : Operation 821 [1/1] (0.00ns)   --->   "%curr_fullImage_784 = extractvalue i61536 %call_ret1" [../image_analysis.cpp:259]   --->   Operation 821 'extractvalue' 'curr_fullImage_784' <Predicate = true> <Delay = 0.00> <CoreInst = "FIFO_SRL">   --->   Core 80 'FIFO_SRL' <Latency = 0> <II = 1> <Delay = 1.83> <Storage> <Opcode : 'read' 'write' 'nbread' 'nbwrite'> <Ports = 0> <Width = 32> <Depth = 2> <FIFO>
ST_4 : Operation 822 [1/1] (0.00ns)   --->   "%curr_fullImage_785 = extractvalue i61536 %call_ret1" [../image_analysis.cpp:259]   --->   Operation 822 'extractvalue' 'curr_fullImage_785' <Predicate = true> <Delay = 0.00> <CoreInst = "FIFO_SRL">   --->   Core 80 'FIFO_SRL' <Latency = 0> <II = 1> <Delay = 1.83> <Storage> <Opcode : 'read' 'write' 'nbread' 'nbwrite'> <Ports = 0> <Width = 32> <Depth = 2> <FIFO>
ST_4 : Operation 823 [1/1] (0.00ns)   --->   "%curr_fullImage_786 = extractvalue i61536 %call_ret1" [../image_analysis.cpp:259]   --->   Operation 823 'extractvalue' 'curr_fullImage_786' <Predicate = true> <Delay = 0.00> <CoreInst = "FIFO_SRL">   --->   Core 80 'FIFO_SRL' <Latency = 0> <II = 1> <Delay = 1.83> <Storage> <Opcode : 'read' 'write' 'nbread' 'nbwrite'> <Ports = 0> <Width = 32> <Depth = 2> <FIFO>
ST_4 : Operation 824 [1/1] (0.00ns)   --->   "%curr_fullImage_787 = extractvalue i61536 %call_ret1" [../image_analysis.cpp:259]   --->   Operation 824 'extractvalue' 'curr_fullImage_787' <Predicate = true> <Delay = 0.00> <CoreInst = "FIFO_SRL">   --->   Core 80 'FIFO_SRL' <Latency = 0> <II = 1> <Delay = 1.83> <Storage> <Opcode : 'read' 'write' 'nbread' 'nbwrite'> <Ports = 0> <Width = 32> <Depth = 2> <FIFO>
ST_4 : Operation 825 [1/1] (0.00ns)   --->   "%curr_fullImage_788 = extractvalue i61536 %call_ret1" [../image_analysis.cpp:259]   --->   Operation 825 'extractvalue' 'curr_fullImage_788' <Predicate = true> <Delay = 0.00> <CoreInst = "FIFO_SRL">   --->   Core 80 'FIFO_SRL' <Latency = 0> <II = 1> <Delay = 1.83> <Storage> <Opcode : 'read' 'write' 'nbread' 'nbwrite'> <Ports = 0> <Width = 32> <Depth = 2> <FIFO>
ST_4 : Operation 826 [1/1] (0.00ns)   --->   "%curr_fullImage_789 = extractvalue i61536 %call_ret1" [../image_analysis.cpp:259]   --->   Operation 826 'extractvalue' 'curr_fullImage_789' <Predicate = true> <Delay = 0.00> <CoreInst = "FIFO_SRL">   --->   Core 80 'FIFO_SRL' <Latency = 0> <II = 1> <Delay = 1.83> <Storage> <Opcode : 'read' 'write' 'nbread' 'nbwrite'> <Ports = 0> <Width = 32> <Depth = 2> <FIFO>
ST_4 : Operation 827 [1/1] (0.00ns)   --->   "%curr_fullImage_790 = extractvalue i61536 %call_ret1" [../image_analysis.cpp:259]   --->   Operation 827 'extractvalue' 'curr_fullImage_790' <Predicate = true> <Delay = 0.00> <CoreInst = "FIFO_SRL">   --->   Core 80 'FIFO_SRL' <Latency = 0> <II = 1> <Delay = 1.83> <Storage> <Opcode : 'read' 'write' 'nbread' 'nbwrite'> <Ports = 0> <Width = 32> <Depth = 2> <FIFO>
ST_4 : Operation 828 [1/1] (0.00ns)   --->   "%curr_fullImage_791 = extractvalue i61536 %call_ret1" [../image_analysis.cpp:259]   --->   Operation 828 'extractvalue' 'curr_fullImage_791' <Predicate = true> <Delay = 0.00> <CoreInst = "FIFO_SRL">   --->   Core 80 'FIFO_SRL' <Latency = 0> <II = 1> <Delay = 1.83> <Storage> <Opcode : 'read' 'write' 'nbread' 'nbwrite'> <Ports = 0> <Width = 32> <Depth = 2> <FIFO>
ST_4 : Operation 829 [1/1] (0.00ns)   --->   "%curr_fullImage_792 = extractvalue i61536 %call_ret1" [../image_analysis.cpp:259]   --->   Operation 829 'extractvalue' 'curr_fullImage_792' <Predicate = true> <Delay = 0.00> <CoreInst = "FIFO_SRL">   --->   Core 80 'FIFO_SRL' <Latency = 0> <II = 1> <Delay = 1.83> <Storage> <Opcode : 'read' 'write' 'nbread' 'nbwrite'> <Ports = 0> <Width = 32> <Depth = 2> <FIFO>
ST_4 : Operation 830 [1/1] (0.00ns)   --->   "%curr_fullImage_793 = extractvalue i61536 %call_ret1" [../image_analysis.cpp:259]   --->   Operation 830 'extractvalue' 'curr_fullImage_793' <Predicate = true> <Delay = 0.00> <CoreInst = "FIFO_SRL">   --->   Core 80 'FIFO_SRL' <Latency = 0> <II = 1> <Delay = 1.83> <Storage> <Opcode : 'read' 'write' 'nbread' 'nbwrite'> <Ports = 0> <Width = 32> <Depth = 2> <FIFO>
ST_4 : Operation 831 [1/1] (0.00ns)   --->   "%curr_fullImage_794 = extractvalue i61536 %call_ret1" [../image_analysis.cpp:259]   --->   Operation 831 'extractvalue' 'curr_fullImage_794' <Predicate = true> <Delay = 0.00> <CoreInst = "FIFO_SRL">   --->   Core 80 'FIFO_SRL' <Latency = 0> <II = 1> <Delay = 1.83> <Storage> <Opcode : 'read' 'write' 'nbread' 'nbwrite'> <Ports = 0> <Width = 32> <Depth = 2> <FIFO>
ST_4 : Operation 832 [1/1] (0.00ns)   --->   "%curr_fullImage_795 = extractvalue i61536 %call_ret1" [../image_analysis.cpp:259]   --->   Operation 832 'extractvalue' 'curr_fullImage_795' <Predicate = true> <Delay = 0.00> <CoreInst = "FIFO_SRL">   --->   Core 80 'FIFO_SRL' <Latency = 0> <II = 1> <Delay = 1.83> <Storage> <Opcode : 'read' 'write' 'nbread' 'nbwrite'> <Ports = 0> <Width = 32> <Depth = 2> <FIFO>
ST_4 : Operation 833 [1/1] (0.00ns)   --->   "%curr_fullImage_796 = extractvalue i61536 %call_ret1" [../image_analysis.cpp:259]   --->   Operation 833 'extractvalue' 'curr_fullImage_796' <Predicate = true> <Delay = 0.00> <CoreInst = "FIFO_SRL">   --->   Core 80 'FIFO_SRL' <Latency = 0> <II = 1> <Delay = 1.83> <Storage> <Opcode : 'read' 'write' 'nbread' 'nbwrite'> <Ports = 0> <Width = 32> <Depth = 2> <FIFO>
ST_4 : Operation 834 [1/1] (0.00ns)   --->   "%curr_fullImage_797 = extractvalue i61536 %call_ret1" [../image_analysis.cpp:259]   --->   Operation 834 'extractvalue' 'curr_fullImage_797' <Predicate = true> <Delay = 0.00> <CoreInst = "FIFO_SRL">   --->   Core 80 'FIFO_SRL' <Latency = 0> <II = 1> <Delay = 1.83> <Storage> <Opcode : 'read' 'write' 'nbread' 'nbwrite'> <Ports = 0> <Width = 32> <Depth = 2> <FIFO>
ST_4 : Operation 835 [1/1] (0.00ns)   --->   "%curr_fullImage_798 = extractvalue i61536 %call_ret1" [../image_analysis.cpp:259]   --->   Operation 835 'extractvalue' 'curr_fullImage_798' <Predicate = true> <Delay = 0.00> <CoreInst = "FIFO_SRL">   --->   Core 80 'FIFO_SRL' <Latency = 0> <II = 1> <Delay = 1.83> <Storage> <Opcode : 'read' 'write' 'nbread' 'nbwrite'> <Ports = 0> <Width = 32> <Depth = 2> <FIFO>
ST_4 : Operation 836 [1/1] (0.00ns)   --->   "%curr_fullImage_799 = extractvalue i61536 %call_ret1" [../image_analysis.cpp:259]   --->   Operation 836 'extractvalue' 'curr_fullImage_799' <Predicate = true> <Delay = 0.00> <CoreInst = "FIFO_SRL">   --->   Core 80 'FIFO_SRL' <Latency = 0> <II = 1> <Delay = 1.83> <Storage> <Opcode : 'read' 'write' 'nbread' 'nbwrite'> <Ports = 0> <Width = 32> <Depth = 2> <FIFO>
ST_4 : Operation 837 [1/1] (0.00ns)   --->   "%curr_fullImage_800 = extractvalue i61536 %call_ret1" [../image_analysis.cpp:259]   --->   Operation 837 'extractvalue' 'curr_fullImage_800' <Predicate = true> <Delay = 0.00> <CoreInst = "FIFO_SRL">   --->   Core 80 'FIFO_SRL' <Latency = 0> <II = 1> <Delay = 1.83> <Storage> <Opcode : 'read' 'write' 'nbread' 'nbwrite'> <Ports = 0> <Width = 32> <Depth = 2> <FIFO>
ST_4 : Operation 838 [1/1] (0.00ns)   --->   "%curr_fullImage_801 = extractvalue i61536 %call_ret1" [../image_analysis.cpp:259]   --->   Operation 838 'extractvalue' 'curr_fullImage_801' <Predicate = true> <Delay = 0.00> <CoreInst = "FIFO_SRL">   --->   Core 80 'FIFO_SRL' <Latency = 0> <II = 1> <Delay = 1.83> <Storage> <Opcode : 'read' 'write' 'nbread' 'nbwrite'> <Ports = 0> <Width = 32> <Depth = 2> <FIFO>
ST_4 : Operation 839 [1/1] (0.00ns)   --->   "%curr_fullImage_802 = extractvalue i61536 %call_ret1" [../image_analysis.cpp:259]   --->   Operation 839 'extractvalue' 'curr_fullImage_802' <Predicate = true> <Delay = 0.00> <CoreInst = "FIFO_SRL">   --->   Core 80 'FIFO_SRL' <Latency = 0> <II = 1> <Delay = 1.83> <Storage> <Opcode : 'read' 'write' 'nbread' 'nbwrite'> <Ports = 0> <Width = 32> <Depth = 2> <FIFO>
ST_4 : Operation 840 [1/1] (0.00ns)   --->   "%curr_fullImage_803 = extractvalue i61536 %call_ret1" [../image_analysis.cpp:259]   --->   Operation 840 'extractvalue' 'curr_fullImage_803' <Predicate = true> <Delay = 0.00> <CoreInst = "FIFO_SRL">   --->   Core 80 'FIFO_SRL' <Latency = 0> <II = 1> <Delay = 1.83> <Storage> <Opcode : 'read' 'write' 'nbread' 'nbwrite'> <Ports = 0> <Width = 32> <Depth = 2> <FIFO>
ST_4 : Operation 841 [1/1] (0.00ns)   --->   "%curr_fullImage_804 = extractvalue i61536 %call_ret1" [../image_analysis.cpp:259]   --->   Operation 841 'extractvalue' 'curr_fullImage_804' <Predicate = true> <Delay = 0.00> <CoreInst = "FIFO_SRL">   --->   Core 80 'FIFO_SRL' <Latency = 0> <II = 1> <Delay = 1.83> <Storage> <Opcode : 'read' 'write' 'nbread' 'nbwrite'> <Ports = 0> <Width = 32> <Depth = 2> <FIFO>
ST_4 : Operation 842 [1/1] (0.00ns)   --->   "%curr_fullImage_805 = extractvalue i61536 %call_ret1" [../image_analysis.cpp:259]   --->   Operation 842 'extractvalue' 'curr_fullImage_805' <Predicate = true> <Delay = 0.00> <CoreInst = "FIFO_SRL">   --->   Core 80 'FIFO_SRL' <Latency = 0> <II = 1> <Delay = 1.83> <Storage> <Opcode : 'read' 'write' 'nbread' 'nbwrite'> <Ports = 0> <Width = 32> <Depth = 2> <FIFO>
ST_4 : Operation 843 [1/1] (0.00ns)   --->   "%curr_fullImage_806 = extractvalue i61536 %call_ret1" [../image_analysis.cpp:259]   --->   Operation 843 'extractvalue' 'curr_fullImage_806' <Predicate = true> <Delay = 0.00> <CoreInst = "FIFO_SRL">   --->   Core 80 'FIFO_SRL' <Latency = 0> <II = 1> <Delay = 1.83> <Storage> <Opcode : 'read' 'write' 'nbread' 'nbwrite'> <Ports = 0> <Width = 32> <Depth = 2> <FIFO>
ST_4 : Operation 844 [1/1] (0.00ns)   --->   "%curr_fullImage_807 = extractvalue i61536 %call_ret1" [../image_analysis.cpp:259]   --->   Operation 844 'extractvalue' 'curr_fullImage_807' <Predicate = true> <Delay = 0.00> <CoreInst = "FIFO_SRL">   --->   Core 80 'FIFO_SRL' <Latency = 0> <II = 1> <Delay = 1.83> <Storage> <Opcode : 'read' 'write' 'nbread' 'nbwrite'> <Ports = 0> <Width = 32> <Depth = 2> <FIFO>
ST_4 : Operation 845 [1/1] (0.00ns)   --->   "%curr_fullImage_808 = extractvalue i61536 %call_ret1" [../image_analysis.cpp:259]   --->   Operation 845 'extractvalue' 'curr_fullImage_808' <Predicate = true> <Delay = 0.00> <CoreInst = "FIFO_SRL">   --->   Core 80 'FIFO_SRL' <Latency = 0> <II = 1> <Delay = 1.83> <Storage> <Opcode : 'read' 'write' 'nbread' 'nbwrite'> <Ports = 0> <Width = 32> <Depth = 2> <FIFO>
ST_4 : Operation 846 [1/1] (0.00ns)   --->   "%curr_fullImage_809 = extractvalue i61536 %call_ret1" [../image_analysis.cpp:259]   --->   Operation 846 'extractvalue' 'curr_fullImage_809' <Predicate = true> <Delay = 0.00> <CoreInst = "FIFO_SRL">   --->   Core 80 'FIFO_SRL' <Latency = 0> <II = 1> <Delay = 1.83> <Storage> <Opcode : 'read' 'write' 'nbread' 'nbwrite'> <Ports = 0> <Width = 32> <Depth = 2> <FIFO>
ST_4 : Operation 847 [1/1] (0.00ns)   --->   "%curr_fullImage_810 = extractvalue i61536 %call_ret1" [../image_analysis.cpp:259]   --->   Operation 847 'extractvalue' 'curr_fullImage_810' <Predicate = true> <Delay = 0.00> <CoreInst = "FIFO_SRL">   --->   Core 80 'FIFO_SRL' <Latency = 0> <II = 1> <Delay = 1.83> <Storage> <Opcode : 'read' 'write' 'nbread' 'nbwrite'> <Ports = 0> <Width = 32> <Depth = 2> <FIFO>
ST_4 : Operation 848 [1/1] (0.00ns)   --->   "%curr_fullImage_811 = extractvalue i61536 %call_ret1" [../image_analysis.cpp:259]   --->   Operation 848 'extractvalue' 'curr_fullImage_811' <Predicate = true> <Delay = 0.00> <CoreInst = "FIFO_SRL">   --->   Core 80 'FIFO_SRL' <Latency = 0> <II = 1> <Delay = 1.83> <Storage> <Opcode : 'read' 'write' 'nbread' 'nbwrite'> <Ports = 0> <Width = 32> <Depth = 2> <FIFO>
ST_4 : Operation 849 [1/1] (0.00ns)   --->   "%curr_fullImage_812 = extractvalue i61536 %call_ret1" [../image_analysis.cpp:259]   --->   Operation 849 'extractvalue' 'curr_fullImage_812' <Predicate = true> <Delay = 0.00> <CoreInst = "FIFO_SRL">   --->   Core 80 'FIFO_SRL' <Latency = 0> <II = 1> <Delay = 1.83> <Storage> <Opcode : 'read' 'write' 'nbread' 'nbwrite'> <Ports = 0> <Width = 32> <Depth = 2> <FIFO>
ST_4 : Operation 850 [1/1] (0.00ns)   --->   "%curr_fullImage_813 = extractvalue i61536 %call_ret1" [../image_analysis.cpp:259]   --->   Operation 850 'extractvalue' 'curr_fullImage_813' <Predicate = true> <Delay = 0.00> <CoreInst = "FIFO_SRL">   --->   Core 80 'FIFO_SRL' <Latency = 0> <II = 1> <Delay = 1.83> <Storage> <Opcode : 'read' 'write' 'nbread' 'nbwrite'> <Ports = 0> <Width = 32> <Depth = 2> <FIFO>
ST_4 : Operation 851 [1/1] (0.00ns)   --->   "%curr_fullImage_814 = extractvalue i61536 %call_ret1" [../image_analysis.cpp:259]   --->   Operation 851 'extractvalue' 'curr_fullImage_814' <Predicate = true> <Delay = 0.00> <CoreInst = "FIFO_SRL">   --->   Core 80 'FIFO_SRL' <Latency = 0> <II = 1> <Delay = 1.83> <Storage> <Opcode : 'read' 'write' 'nbread' 'nbwrite'> <Ports = 0> <Width = 32> <Depth = 2> <FIFO>
ST_4 : Operation 852 [1/1] (0.00ns)   --->   "%curr_fullImage_815 = extractvalue i61536 %call_ret1" [../image_analysis.cpp:259]   --->   Operation 852 'extractvalue' 'curr_fullImage_815' <Predicate = true> <Delay = 0.00> <CoreInst = "FIFO_SRL">   --->   Core 80 'FIFO_SRL' <Latency = 0> <II = 1> <Delay = 1.83> <Storage> <Opcode : 'read' 'write' 'nbread' 'nbwrite'> <Ports = 0> <Width = 32> <Depth = 2> <FIFO>
ST_4 : Operation 853 [1/1] (0.00ns)   --->   "%curr_fullImage_816 = extractvalue i61536 %call_ret1" [../image_analysis.cpp:259]   --->   Operation 853 'extractvalue' 'curr_fullImage_816' <Predicate = true> <Delay = 0.00> <CoreInst = "FIFO_SRL">   --->   Core 80 'FIFO_SRL' <Latency = 0> <II = 1> <Delay = 1.83> <Storage> <Opcode : 'read' 'write' 'nbread' 'nbwrite'> <Ports = 0> <Width = 32> <Depth = 2> <FIFO>
ST_4 : Operation 854 [1/1] (0.00ns)   --->   "%curr_fullImage_817 = extractvalue i61536 %call_ret1" [../image_analysis.cpp:259]   --->   Operation 854 'extractvalue' 'curr_fullImage_817' <Predicate = true> <Delay = 0.00> <CoreInst = "FIFO_SRL">   --->   Core 80 'FIFO_SRL' <Latency = 0> <II = 1> <Delay = 1.83> <Storage> <Opcode : 'read' 'write' 'nbread' 'nbwrite'> <Ports = 0> <Width = 32> <Depth = 2> <FIFO>
ST_4 : Operation 855 [1/1] (0.00ns)   --->   "%curr_fullImage_818 = extractvalue i61536 %call_ret1" [../image_analysis.cpp:259]   --->   Operation 855 'extractvalue' 'curr_fullImage_818' <Predicate = true> <Delay = 0.00> <CoreInst = "FIFO_SRL">   --->   Core 80 'FIFO_SRL' <Latency = 0> <II = 1> <Delay = 1.83> <Storage> <Opcode : 'read' 'write' 'nbread' 'nbwrite'> <Ports = 0> <Width = 32> <Depth = 2> <FIFO>
ST_4 : Operation 856 [1/1] (0.00ns)   --->   "%curr_fullImage_819 = extractvalue i61536 %call_ret1" [../image_analysis.cpp:259]   --->   Operation 856 'extractvalue' 'curr_fullImage_819' <Predicate = true> <Delay = 0.00> <CoreInst = "FIFO_SRL">   --->   Core 80 'FIFO_SRL' <Latency = 0> <II = 1> <Delay = 1.83> <Storage> <Opcode : 'read' 'write' 'nbread' 'nbwrite'> <Ports = 0> <Width = 32> <Depth = 2> <FIFO>
ST_4 : Operation 857 [1/1] (0.00ns)   --->   "%curr_fullImage_820 = extractvalue i61536 %call_ret1" [../image_analysis.cpp:259]   --->   Operation 857 'extractvalue' 'curr_fullImage_820' <Predicate = true> <Delay = 0.00> <CoreInst = "FIFO_SRL">   --->   Core 80 'FIFO_SRL' <Latency = 0> <II = 1> <Delay = 1.83> <Storage> <Opcode : 'read' 'write' 'nbread' 'nbwrite'> <Ports = 0> <Width = 32> <Depth = 2> <FIFO>
ST_4 : Operation 858 [1/1] (0.00ns)   --->   "%curr_fullImage_821 = extractvalue i61536 %call_ret1" [../image_analysis.cpp:259]   --->   Operation 858 'extractvalue' 'curr_fullImage_821' <Predicate = true> <Delay = 0.00> <CoreInst = "FIFO_SRL">   --->   Core 80 'FIFO_SRL' <Latency = 0> <II = 1> <Delay = 1.83> <Storage> <Opcode : 'read' 'write' 'nbread' 'nbwrite'> <Ports = 0> <Width = 32> <Depth = 2> <FIFO>
ST_4 : Operation 859 [1/1] (0.00ns)   --->   "%curr_fullImage_822 = extractvalue i61536 %call_ret1" [../image_analysis.cpp:259]   --->   Operation 859 'extractvalue' 'curr_fullImage_822' <Predicate = true> <Delay = 0.00> <CoreInst = "FIFO_SRL">   --->   Core 80 'FIFO_SRL' <Latency = 0> <II = 1> <Delay = 1.83> <Storage> <Opcode : 'read' 'write' 'nbread' 'nbwrite'> <Ports = 0> <Width = 32> <Depth = 2> <FIFO>
ST_4 : Operation 860 [1/1] (0.00ns)   --->   "%curr_fullImage_823 = extractvalue i61536 %call_ret1" [../image_analysis.cpp:259]   --->   Operation 860 'extractvalue' 'curr_fullImage_823' <Predicate = true> <Delay = 0.00> <CoreInst = "FIFO_SRL">   --->   Core 80 'FIFO_SRL' <Latency = 0> <II = 1> <Delay = 1.83> <Storage> <Opcode : 'read' 'write' 'nbread' 'nbwrite'> <Ports = 0> <Width = 32> <Depth = 2> <FIFO>
ST_4 : Operation 861 [1/1] (0.00ns)   --->   "%curr_fullImage_824 = extractvalue i61536 %call_ret1" [../image_analysis.cpp:259]   --->   Operation 861 'extractvalue' 'curr_fullImage_824' <Predicate = true> <Delay = 0.00> <CoreInst = "FIFO_SRL">   --->   Core 80 'FIFO_SRL' <Latency = 0> <II = 1> <Delay = 1.83> <Storage> <Opcode : 'read' 'write' 'nbread' 'nbwrite'> <Ports = 0> <Width = 32> <Depth = 2> <FIFO>
ST_4 : Operation 862 [1/1] (0.00ns)   --->   "%curr_fullImage_825 = extractvalue i61536 %call_ret1" [../image_analysis.cpp:259]   --->   Operation 862 'extractvalue' 'curr_fullImage_825' <Predicate = true> <Delay = 0.00> <CoreInst = "FIFO_SRL">   --->   Core 80 'FIFO_SRL' <Latency = 0> <II = 1> <Delay = 1.83> <Storage> <Opcode : 'read' 'write' 'nbread' 'nbwrite'> <Ports = 0> <Width = 32> <Depth = 2> <FIFO>
ST_4 : Operation 863 [1/1] (0.00ns)   --->   "%curr_fullImage_826 = extractvalue i61536 %call_ret1" [../image_analysis.cpp:259]   --->   Operation 863 'extractvalue' 'curr_fullImage_826' <Predicate = true> <Delay = 0.00> <CoreInst = "FIFO_SRL">   --->   Core 80 'FIFO_SRL' <Latency = 0> <II = 1> <Delay = 1.83> <Storage> <Opcode : 'read' 'write' 'nbread' 'nbwrite'> <Ports = 0> <Width = 32> <Depth = 2> <FIFO>
ST_4 : Operation 864 [1/1] (0.00ns)   --->   "%curr_fullImage_827 = extractvalue i61536 %call_ret1" [../image_analysis.cpp:259]   --->   Operation 864 'extractvalue' 'curr_fullImage_827' <Predicate = true> <Delay = 0.00> <CoreInst = "FIFO_SRL">   --->   Core 80 'FIFO_SRL' <Latency = 0> <II = 1> <Delay = 1.83> <Storage> <Opcode : 'read' 'write' 'nbread' 'nbwrite'> <Ports = 0> <Width = 32> <Depth = 2> <FIFO>
ST_4 : Operation 865 [1/1] (0.00ns)   --->   "%curr_fullImage_828 = extractvalue i61536 %call_ret1" [../image_analysis.cpp:259]   --->   Operation 865 'extractvalue' 'curr_fullImage_828' <Predicate = true> <Delay = 0.00> <CoreInst = "FIFO_SRL">   --->   Core 80 'FIFO_SRL' <Latency = 0> <II = 1> <Delay = 1.83> <Storage> <Opcode : 'read' 'write' 'nbread' 'nbwrite'> <Ports = 0> <Width = 32> <Depth = 2> <FIFO>
ST_4 : Operation 866 [1/1] (0.00ns)   --->   "%curr_fullImage_829 = extractvalue i61536 %call_ret1" [../image_analysis.cpp:259]   --->   Operation 866 'extractvalue' 'curr_fullImage_829' <Predicate = true> <Delay = 0.00> <CoreInst = "FIFO_SRL">   --->   Core 80 'FIFO_SRL' <Latency = 0> <II = 1> <Delay = 1.83> <Storage> <Opcode : 'read' 'write' 'nbread' 'nbwrite'> <Ports = 0> <Width = 32> <Depth = 2> <FIFO>
ST_4 : Operation 867 [1/1] (0.00ns)   --->   "%curr_fullImage_830 = extractvalue i61536 %call_ret1" [../image_analysis.cpp:259]   --->   Operation 867 'extractvalue' 'curr_fullImage_830' <Predicate = true> <Delay = 0.00> <CoreInst = "FIFO_SRL">   --->   Core 80 'FIFO_SRL' <Latency = 0> <II = 1> <Delay = 1.83> <Storage> <Opcode : 'read' 'write' 'nbread' 'nbwrite'> <Ports = 0> <Width = 32> <Depth = 2> <FIFO>
ST_4 : Operation 868 [1/1] (0.00ns)   --->   "%curr_fullImage_831 = extractvalue i61536 %call_ret1" [../image_analysis.cpp:259]   --->   Operation 868 'extractvalue' 'curr_fullImage_831' <Predicate = true> <Delay = 0.00> <CoreInst = "FIFO_SRL">   --->   Core 80 'FIFO_SRL' <Latency = 0> <II = 1> <Delay = 1.83> <Storage> <Opcode : 'read' 'write' 'nbread' 'nbwrite'> <Ports = 0> <Width = 32> <Depth = 2> <FIFO>
ST_4 : Operation 869 [1/1] (0.00ns)   --->   "%curr_fullImage_832 = extractvalue i61536 %call_ret1" [../image_analysis.cpp:259]   --->   Operation 869 'extractvalue' 'curr_fullImage_832' <Predicate = true> <Delay = 0.00> <CoreInst = "FIFO_SRL">   --->   Core 80 'FIFO_SRL' <Latency = 0> <II = 1> <Delay = 1.83> <Storage> <Opcode : 'read' 'write' 'nbread' 'nbwrite'> <Ports = 0> <Width = 32> <Depth = 2> <FIFO>
ST_4 : Operation 870 [1/1] (0.00ns)   --->   "%curr_fullImage_833 = extractvalue i61536 %call_ret1" [../image_analysis.cpp:259]   --->   Operation 870 'extractvalue' 'curr_fullImage_833' <Predicate = true> <Delay = 0.00> <CoreInst = "FIFO_SRL">   --->   Core 80 'FIFO_SRL' <Latency = 0> <II = 1> <Delay = 1.83> <Storage> <Opcode : 'read' 'write' 'nbread' 'nbwrite'> <Ports = 0> <Width = 32> <Depth = 2> <FIFO>
ST_4 : Operation 871 [1/1] (0.00ns)   --->   "%curr_fullImage_834 = extractvalue i61536 %call_ret1" [../image_analysis.cpp:259]   --->   Operation 871 'extractvalue' 'curr_fullImage_834' <Predicate = true> <Delay = 0.00> <CoreInst = "FIFO_SRL">   --->   Core 80 'FIFO_SRL' <Latency = 0> <II = 1> <Delay = 1.83> <Storage> <Opcode : 'read' 'write' 'nbread' 'nbwrite'> <Ports = 0> <Width = 32> <Depth = 2> <FIFO>
ST_4 : Operation 872 [1/1] (0.00ns)   --->   "%curr_fullImage_835 = extractvalue i61536 %call_ret1" [../image_analysis.cpp:259]   --->   Operation 872 'extractvalue' 'curr_fullImage_835' <Predicate = true> <Delay = 0.00> <CoreInst = "FIFO_SRL">   --->   Core 80 'FIFO_SRL' <Latency = 0> <II = 1> <Delay = 1.83> <Storage> <Opcode : 'read' 'write' 'nbread' 'nbwrite'> <Ports = 0> <Width = 32> <Depth = 2> <FIFO>
ST_4 : Operation 873 [1/1] (0.00ns)   --->   "%curr_fullImage_836 = extractvalue i61536 %call_ret1" [../image_analysis.cpp:259]   --->   Operation 873 'extractvalue' 'curr_fullImage_836' <Predicate = true> <Delay = 0.00> <CoreInst = "FIFO_SRL">   --->   Core 80 'FIFO_SRL' <Latency = 0> <II = 1> <Delay = 1.83> <Storage> <Opcode : 'read' 'write' 'nbread' 'nbwrite'> <Ports = 0> <Width = 32> <Depth = 2> <FIFO>
ST_4 : Operation 874 [1/1] (0.00ns)   --->   "%curr_fullImage_837 = extractvalue i61536 %call_ret1" [../image_analysis.cpp:259]   --->   Operation 874 'extractvalue' 'curr_fullImage_837' <Predicate = true> <Delay = 0.00> <CoreInst = "FIFO_SRL">   --->   Core 80 'FIFO_SRL' <Latency = 0> <II = 1> <Delay = 1.83> <Storage> <Opcode : 'read' 'write' 'nbread' 'nbwrite'> <Ports = 0> <Width = 32> <Depth = 2> <FIFO>
ST_4 : Operation 875 [1/1] (0.00ns)   --->   "%curr_fullImage_838 = extractvalue i61536 %call_ret1" [../image_analysis.cpp:259]   --->   Operation 875 'extractvalue' 'curr_fullImage_838' <Predicate = true> <Delay = 0.00> <CoreInst = "FIFO_SRL">   --->   Core 80 'FIFO_SRL' <Latency = 0> <II = 1> <Delay = 1.83> <Storage> <Opcode : 'read' 'write' 'nbread' 'nbwrite'> <Ports = 0> <Width = 32> <Depth = 2> <FIFO>
ST_4 : Operation 876 [1/1] (0.00ns)   --->   "%curr_fullImage_839 = extractvalue i61536 %call_ret1" [../image_analysis.cpp:259]   --->   Operation 876 'extractvalue' 'curr_fullImage_839' <Predicate = true> <Delay = 0.00> <CoreInst = "FIFO_SRL">   --->   Core 80 'FIFO_SRL' <Latency = 0> <II = 1> <Delay = 1.83> <Storage> <Opcode : 'read' 'write' 'nbread' 'nbwrite'> <Ports = 0> <Width = 32> <Depth = 2> <FIFO>
ST_4 : Operation 877 [1/1] (0.00ns)   --->   "%curr_fullImage_840 = extractvalue i61536 %call_ret1" [../image_analysis.cpp:259]   --->   Operation 877 'extractvalue' 'curr_fullImage_840' <Predicate = true> <Delay = 0.00> <CoreInst = "FIFO_SRL">   --->   Core 80 'FIFO_SRL' <Latency = 0> <II = 1> <Delay = 1.83> <Storage> <Opcode : 'read' 'write' 'nbread' 'nbwrite'> <Ports = 0> <Width = 32> <Depth = 2> <FIFO>
ST_4 : Operation 878 [1/1] (0.00ns)   --->   "%curr_fullImage_841 = extractvalue i61536 %call_ret1" [../image_analysis.cpp:259]   --->   Operation 878 'extractvalue' 'curr_fullImage_841' <Predicate = true> <Delay = 0.00> <CoreInst = "FIFO_SRL">   --->   Core 80 'FIFO_SRL' <Latency = 0> <II = 1> <Delay = 1.83> <Storage> <Opcode : 'read' 'write' 'nbread' 'nbwrite'> <Ports = 0> <Width = 32> <Depth = 2> <FIFO>
ST_4 : Operation 879 [1/1] (0.00ns)   --->   "%curr_fullImage_842 = extractvalue i61536 %call_ret1" [../image_analysis.cpp:259]   --->   Operation 879 'extractvalue' 'curr_fullImage_842' <Predicate = true> <Delay = 0.00> <CoreInst = "FIFO_SRL">   --->   Core 80 'FIFO_SRL' <Latency = 0> <II = 1> <Delay = 1.83> <Storage> <Opcode : 'read' 'write' 'nbread' 'nbwrite'> <Ports = 0> <Width = 32> <Depth = 2> <FIFO>
ST_4 : Operation 880 [1/1] (0.00ns)   --->   "%curr_fullImage_843 = extractvalue i61536 %call_ret1" [../image_analysis.cpp:259]   --->   Operation 880 'extractvalue' 'curr_fullImage_843' <Predicate = true> <Delay = 0.00> <CoreInst = "FIFO_SRL">   --->   Core 80 'FIFO_SRL' <Latency = 0> <II = 1> <Delay = 1.83> <Storage> <Opcode : 'read' 'write' 'nbread' 'nbwrite'> <Ports = 0> <Width = 32> <Depth = 2> <FIFO>
ST_4 : Operation 881 [1/1] (0.00ns)   --->   "%curr_fullImage_844 = extractvalue i61536 %call_ret1" [../image_analysis.cpp:259]   --->   Operation 881 'extractvalue' 'curr_fullImage_844' <Predicate = true> <Delay = 0.00> <CoreInst = "FIFO_SRL">   --->   Core 80 'FIFO_SRL' <Latency = 0> <II = 1> <Delay = 1.83> <Storage> <Opcode : 'read' 'write' 'nbread' 'nbwrite'> <Ports = 0> <Width = 32> <Depth = 2> <FIFO>
ST_4 : Operation 882 [1/1] (0.00ns)   --->   "%curr_fullImage_845 = extractvalue i61536 %call_ret1" [../image_analysis.cpp:259]   --->   Operation 882 'extractvalue' 'curr_fullImage_845' <Predicate = true> <Delay = 0.00> <CoreInst = "FIFO_SRL">   --->   Core 80 'FIFO_SRL' <Latency = 0> <II = 1> <Delay = 1.83> <Storage> <Opcode : 'read' 'write' 'nbread' 'nbwrite'> <Ports = 0> <Width = 32> <Depth = 2> <FIFO>
ST_4 : Operation 883 [1/1] (0.00ns)   --->   "%curr_fullImage_846 = extractvalue i61536 %call_ret1" [../image_analysis.cpp:259]   --->   Operation 883 'extractvalue' 'curr_fullImage_846' <Predicate = true> <Delay = 0.00> <CoreInst = "FIFO_SRL">   --->   Core 80 'FIFO_SRL' <Latency = 0> <II = 1> <Delay = 1.83> <Storage> <Opcode : 'read' 'write' 'nbread' 'nbwrite'> <Ports = 0> <Width = 32> <Depth = 2> <FIFO>
ST_4 : Operation 884 [1/1] (0.00ns)   --->   "%curr_fullImage_847 = extractvalue i61536 %call_ret1" [../image_analysis.cpp:259]   --->   Operation 884 'extractvalue' 'curr_fullImage_847' <Predicate = true> <Delay = 0.00> <CoreInst = "FIFO_SRL">   --->   Core 80 'FIFO_SRL' <Latency = 0> <II = 1> <Delay = 1.83> <Storage> <Opcode : 'read' 'write' 'nbread' 'nbwrite'> <Ports = 0> <Width = 32> <Depth = 2> <FIFO>
ST_4 : Operation 885 [1/1] (0.00ns)   --->   "%curr_fullImage_848 = extractvalue i61536 %call_ret1" [../image_analysis.cpp:259]   --->   Operation 885 'extractvalue' 'curr_fullImage_848' <Predicate = true> <Delay = 0.00> <CoreInst = "FIFO_SRL">   --->   Core 80 'FIFO_SRL' <Latency = 0> <II = 1> <Delay = 1.83> <Storage> <Opcode : 'read' 'write' 'nbread' 'nbwrite'> <Ports = 0> <Width = 32> <Depth = 2> <FIFO>
ST_4 : Operation 886 [1/1] (0.00ns)   --->   "%curr_fullImage_849 = extractvalue i61536 %call_ret1" [../image_analysis.cpp:259]   --->   Operation 886 'extractvalue' 'curr_fullImage_849' <Predicate = true> <Delay = 0.00> <CoreInst = "FIFO_SRL">   --->   Core 80 'FIFO_SRL' <Latency = 0> <II = 1> <Delay = 1.83> <Storage> <Opcode : 'read' 'write' 'nbread' 'nbwrite'> <Ports = 0> <Width = 32> <Depth = 2> <FIFO>
ST_4 : Operation 887 [1/1] (0.00ns)   --->   "%curr_fullImage_850 = extractvalue i61536 %call_ret1" [../image_analysis.cpp:259]   --->   Operation 887 'extractvalue' 'curr_fullImage_850' <Predicate = true> <Delay = 0.00> <CoreInst = "FIFO_SRL">   --->   Core 80 'FIFO_SRL' <Latency = 0> <II = 1> <Delay = 1.83> <Storage> <Opcode : 'read' 'write' 'nbread' 'nbwrite'> <Ports = 0> <Width = 32> <Depth = 2> <FIFO>
ST_4 : Operation 888 [1/1] (0.00ns)   --->   "%curr_fullImage_851 = extractvalue i61536 %call_ret1" [../image_analysis.cpp:259]   --->   Operation 888 'extractvalue' 'curr_fullImage_851' <Predicate = true> <Delay = 0.00> <CoreInst = "FIFO_SRL">   --->   Core 80 'FIFO_SRL' <Latency = 0> <II = 1> <Delay = 1.83> <Storage> <Opcode : 'read' 'write' 'nbread' 'nbwrite'> <Ports = 0> <Width = 32> <Depth = 2> <FIFO>
ST_4 : Operation 889 [1/1] (0.00ns)   --->   "%curr_fullImage_852 = extractvalue i61536 %call_ret1" [../image_analysis.cpp:259]   --->   Operation 889 'extractvalue' 'curr_fullImage_852' <Predicate = true> <Delay = 0.00> <CoreInst = "FIFO_SRL">   --->   Core 80 'FIFO_SRL' <Latency = 0> <II = 1> <Delay = 1.83> <Storage> <Opcode : 'read' 'write' 'nbread' 'nbwrite'> <Ports = 0> <Width = 32> <Depth = 2> <FIFO>
ST_4 : Operation 890 [1/1] (0.00ns)   --->   "%curr_fullImage_853 = extractvalue i61536 %call_ret1" [../image_analysis.cpp:259]   --->   Operation 890 'extractvalue' 'curr_fullImage_853' <Predicate = true> <Delay = 0.00> <CoreInst = "FIFO_SRL">   --->   Core 80 'FIFO_SRL' <Latency = 0> <II = 1> <Delay = 1.83> <Storage> <Opcode : 'read' 'write' 'nbread' 'nbwrite'> <Ports = 0> <Width = 32> <Depth = 2> <FIFO>
ST_4 : Operation 891 [1/1] (0.00ns)   --->   "%curr_fullImage_854 = extractvalue i61536 %call_ret1" [../image_analysis.cpp:259]   --->   Operation 891 'extractvalue' 'curr_fullImage_854' <Predicate = true> <Delay = 0.00> <CoreInst = "FIFO_SRL">   --->   Core 80 'FIFO_SRL' <Latency = 0> <II = 1> <Delay = 1.83> <Storage> <Opcode : 'read' 'write' 'nbread' 'nbwrite'> <Ports = 0> <Width = 32> <Depth = 2> <FIFO>
ST_4 : Operation 892 [1/1] (0.00ns)   --->   "%curr_fullImage_855 = extractvalue i61536 %call_ret1" [../image_analysis.cpp:259]   --->   Operation 892 'extractvalue' 'curr_fullImage_855' <Predicate = true> <Delay = 0.00> <CoreInst = "FIFO_SRL">   --->   Core 80 'FIFO_SRL' <Latency = 0> <II = 1> <Delay = 1.83> <Storage> <Opcode : 'read' 'write' 'nbread' 'nbwrite'> <Ports = 0> <Width = 32> <Depth = 2> <FIFO>
ST_4 : Operation 893 [1/1] (0.00ns)   --->   "%curr_fullImage_856 = extractvalue i61536 %call_ret1" [../image_analysis.cpp:259]   --->   Operation 893 'extractvalue' 'curr_fullImage_856' <Predicate = true> <Delay = 0.00> <CoreInst = "FIFO_SRL">   --->   Core 80 'FIFO_SRL' <Latency = 0> <II = 1> <Delay = 1.83> <Storage> <Opcode : 'read' 'write' 'nbread' 'nbwrite'> <Ports = 0> <Width = 32> <Depth = 2> <FIFO>
ST_4 : Operation 894 [1/1] (0.00ns)   --->   "%curr_fullImage_857 = extractvalue i61536 %call_ret1" [../image_analysis.cpp:259]   --->   Operation 894 'extractvalue' 'curr_fullImage_857' <Predicate = true> <Delay = 0.00> <CoreInst = "FIFO_SRL">   --->   Core 80 'FIFO_SRL' <Latency = 0> <II = 1> <Delay = 1.83> <Storage> <Opcode : 'read' 'write' 'nbread' 'nbwrite'> <Ports = 0> <Width = 32> <Depth = 2> <FIFO>
ST_4 : Operation 895 [1/1] (0.00ns)   --->   "%curr_fullImage_858 = extractvalue i61536 %call_ret1" [../image_analysis.cpp:259]   --->   Operation 895 'extractvalue' 'curr_fullImage_858' <Predicate = true> <Delay = 0.00> <CoreInst = "FIFO_SRL">   --->   Core 80 'FIFO_SRL' <Latency = 0> <II = 1> <Delay = 1.83> <Storage> <Opcode : 'read' 'write' 'nbread' 'nbwrite'> <Ports = 0> <Width = 32> <Depth = 2> <FIFO>
ST_4 : Operation 896 [1/1] (0.00ns)   --->   "%curr_fullImage_859 = extractvalue i61536 %call_ret1" [../image_analysis.cpp:259]   --->   Operation 896 'extractvalue' 'curr_fullImage_859' <Predicate = true> <Delay = 0.00> <CoreInst = "FIFO_SRL">   --->   Core 80 'FIFO_SRL' <Latency = 0> <II = 1> <Delay = 1.83> <Storage> <Opcode : 'read' 'write' 'nbread' 'nbwrite'> <Ports = 0> <Width = 32> <Depth = 2> <FIFO>
ST_4 : Operation 897 [1/1] (0.00ns)   --->   "%curr_fullImage_860 = extractvalue i61536 %call_ret1" [../image_analysis.cpp:259]   --->   Operation 897 'extractvalue' 'curr_fullImage_860' <Predicate = true> <Delay = 0.00> <CoreInst = "FIFO_SRL">   --->   Core 80 'FIFO_SRL' <Latency = 0> <II = 1> <Delay = 1.83> <Storage> <Opcode : 'read' 'write' 'nbread' 'nbwrite'> <Ports = 0> <Width = 32> <Depth = 2> <FIFO>
ST_4 : Operation 898 [1/1] (0.00ns)   --->   "%curr_fullImage_861 = extractvalue i61536 %call_ret1" [../image_analysis.cpp:259]   --->   Operation 898 'extractvalue' 'curr_fullImage_861' <Predicate = true> <Delay = 0.00> <CoreInst = "FIFO_SRL">   --->   Core 80 'FIFO_SRL' <Latency = 0> <II = 1> <Delay = 1.83> <Storage> <Opcode : 'read' 'write' 'nbread' 'nbwrite'> <Ports = 0> <Width = 32> <Depth = 2> <FIFO>
ST_4 : Operation 899 [1/1] (0.00ns)   --->   "%curr_fullImage_862 = extractvalue i61536 %call_ret1" [../image_analysis.cpp:259]   --->   Operation 899 'extractvalue' 'curr_fullImage_862' <Predicate = true> <Delay = 0.00> <CoreInst = "FIFO_SRL">   --->   Core 80 'FIFO_SRL' <Latency = 0> <II = 1> <Delay = 1.83> <Storage> <Opcode : 'read' 'write' 'nbread' 'nbwrite'> <Ports = 0> <Width = 32> <Depth = 2> <FIFO>
ST_4 : Operation 900 [1/1] (0.00ns)   --->   "%curr_fullImage_863 = extractvalue i61536 %call_ret1" [../image_analysis.cpp:259]   --->   Operation 900 'extractvalue' 'curr_fullImage_863' <Predicate = true> <Delay = 0.00> <CoreInst = "FIFO_SRL">   --->   Core 80 'FIFO_SRL' <Latency = 0> <II = 1> <Delay = 1.83> <Storage> <Opcode : 'read' 'write' 'nbread' 'nbwrite'> <Ports = 0> <Width = 32> <Depth = 2> <FIFO>
ST_4 : Operation 901 [1/1] (0.00ns)   --->   "%curr_fullImage_864 = extractvalue i61536 %call_ret1" [../image_analysis.cpp:259]   --->   Operation 901 'extractvalue' 'curr_fullImage_864' <Predicate = true> <Delay = 0.00> <CoreInst = "FIFO_SRL">   --->   Core 80 'FIFO_SRL' <Latency = 0> <II = 1> <Delay = 1.83> <Storage> <Opcode : 'read' 'write' 'nbread' 'nbwrite'> <Ports = 0> <Width = 32> <Depth = 2> <FIFO>
ST_4 : Operation 902 [1/1] (0.00ns)   --->   "%curr_fullImage_865 = extractvalue i61536 %call_ret1" [../image_analysis.cpp:259]   --->   Operation 902 'extractvalue' 'curr_fullImage_865' <Predicate = true> <Delay = 0.00> <CoreInst = "FIFO_SRL">   --->   Core 80 'FIFO_SRL' <Latency = 0> <II = 1> <Delay = 1.83> <Storage> <Opcode : 'read' 'write' 'nbread' 'nbwrite'> <Ports = 0> <Width = 32> <Depth = 2> <FIFO>
ST_4 : Operation 903 [1/1] (0.00ns)   --->   "%curr_fullImage_866 = extractvalue i61536 %call_ret1" [../image_analysis.cpp:259]   --->   Operation 903 'extractvalue' 'curr_fullImage_866' <Predicate = true> <Delay = 0.00> <CoreInst = "FIFO_SRL">   --->   Core 80 'FIFO_SRL' <Latency = 0> <II = 1> <Delay = 1.83> <Storage> <Opcode : 'read' 'write' 'nbread' 'nbwrite'> <Ports = 0> <Width = 32> <Depth = 2> <FIFO>
ST_4 : Operation 904 [1/1] (0.00ns)   --->   "%curr_fullImage_867 = extractvalue i61536 %call_ret1" [../image_analysis.cpp:259]   --->   Operation 904 'extractvalue' 'curr_fullImage_867' <Predicate = true> <Delay = 0.00> <CoreInst = "FIFO_SRL">   --->   Core 80 'FIFO_SRL' <Latency = 0> <II = 1> <Delay = 1.83> <Storage> <Opcode : 'read' 'write' 'nbread' 'nbwrite'> <Ports = 0> <Width = 32> <Depth = 2> <FIFO>
ST_4 : Operation 905 [1/1] (0.00ns)   --->   "%curr_fullImage_868 = extractvalue i61536 %call_ret1" [../image_analysis.cpp:259]   --->   Operation 905 'extractvalue' 'curr_fullImage_868' <Predicate = true> <Delay = 0.00> <CoreInst = "FIFO_SRL">   --->   Core 80 'FIFO_SRL' <Latency = 0> <II = 1> <Delay = 1.83> <Storage> <Opcode : 'read' 'write' 'nbread' 'nbwrite'> <Ports = 0> <Width = 32> <Depth = 2> <FIFO>
ST_4 : Operation 906 [1/1] (0.00ns)   --->   "%curr_fullImage_869 = extractvalue i61536 %call_ret1" [../image_analysis.cpp:259]   --->   Operation 906 'extractvalue' 'curr_fullImage_869' <Predicate = true> <Delay = 0.00> <CoreInst = "FIFO_SRL">   --->   Core 80 'FIFO_SRL' <Latency = 0> <II = 1> <Delay = 1.83> <Storage> <Opcode : 'read' 'write' 'nbread' 'nbwrite'> <Ports = 0> <Width = 32> <Depth = 2> <FIFO>
ST_4 : Operation 907 [1/1] (0.00ns)   --->   "%curr_fullImage_870 = extractvalue i61536 %call_ret1" [../image_analysis.cpp:259]   --->   Operation 907 'extractvalue' 'curr_fullImage_870' <Predicate = true> <Delay = 0.00> <CoreInst = "FIFO_SRL">   --->   Core 80 'FIFO_SRL' <Latency = 0> <II = 1> <Delay = 1.83> <Storage> <Opcode : 'read' 'write' 'nbread' 'nbwrite'> <Ports = 0> <Width = 32> <Depth = 2> <FIFO>
ST_4 : Operation 908 [1/1] (0.00ns)   --->   "%curr_fullImage_871 = extractvalue i61536 %call_ret1" [../image_analysis.cpp:259]   --->   Operation 908 'extractvalue' 'curr_fullImage_871' <Predicate = true> <Delay = 0.00> <CoreInst = "FIFO_SRL">   --->   Core 80 'FIFO_SRL' <Latency = 0> <II = 1> <Delay = 1.83> <Storage> <Opcode : 'read' 'write' 'nbread' 'nbwrite'> <Ports = 0> <Width = 32> <Depth = 2> <FIFO>
ST_4 : Operation 909 [1/1] (0.00ns)   --->   "%curr_fullImage_872 = extractvalue i61536 %call_ret1" [../image_analysis.cpp:259]   --->   Operation 909 'extractvalue' 'curr_fullImage_872' <Predicate = true> <Delay = 0.00> <CoreInst = "FIFO_SRL">   --->   Core 80 'FIFO_SRL' <Latency = 0> <II = 1> <Delay = 1.83> <Storage> <Opcode : 'read' 'write' 'nbread' 'nbwrite'> <Ports = 0> <Width = 32> <Depth = 2> <FIFO>
ST_4 : Operation 910 [1/1] (0.00ns)   --->   "%curr_fullImage_873 = extractvalue i61536 %call_ret1" [../image_analysis.cpp:259]   --->   Operation 910 'extractvalue' 'curr_fullImage_873' <Predicate = true> <Delay = 0.00> <CoreInst = "FIFO_SRL">   --->   Core 80 'FIFO_SRL' <Latency = 0> <II = 1> <Delay = 1.83> <Storage> <Opcode : 'read' 'write' 'nbread' 'nbwrite'> <Ports = 0> <Width = 32> <Depth = 2> <FIFO>
ST_4 : Operation 911 [1/1] (0.00ns)   --->   "%curr_fullImage_874 = extractvalue i61536 %call_ret1" [../image_analysis.cpp:259]   --->   Operation 911 'extractvalue' 'curr_fullImage_874' <Predicate = true> <Delay = 0.00> <CoreInst = "FIFO_SRL">   --->   Core 80 'FIFO_SRL' <Latency = 0> <II = 1> <Delay = 1.83> <Storage> <Opcode : 'read' 'write' 'nbread' 'nbwrite'> <Ports = 0> <Width = 32> <Depth = 2> <FIFO>
ST_4 : Operation 912 [1/1] (0.00ns)   --->   "%curr_fullImage_875 = extractvalue i61536 %call_ret1" [../image_analysis.cpp:259]   --->   Operation 912 'extractvalue' 'curr_fullImage_875' <Predicate = true> <Delay = 0.00> <CoreInst = "FIFO_SRL">   --->   Core 80 'FIFO_SRL' <Latency = 0> <II = 1> <Delay = 1.83> <Storage> <Opcode : 'read' 'write' 'nbread' 'nbwrite'> <Ports = 0> <Width = 32> <Depth = 2> <FIFO>
ST_4 : Operation 913 [1/1] (0.00ns)   --->   "%curr_fullImage_876 = extractvalue i61536 %call_ret1" [../image_analysis.cpp:259]   --->   Operation 913 'extractvalue' 'curr_fullImage_876' <Predicate = true> <Delay = 0.00> <CoreInst = "FIFO_SRL">   --->   Core 80 'FIFO_SRL' <Latency = 0> <II = 1> <Delay = 1.83> <Storage> <Opcode : 'read' 'write' 'nbread' 'nbwrite'> <Ports = 0> <Width = 32> <Depth = 2> <FIFO>
ST_4 : Operation 914 [1/1] (0.00ns)   --->   "%curr_fullImage_877 = extractvalue i61536 %call_ret1" [../image_analysis.cpp:259]   --->   Operation 914 'extractvalue' 'curr_fullImage_877' <Predicate = true> <Delay = 0.00> <CoreInst = "FIFO_SRL">   --->   Core 80 'FIFO_SRL' <Latency = 0> <II = 1> <Delay = 1.83> <Storage> <Opcode : 'read' 'write' 'nbread' 'nbwrite'> <Ports = 0> <Width = 32> <Depth = 2> <FIFO>
ST_4 : Operation 915 [1/1] (0.00ns)   --->   "%curr_fullImage_878 = extractvalue i61536 %call_ret1" [../image_analysis.cpp:259]   --->   Operation 915 'extractvalue' 'curr_fullImage_878' <Predicate = true> <Delay = 0.00> <CoreInst = "FIFO_SRL">   --->   Core 80 'FIFO_SRL' <Latency = 0> <II = 1> <Delay = 1.83> <Storage> <Opcode : 'read' 'write' 'nbread' 'nbwrite'> <Ports = 0> <Width = 32> <Depth = 2> <FIFO>
ST_4 : Operation 916 [1/1] (0.00ns)   --->   "%curr_fullImage_879 = extractvalue i61536 %call_ret1" [../image_analysis.cpp:259]   --->   Operation 916 'extractvalue' 'curr_fullImage_879' <Predicate = true> <Delay = 0.00> <CoreInst = "FIFO_SRL">   --->   Core 80 'FIFO_SRL' <Latency = 0> <II = 1> <Delay = 1.83> <Storage> <Opcode : 'read' 'write' 'nbread' 'nbwrite'> <Ports = 0> <Width = 32> <Depth = 2> <FIFO>
ST_4 : Operation 917 [1/1] (0.00ns)   --->   "%curr_fullImage_880 = extractvalue i61536 %call_ret1" [../image_analysis.cpp:259]   --->   Operation 917 'extractvalue' 'curr_fullImage_880' <Predicate = true> <Delay = 0.00> <CoreInst = "FIFO_SRL">   --->   Core 80 'FIFO_SRL' <Latency = 0> <II = 1> <Delay = 1.83> <Storage> <Opcode : 'read' 'write' 'nbread' 'nbwrite'> <Ports = 0> <Width = 32> <Depth = 2> <FIFO>
ST_4 : Operation 918 [1/1] (0.00ns)   --->   "%curr_fullImage_881 = extractvalue i61536 %call_ret1" [../image_analysis.cpp:259]   --->   Operation 918 'extractvalue' 'curr_fullImage_881' <Predicate = true> <Delay = 0.00> <CoreInst = "FIFO_SRL">   --->   Core 80 'FIFO_SRL' <Latency = 0> <II = 1> <Delay = 1.83> <Storage> <Opcode : 'read' 'write' 'nbread' 'nbwrite'> <Ports = 0> <Width = 32> <Depth = 2> <FIFO>
ST_4 : Operation 919 [1/1] (0.00ns)   --->   "%curr_fullImage_882 = extractvalue i61536 %call_ret1" [../image_analysis.cpp:259]   --->   Operation 919 'extractvalue' 'curr_fullImage_882' <Predicate = true> <Delay = 0.00> <CoreInst = "FIFO_SRL">   --->   Core 80 'FIFO_SRL' <Latency = 0> <II = 1> <Delay = 1.83> <Storage> <Opcode : 'read' 'write' 'nbread' 'nbwrite'> <Ports = 0> <Width = 32> <Depth = 2> <FIFO>
ST_4 : Operation 920 [1/1] (0.00ns)   --->   "%curr_fullImage_883 = extractvalue i61536 %call_ret1" [../image_analysis.cpp:259]   --->   Operation 920 'extractvalue' 'curr_fullImage_883' <Predicate = true> <Delay = 0.00> <CoreInst = "FIFO_SRL">   --->   Core 80 'FIFO_SRL' <Latency = 0> <II = 1> <Delay = 1.83> <Storage> <Opcode : 'read' 'write' 'nbread' 'nbwrite'> <Ports = 0> <Width = 32> <Depth = 2> <FIFO>
ST_4 : Operation 921 [1/1] (0.00ns)   --->   "%curr_fullImage_884 = extractvalue i61536 %call_ret1" [../image_analysis.cpp:259]   --->   Operation 921 'extractvalue' 'curr_fullImage_884' <Predicate = true> <Delay = 0.00> <CoreInst = "FIFO_SRL">   --->   Core 80 'FIFO_SRL' <Latency = 0> <II = 1> <Delay = 1.83> <Storage> <Opcode : 'read' 'write' 'nbread' 'nbwrite'> <Ports = 0> <Width = 32> <Depth = 2> <FIFO>
ST_4 : Operation 922 [1/1] (0.00ns)   --->   "%curr_fullImage_885 = extractvalue i61536 %call_ret1" [../image_analysis.cpp:259]   --->   Operation 922 'extractvalue' 'curr_fullImage_885' <Predicate = true> <Delay = 0.00> <CoreInst = "FIFO_SRL">   --->   Core 80 'FIFO_SRL' <Latency = 0> <II = 1> <Delay = 1.83> <Storage> <Opcode : 'read' 'write' 'nbread' 'nbwrite'> <Ports = 0> <Width = 32> <Depth = 2> <FIFO>
ST_4 : Operation 923 [1/1] (0.00ns)   --->   "%curr_fullImage_886 = extractvalue i61536 %call_ret1" [../image_analysis.cpp:259]   --->   Operation 923 'extractvalue' 'curr_fullImage_886' <Predicate = true> <Delay = 0.00> <CoreInst = "FIFO_SRL">   --->   Core 80 'FIFO_SRL' <Latency = 0> <II = 1> <Delay = 1.83> <Storage> <Opcode : 'read' 'write' 'nbread' 'nbwrite'> <Ports = 0> <Width = 32> <Depth = 2> <FIFO>
ST_4 : Operation 924 [1/1] (0.00ns)   --->   "%curr_fullImage_887 = extractvalue i61536 %call_ret1" [../image_analysis.cpp:259]   --->   Operation 924 'extractvalue' 'curr_fullImage_887' <Predicate = true> <Delay = 0.00> <CoreInst = "FIFO_SRL">   --->   Core 80 'FIFO_SRL' <Latency = 0> <II = 1> <Delay = 1.83> <Storage> <Opcode : 'read' 'write' 'nbread' 'nbwrite'> <Ports = 0> <Width = 32> <Depth = 2> <FIFO>
ST_4 : Operation 925 [1/1] (0.00ns)   --->   "%curr_fullImage_888 = extractvalue i61536 %call_ret1" [../image_analysis.cpp:259]   --->   Operation 925 'extractvalue' 'curr_fullImage_888' <Predicate = true> <Delay = 0.00> <CoreInst = "FIFO_SRL">   --->   Core 80 'FIFO_SRL' <Latency = 0> <II = 1> <Delay = 1.83> <Storage> <Opcode : 'read' 'write' 'nbread' 'nbwrite'> <Ports = 0> <Width = 32> <Depth = 2> <FIFO>
ST_4 : Operation 926 [1/1] (0.00ns)   --->   "%curr_fullImage_889 = extractvalue i61536 %call_ret1" [../image_analysis.cpp:259]   --->   Operation 926 'extractvalue' 'curr_fullImage_889' <Predicate = true> <Delay = 0.00> <CoreInst = "FIFO_SRL">   --->   Core 80 'FIFO_SRL' <Latency = 0> <II = 1> <Delay = 1.83> <Storage> <Opcode : 'read' 'write' 'nbread' 'nbwrite'> <Ports = 0> <Width = 32> <Depth = 2> <FIFO>
ST_4 : Operation 927 [1/1] (0.00ns)   --->   "%curr_fullImage_890 = extractvalue i61536 %call_ret1" [../image_analysis.cpp:259]   --->   Operation 927 'extractvalue' 'curr_fullImage_890' <Predicate = true> <Delay = 0.00> <CoreInst = "FIFO_SRL">   --->   Core 80 'FIFO_SRL' <Latency = 0> <II = 1> <Delay = 1.83> <Storage> <Opcode : 'read' 'write' 'nbread' 'nbwrite'> <Ports = 0> <Width = 32> <Depth = 2> <FIFO>
ST_4 : Operation 928 [1/1] (0.00ns)   --->   "%curr_fullImage_891 = extractvalue i61536 %call_ret1" [../image_analysis.cpp:259]   --->   Operation 928 'extractvalue' 'curr_fullImage_891' <Predicate = true> <Delay = 0.00> <CoreInst = "FIFO_SRL">   --->   Core 80 'FIFO_SRL' <Latency = 0> <II = 1> <Delay = 1.83> <Storage> <Opcode : 'read' 'write' 'nbread' 'nbwrite'> <Ports = 0> <Width = 32> <Depth = 2> <FIFO>
ST_4 : Operation 929 [1/1] (0.00ns)   --->   "%curr_fullImage_892 = extractvalue i61536 %call_ret1" [../image_analysis.cpp:259]   --->   Operation 929 'extractvalue' 'curr_fullImage_892' <Predicate = true> <Delay = 0.00> <CoreInst = "FIFO_SRL">   --->   Core 80 'FIFO_SRL' <Latency = 0> <II = 1> <Delay = 1.83> <Storage> <Opcode : 'read' 'write' 'nbread' 'nbwrite'> <Ports = 0> <Width = 32> <Depth = 2> <FIFO>
ST_4 : Operation 930 [1/1] (0.00ns)   --->   "%curr_fullImage_893 = extractvalue i61536 %call_ret1" [../image_analysis.cpp:259]   --->   Operation 930 'extractvalue' 'curr_fullImage_893' <Predicate = true> <Delay = 0.00> <CoreInst = "FIFO_SRL">   --->   Core 80 'FIFO_SRL' <Latency = 0> <II = 1> <Delay = 1.83> <Storage> <Opcode : 'read' 'write' 'nbread' 'nbwrite'> <Ports = 0> <Width = 32> <Depth = 2> <FIFO>
ST_4 : Operation 931 [1/1] (0.00ns)   --->   "%curr_fullImage_894 = extractvalue i61536 %call_ret1" [../image_analysis.cpp:259]   --->   Operation 931 'extractvalue' 'curr_fullImage_894' <Predicate = true> <Delay = 0.00> <CoreInst = "FIFO_SRL">   --->   Core 80 'FIFO_SRL' <Latency = 0> <II = 1> <Delay = 1.83> <Storage> <Opcode : 'read' 'write' 'nbread' 'nbwrite'> <Ports = 0> <Width = 32> <Depth = 2> <FIFO>
ST_4 : Operation 932 [1/1] (0.00ns)   --->   "%curr_fullImage_895 = extractvalue i61536 %call_ret1" [../image_analysis.cpp:259]   --->   Operation 932 'extractvalue' 'curr_fullImage_895' <Predicate = true> <Delay = 0.00> <CoreInst = "FIFO_SRL">   --->   Core 80 'FIFO_SRL' <Latency = 0> <II = 1> <Delay = 1.83> <Storage> <Opcode : 'read' 'write' 'nbread' 'nbwrite'> <Ports = 0> <Width = 32> <Depth = 2> <FIFO>
ST_4 : Operation 933 [1/1] (0.00ns)   --->   "%curr_fullImage_896 = extractvalue i61536 %call_ret1" [../image_analysis.cpp:259]   --->   Operation 933 'extractvalue' 'curr_fullImage_896' <Predicate = true> <Delay = 0.00> <CoreInst = "FIFO_SRL">   --->   Core 80 'FIFO_SRL' <Latency = 0> <II = 1> <Delay = 1.83> <Storage> <Opcode : 'read' 'write' 'nbread' 'nbwrite'> <Ports = 0> <Width = 32> <Depth = 2> <FIFO>
ST_4 : Operation 934 [1/1] (0.00ns)   --->   "%curr_fullImage_897 = extractvalue i61536 %call_ret1" [../image_analysis.cpp:259]   --->   Operation 934 'extractvalue' 'curr_fullImage_897' <Predicate = true> <Delay = 0.00> <CoreInst = "FIFO_SRL">   --->   Core 80 'FIFO_SRL' <Latency = 0> <II = 1> <Delay = 1.83> <Storage> <Opcode : 'read' 'write' 'nbread' 'nbwrite'> <Ports = 0> <Width = 32> <Depth = 2> <FIFO>
ST_4 : Operation 935 [1/1] (0.00ns)   --->   "%curr_fullImage_898 = extractvalue i61536 %call_ret1" [../image_analysis.cpp:259]   --->   Operation 935 'extractvalue' 'curr_fullImage_898' <Predicate = true> <Delay = 0.00> <CoreInst = "FIFO_SRL">   --->   Core 80 'FIFO_SRL' <Latency = 0> <II = 1> <Delay = 1.83> <Storage> <Opcode : 'read' 'write' 'nbread' 'nbwrite'> <Ports = 0> <Width = 32> <Depth = 2> <FIFO>
ST_4 : Operation 936 [1/1] (0.00ns)   --->   "%curr_fullImage_899 = extractvalue i61536 %call_ret1" [../image_analysis.cpp:259]   --->   Operation 936 'extractvalue' 'curr_fullImage_899' <Predicate = true> <Delay = 0.00> <CoreInst = "FIFO_SRL">   --->   Core 80 'FIFO_SRL' <Latency = 0> <II = 1> <Delay = 1.83> <Storage> <Opcode : 'read' 'write' 'nbread' 'nbwrite'> <Ports = 0> <Width = 32> <Depth = 2> <FIFO>
ST_4 : Operation 937 [1/1] (0.00ns)   --->   "%curr_fullImage_900 = extractvalue i61536 %call_ret1" [../image_analysis.cpp:259]   --->   Operation 937 'extractvalue' 'curr_fullImage_900' <Predicate = true> <Delay = 0.00> <CoreInst = "FIFO_SRL">   --->   Core 80 'FIFO_SRL' <Latency = 0> <II = 1> <Delay = 1.83> <Storage> <Opcode : 'read' 'write' 'nbread' 'nbwrite'> <Ports = 0> <Width = 32> <Depth = 2> <FIFO>
ST_4 : Operation 938 [1/1] (0.00ns)   --->   "%curr_fullImage_901 = extractvalue i61536 %call_ret1" [../image_analysis.cpp:259]   --->   Operation 938 'extractvalue' 'curr_fullImage_901' <Predicate = true> <Delay = 0.00> <CoreInst = "FIFO_SRL">   --->   Core 80 'FIFO_SRL' <Latency = 0> <II = 1> <Delay = 1.83> <Storage> <Opcode : 'read' 'write' 'nbread' 'nbwrite'> <Ports = 0> <Width = 32> <Depth = 2> <FIFO>
ST_4 : Operation 939 [1/1] (0.00ns)   --->   "%curr_fullImage_902 = extractvalue i61536 %call_ret1" [../image_analysis.cpp:259]   --->   Operation 939 'extractvalue' 'curr_fullImage_902' <Predicate = true> <Delay = 0.00> <CoreInst = "FIFO_SRL">   --->   Core 80 'FIFO_SRL' <Latency = 0> <II = 1> <Delay = 1.83> <Storage> <Opcode : 'read' 'write' 'nbread' 'nbwrite'> <Ports = 0> <Width = 32> <Depth = 2> <FIFO>
ST_4 : Operation 940 [1/1] (0.00ns)   --->   "%curr_fullImage_903 = extractvalue i61536 %call_ret1" [../image_analysis.cpp:259]   --->   Operation 940 'extractvalue' 'curr_fullImage_903' <Predicate = true> <Delay = 0.00> <CoreInst = "FIFO_SRL">   --->   Core 80 'FIFO_SRL' <Latency = 0> <II = 1> <Delay = 1.83> <Storage> <Opcode : 'read' 'write' 'nbread' 'nbwrite'> <Ports = 0> <Width = 32> <Depth = 2> <FIFO>
ST_4 : Operation 941 [1/1] (0.00ns)   --->   "%curr_fullImage_904 = extractvalue i61536 %call_ret1" [../image_analysis.cpp:259]   --->   Operation 941 'extractvalue' 'curr_fullImage_904' <Predicate = true> <Delay = 0.00> <CoreInst = "FIFO_SRL">   --->   Core 80 'FIFO_SRL' <Latency = 0> <II = 1> <Delay = 1.83> <Storage> <Opcode : 'read' 'write' 'nbread' 'nbwrite'> <Ports = 0> <Width = 32> <Depth = 2> <FIFO>
ST_4 : Operation 942 [1/1] (0.00ns)   --->   "%curr_fullImage_905 = extractvalue i61536 %call_ret1" [../image_analysis.cpp:259]   --->   Operation 942 'extractvalue' 'curr_fullImage_905' <Predicate = true> <Delay = 0.00> <CoreInst = "FIFO_SRL">   --->   Core 80 'FIFO_SRL' <Latency = 0> <II = 1> <Delay = 1.83> <Storage> <Opcode : 'read' 'write' 'nbread' 'nbwrite'> <Ports = 0> <Width = 32> <Depth = 2> <FIFO>
ST_4 : Operation 943 [1/1] (0.00ns)   --->   "%curr_fullImage_906 = extractvalue i61536 %call_ret1" [../image_analysis.cpp:259]   --->   Operation 943 'extractvalue' 'curr_fullImage_906' <Predicate = true> <Delay = 0.00> <CoreInst = "FIFO_SRL">   --->   Core 80 'FIFO_SRL' <Latency = 0> <II = 1> <Delay = 1.83> <Storage> <Opcode : 'read' 'write' 'nbread' 'nbwrite'> <Ports = 0> <Width = 32> <Depth = 2> <FIFO>
ST_4 : Operation 944 [1/1] (0.00ns)   --->   "%curr_fullImage_907 = extractvalue i61536 %call_ret1" [../image_analysis.cpp:259]   --->   Operation 944 'extractvalue' 'curr_fullImage_907' <Predicate = true> <Delay = 0.00> <CoreInst = "FIFO_SRL">   --->   Core 80 'FIFO_SRL' <Latency = 0> <II = 1> <Delay = 1.83> <Storage> <Opcode : 'read' 'write' 'nbread' 'nbwrite'> <Ports = 0> <Width = 32> <Depth = 2> <FIFO>
ST_4 : Operation 945 [1/1] (0.00ns)   --->   "%curr_fullImage_908 = extractvalue i61536 %call_ret1" [../image_analysis.cpp:259]   --->   Operation 945 'extractvalue' 'curr_fullImage_908' <Predicate = true> <Delay = 0.00> <CoreInst = "FIFO_SRL">   --->   Core 80 'FIFO_SRL' <Latency = 0> <II = 1> <Delay = 1.83> <Storage> <Opcode : 'read' 'write' 'nbread' 'nbwrite'> <Ports = 0> <Width = 32> <Depth = 2> <FIFO>
ST_4 : Operation 946 [1/1] (0.00ns)   --->   "%curr_fullImage_909 = extractvalue i61536 %call_ret1" [../image_analysis.cpp:259]   --->   Operation 946 'extractvalue' 'curr_fullImage_909' <Predicate = true> <Delay = 0.00> <CoreInst = "FIFO_SRL">   --->   Core 80 'FIFO_SRL' <Latency = 0> <II = 1> <Delay = 1.83> <Storage> <Opcode : 'read' 'write' 'nbread' 'nbwrite'> <Ports = 0> <Width = 32> <Depth = 2> <FIFO>
ST_4 : Operation 947 [1/1] (0.00ns)   --->   "%curr_fullImage_910 = extractvalue i61536 %call_ret1" [../image_analysis.cpp:259]   --->   Operation 947 'extractvalue' 'curr_fullImage_910' <Predicate = true> <Delay = 0.00> <CoreInst = "FIFO_SRL">   --->   Core 80 'FIFO_SRL' <Latency = 0> <II = 1> <Delay = 1.83> <Storage> <Opcode : 'read' 'write' 'nbread' 'nbwrite'> <Ports = 0> <Width = 32> <Depth = 2> <FIFO>
ST_4 : Operation 948 [1/1] (0.00ns)   --->   "%curr_fullImage_911 = extractvalue i61536 %call_ret1" [../image_analysis.cpp:259]   --->   Operation 948 'extractvalue' 'curr_fullImage_911' <Predicate = true> <Delay = 0.00> <CoreInst = "FIFO_SRL">   --->   Core 80 'FIFO_SRL' <Latency = 0> <II = 1> <Delay = 1.83> <Storage> <Opcode : 'read' 'write' 'nbread' 'nbwrite'> <Ports = 0> <Width = 32> <Depth = 2> <FIFO>
ST_4 : Operation 949 [1/1] (0.00ns)   --->   "%curr_fullImage_912 = extractvalue i61536 %call_ret1" [../image_analysis.cpp:259]   --->   Operation 949 'extractvalue' 'curr_fullImage_912' <Predicate = true> <Delay = 0.00> <CoreInst = "FIFO_SRL">   --->   Core 80 'FIFO_SRL' <Latency = 0> <II = 1> <Delay = 1.83> <Storage> <Opcode : 'read' 'write' 'nbread' 'nbwrite'> <Ports = 0> <Width = 32> <Depth = 2> <FIFO>
ST_4 : Operation 950 [1/1] (0.00ns)   --->   "%curr_fullImage_913 = extractvalue i61536 %call_ret1" [../image_analysis.cpp:259]   --->   Operation 950 'extractvalue' 'curr_fullImage_913' <Predicate = true> <Delay = 0.00> <CoreInst = "FIFO_SRL">   --->   Core 80 'FIFO_SRL' <Latency = 0> <II = 1> <Delay = 1.83> <Storage> <Opcode : 'read' 'write' 'nbread' 'nbwrite'> <Ports = 0> <Width = 32> <Depth = 2> <FIFO>
ST_4 : Operation 951 [1/1] (0.00ns)   --->   "%curr_fullImage_914 = extractvalue i61536 %call_ret1" [../image_analysis.cpp:259]   --->   Operation 951 'extractvalue' 'curr_fullImage_914' <Predicate = true> <Delay = 0.00> <CoreInst = "FIFO_SRL">   --->   Core 80 'FIFO_SRL' <Latency = 0> <II = 1> <Delay = 1.83> <Storage> <Opcode : 'read' 'write' 'nbread' 'nbwrite'> <Ports = 0> <Width = 32> <Depth = 2> <FIFO>
ST_4 : Operation 952 [1/1] (0.00ns)   --->   "%curr_fullImage_915 = extractvalue i61536 %call_ret1" [../image_analysis.cpp:259]   --->   Operation 952 'extractvalue' 'curr_fullImage_915' <Predicate = true> <Delay = 0.00> <CoreInst = "FIFO_SRL">   --->   Core 80 'FIFO_SRL' <Latency = 0> <II = 1> <Delay = 1.83> <Storage> <Opcode : 'read' 'write' 'nbread' 'nbwrite'> <Ports = 0> <Width = 32> <Depth = 2> <FIFO>
ST_4 : Operation 953 [1/1] (0.00ns)   --->   "%curr_fullImage_916 = extractvalue i61536 %call_ret1" [../image_analysis.cpp:259]   --->   Operation 953 'extractvalue' 'curr_fullImage_916' <Predicate = true> <Delay = 0.00> <CoreInst = "FIFO_SRL">   --->   Core 80 'FIFO_SRL' <Latency = 0> <II = 1> <Delay = 1.83> <Storage> <Opcode : 'read' 'write' 'nbread' 'nbwrite'> <Ports = 0> <Width = 32> <Depth = 2> <FIFO>
ST_4 : Operation 954 [1/1] (0.00ns)   --->   "%curr_fullImage_917 = extractvalue i61536 %call_ret1" [../image_analysis.cpp:259]   --->   Operation 954 'extractvalue' 'curr_fullImage_917' <Predicate = true> <Delay = 0.00> <CoreInst = "FIFO_SRL">   --->   Core 80 'FIFO_SRL' <Latency = 0> <II = 1> <Delay = 1.83> <Storage> <Opcode : 'read' 'write' 'nbread' 'nbwrite'> <Ports = 0> <Width = 32> <Depth = 2> <FIFO>
ST_4 : Operation 955 [1/1] (0.00ns)   --->   "%curr_fullImage_918 = extractvalue i61536 %call_ret1" [../image_analysis.cpp:259]   --->   Operation 955 'extractvalue' 'curr_fullImage_918' <Predicate = true> <Delay = 0.00> <CoreInst = "FIFO_SRL">   --->   Core 80 'FIFO_SRL' <Latency = 0> <II = 1> <Delay = 1.83> <Storage> <Opcode : 'read' 'write' 'nbread' 'nbwrite'> <Ports = 0> <Width = 32> <Depth = 2> <FIFO>
ST_4 : Operation 956 [1/1] (0.00ns)   --->   "%curr_fullImage_919 = extractvalue i61536 %call_ret1" [../image_analysis.cpp:259]   --->   Operation 956 'extractvalue' 'curr_fullImage_919' <Predicate = true> <Delay = 0.00> <CoreInst = "FIFO_SRL">   --->   Core 80 'FIFO_SRL' <Latency = 0> <II = 1> <Delay = 1.83> <Storage> <Opcode : 'read' 'write' 'nbread' 'nbwrite'> <Ports = 0> <Width = 32> <Depth = 2> <FIFO>
ST_4 : Operation 957 [1/1] (0.00ns)   --->   "%curr_fullImage_920 = extractvalue i61536 %call_ret1" [../image_analysis.cpp:259]   --->   Operation 957 'extractvalue' 'curr_fullImage_920' <Predicate = true> <Delay = 0.00> <CoreInst = "FIFO_SRL">   --->   Core 80 'FIFO_SRL' <Latency = 0> <II = 1> <Delay = 1.83> <Storage> <Opcode : 'read' 'write' 'nbread' 'nbwrite'> <Ports = 0> <Width = 32> <Depth = 2> <FIFO>
ST_4 : Operation 958 [1/1] (0.00ns)   --->   "%curr_fullImage_921 = extractvalue i61536 %call_ret1" [../image_analysis.cpp:259]   --->   Operation 958 'extractvalue' 'curr_fullImage_921' <Predicate = true> <Delay = 0.00> <CoreInst = "FIFO_SRL">   --->   Core 80 'FIFO_SRL' <Latency = 0> <II = 1> <Delay = 1.83> <Storage> <Opcode : 'read' 'write' 'nbread' 'nbwrite'> <Ports = 0> <Width = 32> <Depth = 2> <FIFO>
ST_4 : Operation 959 [1/1] (0.00ns)   --->   "%curr_fullImage_922 = extractvalue i61536 %call_ret1" [../image_analysis.cpp:259]   --->   Operation 959 'extractvalue' 'curr_fullImage_922' <Predicate = true> <Delay = 0.00> <CoreInst = "FIFO_SRL">   --->   Core 80 'FIFO_SRL' <Latency = 0> <II = 1> <Delay = 1.83> <Storage> <Opcode : 'read' 'write' 'nbread' 'nbwrite'> <Ports = 0> <Width = 32> <Depth = 2> <FIFO>
ST_4 : Operation 960 [1/1] (0.00ns)   --->   "%curr_fullImage_923 = extractvalue i61536 %call_ret1" [../image_analysis.cpp:259]   --->   Operation 960 'extractvalue' 'curr_fullImage_923' <Predicate = true> <Delay = 0.00> <CoreInst = "FIFO_SRL">   --->   Core 80 'FIFO_SRL' <Latency = 0> <II = 1> <Delay = 1.83> <Storage> <Opcode : 'read' 'write' 'nbread' 'nbwrite'> <Ports = 0> <Width = 32> <Depth = 2> <FIFO>
ST_4 : Operation 961 [1/1] (0.00ns)   --->   "%curr_fullImage_924 = extractvalue i61536 %call_ret1" [../image_analysis.cpp:259]   --->   Operation 961 'extractvalue' 'curr_fullImage_924' <Predicate = true> <Delay = 0.00> <CoreInst = "FIFO_SRL">   --->   Core 80 'FIFO_SRL' <Latency = 0> <II = 1> <Delay = 1.83> <Storage> <Opcode : 'read' 'write' 'nbread' 'nbwrite'> <Ports = 0> <Width = 32> <Depth = 2> <FIFO>
ST_4 : Operation 962 [1/1] (0.00ns)   --->   "%curr_fullImage_925 = extractvalue i61536 %call_ret1" [../image_analysis.cpp:259]   --->   Operation 962 'extractvalue' 'curr_fullImage_925' <Predicate = true> <Delay = 0.00> <CoreInst = "FIFO_SRL">   --->   Core 80 'FIFO_SRL' <Latency = 0> <II = 1> <Delay = 1.83> <Storage> <Opcode : 'read' 'write' 'nbread' 'nbwrite'> <Ports = 0> <Width = 32> <Depth = 2> <FIFO>
ST_4 : Operation 963 [1/1] (0.00ns)   --->   "%curr_fullImage_926 = extractvalue i61536 %call_ret1" [../image_analysis.cpp:259]   --->   Operation 963 'extractvalue' 'curr_fullImage_926' <Predicate = true> <Delay = 0.00> <CoreInst = "FIFO_SRL">   --->   Core 80 'FIFO_SRL' <Latency = 0> <II = 1> <Delay = 1.83> <Storage> <Opcode : 'read' 'write' 'nbread' 'nbwrite'> <Ports = 0> <Width = 32> <Depth = 2> <FIFO>
ST_4 : Operation 964 [1/1] (0.00ns)   --->   "%curr_fullImage_927 = extractvalue i61536 %call_ret1" [../image_analysis.cpp:259]   --->   Operation 964 'extractvalue' 'curr_fullImage_927' <Predicate = true> <Delay = 0.00> <CoreInst = "FIFO_SRL">   --->   Core 80 'FIFO_SRL' <Latency = 0> <II = 1> <Delay = 1.83> <Storage> <Opcode : 'read' 'write' 'nbread' 'nbwrite'> <Ports = 0> <Width = 32> <Depth = 2> <FIFO>
ST_4 : Operation 965 [1/1] (0.00ns)   --->   "%curr_fullImage_928 = extractvalue i61536 %call_ret1" [../image_analysis.cpp:259]   --->   Operation 965 'extractvalue' 'curr_fullImage_928' <Predicate = true> <Delay = 0.00> <CoreInst = "FIFO_SRL">   --->   Core 80 'FIFO_SRL' <Latency = 0> <II = 1> <Delay = 1.83> <Storage> <Opcode : 'read' 'write' 'nbread' 'nbwrite'> <Ports = 0> <Width = 32> <Depth = 2> <FIFO>
ST_4 : Operation 966 [1/1] (0.00ns)   --->   "%curr_fullImage_929 = extractvalue i61536 %call_ret1" [../image_analysis.cpp:259]   --->   Operation 966 'extractvalue' 'curr_fullImage_929' <Predicate = true> <Delay = 0.00> <CoreInst = "FIFO_SRL">   --->   Core 80 'FIFO_SRL' <Latency = 0> <II = 1> <Delay = 1.83> <Storage> <Opcode : 'read' 'write' 'nbread' 'nbwrite'> <Ports = 0> <Width = 32> <Depth = 2> <FIFO>
ST_4 : Operation 967 [1/1] (0.00ns)   --->   "%curr_fullImage_930 = extractvalue i61536 %call_ret1" [../image_analysis.cpp:259]   --->   Operation 967 'extractvalue' 'curr_fullImage_930' <Predicate = true> <Delay = 0.00> <CoreInst = "FIFO_SRL">   --->   Core 80 'FIFO_SRL' <Latency = 0> <II = 1> <Delay = 1.83> <Storage> <Opcode : 'read' 'write' 'nbread' 'nbwrite'> <Ports = 0> <Width = 32> <Depth = 2> <FIFO>
ST_4 : Operation 968 [1/1] (0.00ns)   --->   "%curr_fullImage_931 = extractvalue i61536 %call_ret1" [../image_analysis.cpp:259]   --->   Operation 968 'extractvalue' 'curr_fullImage_931' <Predicate = true> <Delay = 0.00> <CoreInst = "FIFO_SRL">   --->   Core 80 'FIFO_SRL' <Latency = 0> <II = 1> <Delay = 1.83> <Storage> <Opcode : 'read' 'write' 'nbread' 'nbwrite'> <Ports = 0> <Width = 32> <Depth = 2> <FIFO>
ST_4 : Operation 969 [1/1] (0.00ns)   --->   "%curr_fullImage_932 = extractvalue i61536 %call_ret1" [../image_analysis.cpp:259]   --->   Operation 969 'extractvalue' 'curr_fullImage_932' <Predicate = true> <Delay = 0.00> <CoreInst = "FIFO_SRL">   --->   Core 80 'FIFO_SRL' <Latency = 0> <II = 1> <Delay = 1.83> <Storage> <Opcode : 'read' 'write' 'nbread' 'nbwrite'> <Ports = 0> <Width = 32> <Depth = 2> <FIFO>
ST_4 : Operation 970 [1/1] (0.00ns)   --->   "%curr_fullImage_933 = extractvalue i61536 %call_ret1" [../image_analysis.cpp:259]   --->   Operation 970 'extractvalue' 'curr_fullImage_933' <Predicate = true> <Delay = 0.00> <CoreInst = "FIFO_SRL">   --->   Core 80 'FIFO_SRL' <Latency = 0> <II = 1> <Delay = 1.83> <Storage> <Opcode : 'read' 'write' 'nbread' 'nbwrite'> <Ports = 0> <Width = 32> <Depth = 2> <FIFO>
ST_4 : Operation 971 [1/1] (0.00ns)   --->   "%curr_fullImage_934 = extractvalue i61536 %call_ret1" [../image_analysis.cpp:259]   --->   Operation 971 'extractvalue' 'curr_fullImage_934' <Predicate = true> <Delay = 0.00> <CoreInst = "FIFO_SRL">   --->   Core 80 'FIFO_SRL' <Latency = 0> <II = 1> <Delay = 1.83> <Storage> <Opcode : 'read' 'write' 'nbread' 'nbwrite'> <Ports = 0> <Width = 32> <Depth = 2> <FIFO>
ST_4 : Operation 972 [1/1] (0.00ns)   --->   "%curr_fullImage_935 = extractvalue i61536 %call_ret1" [../image_analysis.cpp:259]   --->   Operation 972 'extractvalue' 'curr_fullImage_935' <Predicate = true> <Delay = 0.00> <CoreInst = "FIFO_SRL">   --->   Core 80 'FIFO_SRL' <Latency = 0> <II = 1> <Delay = 1.83> <Storage> <Opcode : 'read' 'write' 'nbread' 'nbwrite'> <Ports = 0> <Width = 32> <Depth = 2> <FIFO>
ST_4 : Operation 973 [1/1] (0.00ns)   --->   "%curr_fullImage_936 = extractvalue i61536 %call_ret1" [../image_analysis.cpp:259]   --->   Operation 973 'extractvalue' 'curr_fullImage_936' <Predicate = true> <Delay = 0.00> <CoreInst = "FIFO_SRL">   --->   Core 80 'FIFO_SRL' <Latency = 0> <II = 1> <Delay = 1.83> <Storage> <Opcode : 'read' 'write' 'nbread' 'nbwrite'> <Ports = 0> <Width = 32> <Depth = 2> <FIFO>
ST_4 : Operation 974 [1/1] (0.00ns)   --->   "%curr_fullImage_937 = extractvalue i61536 %call_ret1" [../image_analysis.cpp:259]   --->   Operation 974 'extractvalue' 'curr_fullImage_937' <Predicate = true> <Delay = 0.00> <CoreInst = "FIFO_SRL">   --->   Core 80 'FIFO_SRL' <Latency = 0> <II = 1> <Delay = 1.83> <Storage> <Opcode : 'read' 'write' 'nbread' 'nbwrite'> <Ports = 0> <Width = 32> <Depth = 2> <FIFO>
ST_4 : Operation 975 [1/1] (0.00ns)   --->   "%curr_fullImage_938 = extractvalue i61536 %call_ret1" [../image_analysis.cpp:259]   --->   Operation 975 'extractvalue' 'curr_fullImage_938' <Predicate = true> <Delay = 0.00> <CoreInst = "FIFO_SRL">   --->   Core 80 'FIFO_SRL' <Latency = 0> <II = 1> <Delay = 1.83> <Storage> <Opcode : 'read' 'write' 'nbread' 'nbwrite'> <Ports = 0> <Width = 32> <Depth = 2> <FIFO>
ST_4 : Operation 976 [1/1] (0.00ns)   --->   "%curr_fullImage_939 = extractvalue i61536 %call_ret1" [../image_analysis.cpp:259]   --->   Operation 976 'extractvalue' 'curr_fullImage_939' <Predicate = true> <Delay = 0.00> <CoreInst = "FIFO_SRL">   --->   Core 80 'FIFO_SRL' <Latency = 0> <II = 1> <Delay = 1.83> <Storage> <Opcode : 'read' 'write' 'nbread' 'nbwrite'> <Ports = 0> <Width = 32> <Depth = 2> <FIFO>
ST_4 : Operation 977 [1/1] (0.00ns)   --->   "%curr_fullImage_940 = extractvalue i61536 %call_ret1" [../image_analysis.cpp:259]   --->   Operation 977 'extractvalue' 'curr_fullImage_940' <Predicate = true> <Delay = 0.00> <CoreInst = "FIFO_SRL">   --->   Core 80 'FIFO_SRL' <Latency = 0> <II = 1> <Delay = 1.83> <Storage> <Opcode : 'read' 'write' 'nbread' 'nbwrite'> <Ports = 0> <Width = 32> <Depth = 2> <FIFO>
ST_4 : Operation 978 [1/1] (0.00ns)   --->   "%curr_fullImage_941 = extractvalue i61536 %call_ret1" [../image_analysis.cpp:259]   --->   Operation 978 'extractvalue' 'curr_fullImage_941' <Predicate = true> <Delay = 0.00> <CoreInst = "FIFO_SRL">   --->   Core 80 'FIFO_SRL' <Latency = 0> <II = 1> <Delay = 1.83> <Storage> <Opcode : 'read' 'write' 'nbread' 'nbwrite'> <Ports = 0> <Width = 32> <Depth = 2> <FIFO>
ST_4 : Operation 979 [1/1] (0.00ns)   --->   "%curr_fullImage_942 = extractvalue i61536 %call_ret1" [../image_analysis.cpp:259]   --->   Operation 979 'extractvalue' 'curr_fullImage_942' <Predicate = true> <Delay = 0.00> <CoreInst = "FIFO_SRL">   --->   Core 80 'FIFO_SRL' <Latency = 0> <II = 1> <Delay = 1.83> <Storage> <Opcode : 'read' 'write' 'nbread' 'nbwrite'> <Ports = 0> <Width = 32> <Depth = 2> <FIFO>
ST_4 : Operation 980 [1/1] (0.00ns)   --->   "%curr_fullImage_943 = extractvalue i61536 %call_ret1" [../image_analysis.cpp:259]   --->   Operation 980 'extractvalue' 'curr_fullImage_943' <Predicate = true> <Delay = 0.00> <CoreInst = "FIFO_SRL">   --->   Core 80 'FIFO_SRL' <Latency = 0> <II = 1> <Delay = 1.83> <Storage> <Opcode : 'read' 'write' 'nbread' 'nbwrite'> <Ports = 0> <Width = 32> <Depth = 2> <FIFO>
ST_4 : Operation 981 [1/1] (0.00ns)   --->   "%curr_fullImage_944 = extractvalue i61536 %call_ret1" [../image_analysis.cpp:259]   --->   Operation 981 'extractvalue' 'curr_fullImage_944' <Predicate = true> <Delay = 0.00> <CoreInst = "FIFO_SRL">   --->   Core 80 'FIFO_SRL' <Latency = 0> <II = 1> <Delay = 1.83> <Storage> <Opcode : 'read' 'write' 'nbread' 'nbwrite'> <Ports = 0> <Width = 32> <Depth = 2> <FIFO>
ST_4 : Operation 982 [1/1] (0.00ns)   --->   "%curr_fullImage_945 = extractvalue i61536 %call_ret1" [../image_analysis.cpp:259]   --->   Operation 982 'extractvalue' 'curr_fullImage_945' <Predicate = true> <Delay = 0.00> <CoreInst = "FIFO_SRL">   --->   Core 80 'FIFO_SRL' <Latency = 0> <II = 1> <Delay = 1.83> <Storage> <Opcode : 'read' 'write' 'nbread' 'nbwrite'> <Ports = 0> <Width = 32> <Depth = 2> <FIFO>
ST_4 : Operation 983 [1/1] (0.00ns)   --->   "%curr_fullImage_946 = extractvalue i61536 %call_ret1" [../image_analysis.cpp:259]   --->   Operation 983 'extractvalue' 'curr_fullImage_946' <Predicate = true> <Delay = 0.00> <CoreInst = "FIFO_SRL">   --->   Core 80 'FIFO_SRL' <Latency = 0> <II = 1> <Delay = 1.83> <Storage> <Opcode : 'read' 'write' 'nbread' 'nbwrite'> <Ports = 0> <Width = 32> <Depth = 2> <FIFO>
ST_4 : Operation 984 [1/1] (0.00ns)   --->   "%curr_fullImage_947 = extractvalue i61536 %call_ret1" [../image_analysis.cpp:259]   --->   Operation 984 'extractvalue' 'curr_fullImage_947' <Predicate = true> <Delay = 0.00> <CoreInst = "FIFO_SRL">   --->   Core 80 'FIFO_SRL' <Latency = 0> <II = 1> <Delay = 1.83> <Storage> <Opcode : 'read' 'write' 'nbread' 'nbwrite'> <Ports = 0> <Width = 32> <Depth = 2> <FIFO>
ST_4 : Operation 985 [1/1] (0.00ns)   --->   "%curr_fullImage_948 = extractvalue i61536 %call_ret1" [../image_analysis.cpp:259]   --->   Operation 985 'extractvalue' 'curr_fullImage_948' <Predicate = true> <Delay = 0.00> <CoreInst = "FIFO_SRL">   --->   Core 80 'FIFO_SRL' <Latency = 0> <II = 1> <Delay = 1.83> <Storage> <Opcode : 'read' 'write' 'nbread' 'nbwrite'> <Ports = 0> <Width = 32> <Depth = 2> <FIFO>
ST_4 : Operation 986 [1/1] (0.00ns)   --->   "%curr_fullImage_949 = extractvalue i61536 %call_ret1" [../image_analysis.cpp:259]   --->   Operation 986 'extractvalue' 'curr_fullImage_949' <Predicate = true> <Delay = 0.00> <CoreInst = "FIFO_SRL">   --->   Core 80 'FIFO_SRL' <Latency = 0> <II = 1> <Delay = 1.83> <Storage> <Opcode : 'read' 'write' 'nbread' 'nbwrite'> <Ports = 0> <Width = 32> <Depth = 2> <FIFO>
ST_4 : Operation 987 [1/1] (0.00ns)   --->   "%curr_fullImage_950 = extractvalue i61536 %call_ret1" [../image_analysis.cpp:259]   --->   Operation 987 'extractvalue' 'curr_fullImage_950' <Predicate = true> <Delay = 0.00> <CoreInst = "FIFO_SRL">   --->   Core 80 'FIFO_SRL' <Latency = 0> <II = 1> <Delay = 1.83> <Storage> <Opcode : 'read' 'write' 'nbread' 'nbwrite'> <Ports = 0> <Width = 32> <Depth = 2> <FIFO>
ST_4 : Operation 988 [1/1] (0.00ns)   --->   "%curr_fullImage_951 = extractvalue i61536 %call_ret1" [../image_analysis.cpp:259]   --->   Operation 988 'extractvalue' 'curr_fullImage_951' <Predicate = true> <Delay = 0.00> <CoreInst = "FIFO_SRL">   --->   Core 80 'FIFO_SRL' <Latency = 0> <II = 1> <Delay = 1.83> <Storage> <Opcode : 'read' 'write' 'nbread' 'nbwrite'> <Ports = 0> <Width = 32> <Depth = 2> <FIFO>
ST_4 : Operation 989 [1/1] (0.00ns)   --->   "%curr_fullImage_952 = extractvalue i61536 %call_ret1" [../image_analysis.cpp:259]   --->   Operation 989 'extractvalue' 'curr_fullImage_952' <Predicate = true> <Delay = 0.00> <CoreInst = "FIFO_SRL">   --->   Core 80 'FIFO_SRL' <Latency = 0> <II = 1> <Delay = 1.83> <Storage> <Opcode : 'read' 'write' 'nbread' 'nbwrite'> <Ports = 0> <Width = 32> <Depth = 2> <FIFO>
ST_4 : Operation 990 [1/1] (0.00ns)   --->   "%curr_fullImage_953 = extractvalue i61536 %call_ret1" [../image_analysis.cpp:259]   --->   Operation 990 'extractvalue' 'curr_fullImage_953' <Predicate = true> <Delay = 0.00> <CoreInst = "FIFO_SRL">   --->   Core 80 'FIFO_SRL' <Latency = 0> <II = 1> <Delay = 1.83> <Storage> <Opcode : 'read' 'write' 'nbread' 'nbwrite'> <Ports = 0> <Width = 32> <Depth = 2> <FIFO>
ST_4 : Operation 991 [1/1] (0.00ns)   --->   "%curr_fullImage_954 = extractvalue i61536 %call_ret1" [../image_analysis.cpp:259]   --->   Operation 991 'extractvalue' 'curr_fullImage_954' <Predicate = true> <Delay = 0.00> <CoreInst = "FIFO_SRL">   --->   Core 80 'FIFO_SRL' <Latency = 0> <II = 1> <Delay = 1.83> <Storage> <Opcode : 'read' 'write' 'nbread' 'nbwrite'> <Ports = 0> <Width = 32> <Depth = 2> <FIFO>
ST_4 : Operation 992 [1/1] (0.00ns)   --->   "%curr_fullImage_955 = extractvalue i61536 %call_ret1" [../image_analysis.cpp:259]   --->   Operation 992 'extractvalue' 'curr_fullImage_955' <Predicate = true> <Delay = 0.00> <CoreInst = "FIFO_SRL">   --->   Core 80 'FIFO_SRL' <Latency = 0> <II = 1> <Delay = 1.83> <Storage> <Opcode : 'read' 'write' 'nbread' 'nbwrite'> <Ports = 0> <Width = 32> <Depth = 2> <FIFO>
ST_4 : Operation 993 [1/1] (0.00ns)   --->   "%curr_fullImage_956 = extractvalue i61536 %call_ret1" [../image_analysis.cpp:259]   --->   Operation 993 'extractvalue' 'curr_fullImage_956' <Predicate = true> <Delay = 0.00> <CoreInst = "FIFO_SRL">   --->   Core 80 'FIFO_SRL' <Latency = 0> <II = 1> <Delay = 1.83> <Storage> <Opcode : 'read' 'write' 'nbread' 'nbwrite'> <Ports = 0> <Width = 32> <Depth = 2> <FIFO>
ST_4 : Operation 994 [1/1] (0.00ns)   --->   "%curr_fullImage_957 = extractvalue i61536 %call_ret1" [../image_analysis.cpp:259]   --->   Operation 994 'extractvalue' 'curr_fullImage_957' <Predicate = true> <Delay = 0.00> <CoreInst = "FIFO_SRL">   --->   Core 80 'FIFO_SRL' <Latency = 0> <II = 1> <Delay = 1.83> <Storage> <Opcode : 'read' 'write' 'nbread' 'nbwrite'> <Ports = 0> <Width = 32> <Depth = 2> <FIFO>
ST_4 : Operation 995 [1/1] (0.00ns)   --->   "%curr_fullImage_958 = extractvalue i61536 %call_ret1" [../image_analysis.cpp:259]   --->   Operation 995 'extractvalue' 'curr_fullImage_958' <Predicate = true> <Delay = 0.00> <CoreInst = "FIFO_SRL">   --->   Core 80 'FIFO_SRL' <Latency = 0> <II = 1> <Delay = 1.83> <Storage> <Opcode : 'read' 'write' 'nbread' 'nbwrite'> <Ports = 0> <Width = 32> <Depth = 2> <FIFO>
ST_4 : Operation 996 [1/1] (0.00ns)   --->   "%curr_fullImage_959 = extractvalue i61536 %call_ret1" [../image_analysis.cpp:259]   --->   Operation 996 'extractvalue' 'curr_fullImage_959' <Predicate = true> <Delay = 0.00> <CoreInst = "FIFO_SRL">   --->   Core 80 'FIFO_SRL' <Latency = 0> <II = 1> <Delay = 1.83> <Storage> <Opcode : 'read' 'write' 'nbread' 'nbwrite'> <Ports = 0> <Width = 32> <Depth = 2> <FIFO>
ST_4 : Operation 997 [1/1] (0.00ns)   --->   "%curr_fullImage960 = extractvalue i61536 %call_ret1" [../image_analysis.cpp:259]   --->   Operation 997 'extractvalue' 'curr_fullImage960' <Predicate = true> <Delay = 0.00> <CoreInst = "FIFO_SRL">   --->   Core 80 'FIFO_SRL' <Latency = 0> <II = 1> <Delay = 1.83> <Storage> <Opcode : 'read' 'write' 'nbread' 'nbwrite'> <Ports = 0> <Width = 32> <Depth = 2> <FIFO>
ST_4 : Operation 998 [1/1] (0.00ns)   --->   "%curr_localImage = extractvalue i61536 %call_ret1" [../image_analysis.cpp:259]   --->   Operation 998 'extractvalue' 'curr_localImage' <Predicate = true> <Delay = 0.00> <CoreInst = "FIFO_SRL">   --->   Core 80 'FIFO_SRL' <Latency = 0> <II = 1> <Delay = 1.83> <Storage> <Opcode : 'read' 'write' 'nbread' 'nbwrite'> <Ports = 0> <Width = 32> <Depth = 2> <FIFO>
ST_4 : Operation 999 [1/1] (0.00ns)   --->   "%curr_localImage_1 = extractvalue i61536 %call_ret1" [../image_analysis.cpp:259]   --->   Operation 999 'extractvalue' 'curr_localImage_1' <Predicate = true> <Delay = 0.00> <CoreInst = "FIFO_SRL">   --->   Core 80 'FIFO_SRL' <Latency = 0> <II = 1> <Delay = 1.83> <Storage> <Opcode : 'read' 'write' 'nbread' 'nbwrite'> <Ports = 0> <Width = 32> <Depth = 2> <FIFO>
ST_4 : Operation 1000 [1/1] (0.00ns)   --->   "%curr_localImage_2 = extractvalue i61536 %call_ret1" [../image_analysis.cpp:259]   --->   Operation 1000 'extractvalue' 'curr_localImage_2' <Predicate = true> <Delay = 0.00> <CoreInst = "FIFO_SRL">   --->   Core 80 'FIFO_SRL' <Latency = 0> <II = 1> <Delay = 1.83> <Storage> <Opcode : 'read' 'write' 'nbread' 'nbwrite'> <Ports = 0> <Width = 32> <Depth = 2> <FIFO>
ST_4 : Operation 1001 [1/1] (0.00ns)   --->   "%curr_localImage_3 = extractvalue i61536 %call_ret1" [../image_analysis.cpp:259]   --->   Operation 1001 'extractvalue' 'curr_localImage_3' <Predicate = true> <Delay = 0.00> <CoreInst = "FIFO_SRL">   --->   Core 80 'FIFO_SRL' <Latency = 0> <II = 1> <Delay = 1.83> <Storage> <Opcode : 'read' 'write' 'nbread' 'nbwrite'> <Ports = 0> <Width = 32> <Depth = 2> <FIFO>
ST_4 : Operation 1002 [1/1] (0.00ns)   --->   "%curr_localImage_4 = extractvalue i61536 %call_ret1" [../image_analysis.cpp:259]   --->   Operation 1002 'extractvalue' 'curr_localImage_4' <Predicate = true> <Delay = 0.00> <CoreInst = "FIFO_SRL">   --->   Core 80 'FIFO_SRL' <Latency = 0> <II = 1> <Delay = 1.83> <Storage> <Opcode : 'read' 'write' 'nbread' 'nbwrite'> <Ports = 0> <Width = 32> <Depth = 2> <FIFO>
ST_4 : Operation 1003 [1/1] (0.00ns)   --->   "%curr_localImage_5 = extractvalue i61536 %call_ret1" [../image_analysis.cpp:259]   --->   Operation 1003 'extractvalue' 'curr_localImage_5' <Predicate = true> <Delay = 0.00> <CoreInst = "FIFO_SRL">   --->   Core 80 'FIFO_SRL' <Latency = 0> <II = 1> <Delay = 1.83> <Storage> <Opcode : 'read' 'write' 'nbread' 'nbwrite'> <Ports = 0> <Width = 32> <Depth = 2> <FIFO>
ST_4 : Operation 1004 [1/1] (0.00ns)   --->   "%curr_localImage_6 = extractvalue i61536 %call_ret1" [../image_analysis.cpp:259]   --->   Operation 1004 'extractvalue' 'curr_localImage_6' <Predicate = true> <Delay = 0.00> <CoreInst = "FIFO_SRL">   --->   Core 80 'FIFO_SRL' <Latency = 0> <II = 1> <Delay = 1.83> <Storage> <Opcode : 'read' 'write' 'nbread' 'nbwrite'> <Ports = 0> <Width = 32> <Depth = 2> <FIFO>
ST_4 : Operation 1005 [1/1] (0.00ns)   --->   "%curr_localImage_7 = extractvalue i61536 %call_ret1" [../image_analysis.cpp:259]   --->   Operation 1005 'extractvalue' 'curr_localImage_7' <Predicate = true> <Delay = 0.00> <CoreInst = "FIFO_SRL">   --->   Core 80 'FIFO_SRL' <Latency = 0> <II = 1> <Delay = 1.83> <Storage> <Opcode : 'read' 'write' 'nbread' 'nbwrite'> <Ports = 0> <Width = 32> <Depth = 2> <FIFO>
ST_4 : Operation 1006 [1/1] (0.00ns)   --->   "%curr_localImage_8 = extractvalue i61536 %call_ret1" [../image_analysis.cpp:259]   --->   Operation 1006 'extractvalue' 'curr_localImage_8' <Predicate = true> <Delay = 0.00> <CoreInst = "FIFO_SRL">   --->   Core 80 'FIFO_SRL' <Latency = 0> <II = 1> <Delay = 1.83> <Storage> <Opcode : 'read' 'write' 'nbread' 'nbwrite'> <Ports = 0> <Width = 32> <Depth = 2> <FIFO>
ST_4 : Operation 1007 [1/1] (0.00ns)   --->   "%curr_localImage_9 = extractvalue i61536 %call_ret1" [../image_analysis.cpp:259]   --->   Operation 1007 'extractvalue' 'curr_localImage_9' <Predicate = true> <Delay = 0.00> <CoreInst = "FIFO_SRL">   --->   Core 80 'FIFO_SRL' <Latency = 0> <II = 1> <Delay = 1.83> <Storage> <Opcode : 'read' 'write' 'nbread' 'nbwrite'> <Ports = 0> <Width = 32> <Depth = 2> <FIFO>
ST_4 : Operation 1008 [1/1] (0.00ns)   --->   "%curr_localImage_10 = extractvalue i61536 %call_ret1" [../image_analysis.cpp:259]   --->   Operation 1008 'extractvalue' 'curr_localImage_10' <Predicate = true> <Delay = 0.00> <CoreInst = "FIFO_SRL">   --->   Core 80 'FIFO_SRL' <Latency = 0> <II = 1> <Delay = 1.83> <Storage> <Opcode : 'read' 'write' 'nbread' 'nbwrite'> <Ports = 0> <Width = 32> <Depth = 2> <FIFO>
ST_4 : Operation 1009 [1/1] (0.00ns)   --->   "%curr_localImage_11 = extractvalue i61536 %call_ret1" [../image_analysis.cpp:259]   --->   Operation 1009 'extractvalue' 'curr_localImage_11' <Predicate = true> <Delay = 0.00> <CoreInst = "FIFO_SRL">   --->   Core 80 'FIFO_SRL' <Latency = 0> <II = 1> <Delay = 1.83> <Storage> <Opcode : 'read' 'write' 'nbread' 'nbwrite'> <Ports = 0> <Width = 32> <Depth = 2> <FIFO>
ST_4 : Operation 1010 [1/1] (0.00ns)   --->   "%curr_localImage_12 = extractvalue i61536 %call_ret1" [../image_analysis.cpp:259]   --->   Operation 1010 'extractvalue' 'curr_localImage_12' <Predicate = true> <Delay = 0.00> <CoreInst = "FIFO_SRL">   --->   Core 80 'FIFO_SRL' <Latency = 0> <II = 1> <Delay = 1.83> <Storage> <Opcode : 'read' 'write' 'nbread' 'nbwrite'> <Ports = 0> <Width = 32> <Depth = 2> <FIFO>
ST_4 : Operation 1011 [1/1] (0.00ns)   --->   "%curr_localImage_13 = extractvalue i61536 %call_ret1" [../image_analysis.cpp:259]   --->   Operation 1011 'extractvalue' 'curr_localImage_13' <Predicate = true> <Delay = 0.00> <CoreInst = "FIFO_SRL">   --->   Core 80 'FIFO_SRL' <Latency = 0> <II = 1> <Delay = 1.83> <Storage> <Opcode : 'read' 'write' 'nbread' 'nbwrite'> <Ports = 0> <Width = 32> <Depth = 2> <FIFO>
ST_4 : Operation 1012 [1/1] (0.00ns)   --->   "%curr_localImage_14 = extractvalue i61536 %call_ret1" [../image_analysis.cpp:259]   --->   Operation 1012 'extractvalue' 'curr_localImage_14' <Predicate = true> <Delay = 0.00> <CoreInst = "FIFO_SRL">   --->   Core 80 'FIFO_SRL' <Latency = 0> <II = 1> <Delay = 1.83> <Storage> <Opcode : 'read' 'write' 'nbread' 'nbwrite'> <Ports = 0> <Width = 32> <Depth = 2> <FIFO>
ST_4 : Operation 1013 [1/1] (0.00ns)   --->   "%curr_localImage_15 = extractvalue i61536 %call_ret1" [../image_analysis.cpp:259]   --->   Operation 1013 'extractvalue' 'curr_localImage_15' <Predicate = true> <Delay = 0.00> <CoreInst = "FIFO_SRL">   --->   Core 80 'FIFO_SRL' <Latency = 0> <II = 1> <Delay = 1.83> <Storage> <Opcode : 'read' 'write' 'nbread' 'nbwrite'> <Ports = 0> <Width = 32> <Depth = 2> <FIFO>
ST_4 : Operation 1014 [1/1] (0.00ns)   --->   "%curr_localImage_16 = extractvalue i61536 %call_ret1" [../image_analysis.cpp:259]   --->   Operation 1014 'extractvalue' 'curr_localImage_16' <Predicate = true> <Delay = 0.00> <CoreInst = "FIFO_SRL">   --->   Core 80 'FIFO_SRL' <Latency = 0> <II = 1> <Delay = 1.83> <Storage> <Opcode : 'read' 'write' 'nbread' 'nbwrite'> <Ports = 0> <Width = 32> <Depth = 2> <FIFO>
ST_4 : Operation 1015 [1/1] (0.00ns)   --->   "%curr_localImage_17 = extractvalue i61536 %call_ret1" [../image_analysis.cpp:259]   --->   Operation 1015 'extractvalue' 'curr_localImage_17' <Predicate = true> <Delay = 0.00> <CoreInst = "FIFO_SRL">   --->   Core 80 'FIFO_SRL' <Latency = 0> <II = 1> <Delay = 1.83> <Storage> <Opcode : 'read' 'write' 'nbread' 'nbwrite'> <Ports = 0> <Width = 32> <Depth = 2> <FIFO>
ST_4 : Operation 1016 [1/1] (0.00ns)   --->   "%curr_localImage_18 = extractvalue i61536 %call_ret1" [../image_analysis.cpp:259]   --->   Operation 1016 'extractvalue' 'curr_localImage_18' <Predicate = true> <Delay = 0.00> <CoreInst = "FIFO_SRL">   --->   Core 80 'FIFO_SRL' <Latency = 0> <II = 1> <Delay = 1.83> <Storage> <Opcode : 'read' 'write' 'nbread' 'nbwrite'> <Ports = 0> <Width = 32> <Depth = 2> <FIFO>
ST_4 : Operation 1017 [1/1] (0.00ns)   --->   "%curr_localImage_19 = extractvalue i61536 %call_ret1" [../image_analysis.cpp:259]   --->   Operation 1017 'extractvalue' 'curr_localImage_19' <Predicate = true> <Delay = 0.00> <CoreInst = "FIFO_SRL">   --->   Core 80 'FIFO_SRL' <Latency = 0> <II = 1> <Delay = 1.83> <Storage> <Opcode : 'read' 'write' 'nbread' 'nbwrite'> <Ports = 0> <Width = 32> <Depth = 2> <FIFO>
ST_4 : Operation 1018 [1/1] (0.00ns)   --->   "%curr_localImage_20 = extractvalue i61536 %call_ret1" [../image_analysis.cpp:259]   --->   Operation 1018 'extractvalue' 'curr_localImage_20' <Predicate = true> <Delay = 0.00> <CoreInst = "FIFO_SRL">   --->   Core 80 'FIFO_SRL' <Latency = 0> <II = 1> <Delay = 1.83> <Storage> <Opcode : 'read' 'write' 'nbread' 'nbwrite'> <Ports = 0> <Width = 32> <Depth = 2> <FIFO>
ST_4 : Operation 1019 [1/1] (0.00ns)   --->   "%curr_localImage_21 = extractvalue i61536 %call_ret1" [../image_analysis.cpp:259]   --->   Operation 1019 'extractvalue' 'curr_localImage_21' <Predicate = true> <Delay = 0.00> <CoreInst = "FIFO_SRL">   --->   Core 80 'FIFO_SRL' <Latency = 0> <II = 1> <Delay = 1.83> <Storage> <Opcode : 'read' 'write' 'nbread' 'nbwrite'> <Ports = 0> <Width = 32> <Depth = 2> <FIFO>
ST_4 : Operation 1020 [1/1] (0.00ns)   --->   "%curr_localImage_22 = extractvalue i61536 %call_ret1" [../image_analysis.cpp:259]   --->   Operation 1020 'extractvalue' 'curr_localImage_22' <Predicate = true> <Delay = 0.00> <CoreInst = "FIFO_SRL">   --->   Core 80 'FIFO_SRL' <Latency = 0> <II = 1> <Delay = 1.83> <Storage> <Opcode : 'read' 'write' 'nbread' 'nbwrite'> <Ports = 0> <Width = 32> <Depth = 2> <FIFO>
ST_4 : Operation 1021 [1/1] (0.00ns)   --->   "%curr_localImage_23 = extractvalue i61536 %call_ret1" [../image_analysis.cpp:259]   --->   Operation 1021 'extractvalue' 'curr_localImage_23' <Predicate = true> <Delay = 0.00> <CoreInst = "FIFO_SRL">   --->   Core 80 'FIFO_SRL' <Latency = 0> <II = 1> <Delay = 1.83> <Storage> <Opcode : 'read' 'write' 'nbread' 'nbwrite'> <Ports = 0> <Width = 32> <Depth = 2> <FIFO>
ST_4 : Operation 1022 [1/1] (0.00ns)   --->   "%curr_localImage_24 = extractvalue i61536 %call_ret1" [../image_analysis.cpp:259]   --->   Operation 1022 'extractvalue' 'curr_localImage_24' <Predicate = true> <Delay = 0.00> <CoreInst = "FIFO_SRL">   --->   Core 80 'FIFO_SRL' <Latency = 0> <II = 1> <Delay = 1.83> <Storage> <Opcode : 'read' 'write' 'nbread' 'nbwrite'> <Ports = 0> <Width = 32> <Depth = 2> <FIFO>
ST_4 : Operation 1023 [1/1] (0.00ns)   --->   "%curr_localImage_25 = extractvalue i61536 %call_ret1" [../image_analysis.cpp:259]   --->   Operation 1023 'extractvalue' 'curr_localImage_25' <Predicate = true> <Delay = 0.00> <CoreInst = "FIFO_SRL">   --->   Core 80 'FIFO_SRL' <Latency = 0> <II = 1> <Delay = 1.83> <Storage> <Opcode : 'read' 'write' 'nbread' 'nbwrite'> <Ports = 0> <Width = 32> <Depth = 2> <FIFO>
ST_4 : Operation 1024 [1/1] (0.00ns)   --->   "%curr_localImage_26 = extractvalue i61536 %call_ret1" [../image_analysis.cpp:259]   --->   Operation 1024 'extractvalue' 'curr_localImage_26' <Predicate = true> <Delay = 0.00> <CoreInst = "FIFO_SRL">   --->   Core 80 'FIFO_SRL' <Latency = 0> <II = 1> <Delay = 1.83> <Storage> <Opcode : 'read' 'write' 'nbread' 'nbwrite'> <Ports = 0> <Width = 32> <Depth = 2> <FIFO>
ST_4 : Operation 1025 [1/1] (0.00ns)   --->   "%curr_localImage_27 = extractvalue i61536 %call_ret1" [../image_analysis.cpp:259]   --->   Operation 1025 'extractvalue' 'curr_localImage_27' <Predicate = true> <Delay = 0.00> <CoreInst = "FIFO_SRL">   --->   Core 80 'FIFO_SRL' <Latency = 0> <II = 1> <Delay = 1.83> <Storage> <Opcode : 'read' 'write' 'nbread' 'nbwrite'> <Ports = 0> <Width = 32> <Depth = 2> <FIFO>
ST_4 : Operation 1026 [1/1] (0.00ns)   --->   "%curr_localImage_28 = extractvalue i61536 %call_ret1" [../image_analysis.cpp:259]   --->   Operation 1026 'extractvalue' 'curr_localImage_28' <Predicate = true> <Delay = 0.00> <CoreInst = "FIFO_SRL">   --->   Core 80 'FIFO_SRL' <Latency = 0> <II = 1> <Delay = 1.83> <Storage> <Opcode : 'read' 'write' 'nbread' 'nbwrite'> <Ports = 0> <Width = 32> <Depth = 2> <FIFO>
ST_4 : Operation 1027 [1/1] (0.00ns)   --->   "%curr_localImage_29 = extractvalue i61536 %call_ret1" [../image_analysis.cpp:259]   --->   Operation 1027 'extractvalue' 'curr_localImage_29' <Predicate = true> <Delay = 0.00> <CoreInst = "FIFO_SRL">   --->   Core 80 'FIFO_SRL' <Latency = 0> <II = 1> <Delay = 1.83> <Storage> <Opcode : 'read' 'write' 'nbread' 'nbwrite'> <Ports = 0> <Width = 32> <Depth = 2> <FIFO>
ST_4 : Operation 1028 [1/1] (0.00ns)   --->   "%curr_localImage_30 = extractvalue i61536 %call_ret1" [../image_analysis.cpp:259]   --->   Operation 1028 'extractvalue' 'curr_localImage_30' <Predicate = true> <Delay = 0.00> <CoreInst = "FIFO_SRL">   --->   Core 80 'FIFO_SRL' <Latency = 0> <II = 1> <Delay = 1.83> <Storage> <Opcode : 'read' 'write' 'nbread' 'nbwrite'> <Ports = 0> <Width = 32> <Depth = 2> <FIFO>
ST_4 : Operation 1029 [1/1] (0.00ns)   --->   "%curr_localImage_31 = extractvalue i61536 %call_ret1" [../image_analysis.cpp:259]   --->   Operation 1029 'extractvalue' 'curr_localImage_31' <Predicate = true> <Delay = 0.00> <CoreInst = "FIFO_SRL">   --->   Core 80 'FIFO_SRL' <Latency = 0> <II = 1> <Delay = 1.83> <Storage> <Opcode : 'read' 'write' 'nbread' 'nbwrite'> <Ports = 0> <Width = 32> <Depth = 2> <FIFO>
ST_4 : Operation 1030 [1/1] (0.00ns)   --->   "%curr_localImage_32 = extractvalue i61536 %call_ret1" [../image_analysis.cpp:259]   --->   Operation 1030 'extractvalue' 'curr_localImage_32' <Predicate = true> <Delay = 0.00> <CoreInst = "FIFO_SRL">   --->   Core 80 'FIFO_SRL' <Latency = 0> <II = 1> <Delay = 1.83> <Storage> <Opcode : 'read' 'write' 'nbread' 'nbwrite'> <Ports = 0> <Width = 32> <Depth = 2> <FIFO>
ST_4 : Operation 1031 [1/1] (0.00ns)   --->   "%curr_localImage_33 = extractvalue i61536 %call_ret1" [../image_analysis.cpp:259]   --->   Operation 1031 'extractvalue' 'curr_localImage_33' <Predicate = true> <Delay = 0.00> <CoreInst = "FIFO_SRL">   --->   Core 80 'FIFO_SRL' <Latency = 0> <II = 1> <Delay = 1.83> <Storage> <Opcode : 'read' 'write' 'nbread' 'nbwrite'> <Ports = 0> <Width = 32> <Depth = 2> <FIFO>
ST_4 : Operation 1032 [1/1] (0.00ns)   --->   "%curr_localImage_34 = extractvalue i61536 %call_ret1" [../image_analysis.cpp:259]   --->   Operation 1032 'extractvalue' 'curr_localImage_34' <Predicate = true> <Delay = 0.00> <CoreInst = "FIFO_SRL">   --->   Core 80 'FIFO_SRL' <Latency = 0> <II = 1> <Delay = 1.83> <Storage> <Opcode : 'read' 'write' 'nbread' 'nbwrite'> <Ports = 0> <Width = 32> <Depth = 2> <FIFO>
ST_4 : Operation 1033 [1/1] (0.00ns)   --->   "%curr_localImage_35 = extractvalue i61536 %call_ret1" [../image_analysis.cpp:259]   --->   Operation 1033 'extractvalue' 'curr_localImage_35' <Predicate = true> <Delay = 0.00> <CoreInst = "FIFO_SRL">   --->   Core 80 'FIFO_SRL' <Latency = 0> <II = 1> <Delay = 1.83> <Storage> <Opcode : 'read' 'write' 'nbread' 'nbwrite'> <Ports = 0> <Width = 32> <Depth = 2> <FIFO>
ST_4 : Operation 1034 [1/1] (0.00ns)   --->   "%curr_localImage_36 = extractvalue i61536 %call_ret1" [../image_analysis.cpp:259]   --->   Operation 1034 'extractvalue' 'curr_localImage_36' <Predicate = true> <Delay = 0.00> <CoreInst = "FIFO_SRL">   --->   Core 80 'FIFO_SRL' <Latency = 0> <II = 1> <Delay = 1.83> <Storage> <Opcode : 'read' 'write' 'nbread' 'nbwrite'> <Ports = 0> <Width = 32> <Depth = 2> <FIFO>
ST_4 : Operation 1035 [1/1] (0.00ns)   --->   "%curr_localImage_37 = extractvalue i61536 %call_ret1" [../image_analysis.cpp:259]   --->   Operation 1035 'extractvalue' 'curr_localImage_37' <Predicate = true> <Delay = 0.00> <CoreInst = "FIFO_SRL">   --->   Core 80 'FIFO_SRL' <Latency = 0> <II = 1> <Delay = 1.83> <Storage> <Opcode : 'read' 'write' 'nbread' 'nbwrite'> <Ports = 0> <Width = 32> <Depth = 2> <FIFO>
ST_4 : Operation 1036 [1/1] (0.00ns)   --->   "%curr_localImage_38 = extractvalue i61536 %call_ret1" [../image_analysis.cpp:259]   --->   Operation 1036 'extractvalue' 'curr_localImage_38' <Predicate = true> <Delay = 0.00> <CoreInst = "FIFO_SRL">   --->   Core 80 'FIFO_SRL' <Latency = 0> <II = 1> <Delay = 1.83> <Storage> <Opcode : 'read' 'write' 'nbread' 'nbwrite'> <Ports = 0> <Width = 32> <Depth = 2> <FIFO>
ST_4 : Operation 1037 [1/1] (0.00ns)   --->   "%curr_localImage_39 = extractvalue i61536 %call_ret1" [../image_analysis.cpp:259]   --->   Operation 1037 'extractvalue' 'curr_localImage_39' <Predicate = true> <Delay = 0.00> <CoreInst = "FIFO_SRL">   --->   Core 80 'FIFO_SRL' <Latency = 0> <II = 1> <Delay = 1.83> <Storage> <Opcode : 'read' 'write' 'nbread' 'nbwrite'> <Ports = 0> <Width = 32> <Depth = 2> <FIFO>
ST_4 : Operation 1038 [1/1] (0.00ns)   --->   "%curr_localImage_40 = extractvalue i61536 %call_ret1" [../image_analysis.cpp:259]   --->   Operation 1038 'extractvalue' 'curr_localImage_40' <Predicate = true> <Delay = 0.00> <CoreInst = "FIFO_SRL">   --->   Core 80 'FIFO_SRL' <Latency = 0> <II = 1> <Delay = 1.83> <Storage> <Opcode : 'read' 'write' 'nbread' 'nbwrite'> <Ports = 0> <Width = 32> <Depth = 2> <FIFO>
ST_4 : Operation 1039 [1/1] (0.00ns)   --->   "%curr_localImage_41 = extractvalue i61536 %call_ret1" [../image_analysis.cpp:259]   --->   Operation 1039 'extractvalue' 'curr_localImage_41' <Predicate = true> <Delay = 0.00> <CoreInst = "FIFO_SRL">   --->   Core 80 'FIFO_SRL' <Latency = 0> <II = 1> <Delay = 1.83> <Storage> <Opcode : 'read' 'write' 'nbread' 'nbwrite'> <Ports = 0> <Width = 32> <Depth = 2> <FIFO>
ST_4 : Operation 1040 [1/1] (0.00ns)   --->   "%curr_localImage_42 = extractvalue i61536 %call_ret1" [../image_analysis.cpp:259]   --->   Operation 1040 'extractvalue' 'curr_localImage_42' <Predicate = true> <Delay = 0.00> <CoreInst = "FIFO_SRL">   --->   Core 80 'FIFO_SRL' <Latency = 0> <II = 1> <Delay = 1.83> <Storage> <Opcode : 'read' 'write' 'nbread' 'nbwrite'> <Ports = 0> <Width = 32> <Depth = 2> <FIFO>
ST_4 : Operation 1041 [1/1] (0.00ns)   --->   "%curr_localImage_43 = extractvalue i61536 %call_ret1" [../image_analysis.cpp:259]   --->   Operation 1041 'extractvalue' 'curr_localImage_43' <Predicate = true> <Delay = 0.00> <CoreInst = "FIFO_SRL">   --->   Core 80 'FIFO_SRL' <Latency = 0> <II = 1> <Delay = 1.83> <Storage> <Opcode : 'read' 'write' 'nbread' 'nbwrite'> <Ports = 0> <Width = 32> <Depth = 2> <FIFO>
ST_4 : Operation 1042 [1/1] (0.00ns)   --->   "%curr_localImage_44 = extractvalue i61536 %call_ret1" [../image_analysis.cpp:259]   --->   Operation 1042 'extractvalue' 'curr_localImage_44' <Predicate = true> <Delay = 0.00> <CoreInst = "FIFO_SRL">   --->   Core 80 'FIFO_SRL' <Latency = 0> <II = 1> <Delay = 1.83> <Storage> <Opcode : 'read' 'write' 'nbread' 'nbwrite'> <Ports = 0> <Width = 32> <Depth = 2> <FIFO>
ST_4 : Operation 1043 [1/1] (0.00ns)   --->   "%curr_localImage_45 = extractvalue i61536 %call_ret1" [../image_analysis.cpp:259]   --->   Operation 1043 'extractvalue' 'curr_localImage_45' <Predicate = true> <Delay = 0.00> <CoreInst = "FIFO_SRL">   --->   Core 80 'FIFO_SRL' <Latency = 0> <II = 1> <Delay = 1.83> <Storage> <Opcode : 'read' 'write' 'nbread' 'nbwrite'> <Ports = 0> <Width = 32> <Depth = 2> <FIFO>
ST_4 : Operation 1044 [1/1] (0.00ns)   --->   "%curr_localImage_46 = extractvalue i61536 %call_ret1" [../image_analysis.cpp:259]   --->   Operation 1044 'extractvalue' 'curr_localImage_46' <Predicate = true> <Delay = 0.00> <CoreInst = "FIFO_SRL">   --->   Core 80 'FIFO_SRL' <Latency = 0> <II = 1> <Delay = 1.83> <Storage> <Opcode : 'read' 'write' 'nbread' 'nbwrite'> <Ports = 0> <Width = 32> <Depth = 2> <FIFO>
ST_4 : Operation 1045 [1/1] (0.00ns)   --->   "%curr_localImage_47 = extractvalue i61536 %call_ret1" [../image_analysis.cpp:259]   --->   Operation 1045 'extractvalue' 'curr_localImage_47' <Predicate = true> <Delay = 0.00> <CoreInst = "FIFO_SRL">   --->   Core 80 'FIFO_SRL' <Latency = 0> <II = 1> <Delay = 1.83> <Storage> <Opcode : 'read' 'write' 'nbread' 'nbwrite'> <Ports = 0> <Width = 32> <Depth = 2> <FIFO>
ST_4 : Operation 1046 [1/1] (0.00ns)   --->   "%curr_localImage_48 = extractvalue i61536 %call_ret1" [../image_analysis.cpp:259]   --->   Operation 1046 'extractvalue' 'curr_localImage_48' <Predicate = true> <Delay = 0.00> <CoreInst = "FIFO_SRL">   --->   Core 80 'FIFO_SRL' <Latency = 0> <II = 1> <Delay = 1.83> <Storage> <Opcode : 'read' 'write' 'nbread' 'nbwrite'> <Ports = 0> <Width = 32> <Depth = 2> <FIFO>
ST_4 : Operation 1047 [1/1] (0.00ns)   --->   "%curr_localImage_49 = extractvalue i61536 %call_ret1" [../image_analysis.cpp:259]   --->   Operation 1047 'extractvalue' 'curr_localImage_49' <Predicate = true> <Delay = 0.00> <CoreInst = "FIFO_SRL">   --->   Core 80 'FIFO_SRL' <Latency = 0> <II = 1> <Delay = 1.83> <Storage> <Opcode : 'read' 'write' 'nbread' 'nbwrite'> <Ports = 0> <Width = 32> <Depth = 2> <FIFO>
ST_4 : Operation 1048 [1/1] (0.00ns)   --->   "%curr_localImage_50 = extractvalue i61536 %call_ret1" [../image_analysis.cpp:259]   --->   Operation 1048 'extractvalue' 'curr_localImage_50' <Predicate = true> <Delay = 0.00> <CoreInst = "FIFO_SRL">   --->   Core 80 'FIFO_SRL' <Latency = 0> <II = 1> <Delay = 1.83> <Storage> <Opcode : 'read' 'write' 'nbread' 'nbwrite'> <Ports = 0> <Width = 32> <Depth = 2> <FIFO>
ST_4 : Operation 1049 [1/1] (0.00ns)   --->   "%curr_localImage_51 = extractvalue i61536 %call_ret1" [../image_analysis.cpp:259]   --->   Operation 1049 'extractvalue' 'curr_localImage_51' <Predicate = true> <Delay = 0.00> <CoreInst = "FIFO_SRL">   --->   Core 80 'FIFO_SRL' <Latency = 0> <II = 1> <Delay = 1.83> <Storage> <Opcode : 'read' 'write' 'nbread' 'nbwrite'> <Ports = 0> <Width = 32> <Depth = 2> <FIFO>
ST_4 : Operation 1050 [1/1] (0.00ns)   --->   "%curr_localImage_52 = extractvalue i61536 %call_ret1" [../image_analysis.cpp:259]   --->   Operation 1050 'extractvalue' 'curr_localImage_52' <Predicate = true> <Delay = 0.00> <CoreInst = "FIFO_SRL">   --->   Core 80 'FIFO_SRL' <Latency = 0> <II = 1> <Delay = 1.83> <Storage> <Opcode : 'read' 'write' 'nbread' 'nbwrite'> <Ports = 0> <Width = 32> <Depth = 2> <FIFO>
ST_4 : Operation 1051 [1/1] (0.00ns)   --->   "%curr_localImage_53 = extractvalue i61536 %call_ret1" [../image_analysis.cpp:259]   --->   Operation 1051 'extractvalue' 'curr_localImage_53' <Predicate = true> <Delay = 0.00> <CoreInst = "FIFO_SRL">   --->   Core 80 'FIFO_SRL' <Latency = 0> <II = 1> <Delay = 1.83> <Storage> <Opcode : 'read' 'write' 'nbread' 'nbwrite'> <Ports = 0> <Width = 32> <Depth = 2> <FIFO>
ST_4 : Operation 1052 [1/1] (0.00ns)   --->   "%curr_localImage_54 = extractvalue i61536 %call_ret1" [../image_analysis.cpp:259]   --->   Operation 1052 'extractvalue' 'curr_localImage_54' <Predicate = true> <Delay = 0.00> <CoreInst = "FIFO_SRL">   --->   Core 80 'FIFO_SRL' <Latency = 0> <II = 1> <Delay = 1.83> <Storage> <Opcode : 'read' 'write' 'nbread' 'nbwrite'> <Ports = 0> <Width = 32> <Depth = 2> <FIFO>
ST_4 : Operation 1053 [1/1] (0.00ns)   --->   "%curr_localImage_55 = extractvalue i61536 %call_ret1" [../image_analysis.cpp:259]   --->   Operation 1053 'extractvalue' 'curr_localImage_55' <Predicate = true> <Delay = 0.00> <CoreInst = "FIFO_SRL">   --->   Core 80 'FIFO_SRL' <Latency = 0> <II = 1> <Delay = 1.83> <Storage> <Opcode : 'read' 'write' 'nbread' 'nbwrite'> <Ports = 0> <Width = 32> <Depth = 2> <FIFO>
ST_4 : Operation 1054 [1/1] (0.00ns)   --->   "%curr_localImage_56 = extractvalue i61536 %call_ret1" [../image_analysis.cpp:259]   --->   Operation 1054 'extractvalue' 'curr_localImage_56' <Predicate = true> <Delay = 0.00> <CoreInst = "FIFO_SRL">   --->   Core 80 'FIFO_SRL' <Latency = 0> <II = 1> <Delay = 1.83> <Storage> <Opcode : 'read' 'write' 'nbread' 'nbwrite'> <Ports = 0> <Width = 32> <Depth = 2> <FIFO>
ST_4 : Operation 1055 [1/1] (0.00ns)   --->   "%curr_localImage_57 = extractvalue i61536 %call_ret1" [../image_analysis.cpp:259]   --->   Operation 1055 'extractvalue' 'curr_localImage_57' <Predicate = true> <Delay = 0.00> <CoreInst = "FIFO_SRL">   --->   Core 80 'FIFO_SRL' <Latency = 0> <II = 1> <Delay = 1.83> <Storage> <Opcode : 'read' 'write' 'nbread' 'nbwrite'> <Ports = 0> <Width = 32> <Depth = 2> <FIFO>
ST_4 : Operation 1056 [1/1] (0.00ns)   --->   "%curr_localImage_58 = extractvalue i61536 %call_ret1" [../image_analysis.cpp:259]   --->   Operation 1056 'extractvalue' 'curr_localImage_58' <Predicate = true> <Delay = 0.00> <CoreInst = "FIFO_SRL">   --->   Core 80 'FIFO_SRL' <Latency = 0> <II = 1> <Delay = 1.83> <Storage> <Opcode : 'read' 'write' 'nbread' 'nbwrite'> <Ports = 0> <Width = 32> <Depth = 2> <FIFO>
ST_4 : Operation 1057 [1/1] (0.00ns)   --->   "%curr_localImage_59 = extractvalue i61536 %call_ret1" [../image_analysis.cpp:259]   --->   Operation 1057 'extractvalue' 'curr_localImage_59' <Predicate = true> <Delay = 0.00> <CoreInst = "FIFO_SRL">   --->   Core 80 'FIFO_SRL' <Latency = 0> <II = 1> <Delay = 1.83> <Storage> <Opcode : 'read' 'write' 'nbread' 'nbwrite'> <Ports = 0> <Width = 32> <Depth = 2> <FIFO>
ST_4 : Operation 1058 [1/1] (0.00ns)   --->   "%curr_localImage_60 = extractvalue i61536 %call_ret1" [../image_analysis.cpp:259]   --->   Operation 1058 'extractvalue' 'curr_localImage_60' <Predicate = true> <Delay = 0.00> <CoreInst = "FIFO_SRL">   --->   Core 80 'FIFO_SRL' <Latency = 0> <II = 1> <Delay = 1.83> <Storage> <Opcode : 'read' 'write' 'nbread' 'nbwrite'> <Ports = 0> <Width = 32> <Depth = 2> <FIFO>
ST_4 : Operation 1059 [1/1] (0.00ns)   --->   "%curr_localImage_61 = extractvalue i61536 %call_ret1" [../image_analysis.cpp:259]   --->   Operation 1059 'extractvalue' 'curr_localImage_61' <Predicate = true> <Delay = 0.00> <CoreInst = "FIFO_SRL">   --->   Core 80 'FIFO_SRL' <Latency = 0> <II = 1> <Delay = 1.83> <Storage> <Opcode : 'read' 'write' 'nbread' 'nbwrite'> <Ports = 0> <Width = 32> <Depth = 2> <FIFO>
ST_4 : Operation 1060 [1/1] (0.00ns)   --->   "%curr_localImage_62 = extractvalue i61536 %call_ret1" [../image_analysis.cpp:259]   --->   Operation 1060 'extractvalue' 'curr_localImage_62' <Predicate = true> <Delay = 0.00> <CoreInst = "FIFO_SRL">   --->   Core 80 'FIFO_SRL' <Latency = 0> <II = 1> <Delay = 1.83> <Storage> <Opcode : 'read' 'write' 'nbread' 'nbwrite'> <Ports = 0> <Width = 32> <Depth = 2> <FIFO>
ST_4 : Operation 1061 [1/1] (0.00ns)   --->   "%curr_localImage_63 = extractvalue i61536 %call_ret1" [../image_analysis.cpp:259]   --->   Operation 1061 'extractvalue' 'curr_localImage_63' <Predicate = true> <Delay = 0.00> <CoreInst = "FIFO_SRL">   --->   Core 80 'FIFO_SRL' <Latency = 0> <II = 1> <Delay = 1.83> <Storage> <Opcode : 'read' 'write' 'nbread' 'nbwrite'> <Ports = 0> <Width = 32> <Depth = 2> <FIFO>
ST_4 : Operation 1062 [1/1] (0.00ns)   --->   "%curr_localImage_64 = extractvalue i61536 %call_ret1" [../image_analysis.cpp:259]   --->   Operation 1062 'extractvalue' 'curr_localImage_64' <Predicate = true> <Delay = 0.00> <CoreInst = "FIFO_SRL">   --->   Core 80 'FIFO_SRL' <Latency = 0> <II = 1> <Delay = 1.83> <Storage> <Opcode : 'read' 'write' 'nbread' 'nbwrite'> <Ports = 0> <Width = 32> <Depth = 2> <FIFO>
ST_4 : Operation 1063 [1/1] (0.00ns)   --->   "%curr_localImage_65 = extractvalue i61536 %call_ret1" [../image_analysis.cpp:259]   --->   Operation 1063 'extractvalue' 'curr_localImage_65' <Predicate = true> <Delay = 0.00> <CoreInst = "FIFO_SRL">   --->   Core 80 'FIFO_SRL' <Latency = 0> <II = 1> <Delay = 1.83> <Storage> <Opcode : 'read' 'write' 'nbread' 'nbwrite'> <Ports = 0> <Width = 32> <Depth = 2> <FIFO>
ST_4 : Operation 1064 [1/1] (0.00ns)   --->   "%curr_localImage_66 = extractvalue i61536 %call_ret1" [../image_analysis.cpp:259]   --->   Operation 1064 'extractvalue' 'curr_localImage_66' <Predicate = true> <Delay = 0.00> <CoreInst = "FIFO_SRL">   --->   Core 80 'FIFO_SRL' <Latency = 0> <II = 1> <Delay = 1.83> <Storage> <Opcode : 'read' 'write' 'nbread' 'nbwrite'> <Ports = 0> <Width = 32> <Depth = 2> <FIFO>
ST_4 : Operation 1065 [1/1] (0.00ns)   --->   "%curr_localImage_67 = extractvalue i61536 %call_ret1" [../image_analysis.cpp:259]   --->   Operation 1065 'extractvalue' 'curr_localImage_67' <Predicate = true> <Delay = 0.00> <CoreInst = "FIFO_SRL">   --->   Core 80 'FIFO_SRL' <Latency = 0> <II = 1> <Delay = 1.83> <Storage> <Opcode : 'read' 'write' 'nbread' 'nbwrite'> <Ports = 0> <Width = 32> <Depth = 2> <FIFO>
ST_4 : Operation 1066 [1/1] (0.00ns)   --->   "%curr_localImage_68 = extractvalue i61536 %call_ret1" [../image_analysis.cpp:259]   --->   Operation 1066 'extractvalue' 'curr_localImage_68' <Predicate = true> <Delay = 0.00> <CoreInst = "FIFO_SRL">   --->   Core 80 'FIFO_SRL' <Latency = 0> <II = 1> <Delay = 1.83> <Storage> <Opcode : 'read' 'write' 'nbread' 'nbwrite'> <Ports = 0> <Width = 32> <Depth = 2> <FIFO>
ST_4 : Operation 1067 [1/1] (0.00ns)   --->   "%curr_localImage_69 = extractvalue i61536 %call_ret1" [../image_analysis.cpp:259]   --->   Operation 1067 'extractvalue' 'curr_localImage_69' <Predicate = true> <Delay = 0.00> <CoreInst = "FIFO_SRL">   --->   Core 80 'FIFO_SRL' <Latency = 0> <II = 1> <Delay = 1.83> <Storage> <Opcode : 'read' 'write' 'nbread' 'nbwrite'> <Ports = 0> <Width = 32> <Depth = 2> <FIFO>
ST_4 : Operation 1068 [1/1] (0.00ns)   --->   "%curr_localImage_70 = extractvalue i61536 %call_ret1" [../image_analysis.cpp:259]   --->   Operation 1068 'extractvalue' 'curr_localImage_70' <Predicate = true> <Delay = 0.00> <CoreInst = "FIFO_SRL">   --->   Core 80 'FIFO_SRL' <Latency = 0> <II = 1> <Delay = 1.83> <Storage> <Opcode : 'read' 'write' 'nbread' 'nbwrite'> <Ports = 0> <Width = 32> <Depth = 2> <FIFO>
ST_4 : Operation 1069 [1/1] (0.00ns)   --->   "%curr_localImage_71 = extractvalue i61536 %call_ret1" [../image_analysis.cpp:259]   --->   Operation 1069 'extractvalue' 'curr_localImage_71' <Predicate = true> <Delay = 0.00> <CoreInst = "FIFO_SRL">   --->   Core 80 'FIFO_SRL' <Latency = 0> <II = 1> <Delay = 1.83> <Storage> <Opcode : 'read' 'write' 'nbread' 'nbwrite'> <Ports = 0> <Width = 32> <Depth = 2> <FIFO>
ST_4 : Operation 1070 [1/1] (0.00ns)   --->   "%curr_localImage_72 = extractvalue i61536 %call_ret1" [../image_analysis.cpp:259]   --->   Operation 1070 'extractvalue' 'curr_localImage_72' <Predicate = true> <Delay = 0.00> <CoreInst = "FIFO_SRL">   --->   Core 80 'FIFO_SRL' <Latency = 0> <II = 1> <Delay = 1.83> <Storage> <Opcode : 'read' 'write' 'nbread' 'nbwrite'> <Ports = 0> <Width = 32> <Depth = 2> <FIFO>
ST_4 : Operation 1071 [1/1] (0.00ns)   --->   "%curr_localImage_73 = extractvalue i61536 %call_ret1" [../image_analysis.cpp:259]   --->   Operation 1071 'extractvalue' 'curr_localImage_73' <Predicate = true> <Delay = 0.00> <CoreInst = "FIFO_SRL">   --->   Core 80 'FIFO_SRL' <Latency = 0> <II = 1> <Delay = 1.83> <Storage> <Opcode : 'read' 'write' 'nbread' 'nbwrite'> <Ports = 0> <Width = 32> <Depth = 2> <FIFO>
ST_4 : Operation 1072 [1/1] (0.00ns)   --->   "%curr_localImage_74 = extractvalue i61536 %call_ret1" [../image_analysis.cpp:259]   --->   Operation 1072 'extractvalue' 'curr_localImage_74' <Predicate = true> <Delay = 0.00> <CoreInst = "FIFO_SRL">   --->   Core 80 'FIFO_SRL' <Latency = 0> <II = 1> <Delay = 1.83> <Storage> <Opcode : 'read' 'write' 'nbread' 'nbwrite'> <Ports = 0> <Width = 32> <Depth = 2> <FIFO>
ST_4 : Operation 1073 [1/1] (0.00ns)   --->   "%curr_localImage_75 = extractvalue i61536 %call_ret1" [../image_analysis.cpp:259]   --->   Operation 1073 'extractvalue' 'curr_localImage_75' <Predicate = true> <Delay = 0.00> <CoreInst = "FIFO_SRL">   --->   Core 80 'FIFO_SRL' <Latency = 0> <II = 1> <Delay = 1.83> <Storage> <Opcode : 'read' 'write' 'nbread' 'nbwrite'> <Ports = 0> <Width = 32> <Depth = 2> <FIFO>
ST_4 : Operation 1074 [1/1] (0.00ns)   --->   "%curr_localImage_76 = extractvalue i61536 %call_ret1" [../image_analysis.cpp:259]   --->   Operation 1074 'extractvalue' 'curr_localImage_76' <Predicate = true> <Delay = 0.00> <CoreInst = "FIFO_SRL">   --->   Core 80 'FIFO_SRL' <Latency = 0> <II = 1> <Delay = 1.83> <Storage> <Opcode : 'read' 'write' 'nbread' 'nbwrite'> <Ports = 0> <Width = 32> <Depth = 2> <FIFO>
ST_4 : Operation 1075 [1/1] (0.00ns)   --->   "%curr_localImage_77 = extractvalue i61536 %call_ret1" [../image_analysis.cpp:259]   --->   Operation 1075 'extractvalue' 'curr_localImage_77' <Predicate = true> <Delay = 0.00> <CoreInst = "FIFO_SRL">   --->   Core 80 'FIFO_SRL' <Latency = 0> <II = 1> <Delay = 1.83> <Storage> <Opcode : 'read' 'write' 'nbread' 'nbwrite'> <Ports = 0> <Width = 32> <Depth = 2> <FIFO>
ST_4 : Operation 1076 [1/1] (0.00ns)   --->   "%curr_localImage_78 = extractvalue i61536 %call_ret1" [../image_analysis.cpp:259]   --->   Operation 1076 'extractvalue' 'curr_localImage_78' <Predicate = true> <Delay = 0.00> <CoreInst = "FIFO_SRL">   --->   Core 80 'FIFO_SRL' <Latency = 0> <II = 1> <Delay = 1.83> <Storage> <Opcode : 'read' 'write' 'nbread' 'nbwrite'> <Ports = 0> <Width = 32> <Depth = 2> <FIFO>
ST_4 : Operation 1077 [1/1] (0.00ns)   --->   "%curr_localImage_79 = extractvalue i61536 %call_ret1" [../image_analysis.cpp:259]   --->   Operation 1077 'extractvalue' 'curr_localImage_79' <Predicate = true> <Delay = 0.00> <CoreInst = "FIFO_SRL">   --->   Core 80 'FIFO_SRL' <Latency = 0> <II = 1> <Delay = 1.83> <Storage> <Opcode : 'read' 'write' 'nbread' 'nbwrite'> <Ports = 0> <Width = 32> <Depth = 2> <FIFO>
ST_4 : Operation 1078 [1/1] (0.00ns)   --->   "%curr_localImage_80 = extractvalue i61536 %call_ret1" [../image_analysis.cpp:259]   --->   Operation 1078 'extractvalue' 'curr_localImage_80' <Predicate = true> <Delay = 0.00> <CoreInst = "FIFO_SRL">   --->   Core 80 'FIFO_SRL' <Latency = 0> <II = 1> <Delay = 1.83> <Storage> <Opcode : 'read' 'write' 'nbread' 'nbwrite'> <Ports = 0> <Width = 32> <Depth = 2> <FIFO>
ST_4 : Operation 1079 [1/1] (0.00ns)   --->   "%curr_localImage_81 = extractvalue i61536 %call_ret1" [../image_analysis.cpp:259]   --->   Operation 1079 'extractvalue' 'curr_localImage_81' <Predicate = true> <Delay = 0.00> <CoreInst = "FIFO_SRL">   --->   Core 80 'FIFO_SRL' <Latency = 0> <II = 1> <Delay = 1.83> <Storage> <Opcode : 'read' 'write' 'nbread' 'nbwrite'> <Ports = 0> <Width = 32> <Depth = 2> <FIFO>
ST_4 : Operation 1080 [1/1] (0.00ns)   --->   "%curr_localImage_82 = extractvalue i61536 %call_ret1" [../image_analysis.cpp:259]   --->   Operation 1080 'extractvalue' 'curr_localImage_82' <Predicate = true> <Delay = 0.00> <CoreInst = "FIFO_SRL">   --->   Core 80 'FIFO_SRL' <Latency = 0> <II = 1> <Delay = 1.83> <Storage> <Opcode : 'read' 'write' 'nbread' 'nbwrite'> <Ports = 0> <Width = 32> <Depth = 2> <FIFO>
ST_4 : Operation 1081 [1/1] (0.00ns)   --->   "%curr_localImage_83 = extractvalue i61536 %call_ret1" [../image_analysis.cpp:259]   --->   Operation 1081 'extractvalue' 'curr_localImage_83' <Predicate = true> <Delay = 0.00> <CoreInst = "FIFO_SRL">   --->   Core 80 'FIFO_SRL' <Latency = 0> <II = 1> <Delay = 1.83> <Storage> <Opcode : 'read' 'write' 'nbread' 'nbwrite'> <Ports = 0> <Width = 32> <Depth = 2> <FIFO>
ST_4 : Operation 1082 [1/1] (0.00ns)   --->   "%curr_localImage_84 = extractvalue i61536 %call_ret1" [../image_analysis.cpp:259]   --->   Operation 1082 'extractvalue' 'curr_localImage_84' <Predicate = true> <Delay = 0.00> <CoreInst = "FIFO_SRL">   --->   Core 80 'FIFO_SRL' <Latency = 0> <II = 1> <Delay = 1.83> <Storage> <Opcode : 'read' 'write' 'nbread' 'nbwrite'> <Ports = 0> <Width = 32> <Depth = 2> <FIFO>
ST_4 : Operation 1083 [1/1] (0.00ns)   --->   "%curr_localImage_85 = extractvalue i61536 %call_ret1" [../image_analysis.cpp:259]   --->   Operation 1083 'extractvalue' 'curr_localImage_85' <Predicate = true> <Delay = 0.00> <CoreInst = "FIFO_SRL">   --->   Core 80 'FIFO_SRL' <Latency = 0> <II = 1> <Delay = 1.83> <Storage> <Opcode : 'read' 'write' 'nbread' 'nbwrite'> <Ports = 0> <Width = 32> <Depth = 2> <FIFO>
ST_4 : Operation 1084 [1/1] (0.00ns)   --->   "%curr_localImage_86 = extractvalue i61536 %call_ret1" [../image_analysis.cpp:259]   --->   Operation 1084 'extractvalue' 'curr_localImage_86' <Predicate = true> <Delay = 0.00> <CoreInst = "FIFO_SRL">   --->   Core 80 'FIFO_SRL' <Latency = 0> <II = 1> <Delay = 1.83> <Storage> <Opcode : 'read' 'write' 'nbread' 'nbwrite'> <Ports = 0> <Width = 32> <Depth = 2> <FIFO>
ST_4 : Operation 1085 [1/1] (0.00ns)   --->   "%curr_localImage_87 = extractvalue i61536 %call_ret1" [../image_analysis.cpp:259]   --->   Operation 1085 'extractvalue' 'curr_localImage_87' <Predicate = true> <Delay = 0.00> <CoreInst = "FIFO_SRL">   --->   Core 80 'FIFO_SRL' <Latency = 0> <II = 1> <Delay = 1.83> <Storage> <Opcode : 'read' 'write' 'nbread' 'nbwrite'> <Ports = 0> <Width = 32> <Depth = 2> <FIFO>
ST_4 : Operation 1086 [1/1] (0.00ns)   --->   "%curr_localImage_88 = extractvalue i61536 %call_ret1" [../image_analysis.cpp:259]   --->   Operation 1086 'extractvalue' 'curr_localImage_88' <Predicate = true> <Delay = 0.00> <CoreInst = "FIFO_SRL">   --->   Core 80 'FIFO_SRL' <Latency = 0> <II = 1> <Delay = 1.83> <Storage> <Opcode : 'read' 'write' 'nbread' 'nbwrite'> <Ports = 0> <Width = 32> <Depth = 2> <FIFO>
ST_4 : Operation 1087 [1/1] (0.00ns)   --->   "%curr_localImage_89 = extractvalue i61536 %call_ret1" [../image_analysis.cpp:259]   --->   Operation 1087 'extractvalue' 'curr_localImage_89' <Predicate = true> <Delay = 0.00> <CoreInst = "FIFO_SRL">   --->   Core 80 'FIFO_SRL' <Latency = 0> <II = 1> <Delay = 1.83> <Storage> <Opcode : 'read' 'write' 'nbread' 'nbwrite'> <Ports = 0> <Width = 32> <Depth = 2> <FIFO>
ST_4 : Operation 1088 [1/1] (0.00ns)   --->   "%curr_localImage_90 = extractvalue i61536 %call_ret1" [../image_analysis.cpp:259]   --->   Operation 1088 'extractvalue' 'curr_localImage_90' <Predicate = true> <Delay = 0.00> <CoreInst = "FIFO_SRL">   --->   Core 80 'FIFO_SRL' <Latency = 0> <II = 1> <Delay = 1.83> <Storage> <Opcode : 'read' 'write' 'nbread' 'nbwrite'> <Ports = 0> <Width = 32> <Depth = 2> <FIFO>
ST_4 : Operation 1089 [1/1] (0.00ns)   --->   "%curr_localImage_91 = extractvalue i61536 %call_ret1" [../image_analysis.cpp:259]   --->   Operation 1089 'extractvalue' 'curr_localImage_91' <Predicate = true> <Delay = 0.00> <CoreInst = "FIFO_SRL">   --->   Core 80 'FIFO_SRL' <Latency = 0> <II = 1> <Delay = 1.83> <Storage> <Opcode : 'read' 'write' 'nbread' 'nbwrite'> <Ports = 0> <Width = 32> <Depth = 2> <FIFO>
ST_4 : Operation 1090 [1/1] (0.00ns)   --->   "%curr_localImage_92 = extractvalue i61536 %call_ret1" [../image_analysis.cpp:259]   --->   Operation 1090 'extractvalue' 'curr_localImage_92' <Predicate = true> <Delay = 0.00> <CoreInst = "FIFO_SRL">   --->   Core 80 'FIFO_SRL' <Latency = 0> <II = 1> <Delay = 1.83> <Storage> <Opcode : 'read' 'write' 'nbread' 'nbwrite'> <Ports = 0> <Width = 32> <Depth = 2> <FIFO>
ST_4 : Operation 1091 [1/1] (0.00ns)   --->   "%curr_localImage_93 = extractvalue i61536 %call_ret1" [../image_analysis.cpp:259]   --->   Operation 1091 'extractvalue' 'curr_localImage_93' <Predicate = true> <Delay = 0.00> <CoreInst = "FIFO_SRL">   --->   Core 80 'FIFO_SRL' <Latency = 0> <II = 1> <Delay = 1.83> <Storage> <Opcode : 'read' 'write' 'nbread' 'nbwrite'> <Ports = 0> <Width = 32> <Depth = 2> <FIFO>
ST_4 : Operation 1092 [1/1] (0.00ns)   --->   "%curr_localImage_94 = extractvalue i61536 %call_ret1" [../image_analysis.cpp:259]   --->   Operation 1092 'extractvalue' 'curr_localImage_94' <Predicate = true> <Delay = 0.00> <CoreInst = "FIFO_SRL">   --->   Core 80 'FIFO_SRL' <Latency = 0> <II = 1> <Delay = 1.83> <Storage> <Opcode : 'read' 'write' 'nbread' 'nbwrite'> <Ports = 0> <Width = 32> <Depth = 2> <FIFO>
ST_4 : Operation 1093 [1/1] (0.00ns)   --->   "%curr_localImage_95 = extractvalue i61536 %call_ret1" [../image_analysis.cpp:259]   --->   Operation 1093 'extractvalue' 'curr_localImage_95' <Predicate = true> <Delay = 0.00> <CoreInst = "FIFO_SRL">   --->   Core 80 'FIFO_SRL' <Latency = 0> <II = 1> <Delay = 1.83> <Storage> <Opcode : 'read' 'write' 'nbread' 'nbwrite'> <Ports = 0> <Width = 32> <Depth = 2> <FIFO>
ST_4 : Operation 1094 [1/1] (0.00ns)   --->   "%curr_localImage_96 = extractvalue i61536 %call_ret1" [../image_analysis.cpp:259]   --->   Operation 1094 'extractvalue' 'curr_localImage_96' <Predicate = true> <Delay = 0.00> <CoreInst = "FIFO_SRL">   --->   Core 80 'FIFO_SRL' <Latency = 0> <II = 1> <Delay = 1.83> <Storage> <Opcode : 'read' 'write' 'nbread' 'nbwrite'> <Ports = 0> <Width = 32> <Depth = 2> <FIFO>
ST_4 : Operation 1095 [1/1] (0.00ns)   --->   "%curr_localImage_97 = extractvalue i61536 %call_ret1" [../image_analysis.cpp:259]   --->   Operation 1095 'extractvalue' 'curr_localImage_97' <Predicate = true> <Delay = 0.00> <CoreInst = "FIFO_SRL">   --->   Core 80 'FIFO_SRL' <Latency = 0> <II = 1> <Delay = 1.83> <Storage> <Opcode : 'read' 'write' 'nbread' 'nbwrite'> <Ports = 0> <Width = 32> <Depth = 2> <FIFO>
ST_4 : Operation 1096 [1/1] (0.00ns)   --->   "%curr_localImage_98 = extractvalue i61536 %call_ret1" [../image_analysis.cpp:259]   --->   Operation 1096 'extractvalue' 'curr_localImage_98' <Predicate = true> <Delay = 0.00> <CoreInst = "FIFO_SRL">   --->   Core 80 'FIFO_SRL' <Latency = 0> <II = 1> <Delay = 1.83> <Storage> <Opcode : 'read' 'write' 'nbread' 'nbwrite'> <Ports = 0> <Width = 32> <Depth = 2> <FIFO>
ST_4 : Operation 1097 [1/1] (0.00ns)   --->   "%curr_localImage_99 = extractvalue i61536 %call_ret1" [../image_analysis.cpp:259]   --->   Operation 1097 'extractvalue' 'curr_localImage_99' <Predicate = true> <Delay = 0.00> <CoreInst = "FIFO_SRL">   --->   Core 80 'FIFO_SRL' <Latency = 0> <II = 1> <Delay = 1.83> <Storage> <Opcode : 'read' 'write' 'nbread' 'nbwrite'> <Ports = 0> <Width = 32> <Depth = 2> <FIFO>
ST_4 : Operation 1098 [1/1] (0.00ns)   --->   "%curr_localImage_100 = extractvalue i61536 %call_ret1" [../image_analysis.cpp:259]   --->   Operation 1098 'extractvalue' 'curr_localImage_100' <Predicate = true> <Delay = 0.00> <CoreInst = "FIFO_SRL">   --->   Core 80 'FIFO_SRL' <Latency = 0> <II = 1> <Delay = 1.83> <Storage> <Opcode : 'read' 'write' 'nbread' 'nbwrite'> <Ports = 0> <Width = 32> <Depth = 2> <FIFO>
ST_4 : Operation 1099 [1/1] (0.00ns)   --->   "%curr_localImage_101 = extractvalue i61536 %call_ret1" [../image_analysis.cpp:259]   --->   Operation 1099 'extractvalue' 'curr_localImage_101' <Predicate = true> <Delay = 0.00> <CoreInst = "FIFO_SRL">   --->   Core 80 'FIFO_SRL' <Latency = 0> <II = 1> <Delay = 1.83> <Storage> <Opcode : 'read' 'write' 'nbread' 'nbwrite'> <Ports = 0> <Width = 32> <Depth = 2> <FIFO>
ST_4 : Operation 1100 [1/1] (0.00ns)   --->   "%curr_localImage_102 = extractvalue i61536 %call_ret1" [../image_analysis.cpp:259]   --->   Operation 1100 'extractvalue' 'curr_localImage_102' <Predicate = true> <Delay = 0.00> <CoreInst = "FIFO_SRL">   --->   Core 80 'FIFO_SRL' <Latency = 0> <II = 1> <Delay = 1.83> <Storage> <Opcode : 'read' 'write' 'nbread' 'nbwrite'> <Ports = 0> <Width = 32> <Depth = 2> <FIFO>
ST_4 : Operation 1101 [1/1] (0.00ns)   --->   "%curr_localImage_103 = extractvalue i61536 %call_ret1" [../image_analysis.cpp:259]   --->   Operation 1101 'extractvalue' 'curr_localImage_103' <Predicate = true> <Delay = 0.00> <CoreInst = "FIFO_SRL">   --->   Core 80 'FIFO_SRL' <Latency = 0> <II = 1> <Delay = 1.83> <Storage> <Opcode : 'read' 'write' 'nbread' 'nbwrite'> <Ports = 0> <Width = 32> <Depth = 2> <FIFO>
ST_4 : Operation 1102 [1/1] (0.00ns)   --->   "%curr_localImage_104 = extractvalue i61536 %call_ret1" [../image_analysis.cpp:259]   --->   Operation 1102 'extractvalue' 'curr_localImage_104' <Predicate = true> <Delay = 0.00> <CoreInst = "FIFO_SRL">   --->   Core 80 'FIFO_SRL' <Latency = 0> <II = 1> <Delay = 1.83> <Storage> <Opcode : 'read' 'write' 'nbread' 'nbwrite'> <Ports = 0> <Width = 32> <Depth = 2> <FIFO>
ST_4 : Operation 1103 [1/1] (0.00ns)   --->   "%curr_localImage_105 = extractvalue i61536 %call_ret1" [../image_analysis.cpp:259]   --->   Operation 1103 'extractvalue' 'curr_localImage_105' <Predicate = true> <Delay = 0.00> <CoreInst = "FIFO_SRL">   --->   Core 80 'FIFO_SRL' <Latency = 0> <II = 1> <Delay = 1.83> <Storage> <Opcode : 'read' 'write' 'nbread' 'nbwrite'> <Ports = 0> <Width = 32> <Depth = 2> <FIFO>
ST_4 : Operation 1104 [1/1] (0.00ns)   --->   "%curr_localImage_106 = extractvalue i61536 %call_ret1" [../image_analysis.cpp:259]   --->   Operation 1104 'extractvalue' 'curr_localImage_106' <Predicate = true> <Delay = 0.00> <CoreInst = "FIFO_SRL">   --->   Core 80 'FIFO_SRL' <Latency = 0> <II = 1> <Delay = 1.83> <Storage> <Opcode : 'read' 'write' 'nbread' 'nbwrite'> <Ports = 0> <Width = 32> <Depth = 2> <FIFO>
ST_4 : Operation 1105 [1/1] (0.00ns)   --->   "%curr_localImage_107 = extractvalue i61536 %call_ret1" [../image_analysis.cpp:259]   --->   Operation 1105 'extractvalue' 'curr_localImage_107' <Predicate = true> <Delay = 0.00> <CoreInst = "FIFO_SRL">   --->   Core 80 'FIFO_SRL' <Latency = 0> <II = 1> <Delay = 1.83> <Storage> <Opcode : 'read' 'write' 'nbread' 'nbwrite'> <Ports = 0> <Width = 32> <Depth = 2> <FIFO>
ST_4 : Operation 1106 [1/1] (0.00ns)   --->   "%curr_localImage_108 = extractvalue i61536 %call_ret1" [../image_analysis.cpp:259]   --->   Operation 1106 'extractvalue' 'curr_localImage_108' <Predicate = true> <Delay = 0.00> <CoreInst = "FIFO_SRL">   --->   Core 80 'FIFO_SRL' <Latency = 0> <II = 1> <Delay = 1.83> <Storage> <Opcode : 'read' 'write' 'nbread' 'nbwrite'> <Ports = 0> <Width = 32> <Depth = 2> <FIFO>
ST_4 : Operation 1107 [1/1] (0.00ns)   --->   "%curr_localImage_109 = extractvalue i61536 %call_ret1" [../image_analysis.cpp:259]   --->   Operation 1107 'extractvalue' 'curr_localImage_109' <Predicate = true> <Delay = 0.00> <CoreInst = "FIFO_SRL">   --->   Core 80 'FIFO_SRL' <Latency = 0> <II = 1> <Delay = 1.83> <Storage> <Opcode : 'read' 'write' 'nbread' 'nbwrite'> <Ports = 0> <Width = 32> <Depth = 2> <FIFO>
ST_4 : Operation 1108 [1/1] (0.00ns)   --->   "%curr_localImage_110 = extractvalue i61536 %call_ret1" [../image_analysis.cpp:259]   --->   Operation 1108 'extractvalue' 'curr_localImage_110' <Predicate = true> <Delay = 0.00> <CoreInst = "FIFO_SRL">   --->   Core 80 'FIFO_SRL' <Latency = 0> <II = 1> <Delay = 1.83> <Storage> <Opcode : 'read' 'write' 'nbread' 'nbwrite'> <Ports = 0> <Width = 32> <Depth = 2> <FIFO>
ST_4 : Operation 1109 [1/1] (0.00ns)   --->   "%curr_localImage_111 = extractvalue i61536 %call_ret1" [../image_analysis.cpp:259]   --->   Operation 1109 'extractvalue' 'curr_localImage_111' <Predicate = true> <Delay = 0.00> <CoreInst = "FIFO_SRL">   --->   Core 80 'FIFO_SRL' <Latency = 0> <II = 1> <Delay = 1.83> <Storage> <Opcode : 'read' 'write' 'nbread' 'nbwrite'> <Ports = 0> <Width = 32> <Depth = 2> <FIFO>
ST_4 : Operation 1110 [1/1] (0.00ns)   --->   "%curr_localImage_112 = extractvalue i61536 %call_ret1" [../image_analysis.cpp:259]   --->   Operation 1110 'extractvalue' 'curr_localImage_112' <Predicate = true> <Delay = 0.00> <CoreInst = "FIFO_SRL">   --->   Core 80 'FIFO_SRL' <Latency = 0> <II = 1> <Delay = 1.83> <Storage> <Opcode : 'read' 'write' 'nbread' 'nbwrite'> <Ports = 0> <Width = 32> <Depth = 2> <FIFO>
ST_4 : Operation 1111 [1/1] (0.00ns)   --->   "%curr_localImage_113 = extractvalue i61536 %call_ret1" [../image_analysis.cpp:259]   --->   Operation 1111 'extractvalue' 'curr_localImage_113' <Predicate = true> <Delay = 0.00> <CoreInst = "FIFO_SRL">   --->   Core 80 'FIFO_SRL' <Latency = 0> <II = 1> <Delay = 1.83> <Storage> <Opcode : 'read' 'write' 'nbread' 'nbwrite'> <Ports = 0> <Width = 32> <Depth = 2> <FIFO>
ST_4 : Operation 1112 [1/1] (0.00ns)   --->   "%curr_localImage_114 = extractvalue i61536 %call_ret1" [../image_analysis.cpp:259]   --->   Operation 1112 'extractvalue' 'curr_localImage_114' <Predicate = true> <Delay = 0.00> <CoreInst = "FIFO_SRL">   --->   Core 80 'FIFO_SRL' <Latency = 0> <II = 1> <Delay = 1.83> <Storage> <Opcode : 'read' 'write' 'nbread' 'nbwrite'> <Ports = 0> <Width = 32> <Depth = 2> <FIFO>
ST_4 : Operation 1113 [1/1] (0.00ns)   --->   "%curr_localImage_115 = extractvalue i61536 %call_ret1" [../image_analysis.cpp:259]   --->   Operation 1113 'extractvalue' 'curr_localImage_115' <Predicate = true> <Delay = 0.00> <CoreInst = "FIFO_SRL">   --->   Core 80 'FIFO_SRL' <Latency = 0> <II = 1> <Delay = 1.83> <Storage> <Opcode : 'read' 'write' 'nbread' 'nbwrite'> <Ports = 0> <Width = 32> <Depth = 2> <FIFO>
ST_4 : Operation 1114 [1/1] (0.00ns)   --->   "%curr_localImage_116 = extractvalue i61536 %call_ret1" [../image_analysis.cpp:259]   --->   Operation 1114 'extractvalue' 'curr_localImage_116' <Predicate = true> <Delay = 0.00> <CoreInst = "FIFO_SRL">   --->   Core 80 'FIFO_SRL' <Latency = 0> <II = 1> <Delay = 1.83> <Storage> <Opcode : 'read' 'write' 'nbread' 'nbwrite'> <Ports = 0> <Width = 32> <Depth = 2> <FIFO>
ST_4 : Operation 1115 [1/1] (0.00ns)   --->   "%curr_localImage_117 = extractvalue i61536 %call_ret1" [../image_analysis.cpp:259]   --->   Operation 1115 'extractvalue' 'curr_localImage_117' <Predicate = true> <Delay = 0.00> <CoreInst = "FIFO_SRL">   --->   Core 80 'FIFO_SRL' <Latency = 0> <II = 1> <Delay = 1.83> <Storage> <Opcode : 'read' 'write' 'nbread' 'nbwrite'> <Ports = 0> <Width = 32> <Depth = 2> <FIFO>
ST_4 : Operation 1116 [1/1] (0.00ns)   --->   "%curr_localImage_118 = extractvalue i61536 %call_ret1" [../image_analysis.cpp:259]   --->   Operation 1116 'extractvalue' 'curr_localImage_118' <Predicate = true> <Delay = 0.00> <CoreInst = "FIFO_SRL">   --->   Core 80 'FIFO_SRL' <Latency = 0> <II = 1> <Delay = 1.83> <Storage> <Opcode : 'read' 'write' 'nbread' 'nbwrite'> <Ports = 0> <Width = 32> <Depth = 2> <FIFO>
ST_4 : Operation 1117 [1/1] (0.00ns)   --->   "%curr_localImage_119 = extractvalue i61536 %call_ret1" [../image_analysis.cpp:259]   --->   Operation 1117 'extractvalue' 'curr_localImage_119' <Predicate = true> <Delay = 0.00> <CoreInst = "FIFO_SRL">   --->   Core 80 'FIFO_SRL' <Latency = 0> <II = 1> <Delay = 1.83> <Storage> <Opcode : 'read' 'write' 'nbread' 'nbwrite'> <Ports = 0> <Width = 32> <Depth = 2> <FIFO>
ST_4 : Operation 1118 [1/1] (0.00ns)   --->   "%curr_localImage_120 = extractvalue i61536 %call_ret1" [../image_analysis.cpp:259]   --->   Operation 1118 'extractvalue' 'curr_localImage_120' <Predicate = true> <Delay = 0.00> <CoreInst = "FIFO_SRL">   --->   Core 80 'FIFO_SRL' <Latency = 0> <II = 1> <Delay = 1.83> <Storage> <Opcode : 'read' 'write' 'nbread' 'nbwrite'> <Ports = 0> <Width = 32> <Depth = 2> <FIFO>
ST_4 : Operation 1119 [1/1] (0.00ns)   --->   "%curr_localImage_121 = extractvalue i61536 %call_ret1" [../image_analysis.cpp:259]   --->   Operation 1119 'extractvalue' 'curr_localImage_121' <Predicate = true> <Delay = 0.00> <CoreInst = "FIFO_SRL">   --->   Core 80 'FIFO_SRL' <Latency = 0> <II = 1> <Delay = 1.83> <Storage> <Opcode : 'read' 'write' 'nbread' 'nbwrite'> <Ports = 0> <Width = 32> <Depth = 2> <FIFO>
ST_4 : Operation 1120 [1/1] (0.00ns)   --->   "%curr_localImage_122 = extractvalue i61536 %call_ret1" [../image_analysis.cpp:259]   --->   Operation 1120 'extractvalue' 'curr_localImage_122' <Predicate = true> <Delay = 0.00> <CoreInst = "FIFO_SRL">   --->   Core 80 'FIFO_SRL' <Latency = 0> <II = 1> <Delay = 1.83> <Storage> <Opcode : 'read' 'write' 'nbread' 'nbwrite'> <Ports = 0> <Width = 32> <Depth = 2> <FIFO>
ST_4 : Operation 1121 [1/1] (0.00ns)   --->   "%curr_localImage_123 = extractvalue i61536 %call_ret1" [../image_analysis.cpp:259]   --->   Operation 1121 'extractvalue' 'curr_localImage_123' <Predicate = true> <Delay = 0.00> <CoreInst = "FIFO_SRL">   --->   Core 80 'FIFO_SRL' <Latency = 0> <II = 1> <Delay = 1.83> <Storage> <Opcode : 'read' 'write' 'nbread' 'nbwrite'> <Ports = 0> <Width = 32> <Depth = 2> <FIFO>
ST_4 : Operation 1122 [1/1] (0.00ns)   --->   "%curr_localImage_124 = extractvalue i61536 %call_ret1" [../image_analysis.cpp:259]   --->   Operation 1122 'extractvalue' 'curr_localImage_124' <Predicate = true> <Delay = 0.00> <CoreInst = "FIFO_SRL">   --->   Core 80 'FIFO_SRL' <Latency = 0> <II = 1> <Delay = 1.83> <Storage> <Opcode : 'read' 'write' 'nbread' 'nbwrite'> <Ports = 0> <Width = 32> <Depth = 2> <FIFO>
ST_4 : Operation 1123 [1/1] (0.00ns)   --->   "%curr_localImage_125 = extractvalue i61536 %call_ret1" [../image_analysis.cpp:259]   --->   Operation 1123 'extractvalue' 'curr_localImage_125' <Predicate = true> <Delay = 0.00> <CoreInst = "FIFO_SRL">   --->   Core 80 'FIFO_SRL' <Latency = 0> <II = 1> <Delay = 1.83> <Storage> <Opcode : 'read' 'write' 'nbread' 'nbwrite'> <Ports = 0> <Width = 32> <Depth = 2> <FIFO>
ST_4 : Operation 1124 [1/1] (0.00ns)   --->   "%curr_localImage_126 = extractvalue i61536 %call_ret1" [../image_analysis.cpp:259]   --->   Operation 1124 'extractvalue' 'curr_localImage_126' <Predicate = true> <Delay = 0.00> <CoreInst = "FIFO_SRL">   --->   Core 80 'FIFO_SRL' <Latency = 0> <II = 1> <Delay = 1.83> <Storage> <Opcode : 'read' 'write' 'nbread' 'nbwrite'> <Ports = 0> <Width = 32> <Depth = 2> <FIFO>
ST_4 : Operation 1125 [1/1] (0.00ns)   --->   "%curr_localImage_127 = extractvalue i61536 %call_ret1" [../image_analysis.cpp:259]   --->   Operation 1125 'extractvalue' 'curr_localImage_127' <Predicate = true> <Delay = 0.00> <CoreInst = "FIFO_SRL">   --->   Core 80 'FIFO_SRL' <Latency = 0> <II = 1> <Delay = 1.83> <Storage> <Opcode : 'read' 'write' 'nbread' 'nbwrite'> <Ports = 0> <Width = 32> <Depth = 2> <FIFO>
ST_4 : Operation 1126 [1/1] (0.00ns)   --->   "%curr_localImage_128 = extractvalue i61536 %call_ret1" [../image_analysis.cpp:259]   --->   Operation 1126 'extractvalue' 'curr_localImage_128' <Predicate = true> <Delay = 0.00> <CoreInst = "FIFO_SRL">   --->   Core 80 'FIFO_SRL' <Latency = 0> <II = 1> <Delay = 1.83> <Storage> <Opcode : 'read' 'write' 'nbread' 'nbwrite'> <Ports = 0> <Width = 32> <Depth = 2> <FIFO>
ST_4 : Operation 1127 [1/1] (0.00ns)   --->   "%curr_localImage_129 = extractvalue i61536 %call_ret1" [../image_analysis.cpp:259]   --->   Operation 1127 'extractvalue' 'curr_localImage_129' <Predicate = true> <Delay = 0.00> <CoreInst = "FIFO_SRL">   --->   Core 80 'FIFO_SRL' <Latency = 0> <II = 1> <Delay = 1.83> <Storage> <Opcode : 'read' 'write' 'nbread' 'nbwrite'> <Ports = 0> <Width = 32> <Depth = 2> <FIFO>
ST_4 : Operation 1128 [1/1] (0.00ns)   --->   "%curr_localImage_130 = extractvalue i61536 %call_ret1" [../image_analysis.cpp:259]   --->   Operation 1128 'extractvalue' 'curr_localImage_130' <Predicate = true> <Delay = 0.00> <CoreInst = "FIFO_SRL">   --->   Core 80 'FIFO_SRL' <Latency = 0> <II = 1> <Delay = 1.83> <Storage> <Opcode : 'read' 'write' 'nbread' 'nbwrite'> <Ports = 0> <Width = 32> <Depth = 2> <FIFO>
ST_4 : Operation 1129 [1/1] (0.00ns)   --->   "%curr_localImage_131 = extractvalue i61536 %call_ret1" [../image_analysis.cpp:259]   --->   Operation 1129 'extractvalue' 'curr_localImage_131' <Predicate = true> <Delay = 0.00> <CoreInst = "FIFO_SRL">   --->   Core 80 'FIFO_SRL' <Latency = 0> <II = 1> <Delay = 1.83> <Storage> <Opcode : 'read' 'write' 'nbread' 'nbwrite'> <Ports = 0> <Width = 32> <Depth = 2> <FIFO>
ST_4 : Operation 1130 [1/1] (0.00ns)   --->   "%curr_localImage_132 = extractvalue i61536 %call_ret1" [../image_analysis.cpp:259]   --->   Operation 1130 'extractvalue' 'curr_localImage_132' <Predicate = true> <Delay = 0.00> <CoreInst = "FIFO_SRL">   --->   Core 80 'FIFO_SRL' <Latency = 0> <II = 1> <Delay = 1.83> <Storage> <Opcode : 'read' 'write' 'nbread' 'nbwrite'> <Ports = 0> <Width = 32> <Depth = 2> <FIFO>
ST_4 : Operation 1131 [1/1] (0.00ns)   --->   "%curr_localImage_133 = extractvalue i61536 %call_ret1" [../image_analysis.cpp:259]   --->   Operation 1131 'extractvalue' 'curr_localImage_133' <Predicate = true> <Delay = 0.00> <CoreInst = "FIFO_SRL">   --->   Core 80 'FIFO_SRL' <Latency = 0> <II = 1> <Delay = 1.83> <Storage> <Opcode : 'read' 'write' 'nbread' 'nbwrite'> <Ports = 0> <Width = 32> <Depth = 2> <FIFO>
ST_4 : Operation 1132 [1/1] (0.00ns)   --->   "%curr_localImage_134 = extractvalue i61536 %call_ret1" [../image_analysis.cpp:259]   --->   Operation 1132 'extractvalue' 'curr_localImage_134' <Predicate = true> <Delay = 0.00> <CoreInst = "FIFO_SRL">   --->   Core 80 'FIFO_SRL' <Latency = 0> <II = 1> <Delay = 1.83> <Storage> <Opcode : 'read' 'write' 'nbread' 'nbwrite'> <Ports = 0> <Width = 32> <Depth = 2> <FIFO>
ST_4 : Operation 1133 [1/1] (0.00ns)   --->   "%curr_localImage_135 = extractvalue i61536 %call_ret1" [../image_analysis.cpp:259]   --->   Operation 1133 'extractvalue' 'curr_localImage_135' <Predicate = true> <Delay = 0.00> <CoreInst = "FIFO_SRL">   --->   Core 80 'FIFO_SRL' <Latency = 0> <II = 1> <Delay = 1.83> <Storage> <Opcode : 'read' 'write' 'nbread' 'nbwrite'> <Ports = 0> <Width = 32> <Depth = 2> <FIFO>
ST_4 : Operation 1134 [1/1] (0.00ns)   --->   "%curr_localImage_136 = extractvalue i61536 %call_ret1" [../image_analysis.cpp:259]   --->   Operation 1134 'extractvalue' 'curr_localImage_136' <Predicate = true> <Delay = 0.00> <CoreInst = "FIFO_SRL">   --->   Core 80 'FIFO_SRL' <Latency = 0> <II = 1> <Delay = 1.83> <Storage> <Opcode : 'read' 'write' 'nbread' 'nbwrite'> <Ports = 0> <Width = 32> <Depth = 2> <FIFO>
ST_4 : Operation 1135 [1/1] (0.00ns)   --->   "%curr_localImage_137 = extractvalue i61536 %call_ret1" [../image_analysis.cpp:259]   --->   Operation 1135 'extractvalue' 'curr_localImage_137' <Predicate = true> <Delay = 0.00> <CoreInst = "FIFO_SRL">   --->   Core 80 'FIFO_SRL' <Latency = 0> <II = 1> <Delay = 1.83> <Storage> <Opcode : 'read' 'write' 'nbread' 'nbwrite'> <Ports = 0> <Width = 32> <Depth = 2> <FIFO>
ST_4 : Operation 1136 [1/1] (0.00ns)   --->   "%curr_localImage_138 = extractvalue i61536 %call_ret1" [../image_analysis.cpp:259]   --->   Operation 1136 'extractvalue' 'curr_localImage_138' <Predicate = true> <Delay = 0.00> <CoreInst = "FIFO_SRL">   --->   Core 80 'FIFO_SRL' <Latency = 0> <II = 1> <Delay = 1.83> <Storage> <Opcode : 'read' 'write' 'nbread' 'nbwrite'> <Ports = 0> <Width = 32> <Depth = 2> <FIFO>
ST_4 : Operation 1137 [1/1] (0.00ns)   --->   "%curr_localImage_139 = extractvalue i61536 %call_ret1" [../image_analysis.cpp:259]   --->   Operation 1137 'extractvalue' 'curr_localImage_139' <Predicate = true> <Delay = 0.00> <CoreInst = "FIFO_SRL">   --->   Core 80 'FIFO_SRL' <Latency = 0> <II = 1> <Delay = 1.83> <Storage> <Opcode : 'read' 'write' 'nbread' 'nbwrite'> <Ports = 0> <Width = 32> <Depth = 2> <FIFO>
ST_4 : Operation 1138 [1/1] (0.00ns)   --->   "%curr_localImage_140 = extractvalue i61536 %call_ret1" [../image_analysis.cpp:259]   --->   Operation 1138 'extractvalue' 'curr_localImage_140' <Predicate = true> <Delay = 0.00> <CoreInst = "FIFO_SRL">   --->   Core 80 'FIFO_SRL' <Latency = 0> <II = 1> <Delay = 1.83> <Storage> <Opcode : 'read' 'write' 'nbread' 'nbwrite'> <Ports = 0> <Width = 32> <Depth = 2> <FIFO>
ST_4 : Operation 1139 [1/1] (0.00ns)   --->   "%curr_localImage_141 = extractvalue i61536 %call_ret1" [../image_analysis.cpp:259]   --->   Operation 1139 'extractvalue' 'curr_localImage_141' <Predicate = true> <Delay = 0.00> <CoreInst = "FIFO_SRL">   --->   Core 80 'FIFO_SRL' <Latency = 0> <II = 1> <Delay = 1.83> <Storage> <Opcode : 'read' 'write' 'nbread' 'nbwrite'> <Ports = 0> <Width = 32> <Depth = 2> <FIFO>
ST_4 : Operation 1140 [1/1] (0.00ns)   --->   "%curr_localImage_142 = extractvalue i61536 %call_ret1" [../image_analysis.cpp:259]   --->   Operation 1140 'extractvalue' 'curr_localImage_142' <Predicate = true> <Delay = 0.00> <CoreInst = "FIFO_SRL">   --->   Core 80 'FIFO_SRL' <Latency = 0> <II = 1> <Delay = 1.83> <Storage> <Opcode : 'read' 'write' 'nbread' 'nbwrite'> <Ports = 0> <Width = 32> <Depth = 2> <FIFO>
ST_4 : Operation 1141 [1/1] (0.00ns)   --->   "%curr_localImage_143 = extractvalue i61536 %call_ret1" [../image_analysis.cpp:259]   --->   Operation 1141 'extractvalue' 'curr_localImage_143' <Predicate = true> <Delay = 0.00> <CoreInst = "FIFO_SRL">   --->   Core 80 'FIFO_SRL' <Latency = 0> <II = 1> <Delay = 1.83> <Storage> <Opcode : 'read' 'write' 'nbread' 'nbwrite'> <Ports = 0> <Width = 32> <Depth = 2> <FIFO>
ST_4 : Operation 1142 [1/1] (0.00ns)   --->   "%curr_localImage_144 = extractvalue i61536 %call_ret1" [../image_analysis.cpp:259]   --->   Operation 1142 'extractvalue' 'curr_localImage_144' <Predicate = true> <Delay = 0.00> <CoreInst = "FIFO_SRL">   --->   Core 80 'FIFO_SRL' <Latency = 0> <II = 1> <Delay = 1.83> <Storage> <Opcode : 'read' 'write' 'nbread' 'nbwrite'> <Ports = 0> <Width = 32> <Depth = 2> <FIFO>
ST_4 : Operation 1143 [1/1] (0.00ns)   --->   "%curr_localImage_145 = extractvalue i61536 %call_ret1" [../image_analysis.cpp:259]   --->   Operation 1143 'extractvalue' 'curr_localImage_145' <Predicate = true> <Delay = 0.00> <CoreInst = "FIFO_SRL">   --->   Core 80 'FIFO_SRL' <Latency = 0> <II = 1> <Delay = 1.83> <Storage> <Opcode : 'read' 'write' 'nbread' 'nbwrite'> <Ports = 0> <Width = 32> <Depth = 2> <FIFO>
ST_4 : Operation 1144 [1/1] (0.00ns)   --->   "%curr_localImage_146 = extractvalue i61536 %call_ret1" [../image_analysis.cpp:259]   --->   Operation 1144 'extractvalue' 'curr_localImage_146' <Predicate = true> <Delay = 0.00> <CoreInst = "FIFO_SRL">   --->   Core 80 'FIFO_SRL' <Latency = 0> <II = 1> <Delay = 1.83> <Storage> <Opcode : 'read' 'write' 'nbread' 'nbwrite'> <Ports = 0> <Width = 32> <Depth = 2> <FIFO>
ST_4 : Operation 1145 [1/1] (0.00ns)   --->   "%curr_localImage_147 = extractvalue i61536 %call_ret1" [../image_analysis.cpp:259]   --->   Operation 1145 'extractvalue' 'curr_localImage_147' <Predicate = true> <Delay = 0.00> <CoreInst = "FIFO_SRL">   --->   Core 80 'FIFO_SRL' <Latency = 0> <II = 1> <Delay = 1.83> <Storage> <Opcode : 'read' 'write' 'nbread' 'nbwrite'> <Ports = 0> <Width = 32> <Depth = 2> <FIFO>
ST_4 : Operation 1146 [1/1] (0.00ns)   --->   "%curr_localImage_148 = extractvalue i61536 %call_ret1" [../image_analysis.cpp:259]   --->   Operation 1146 'extractvalue' 'curr_localImage_148' <Predicate = true> <Delay = 0.00> <CoreInst = "FIFO_SRL">   --->   Core 80 'FIFO_SRL' <Latency = 0> <II = 1> <Delay = 1.83> <Storage> <Opcode : 'read' 'write' 'nbread' 'nbwrite'> <Ports = 0> <Width = 32> <Depth = 2> <FIFO>
ST_4 : Operation 1147 [1/1] (0.00ns)   --->   "%curr_localImage_149 = extractvalue i61536 %call_ret1" [../image_analysis.cpp:259]   --->   Operation 1147 'extractvalue' 'curr_localImage_149' <Predicate = true> <Delay = 0.00> <CoreInst = "FIFO_SRL">   --->   Core 80 'FIFO_SRL' <Latency = 0> <II = 1> <Delay = 1.83> <Storage> <Opcode : 'read' 'write' 'nbread' 'nbwrite'> <Ports = 0> <Width = 32> <Depth = 2> <FIFO>
ST_4 : Operation 1148 [1/1] (0.00ns)   --->   "%curr_localImage_150 = extractvalue i61536 %call_ret1" [../image_analysis.cpp:259]   --->   Operation 1148 'extractvalue' 'curr_localImage_150' <Predicate = true> <Delay = 0.00> <CoreInst = "FIFO_SRL">   --->   Core 80 'FIFO_SRL' <Latency = 0> <II = 1> <Delay = 1.83> <Storage> <Opcode : 'read' 'write' 'nbread' 'nbwrite'> <Ports = 0> <Width = 32> <Depth = 2> <FIFO>
ST_4 : Operation 1149 [1/1] (0.00ns)   --->   "%curr_localImage_151 = extractvalue i61536 %call_ret1" [../image_analysis.cpp:259]   --->   Operation 1149 'extractvalue' 'curr_localImage_151' <Predicate = true> <Delay = 0.00> <CoreInst = "FIFO_SRL">   --->   Core 80 'FIFO_SRL' <Latency = 0> <II = 1> <Delay = 1.83> <Storage> <Opcode : 'read' 'write' 'nbread' 'nbwrite'> <Ports = 0> <Width = 32> <Depth = 2> <FIFO>
ST_4 : Operation 1150 [1/1] (0.00ns)   --->   "%curr_localImage_152 = extractvalue i61536 %call_ret1" [../image_analysis.cpp:259]   --->   Operation 1150 'extractvalue' 'curr_localImage_152' <Predicate = true> <Delay = 0.00> <CoreInst = "FIFO_SRL">   --->   Core 80 'FIFO_SRL' <Latency = 0> <II = 1> <Delay = 1.83> <Storage> <Opcode : 'read' 'write' 'nbread' 'nbwrite'> <Ports = 0> <Width = 32> <Depth = 2> <FIFO>
ST_4 : Operation 1151 [1/1] (0.00ns)   --->   "%curr_localImage_153 = extractvalue i61536 %call_ret1" [../image_analysis.cpp:259]   --->   Operation 1151 'extractvalue' 'curr_localImage_153' <Predicate = true> <Delay = 0.00> <CoreInst = "FIFO_SRL">   --->   Core 80 'FIFO_SRL' <Latency = 0> <II = 1> <Delay = 1.83> <Storage> <Opcode : 'read' 'write' 'nbread' 'nbwrite'> <Ports = 0> <Width = 32> <Depth = 2> <FIFO>
ST_4 : Operation 1152 [1/1] (0.00ns)   --->   "%curr_localImage_154 = extractvalue i61536 %call_ret1" [../image_analysis.cpp:259]   --->   Operation 1152 'extractvalue' 'curr_localImage_154' <Predicate = true> <Delay = 0.00> <CoreInst = "FIFO_SRL">   --->   Core 80 'FIFO_SRL' <Latency = 0> <II = 1> <Delay = 1.83> <Storage> <Opcode : 'read' 'write' 'nbread' 'nbwrite'> <Ports = 0> <Width = 32> <Depth = 2> <FIFO>
ST_4 : Operation 1153 [1/1] (0.00ns)   --->   "%curr_localImage_155 = extractvalue i61536 %call_ret1" [../image_analysis.cpp:259]   --->   Operation 1153 'extractvalue' 'curr_localImage_155' <Predicate = true> <Delay = 0.00> <CoreInst = "FIFO_SRL">   --->   Core 80 'FIFO_SRL' <Latency = 0> <II = 1> <Delay = 1.83> <Storage> <Opcode : 'read' 'write' 'nbread' 'nbwrite'> <Ports = 0> <Width = 32> <Depth = 2> <FIFO>
ST_4 : Operation 1154 [1/1] (0.00ns)   --->   "%curr_localImage_156 = extractvalue i61536 %call_ret1" [../image_analysis.cpp:259]   --->   Operation 1154 'extractvalue' 'curr_localImage_156' <Predicate = true> <Delay = 0.00> <CoreInst = "FIFO_SRL">   --->   Core 80 'FIFO_SRL' <Latency = 0> <II = 1> <Delay = 1.83> <Storage> <Opcode : 'read' 'write' 'nbread' 'nbwrite'> <Ports = 0> <Width = 32> <Depth = 2> <FIFO>
ST_4 : Operation 1155 [1/1] (0.00ns)   --->   "%curr_localImage_157 = extractvalue i61536 %call_ret1" [../image_analysis.cpp:259]   --->   Operation 1155 'extractvalue' 'curr_localImage_157' <Predicate = true> <Delay = 0.00> <CoreInst = "FIFO_SRL">   --->   Core 80 'FIFO_SRL' <Latency = 0> <II = 1> <Delay = 1.83> <Storage> <Opcode : 'read' 'write' 'nbread' 'nbwrite'> <Ports = 0> <Width = 32> <Depth = 2> <FIFO>
ST_4 : Operation 1156 [1/1] (0.00ns)   --->   "%curr_localImage_158 = extractvalue i61536 %call_ret1" [../image_analysis.cpp:259]   --->   Operation 1156 'extractvalue' 'curr_localImage_158' <Predicate = true> <Delay = 0.00> <CoreInst = "FIFO_SRL">   --->   Core 80 'FIFO_SRL' <Latency = 0> <II = 1> <Delay = 1.83> <Storage> <Opcode : 'read' 'write' 'nbread' 'nbwrite'> <Ports = 0> <Width = 32> <Depth = 2> <FIFO>
ST_4 : Operation 1157 [1/1] (0.00ns)   --->   "%curr_localImage_159 = extractvalue i61536 %call_ret1" [../image_analysis.cpp:259]   --->   Operation 1157 'extractvalue' 'curr_localImage_159' <Predicate = true> <Delay = 0.00> <CoreInst = "FIFO_SRL">   --->   Core 80 'FIFO_SRL' <Latency = 0> <II = 1> <Delay = 1.83> <Storage> <Opcode : 'read' 'write' 'nbread' 'nbwrite'> <Ports = 0> <Width = 32> <Depth = 2> <FIFO>
ST_4 : Operation 1158 [1/1] (0.00ns)   --->   "%curr_localImage_160 = extractvalue i61536 %call_ret1" [../image_analysis.cpp:259]   --->   Operation 1158 'extractvalue' 'curr_localImage_160' <Predicate = true> <Delay = 0.00> <CoreInst = "FIFO_SRL">   --->   Core 80 'FIFO_SRL' <Latency = 0> <II = 1> <Delay = 1.83> <Storage> <Opcode : 'read' 'write' 'nbread' 'nbwrite'> <Ports = 0> <Width = 32> <Depth = 2> <FIFO>
ST_4 : Operation 1159 [1/1] (0.00ns)   --->   "%curr_localImage_161 = extractvalue i61536 %call_ret1" [../image_analysis.cpp:259]   --->   Operation 1159 'extractvalue' 'curr_localImage_161' <Predicate = true> <Delay = 0.00> <CoreInst = "FIFO_SRL">   --->   Core 80 'FIFO_SRL' <Latency = 0> <II = 1> <Delay = 1.83> <Storage> <Opcode : 'read' 'write' 'nbread' 'nbwrite'> <Ports = 0> <Width = 32> <Depth = 2> <FIFO>
ST_4 : Operation 1160 [1/1] (0.00ns)   --->   "%curr_localImage_162 = extractvalue i61536 %call_ret1" [../image_analysis.cpp:259]   --->   Operation 1160 'extractvalue' 'curr_localImage_162' <Predicate = true> <Delay = 0.00> <CoreInst = "FIFO_SRL">   --->   Core 80 'FIFO_SRL' <Latency = 0> <II = 1> <Delay = 1.83> <Storage> <Opcode : 'read' 'write' 'nbread' 'nbwrite'> <Ports = 0> <Width = 32> <Depth = 2> <FIFO>
ST_4 : Operation 1161 [1/1] (0.00ns)   --->   "%curr_localImage_163 = extractvalue i61536 %call_ret1" [../image_analysis.cpp:259]   --->   Operation 1161 'extractvalue' 'curr_localImage_163' <Predicate = true> <Delay = 0.00> <CoreInst = "FIFO_SRL">   --->   Core 80 'FIFO_SRL' <Latency = 0> <II = 1> <Delay = 1.83> <Storage> <Opcode : 'read' 'write' 'nbread' 'nbwrite'> <Ports = 0> <Width = 32> <Depth = 2> <FIFO>
ST_4 : Operation 1162 [1/1] (0.00ns)   --->   "%curr_localImage_164 = extractvalue i61536 %call_ret1" [../image_analysis.cpp:259]   --->   Operation 1162 'extractvalue' 'curr_localImage_164' <Predicate = true> <Delay = 0.00> <CoreInst = "FIFO_SRL">   --->   Core 80 'FIFO_SRL' <Latency = 0> <II = 1> <Delay = 1.83> <Storage> <Opcode : 'read' 'write' 'nbread' 'nbwrite'> <Ports = 0> <Width = 32> <Depth = 2> <FIFO>
ST_4 : Operation 1163 [1/1] (0.00ns)   --->   "%curr_localImage_165 = extractvalue i61536 %call_ret1" [../image_analysis.cpp:259]   --->   Operation 1163 'extractvalue' 'curr_localImage_165' <Predicate = true> <Delay = 0.00> <CoreInst = "FIFO_SRL">   --->   Core 80 'FIFO_SRL' <Latency = 0> <II = 1> <Delay = 1.83> <Storage> <Opcode : 'read' 'write' 'nbread' 'nbwrite'> <Ports = 0> <Width = 32> <Depth = 2> <FIFO>
ST_4 : Operation 1164 [1/1] (0.00ns)   --->   "%curr_localImage_166 = extractvalue i61536 %call_ret1" [../image_analysis.cpp:259]   --->   Operation 1164 'extractvalue' 'curr_localImage_166' <Predicate = true> <Delay = 0.00> <CoreInst = "FIFO_SRL">   --->   Core 80 'FIFO_SRL' <Latency = 0> <II = 1> <Delay = 1.83> <Storage> <Opcode : 'read' 'write' 'nbread' 'nbwrite'> <Ports = 0> <Width = 32> <Depth = 2> <FIFO>
ST_4 : Operation 1165 [1/1] (0.00ns)   --->   "%curr_localImage_167 = extractvalue i61536 %call_ret1" [../image_analysis.cpp:259]   --->   Operation 1165 'extractvalue' 'curr_localImage_167' <Predicate = true> <Delay = 0.00> <CoreInst = "FIFO_SRL">   --->   Core 80 'FIFO_SRL' <Latency = 0> <II = 1> <Delay = 1.83> <Storage> <Opcode : 'read' 'write' 'nbread' 'nbwrite'> <Ports = 0> <Width = 32> <Depth = 2> <FIFO>
ST_4 : Operation 1166 [1/1] (0.00ns)   --->   "%curr_localImage_168 = extractvalue i61536 %call_ret1" [../image_analysis.cpp:259]   --->   Operation 1166 'extractvalue' 'curr_localImage_168' <Predicate = true> <Delay = 0.00> <CoreInst = "FIFO_SRL">   --->   Core 80 'FIFO_SRL' <Latency = 0> <II = 1> <Delay = 1.83> <Storage> <Opcode : 'read' 'write' 'nbread' 'nbwrite'> <Ports = 0> <Width = 32> <Depth = 2> <FIFO>
ST_4 : Operation 1167 [1/1] (0.00ns)   --->   "%curr_localImage_169 = extractvalue i61536 %call_ret1" [../image_analysis.cpp:259]   --->   Operation 1167 'extractvalue' 'curr_localImage_169' <Predicate = true> <Delay = 0.00> <CoreInst = "FIFO_SRL">   --->   Core 80 'FIFO_SRL' <Latency = 0> <II = 1> <Delay = 1.83> <Storage> <Opcode : 'read' 'write' 'nbread' 'nbwrite'> <Ports = 0> <Width = 32> <Depth = 2> <FIFO>
ST_4 : Operation 1168 [1/1] (0.00ns)   --->   "%curr_localImage_170 = extractvalue i61536 %call_ret1" [../image_analysis.cpp:259]   --->   Operation 1168 'extractvalue' 'curr_localImage_170' <Predicate = true> <Delay = 0.00> <CoreInst = "FIFO_SRL">   --->   Core 80 'FIFO_SRL' <Latency = 0> <II = 1> <Delay = 1.83> <Storage> <Opcode : 'read' 'write' 'nbread' 'nbwrite'> <Ports = 0> <Width = 32> <Depth = 2> <FIFO>
ST_4 : Operation 1169 [1/1] (0.00ns)   --->   "%curr_localImage_171 = extractvalue i61536 %call_ret1" [../image_analysis.cpp:259]   --->   Operation 1169 'extractvalue' 'curr_localImage_171' <Predicate = true> <Delay = 0.00> <CoreInst = "FIFO_SRL">   --->   Core 80 'FIFO_SRL' <Latency = 0> <II = 1> <Delay = 1.83> <Storage> <Opcode : 'read' 'write' 'nbread' 'nbwrite'> <Ports = 0> <Width = 32> <Depth = 2> <FIFO>
ST_4 : Operation 1170 [1/1] (0.00ns)   --->   "%curr_localImage_172 = extractvalue i61536 %call_ret1" [../image_analysis.cpp:259]   --->   Operation 1170 'extractvalue' 'curr_localImage_172' <Predicate = true> <Delay = 0.00> <CoreInst = "FIFO_SRL">   --->   Core 80 'FIFO_SRL' <Latency = 0> <II = 1> <Delay = 1.83> <Storage> <Opcode : 'read' 'write' 'nbread' 'nbwrite'> <Ports = 0> <Width = 32> <Depth = 2> <FIFO>
ST_4 : Operation 1171 [1/1] (0.00ns)   --->   "%curr_localImage_173 = extractvalue i61536 %call_ret1" [../image_analysis.cpp:259]   --->   Operation 1171 'extractvalue' 'curr_localImage_173' <Predicate = true> <Delay = 0.00> <CoreInst = "FIFO_SRL">   --->   Core 80 'FIFO_SRL' <Latency = 0> <II = 1> <Delay = 1.83> <Storage> <Opcode : 'read' 'write' 'nbread' 'nbwrite'> <Ports = 0> <Width = 32> <Depth = 2> <FIFO>
ST_4 : Operation 1172 [1/1] (0.00ns)   --->   "%curr_localImage_174 = extractvalue i61536 %call_ret1" [../image_analysis.cpp:259]   --->   Operation 1172 'extractvalue' 'curr_localImage_174' <Predicate = true> <Delay = 0.00> <CoreInst = "FIFO_SRL">   --->   Core 80 'FIFO_SRL' <Latency = 0> <II = 1> <Delay = 1.83> <Storage> <Opcode : 'read' 'write' 'nbread' 'nbwrite'> <Ports = 0> <Width = 32> <Depth = 2> <FIFO>
ST_4 : Operation 1173 [1/1] (0.00ns)   --->   "%curr_localImage_175 = extractvalue i61536 %call_ret1" [../image_analysis.cpp:259]   --->   Operation 1173 'extractvalue' 'curr_localImage_175' <Predicate = true> <Delay = 0.00> <CoreInst = "FIFO_SRL">   --->   Core 80 'FIFO_SRL' <Latency = 0> <II = 1> <Delay = 1.83> <Storage> <Opcode : 'read' 'write' 'nbread' 'nbwrite'> <Ports = 0> <Width = 32> <Depth = 2> <FIFO>
ST_4 : Operation 1174 [1/1] (0.00ns)   --->   "%curr_localImage_176 = extractvalue i61536 %call_ret1" [../image_analysis.cpp:259]   --->   Operation 1174 'extractvalue' 'curr_localImage_176' <Predicate = true> <Delay = 0.00> <CoreInst = "FIFO_SRL">   --->   Core 80 'FIFO_SRL' <Latency = 0> <II = 1> <Delay = 1.83> <Storage> <Opcode : 'read' 'write' 'nbread' 'nbwrite'> <Ports = 0> <Width = 32> <Depth = 2> <FIFO>
ST_4 : Operation 1175 [1/1] (0.00ns)   --->   "%curr_localImage_177 = extractvalue i61536 %call_ret1" [../image_analysis.cpp:259]   --->   Operation 1175 'extractvalue' 'curr_localImage_177' <Predicate = true> <Delay = 0.00> <CoreInst = "FIFO_SRL">   --->   Core 80 'FIFO_SRL' <Latency = 0> <II = 1> <Delay = 1.83> <Storage> <Opcode : 'read' 'write' 'nbread' 'nbwrite'> <Ports = 0> <Width = 32> <Depth = 2> <FIFO>
ST_4 : Operation 1176 [1/1] (0.00ns)   --->   "%curr_localImage_178 = extractvalue i61536 %call_ret1" [../image_analysis.cpp:259]   --->   Operation 1176 'extractvalue' 'curr_localImage_178' <Predicate = true> <Delay = 0.00> <CoreInst = "FIFO_SRL">   --->   Core 80 'FIFO_SRL' <Latency = 0> <II = 1> <Delay = 1.83> <Storage> <Opcode : 'read' 'write' 'nbread' 'nbwrite'> <Ports = 0> <Width = 32> <Depth = 2> <FIFO>
ST_4 : Operation 1177 [1/1] (0.00ns)   --->   "%curr_localImage_179 = extractvalue i61536 %call_ret1" [../image_analysis.cpp:259]   --->   Operation 1177 'extractvalue' 'curr_localImage_179' <Predicate = true> <Delay = 0.00> <CoreInst = "FIFO_SRL">   --->   Core 80 'FIFO_SRL' <Latency = 0> <II = 1> <Delay = 1.83> <Storage> <Opcode : 'read' 'write' 'nbread' 'nbwrite'> <Ports = 0> <Width = 32> <Depth = 2> <FIFO>
ST_4 : Operation 1178 [1/1] (0.00ns)   --->   "%curr_localImage_180 = extractvalue i61536 %call_ret1" [../image_analysis.cpp:259]   --->   Operation 1178 'extractvalue' 'curr_localImage_180' <Predicate = true> <Delay = 0.00> <CoreInst = "FIFO_SRL">   --->   Core 80 'FIFO_SRL' <Latency = 0> <II = 1> <Delay = 1.83> <Storage> <Opcode : 'read' 'write' 'nbread' 'nbwrite'> <Ports = 0> <Width = 32> <Depth = 2> <FIFO>
ST_4 : Operation 1179 [1/1] (0.00ns)   --->   "%curr_localImage_181 = extractvalue i61536 %call_ret1" [../image_analysis.cpp:259]   --->   Operation 1179 'extractvalue' 'curr_localImage_181' <Predicate = true> <Delay = 0.00> <CoreInst = "FIFO_SRL">   --->   Core 80 'FIFO_SRL' <Latency = 0> <II = 1> <Delay = 1.83> <Storage> <Opcode : 'read' 'write' 'nbread' 'nbwrite'> <Ports = 0> <Width = 32> <Depth = 2> <FIFO>
ST_4 : Operation 1180 [1/1] (0.00ns)   --->   "%curr_localImage_182 = extractvalue i61536 %call_ret1" [../image_analysis.cpp:259]   --->   Operation 1180 'extractvalue' 'curr_localImage_182' <Predicate = true> <Delay = 0.00> <CoreInst = "FIFO_SRL">   --->   Core 80 'FIFO_SRL' <Latency = 0> <II = 1> <Delay = 1.83> <Storage> <Opcode : 'read' 'write' 'nbread' 'nbwrite'> <Ports = 0> <Width = 32> <Depth = 2> <FIFO>
ST_4 : Operation 1181 [1/1] (0.00ns)   --->   "%curr_localImage_183 = extractvalue i61536 %call_ret1" [../image_analysis.cpp:259]   --->   Operation 1181 'extractvalue' 'curr_localImage_183' <Predicate = true> <Delay = 0.00> <CoreInst = "FIFO_SRL">   --->   Core 80 'FIFO_SRL' <Latency = 0> <II = 1> <Delay = 1.83> <Storage> <Opcode : 'read' 'write' 'nbread' 'nbwrite'> <Ports = 0> <Width = 32> <Depth = 2> <FIFO>
ST_4 : Operation 1182 [1/1] (0.00ns)   --->   "%curr_localImage_184 = extractvalue i61536 %call_ret1" [../image_analysis.cpp:259]   --->   Operation 1182 'extractvalue' 'curr_localImage_184' <Predicate = true> <Delay = 0.00> <CoreInst = "FIFO_SRL">   --->   Core 80 'FIFO_SRL' <Latency = 0> <II = 1> <Delay = 1.83> <Storage> <Opcode : 'read' 'write' 'nbread' 'nbwrite'> <Ports = 0> <Width = 32> <Depth = 2> <FIFO>
ST_4 : Operation 1183 [1/1] (0.00ns)   --->   "%curr_localImage_185 = extractvalue i61536 %call_ret1" [../image_analysis.cpp:259]   --->   Operation 1183 'extractvalue' 'curr_localImage_185' <Predicate = true> <Delay = 0.00> <CoreInst = "FIFO_SRL">   --->   Core 80 'FIFO_SRL' <Latency = 0> <II = 1> <Delay = 1.83> <Storage> <Opcode : 'read' 'write' 'nbread' 'nbwrite'> <Ports = 0> <Width = 32> <Depth = 2> <FIFO>
ST_4 : Operation 1184 [1/1] (0.00ns)   --->   "%curr_localImage_186 = extractvalue i61536 %call_ret1" [../image_analysis.cpp:259]   --->   Operation 1184 'extractvalue' 'curr_localImage_186' <Predicate = true> <Delay = 0.00> <CoreInst = "FIFO_SRL">   --->   Core 80 'FIFO_SRL' <Latency = 0> <II = 1> <Delay = 1.83> <Storage> <Opcode : 'read' 'write' 'nbread' 'nbwrite'> <Ports = 0> <Width = 32> <Depth = 2> <FIFO>
ST_4 : Operation 1185 [1/1] (0.00ns)   --->   "%curr_localImage_187 = extractvalue i61536 %call_ret1" [../image_analysis.cpp:259]   --->   Operation 1185 'extractvalue' 'curr_localImage_187' <Predicate = true> <Delay = 0.00> <CoreInst = "FIFO_SRL">   --->   Core 80 'FIFO_SRL' <Latency = 0> <II = 1> <Delay = 1.83> <Storage> <Opcode : 'read' 'write' 'nbread' 'nbwrite'> <Ports = 0> <Width = 32> <Depth = 2> <FIFO>
ST_4 : Operation 1186 [1/1] (0.00ns)   --->   "%curr_localImage_188 = extractvalue i61536 %call_ret1" [../image_analysis.cpp:259]   --->   Operation 1186 'extractvalue' 'curr_localImage_188' <Predicate = true> <Delay = 0.00> <CoreInst = "FIFO_SRL">   --->   Core 80 'FIFO_SRL' <Latency = 0> <II = 1> <Delay = 1.83> <Storage> <Opcode : 'read' 'write' 'nbread' 'nbwrite'> <Ports = 0> <Width = 32> <Depth = 2> <FIFO>
ST_4 : Operation 1187 [1/1] (0.00ns)   --->   "%curr_localImage_189 = extractvalue i61536 %call_ret1" [../image_analysis.cpp:259]   --->   Operation 1187 'extractvalue' 'curr_localImage_189' <Predicate = true> <Delay = 0.00> <CoreInst = "FIFO_SRL">   --->   Core 80 'FIFO_SRL' <Latency = 0> <II = 1> <Delay = 1.83> <Storage> <Opcode : 'read' 'write' 'nbread' 'nbwrite'> <Ports = 0> <Width = 32> <Depth = 2> <FIFO>
ST_4 : Operation 1188 [1/1] (0.00ns)   --->   "%curr_localImage_190 = extractvalue i61536 %call_ret1" [../image_analysis.cpp:259]   --->   Operation 1188 'extractvalue' 'curr_localImage_190' <Predicate = true> <Delay = 0.00> <CoreInst = "FIFO_SRL">   --->   Core 80 'FIFO_SRL' <Latency = 0> <II = 1> <Delay = 1.83> <Storage> <Opcode : 'read' 'write' 'nbread' 'nbwrite'> <Ports = 0> <Width = 32> <Depth = 2> <FIFO>
ST_4 : Operation 1189 [1/1] (0.00ns)   --->   "%curr_localImage_191 = extractvalue i61536 %call_ret1" [../image_analysis.cpp:259]   --->   Operation 1189 'extractvalue' 'curr_localImage_191' <Predicate = true> <Delay = 0.00> <CoreInst = "FIFO_SRL">   --->   Core 80 'FIFO_SRL' <Latency = 0> <II = 1> <Delay = 1.83> <Storage> <Opcode : 'read' 'write' 'nbread' 'nbwrite'> <Ports = 0> <Width = 32> <Depth = 2> <FIFO>
ST_4 : Operation 1190 [1/1] (0.00ns)   --->   "%curr_localImage_192 = extractvalue i61536 %call_ret1" [../image_analysis.cpp:259]   --->   Operation 1190 'extractvalue' 'curr_localImage_192' <Predicate = true> <Delay = 0.00> <CoreInst = "FIFO_SRL">   --->   Core 80 'FIFO_SRL' <Latency = 0> <II = 1> <Delay = 1.83> <Storage> <Opcode : 'read' 'write' 'nbread' 'nbwrite'> <Ports = 0> <Width = 32> <Depth = 2> <FIFO>
ST_4 : Operation 1191 [1/1] (0.00ns)   --->   "%curr_localImage_193 = extractvalue i61536 %call_ret1" [../image_analysis.cpp:259]   --->   Operation 1191 'extractvalue' 'curr_localImage_193' <Predicate = true> <Delay = 0.00> <CoreInst = "FIFO_SRL">   --->   Core 80 'FIFO_SRL' <Latency = 0> <II = 1> <Delay = 1.83> <Storage> <Opcode : 'read' 'write' 'nbread' 'nbwrite'> <Ports = 0> <Width = 32> <Depth = 2> <FIFO>
ST_4 : Operation 1192 [1/1] (0.00ns)   --->   "%curr_localImage_194 = extractvalue i61536 %call_ret1" [../image_analysis.cpp:259]   --->   Operation 1192 'extractvalue' 'curr_localImage_194' <Predicate = true> <Delay = 0.00> <CoreInst = "FIFO_SRL">   --->   Core 80 'FIFO_SRL' <Latency = 0> <II = 1> <Delay = 1.83> <Storage> <Opcode : 'read' 'write' 'nbread' 'nbwrite'> <Ports = 0> <Width = 32> <Depth = 2> <FIFO>
ST_4 : Operation 1193 [1/1] (0.00ns)   --->   "%curr_localImage_195 = extractvalue i61536 %call_ret1" [../image_analysis.cpp:259]   --->   Operation 1193 'extractvalue' 'curr_localImage_195' <Predicate = true> <Delay = 0.00> <CoreInst = "FIFO_SRL">   --->   Core 80 'FIFO_SRL' <Latency = 0> <II = 1> <Delay = 1.83> <Storage> <Opcode : 'read' 'write' 'nbread' 'nbwrite'> <Ports = 0> <Width = 32> <Depth = 2> <FIFO>
ST_4 : Operation 1194 [1/1] (0.00ns)   --->   "%curr_localImage_196 = extractvalue i61536 %call_ret1" [../image_analysis.cpp:259]   --->   Operation 1194 'extractvalue' 'curr_localImage_196' <Predicate = true> <Delay = 0.00> <CoreInst = "FIFO_SRL">   --->   Core 80 'FIFO_SRL' <Latency = 0> <II = 1> <Delay = 1.83> <Storage> <Opcode : 'read' 'write' 'nbread' 'nbwrite'> <Ports = 0> <Width = 32> <Depth = 2> <FIFO>
ST_4 : Operation 1195 [1/1] (0.00ns)   --->   "%curr_localImage_197 = extractvalue i61536 %call_ret1" [../image_analysis.cpp:259]   --->   Operation 1195 'extractvalue' 'curr_localImage_197' <Predicate = true> <Delay = 0.00> <CoreInst = "FIFO_SRL">   --->   Core 80 'FIFO_SRL' <Latency = 0> <II = 1> <Delay = 1.83> <Storage> <Opcode : 'read' 'write' 'nbread' 'nbwrite'> <Ports = 0> <Width = 32> <Depth = 2> <FIFO>
ST_4 : Operation 1196 [1/1] (0.00ns)   --->   "%curr_localImage_198 = extractvalue i61536 %call_ret1" [../image_analysis.cpp:259]   --->   Operation 1196 'extractvalue' 'curr_localImage_198' <Predicate = true> <Delay = 0.00> <CoreInst = "FIFO_SRL">   --->   Core 80 'FIFO_SRL' <Latency = 0> <II = 1> <Delay = 1.83> <Storage> <Opcode : 'read' 'write' 'nbread' 'nbwrite'> <Ports = 0> <Width = 32> <Depth = 2> <FIFO>
ST_4 : Operation 1197 [1/1] (0.00ns)   --->   "%curr_localImage_199 = extractvalue i61536 %call_ret1" [../image_analysis.cpp:259]   --->   Operation 1197 'extractvalue' 'curr_localImage_199' <Predicate = true> <Delay = 0.00> <CoreInst = "FIFO_SRL">   --->   Core 80 'FIFO_SRL' <Latency = 0> <II = 1> <Delay = 1.83> <Storage> <Opcode : 'read' 'write' 'nbread' 'nbwrite'> <Ports = 0> <Width = 32> <Depth = 2> <FIFO>
ST_4 : Operation 1198 [1/1] (0.00ns)   --->   "%curr_localImage_200 = extractvalue i61536 %call_ret1" [../image_analysis.cpp:259]   --->   Operation 1198 'extractvalue' 'curr_localImage_200' <Predicate = true> <Delay = 0.00> <CoreInst = "FIFO_SRL">   --->   Core 80 'FIFO_SRL' <Latency = 0> <II = 1> <Delay = 1.83> <Storage> <Opcode : 'read' 'write' 'nbread' 'nbwrite'> <Ports = 0> <Width = 32> <Depth = 2> <FIFO>
ST_4 : Operation 1199 [1/1] (0.00ns)   --->   "%curr_localImage_201 = extractvalue i61536 %call_ret1" [../image_analysis.cpp:259]   --->   Operation 1199 'extractvalue' 'curr_localImage_201' <Predicate = true> <Delay = 0.00> <CoreInst = "FIFO_SRL">   --->   Core 80 'FIFO_SRL' <Latency = 0> <II = 1> <Delay = 1.83> <Storage> <Opcode : 'read' 'write' 'nbread' 'nbwrite'> <Ports = 0> <Width = 32> <Depth = 2> <FIFO>
ST_4 : Operation 1200 [1/1] (0.00ns)   --->   "%curr_localImage_202 = extractvalue i61536 %call_ret1" [../image_analysis.cpp:259]   --->   Operation 1200 'extractvalue' 'curr_localImage_202' <Predicate = true> <Delay = 0.00> <CoreInst = "FIFO_SRL">   --->   Core 80 'FIFO_SRL' <Latency = 0> <II = 1> <Delay = 1.83> <Storage> <Opcode : 'read' 'write' 'nbread' 'nbwrite'> <Ports = 0> <Width = 32> <Depth = 2> <FIFO>
ST_4 : Operation 1201 [1/1] (0.00ns)   --->   "%curr_localImage_203 = extractvalue i61536 %call_ret1" [../image_analysis.cpp:259]   --->   Operation 1201 'extractvalue' 'curr_localImage_203' <Predicate = true> <Delay = 0.00> <CoreInst = "FIFO_SRL">   --->   Core 80 'FIFO_SRL' <Latency = 0> <II = 1> <Delay = 1.83> <Storage> <Opcode : 'read' 'write' 'nbread' 'nbwrite'> <Ports = 0> <Width = 32> <Depth = 2> <FIFO>
ST_4 : Operation 1202 [1/1] (0.00ns)   --->   "%curr_localImage_204 = extractvalue i61536 %call_ret1" [../image_analysis.cpp:259]   --->   Operation 1202 'extractvalue' 'curr_localImage_204' <Predicate = true> <Delay = 0.00> <CoreInst = "FIFO_SRL">   --->   Core 80 'FIFO_SRL' <Latency = 0> <II = 1> <Delay = 1.83> <Storage> <Opcode : 'read' 'write' 'nbread' 'nbwrite'> <Ports = 0> <Width = 32> <Depth = 2> <FIFO>
ST_4 : Operation 1203 [1/1] (0.00ns)   --->   "%curr_localImage_205 = extractvalue i61536 %call_ret1" [../image_analysis.cpp:259]   --->   Operation 1203 'extractvalue' 'curr_localImage_205' <Predicate = true> <Delay = 0.00> <CoreInst = "FIFO_SRL">   --->   Core 80 'FIFO_SRL' <Latency = 0> <II = 1> <Delay = 1.83> <Storage> <Opcode : 'read' 'write' 'nbread' 'nbwrite'> <Ports = 0> <Width = 32> <Depth = 2> <FIFO>
ST_4 : Operation 1204 [1/1] (0.00ns)   --->   "%curr_localImage_206 = extractvalue i61536 %call_ret1" [../image_analysis.cpp:259]   --->   Operation 1204 'extractvalue' 'curr_localImage_206' <Predicate = true> <Delay = 0.00> <CoreInst = "FIFO_SRL">   --->   Core 80 'FIFO_SRL' <Latency = 0> <II = 1> <Delay = 1.83> <Storage> <Opcode : 'read' 'write' 'nbread' 'nbwrite'> <Ports = 0> <Width = 32> <Depth = 2> <FIFO>
ST_4 : Operation 1205 [1/1] (0.00ns)   --->   "%curr_localImage_207 = extractvalue i61536 %call_ret1" [../image_analysis.cpp:259]   --->   Operation 1205 'extractvalue' 'curr_localImage_207' <Predicate = true> <Delay = 0.00> <CoreInst = "FIFO_SRL">   --->   Core 80 'FIFO_SRL' <Latency = 0> <II = 1> <Delay = 1.83> <Storage> <Opcode : 'read' 'write' 'nbread' 'nbwrite'> <Ports = 0> <Width = 32> <Depth = 2> <FIFO>
ST_4 : Operation 1206 [1/1] (0.00ns)   --->   "%curr_localImage_208 = extractvalue i61536 %call_ret1" [../image_analysis.cpp:259]   --->   Operation 1206 'extractvalue' 'curr_localImage_208' <Predicate = true> <Delay = 0.00> <CoreInst = "FIFO_SRL">   --->   Core 80 'FIFO_SRL' <Latency = 0> <II = 1> <Delay = 1.83> <Storage> <Opcode : 'read' 'write' 'nbread' 'nbwrite'> <Ports = 0> <Width = 32> <Depth = 2> <FIFO>
ST_4 : Operation 1207 [1/1] (0.00ns)   --->   "%curr_localImage_209 = extractvalue i61536 %call_ret1" [../image_analysis.cpp:259]   --->   Operation 1207 'extractvalue' 'curr_localImage_209' <Predicate = true> <Delay = 0.00> <CoreInst = "FIFO_SRL">   --->   Core 80 'FIFO_SRL' <Latency = 0> <II = 1> <Delay = 1.83> <Storage> <Opcode : 'read' 'write' 'nbread' 'nbwrite'> <Ports = 0> <Width = 32> <Depth = 2> <FIFO>
ST_4 : Operation 1208 [1/1] (0.00ns)   --->   "%curr_localImage_210 = extractvalue i61536 %call_ret1" [../image_analysis.cpp:259]   --->   Operation 1208 'extractvalue' 'curr_localImage_210' <Predicate = true> <Delay = 0.00> <CoreInst = "FIFO_SRL">   --->   Core 80 'FIFO_SRL' <Latency = 0> <II = 1> <Delay = 1.83> <Storage> <Opcode : 'read' 'write' 'nbread' 'nbwrite'> <Ports = 0> <Width = 32> <Depth = 2> <FIFO>
ST_4 : Operation 1209 [1/1] (0.00ns)   --->   "%curr_localImage_211 = extractvalue i61536 %call_ret1" [../image_analysis.cpp:259]   --->   Operation 1209 'extractvalue' 'curr_localImage_211' <Predicate = true> <Delay = 0.00> <CoreInst = "FIFO_SRL">   --->   Core 80 'FIFO_SRL' <Latency = 0> <II = 1> <Delay = 1.83> <Storage> <Opcode : 'read' 'write' 'nbread' 'nbwrite'> <Ports = 0> <Width = 32> <Depth = 2> <FIFO>
ST_4 : Operation 1210 [1/1] (0.00ns)   --->   "%curr_localImage_212 = extractvalue i61536 %call_ret1" [../image_analysis.cpp:259]   --->   Operation 1210 'extractvalue' 'curr_localImage_212' <Predicate = true> <Delay = 0.00> <CoreInst = "FIFO_SRL">   --->   Core 80 'FIFO_SRL' <Latency = 0> <II = 1> <Delay = 1.83> <Storage> <Opcode : 'read' 'write' 'nbread' 'nbwrite'> <Ports = 0> <Width = 32> <Depth = 2> <FIFO>
ST_4 : Operation 1211 [1/1] (0.00ns)   --->   "%curr_localImage_213 = extractvalue i61536 %call_ret1" [../image_analysis.cpp:259]   --->   Operation 1211 'extractvalue' 'curr_localImage_213' <Predicate = true> <Delay = 0.00> <CoreInst = "FIFO_SRL">   --->   Core 80 'FIFO_SRL' <Latency = 0> <II = 1> <Delay = 1.83> <Storage> <Opcode : 'read' 'write' 'nbread' 'nbwrite'> <Ports = 0> <Width = 32> <Depth = 2> <FIFO>
ST_4 : Operation 1212 [1/1] (0.00ns)   --->   "%curr_localImage_214 = extractvalue i61536 %call_ret1" [../image_analysis.cpp:259]   --->   Operation 1212 'extractvalue' 'curr_localImage_214' <Predicate = true> <Delay = 0.00> <CoreInst = "FIFO_SRL">   --->   Core 80 'FIFO_SRL' <Latency = 0> <II = 1> <Delay = 1.83> <Storage> <Opcode : 'read' 'write' 'nbread' 'nbwrite'> <Ports = 0> <Width = 32> <Depth = 2> <FIFO>
ST_4 : Operation 1213 [1/1] (0.00ns)   --->   "%curr_localImage_215 = extractvalue i61536 %call_ret1" [../image_analysis.cpp:259]   --->   Operation 1213 'extractvalue' 'curr_localImage_215' <Predicate = true> <Delay = 0.00> <CoreInst = "FIFO_SRL">   --->   Core 80 'FIFO_SRL' <Latency = 0> <II = 1> <Delay = 1.83> <Storage> <Opcode : 'read' 'write' 'nbread' 'nbwrite'> <Ports = 0> <Width = 32> <Depth = 2> <FIFO>
ST_4 : Operation 1214 [1/1] (0.00ns)   --->   "%curr_localImage_216 = extractvalue i61536 %call_ret1" [../image_analysis.cpp:259]   --->   Operation 1214 'extractvalue' 'curr_localImage_216' <Predicate = true> <Delay = 0.00> <CoreInst = "FIFO_SRL">   --->   Core 80 'FIFO_SRL' <Latency = 0> <II = 1> <Delay = 1.83> <Storage> <Opcode : 'read' 'write' 'nbread' 'nbwrite'> <Ports = 0> <Width = 32> <Depth = 2> <FIFO>
ST_4 : Operation 1215 [1/1] (0.00ns)   --->   "%curr_localImage_217 = extractvalue i61536 %call_ret1" [../image_analysis.cpp:259]   --->   Operation 1215 'extractvalue' 'curr_localImage_217' <Predicate = true> <Delay = 0.00> <CoreInst = "FIFO_SRL">   --->   Core 80 'FIFO_SRL' <Latency = 0> <II = 1> <Delay = 1.83> <Storage> <Opcode : 'read' 'write' 'nbread' 'nbwrite'> <Ports = 0> <Width = 32> <Depth = 2> <FIFO>
ST_4 : Operation 1216 [1/1] (0.00ns)   --->   "%curr_localImage_218 = extractvalue i61536 %call_ret1" [../image_analysis.cpp:259]   --->   Operation 1216 'extractvalue' 'curr_localImage_218' <Predicate = true> <Delay = 0.00> <CoreInst = "FIFO_SRL">   --->   Core 80 'FIFO_SRL' <Latency = 0> <II = 1> <Delay = 1.83> <Storage> <Opcode : 'read' 'write' 'nbread' 'nbwrite'> <Ports = 0> <Width = 32> <Depth = 2> <FIFO>
ST_4 : Operation 1217 [1/1] (0.00ns)   --->   "%curr_localImage_219 = extractvalue i61536 %call_ret1" [../image_analysis.cpp:259]   --->   Operation 1217 'extractvalue' 'curr_localImage_219' <Predicate = true> <Delay = 0.00> <CoreInst = "FIFO_SRL">   --->   Core 80 'FIFO_SRL' <Latency = 0> <II = 1> <Delay = 1.83> <Storage> <Opcode : 'read' 'write' 'nbread' 'nbwrite'> <Ports = 0> <Width = 32> <Depth = 2> <FIFO>
ST_4 : Operation 1218 [1/1] (0.00ns)   --->   "%curr_localImage_220 = extractvalue i61536 %call_ret1" [../image_analysis.cpp:259]   --->   Operation 1218 'extractvalue' 'curr_localImage_220' <Predicate = true> <Delay = 0.00> <CoreInst = "FIFO_SRL">   --->   Core 80 'FIFO_SRL' <Latency = 0> <II = 1> <Delay = 1.83> <Storage> <Opcode : 'read' 'write' 'nbread' 'nbwrite'> <Ports = 0> <Width = 32> <Depth = 2> <FIFO>
ST_4 : Operation 1219 [1/1] (0.00ns)   --->   "%curr_localImage_221 = extractvalue i61536 %call_ret1" [../image_analysis.cpp:259]   --->   Operation 1219 'extractvalue' 'curr_localImage_221' <Predicate = true> <Delay = 0.00> <CoreInst = "FIFO_SRL">   --->   Core 80 'FIFO_SRL' <Latency = 0> <II = 1> <Delay = 1.83> <Storage> <Opcode : 'read' 'write' 'nbread' 'nbwrite'> <Ports = 0> <Width = 32> <Depth = 2> <FIFO>
ST_4 : Operation 1220 [1/1] (0.00ns)   --->   "%curr_localImage_222 = extractvalue i61536 %call_ret1" [../image_analysis.cpp:259]   --->   Operation 1220 'extractvalue' 'curr_localImage_222' <Predicate = true> <Delay = 0.00> <CoreInst = "FIFO_SRL">   --->   Core 80 'FIFO_SRL' <Latency = 0> <II = 1> <Delay = 1.83> <Storage> <Opcode : 'read' 'write' 'nbread' 'nbwrite'> <Ports = 0> <Width = 32> <Depth = 2> <FIFO>
ST_4 : Operation 1221 [1/1] (0.00ns)   --->   "%curr_localImage_223 = extractvalue i61536 %call_ret1" [../image_analysis.cpp:259]   --->   Operation 1221 'extractvalue' 'curr_localImage_223' <Predicate = true> <Delay = 0.00> <CoreInst = "FIFO_SRL">   --->   Core 80 'FIFO_SRL' <Latency = 0> <II = 1> <Delay = 1.83> <Storage> <Opcode : 'read' 'write' 'nbread' 'nbwrite'> <Ports = 0> <Width = 32> <Depth = 2> <FIFO>
ST_4 : Operation 1222 [1/1] (0.00ns)   --->   "%curr_localImage_224 = extractvalue i61536 %call_ret1" [../image_analysis.cpp:259]   --->   Operation 1222 'extractvalue' 'curr_localImage_224' <Predicate = true> <Delay = 0.00> <CoreInst = "FIFO_SRL">   --->   Core 80 'FIFO_SRL' <Latency = 0> <II = 1> <Delay = 1.83> <Storage> <Opcode : 'read' 'write' 'nbread' 'nbwrite'> <Ports = 0> <Width = 32> <Depth = 2> <FIFO>
ST_4 : Operation 1223 [1/1] (0.00ns)   --->   "%curr_localImage_225 = extractvalue i61536 %call_ret1" [../image_analysis.cpp:259]   --->   Operation 1223 'extractvalue' 'curr_localImage_225' <Predicate = true> <Delay = 0.00> <CoreInst = "FIFO_SRL">   --->   Core 80 'FIFO_SRL' <Latency = 0> <II = 1> <Delay = 1.83> <Storage> <Opcode : 'read' 'write' 'nbread' 'nbwrite'> <Ports = 0> <Width = 32> <Depth = 2> <FIFO>
ST_4 : Operation 1224 [1/1] (0.00ns)   --->   "%curr_localImage_226 = extractvalue i61536 %call_ret1" [../image_analysis.cpp:259]   --->   Operation 1224 'extractvalue' 'curr_localImage_226' <Predicate = true> <Delay = 0.00> <CoreInst = "FIFO_SRL">   --->   Core 80 'FIFO_SRL' <Latency = 0> <II = 1> <Delay = 1.83> <Storage> <Opcode : 'read' 'write' 'nbread' 'nbwrite'> <Ports = 0> <Width = 32> <Depth = 2> <FIFO>
ST_4 : Operation 1225 [1/1] (0.00ns)   --->   "%curr_localImage_227 = extractvalue i61536 %call_ret1" [../image_analysis.cpp:259]   --->   Operation 1225 'extractvalue' 'curr_localImage_227' <Predicate = true> <Delay = 0.00> <CoreInst = "FIFO_SRL">   --->   Core 80 'FIFO_SRL' <Latency = 0> <II = 1> <Delay = 1.83> <Storage> <Opcode : 'read' 'write' 'nbread' 'nbwrite'> <Ports = 0> <Width = 32> <Depth = 2> <FIFO>
ST_4 : Operation 1226 [1/1] (0.00ns)   --->   "%curr_localImage_228 = extractvalue i61536 %call_ret1" [../image_analysis.cpp:259]   --->   Operation 1226 'extractvalue' 'curr_localImage_228' <Predicate = true> <Delay = 0.00> <CoreInst = "FIFO_SRL">   --->   Core 80 'FIFO_SRL' <Latency = 0> <II = 1> <Delay = 1.83> <Storage> <Opcode : 'read' 'write' 'nbread' 'nbwrite'> <Ports = 0> <Width = 32> <Depth = 2> <FIFO>
ST_4 : Operation 1227 [1/1] (0.00ns)   --->   "%curr_localImage_229 = extractvalue i61536 %call_ret1" [../image_analysis.cpp:259]   --->   Operation 1227 'extractvalue' 'curr_localImage_229' <Predicate = true> <Delay = 0.00> <CoreInst = "FIFO_SRL">   --->   Core 80 'FIFO_SRL' <Latency = 0> <II = 1> <Delay = 1.83> <Storage> <Opcode : 'read' 'write' 'nbread' 'nbwrite'> <Ports = 0> <Width = 32> <Depth = 2> <FIFO>
ST_4 : Operation 1228 [1/1] (0.00ns)   --->   "%curr_localImage_230 = extractvalue i61536 %call_ret1" [../image_analysis.cpp:259]   --->   Operation 1228 'extractvalue' 'curr_localImage_230' <Predicate = true> <Delay = 0.00> <CoreInst = "FIFO_SRL">   --->   Core 80 'FIFO_SRL' <Latency = 0> <II = 1> <Delay = 1.83> <Storage> <Opcode : 'read' 'write' 'nbread' 'nbwrite'> <Ports = 0> <Width = 32> <Depth = 2> <FIFO>
ST_4 : Operation 1229 [1/1] (0.00ns)   --->   "%curr_localImage_231 = extractvalue i61536 %call_ret1" [../image_analysis.cpp:259]   --->   Operation 1229 'extractvalue' 'curr_localImage_231' <Predicate = true> <Delay = 0.00> <CoreInst = "FIFO_SRL">   --->   Core 80 'FIFO_SRL' <Latency = 0> <II = 1> <Delay = 1.83> <Storage> <Opcode : 'read' 'write' 'nbread' 'nbwrite'> <Ports = 0> <Width = 32> <Depth = 2> <FIFO>
ST_4 : Operation 1230 [1/1] (0.00ns)   --->   "%curr_localImage_232 = extractvalue i61536 %call_ret1" [../image_analysis.cpp:259]   --->   Operation 1230 'extractvalue' 'curr_localImage_232' <Predicate = true> <Delay = 0.00> <CoreInst = "FIFO_SRL">   --->   Core 80 'FIFO_SRL' <Latency = 0> <II = 1> <Delay = 1.83> <Storage> <Opcode : 'read' 'write' 'nbread' 'nbwrite'> <Ports = 0> <Width = 32> <Depth = 2> <FIFO>
ST_4 : Operation 1231 [1/1] (0.00ns)   --->   "%curr_localImage_233 = extractvalue i61536 %call_ret1" [../image_analysis.cpp:259]   --->   Operation 1231 'extractvalue' 'curr_localImage_233' <Predicate = true> <Delay = 0.00> <CoreInst = "FIFO_SRL">   --->   Core 80 'FIFO_SRL' <Latency = 0> <II = 1> <Delay = 1.83> <Storage> <Opcode : 'read' 'write' 'nbread' 'nbwrite'> <Ports = 0> <Width = 32> <Depth = 2> <FIFO>
ST_4 : Operation 1232 [1/1] (0.00ns)   --->   "%curr_localImage_234 = extractvalue i61536 %call_ret1" [../image_analysis.cpp:259]   --->   Operation 1232 'extractvalue' 'curr_localImage_234' <Predicate = true> <Delay = 0.00> <CoreInst = "FIFO_SRL">   --->   Core 80 'FIFO_SRL' <Latency = 0> <II = 1> <Delay = 1.83> <Storage> <Opcode : 'read' 'write' 'nbread' 'nbwrite'> <Ports = 0> <Width = 32> <Depth = 2> <FIFO>
ST_4 : Operation 1233 [1/1] (0.00ns)   --->   "%curr_localImage_235 = extractvalue i61536 %call_ret1" [../image_analysis.cpp:259]   --->   Operation 1233 'extractvalue' 'curr_localImage_235' <Predicate = true> <Delay = 0.00> <CoreInst = "FIFO_SRL">   --->   Core 80 'FIFO_SRL' <Latency = 0> <II = 1> <Delay = 1.83> <Storage> <Opcode : 'read' 'write' 'nbread' 'nbwrite'> <Ports = 0> <Width = 32> <Depth = 2> <FIFO>
ST_4 : Operation 1234 [1/1] (0.00ns)   --->   "%curr_localImage_236 = extractvalue i61536 %call_ret1" [../image_analysis.cpp:259]   --->   Operation 1234 'extractvalue' 'curr_localImage_236' <Predicate = true> <Delay = 0.00> <CoreInst = "FIFO_SRL">   --->   Core 80 'FIFO_SRL' <Latency = 0> <II = 1> <Delay = 1.83> <Storage> <Opcode : 'read' 'write' 'nbread' 'nbwrite'> <Ports = 0> <Width = 32> <Depth = 2> <FIFO>
ST_4 : Operation 1235 [1/1] (0.00ns)   --->   "%curr_localImage_237 = extractvalue i61536 %call_ret1" [../image_analysis.cpp:259]   --->   Operation 1235 'extractvalue' 'curr_localImage_237' <Predicate = true> <Delay = 0.00> <CoreInst = "FIFO_SRL">   --->   Core 80 'FIFO_SRL' <Latency = 0> <II = 1> <Delay = 1.83> <Storage> <Opcode : 'read' 'write' 'nbread' 'nbwrite'> <Ports = 0> <Width = 32> <Depth = 2> <FIFO>
ST_4 : Operation 1236 [1/1] (0.00ns)   --->   "%curr_localImage_238 = extractvalue i61536 %call_ret1" [../image_analysis.cpp:259]   --->   Operation 1236 'extractvalue' 'curr_localImage_238' <Predicate = true> <Delay = 0.00> <CoreInst = "FIFO_SRL">   --->   Core 80 'FIFO_SRL' <Latency = 0> <II = 1> <Delay = 1.83> <Storage> <Opcode : 'read' 'write' 'nbread' 'nbwrite'> <Ports = 0> <Width = 32> <Depth = 2> <FIFO>
ST_4 : Operation 1237 [1/1] (0.00ns)   --->   "%curr_localImage_239 = extractvalue i61536 %call_ret1" [../image_analysis.cpp:259]   --->   Operation 1237 'extractvalue' 'curr_localImage_239' <Predicate = true> <Delay = 0.00> <CoreInst = "FIFO_SRL">   --->   Core 80 'FIFO_SRL' <Latency = 0> <II = 1> <Delay = 1.83> <Storage> <Opcode : 'read' 'write' 'nbread' 'nbwrite'> <Ports = 0> <Width = 32> <Depth = 2> <FIFO>
ST_4 : Operation 1238 [1/1] (0.00ns)   --->   "%curr_localImage_240 = extractvalue i61536 %call_ret1" [../image_analysis.cpp:259]   --->   Operation 1238 'extractvalue' 'curr_localImage_240' <Predicate = true> <Delay = 0.00> <CoreInst = "FIFO_SRL">   --->   Core 80 'FIFO_SRL' <Latency = 0> <II = 1> <Delay = 1.83> <Storage> <Opcode : 'read' 'write' 'nbread' 'nbwrite'> <Ports = 0> <Width = 32> <Depth = 2> <FIFO>
ST_4 : Operation 1239 [1/1] (0.00ns)   --->   "%curr_localImage_241 = extractvalue i61536 %call_ret1" [../image_analysis.cpp:259]   --->   Operation 1239 'extractvalue' 'curr_localImage_241' <Predicate = true> <Delay = 0.00> <CoreInst = "FIFO_SRL">   --->   Core 80 'FIFO_SRL' <Latency = 0> <II = 1> <Delay = 1.83> <Storage> <Opcode : 'read' 'write' 'nbread' 'nbwrite'> <Ports = 0> <Width = 32> <Depth = 2> <FIFO>
ST_4 : Operation 1240 [1/1] (0.00ns)   --->   "%curr_localImage_242 = extractvalue i61536 %call_ret1" [../image_analysis.cpp:259]   --->   Operation 1240 'extractvalue' 'curr_localImage_242' <Predicate = true> <Delay = 0.00> <CoreInst = "FIFO_SRL">   --->   Core 80 'FIFO_SRL' <Latency = 0> <II = 1> <Delay = 1.83> <Storage> <Opcode : 'read' 'write' 'nbread' 'nbwrite'> <Ports = 0> <Width = 32> <Depth = 2> <FIFO>
ST_4 : Operation 1241 [1/1] (0.00ns)   --->   "%curr_localImage_243 = extractvalue i61536 %call_ret1" [../image_analysis.cpp:259]   --->   Operation 1241 'extractvalue' 'curr_localImage_243' <Predicate = true> <Delay = 0.00> <CoreInst = "FIFO_SRL">   --->   Core 80 'FIFO_SRL' <Latency = 0> <II = 1> <Delay = 1.83> <Storage> <Opcode : 'read' 'write' 'nbread' 'nbwrite'> <Ports = 0> <Width = 32> <Depth = 2> <FIFO>
ST_4 : Operation 1242 [1/1] (0.00ns)   --->   "%curr_localImage_244 = extractvalue i61536 %call_ret1" [../image_analysis.cpp:259]   --->   Operation 1242 'extractvalue' 'curr_localImage_244' <Predicate = true> <Delay = 0.00> <CoreInst = "FIFO_SRL">   --->   Core 80 'FIFO_SRL' <Latency = 0> <II = 1> <Delay = 1.83> <Storage> <Opcode : 'read' 'write' 'nbread' 'nbwrite'> <Ports = 0> <Width = 32> <Depth = 2> <FIFO>
ST_4 : Operation 1243 [1/1] (0.00ns)   --->   "%curr_localImage_245 = extractvalue i61536 %call_ret1" [../image_analysis.cpp:259]   --->   Operation 1243 'extractvalue' 'curr_localImage_245' <Predicate = true> <Delay = 0.00> <CoreInst = "FIFO_SRL">   --->   Core 80 'FIFO_SRL' <Latency = 0> <II = 1> <Delay = 1.83> <Storage> <Opcode : 'read' 'write' 'nbread' 'nbwrite'> <Ports = 0> <Width = 32> <Depth = 2> <FIFO>
ST_4 : Operation 1244 [1/1] (0.00ns)   --->   "%curr_localImage_246 = extractvalue i61536 %call_ret1" [../image_analysis.cpp:259]   --->   Operation 1244 'extractvalue' 'curr_localImage_246' <Predicate = true> <Delay = 0.00> <CoreInst = "FIFO_SRL">   --->   Core 80 'FIFO_SRL' <Latency = 0> <II = 1> <Delay = 1.83> <Storage> <Opcode : 'read' 'write' 'nbread' 'nbwrite'> <Ports = 0> <Width = 32> <Depth = 2> <FIFO>
ST_4 : Operation 1245 [1/1] (0.00ns)   --->   "%curr_localImage_247 = extractvalue i61536 %call_ret1" [../image_analysis.cpp:259]   --->   Operation 1245 'extractvalue' 'curr_localImage_247' <Predicate = true> <Delay = 0.00> <CoreInst = "FIFO_SRL">   --->   Core 80 'FIFO_SRL' <Latency = 0> <II = 1> <Delay = 1.83> <Storage> <Opcode : 'read' 'write' 'nbread' 'nbwrite'> <Ports = 0> <Width = 32> <Depth = 2> <FIFO>
ST_4 : Operation 1246 [1/1] (0.00ns)   --->   "%curr_localImage_248 = extractvalue i61536 %call_ret1" [../image_analysis.cpp:259]   --->   Operation 1246 'extractvalue' 'curr_localImage_248' <Predicate = true> <Delay = 0.00> <CoreInst = "FIFO_SRL">   --->   Core 80 'FIFO_SRL' <Latency = 0> <II = 1> <Delay = 1.83> <Storage> <Opcode : 'read' 'write' 'nbread' 'nbwrite'> <Ports = 0> <Width = 32> <Depth = 2> <FIFO>
ST_4 : Operation 1247 [1/1] (0.00ns)   --->   "%curr_localImage_249 = extractvalue i61536 %call_ret1" [../image_analysis.cpp:259]   --->   Operation 1247 'extractvalue' 'curr_localImage_249' <Predicate = true> <Delay = 0.00> <CoreInst = "FIFO_SRL">   --->   Core 80 'FIFO_SRL' <Latency = 0> <II = 1> <Delay = 1.83> <Storage> <Opcode : 'read' 'write' 'nbread' 'nbwrite'> <Ports = 0> <Width = 32> <Depth = 2> <FIFO>
ST_4 : Operation 1248 [1/1] (0.00ns)   --->   "%curr_localImage_250 = extractvalue i61536 %call_ret1" [../image_analysis.cpp:259]   --->   Operation 1248 'extractvalue' 'curr_localImage_250' <Predicate = true> <Delay = 0.00> <CoreInst = "FIFO_SRL">   --->   Core 80 'FIFO_SRL' <Latency = 0> <II = 1> <Delay = 1.83> <Storage> <Opcode : 'read' 'write' 'nbread' 'nbwrite'> <Ports = 0> <Width = 32> <Depth = 2> <FIFO>
ST_4 : Operation 1249 [1/1] (0.00ns)   --->   "%curr_localImage_251 = extractvalue i61536 %call_ret1" [../image_analysis.cpp:259]   --->   Operation 1249 'extractvalue' 'curr_localImage_251' <Predicate = true> <Delay = 0.00> <CoreInst = "FIFO_SRL">   --->   Core 80 'FIFO_SRL' <Latency = 0> <II = 1> <Delay = 1.83> <Storage> <Opcode : 'read' 'write' 'nbread' 'nbwrite'> <Ports = 0> <Width = 32> <Depth = 2> <FIFO>
ST_4 : Operation 1250 [1/1] (0.00ns)   --->   "%curr_localImage_252 = extractvalue i61536 %call_ret1" [../image_analysis.cpp:259]   --->   Operation 1250 'extractvalue' 'curr_localImage_252' <Predicate = true> <Delay = 0.00> <CoreInst = "FIFO_SRL">   --->   Core 80 'FIFO_SRL' <Latency = 0> <II = 1> <Delay = 1.83> <Storage> <Opcode : 'read' 'write' 'nbread' 'nbwrite'> <Ports = 0> <Width = 32> <Depth = 2> <FIFO>
ST_4 : Operation 1251 [1/1] (0.00ns)   --->   "%curr_localImage_253 = extractvalue i61536 %call_ret1" [../image_analysis.cpp:259]   --->   Operation 1251 'extractvalue' 'curr_localImage_253' <Predicate = true> <Delay = 0.00> <CoreInst = "FIFO_SRL">   --->   Core 80 'FIFO_SRL' <Latency = 0> <II = 1> <Delay = 1.83> <Storage> <Opcode : 'read' 'write' 'nbread' 'nbwrite'> <Ports = 0> <Width = 32> <Depth = 2> <FIFO>
ST_4 : Operation 1252 [1/1] (0.00ns)   --->   "%curr_localImage_254 = extractvalue i61536 %call_ret1" [../image_analysis.cpp:259]   --->   Operation 1252 'extractvalue' 'curr_localImage_254' <Predicate = true> <Delay = 0.00> <CoreInst = "FIFO_SRL">   --->   Core 80 'FIFO_SRL' <Latency = 0> <II = 1> <Delay = 1.83> <Storage> <Opcode : 'read' 'write' 'nbread' 'nbwrite'> <Ports = 0> <Width = 32> <Depth = 2> <FIFO>
ST_4 : Operation 1253 [1/1] (0.00ns)   --->   "%curr_localImage_255 = extractvalue i61536 %call_ret1" [../image_analysis.cpp:259]   --->   Operation 1253 'extractvalue' 'curr_localImage_255' <Predicate = true> <Delay = 0.00> <CoreInst = "FIFO_SRL">   --->   Core 80 'FIFO_SRL' <Latency = 0> <II = 1> <Delay = 1.83> <Storage> <Opcode : 'read' 'write' 'nbread' 'nbwrite'> <Ports = 0> <Width = 32> <Depth = 2> <FIFO>
ST_4 : Operation 1254 [1/1] (0.00ns)   --->   "%curr_localImage_256 = extractvalue i61536 %call_ret1" [../image_analysis.cpp:259]   --->   Operation 1254 'extractvalue' 'curr_localImage_256' <Predicate = true> <Delay = 0.00> <CoreInst = "FIFO_SRL">   --->   Core 80 'FIFO_SRL' <Latency = 0> <II = 1> <Delay = 1.83> <Storage> <Opcode : 'read' 'write' 'nbread' 'nbwrite'> <Ports = 0> <Width = 32> <Depth = 2> <FIFO>
ST_4 : Operation 1255 [1/1] (0.00ns)   --->   "%curr_localImage_257 = extractvalue i61536 %call_ret1" [../image_analysis.cpp:259]   --->   Operation 1255 'extractvalue' 'curr_localImage_257' <Predicate = true> <Delay = 0.00> <CoreInst = "FIFO_SRL">   --->   Core 80 'FIFO_SRL' <Latency = 0> <II = 1> <Delay = 1.83> <Storage> <Opcode : 'read' 'write' 'nbread' 'nbwrite'> <Ports = 0> <Width = 32> <Depth = 2> <FIFO>
ST_4 : Operation 1256 [1/1] (0.00ns)   --->   "%curr_localImage_258 = extractvalue i61536 %call_ret1" [../image_analysis.cpp:259]   --->   Operation 1256 'extractvalue' 'curr_localImage_258' <Predicate = true> <Delay = 0.00> <CoreInst = "FIFO_SRL">   --->   Core 80 'FIFO_SRL' <Latency = 0> <II = 1> <Delay = 1.83> <Storage> <Opcode : 'read' 'write' 'nbread' 'nbwrite'> <Ports = 0> <Width = 32> <Depth = 2> <FIFO>
ST_4 : Operation 1257 [1/1] (0.00ns)   --->   "%curr_localImage_259 = extractvalue i61536 %call_ret1" [../image_analysis.cpp:259]   --->   Operation 1257 'extractvalue' 'curr_localImage_259' <Predicate = true> <Delay = 0.00> <CoreInst = "FIFO_SRL">   --->   Core 80 'FIFO_SRL' <Latency = 0> <II = 1> <Delay = 1.83> <Storage> <Opcode : 'read' 'write' 'nbread' 'nbwrite'> <Ports = 0> <Width = 32> <Depth = 2> <FIFO>
ST_4 : Operation 1258 [1/1] (0.00ns)   --->   "%curr_localImage_260 = extractvalue i61536 %call_ret1" [../image_analysis.cpp:259]   --->   Operation 1258 'extractvalue' 'curr_localImage_260' <Predicate = true> <Delay = 0.00> <CoreInst = "FIFO_SRL">   --->   Core 80 'FIFO_SRL' <Latency = 0> <II = 1> <Delay = 1.83> <Storage> <Opcode : 'read' 'write' 'nbread' 'nbwrite'> <Ports = 0> <Width = 32> <Depth = 2> <FIFO>
ST_4 : Operation 1259 [1/1] (0.00ns)   --->   "%curr_localImage_261 = extractvalue i61536 %call_ret1" [../image_analysis.cpp:259]   --->   Operation 1259 'extractvalue' 'curr_localImage_261' <Predicate = true> <Delay = 0.00> <CoreInst = "FIFO_SRL">   --->   Core 80 'FIFO_SRL' <Latency = 0> <II = 1> <Delay = 1.83> <Storage> <Opcode : 'read' 'write' 'nbread' 'nbwrite'> <Ports = 0> <Width = 32> <Depth = 2> <FIFO>
ST_4 : Operation 1260 [1/1] (0.00ns)   --->   "%curr_localImage_262 = extractvalue i61536 %call_ret1" [../image_analysis.cpp:259]   --->   Operation 1260 'extractvalue' 'curr_localImage_262' <Predicate = true> <Delay = 0.00> <CoreInst = "FIFO_SRL">   --->   Core 80 'FIFO_SRL' <Latency = 0> <II = 1> <Delay = 1.83> <Storage> <Opcode : 'read' 'write' 'nbread' 'nbwrite'> <Ports = 0> <Width = 32> <Depth = 2> <FIFO>
ST_4 : Operation 1261 [1/1] (0.00ns)   --->   "%curr_localImage_263 = extractvalue i61536 %call_ret1" [../image_analysis.cpp:259]   --->   Operation 1261 'extractvalue' 'curr_localImage_263' <Predicate = true> <Delay = 0.00> <CoreInst = "FIFO_SRL">   --->   Core 80 'FIFO_SRL' <Latency = 0> <II = 1> <Delay = 1.83> <Storage> <Opcode : 'read' 'write' 'nbread' 'nbwrite'> <Ports = 0> <Width = 32> <Depth = 2> <FIFO>
ST_4 : Operation 1262 [1/1] (0.00ns)   --->   "%curr_localImage_264 = extractvalue i61536 %call_ret1" [../image_analysis.cpp:259]   --->   Operation 1262 'extractvalue' 'curr_localImage_264' <Predicate = true> <Delay = 0.00> <CoreInst = "FIFO_SRL">   --->   Core 80 'FIFO_SRL' <Latency = 0> <II = 1> <Delay = 1.83> <Storage> <Opcode : 'read' 'write' 'nbread' 'nbwrite'> <Ports = 0> <Width = 32> <Depth = 2> <FIFO>
ST_4 : Operation 1263 [1/1] (0.00ns)   --->   "%curr_localImage_265 = extractvalue i61536 %call_ret1" [../image_analysis.cpp:259]   --->   Operation 1263 'extractvalue' 'curr_localImage_265' <Predicate = true> <Delay = 0.00> <CoreInst = "FIFO_SRL">   --->   Core 80 'FIFO_SRL' <Latency = 0> <II = 1> <Delay = 1.83> <Storage> <Opcode : 'read' 'write' 'nbread' 'nbwrite'> <Ports = 0> <Width = 32> <Depth = 2> <FIFO>
ST_4 : Operation 1264 [1/1] (0.00ns)   --->   "%curr_localImage_266 = extractvalue i61536 %call_ret1" [../image_analysis.cpp:259]   --->   Operation 1264 'extractvalue' 'curr_localImage_266' <Predicate = true> <Delay = 0.00> <CoreInst = "FIFO_SRL">   --->   Core 80 'FIFO_SRL' <Latency = 0> <II = 1> <Delay = 1.83> <Storage> <Opcode : 'read' 'write' 'nbread' 'nbwrite'> <Ports = 0> <Width = 32> <Depth = 2> <FIFO>
ST_4 : Operation 1265 [1/1] (0.00ns)   --->   "%curr_localImage_267 = extractvalue i61536 %call_ret1" [../image_analysis.cpp:259]   --->   Operation 1265 'extractvalue' 'curr_localImage_267' <Predicate = true> <Delay = 0.00> <CoreInst = "FIFO_SRL">   --->   Core 80 'FIFO_SRL' <Latency = 0> <II = 1> <Delay = 1.83> <Storage> <Opcode : 'read' 'write' 'nbread' 'nbwrite'> <Ports = 0> <Width = 32> <Depth = 2> <FIFO>
ST_4 : Operation 1266 [1/1] (0.00ns)   --->   "%curr_localImage_268 = extractvalue i61536 %call_ret1" [../image_analysis.cpp:259]   --->   Operation 1266 'extractvalue' 'curr_localImage_268' <Predicate = true> <Delay = 0.00> <CoreInst = "FIFO_SRL">   --->   Core 80 'FIFO_SRL' <Latency = 0> <II = 1> <Delay = 1.83> <Storage> <Opcode : 'read' 'write' 'nbread' 'nbwrite'> <Ports = 0> <Width = 32> <Depth = 2> <FIFO>
ST_4 : Operation 1267 [1/1] (0.00ns)   --->   "%curr_localImage_269 = extractvalue i61536 %call_ret1" [../image_analysis.cpp:259]   --->   Operation 1267 'extractvalue' 'curr_localImage_269' <Predicate = true> <Delay = 0.00> <CoreInst = "FIFO_SRL">   --->   Core 80 'FIFO_SRL' <Latency = 0> <II = 1> <Delay = 1.83> <Storage> <Opcode : 'read' 'write' 'nbread' 'nbwrite'> <Ports = 0> <Width = 32> <Depth = 2> <FIFO>
ST_4 : Operation 1268 [1/1] (0.00ns)   --->   "%curr_localImage_270 = extractvalue i61536 %call_ret1" [../image_analysis.cpp:259]   --->   Operation 1268 'extractvalue' 'curr_localImage_270' <Predicate = true> <Delay = 0.00> <CoreInst = "FIFO_SRL">   --->   Core 80 'FIFO_SRL' <Latency = 0> <II = 1> <Delay = 1.83> <Storage> <Opcode : 'read' 'write' 'nbread' 'nbwrite'> <Ports = 0> <Width = 32> <Depth = 2> <FIFO>
ST_4 : Operation 1269 [1/1] (0.00ns)   --->   "%curr_localImage_271 = extractvalue i61536 %call_ret1" [../image_analysis.cpp:259]   --->   Operation 1269 'extractvalue' 'curr_localImage_271' <Predicate = true> <Delay = 0.00> <CoreInst = "FIFO_SRL">   --->   Core 80 'FIFO_SRL' <Latency = 0> <II = 1> <Delay = 1.83> <Storage> <Opcode : 'read' 'write' 'nbread' 'nbwrite'> <Ports = 0> <Width = 32> <Depth = 2> <FIFO>
ST_4 : Operation 1270 [1/1] (0.00ns)   --->   "%curr_localImage_272 = extractvalue i61536 %call_ret1" [../image_analysis.cpp:259]   --->   Operation 1270 'extractvalue' 'curr_localImage_272' <Predicate = true> <Delay = 0.00> <CoreInst = "FIFO_SRL">   --->   Core 80 'FIFO_SRL' <Latency = 0> <II = 1> <Delay = 1.83> <Storage> <Opcode : 'read' 'write' 'nbread' 'nbwrite'> <Ports = 0> <Width = 32> <Depth = 2> <FIFO>
ST_4 : Operation 1271 [1/1] (0.00ns)   --->   "%curr_localImage_273 = extractvalue i61536 %call_ret1" [../image_analysis.cpp:259]   --->   Operation 1271 'extractvalue' 'curr_localImage_273' <Predicate = true> <Delay = 0.00> <CoreInst = "FIFO_SRL">   --->   Core 80 'FIFO_SRL' <Latency = 0> <II = 1> <Delay = 1.83> <Storage> <Opcode : 'read' 'write' 'nbread' 'nbwrite'> <Ports = 0> <Width = 32> <Depth = 2> <FIFO>
ST_4 : Operation 1272 [1/1] (0.00ns)   --->   "%curr_localImage_274 = extractvalue i61536 %call_ret1" [../image_analysis.cpp:259]   --->   Operation 1272 'extractvalue' 'curr_localImage_274' <Predicate = true> <Delay = 0.00> <CoreInst = "FIFO_SRL">   --->   Core 80 'FIFO_SRL' <Latency = 0> <II = 1> <Delay = 1.83> <Storage> <Opcode : 'read' 'write' 'nbread' 'nbwrite'> <Ports = 0> <Width = 32> <Depth = 2> <FIFO>
ST_4 : Operation 1273 [1/1] (0.00ns)   --->   "%curr_localImage_275 = extractvalue i61536 %call_ret1" [../image_analysis.cpp:259]   --->   Operation 1273 'extractvalue' 'curr_localImage_275' <Predicate = true> <Delay = 0.00> <CoreInst = "FIFO_SRL">   --->   Core 80 'FIFO_SRL' <Latency = 0> <II = 1> <Delay = 1.83> <Storage> <Opcode : 'read' 'write' 'nbread' 'nbwrite'> <Ports = 0> <Width = 32> <Depth = 2> <FIFO>
ST_4 : Operation 1274 [1/1] (0.00ns)   --->   "%curr_localImage_276 = extractvalue i61536 %call_ret1" [../image_analysis.cpp:259]   --->   Operation 1274 'extractvalue' 'curr_localImage_276' <Predicate = true> <Delay = 0.00> <CoreInst = "FIFO_SRL">   --->   Core 80 'FIFO_SRL' <Latency = 0> <II = 1> <Delay = 1.83> <Storage> <Opcode : 'read' 'write' 'nbread' 'nbwrite'> <Ports = 0> <Width = 32> <Depth = 2> <FIFO>
ST_4 : Operation 1275 [1/1] (0.00ns)   --->   "%curr_localImage_277 = extractvalue i61536 %call_ret1" [../image_analysis.cpp:259]   --->   Operation 1275 'extractvalue' 'curr_localImage_277' <Predicate = true> <Delay = 0.00> <CoreInst = "FIFO_SRL">   --->   Core 80 'FIFO_SRL' <Latency = 0> <II = 1> <Delay = 1.83> <Storage> <Opcode : 'read' 'write' 'nbread' 'nbwrite'> <Ports = 0> <Width = 32> <Depth = 2> <FIFO>
ST_4 : Operation 1276 [1/1] (0.00ns)   --->   "%curr_localImage_278 = extractvalue i61536 %call_ret1" [../image_analysis.cpp:259]   --->   Operation 1276 'extractvalue' 'curr_localImage_278' <Predicate = true> <Delay = 0.00> <CoreInst = "FIFO_SRL">   --->   Core 80 'FIFO_SRL' <Latency = 0> <II = 1> <Delay = 1.83> <Storage> <Opcode : 'read' 'write' 'nbread' 'nbwrite'> <Ports = 0> <Width = 32> <Depth = 2> <FIFO>
ST_4 : Operation 1277 [1/1] (0.00ns)   --->   "%curr_localImage_279 = extractvalue i61536 %call_ret1" [../image_analysis.cpp:259]   --->   Operation 1277 'extractvalue' 'curr_localImage_279' <Predicate = true> <Delay = 0.00> <CoreInst = "FIFO_SRL">   --->   Core 80 'FIFO_SRL' <Latency = 0> <II = 1> <Delay = 1.83> <Storage> <Opcode : 'read' 'write' 'nbread' 'nbwrite'> <Ports = 0> <Width = 32> <Depth = 2> <FIFO>
ST_4 : Operation 1278 [1/1] (0.00ns)   --->   "%curr_localImage_280 = extractvalue i61536 %call_ret1" [../image_analysis.cpp:259]   --->   Operation 1278 'extractvalue' 'curr_localImage_280' <Predicate = true> <Delay = 0.00> <CoreInst = "FIFO_SRL">   --->   Core 80 'FIFO_SRL' <Latency = 0> <II = 1> <Delay = 1.83> <Storage> <Opcode : 'read' 'write' 'nbread' 'nbwrite'> <Ports = 0> <Width = 32> <Depth = 2> <FIFO>
ST_4 : Operation 1279 [1/1] (0.00ns)   --->   "%curr_localImage_281 = extractvalue i61536 %call_ret1" [../image_analysis.cpp:259]   --->   Operation 1279 'extractvalue' 'curr_localImage_281' <Predicate = true> <Delay = 0.00> <CoreInst = "FIFO_SRL">   --->   Core 80 'FIFO_SRL' <Latency = 0> <II = 1> <Delay = 1.83> <Storage> <Opcode : 'read' 'write' 'nbread' 'nbwrite'> <Ports = 0> <Width = 32> <Depth = 2> <FIFO>
ST_4 : Operation 1280 [1/1] (0.00ns)   --->   "%curr_localImage_282 = extractvalue i61536 %call_ret1" [../image_analysis.cpp:259]   --->   Operation 1280 'extractvalue' 'curr_localImage_282' <Predicate = true> <Delay = 0.00> <CoreInst = "FIFO_SRL">   --->   Core 80 'FIFO_SRL' <Latency = 0> <II = 1> <Delay = 1.83> <Storage> <Opcode : 'read' 'write' 'nbread' 'nbwrite'> <Ports = 0> <Width = 32> <Depth = 2> <FIFO>
ST_4 : Operation 1281 [1/1] (0.00ns)   --->   "%curr_localImage_283 = extractvalue i61536 %call_ret1" [../image_analysis.cpp:259]   --->   Operation 1281 'extractvalue' 'curr_localImage_283' <Predicate = true> <Delay = 0.00> <CoreInst = "FIFO_SRL">   --->   Core 80 'FIFO_SRL' <Latency = 0> <II = 1> <Delay = 1.83> <Storage> <Opcode : 'read' 'write' 'nbread' 'nbwrite'> <Ports = 0> <Width = 32> <Depth = 2> <FIFO>
ST_4 : Operation 1282 [1/1] (0.00ns)   --->   "%curr_localImage_284 = extractvalue i61536 %call_ret1" [../image_analysis.cpp:259]   --->   Operation 1282 'extractvalue' 'curr_localImage_284' <Predicate = true> <Delay = 0.00> <CoreInst = "FIFO_SRL">   --->   Core 80 'FIFO_SRL' <Latency = 0> <II = 1> <Delay = 1.83> <Storage> <Opcode : 'read' 'write' 'nbread' 'nbwrite'> <Ports = 0> <Width = 32> <Depth = 2> <FIFO>
ST_4 : Operation 1283 [1/1] (0.00ns)   --->   "%curr_localImage_285 = extractvalue i61536 %call_ret1" [../image_analysis.cpp:259]   --->   Operation 1283 'extractvalue' 'curr_localImage_285' <Predicate = true> <Delay = 0.00> <CoreInst = "FIFO_SRL">   --->   Core 80 'FIFO_SRL' <Latency = 0> <II = 1> <Delay = 1.83> <Storage> <Opcode : 'read' 'write' 'nbread' 'nbwrite'> <Ports = 0> <Width = 32> <Depth = 2> <FIFO>
ST_4 : Operation 1284 [1/1] (0.00ns)   --->   "%curr_localImage_286 = extractvalue i61536 %call_ret1" [../image_analysis.cpp:259]   --->   Operation 1284 'extractvalue' 'curr_localImage_286' <Predicate = true> <Delay = 0.00> <CoreInst = "FIFO_SRL">   --->   Core 80 'FIFO_SRL' <Latency = 0> <II = 1> <Delay = 1.83> <Storage> <Opcode : 'read' 'write' 'nbread' 'nbwrite'> <Ports = 0> <Width = 32> <Depth = 2> <FIFO>
ST_4 : Operation 1285 [1/1] (0.00ns)   --->   "%curr_localImage_287 = extractvalue i61536 %call_ret1" [../image_analysis.cpp:259]   --->   Operation 1285 'extractvalue' 'curr_localImage_287' <Predicate = true> <Delay = 0.00> <CoreInst = "FIFO_SRL">   --->   Core 80 'FIFO_SRL' <Latency = 0> <II = 1> <Delay = 1.83> <Storage> <Opcode : 'read' 'write' 'nbread' 'nbwrite'> <Ports = 0> <Width = 32> <Depth = 2> <FIFO>
ST_4 : Operation 1286 [1/1] (0.00ns)   --->   "%curr_localImage_288 = extractvalue i61536 %call_ret1" [../image_analysis.cpp:259]   --->   Operation 1286 'extractvalue' 'curr_localImage_288' <Predicate = true> <Delay = 0.00> <CoreInst = "FIFO_SRL">   --->   Core 80 'FIFO_SRL' <Latency = 0> <II = 1> <Delay = 1.83> <Storage> <Opcode : 'read' 'write' 'nbread' 'nbwrite'> <Ports = 0> <Width = 32> <Depth = 2> <FIFO>
ST_4 : Operation 1287 [1/1] (0.00ns)   --->   "%curr_localImage_289 = extractvalue i61536 %call_ret1" [../image_analysis.cpp:259]   --->   Operation 1287 'extractvalue' 'curr_localImage_289' <Predicate = true> <Delay = 0.00> <CoreInst = "FIFO_SRL">   --->   Core 80 'FIFO_SRL' <Latency = 0> <II = 1> <Delay = 1.83> <Storage> <Opcode : 'read' 'write' 'nbread' 'nbwrite'> <Ports = 0> <Width = 32> <Depth = 2> <FIFO>
ST_4 : Operation 1288 [1/1] (0.00ns)   --->   "%curr_localImage_290 = extractvalue i61536 %call_ret1" [../image_analysis.cpp:259]   --->   Operation 1288 'extractvalue' 'curr_localImage_290' <Predicate = true> <Delay = 0.00> <CoreInst = "FIFO_SRL">   --->   Core 80 'FIFO_SRL' <Latency = 0> <II = 1> <Delay = 1.83> <Storage> <Opcode : 'read' 'write' 'nbread' 'nbwrite'> <Ports = 0> <Width = 32> <Depth = 2> <FIFO>
ST_4 : Operation 1289 [1/1] (0.00ns)   --->   "%curr_localImage_291 = extractvalue i61536 %call_ret1" [../image_analysis.cpp:259]   --->   Operation 1289 'extractvalue' 'curr_localImage_291' <Predicate = true> <Delay = 0.00> <CoreInst = "FIFO_SRL">   --->   Core 80 'FIFO_SRL' <Latency = 0> <II = 1> <Delay = 1.83> <Storage> <Opcode : 'read' 'write' 'nbread' 'nbwrite'> <Ports = 0> <Width = 32> <Depth = 2> <FIFO>
ST_4 : Operation 1290 [1/1] (0.00ns)   --->   "%curr_localImage_292 = extractvalue i61536 %call_ret1" [../image_analysis.cpp:259]   --->   Operation 1290 'extractvalue' 'curr_localImage_292' <Predicate = true> <Delay = 0.00> <CoreInst = "FIFO_SRL">   --->   Core 80 'FIFO_SRL' <Latency = 0> <II = 1> <Delay = 1.83> <Storage> <Opcode : 'read' 'write' 'nbread' 'nbwrite'> <Ports = 0> <Width = 32> <Depth = 2> <FIFO>
ST_4 : Operation 1291 [1/1] (0.00ns)   --->   "%curr_localImage_293 = extractvalue i61536 %call_ret1" [../image_analysis.cpp:259]   --->   Operation 1291 'extractvalue' 'curr_localImage_293' <Predicate = true> <Delay = 0.00> <CoreInst = "FIFO_SRL">   --->   Core 80 'FIFO_SRL' <Latency = 0> <II = 1> <Delay = 1.83> <Storage> <Opcode : 'read' 'write' 'nbread' 'nbwrite'> <Ports = 0> <Width = 32> <Depth = 2> <FIFO>
ST_4 : Operation 1292 [1/1] (0.00ns)   --->   "%curr_localImage_294 = extractvalue i61536 %call_ret1" [../image_analysis.cpp:259]   --->   Operation 1292 'extractvalue' 'curr_localImage_294' <Predicate = true> <Delay = 0.00> <CoreInst = "FIFO_SRL">   --->   Core 80 'FIFO_SRL' <Latency = 0> <II = 1> <Delay = 1.83> <Storage> <Opcode : 'read' 'write' 'nbread' 'nbwrite'> <Ports = 0> <Width = 32> <Depth = 2> <FIFO>
ST_4 : Operation 1293 [1/1] (0.00ns)   --->   "%curr_localImage_295 = extractvalue i61536 %call_ret1" [../image_analysis.cpp:259]   --->   Operation 1293 'extractvalue' 'curr_localImage_295' <Predicate = true> <Delay = 0.00> <CoreInst = "FIFO_SRL">   --->   Core 80 'FIFO_SRL' <Latency = 0> <II = 1> <Delay = 1.83> <Storage> <Opcode : 'read' 'write' 'nbread' 'nbwrite'> <Ports = 0> <Width = 32> <Depth = 2> <FIFO>
ST_4 : Operation 1294 [1/1] (0.00ns)   --->   "%curr_localImage_296 = extractvalue i61536 %call_ret1" [../image_analysis.cpp:259]   --->   Operation 1294 'extractvalue' 'curr_localImage_296' <Predicate = true> <Delay = 0.00> <CoreInst = "FIFO_SRL">   --->   Core 80 'FIFO_SRL' <Latency = 0> <II = 1> <Delay = 1.83> <Storage> <Opcode : 'read' 'write' 'nbread' 'nbwrite'> <Ports = 0> <Width = 32> <Depth = 2> <FIFO>
ST_4 : Operation 1295 [1/1] (0.00ns)   --->   "%curr_localImage_297 = extractvalue i61536 %call_ret1" [../image_analysis.cpp:259]   --->   Operation 1295 'extractvalue' 'curr_localImage_297' <Predicate = true> <Delay = 0.00> <CoreInst = "FIFO_SRL">   --->   Core 80 'FIFO_SRL' <Latency = 0> <II = 1> <Delay = 1.83> <Storage> <Opcode : 'read' 'write' 'nbread' 'nbwrite'> <Ports = 0> <Width = 32> <Depth = 2> <FIFO>
ST_4 : Operation 1296 [1/1] (0.00ns)   --->   "%curr_localImage_298 = extractvalue i61536 %call_ret1" [../image_analysis.cpp:259]   --->   Operation 1296 'extractvalue' 'curr_localImage_298' <Predicate = true> <Delay = 0.00> <CoreInst = "FIFO_SRL">   --->   Core 80 'FIFO_SRL' <Latency = 0> <II = 1> <Delay = 1.83> <Storage> <Opcode : 'read' 'write' 'nbread' 'nbwrite'> <Ports = 0> <Width = 32> <Depth = 2> <FIFO>
ST_4 : Operation 1297 [1/1] (0.00ns)   --->   "%curr_localImage_299 = extractvalue i61536 %call_ret1" [../image_analysis.cpp:259]   --->   Operation 1297 'extractvalue' 'curr_localImage_299' <Predicate = true> <Delay = 0.00> <CoreInst = "FIFO_SRL">   --->   Core 80 'FIFO_SRL' <Latency = 0> <II = 1> <Delay = 1.83> <Storage> <Opcode : 'read' 'write' 'nbread' 'nbwrite'> <Ports = 0> <Width = 32> <Depth = 2> <FIFO>
ST_4 : Operation 1298 [1/1] (0.00ns)   --->   "%curr_localImage_300 = extractvalue i61536 %call_ret1" [../image_analysis.cpp:259]   --->   Operation 1298 'extractvalue' 'curr_localImage_300' <Predicate = true> <Delay = 0.00> <CoreInst = "FIFO_SRL">   --->   Core 80 'FIFO_SRL' <Latency = 0> <II = 1> <Delay = 1.83> <Storage> <Opcode : 'read' 'write' 'nbread' 'nbwrite'> <Ports = 0> <Width = 32> <Depth = 2> <FIFO>
ST_4 : Operation 1299 [1/1] (0.00ns)   --->   "%curr_localImage_301 = extractvalue i61536 %call_ret1" [../image_analysis.cpp:259]   --->   Operation 1299 'extractvalue' 'curr_localImage_301' <Predicate = true> <Delay = 0.00> <CoreInst = "FIFO_SRL">   --->   Core 80 'FIFO_SRL' <Latency = 0> <II = 1> <Delay = 1.83> <Storage> <Opcode : 'read' 'write' 'nbread' 'nbwrite'> <Ports = 0> <Width = 32> <Depth = 2> <FIFO>
ST_4 : Operation 1300 [1/1] (0.00ns)   --->   "%curr_localImage_302 = extractvalue i61536 %call_ret1" [../image_analysis.cpp:259]   --->   Operation 1300 'extractvalue' 'curr_localImage_302' <Predicate = true> <Delay = 0.00> <CoreInst = "FIFO_SRL">   --->   Core 80 'FIFO_SRL' <Latency = 0> <II = 1> <Delay = 1.83> <Storage> <Opcode : 'read' 'write' 'nbread' 'nbwrite'> <Ports = 0> <Width = 32> <Depth = 2> <FIFO>
ST_4 : Operation 1301 [1/1] (0.00ns)   --->   "%curr_localImage_303 = extractvalue i61536 %call_ret1" [../image_analysis.cpp:259]   --->   Operation 1301 'extractvalue' 'curr_localImage_303' <Predicate = true> <Delay = 0.00> <CoreInst = "FIFO_SRL">   --->   Core 80 'FIFO_SRL' <Latency = 0> <II = 1> <Delay = 1.83> <Storage> <Opcode : 'read' 'write' 'nbread' 'nbwrite'> <Ports = 0> <Width = 32> <Depth = 2> <FIFO>
ST_4 : Operation 1302 [1/1] (0.00ns)   --->   "%curr_localImage_304 = extractvalue i61536 %call_ret1" [../image_analysis.cpp:259]   --->   Operation 1302 'extractvalue' 'curr_localImage_304' <Predicate = true> <Delay = 0.00> <CoreInst = "FIFO_SRL">   --->   Core 80 'FIFO_SRL' <Latency = 0> <II = 1> <Delay = 1.83> <Storage> <Opcode : 'read' 'write' 'nbread' 'nbwrite'> <Ports = 0> <Width = 32> <Depth = 2> <FIFO>
ST_4 : Operation 1303 [1/1] (0.00ns)   --->   "%curr_localImage_305 = extractvalue i61536 %call_ret1" [../image_analysis.cpp:259]   --->   Operation 1303 'extractvalue' 'curr_localImage_305' <Predicate = true> <Delay = 0.00> <CoreInst = "FIFO_SRL">   --->   Core 80 'FIFO_SRL' <Latency = 0> <II = 1> <Delay = 1.83> <Storage> <Opcode : 'read' 'write' 'nbread' 'nbwrite'> <Ports = 0> <Width = 32> <Depth = 2> <FIFO>
ST_4 : Operation 1304 [1/1] (0.00ns)   --->   "%curr_localImage_306 = extractvalue i61536 %call_ret1" [../image_analysis.cpp:259]   --->   Operation 1304 'extractvalue' 'curr_localImage_306' <Predicate = true> <Delay = 0.00> <CoreInst = "FIFO_SRL">   --->   Core 80 'FIFO_SRL' <Latency = 0> <II = 1> <Delay = 1.83> <Storage> <Opcode : 'read' 'write' 'nbread' 'nbwrite'> <Ports = 0> <Width = 32> <Depth = 2> <FIFO>
ST_4 : Operation 1305 [1/1] (0.00ns)   --->   "%curr_localImage_307 = extractvalue i61536 %call_ret1" [../image_analysis.cpp:259]   --->   Operation 1305 'extractvalue' 'curr_localImage_307' <Predicate = true> <Delay = 0.00> <CoreInst = "FIFO_SRL">   --->   Core 80 'FIFO_SRL' <Latency = 0> <II = 1> <Delay = 1.83> <Storage> <Opcode : 'read' 'write' 'nbread' 'nbwrite'> <Ports = 0> <Width = 32> <Depth = 2> <FIFO>
ST_4 : Operation 1306 [1/1] (0.00ns)   --->   "%curr_localImage_308 = extractvalue i61536 %call_ret1" [../image_analysis.cpp:259]   --->   Operation 1306 'extractvalue' 'curr_localImage_308' <Predicate = true> <Delay = 0.00> <CoreInst = "FIFO_SRL">   --->   Core 80 'FIFO_SRL' <Latency = 0> <II = 1> <Delay = 1.83> <Storage> <Opcode : 'read' 'write' 'nbread' 'nbwrite'> <Ports = 0> <Width = 32> <Depth = 2> <FIFO>
ST_4 : Operation 1307 [1/1] (0.00ns)   --->   "%curr_localImage_309 = extractvalue i61536 %call_ret1" [../image_analysis.cpp:259]   --->   Operation 1307 'extractvalue' 'curr_localImage_309' <Predicate = true> <Delay = 0.00> <CoreInst = "FIFO_SRL">   --->   Core 80 'FIFO_SRL' <Latency = 0> <II = 1> <Delay = 1.83> <Storage> <Opcode : 'read' 'write' 'nbread' 'nbwrite'> <Ports = 0> <Width = 32> <Depth = 2> <FIFO>
ST_4 : Operation 1308 [1/1] (0.00ns)   --->   "%curr_localImage_310 = extractvalue i61536 %call_ret1" [../image_analysis.cpp:259]   --->   Operation 1308 'extractvalue' 'curr_localImage_310' <Predicate = true> <Delay = 0.00> <CoreInst = "FIFO_SRL">   --->   Core 80 'FIFO_SRL' <Latency = 0> <II = 1> <Delay = 1.83> <Storage> <Opcode : 'read' 'write' 'nbread' 'nbwrite'> <Ports = 0> <Width = 32> <Depth = 2> <FIFO>
ST_4 : Operation 1309 [1/1] (0.00ns)   --->   "%curr_localImage_311 = extractvalue i61536 %call_ret1" [../image_analysis.cpp:259]   --->   Operation 1309 'extractvalue' 'curr_localImage_311' <Predicate = true> <Delay = 0.00> <CoreInst = "FIFO_SRL">   --->   Core 80 'FIFO_SRL' <Latency = 0> <II = 1> <Delay = 1.83> <Storage> <Opcode : 'read' 'write' 'nbread' 'nbwrite'> <Ports = 0> <Width = 32> <Depth = 2> <FIFO>
ST_4 : Operation 1310 [1/1] (0.00ns)   --->   "%curr_localImage_312 = extractvalue i61536 %call_ret1" [../image_analysis.cpp:259]   --->   Operation 1310 'extractvalue' 'curr_localImage_312' <Predicate = true> <Delay = 0.00> <CoreInst = "FIFO_SRL">   --->   Core 80 'FIFO_SRL' <Latency = 0> <II = 1> <Delay = 1.83> <Storage> <Opcode : 'read' 'write' 'nbread' 'nbwrite'> <Ports = 0> <Width = 32> <Depth = 2> <FIFO>
ST_4 : Operation 1311 [1/1] (0.00ns)   --->   "%curr_localImage_313 = extractvalue i61536 %call_ret1" [../image_analysis.cpp:259]   --->   Operation 1311 'extractvalue' 'curr_localImage_313' <Predicate = true> <Delay = 0.00> <CoreInst = "FIFO_SRL">   --->   Core 80 'FIFO_SRL' <Latency = 0> <II = 1> <Delay = 1.83> <Storage> <Opcode : 'read' 'write' 'nbread' 'nbwrite'> <Ports = 0> <Width = 32> <Depth = 2> <FIFO>
ST_4 : Operation 1312 [1/1] (0.00ns)   --->   "%curr_localImage_314 = extractvalue i61536 %call_ret1" [../image_analysis.cpp:259]   --->   Operation 1312 'extractvalue' 'curr_localImage_314' <Predicate = true> <Delay = 0.00> <CoreInst = "FIFO_SRL">   --->   Core 80 'FIFO_SRL' <Latency = 0> <II = 1> <Delay = 1.83> <Storage> <Opcode : 'read' 'write' 'nbread' 'nbwrite'> <Ports = 0> <Width = 32> <Depth = 2> <FIFO>
ST_4 : Operation 1313 [1/1] (0.00ns)   --->   "%curr_localImage_315 = extractvalue i61536 %call_ret1" [../image_analysis.cpp:259]   --->   Operation 1313 'extractvalue' 'curr_localImage_315' <Predicate = true> <Delay = 0.00> <CoreInst = "FIFO_SRL">   --->   Core 80 'FIFO_SRL' <Latency = 0> <II = 1> <Delay = 1.83> <Storage> <Opcode : 'read' 'write' 'nbread' 'nbwrite'> <Ports = 0> <Width = 32> <Depth = 2> <FIFO>
ST_4 : Operation 1314 [1/1] (0.00ns)   --->   "%curr_localImage_316 = extractvalue i61536 %call_ret1" [../image_analysis.cpp:259]   --->   Operation 1314 'extractvalue' 'curr_localImage_316' <Predicate = true> <Delay = 0.00> <CoreInst = "FIFO_SRL">   --->   Core 80 'FIFO_SRL' <Latency = 0> <II = 1> <Delay = 1.83> <Storage> <Opcode : 'read' 'write' 'nbread' 'nbwrite'> <Ports = 0> <Width = 32> <Depth = 2> <FIFO>
ST_4 : Operation 1315 [1/1] (0.00ns)   --->   "%curr_localImage_317 = extractvalue i61536 %call_ret1" [../image_analysis.cpp:259]   --->   Operation 1315 'extractvalue' 'curr_localImage_317' <Predicate = true> <Delay = 0.00> <CoreInst = "FIFO_SRL">   --->   Core 80 'FIFO_SRL' <Latency = 0> <II = 1> <Delay = 1.83> <Storage> <Opcode : 'read' 'write' 'nbread' 'nbwrite'> <Ports = 0> <Width = 32> <Depth = 2> <FIFO>
ST_4 : Operation 1316 [1/1] (0.00ns)   --->   "%curr_localImage_318 = extractvalue i61536 %call_ret1" [../image_analysis.cpp:259]   --->   Operation 1316 'extractvalue' 'curr_localImage_318' <Predicate = true> <Delay = 0.00> <CoreInst = "FIFO_SRL">   --->   Core 80 'FIFO_SRL' <Latency = 0> <II = 1> <Delay = 1.83> <Storage> <Opcode : 'read' 'write' 'nbread' 'nbwrite'> <Ports = 0> <Width = 32> <Depth = 2> <FIFO>
ST_4 : Operation 1317 [1/1] (0.00ns)   --->   "%curr_localImage_319 = extractvalue i61536 %call_ret1" [../image_analysis.cpp:259]   --->   Operation 1317 'extractvalue' 'curr_localImage_319' <Predicate = true> <Delay = 0.00> <CoreInst = "FIFO_SRL">   --->   Core 80 'FIFO_SRL' <Latency = 0> <II = 1> <Delay = 1.83> <Storage> <Opcode : 'read' 'write' 'nbread' 'nbwrite'> <Ports = 0> <Width = 32> <Depth = 2> <FIFO>
ST_4 : Operation 1318 [1/1] (0.00ns)   --->   "%curr_localImage_320 = extractvalue i61536 %call_ret1" [../image_analysis.cpp:259]   --->   Operation 1318 'extractvalue' 'curr_localImage_320' <Predicate = true> <Delay = 0.00> <CoreInst = "FIFO_SRL">   --->   Core 80 'FIFO_SRL' <Latency = 0> <II = 1> <Delay = 1.83> <Storage> <Opcode : 'read' 'write' 'nbread' 'nbwrite'> <Ports = 0> <Width = 32> <Depth = 2> <FIFO>
ST_4 : Operation 1319 [1/1] (0.00ns)   --->   "%curr_localImage_321 = extractvalue i61536 %call_ret1" [../image_analysis.cpp:259]   --->   Operation 1319 'extractvalue' 'curr_localImage_321' <Predicate = true> <Delay = 0.00> <CoreInst = "FIFO_SRL">   --->   Core 80 'FIFO_SRL' <Latency = 0> <II = 1> <Delay = 1.83> <Storage> <Opcode : 'read' 'write' 'nbread' 'nbwrite'> <Ports = 0> <Width = 32> <Depth = 2> <FIFO>
ST_4 : Operation 1320 [1/1] (0.00ns)   --->   "%curr_localImage_322 = extractvalue i61536 %call_ret1" [../image_analysis.cpp:259]   --->   Operation 1320 'extractvalue' 'curr_localImage_322' <Predicate = true> <Delay = 0.00> <CoreInst = "FIFO_SRL">   --->   Core 80 'FIFO_SRL' <Latency = 0> <II = 1> <Delay = 1.83> <Storage> <Opcode : 'read' 'write' 'nbread' 'nbwrite'> <Ports = 0> <Width = 32> <Depth = 2> <FIFO>
ST_4 : Operation 1321 [1/1] (0.00ns)   --->   "%curr_localImage_323 = extractvalue i61536 %call_ret1" [../image_analysis.cpp:259]   --->   Operation 1321 'extractvalue' 'curr_localImage_323' <Predicate = true> <Delay = 0.00> <CoreInst = "FIFO_SRL">   --->   Core 80 'FIFO_SRL' <Latency = 0> <II = 1> <Delay = 1.83> <Storage> <Opcode : 'read' 'write' 'nbread' 'nbwrite'> <Ports = 0> <Width = 32> <Depth = 2> <FIFO>
ST_4 : Operation 1322 [1/1] (0.00ns)   --->   "%curr_localImage_324 = extractvalue i61536 %call_ret1" [../image_analysis.cpp:259]   --->   Operation 1322 'extractvalue' 'curr_localImage_324' <Predicate = true> <Delay = 0.00> <CoreInst = "FIFO_SRL">   --->   Core 80 'FIFO_SRL' <Latency = 0> <II = 1> <Delay = 1.83> <Storage> <Opcode : 'read' 'write' 'nbread' 'nbwrite'> <Ports = 0> <Width = 32> <Depth = 2> <FIFO>
ST_4 : Operation 1323 [1/1] (0.00ns)   --->   "%curr_localImage_325 = extractvalue i61536 %call_ret1" [../image_analysis.cpp:259]   --->   Operation 1323 'extractvalue' 'curr_localImage_325' <Predicate = true> <Delay = 0.00> <CoreInst = "FIFO_SRL">   --->   Core 80 'FIFO_SRL' <Latency = 0> <II = 1> <Delay = 1.83> <Storage> <Opcode : 'read' 'write' 'nbread' 'nbwrite'> <Ports = 0> <Width = 32> <Depth = 2> <FIFO>
ST_4 : Operation 1324 [1/1] (0.00ns)   --->   "%curr_localImage_326 = extractvalue i61536 %call_ret1" [../image_analysis.cpp:259]   --->   Operation 1324 'extractvalue' 'curr_localImage_326' <Predicate = true> <Delay = 0.00> <CoreInst = "FIFO_SRL">   --->   Core 80 'FIFO_SRL' <Latency = 0> <II = 1> <Delay = 1.83> <Storage> <Opcode : 'read' 'write' 'nbread' 'nbwrite'> <Ports = 0> <Width = 32> <Depth = 2> <FIFO>
ST_4 : Operation 1325 [1/1] (0.00ns)   --->   "%curr_localImage_327 = extractvalue i61536 %call_ret1" [../image_analysis.cpp:259]   --->   Operation 1325 'extractvalue' 'curr_localImage_327' <Predicate = true> <Delay = 0.00> <CoreInst = "FIFO_SRL">   --->   Core 80 'FIFO_SRL' <Latency = 0> <II = 1> <Delay = 1.83> <Storage> <Opcode : 'read' 'write' 'nbread' 'nbwrite'> <Ports = 0> <Width = 32> <Depth = 2> <FIFO>
ST_4 : Operation 1326 [1/1] (0.00ns)   --->   "%curr_localImage_328 = extractvalue i61536 %call_ret1" [../image_analysis.cpp:259]   --->   Operation 1326 'extractvalue' 'curr_localImage_328' <Predicate = true> <Delay = 0.00> <CoreInst = "FIFO_SRL">   --->   Core 80 'FIFO_SRL' <Latency = 0> <II = 1> <Delay = 1.83> <Storage> <Opcode : 'read' 'write' 'nbread' 'nbwrite'> <Ports = 0> <Width = 32> <Depth = 2> <FIFO>
ST_4 : Operation 1327 [1/1] (0.00ns)   --->   "%curr_localImage_329 = extractvalue i61536 %call_ret1" [../image_analysis.cpp:259]   --->   Operation 1327 'extractvalue' 'curr_localImage_329' <Predicate = true> <Delay = 0.00> <CoreInst = "FIFO_SRL">   --->   Core 80 'FIFO_SRL' <Latency = 0> <II = 1> <Delay = 1.83> <Storage> <Opcode : 'read' 'write' 'nbread' 'nbwrite'> <Ports = 0> <Width = 32> <Depth = 2> <FIFO>
ST_4 : Operation 1328 [1/1] (0.00ns)   --->   "%curr_localImage_330 = extractvalue i61536 %call_ret1" [../image_analysis.cpp:259]   --->   Operation 1328 'extractvalue' 'curr_localImage_330' <Predicate = true> <Delay = 0.00> <CoreInst = "FIFO_SRL">   --->   Core 80 'FIFO_SRL' <Latency = 0> <II = 1> <Delay = 1.83> <Storage> <Opcode : 'read' 'write' 'nbread' 'nbwrite'> <Ports = 0> <Width = 32> <Depth = 2> <FIFO>
ST_4 : Operation 1329 [1/1] (0.00ns)   --->   "%curr_localImage_331 = extractvalue i61536 %call_ret1" [../image_analysis.cpp:259]   --->   Operation 1329 'extractvalue' 'curr_localImage_331' <Predicate = true> <Delay = 0.00> <CoreInst = "FIFO_SRL">   --->   Core 80 'FIFO_SRL' <Latency = 0> <II = 1> <Delay = 1.83> <Storage> <Opcode : 'read' 'write' 'nbread' 'nbwrite'> <Ports = 0> <Width = 32> <Depth = 2> <FIFO>
ST_4 : Operation 1330 [1/1] (0.00ns)   --->   "%curr_localImage_332 = extractvalue i61536 %call_ret1" [../image_analysis.cpp:259]   --->   Operation 1330 'extractvalue' 'curr_localImage_332' <Predicate = true> <Delay = 0.00> <CoreInst = "FIFO_SRL">   --->   Core 80 'FIFO_SRL' <Latency = 0> <II = 1> <Delay = 1.83> <Storage> <Opcode : 'read' 'write' 'nbread' 'nbwrite'> <Ports = 0> <Width = 32> <Depth = 2> <FIFO>
ST_4 : Operation 1331 [1/1] (0.00ns)   --->   "%curr_localImage_333 = extractvalue i61536 %call_ret1" [../image_analysis.cpp:259]   --->   Operation 1331 'extractvalue' 'curr_localImage_333' <Predicate = true> <Delay = 0.00> <CoreInst = "FIFO_SRL">   --->   Core 80 'FIFO_SRL' <Latency = 0> <II = 1> <Delay = 1.83> <Storage> <Opcode : 'read' 'write' 'nbread' 'nbwrite'> <Ports = 0> <Width = 32> <Depth = 2> <FIFO>
ST_4 : Operation 1332 [1/1] (0.00ns)   --->   "%curr_localImage_334 = extractvalue i61536 %call_ret1" [../image_analysis.cpp:259]   --->   Operation 1332 'extractvalue' 'curr_localImage_334' <Predicate = true> <Delay = 0.00> <CoreInst = "FIFO_SRL">   --->   Core 80 'FIFO_SRL' <Latency = 0> <II = 1> <Delay = 1.83> <Storage> <Opcode : 'read' 'write' 'nbread' 'nbwrite'> <Ports = 0> <Width = 32> <Depth = 2> <FIFO>
ST_4 : Operation 1333 [1/1] (0.00ns)   --->   "%curr_localImage_335 = extractvalue i61536 %call_ret1" [../image_analysis.cpp:259]   --->   Operation 1333 'extractvalue' 'curr_localImage_335' <Predicate = true> <Delay = 0.00> <CoreInst = "FIFO_SRL">   --->   Core 80 'FIFO_SRL' <Latency = 0> <II = 1> <Delay = 1.83> <Storage> <Opcode : 'read' 'write' 'nbread' 'nbwrite'> <Ports = 0> <Width = 32> <Depth = 2> <FIFO>
ST_4 : Operation 1334 [1/1] (0.00ns)   --->   "%curr_localImage_336 = extractvalue i61536 %call_ret1" [../image_analysis.cpp:259]   --->   Operation 1334 'extractvalue' 'curr_localImage_336' <Predicate = true> <Delay = 0.00> <CoreInst = "FIFO_SRL">   --->   Core 80 'FIFO_SRL' <Latency = 0> <II = 1> <Delay = 1.83> <Storage> <Opcode : 'read' 'write' 'nbread' 'nbwrite'> <Ports = 0> <Width = 32> <Depth = 2> <FIFO>
ST_4 : Operation 1335 [1/1] (0.00ns)   --->   "%curr_localImage_337 = extractvalue i61536 %call_ret1" [../image_analysis.cpp:259]   --->   Operation 1335 'extractvalue' 'curr_localImage_337' <Predicate = true> <Delay = 0.00> <CoreInst = "FIFO_SRL">   --->   Core 80 'FIFO_SRL' <Latency = 0> <II = 1> <Delay = 1.83> <Storage> <Opcode : 'read' 'write' 'nbread' 'nbwrite'> <Ports = 0> <Width = 32> <Depth = 2> <FIFO>
ST_4 : Operation 1336 [1/1] (0.00ns)   --->   "%curr_localImage_338 = extractvalue i61536 %call_ret1" [../image_analysis.cpp:259]   --->   Operation 1336 'extractvalue' 'curr_localImage_338' <Predicate = true> <Delay = 0.00> <CoreInst = "FIFO_SRL">   --->   Core 80 'FIFO_SRL' <Latency = 0> <II = 1> <Delay = 1.83> <Storage> <Opcode : 'read' 'write' 'nbread' 'nbwrite'> <Ports = 0> <Width = 32> <Depth = 2> <FIFO>
ST_4 : Operation 1337 [1/1] (0.00ns)   --->   "%curr_localImage_339 = extractvalue i61536 %call_ret1" [../image_analysis.cpp:259]   --->   Operation 1337 'extractvalue' 'curr_localImage_339' <Predicate = true> <Delay = 0.00> <CoreInst = "FIFO_SRL">   --->   Core 80 'FIFO_SRL' <Latency = 0> <II = 1> <Delay = 1.83> <Storage> <Opcode : 'read' 'write' 'nbread' 'nbwrite'> <Ports = 0> <Width = 32> <Depth = 2> <FIFO>
ST_4 : Operation 1338 [1/1] (0.00ns)   --->   "%curr_localImage_340 = extractvalue i61536 %call_ret1" [../image_analysis.cpp:259]   --->   Operation 1338 'extractvalue' 'curr_localImage_340' <Predicate = true> <Delay = 0.00> <CoreInst = "FIFO_SRL">   --->   Core 80 'FIFO_SRL' <Latency = 0> <II = 1> <Delay = 1.83> <Storage> <Opcode : 'read' 'write' 'nbread' 'nbwrite'> <Ports = 0> <Width = 32> <Depth = 2> <FIFO>
ST_4 : Operation 1339 [1/1] (0.00ns)   --->   "%curr_localImage_341 = extractvalue i61536 %call_ret1" [../image_analysis.cpp:259]   --->   Operation 1339 'extractvalue' 'curr_localImage_341' <Predicate = true> <Delay = 0.00> <CoreInst = "FIFO_SRL">   --->   Core 80 'FIFO_SRL' <Latency = 0> <II = 1> <Delay = 1.83> <Storage> <Opcode : 'read' 'write' 'nbread' 'nbwrite'> <Ports = 0> <Width = 32> <Depth = 2> <FIFO>
ST_4 : Operation 1340 [1/1] (0.00ns)   --->   "%curr_localImage_342 = extractvalue i61536 %call_ret1" [../image_analysis.cpp:259]   --->   Operation 1340 'extractvalue' 'curr_localImage_342' <Predicate = true> <Delay = 0.00> <CoreInst = "FIFO_SRL">   --->   Core 80 'FIFO_SRL' <Latency = 0> <II = 1> <Delay = 1.83> <Storage> <Opcode : 'read' 'write' 'nbread' 'nbwrite'> <Ports = 0> <Width = 32> <Depth = 2> <FIFO>
ST_4 : Operation 1341 [1/1] (0.00ns)   --->   "%curr_localImage_343 = extractvalue i61536 %call_ret1" [../image_analysis.cpp:259]   --->   Operation 1341 'extractvalue' 'curr_localImage_343' <Predicate = true> <Delay = 0.00> <CoreInst = "FIFO_SRL">   --->   Core 80 'FIFO_SRL' <Latency = 0> <II = 1> <Delay = 1.83> <Storage> <Opcode : 'read' 'write' 'nbread' 'nbwrite'> <Ports = 0> <Width = 32> <Depth = 2> <FIFO>
ST_4 : Operation 1342 [1/1] (0.00ns)   --->   "%curr_localImage_344 = extractvalue i61536 %call_ret1" [../image_analysis.cpp:259]   --->   Operation 1342 'extractvalue' 'curr_localImage_344' <Predicate = true> <Delay = 0.00> <CoreInst = "FIFO_SRL">   --->   Core 80 'FIFO_SRL' <Latency = 0> <II = 1> <Delay = 1.83> <Storage> <Opcode : 'read' 'write' 'nbread' 'nbwrite'> <Ports = 0> <Width = 32> <Depth = 2> <FIFO>
ST_4 : Operation 1343 [1/1] (0.00ns)   --->   "%curr_localImage_345 = extractvalue i61536 %call_ret1" [../image_analysis.cpp:259]   --->   Operation 1343 'extractvalue' 'curr_localImage_345' <Predicate = true> <Delay = 0.00> <CoreInst = "FIFO_SRL">   --->   Core 80 'FIFO_SRL' <Latency = 0> <II = 1> <Delay = 1.83> <Storage> <Opcode : 'read' 'write' 'nbread' 'nbwrite'> <Ports = 0> <Width = 32> <Depth = 2> <FIFO>
ST_4 : Operation 1344 [1/1] (0.00ns)   --->   "%curr_localImage_346 = extractvalue i61536 %call_ret1" [../image_analysis.cpp:259]   --->   Operation 1344 'extractvalue' 'curr_localImage_346' <Predicate = true> <Delay = 0.00> <CoreInst = "FIFO_SRL">   --->   Core 80 'FIFO_SRL' <Latency = 0> <II = 1> <Delay = 1.83> <Storage> <Opcode : 'read' 'write' 'nbread' 'nbwrite'> <Ports = 0> <Width = 32> <Depth = 2> <FIFO>
ST_4 : Operation 1345 [1/1] (0.00ns)   --->   "%curr_localImage_347 = extractvalue i61536 %call_ret1" [../image_analysis.cpp:259]   --->   Operation 1345 'extractvalue' 'curr_localImage_347' <Predicate = true> <Delay = 0.00> <CoreInst = "FIFO_SRL">   --->   Core 80 'FIFO_SRL' <Latency = 0> <II = 1> <Delay = 1.83> <Storage> <Opcode : 'read' 'write' 'nbread' 'nbwrite'> <Ports = 0> <Width = 32> <Depth = 2> <FIFO>
ST_4 : Operation 1346 [1/1] (0.00ns)   --->   "%curr_localImage_348 = extractvalue i61536 %call_ret1" [../image_analysis.cpp:259]   --->   Operation 1346 'extractvalue' 'curr_localImage_348' <Predicate = true> <Delay = 0.00> <CoreInst = "FIFO_SRL">   --->   Core 80 'FIFO_SRL' <Latency = 0> <II = 1> <Delay = 1.83> <Storage> <Opcode : 'read' 'write' 'nbread' 'nbwrite'> <Ports = 0> <Width = 32> <Depth = 2> <FIFO>
ST_4 : Operation 1347 [1/1] (0.00ns)   --->   "%curr_localImage_349 = extractvalue i61536 %call_ret1" [../image_analysis.cpp:259]   --->   Operation 1347 'extractvalue' 'curr_localImage_349' <Predicate = true> <Delay = 0.00> <CoreInst = "FIFO_SRL">   --->   Core 80 'FIFO_SRL' <Latency = 0> <II = 1> <Delay = 1.83> <Storage> <Opcode : 'read' 'write' 'nbread' 'nbwrite'> <Ports = 0> <Width = 32> <Depth = 2> <FIFO>
ST_4 : Operation 1348 [1/1] (0.00ns)   --->   "%curr_localImage_350 = extractvalue i61536 %call_ret1" [../image_analysis.cpp:259]   --->   Operation 1348 'extractvalue' 'curr_localImage_350' <Predicate = true> <Delay = 0.00> <CoreInst = "FIFO_SRL">   --->   Core 80 'FIFO_SRL' <Latency = 0> <II = 1> <Delay = 1.83> <Storage> <Opcode : 'read' 'write' 'nbread' 'nbwrite'> <Ports = 0> <Width = 32> <Depth = 2> <FIFO>
ST_4 : Operation 1349 [1/1] (0.00ns)   --->   "%curr_localImage_351 = extractvalue i61536 %call_ret1" [../image_analysis.cpp:259]   --->   Operation 1349 'extractvalue' 'curr_localImage_351' <Predicate = true> <Delay = 0.00> <CoreInst = "FIFO_SRL">   --->   Core 80 'FIFO_SRL' <Latency = 0> <II = 1> <Delay = 1.83> <Storage> <Opcode : 'read' 'write' 'nbread' 'nbwrite'> <Ports = 0> <Width = 32> <Depth = 2> <FIFO>
ST_4 : Operation 1350 [1/1] (0.00ns)   --->   "%curr_localImage_352 = extractvalue i61536 %call_ret1" [../image_analysis.cpp:259]   --->   Operation 1350 'extractvalue' 'curr_localImage_352' <Predicate = true> <Delay = 0.00> <CoreInst = "FIFO_SRL">   --->   Core 80 'FIFO_SRL' <Latency = 0> <II = 1> <Delay = 1.83> <Storage> <Opcode : 'read' 'write' 'nbread' 'nbwrite'> <Ports = 0> <Width = 32> <Depth = 2> <FIFO>
ST_4 : Operation 1351 [1/1] (0.00ns)   --->   "%curr_localImage_353 = extractvalue i61536 %call_ret1" [../image_analysis.cpp:259]   --->   Operation 1351 'extractvalue' 'curr_localImage_353' <Predicate = true> <Delay = 0.00> <CoreInst = "FIFO_SRL">   --->   Core 80 'FIFO_SRL' <Latency = 0> <II = 1> <Delay = 1.83> <Storage> <Opcode : 'read' 'write' 'nbread' 'nbwrite'> <Ports = 0> <Width = 32> <Depth = 2> <FIFO>
ST_4 : Operation 1352 [1/1] (0.00ns)   --->   "%curr_localImage_354 = extractvalue i61536 %call_ret1" [../image_analysis.cpp:259]   --->   Operation 1352 'extractvalue' 'curr_localImage_354' <Predicate = true> <Delay = 0.00> <CoreInst = "FIFO_SRL">   --->   Core 80 'FIFO_SRL' <Latency = 0> <II = 1> <Delay = 1.83> <Storage> <Opcode : 'read' 'write' 'nbread' 'nbwrite'> <Ports = 0> <Width = 32> <Depth = 2> <FIFO>
ST_4 : Operation 1353 [1/1] (0.00ns)   --->   "%curr_localImage_355 = extractvalue i61536 %call_ret1" [../image_analysis.cpp:259]   --->   Operation 1353 'extractvalue' 'curr_localImage_355' <Predicate = true> <Delay = 0.00> <CoreInst = "FIFO_SRL">   --->   Core 80 'FIFO_SRL' <Latency = 0> <II = 1> <Delay = 1.83> <Storage> <Opcode : 'read' 'write' 'nbread' 'nbwrite'> <Ports = 0> <Width = 32> <Depth = 2> <FIFO>
ST_4 : Operation 1354 [1/1] (0.00ns)   --->   "%curr_localImage_356 = extractvalue i61536 %call_ret1" [../image_analysis.cpp:259]   --->   Operation 1354 'extractvalue' 'curr_localImage_356' <Predicate = true> <Delay = 0.00> <CoreInst = "FIFO_SRL">   --->   Core 80 'FIFO_SRL' <Latency = 0> <II = 1> <Delay = 1.83> <Storage> <Opcode : 'read' 'write' 'nbread' 'nbwrite'> <Ports = 0> <Width = 32> <Depth = 2> <FIFO>
ST_4 : Operation 1355 [1/1] (0.00ns)   --->   "%curr_localImage_357 = extractvalue i61536 %call_ret1" [../image_analysis.cpp:259]   --->   Operation 1355 'extractvalue' 'curr_localImage_357' <Predicate = true> <Delay = 0.00> <CoreInst = "FIFO_SRL">   --->   Core 80 'FIFO_SRL' <Latency = 0> <II = 1> <Delay = 1.83> <Storage> <Opcode : 'read' 'write' 'nbread' 'nbwrite'> <Ports = 0> <Width = 32> <Depth = 2> <FIFO>
ST_4 : Operation 1356 [1/1] (0.00ns)   --->   "%curr_localImage_358 = extractvalue i61536 %call_ret1" [../image_analysis.cpp:259]   --->   Operation 1356 'extractvalue' 'curr_localImage_358' <Predicate = true> <Delay = 0.00> <CoreInst = "FIFO_SRL">   --->   Core 80 'FIFO_SRL' <Latency = 0> <II = 1> <Delay = 1.83> <Storage> <Opcode : 'read' 'write' 'nbread' 'nbwrite'> <Ports = 0> <Width = 32> <Depth = 2> <FIFO>
ST_4 : Operation 1357 [1/1] (0.00ns)   --->   "%curr_localImage_359 = extractvalue i61536 %call_ret1" [../image_analysis.cpp:259]   --->   Operation 1357 'extractvalue' 'curr_localImage_359' <Predicate = true> <Delay = 0.00> <CoreInst = "FIFO_SRL">   --->   Core 80 'FIFO_SRL' <Latency = 0> <II = 1> <Delay = 1.83> <Storage> <Opcode : 'read' 'write' 'nbread' 'nbwrite'> <Ports = 0> <Width = 32> <Depth = 2> <FIFO>
ST_4 : Operation 1358 [1/1] (0.00ns)   --->   "%curr_localImage_360 = extractvalue i61536 %call_ret1" [../image_analysis.cpp:259]   --->   Operation 1358 'extractvalue' 'curr_localImage_360' <Predicate = true> <Delay = 0.00> <CoreInst = "FIFO_SRL">   --->   Core 80 'FIFO_SRL' <Latency = 0> <II = 1> <Delay = 1.83> <Storage> <Opcode : 'read' 'write' 'nbread' 'nbwrite'> <Ports = 0> <Width = 32> <Depth = 2> <FIFO>
ST_4 : Operation 1359 [1/1] (0.00ns)   --->   "%curr_localImage_361 = extractvalue i61536 %call_ret1" [../image_analysis.cpp:259]   --->   Operation 1359 'extractvalue' 'curr_localImage_361' <Predicate = true> <Delay = 0.00> <CoreInst = "FIFO_SRL">   --->   Core 80 'FIFO_SRL' <Latency = 0> <II = 1> <Delay = 1.83> <Storage> <Opcode : 'read' 'write' 'nbread' 'nbwrite'> <Ports = 0> <Width = 32> <Depth = 2> <FIFO>
ST_4 : Operation 1360 [1/1] (0.00ns)   --->   "%curr_localImage_362 = extractvalue i61536 %call_ret1" [../image_analysis.cpp:259]   --->   Operation 1360 'extractvalue' 'curr_localImage_362' <Predicate = true> <Delay = 0.00> <CoreInst = "FIFO_SRL">   --->   Core 80 'FIFO_SRL' <Latency = 0> <II = 1> <Delay = 1.83> <Storage> <Opcode : 'read' 'write' 'nbread' 'nbwrite'> <Ports = 0> <Width = 32> <Depth = 2> <FIFO>
ST_4 : Operation 1361 [1/1] (0.00ns)   --->   "%curr_localImage_363 = extractvalue i61536 %call_ret1" [../image_analysis.cpp:259]   --->   Operation 1361 'extractvalue' 'curr_localImage_363' <Predicate = true> <Delay = 0.00> <CoreInst = "FIFO_SRL">   --->   Core 80 'FIFO_SRL' <Latency = 0> <II = 1> <Delay = 1.83> <Storage> <Opcode : 'read' 'write' 'nbread' 'nbwrite'> <Ports = 0> <Width = 32> <Depth = 2> <FIFO>
ST_4 : Operation 1362 [1/1] (0.00ns)   --->   "%curr_localImage_364 = extractvalue i61536 %call_ret1" [../image_analysis.cpp:259]   --->   Operation 1362 'extractvalue' 'curr_localImage_364' <Predicate = true> <Delay = 0.00> <CoreInst = "FIFO_SRL">   --->   Core 80 'FIFO_SRL' <Latency = 0> <II = 1> <Delay = 1.83> <Storage> <Opcode : 'read' 'write' 'nbread' 'nbwrite'> <Ports = 0> <Width = 32> <Depth = 2> <FIFO>
ST_4 : Operation 1363 [1/1] (0.00ns)   --->   "%curr_localImage_365 = extractvalue i61536 %call_ret1" [../image_analysis.cpp:259]   --->   Operation 1363 'extractvalue' 'curr_localImage_365' <Predicate = true> <Delay = 0.00> <CoreInst = "FIFO_SRL">   --->   Core 80 'FIFO_SRL' <Latency = 0> <II = 1> <Delay = 1.83> <Storage> <Opcode : 'read' 'write' 'nbread' 'nbwrite'> <Ports = 0> <Width = 32> <Depth = 2> <FIFO>
ST_4 : Operation 1364 [1/1] (0.00ns)   --->   "%curr_localImage_366 = extractvalue i61536 %call_ret1" [../image_analysis.cpp:259]   --->   Operation 1364 'extractvalue' 'curr_localImage_366' <Predicate = true> <Delay = 0.00> <CoreInst = "FIFO_SRL">   --->   Core 80 'FIFO_SRL' <Latency = 0> <II = 1> <Delay = 1.83> <Storage> <Opcode : 'read' 'write' 'nbread' 'nbwrite'> <Ports = 0> <Width = 32> <Depth = 2> <FIFO>
ST_4 : Operation 1365 [1/1] (0.00ns)   --->   "%curr_localImage_367 = extractvalue i61536 %call_ret1" [../image_analysis.cpp:259]   --->   Operation 1365 'extractvalue' 'curr_localImage_367' <Predicate = true> <Delay = 0.00> <CoreInst = "FIFO_SRL">   --->   Core 80 'FIFO_SRL' <Latency = 0> <II = 1> <Delay = 1.83> <Storage> <Opcode : 'read' 'write' 'nbread' 'nbwrite'> <Ports = 0> <Width = 32> <Depth = 2> <FIFO>
ST_4 : Operation 1366 [1/1] (0.00ns)   --->   "%curr_localImage_368 = extractvalue i61536 %call_ret1" [../image_analysis.cpp:259]   --->   Operation 1366 'extractvalue' 'curr_localImage_368' <Predicate = true> <Delay = 0.00> <CoreInst = "FIFO_SRL">   --->   Core 80 'FIFO_SRL' <Latency = 0> <II = 1> <Delay = 1.83> <Storage> <Opcode : 'read' 'write' 'nbread' 'nbwrite'> <Ports = 0> <Width = 32> <Depth = 2> <FIFO>
ST_4 : Operation 1367 [1/1] (0.00ns)   --->   "%curr_localImage_369 = extractvalue i61536 %call_ret1" [../image_analysis.cpp:259]   --->   Operation 1367 'extractvalue' 'curr_localImage_369' <Predicate = true> <Delay = 0.00> <CoreInst = "FIFO_SRL">   --->   Core 80 'FIFO_SRL' <Latency = 0> <II = 1> <Delay = 1.83> <Storage> <Opcode : 'read' 'write' 'nbread' 'nbwrite'> <Ports = 0> <Width = 32> <Depth = 2> <FIFO>
ST_4 : Operation 1368 [1/1] (0.00ns)   --->   "%curr_localImage_370 = extractvalue i61536 %call_ret1" [../image_analysis.cpp:259]   --->   Operation 1368 'extractvalue' 'curr_localImage_370' <Predicate = true> <Delay = 0.00> <CoreInst = "FIFO_SRL">   --->   Core 80 'FIFO_SRL' <Latency = 0> <II = 1> <Delay = 1.83> <Storage> <Opcode : 'read' 'write' 'nbread' 'nbwrite'> <Ports = 0> <Width = 32> <Depth = 2> <FIFO>
ST_4 : Operation 1369 [1/1] (0.00ns)   --->   "%curr_localImage_371 = extractvalue i61536 %call_ret1" [../image_analysis.cpp:259]   --->   Operation 1369 'extractvalue' 'curr_localImage_371' <Predicate = true> <Delay = 0.00> <CoreInst = "FIFO_SRL">   --->   Core 80 'FIFO_SRL' <Latency = 0> <II = 1> <Delay = 1.83> <Storage> <Opcode : 'read' 'write' 'nbread' 'nbwrite'> <Ports = 0> <Width = 32> <Depth = 2> <FIFO>
ST_4 : Operation 1370 [1/1] (0.00ns)   --->   "%curr_localImage_372 = extractvalue i61536 %call_ret1" [../image_analysis.cpp:259]   --->   Operation 1370 'extractvalue' 'curr_localImage_372' <Predicate = true> <Delay = 0.00> <CoreInst = "FIFO_SRL">   --->   Core 80 'FIFO_SRL' <Latency = 0> <II = 1> <Delay = 1.83> <Storage> <Opcode : 'read' 'write' 'nbread' 'nbwrite'> <Ports = 0> <Width = 32> <Depth = 2> <FIFO>
ST_4 : Operation 1371 [1/1] (0.00ns)   --->   "%curr_localImage_373 = extractvalue i61536 %call_ret1" [../image_analysis.cpp:259]   --->   Operation 1371 'extractvalue' 'curr_localImage_373' <Predicate = true> <Delay = 0.00> <CoreInst = "FIFO_SRL">   --->   Core 80 'FIFO_SRL' <Latency = 0> <II = 1> <Delay = 1.83> <Storage> <Opcode : 'read' 'write' 'nbread' 'nbwrite'> <Ports = 0> <Width = 32> <Depth = 2> <FIFO>
ST_4 : Operation 1372 [1/1] (0.00ns)   --->   "%curr_localImage_374 = extractvalue i61536 %call_ret1" [../image_analysis.cpp:259]   --->   Operation 1372 'extractvalue' 'curr_localImage_374' <Predicate = true> <Delay = 0.00> <CoreInst = "FIFO_SRL">   --->   Core 80 'FIFO_SRL' <Latency = 0> <II = 1> <Delay = 1.83> <Storage> <Opcode : 'read' 'write' 'nbread' 'nbwrite'> <Ports = 0> <Width = 32> <Depth = 2> <FIFO>
ST_4 : Operation 1373 [1/1] (0.00ns)   --->   "%curr_localImage_375 = extractvalue i61536 %call_ret1" [../image_analysis.cpp:259]   --->   Operation 1373 'extractvalue' 'curr_localImage_375' <Predicate = true> <Delay = 0.00> <CoreInst = "FIFO_SRL">   --->   Core 80 'FIFO_SRL' <Latency = 0> <II = 1> <Delay = 1.83> <Storage> <Opcode : 'read' 'write' 'nbread' 'nbwrite'> <Ports = 0> <Width = 32> <Depth = 2> <FIFO>
ST_4 : Operation 1374 [1/1] (0.00ns)   --->   "%curr_localImage_376 = extractvalue i61536 %call_ret1" [../image_analysis.cpp:259]   --->   Operation 1374 'extractvalue' 'curr_localImage_376' <Predicate = true> <Delay = 0.00> <CoreInst = "FIFO_SRL">   --->   Core 80 'FIFO_SRL' <Latency = 0> <II = 1> <Delay = 1.83> <Storage> <Opcode : 'read' 'write' 'nbread' 'nbwrite'> <Ports = 0> <Width = 32> <Depth = 2> <FIFO>
ST_4 : Operation 1375 [1/1] (0.00ns)   --->   "%curr_localImage_377 = extractvalue i61536 %call_ret1" [../image_analysis.cpp:259]   --->   Operation 1375 'extractvalue' 'curr_localImage_377' <Predicate = true> <Delay = 0.00> <CoreInst = "FIFO_SRL">   --->   Core 80 'FIFO_SRL' <Latency = 0> <II = 1> <Delay = 1.83> <Storage> <Opcode : 'read' 'write' 'nbread' 'nbwrite'> <Ports = 0> <Width = 32> <Depth = 2> <FIFO>
ST_4 : Operation 1376 [1/1] (0.00ns)   --->   "%curr_localImage_378 = extractvalue i61536 %call_ret1" [../image_analysis.cpp:259]   --->   Operation 1376 'extractvalue' 'curr_localImage_378' <Predicate = true> <Delay = 0.00> <CoreInst = "FIFO_SRL">   --->   Core 80 'FIFO_SRL' <Latency = 0> <II = 1> <Delay = 1.83> <Storage> <Opcode : 'read' 'write' 'nbread' 'nbwrite'> <Ports = 0> <Width = 32> <Depth = 2> <FIFO>
ST_4 : Operation 1377 [1/1] (0.00ns)   --->   "%curr_localImage_379 = extractvalue i61536 %call_ret1" [../image_analysis.cpp:259]   --->   Operation 1377 'extractvalue' 'curr_localImage_379' <Predicate = true> <Delay = 0.00> <CoreInst = "FIFO_SRL">   --->   Core 80 'FIFO_SRL' <Latency = 0> <II = 1> <Delay = 1.83> <Storage> <Opcode : 'read' 'write' 'nbread' 'nbwrite'> <Ports = 0> <Width = 32> <Depth = 2> <FIFO>
ST_4 : Operation 1378 [1/1] (0.00ns)   --->   "%curr_localImage_380 = extractvalue i61536 %call_ret1" [../image_analysis.cpp:259]   --->   Operation 1378 'extractvalue' 'curr_localImage_380' <Predicate = true> <Delay = 0.00> <CoreInst = "FIFO_SRL">   --->   Core 80 'FIFO_SRL' <Latency = 0> <II = 1> <Delay = 1.83> <Storage> <Opcode : 'read' 'write' 'nbread' 'nbwrite'> <Ports = 0> <Width = 32> <Depth = 2> <FIFO>
ST_4 : Operation 1379 [1/1] (0.00ns)   --->   "%curr_localImage_381 = extractvalue i61536 %call_ret1" [../image_analysis.cpp:259]   --->   Operation 1379 'extractvalue' 'curr_localImage_381' <Predicate = true> <Delay = 0.00> <CoreInst = "FIFO_SRL">   --->   Core 80 'FIFO_SRL' <Latency = 0> <II = 1> <Delay = 1.83> <Storage> <Opcode : 'read' 'write' 'nbread' 'nbwrite'> <Ports = 0> <Width = 32> <Depth = 2> <FIFO>
ST_4 : Operation 1380 [1/1] (0.00ns)   --->   "%curr_localImage_382 = extractvalue i61536 %call_ret1" [../image_analysis.cpp:259]   --->   Operation 1380 'extractvalue' 'curr_localImage_382' <Predicate = true> <Delay = 0.00> <CoreInst = "FIFO_SRL">   --->   Core 80 'FIFO_SRL' <Latency = 0> <II = 1> <Delay = 1.83> <Storage> <Opcode : 'read' 'write' 'nbread' 'nbwrite'> <Ports = 0> <Width = 32> <Depth = 2> <FIFO>
ST_4 : Operation 1381 [1/1] (0.00ns)   --->   "%curr_localImage_383 = extractvalue i61536 %call_ret1" [../image_analysis.cpp:259]   --->   Operation 1381 'extractvalue' 'curr_localImage_383' <Predicate = true> <Delay = 0.00> <CoreInst = "FIFO_SRL">   --->   Core 80 'FIFO_SRL' <Latency = 0> <II = 1> <Delay = 1.83> <Storage> <Opcode : 'read' 'write' 'nbread' 'nbwrite'> <Ports = 0> <Width = 32> <Depth = 2> <FIFO>
ST_4 : Operation 1382 [1/1] (0.00ns)   --->   "%curr_localImage_384 = extractvalue i61536 %call_ret1" [../image_analysis.cpp:259]   --->   Operation 1382 'extractvalue' 'curr_localImage_384' <Predicate = true> <Delay = 0.00> <CoreInst = "FIFO_SRL">   --->   Core 80 'FIFO_SRL' <Latency = 0> <II = 1> <Delay = 1.83> <Storage> <Opcode : 'read' 'write' 'nbread' 'nbwrite'> <Ports = 0> <Width = 32> <Depth = 2> <FIFO>
ST_4 : Operation 1383 [1/1] (0.00ns)   --->   "%curr_localImage_385 = extractvalue i61536 %call_ret1" [../image_analysis.cpp:259]   --->   Operation 1383 'extractvalue' 'curr_localImage_385' <Predicate = true> <Delay = 0.00> <CoreInst = "FIFO_SRL">   --->   Core 80 'FIFO_SRL' <Latency = 0> <II = 1> <Delay = 1.83> <Storage> <Opcode : 'read' 'write' 'nbread' 'nbwrite'> <Ports = 0> <Width = 32> <Depth = 2> <FIFO>
ST_4 : Operation 1384 [1/1] (0.00ns)   --->   "%curr_localImage_386 = extractvalue i61536 %call_ret1" [../image_analysis.cpp:259]   --->   Operation 1384 'extractvalue' 'curr_localImage_386' <Predicate = true> <Delay = 0.00> <CoreInst = "FIFO_SRL">   --->   Core 80 'FIFO_SRL' <Latency = 0> <II = 1> <Delay = 1.83> <Storage> <Opcode : 'read' 'write' 'nbread' 'nbwrite'> <Ports = 0> <Width = 32> <Depth = 2> <FIFO>
ST_4 : Operation 1385 [1/1] (0.00ns)   --->   "%curr_localImage_387 = extractvalue i61536 %call_ret1" [../image_analysis.cpp:259]   --->   Operation 1385 'extractvalue' 'curr_localImage_387' <Predicate = true> <Delay = 0.00> <CoreInst = "FIFO_SRL">   --->   Core 80 'FIFO_SRL' <Latency = 0> <II = 1> <Delay = 1.83> <Storage> <Opcode : 'read' 'write' 'nbread' 'nbwrite'> <Ports = 0> <Width = 32> <Depth = 2> <FIFO>
ST_4 : Operation 1386 [1/1] (0.00ns)   --->   "%curr_localImage_388 = extractvalue i61536 %call_ret1" [../image_analysis.cpp:259]   --->   Operation 1386 'extractvalue' 'curr_localImage_388' <Predicate = true> <Delay = 0.00> <CoreInst = "FIFO_SRL">   --->   Core 80 'FIFO_SRL' <Latency = 0> <II = 1> <Delay = 1.83> <Storage> <Opcode : 'read' 'write' 'nbread' 'nbwrite'> <Ports = 0> <Width = 32> <Depth = 2> <FIFO>
ST_4 : Operation 1387 [1/1] (0.00ns)   --->   "%curr_localImage_389 = extractvalue i61536 %call_ret1" [../image_analysis.cpp:259]   --->   Operation 1387 'extractvalue' 'curr_localImage_389' <Predicate = true> <Delay = 0.00> <CoreInst = "FIFO_SRL">   --->   Core 80 'FIFO_SRL' <Latency = 0> <II = 1> <Delay = 1.83> <Storage> <Opcode : 'read' 'write' 'nbread' 'nbwrite'> <Ports = 0> <Width = 32> <Depth = 2> <FIFO>
ST_4 : Operation 1388 [1/1] (0.00ns)   --->   "%curr_localImage_390 = extractvalue i61536 %call_ret1" [../image_analysis.cpp:259]   --->   Operation 1388 'extractvalue' 'curr_localImage_390' <Predicate = true> <Delay = 0.00> <CoreInst = "FIFO_SRL">   --->   Core 80 'FIFO_SRL' <Latency = 0> <II = 1> <Delay = 1.83> <Storage> <Opcode : 'read' 'write' 'nbread' 'nbwrite'> <Ports = 0> <Width = 32> <Depth = 2> <FIFO>
ST_4 : Operation 1389 [1/1] (0.00ns)   --->   "%curr_localImage_391 = extractvalue i61536 %call_ret1" [../image_analysis.cpp:259]   --->   Operation 1389 'extractvalue' 'curr_localImage_391' <Predicate = true> <Delay = 0.00> <CoreInst = "FIFO_SRL">   --->   Core 80 'FIFO_SRL' <Latency = 0> <II = 1> <Delay = 1.83> <Storage> <Opcode : 'read' 'write' 'nbread' 'nbwrite'> <Ports = 0> <Width = 32> <Depth = 2> <FIFO>
ST_4 : Operation 1390 [1/1] (0.00ns)   --->   "%curr_localImage_392 = extractvalue i61536 %call_ret1" [../image_analysis.cpp:259]   --->   Operation 1390 'extractvalue' 'curr_localImage_392' <Predicate = true> <Delay = 0.00> <CoreInst = "FIFO_SRL">   --->   Core 80 'FIFO_SRL' <Latency = 0> <II = 1> <Delay = 1.83> <Storage> <Opcode : 'read' 'write' 'nbread' 'nbwrite'> <Ports = 0> <Width = 32> <Depth = 2> <FIFO>
ST_4 : Operation 1391 [1/1] (0.00ns)   --->   "%curr_localImage_393 = extractvalue i61536 %call_ret1" [../image_analysis.cpp:259]   --->   Operation 1391 'extractvalue' 'curr_localImage_393' <Predicate = true> <Delay = 0.00> <CoreInst = "FIFO_SRL">   --->   Core 80 'FIFO_SRL' <Latency = 0> <II = 1> <Delay = 1.83> <Storage> <Opcode : 'read' 'write' 'nbread' 'nbwrite'> <Ports = 0> <Width = 32> <Depth = 2> <FIFO>
ST_4 : Operation 1392 [1/1] (0.00ns)   --->   "%curr_localImage_394 = extractvalue i61536 %call_ret1" [../image_analysis.cpp:259]   --->   Operation 1392 'extractvalue' 'curr_localImage_394' <Predicate = true> <Delay = 0.00> <CoreInst = "FIFO_SRL">   --->   Core 80 'FIFO_SRL' <Latency = 0> <II = 1> <Delay = 1.83> <Storage> <Opcode : 'read' 'write' 'nbread' 'nbwrite'> <Ports = 0> <Width = 32> <Depth = 2> <FIFO>
ST_4 : Operation 1393 [1/1] (0.00ns)   --->   "%curr_localImage_395 = extractvalue i61536 %call_ret1" [../image_analysis.cpp:259]   --->   Operation 1393 'extractvalue' 'curr_localImage_395' <Predicate = true> <Delay = 0.00> <CoreInst = "FIFO_SRL">   --->   Core 80 'FIFO_SRL' <Latency = 0> <II = 1> <Delay = 1.83> <Storage> <Opcode : 'read' 'write' 'nbread' 'nbwrite'> <Ports = 0> <Width = 32> <Depth = 2> <FIFO>
ST_4 : Operation 1394 [1/1] (0.00ns)   --->   "%curr_localImage_396 = extractvalue i61536 %call_ret1" [../image_analysis.cpp:259]   --->   Operation 1394 'extractvalue' 'curr_localImage_396' <Predicate = true> <Delay = 0.00> <CoreInst = "FIFO_SRL">   --->   Core 80 'FIFO_SRL' <Latency = 0> <II = 1> <Delay = 1.83> <Storage> <Opcode : 'read' 'write' 'nbread' 'nbwrite'> <Ports = 0> <Width = 32> <Depth = 2> <FIFO>
ST_4 : Operation 1395 [1/1] (0.00ns)   --->   "%curr_localImage_397 = extractvalue i61536 %call_ret1" [../image_analysis.cpp:259]   --->   Operation 1395 'extractvalue' 'curr_localImage_397' <Predicate = true> <Delay = 0.00> <CoreInst = "FIFO_SRL">   --->   Core 80 'FIFO_SRL' <Latency = 0> <II = 1> <Delay = 1.83> <Storage> <Opcode : 'read' 'write' 'nbread' 'nbwrite'> <Ports = 0> <Width = 32> <Depth = 2> <FIFO>
ST_4 : Operation 1396 [1/1] (0.00ns)   --->   "%curr_localImage_398 = extractvalue i61536 %call_ret1" [../image_analysis.cpp:259]   --->   Operation 1396 'extractvalue' 'curr_localImage_398' <Predicate = true> <Delay = 0.00> <CoreInst = "FIFO_SRL">   --->   Core 80 'FIFO_SRL' <Latency = 0> <II = 1> <Delay = 1.83> <Storage> <Opcode : 'read' 'write' 'nbread' 'nbwrite'> <Ports = 0> <Width = 32> <Depth = 2> <FIFO>
ST_4 : Operation 1397 [1/1] (0.00ns)   --->   "%curr_localImage_399 = extractvalue i61536 %call_ret1" [../image_analysis.cpp:259]   --->   Operation 1397 'extractvalue' 'curr_localImage_399' <Predicate = true> <Delay = 0.00> <CoreInst = "FIFO_SRL">   --->   Core 80 'FIFO_SRL' <Latency = 0> <II = 1> <Delay = 1.83> <Storage> <Opcode : 'read' 'write' 'nbread' 'nbwrite'> <Ports = 0> <Width = 32> <Depth = 2> <FIFO>
ST_4 : Operation 1398 [1/1] (0.00ns)   --->   "%curr_localImage_400 = extractvalue i61536 %call_ret1" [../image_analysis.cpp:259]   --->   Operation 1398 'extractvalue' 'curr_localImage_400' <Predicate = true> <Delay = 0.00> <CoreInst = "FIFO_SRL">   --->   Core 80 'FIFO_SRL' <Latency = 0> <II = 1> <Delay = 1.83> <Storage> <Opcode : 'read' 'write' 'nbread' 'nbwrite'> <Ports = 0> <Width = 32> <Depth = 2> <FIFO>
ST_4 : Operation 1399 [1/1] (0.00ns)   --->   "%curr_localImage_401 = extractvalue i61536 %call_ret1" [../image_analysis.cpp:259]   --->   Operation 1399 'extractvalue' 'curr_localImage_401' <Predicate = true> <Delay = 0.00> <CoreInst = "FIFO_SRL">   --->   Core 80 'FIFO_SRL' <Latency = 0> <II = 1> <Delay = 1.83> <Storage> <Opcode : 'read' 'write' 'nbread' 'nbwrite'> <Ports = 0> <Width = 32> <Depth = 2> <FIFO>
ST_4 : Operation 1400 [1/1] (0.00ns)   --->   "%curr_localImage_402 = extractvalue i61536 %call_ret1" [../image_analysis.cpp:259]   --->   Operation 1400 'extractvalue' 'curr_localImage_402' <Predicate = true> <Delay = 0.00> <CoreInst = "FIFO_SRL">   --->   Core 80 'FIFO_SRL' <Latency = 0> <II = 1> <Delay = 1.83> <Storage> <Opcode : 'read' 'write' 'nbread' 'nbwrite'> <Ports = 0> <Width = 32> <Depth = 2> <FIFO>
ST_4 : Operation 1401 [1/1] (0.00ns)   --->   "%curr_localImage_403 = extractvalue i61536 %call_ret1" [../image_analysis.cpp:259]   --->   Operation 1401 'extractvalue' 'curr_localImage_403' <Predicate = true> <Delay = 0.00> <CoreInst = "FIFO_SRL">   --->   Core 80 'FIFO_SRL' <Latency = 0> <II = 1> <Delay = 1.83> <Storage> <Opcode : 'read' 'write' 'nbread' 'nbwrite'> <Ports = 0> <Width = 32> <Depth = 2> <FIFO>
ST_4 : Operation 1402 [1/1] (0.00ns)   --->   "%curr_localImage_404 = extractvalue i61536 %call_ret1" [../image_analysis.cpp:259]   --->   Operation 1402 'extractvalue' 'curr_localImage_404' <Predicate = true> <Delay = 0.00> <CoreInst = "FIFO_SRL">   --->   Core 80 'FIFO_SRL' <Latency = 0> <II = 1> <Delay = 1.83> <Storage> <Opcode : 'read' 'write' 'nbread' 'nbwrite'> <Ports = 0> <Width = 32> <Depth = 2> <FIFO>
ST_4 : Operation 1403 [1/1] (0.00ns)   --->   "%curr_localImage_405 = extractvalue i61536 %call_ret1" [../image_analysis.cpp:259]   --->   Operation 1403 'extractvalue' 'curr_localImage_405' <Predicate = true> <Delay = 0.00> <CoreInst = "FIFO_SRL">   --->   Core 80 'FIFO_SRL' <Latency = 0> <II = 1> <Delay = 1.83> <Storage> <Opcode : 'read' 'write' 'nbread' 'nbwrite'> <Ports = 0> <Width = 32> <Depth = 2> <FIFO>
ST_4 : Operation 1404 [1/1] (0.00ns)   --->   "%curr_localImage_406 = extractvalue i61536 %call_ret1" [../image_analysis.cpp:259]   --->   Operation 1404 'extractvalue' 'curr_localImage_406' <Predicate = true> <Delay = 0.00> <CoreInst = "FIFO_SRL">   --->   Core 80 'FIFO_SRL' <Latency = 0> <II = 1> <Delay = 1.83> <Storage> <Opcode : 'read' 'write' 'nbread' 'nbwrite'> <Ports = 0> <Width = 32> <Depth = 2> <FIFO>
ST_4 : Operation 1405 [1/1] (0.00ns)   --->   "%curr_localImage_407 = extractvalue i61536 %call_ret1" [../image_analysis.cpp:259]   --->   Operation 1405 'extractvalue' 'curr_localImage_407' <Predicate = true> <Delay = 0.00> <CoreInst = "FIFO_SRL">   --->   Core 80 'FIFO_SRL' <Latency = 0> <II = 1> <Delay = 1.83> <Storage> <Opcode : 'read' 'write' 'nbread' 'nbwrite'> <Ports = 0> <Width = 32> <Depth = 2> <FIFO>
ST_4 : Operation 1406 [1/1] (0.00ns)   --->   "%curr_localImage_408 = extractvalue i61536 %call_ret1" [../image_analysis.cpp:259]   --->   Operation 1406 'extractvalue' 'curr_localImage_408' <Predicate = true> <Delay = 0.00> <CoreInst = "FIFO_SRL">   --->   Core 80 'FIFO_SRL' <Latency = 0> <II = 1> <Delay = 1.83> <Storage> <Opcode : 'read' 'write' 'nbread' 'nbwrite'> <Ports = 0> <Width = 32> <Depth = 2> <FIFO>
ST_4 : Operation 1407 [1/1] (0.00ns)   --->   "%curr_localImage_409 = extractvalue i61536 %call_ret1" [../image_analysis.cpp:259]   --->   Operation 1407 'extractvalue' 'curr_localImage_409' <Predicate = true> <Delay = 0.00> <CoreInst = "FIFO_SRL">   --->   Core 80 'FIFO_SRL' <Latency = 0> <II = 1> <Delay = 1.83> <Storage> <Opcode : 'read' 'write' 'nbread' 'nbwrite'> <Ports = 0> <Width = 32> <Depth = 2> <FIFO>
ST_4 : Operation 1408 [1/1] (0.00ns)   --->   "%curr_localImage_410 = extractvalue i61536 %call_ret1" [../image_analysis.cpp:259]   --->   Operation 1408 'extractvalue' 'curr_localImage_410' <Predicate = true> <Delay = 0.00> <CoreInst = "FIFO_SRL">   --->   Core 80 'FIFO_SRL' <Latency = 0> <II = 1> <Delay = 1.83> <Storage> <Opcode : 'read' 'write' 'nbread' 'nbwrite'> <Ports = 0> <Width = 32> <Depth = 2> <FIFO>
ST_4 : Operation 1409 [1/1] (0.00ns)   --->   "%curr_localImage_411 = extractvalue i61536 %call_ret1" [../image_analysis.cpp:259]   --->   Operation 1409 'extractvalue' 'curr_localImage_411' <Predicate = true> <Delay = 0.00> <CoreInst = "FIFO_SRL">   --->   Core 80 'FIFO_SRL' <Latency = 0> <II = 1> <Delay = 1.83> <Storage> <Opcode : 'read' 'write' 'nbread' 'nbwrite'> <Ports = 0> <Width = 32> <Depth = 2> <FIFO>
ST_4 : Operation 1410 [1/1] (0.00ns)   --->   "%curr_localImage_412 = extractvalue i61536 %call_ret1" [../image_analysis.cpp:259]   --->   Operation 1410 'extractvalue' 'curr_localImage_412' <Predicate = true> <Delay = 0.00> <CoreInst = "FIFO_SRL">   --->   Core 80 'FIFO_SRL' <Latency = 0> <II = 1> <Delay = 1.83> <Storage> <Opcode : 'read' 'write' 'nbread' 'nbwrite'> <Ports = 0> <Width = 32> <Depth = 2> <FIFO>
ST_4 : Operation 1411 [1/1] (0.00ns)   --->   "%curr_localImage_413 = extractvalue i61536 %call_ret1" [../image_analysis.cpp:259]   --->   Operation 1411 'extractvalue' 'curr_localImage_413' <Predicate = true> <Delay = 0.00> <CoreInst = "FIFO_SRL">   --->   Core 80 'FIFO_SRL' <Latency = 0> <II = 1> <Delay = 1.83> <Storage> <Opcode : 'read' 'write' 'nbread' 'nbwrite'> <Ports = 0> <Width = 32> <Depth = 2> <FIFO>
ST_4 : Operation 1412 [1/1] (0.00ns)   --->   "%curr_localImage_414 = extractvalue i61536 %call_ret1" [../image_analysis.cpp:259]   --->   Operation 1412 'extractvalue' 'curr_localImage_414' <Predicate = true> <Delay = 0.00> <CoreInst = "FIFO_SRL">   --->   Core 80 'FIFO_SRL' <Latency = 0> <II = 1> <Delay = 1.83> <Storage> <Opcode : 'read' 'write' 'nbread' 'nbwrite'> <Ports = 0> <Width = 32> <Depth = 2> <FIFO>
ST_4 : Operation 1413 [1/1] (0.00ns)   --->   "%curr_localImage_415 = extractvalue i61536 %call_ret1" [../image_analysis.cpp:259]   --->   Operation 1413 'extractvalue' 'curr_localImage_415' <Predicate = true> <Delay = 0.00> <CoreInst = "FIFO_SRL">   --->   Core 80 'FIFO_SRL' <Latency = 0> <II = 1> <Delay = 1.83> <Storage> <Opcode : 'read' 'write' 'nbread' 'nbwrite'> <Ports = 0> <Width = 32> <Depth = 2> <FIFO>
ST_4 : Operation 1414 [1/1] (0.00ns)   --->   "%curr_localImage_416 = extractvalue i61536 %call_ret1" [../image_analysis.cpp:259]   --->   Operation 1414 'extractvalue' 'curr_localImage_416' <Predicate = true> <Delay = 0.00> <CoreInst = "FIFO_SRL">   --->   Core 80 'FIFO_SRL' <Latency = 0> <II = 1> <Delay = 1.83> <Storage> <Opcode : 'read' 'write' 'nbread' 'nbwrite'> <Ports = 0> <Width = 32> <Depth = 2> <FIFO>
ST_4 : Operation 1415 [1/1] (0.00ns)   --->   "%curr_localImage_417 = extractvalue i61536 %call_ret1" [../image_analysis.cpp:259]   --->   Operation 1415 'extractvalue' 'curr_localImage_417' <Predicate = true> <Delay = 0.00> <CoreInst = "FIFO_SRL">   --->   Core 80 'FIFO_SRL' <Latency = 0> <II = 1> <Delay = 1.83> <Storage> <Opcode : 'read' 'write' 'nbread' 'nbwrite'> <Ports = 0> <Width = 32> <Depth = 2> <FIFO>
ST_4 : Operation 1416 [1/1] (0.00ns)   --->   "%curr_localImage_418 = extractvalue i61536 %call_ret1" [../image_analysis.cpp:259]   --->   Operation 1416 'extractvalue' 'curr_localImage_418' <Predicate = true> <Delay = 0.00> <CoreInst = "FIFO_SRL">   --->   Core 80 'FIFO_SRL' <Latency = 0> <II = 1> <Delay = 1.83> <Storage> <Opcode : 'read' 'write' 'nbread' 'nbwrite'> <Ports = 0> <Width = 32> <Depth = 2> <FIFO>
ST_4 : Operation 1417 [1/1] (0.00ns)   --->   "%curr_localImage_419 = extractvalue i61536 %call_ret1" [../image_analysis.cpp:259]   --->   Operation 1417 'extractvalue' 'curr_localImage_419' <Predicate = true> <Delay = 0.00> <CoreInst = "FIFO_SRL">   --->   Core 80 'FIFO_SRL' <Latency = 0> <II = 1> <Delay = 1.83> <Storage> <Opcode : 'read' 'write' 'nbread' 'nbwrite'> <Ports = 0> <Width = 32> <Depth = 2> <FIFO>
ST_4 : Operation 1418 [1/1] (0.00ns)   --->   "%curr_localImage_420 = extractvalue i61536 %call_ret1" [../image_analysis.cpp:259]   --->   Operation 1418 'extractvalue' 'curr_localImage_420' <Predicate = true> <Delay = 0.00> <CoreInst = "FIFO_SRL">   --->   Core 80 'FIFO_SRL' <Latency = 0> <II = 1> <Delay = 1.83> <Storage> <Opcode : 'read' 'write' 'nbread' 'nbwrite'> <Ports = 0> <Width = 32> <Depth = 2> <FIFO>
ST_4 : Operation 1419 [1/1] (0.00ns)   --->   "%curr_localImage_421 = extractvalue i61536 %call_ret1" [../image_analysis.cpp:259]   --->   Operation 1419 'extractvalue' 'curr_localImage_421' <Predicate = true> <Delay = 0.00> <CoreInst = "FIFO_SRL">   --->   Core 80 'FIFO_SRL' <Latency = 0> <II = 1> <Delay = 1.83> <Storage> <Opcode : 'read' 'write' 'nbread' 'nbwrite'> <Ports = 0> <Width = 32> <Depth = 2> <FIFO>
ST_4 : Operation 1420 [1/1] (0.00ns)   --->   "%curr_localImage_422 = extractvalue i61536 %call_ret1" [../image_analysis.cpp:259]   --->   Operation 1420 'extractvalue' 'curr_localImage_422' <Predicate = true> <Delay = 0.00> <CoreInst = "FIFO_SRL">   --->   Core 80 'FIFO_SRL' <Latency = 0> <II = 1> <Delay = 1.83> <Storage> <Opcode : 'read' 'write' 'nbread' 'nbwrite'> <Ports = 0> <Width = 32> <Depth = 2> <FIFO>
ST_4 : Operation 1421 [1/1] (0.00ns)   --->   "%curr_localImage_423 = extractvalue i61536 %call_ret1" [../image_analysis.cpp:259]   --->   Operation 1421 'extractvalue' 'curr_localImage_423' <Predicate = true> <Delay = 0.00> <CoreInst = "FIFO_SRL">   --->   Core 80 'FIFO_SRL' <Latency = 0> <II = 1> <Delay = 1.83> <Storage> <Opcode : 'read' 'write' 'nbread' 'nbwrite'> <Ports = 0> <Width = 32> <Depth = 2> <FIFO>
ST_4 : Operation 1422 [1/1] (0.00ns)   --->   "%curr_localImage_424 = extractvalue i61536 %call_ret1" [../image_analysis.cpp:259]   --->   Operation 1422 'extractvalue' 'curr_localImage_424' <Predicate = true> <Delay = 0.00> <CoreInst = "FIFO_SRL">   --->   Core 80 'FIFO_SRL' <Latency = 0> <II = 1> <Delay = 1.83> <Storage> <Opcode : 'read' 'write' 'nbread' 'nbwrite'> <Ports = 0> <Width = 32> <Depth = 2> <FIFO>
ST_4 : Operation 1423 [1/1] (0.00ns)   --->   "%curr_localImage_425 = extractvalue i61536 %call_ret1" [../image_analysis.cpp:259]   --->   Operation 1423 'extractvalue' 'curr_localImage_425' <Predicate = true> <Delay = 0.00> <CoreInst = "FIFO_SRL">   --->   Core 80 'FIFO_SRL' <Latency = 0> <II = 1> <Delay = 1.83> <Storage> <Opcode : 'read' 'write' 'nbread' 'nbwrite'> <Ports = 0> <Width = 32> <Depth = 2> <FIFO>
ST_4 : Operation 1424 [1/1] (0.00ns)   --->   "%curr_localImage_426 = extractvalue i61536 %call_ret1" [../image_analysis.cpp:259]   --->   Operation 1424 'extractvalue' 'curr_localImage_426' <Predicate = true> <Delay = 0.00> <CoreInst = "FIFO_SRL">   --->   Core 80 'FIFO_SRL' <Latency = 0> <II = 1> <Delay = 1.83> <Storage> <Opcode : 'read' 'write' 'nbread' 'nbwrite'> <Ports = 0> <Width = 32> <Depth = 2> <FIFO>
ST_4 : Operation 1425 [1/1] (0.00ns)   --->   "%curr_localImage_427 = extractvalue i61536 %call_ret1" [../image_analysis.cpp:259]   --->   Operation 1425 'extractvalue' 'curr_localImage_427' <Predicate = true> <Delay = 0.00> <CoreInst = "FIFO_SRL">   --->   Core 80 'FIFO_SRL' <Latency = 0> <II = 1> <Delay = 1.83> <Storage> <Opcode : 'read' 'write' 'nbread' 'nbwrite'> <Ports = 0> <Width = 32> <Depth = 2> <FIFO>
ST_4 : Operation 1426 [1/1] (0.00ns)   --->   "%curr_localImage_428 = extractvalue i61536 %call_ret1" [../image_analysis.cpp:259]   --->   Operation 1426 'extractvalue' 'curr_localImage_428' <Predicate = true> <Delay = 0.00> <CoreInst = "FIFO_SRL">   --->   Core 80 'FIFO_SRL' <Latency = 0> <II = 1> <Delay = 1.83> <Storage> <Opcode : 'read' 'write' 'nbread' 'nbwrite'> <Ports = 0> <Width = 32> <Depth = 2> <FIFO>
ST_4 : Operation 1427 [1/1] (0.00ns)   --->   "%curr_localImage_429 = extractvalue i61536 %call_ret1" [../image_analysis.cpp:259]   --->   Operation 1427 'extractvalue' 'curr_localImage_429' <Predicate = true> <Delay = 0.00> <CoreInst = "FIFO_SRL">   --->   Core 80 'FIFO_SRL' <Latency = 0> <II = 1> <Delay = 1.83> <Storage> <Opcode : 'read' 'write' 'nbread' 'nbwrite'> <Ports = 0> <Width = 32> <Depth = 2> <FIFO>
ST_4 : Operation 1428 [1/1] (0.00ns)   --->   "%curr_localImage_430 = extractvalue i61536 %call_ret1" [../image_analysis.cpp:259]   --->   Operation 1428 'extractvalue' 'curr_localImage_430' <Predicate = true> <Delay = 0.00> <CoreInst = "FIFO_SRL">   --->   Core 80 'FIFO_SRL' <Latency = 0> <II = 1> <Delay = 1.83> <Storage> <Opcode : 'read' 'write' 'nbread' 'nbwrite'> <Ports = 0> <Width = 32> <Depth = 2> <FIFO>
ST_4 : Operation 1429 [1/1] (0.00ns)   --->   "%curr_localImage_431 = extractvalue i61536 %call_ret1" [../image_analysis.cpp:259]   --->   Operation 1429 'extractvalue' 'curr_localImage_431' <Predicate = true> <Delay = 0.00> <CoreInst = "FIFO_SRL">   --->   Core 80 'FIFO_SRL' <Latency = 0> <II = 1> <Delay = 1.83> <Storage> <Opcode : 'read' 'write' 'nbread' 'nbwrite'> <Ports = 0> <Width = 32> <Depth = 2> <FIFO>
ST_4 : Operation 1430 [1/1] (0.00ns)   --->   "%curr_localImage_432 = extractvalue i61536 %call_ret1" [../image_analysis.cpp:259]   --->   Operation 1430 'extractvalue' 'curr_localImage_432' <Predicate = true> <Delay = 0.00> <CoreInst = "FIFO_SRL">   --->   Core 80 'FIFO_SRL' <Latency = 0> <II = 1> <Delay = 1.83> <Storage> <Opcode : 'read' 'write' 'nbread' 'nbwrite'> <Ports = 0> <Width = 32> <Depth = 2> <FIFO>
ST_4 : Operation 1431 [1/1] (0.00ns)   --->   "%curr_localImage_433 = extractvalue i61536 %call_ret1" [../image_analysis.cpp:259]   --->   Operation 1431 'extractvalue' 'curr_localImage_433' <Predicate = true> <Delay = 0.00> <CoreInst = "FIFO_SRL">   --->   Core 80 'FIFO_SRL' <Latency = 0> <II = 1> <Delay = 1.83> <Storage> <Opcode : 'read' 'write' 'nbread' 'nbwrite'> <Ports = 0> <Width = 32> <Depth = 2> <FIFO>
ST_4 : Operation 1432 [1/1] (0.00ns)   --->   "%curr_localImage_434 = extractvalue i61536 %call_ret1" [../image_analysis.cpp:259]   --->   Operation 1432 'extractvalue' 'curr_localImage_434' <Predicate = true> <Delay = 0.00> <CoreInst = "FIFO_SRL">   --->   Core 80 'FIFO_SRL' <Latency = 0> <II = 1> <Delay = 1.83> <Storage> <Opcode : 'read' 'write' 'nbread' 'nbwrite'> <Ports = 0> <Width = 32> <Depth = 2> <FIFO>
ST_4 : Operation 1433 [1/1] (0.00ns)   --->   "%curr_localImage_435 = extractvalue i61536 %call_ret1" [../image_analysis.cpp:259]   --->   Operation 1433 'extractvalue' 'curr_localImage_435' <Predicate = true> <Delay = 0.00> <CoreInst = "FIFO_SRL">   --->   Core 80 'FIFO_SRL' <Latency = 0> <II = 1> <Delay = 1.83> <Storage> <Opcode : 'read' 'write' 'nbread' 'nbwrite'> <Ports = 0> <Width = 32> <Depth = 2> <FIFO>
ST_4 : Operation 1434 [1/1] (0.00ns)   --->   "%curr_localImage_436 = extractvalue i61536 %call_ret1" [../image_analysis.cpp:259]   --->   Operation 1434 'extractvalue' 'curr_localImage_436' <Predicate = true> <Delay = 0.00> <CoreInst = "FIFO_SRL">   --->   Core 80 'FIFO_SRL' <Latency = 0> <II = 1> <Delay = 1.83> <Storage> <Opcode : 'read' 'write' 'nbread' 'nbwrite'> <Ports = 0> <Width = 32> <Depth = 2> <FIFO>
ST_4 : Operation 1435 [1/1] (0.00ns)   --->   "%curr_localImage_437 = extractvalue i61536 %call_ret1" [../image_analysis.cpp:259]   --->   Operation 1435 'extractvalue' 'curr_localImage_437' <Predicate = true> <Delay = 0.00> <CoreInst = "FIFO_SRL">   --->   Core 80 'FIFO_SRL' <Latency = 0> <II = 1> <Delay = 1.83> <Storage> <Opcode : 'read' 'write' 'nbread' 'nbwrite'> <Ports = 0> <Width = 32> <Depth = 2> <FIFO>
ST_4 : Operation 1436 [1/1] (0.00ns)   --->   "%curr_localImage_438 = extractvalue i61536 %call_ret1" [../image_analysis.cpp:259]   --->   Operation 1436 'extractvalue' 'curr_localImage_438' <Predicate = true> <Delay = 0.00> <CoreInst = "FIFO_SRL">   --->   Core 80 'FIFO_SRL' <Latency = 0> <II = 1> <Delay = 1.83> <Storage> <Opcode : 'read' 'write' 'nbread' 'nbwrite'> <Ports = 0> <Width = 32> <Depth = 2> <FIFO>
ST_4 : Operation 1437 [1/1] (0.00ns)   --->   "%curr_localImage_439 = extractvalue i61536 %call_ret1" [../image_analysis.cpp:259]   --->   Operation 1437 'extractvalue' 'curr_localImage_439' <Predicate = true> <Delay = 0.00> <CoreInst = "FIFO_SRL">   --->   Core 80 'FIFO_SRL' <Latency = 0> <II = 1> <Delay = 1.83> <Storage> <Opcode : 'read' 'write' 'nbread' 'nbwrite'> <Ports = 0> <Width = 32> <Depth = 2> <FIFO>
ST_4 : Operation 1438 [1/1] (0.00ns)   --->   "%curr_localImage_440 = extractvalue i61536 %call_ret1" [../image_analysis.cpp:259]   --->   Operation 1438 'extractvalue' 'curr_localImage_440' <Predicate = true> <Delay = 0.00> <CoreInst = "FIFO_SRL">   --->   Core 80 'FIFO_SRL' <Latency = 0> <II = 1> <Delay = 1.83> <Storage> <Opcode : 'read' 'write' 'nbread' 'nbwrite'> <Ports = 0> <Width = 32> <Depth = 2> <FIFO>
ST_4 : Operation 1439 [1/1] (0.00ns)   --->   "%curr_localImage_441 = extractvalue i61536 %call_ret1" [../image_analysis.cpp:259]   --->   Operation 1439 'extractvalue' 'curr_localImage_441' <Predicate = true> <Delay = 0.00> <CoreInst = "FIFO_SRL">   --->   Core 80 'FIFO_SRL' <Latency = 0> <II = 1> <Delay = 1.83> <Storage> <Opcode : 'read' 'write' 'nbread' 'nbwrite'> <Ports = 0> <Width = 32> <Depth = 2> <FIFO>
ST_4 : Operation 1440 [1/1] (0.00ns)   --->   "%curr_localImage_442 = extractvalue i61536 %call_ret1" [../image_analysis.cpp:259]   --->   Operation 1440 'extractvalue' 'curr_localImage_442' <Predicate = true> <Delay = 0.00> <CoreInst = "FIFO_SRL">   --->   Core 80 'FIFO_SRL' <Latency = 0> <II = 1> <Delay = 1.83> <Storage> <Opcode : 'read' 'write' 'nbread' 'nbwrite'> <Ports = 0> <Width = 32> <Depth = 2> <FIFO>
ST_4 : Operation 1441 [1/1] (0.00ns)   --->   "%curr_localImage_443 = extractvalue i61536 %call_ret1" [../image_analysis.cpp:259]   --->   Operation 1441 'extractvalue' 'curr_localImage_443' <Predicate = true> <Delay = 0.00> <CoreInst = "FIFO_SRL">   --->   Core 80 'FIFO_SRL' <Latency = 0> <II = 1> <Delay = 1.83> <Storage> <Opcode : 'read' 'write' 'nbread' 'nbwrite'> <Ports = 0> <Width = 32> <Depth = 2> <FIFO>
ST_4 : Operation 1442 [1/1] (0.00ns)   --->   "%curr_localImage_444 = extractvalue i61536 %call_ret1" [../image_analysis.cpp:259]   --->   Operation 1442 'extractvalue' 'curr_localImage_444' <Predicate = true> <Delay = 0.00> <CoreInst = "FIFO_SRL">   --->   Core 80 'FIFO_SRL' <Latency = 0> <II = 1> <Delay = 1.83> <Storage> <Opcode : 'read' 'write' 'nbread' 'nbwrite'> <Ports = 0> <Width = 32> <Depth = 2> <FIFO>
ST_4 : Operation 1443 [1/1] (0.00ns)   --->   "%curr_localImage_445 = extractvalue i61536 %call_ret1" [../image_analysis.cpp:259]   --->   Operation 1443 'extractvalue' 'curr_localImage_445' <Predicate = true> <Delay = 0.00> <CoreInst = "FIFO_SRL">   --->   Core 80 'FIFO_SRL' <Latency = 0> <II = 1> <Delay = 1.83> <Storage> <Opcode : 'read' 'write' 'nbread' 'nbwrite'> <Ports = 0> <Width = 32> <Depth = 2> <FIFO>
ST_4 : Operation 1444 [1/1] (0.00ns)   --->   "%curr_localImage_446 = extractvalue i61536 %call_ret1" [../image_analysis.cpp:259]   --->   Operation 1444 'extractvalue' 'curr_localImage_446' <Predicate = true> <Delay = 0.00> <CoreInst = "FIFO_SRL">   --->   Core 80 'FIFO_SRL' <Latency = 0> <II = 1> <Delay = 1.83> <Storage> <Opcode : 'read' 'write' 'nbread' 'nbwrite'> <Ports = 0> <Width = 32> <Depth = 2> <FIFO>
ST_4 : Operation 1445 [1/1] (0.00ns)   --->   "%curr_localImage_447 = extractvalue i61536 %call_ret1" [../image_analysis.cpp:259]   --->   Operation 1445 'extractvalue' 'curr_localImage_447' <Predicate = true> <Delay = 0.00> <CoreInst = "FIFO_SRL">   --->   Core 80 'FIFO_SRL' <Latency = 0> <II = 1> <Delay = 1.83> <Storage> <Opcode : 'read' 'write' 'nbread' 'nbwrite'> <Ports = 0> <Width = 32> <Depth = 2> <FIFO>
ST_4 : Operation 1446 [1/1] (0.00ns)   --->   "%curr_localImage_448 = extractvalue i61536 %call_ret1" [../image_analysis.cpp:259]   --->   Operation 1446 'extractvalue' 'curr_localImage_448' <Predicate = true> <Delay = 0.00> <CoreInst = "FIFO_SRL">   --->   Core 80 'FIFO_SRL' <Latency = 0> <II = 1> <Delay = 1.83> <Storage> <Opcode : 'read' 'write' 'nbread' 'nbwrite'> <Ports = 0> <Width = 32> <Depth = 2> <FIFO>
ST_4 : Operation 1447 [1/1] (0.00ns)   --->   "%curr_localImage_449 = extractvalue i61536 %call_ret1" [../image_analysis.cpp:259]   --->   Operation 1447 'extractvalue' 'curr_localImage_449' <Predicate = true> <Delay = 0.00> <CoreInst = "FIFO_SRL">   --->   Core 80 'FIFO_SRL' <Latency = 0> <II = 1> <Delay = 1.83> <Storage> <Opcode : 'read' 'write' 'nbread' 'nbwrite'> <Ports = 0> <Width = 32> <Depth = 2> <FIFO>
ST_4 : Operation 1448 [1/1] (0.00ns)   --->   "%curr_localImage_450 = extractvalue i61536 %call_ret1" [../image_analysis.cpp:259]   --->   Operation 1448 'extractvalue' 'curr_localImage_450' <Predicate = true> <Delay = 0.00> <CoreInst = "FIFO_SRL">   --->   Core 80 'FIFO_SRL' <Latency = 0> <II = 1> <Delay = 1.83> <Storage> <Opcode : 'read' 'write' 'nbread' 'nbwrite'> <Ports = 0> <Width = 32> <Depth = 2> <FIFO>
ST_4 : Operation 1449 [1/1] (0.00ns)   --->   "%curr_localImage_451 = extractvalue i61536 %call_ret1" [../image_analysis.cpp:259]   --->   Operation 1449 'extractvalue' 'curr_localImage_451' <Predicate = true> <Delay = 0.00> <CoreInst = "FIFO_SRL">   --->   Core 80 'FIFO_SRL' <Latency = 0> <II = 1> <Delay = 1.83> <Storage> <Opcode : 'read' 'write' 'nbread' 'nbwrite'> <Ports = 0> <Width = 32> <Depth = 2> <FIFO>
ST_4 : Operation 1450 [1/1] (0.00ns)   --->   "%curr_localImage_452 = extractvalue i61536 %call_ret1" [../image_analysis.cpp:259]   --->   Operation 1450 'extractvalue' 'curr_localImage_452' <Predicate = true> <Delay = 0.00> <CoreInst = "FIFO_SRL">   --->   Core 80 'FIFO_SRL' <Latency = 0> <II = 1> <Delay = 1.83> <Storage> <Opcode : 'read' 'write' 'nbread' 'nbwrite'> <Ports = 0> <Width = 32> <Depth = 2> <FIFO>
ST_4 : Operation 1451 [1/1] (0.00ns)   --->   "%curr_localImage_453 = extractvalue i61536 %call_ret1" [../image_analysis.cpp:259]   --->   Operation 1451 'extractvalue' 'curr_localImage_453' <Predicate = true> <Delay = 0.00> <CoreInst = "FIFO_SRL">   --->   Core 80 'FIFO_SRL' <Latency = 0> <II = 1> <Delay = 1.83> <Storage> <Opcode : 'read' 'write' 'nbread' 'nbwrite'> <Ports = 0> <Width = 32> <Depth = 2> <FIFO>
ST_4 : Operation 1452 [1/1] (0.00ns)   --->   "%curr_localImage_454 = extractvalue i61536 %call_ret1" [../image_analysis.cpp:259]   --->   Operation 1452 'extractvalue' 'curr_localImage_454' <Predicate = true> <Delay = 0.00> <CoreInst = "FIFO_SRL">   --->   Core 80 'FIFO_SRL' <Latency = 0> <II = 1> <Delay = 1.83> <Storage> <Opcode : 'read' 'write' 'nbread' 'nbwrite'> <Ports = 0> <Width = 32> <Depth = 2> <FIFO>
ST_4 : Operation 1453 [1/1] (0.00ns)   --->   "%curr_localImage_455 = extractvalue i61536 %call_ret1" [../image_analysis.cpp:259]   --->   Operation 1453 'extractvalue' 'curr_localImage_455' <Predicate = true> <Delay = 0.00> <CoreInst = "FIFO_SRL">   --->   Core 80 'FIFO_SRL' <Latency = 0> <II = 1> <Delay = 1.83> <Storage> <Opcode : 'read' 'write' 'nbread' 'nbwrite'> <Ports = 0> <Width = 32> <Depth = 2> <FIFO>
ST_4 : Operation 1454 [1/1] (0.00ns)   --->   "%curr_localImage_456 = extractvalue i61536 %call_ret1" [../image_analysis.cpp:259]   --->   Operation 1454 'extractvalue' 'curr_localImage_456' <Predicate = true> <Delay = 0.00> <CoreInst = "FIFO_SRL">   --->   Core 80 'FIFO_SRL' <Latency = 0> <II = 1> <Delay = 1.83> <Storage> <Opcode : 'read' 'write' 'nbread' 'nbwrite'> <Ports = 0> <Width = 32> <Depth = 2> <FIFO>
ST_4 : Operation 1455 [1/1] (0.00ns)   --->   "%curr_localImage_457 = extractvalue i61536 %call_ret1" [../image_analysis.cpp:259]   --->   Operation 1455 'extractvalue' 'curr_localImage_457' <Predicate = true> <Delay = 0.00> <CoreInst = "FIFO_SRL">   --->   Core 80 'FIFO_SRL' <Latency = 0> <II = 1> <Delay = 1.83> <Storage> <Opcode : 'read' 'write' 'nbread' 'nbwrite'> <Ports = 0> <Width = 32> <Depth = 2> <FIFO>
ST_4 : Operation 1456 [1/1] (0.00ns)   --->   "%curr_localImage_458 = extractvalue i61536 %call_ret1" [../image_analysis.cpp:259]   --->   Operation 1456 'extractvalue' 'curr_localImage_458' <Predicate = true> <Delay = 0.00> <CoreInst = "FIFO_SRL">   --->   Core 80 'FIFO_SRL' <Latency = 0> <II = 1> <Delay = 1.83> <Storage> <Opcode : 'read' 'write' 'nbread' 'nbwrite'> <Ports = 0> <Width = 32> <Depth = 2> <FIFO>
ST_4 : Operation 1457 [1/1] (0.00ns)   --->   "%curr_localImage_459 = extractvalue i61536 %call_ret1" [../image_analysis.cpp:259]   --->   Operation 1457 'extractvalue' 'curr_localImage_459' <Predicate = true> <Delay = 0.00> <CoreInst = "FIFO_SRL">   --->   Core 80 'FIFO_SRL' <Latency = 0> <II = 1> <Delay = 1.83> <Storage> <Opcode : 'read' 'write' 'nbread' 'nbwrite'> <Ports = 0> <Width = 32> <Depth = 2> <FIFO>
ST_4 : Operation 1458 [1/1] (0.00ns)   --->   "%curr_localImage_460 = extractvalue i61536 %call_ret1" [../image_analysis.cpp:259]   --->   Operation 1458 'extractvalue' 'curr_localImage_460' <Predicate = true> <Delay = 0.00> <CoreInst = "FIFO_SRL">   --->   Core 80 'FIFO_SRL' <Latency = 0> <II = 1> <Delay = 1.83> <Storage> <Opcode : 'read' 'write' 'nbread' 'nbwrite'> <Ports = 0> <Width = 32> <Depth = 2> <FIFO>
ST_4 : Operation 1459 [1/1] (0.00ns)   --->   "%curr_localImage_461 = extractvalue i61536 %call_ret1" [../image_analysis.cpp:259]   --->   Operation 1459 'extractvalue' 'curr_localImage_461' <Predicate = true> <Delay = 0.00> <CoreInst = "FIFO_SRL">   --->   Core 80 'FIFO_SRL' <Latency = 0> <II = 1> <Delay = 1.83> <Storage> <Opcode : 'read' 'write' 'nbread' 'nbwrite'> <Ports = 0> <Width = 32> <Depth = 2> <FIFO>
ST_4 : Operation 1460 [1/1] (0.00ns)   --->   "%curr_localImage_462 = extractvalue i61536 %call_ret1" [../image_analysis.cpp:259]   --->   Operation 1460 'extractvalue' 'curr_localImage_462' <Predicate = true> <Delay = 0.00> <CoreInst = "FIFO_SRL">   --->   Core 80 'FIFO_SRL' <Latency = 0> <II = 1> <Delay = 1.83> <Storage> <Opcode : 'read' 'write' 'nbread' 'nbwrite'> <Ports = 0> <Width = 32> <Depth = 2> <FIFO>
ST_4 : Operation 1461 [1/1] (0.00ns)   --->   "%curr_localImage_463 = extractvalue i61536 %call_ret1" [../image_analysis.cpp:259]   --->   Operation 1461 'extractvalue' 'curr_localImage_463' <Predicate = true> <Delay = 0.00> <CoreInst = "FIFO_SRL">   --->   Core 80 'FIFO_SRL' <Latency = 0> <II = 1> <Delay = 1.83> <Storage> <Opcode : 'read' 'write' 'nbread' 'nbwrite'> <Ports = 0> <Width = 32> <Depth = 2> <FIFO>
ST_4 : Operation 1462 [1/1] (0.00ns)   --->   "%curr_localImage_464 = extractvalue i61536 %call_ret1" [../image_analysis.cpp:259]   --->   Operation 1462 'extractvalue' 'curr_localImage_464' <Predicate = true> <Delay = 0.00> <CoreInst = "FIFO_SRL">   --->   Core 80 'FIFO_SRL' <Latency = 0> <II = 1> <Delay = 1.83> <Storage> <Opcode : 'read' 'write' 'nbread' 'nbwrite'> <Ports = 0> <Width = 32> <Depth = 2> <FIFO>
ST_4 : Operation 1463 [1/1] (0.00ns)   --->   "%curr_localImage_465 = extractvalue i61536 %call_ret1" [../image_analysis.cpp:259]   --->   Operation 1463 'extractvalue' 'curr_localImage_465' <Predicate = true> <Delay = 0.00> <CoreInst = "FIFO_SRL">   --->   Core 80 'FIFO_SRL' <Latency = 0> <II = 1> <Delay = 1.83> <Storage> <Opcode : 'read' 'write' 'nbread' 'nbwrite'> <Ports = 0> <Width = 32> <Depth = 2> <FIFO>
ST_4 : Operation 1464 [1/1] (0.00ns)   --->   "%curr_localImage_466 = extractvalue i61536 %call_ret1" [../image_analysis.cpp:259]   --->   Operation 1464 'extractvalue' 'curr_localImage_466' <Predicate = true> <Delay = 0.00> <CoreInst = "FIFO_SRL">   --->   Core 80 'FIFO_SRL' <Latency = 0> <II = 1> <Delay = 1.83> <Storage> <Opcode : 'read' 'write' 'nbread' 'nbwrite'> <Ports = 0> <Width = 32> <Depth = 2> <FIFO>
ST_4 : Operation 1465 [1/1] (0.00ns)   --->   "%curr_localImage_467 = extractvalue i61536 %call_ret1" [../image_analysis.cpp:259]   --->   Operation 1465 'extractvalue' 'curr_localImage_467' <Predicate = true> <Delay = 0.00> <CoreInst = "FIFO_SRL">   --->   Core 80 'FIFO_SRL' <Latency = 0> <II = 1> <Delay = 1.83> <Storage> <Opcode : 'read' 'write' 'nbread' 'nbwrite'> <Ports = 0> <Width = 32> <Depth = 2> <FIFO>
ST_4 : Operation 1466 [1/1] (0.00ns)   --->   "%curr_localImage_468 = extractvalue i61536 %call_ret1" [../image_analysis.cpp:259]   --->   Operation 1466 'extractvalue' 'curr_localImage_468' <Predicate = true> <Delay = 0.00> <CoreInst = "FIFO_SRL">   --->   Core 80 'FIFO_SRL' <Latency = 0> <II = 1> <Delay = 1.83> <Storage> <Opcode : 'read' 'write' 'nbread' 'nbwrite'> <Ports = 0> <Width = 32> <Depth = 2> <FIFO>
ST_4 : Operation 1467 [1/1] (0.00ns)   --->   "%curr_localImage_469 = extractvalue i61536 %call_ret1" [../image_analysis.cpp:259]   --->   Operation 1467 'extractvalue' 'curr_localImage_469' <Predicate = true> <Delay = 0.00> <CoreInst = "FIFO_SRL">   --->   Core 80 'FIFO_SRL' <Latency = 0> <II = 1> <Delay = 1.83> <Storage> <Opcode : 'read' 'write' 'nbread' 'nbwrite'> <Ports = 0> <Width = 32> <Depth = 2> <FIFO>
ST_4 : Operation 1468 [1/1] (0.00ns)   --->   "%curr_localImage_470 = extractvalue i61536 %call_ret1" [../image_analysis.cpp:259]   --->   Operation 1468 'extractvalue' 'curr_localImage_470' <Predicate = true> <Delay = 0.00> <CoreInst = "FIFO_SRL">   --->   Core 80 'FIFO_SRL' <Latency = 0> <II = 1> <Delay = 1.83> <Storage> <Opcode : 'read' 'write' 'nbread' 'nbwrite'> <Ports = 0> <Width = 32> <Depth = 2> <FIFO>
ST_4 : Operation 1469 [1/1] (0.00ns)   --->   "%curr_localImage_471 = extractvalue i61536 %call_ret1" [../image_analysis.cpp:259]   --->   Operation 1469 'extractvalue' 'curr_localImage_471' <Predicate = true> <Delay = 0.00> <CoreInst = "FIFO_SRL">   --->   Core 80 'FIFO_SRL' <Latency = 0> <II = 1> <Delay = 1.83> <Storage> <Opcode : 'read' 'write' 'nbread' 'nbwrite'> <Ports = 0> <Width = 32> <Depth = 2> <FIFO>
ST_4 : Operation 1470 [1/1] (0.00ns)   --->   "%curr_localImage_472 = extractvalue i61536 %call_ret1" [../image_analysis.cpp:259]   --->   Operation 1470 'extractvalue' 'curr_localImage_472' <Predicate = true> <Delay = 0.00> <CoreInst = "FIFO_SRL">   --->   Core 80 'FIFO_SRL' <Latency = 0> <II = 1> <Delay = 1.83> <Storage> <Opcode : 'read' 'write' 'nbread' 'nbwrite'> <Ports = 0> <Width = 32> <Depth = 2> <FIFO>
ST_4 : Operation 1471 [1/1] (0.00ns)   --->   "%curr_localImage_473 = extractvalue i61536 %call_ret1" [../image_analysis.cpp:259]   --->   Operation 1471 'extractvalue' 'curr_localImage_473' <Predicate = true> <Delay = 0.00> <CoreInst = "FIFO_SRL">   --->   Core 80 'FIFO_SRL' <Latency = 0> <II = 1> <Delay = 1.83> <Storage> <Opcode : 'read' 'write' 'nbread' 'nbwrite'> <Ports = 0> <Width = 32> <Depth = 2> <FIFO>
ST_4 : Operation 1472 [1/1] (0.00ns)   --->   "%curr_localImage_474 = extractvalue i61536 %call_ret1" [../image_analysis.cpp:259]   --->   Operation 1472 'extractvalue' 'curr_localImage_474' <Predicate = true> <Delay = 0.00> <CoreInst = "FIFO_SRL">   --->   Core 80 'FIFO_SRL' <Latency = 0> <II = 1> <Delay = 1.83> <Storage> <Opcode : 'read' 'write' 'nbread' 'nbwrite'> <Ports = 0> <Width = 32> <Depth = 2> <FIFO>
ST_4 : Operation 1473 [1/1] (0.00ns)   --->   "%curr_localImage_475 = extractvalue i61536 %call_ret1" [../image_analysis.cpp:259]   --->   Operation 1473 'extractvalue' 'curr_localImage_475' <Predicate = true> <Delay = 0.00> <CoreInst = "FIFO_SRL">   --->   Core 80 'FIFO_SRL' <Latency = 0> <II = 1> <Delay = 1.83> <Storage> <Opcode : 'read' 'write' 'nbread' 'nbwrite'> <Ports = 0> <Width = 32> <Depth = 2> <FIFO>
ST_4 : Operation 1474 [1/1] (0.00ns)   --->   "%curr_localImage_476 = extractvalue i61536 %call_ret1" [../image_analysis.cpp:259]   --->   Operation 1474 'extractvalue' 'curr_localImage_476' <Predicate = true> <Delay = 0.00> <CoreInst = "FIFO_SRL">   --->   Core 80 'FIFO_SRL' <Latency = 0> <II = 1> <Delay = 1.83> <Storage> <Opcode : 'read' 'write' 'nbread' 'nbwrite'> <Ports = 0> <Width = 32> <Depth = 2> <FIFO>
ST_4 : Operation 1475 [1/1] (0.00ns)   --->   "%curr_localImage_477 = extractvalue i61536 %call_ret1" [../image_analysis.cpp:259]   --->   Operation 1475 'extractvalue' 'curr_localImage_477' <Predicate = true> <Delay = 0.00> <CoreInst = "FIFO_SRL">   --->   Core 80 'FIFO_SRL' <Latency = 0> <II = 1> <Delay = 1.83> <Storage> <Opcode : 'read' 'write' 'nbread' 'nbwrite'> <Ports = 0> <Width = 32> <Depth = 2> <FIFO>
ST_4 : Operation 1476 [1/1] (0.00ns)   --->   "%curr_localImage_478 = extractvalue i61536 %call_ret1" [../image_analysis.cpp:259]   --->   Operation 1476 'extractvalue' 'curr_localImage_478' <Predicate = true> <Delay = 0.00> <CoreInst = "FIFO_SRL">   --->   Core 80 'FIFO_SRL' <Latency = 0> <II = 1> <Delay = 1.83> <Storage> <Opcode : 'read' 'write' 'nbread' 'nbwrite'> <Ports = 0> <Width = 32> <Depth = 2> <FIFO>
ST_4 : Operation 1477 [1/1] (0.00ns)   --->   "%curr_localImage_479 = extractvalue i61536 %call_ret1" [../image_analysis.cpp:259]   --->   Operation 1477 'extractvalue' 'curr_localImage_479' <Predicate = true> <Delay = 0.00> <CoreInst = "FIFO_SRL">   --->   Core 80 'FIFO_SRL' <Latency = 0> <II = 1> <Delay = 1.83> <Storage> <Opcode : 'read' 'write' 'nbread' 'nbwrite'> <Ports = 0> <Width = 32> <Depth = 2> <FIFO>
ST_4 : Operation 1478 [1/1] (0.00ns)   --->   "%curr_localImage_480 = extractvalue i61536 %call_ret1" [../image_analysis.cpp:259]   --->   Operation 1478 'extractvalue' 'curr_localImage_480' <Predicate = true> <Delay = 0.00> <CoreInst = "FIFO_SRL">   --->   Core 80 'FIFO_SRL' <Latency = 0> <II = 1> <Delay = 1.83> <Storage> <Opcode : 'read' 'write' 'nbread' 'nbwrite'> <Ports = 0> <Width = 32> <Depth = 2> <FIFO>
ST_4 : Operation 1479 [1/1] (0.00ns)   --->   "%curr_localImage_481 = extractvalue i61536 %call_ret1" [../image_analysis.cpp:259]   --->   Operation 1479 'extractvalue' 'curr_localImage_481' <Predicate = true> <Delay = 0.00> <CoreInst = "FIFO_SRL">   --->   Core 80 'FIFO_SRL' <Latency = 0> <II = 1> <Delay = 1.83> <Storage> <Opcode : 'read' 'write' 'nbread' 'nbwrite'> <Ports = 0> <Width = 32> <Depth = 2> <FIFO>
ST_4 : Operation 1480 [1/1] (0.00ns)   --->   "%curr_localImage_482 = extractvalue i61536 %call_ret1" [../image_analysis.cpp:259]   --->   Operation 1480 'extractvalue' 'curr_localImage_482' <Predicate = true> <Delay = 0.00> <CoreInst = "FIFO_SRL">   --->   Core 80 'FIFO_SRL' <Latency = 0> <II = 1> <Delay = 1.83> <Storage> <Opcode : 'read' 'write' 'nbread' 'nbwrite'> <Ports = 0> <Width = 32> <Depth = 2> <FIFO>
ST_4 : Operation 1481 [1/1] (0.00ns)   --->   "%curr_localImage_483 = extractvalue i61536 %call_ret1" [../image_analysis.cpp:259]   --->   Operation 1481 'extractvalue' 'curr_localImage_483' <Predicate = true> <Delay = 0.00> <CoreInst = "FIFO_SRL">   --->   Core 80 'FIFO_SRL' <Latency = 0> <II = 1> <Delay = 1.83> <Storage> <Opcode : 'read' 'write' 'nbread' 'nbwrite'> <Ports = 0> <Width = 32> <Depth = 2> <FIFO>
ST_4 : Operation 1482 [1/1] (0.00ns)   --->   "%curr_localImage_484 = extractvalue i61536 %call_ret1" [../image_analysis.cpp:259]   --->   Operation 1482 'extractvalue' 'curr_localImage_484' <Predicate = true> <Delay = 0.00> <CoreInst = "FIFO_SRL">   --->   Core 80 'FIFO_SRL' <Latency = 0> <II = 1> <Delay = 1.83> <Storage> <Opcode : 'read' 'write' 'nbread' 'nbwrite'> <Ports = 0> <Width = 32> <Depth = 2> <FIFO>
ST_4 : Operation 1483 [1/1] (0.00ns)   --->   "%curr_localImage_485 = extractvalue i61536 %call_ret1" [../image_analysis.cpp:259]   --->   Operation 1483 'extractvalue' 'curr_localImage_485' <Predicate = true> <Delay = 0.00> <CoreInst = "FIFO_SRL">   --->   Core 80 'FIFO_SRL' <Latency = 0> <II = 1> <Delay = 1.83> <Storage> <Opcode : 'read' 'write' 'nbread' 'nbwrite'> <Ports = 0> <Width = 32> <Depth = 2> <FIFO>
ST_4 : Operation 1484 [1/1] (0.00ns)   --->   "%curr_localImage_486 = extractvalue i61536 %call_ret1" [../image_analysis.cpp:259]   --->   Operation 1484 'extractvalue' 'curr_localImage_486' <Predicate = true> <Delay = 0.00> <CoreInst = "FIFO_SRL">   --->   Core 80 'FIFO_SRL' <Latency = 0> <II = 1> <Delay = 1.83> <Storage> <Opcode : 'read' 'write' 'nbread' 'nbwrite'> <Ports = 0> <Width = 32> <Depth = 2> <FIFO>
ST_4 : Operation 1485 [1/1] (0.00ns)   --->   "%curr_localImage_487 = extractvalue i61536 %call_ret1" [../image_analysis.cpp:259]   --->   Operation 1485 'extractvalue' 'curr_localImage_487' <Predicate = true> <Delay = 0.00> <CoreInst = "FIFO_SRL">   --->   Core 80 'FIFO_SRL' <Latency = 0> <II = 1> <Delay = 1.83> <Storage> <Opcode : 'read' 'write' 'nbread' 'nbwrite'> <Ports = 0> <Width = 32> <Depth = 2> <FIFO>
ST_4 : Operation 1486 [1/1] (0.00ns)   --->   "%curr_localImage_488 = extractvalue i61536 %call_ret1" [../image_analysis.cpp:259]   --->   Operation 1486 'extractvalue' 'curr_localImage_488' <Predicate = true> <Delay = 0.00> <CoreInst = "FIFO_SRL">   --->   Core 80 'FIFO_SRL' <Latency = 0> <II = 1> <Delay = 1.83> <Storage> <Opcode : 'read' 'write' 'nbread' 'nbwrite'> <Ports = 0> <Width = 32> <Depth = 2> <FIFO>
ST_4 : Operation 1487 [1/1] (0.00ns)   --->   "%curr_localImage_489 = extractvalue i61536 %call_ret1" [../image_analysis.cpp:259]   --->   Operation 1487 'extractvalue' 'curr_localImage_489' <Predicate = true> <Delay = 0.00> <CoreInst = "FIFO_SRL">   --->   Core 80 'FIFO_SRL' <Latency = 0> <II = 1> <Delay = 1.83> <Storage> <Opcode : 'read' 'write' 'nbread' 'nbwrite'> <Ports = 0> <Width = 32> <Depth = 2> <FIFO>
ST_4 : Operation 1488 [1/1] (0.00ns)   --->   "%curr_localImage_490 = extractvalue i61536 %call_ret1" [../image_analysis.cpp:259]   --->   Operation 1488 'extractvalue' 'curr_localImage_490' <Predicate = true> <Delay = 0.00> <CoreInst = "FIFO_SRL">   --->   Core 80 'FIFO_SRL' <Latency = 0> <II = 1> <Delay = 1.83> <Storage> <Opcode : 'read' 'write' 'nbread' 'nbwrite'> <Ports = 0> <Width = 32> <Depth = 2> <FIFO>
ST_4 : Operation 1489 [1/1] (0.00ns)   --->   "%curr_localImage_491 = extractvalue i61536 %call_ret1" [../image_analysis.cpp:259]   --->   Operation 1489 'extractvalue' 'curr_localImage_491' <Predicate = true> <Delay = 0.00> <CoreInst = "FIFO_SRL">   --->   Core 80 'FIFO_SRL' <Latency = 0> <II = 1> <Delay = 1.83> <Storage> <Opcode : 'read' 'write' 'nbread' 'nbwrite'> <Ports = 0> <Width = 32> <Depth = 2> <FIFO>
ST_4 : Operation 1490 [1/1] (0.00ns)   --->   "%curr_localImage_492 = extractvalue i61536 %call_ret1" [../image_analysis.cpp:259]   --->   Operation 1490 'extractvalue' 'curr_localImage_492' <Predicate = true> <Delay = 0.00> <CoreInst = "FIFO_SRL">   --->   Core 80 'FIFO_SRL' <Latency = 0> <II = 1> <Delay = 1.83> <Storage> <Opcode : 'read' 'write' 'nbread' 'nbwrite'> <Ports = 0> <Width = 32> <Depth = 2> <FIFO>
ST_4 : Operation 1491 [1/1] (0.00ns)   --->   "%curr_localImage_493 = extractvalue i61536 %call_ret1" [../image_analysis.cpp:259]   --->   Operation 1491 'extractvalue' 'curr_localImage_493' <Predicate = true> <Delay = 0.00> <CoreInst = "FIFO_SRL">   --->   Core 80 'FIFO_SRL' <Latency = 0> <II = 1> <Delay = 1.83> <Storage> <Opcode : 'read' 'write' 'nbread' 'nbwrite'> <Ports = 0> <Width = 32> <Depth = 2> <FIFO>
ST_4 : Operation 1492 [1/1] (0.00ns)   --->   "%curr_localImage_494 = extractvalue i61536 %call_ret1" [../image_analysis.cpp:259]   --->   Operation 1492 'extractvalue' 'curr_localImage_494' <Predicate = true> <Delay = 0.00> <CoreInst = "FIFO_SRL">   --->   Core 80 'FIFO_SRL' <Latency = 0> <II = 1> <Delay = 1.83> <Storage> <Opcode : 'read' 'write' 'nbread' 'nbwrite'> <Ports = 0> <Width = 32> <Depth = 2> <FIFO>
ST_4 : Operation 1493 [1/1] (0.00ns)   --->   "%curr_localImage_495 = extractvalue i61536 %call_ret1" [../image_analysis.cpp:259]   --->   Operation 1493 'extractvalue' 'curr_localImage_495' <Predicate = true> <Delay = 0.00> <CoreInst = "FIFO_SRL">   --->   Core 80 'FIFO_SRL' <Latency = 0> <II = 1> <Delay = 1.83> <Storage> <Opcode : 'read' 'write' 'nbread' 'nbwrite'> <Ports = 0> <Width = 32> <Depth = 2> <FIFO>
ST_4 : Operation 1494 [1/1] (0.00ns)   --->   "%curr_localImage_496 = extractvalue i61536 %call_ret1" [../image_analysis.cpp:259]   --->   Operation 1494 'extractvalue' 'curr_localImage_496' <Predicate = true> <Delay = 0.00> <CoreInst = "FIFO_SRL">   --->   Core 80 'FIFO_SRL' <Latency = 0> <II = 1> <Delay = 1.83> <Storage> <Opcode : 'read' 'write' 'nbread' 'nbwrite'> <Ports = 0> <Width = 32> <Depth = 2> <FIFO>
ST_4 : Operation 1495 [1/1] (0.00ns)   --->   "%curr_localImage_497 = extractvalue i61536 %call_ret1" [../image_analysis.cpp:259]   --->   Operation 1495 'extractvalue' 'curr_localImage_497' <Predicate = true> <Delay = 0.00> <CoreInst = "FIFO_SRL">   --->   Core 80 'FIFO_SRL' <Latency = 0> <II = 1> <Delay = 1.83> <Storage> <Opcode : 'read' 'write' 'nbread' 'nbwrite'> <Ports = 0> <Width = 32> <Depth = 2> <FIFO>
ST_4 : Operation 1496 [1/1] (0.00ns)   --->   "%curr_localImage_498 = extractvalue i61536 %call_ret1" [../image_analysis.cpp:259]   --->   Operation 1496 'extractvalue' 'curr_localImage_498' <Predicate = true> <Delay = 0.00> <CoreInst = "FIFO_SRL">   --->   Core 80 'FIFO_SRL' <Latency = 0> <II = 1> <Delay = 1.83> <Storage> <Opcode : 'read' 'write' 'nbread' 'nbwrite'> <Ports = 0> <Width = 32> <Depth = 2> <FIFO>
ST_4 : Operation 1497 [1/1] (0.00ns)   --->   "%curr_localImage_499 = extractvalue i61536 %call_ret1" [../image_analysis.cpp:259]   --->   Operation 1497 'extractvalue' 'curr_localImage_499' <Predicate = true> <Delay = 0.00> <CoreInst = "FIFO_SRL">   --->   Core 80 'FIFO_SRL' <Latency = 0> <II = 1> <Delay = 1.83> <Storage> <Opcode : 'read' 'write' 'nbread' 'nbwrite'> <Ports = 0> <Width = 32> <Depth = 2> <FIFO>
ST_4 : Operation 1498 [1/1] (0.00ns)   --->   "%curr_localImage_500 = extractvalue i61536 %call_ret1" [../image_analysis.cpp:259]   --->   Operation 1498 'extractvalue' 'curr_localImage_500' <Predicate = true> <Delay = 0.00> <CoreInst = "FIFO_SRL">   --->   Core 80 'FIFO_SRL' <Latency = 0> <II = 1> <Delay = 1.83> <Storage> <Opcode : 'read' 'write' 'nbread' 'nbwrite'> <Ports = 0> <Width = 32> <Depth = 2> <FIFO>
ST_4 : Operation 1499 [1/1] (0.00ns)   --->   "%curr_localImage_501 = extractvalue i61536 %call_ret1" [../image_analysis.cpp:259]   --->   Operation 1499 'extractvalue' 'curr_localImage_501' <Predicate = true> <Delay = 0.00> <CoreInst = "FIFO_SRL">   --->   Core 80 'FIFO_SRL' <Latency = 0> <II = 1> <Delay = 1.83> <Storage> <Opcode : 'read' 'write' 'nbread' 'nbwrite'> <Ports = 0> <Width = 32> <Depth = 2> <FIFO>
ST_4 : Operation 1500 [1/1] (0.00ns)   --->   "%curr_localImage_502 = extractvalue i61536 %call_ret1" [../image_analysis.cpp:259]   --->   Operation 1500 'extractvalue' 'curr_localImage_502' <Predicate = true> <Delay = 0.00> <CoreInst = "FIFO_SRL">   --->   Core 80 'FIFO_SRL' <Latency = 0> <II = 1> <Delay = 1.83> <Storage> <Opcode : 'read' 'write' 'nbread' 'nbwrite'> <Ports = 0> <Width = 32> <Depth = 2> <FIFO>
ST_4 : Operation 1501 [1/1] (0.00ns)   --->   "%curr_localImage_503 = extractvalue i61536 %call_ret1" [../image_analysis.cpp:259]   --->   Operation 1501 'extractvalue' 'curr_localImage_503' <Predicate = true> <Delay = 0.00> <CoreInst = "FIFO_SRL">   --->   Core 80 'FIFO_SRL' <Latency = 0> <II = 1> <Delay = 1.83> <Storage> <Opcode : 'read' 'write' 'nbread' 'nbwrite'> <Ports = 0> <Width = 32> <Depth = 2> <FIFO>
ST_4 : Operation 1502 [1/1] (0.00ns)   --->   "%curr_localImage_504 = extractvalue i61536 %call_ret1" [../image_analysis.cpp:259]   --->   Operation 1502 'extractvalue' 'curr_localImage_504' <Predicate = true> <Delay = 0.00> <CoreInst = "FIFO_SRL">   --->   Core 80 'FIFO_SRL' <Latency = 0> <II = 1> <Delay = 1.83> <Storage> <Opcode : 'read' 'write' 'nbread' 'nbwrite'> <Ports = 0> <Width = 32> <Depth = 2> <FIFO>
ST_4 : Operation 1503 [1/1] (0.00ns)   --->   "%curr_localImage_505 = extractvalue i61536 %call_ret1" [../image_analysis.cpp:259]   --->   Operation 1503 'extractvalue' 'curr_localImage_505' <Predicate = true> <Delay = 0.00> <CoreInst = "FIFO_SRL">   --->   Core 80 'FIFO_SRL' <Latency = 0> <II = 1> <Delay = 1.83> <Storage> <Opcode : 'read' 'write' 'nbread' 'nbwrite'> <Ports = 0> <Width = 32> <Depth = 2> <FIFO>
ST_4 : Operation 1504 [1/1] (0.00ns)   --->   "%curr_localImage_506 = extractvalue i61536 %call_ret1" [../image_analysis.cpp:259]   --->   Operation 1504 'extractvalue' 'curr_localImage_506' <Predicate = true> <Delay = 0.00> <CoreInst = "FIFO_SRL">   --->   Core 80 'FIFO_SRL' <Latency = 0> <II = 1> <Delay = 1.83> <Storage> <Opcode : 'read' 'write' 'nbread' 'nbwrite'> <Ports = 0> <Width = 32> <Depth = 2> <FIFO>
ST_4 : Operation 1505 [1/1] (0.00ns)   --->   "%curr_localImage_507 = extractvalue i61536 %call_ret1" [../image_analysis.cpp:259]   --->   Operation 1505 'extractvalue' 'curr_localImage_507' <Predicate = true> <Delay = 0.00> <CoreInst = "FIFO_SRL">   --->   Core 80 'FIFO_SRL' <Latency = 0> <II = 1> <Delay = 1.83> <Storage> <Opcode : 'read' 'write' 'nbread' 'nbwrite'> <Ports = 0> <Width = 32> <Depth = 2> <FIFO>
ST_4 : Operation 1506 [1/1] (0.00ns)   --->   "%curr_localImage_508 = extractvalue i61536 %call_ret1" [../image_analysis.cpp:259]   --->   Operation 1506 'extractvalue' 'curr_localImage_508' <Predicate = true> <Delay = 0.00> <CoreInst = "FIFO_SRL">   --->   Core 80 'FIFO_SRL' <Latency = 0> <II = 1> <Delay = 1.83> <Storage> <Opcode : 'read' 'write' 'nbread' 'nbwrite'> <Ports = 0> <Width = 32> <Depth = 2> <FIFO>
ST_4 : Operation 1507 [1/1] (0.00ns)   --->   "%curr_localImage_509 = extractvalue i61536 %call_ret1" [../image_analysis.cpp:259]   --->   Operation 1507 'extractvalue' 'curr_localImage_509' <Predicate = true> <Delay = 0.00> <CoreInst = "FIFO_SRL">   --->   Core 80 'FIFO_SRL' <Latency = 0> <II = 1> <Delay = 1.83> <Storage> <Opcode : 'read' 'write' 'nbread' 'nbwrite'> <Ports = 0> <Width = 32> <Depth = 2> <FIFO>
ST_4 : Operation 1508 [1/1] (0.00ns)   --->   "%curr_localImage_510 = extractvalue i61536 %call_ret1" [../image_analysis.cpp:259]   --->   Operation 1508 'extractvalue' 'curr_localImage_510' <Predicate = true> <Delay = 0.00> <CoreInst = "FIFO_SRL">   --->   Core 80 'FIFO_SRL' <Latency = 0> <II = 1> <Delay = 1.83> <Storage> <Opcode : 'read' 'write' 'nbread' 'nbwrite'> <Ports = 0> <Width = 32> <Depth = 2> <FIFO>
ST_4 : Operation 1509 [1/1] (0.00ns)   --->   "%curr_localImage_511 = extractvalue i61536 %call_ret1" [../image_analysis.cpp:259]   --->   Operation 1509 'extractvalue' 'curr_localImage_511' <Predicate = true> <Delay = 0.00> <CoreInst = "FIFO_SRL">   --->   Core 80 'FIFO_SRL' <Latency = 0> <II = 1> <Delay = 1.83> <Storage> <Opcode : 'read' 'write' 'nbread' 'nbwrite'> <Ports = 0> <Width = 32> <Depth = 2> <FIFO>
ST_4 : Operation 1510 [1/1] (0.00ns)   --->   "%curr_localImage_512 = extractvalue i61536 %call_ret1" [../image_analysis.cpp:259]   --->   Operation 1510 'extractvalue' 'curr_localImage_512' <Predicate = true> <Delay = 0.00> <CoreInst = "FIFO_SRL">   --->   Core 80 'FIFO_SRL' <Latency = 0> <II = 1> <Delay = 1.83> <Storage> <Opcode : 'read' 'write' 'nbread' 'nbwrite'> <Ports = 0> <Width = 32> <Depth = 2> <FIFO>
ST_4 : Operation 1511 [1/1] (0.00ns)   --->   "%curr_localImage_513 = extractvalue i61536 %call_ret1" [../image_analysis.cpp:259]   --->   Operation 1511 'extractvalue' 'curr_localImage_513' <Predicate = true> <Delay = 0.00> <CoreInst = "FIFO_SRL">   --->   Core 80 'FIFO_SRL' <Latency = 0> <II = 1> <Delay = 1.83> <Storage> <Opcode : 'read' 'write' 'nbread' 'nbwrite'> <Ports = 0> <Width = 32> <Depth = 2> <FIFO>
ST_4 : Operation 1512 [1/1] (0.00ns)   --->   "%curr_localImage_514 = extractvalue i61536 %call_ret1" [../image_analysis.cpp:259]   --->   Operation 1512 'extractvalue' 'curr_localImage_514' <Predicate = true> <Delay = 0.00> <CoreInst = "FIFO_SRL">   --->   Core 80 'FIFO_SRL' <Latency = 0> <II = 1> <Delay = 1.83> <Storage> <Opcode : 'read' 'write' 'nbread' 'nbwrite'> <Ports = 0> <Width = 32> <Depth = 2> <FIFO>
ST_4 : Operation 1513 [1/1] (0.00ns)   --->   "%curr_localImage_515 = extractvalue i61536 %call_ret1" [../image_analysis.cpp:259]   --->   Operation 1513 'extractvalue' 'curr_localImage_515' <Predicate = true> <Delay = 0.00> <CoreInst = "FIFO_SRL">   --->   Core 80 'FIFO_SRL' <Latency = 0> <II = 1> <Delay = 1.83> <Storage> <Opcode : 'read' 'write' 'nbread' 'nbwrite'> <Ports = 0> <Width = 32> <Depth = 2> <FIFO>
ST_4 : Operation 1514 [1/1] (0.00ns)   --->   "%curr_localImage_516 = extractvalue i61536 %call_ret1" [../image_analysis.cpp:259]   --->   Operation 1514 'extractvalue' 'curr_localImage_516' <Predicate = true> <Delay = 0.00> <CoreInst = "FIFO_SRL">   --->   Core 80 'FIFO_SRL' <Latency = 0> <II = 1> <Delay = 1.83> <Storage> <Opcode : 'read' 'write' 'nbread' 'nbwrite'> <Ports = 0> <Width = 32> <Depth = 2> <FIFO>
ST_4 : Operation 1515 [1/1] (0.00ns)   --->   "%curr_localImage_517 = extractvalue i61536 %call_ret1" [../image_analysis.cpp:259]   --->   Operation 1515 'extractvalue' 'curr_localImage_517' <Predicate = true> <Delay = 0.00> <CoreInst = "FIFO_SRL">   --->   Core 80 'FIFO_SRL' <Latency = 0> <II = 1> <Delay = 1.83> <Storage> <Opcode : 'read' 'write' 'nbread' 'nbwrite'> <Ports = 0> <Width = 32> <Depth = 2> <FIFO>
ST_4 : Operation 1516 [1/1] (0.00ns)   --->   "%curr_localImage_518 = extractvalue i61536 %call_ret1" [../image_analysis.cpp:259]   --->   Operation 1516 'extractvalue' 'curr_localImage_518' <Predicate = true> <Delay = 0.00> <CoreInst = "FIFO_SRL">   --->   Core 80 'FIFO_SRL' <Latency = 0> <II = 1> <Delay = 1.83> <Storage> <Opcode : 'read' 'write' 'nbread' 'nbwrite'> <Ports = 0> <Width = 32> <Depth = 2> <FIFO>
ST_4 : Operation 1517 [1/1] (0.00ns)   --->   "%curr_localImage_519 = extractvalue i61536 %call_ret1" [../image_analysis.cpp:259]   --->   Operation 1517 'extractvalue' 'curr_localImage_519' <Predicate = true> <Delay = 0.00> <CoreInst = "FIFO_SRL">   --->   Core 80 'FIFO_SRL' <Latency = 0> <II = 1> <Delay = 1.83> <Storage> <Opcode : 'read' 'write' 'nbread' 'nbwrite'> <Ports = 0> <Width = 32> <Depth = 2> <FIFO>
ST_4 : Operation 1518 [1/1] (0.00ns)   --->   "%curr_localImage_520 = extractvalue i61536 %call_ret1" [../image_analysis.cpp:259]   --->   Operation 1518 'extractvalue' 'curr_localImage_520' <Predicate = true> <Delay = 0.00> <CoreInst = "FIFO_SRL">   --->   Core 80 'FIFO_SRL' <Latency = 0> <II = 1> <Delay = 1.83> <Storage> <Opcode : 'read' 'write' 'nbread' 'nbwrite'> <Ports = 0> <Width = 32> <Depth = 2> <FIFO>
ST_4 : Operation 1519 [1/1] (0.00ns)   --->   "%curr_localImage_521 = extractvalue i61536 %call_ret1" [../image_analysis.cpp:259]   --->   Operation 1519 'extractvalue' 'curr_localImage_521' <Predicate = true> <Delay = 0.00> <CoreInst = "FIFO_SRL">   --->   Core 80 'FIFO_SRL' <Latency = 0> <II = 1> <Delay = 1.83> <Storage> <Opcode : 'read' 'write' 'nbread' 'nbwrite'> <Ports = 0> <Width = 32> <Depth = 2> <FIFO>
ST_4 : Operation 1520 [1/1] (0.00ns)   --->   "%curr_localImage_522 = extractvalue i61536 %call_ret1" [../image_analysis.cpp:259]   --->   Operation 1520 'extractvalue' 'curr_localImage_522' <Predicate = true> <Delay = 0.00> <CoreInst = "FIFO_SRL">   --->   Core 80 'FIFO_SRL' <Latency = 0> <II = 1> <Delay = 1.83> <Storage> <Opcode : 'read' 'write' 'nbread' 'nbwrite'> <Ports = 0> <Width = 32> <Depth = 2> <FIFO>
ST_4 : Operation 1521 [1/1] (0.00ns)   --->   "%curr_localImage_523 = extractvalue i61536 %call_ret1" [../image_analysis.cpp:259]   --->   Operation 1521 'extractvalue' 'curr_localImage_523' <Predicate = true> <Delay = 0.00> <CoreInst = "FIFO_SRL">   --->   Core 80 'FIFO_SRL' <Latency = 0> <II = 1> <Delay = 1.83> <Storage> <Opcode : 'read' 'write' 'nbread' 'nbwrite'> <Ports = 0> <Width = 32> <Depth = 2> <FIFO>
ST_4 : Operation 1522 [1/1] (0.00ns)   --->   "%curr_localImage_524 = extractvalue i61536 %call_ret1" [../image_analysis.cpp:259]   --->   Operation 1522 'extractvalue' 'curr_localImage_524' <Predicate = true> <Delay = 0.00> <CoreInst = "FIFO_SRL">   --->   Core 80 'FIFO_SRL' <Latency = 0> <II = 1> <Delay = 1.83> <Storage> <Opcode : 'read' 'write' 'nbread' 'nbwrite'> <Ports = 0> <Width = 32> <Depth = 2> <FIFO>
ST_4 : Operation 1523 [1/1] (0.00ns)   --->   "%curr_localImage_525 = extractvalue i61536 %call_ret1" [../image_analysis.cpp:259]   --->   Operation 1523 'extractvalue' 'curr_localImage_525' <Predicate = true> <Delay = 0.00> <CoreInst = "FIFO_SRL">   --->   Core 80 'FIFO_SRL' <Latency = 0> <II = 1> <Delay = 1.83> <Storage> <Opcode : 'read' 'write' 'nbread' 'nbwrite'> <Ports = 0> <Width = 32> <Depth = 2> <FIFO>
ST_4 : Operation 1524 [1/1] (0.00ns)   --->   "%curr_localImage_526 = extractvalue i61536 %call_ret1" [../image_analysis.cpp:259]   --->   Operation 1524 'extractvalue' 'curr_localImage_526' <Predicate = true> <Delay = 0.00> <CoreInst = "FIFO_SRL">   --->   Core 80 'FIFO_SRL' <Latency = 0> <II = 1> <Delay = 1.83> <Storage> <Opcode : 'read' 'write' 'nbread' 'nbwrite'> <Ports = 0> <Width = 32> <Depth = 2> <FIFO>
ST_4 : Operation 1525 [1/1] (0.00ns)   --->   "%curr_localImage_527 = extractvalue i61536 %call_ret1" [../image_analysis.cpp:259]   --->   Operation 1525 'extractvalue' 'curr_localImage_527' <Predicate = true> <Delay = 0.00> <CoreInst = "FIFO_SRL">   --->   Core 80 'FIFO_SRL' <Latency = 0> <II = 1> <Delay = 1.83> <Storage> <Opcode : 'read' 'write' 'nbread' 'nbwrite'> <Ports = 0> <Width = 32> <Depth = 2> <FIFO>
ST_4 : Operation 1526 [1/1] (0.00ns)   --->   "%curr_localImage_528 = extractvalue i61536 %call_ret1" [../image_analysis.cpp:259]   --->   Operation 1526 'extractvalue' 'curr_localImage_528' <Predicate = true> <Delay = 0.00> <CoreInst = "FIFO_SRL">   --->   Core 80 'FIFO_SRL' <Latency = 0> <II = 1> <Delay = 1.83> <Storage> <Opcode : 'read' 'write' 'nbread' 'nbwrite'> <Ports = 0> <Width = 32> <Depth = 2> <FIFO>
ST_4 : Operation 1527 [1/1] (0.00ns)   --->   "%curr_localImage_529 = extractvalue i61536 %call_ret1" [../image_analysis.cpp:259]   --->   Operation 1527 'extractvalue' 'curr_localImage_529' <Predicate = true> <Delay = 0.00> <CoreInst = "FIFO_SRL">   --->   Core 80 'FIFO_SRL' <Latency = 0> <II = 1> <Delay = 1.83> <Storage> <Opcode : 'read' 'write' 'nbread' 'nbwrite'> <Ports = 0> <Width = 32> <Depth = 2> <FIFO>
ST_4 : Operation 1528 [1/1] (0.00ns)   --->   "%curr_localImage_530 = extractvalue i61536 %call_ret1" [../image_analysis.cpp:259]   --->   Operation 1528 'extractvalue' 'curr_localImage_530' <Predicate = true> <Delay = 0.00> <CoreInst = "FIFO_SRL">   --->   Core 80 'FIFO_SRL' <Latency = 0> <II = 1> <Delay = 1.83> <Storage> <Opcode : 'read' 'write' 'nbread' 'nbwrite'> <Ports = 0> <Width = 32> <Depth = 2> <FIFO>
ST_4 : Operation 1529 [1/1] (0.00ns)   --->   "%curr_localImage_531 = extractvalue i61536 %call_ret1" [../image_analysis.cpp:259]   --->   Operation 1529 'extractvalue' 'curr_localImage_531' <Predicate = true> <Delay = 0.00> <CoreInst = "FIFO_SRL">   --->   Core 80 'FIFO_SRL' <Latency = 0> <II = 1> <Delay = 1.83> <Storage> <Opcode : 'read' 'write' 'nbread' 'nbwrite'> <Ports = 0> <Width = 32> <Depth = 2> <FIFO>
ST_4 : Operation 1530 [1/1] (0.00ns)   --->   "%curr_localImage_532 = extractvalue i61536 %call_ret1" [../image_analysis.cpp:259]   --->   Operation 1530 'extractvalue' 'curr_localImage_532' <Predicate = true> <Delay = 0.00> <CoreInst = "FIFO_SRL">   --->   Core 80 'FIFO_SRL' <Latency = 0> <II = 1> <Delay = 1.83> <Storage> <Opcode : 'read' 'write' 'nbread' 'nbwrite'> <Ports = 0> <Width = 32> <Depth = 2> <FIFO>
ST_4 : Operation 1531 [1/1] (0.00ns)   --->   "%curr_localImage_533 = extractvalue i61536 %call_ret1" [../image_analysis.cpp:259]   --->   Operation 1531 'extractvalue' 'curr_localImage_533' <Predicate = true> <Delay = 0.00> <CoreInst = "FIFO_SRL">   --->   Core 80 'FIFO_SRL' <Latency = 0> <II = 1> <Delay = 1.83> <Storage> <Opcode : 'read' 'write' 'nbread' 'nbwrite'> <Ports = 0> <Width = 32> <Depth = 2> <FIFO>
ST_4 : Operation 1532 [1/1] (0.00ns)   --->   "%curr_localImage_534 = extractvalue i61536 %call_ret1" [../image_analysis.cpp:259]   --->   Operation 1532 'extractvalue' 'curr_localImage_534' <Predicate = true> <Delay = 0.00> <CoreInst = "FIFO_SRL">   --->   Core 80 'FIFO_SRL' <Latency = 0> <II = 1> <Delay = 1.83> <Storage> <Opcode : 'read' 'write' 'nbread' 'nbwrite'> <Ports = 0> <Width = 32> <Depth = 2> <FIFO>
ST_4 : Operation 1533 [1/1] (0.00ns)   --->   "%curr_localImage_535 = extractvalue i61536 %call_ret1" [../image_analysis.cpp:259]   --->   Operation 1533 'extractvalue' 'curr_localImage_535' <Predicate = true> <Delay = 0.00> <CoreInst = "FIFO_SRL">   --->   Core 80 'FIFO_SRL' <Latency = 0> <II = 1> <Delay = 1.83> <Storage> <Opcode : 'read' 'write' 'nbread' 'nbwrite'> <Ports = 0> <Width = 32> <Depth = 2> <FIFO>
ST_4 : Operation 1534 [1/1] (0.00ns)   --->   "%curr_localImage_536 = extractvalue i61536 %call_ret1" [../image_analysis.cpp:259]   --->   Operation 1534 'extractvalue' 'curr_localImage_536' <Predicate = true> <Delay = 0.00> <CoreInst = "FIFO_SRL">   --->   Core 80 'FIFO_SRL' <Latency = 0> <II = 1> <Delay = 1.83> <Storage> <Opcode : 'read' 'write' 'nbread' 'nbwrite'> <Ports = 0> <Width = 32> <Depth = 2> <FIFO>
ST_4 : Operation 1535 [1/1] (0.00ns)   --->   "%curr_localImage_537 = extractvalue i61536 %call_ret1" [../image_analysis.cpp:259]   --->   Operation 1535 'extractvalue' 'curr_localImage_537' <Predicate = true> <Delay = 0.00> <CoreInst = "FIFO_SRL">   --->   Core 80 'FIFO_SRL' <Latency = 0> <II = 1> <Delay = 1.83> <Storage> <Opcode : 'read' 'write' 'nbread' 'nbwrite'> <Ports = 0> <Width = 32> <Depth = 2> <FIFO>
ST_4 : Operation 1536 [1/1] (0.00ns)   --->   "%curr_localImage_538 = extractvalue i61536 %call_ret1" [../image_analysis.cpp:259]   --->   Operation 1536 'extractvalue' 'curr_localImage_538' <Predicate = true> <Delay = 0.00> <CoreInst = "FIFO_SRL">   --->   Core 80 'FIFO_SRL' <Latency = 0> <II = 1> <Delay = 1.83> <Storage> <Opcode : 'read' 'write' 'nbread' 'nbwrite'> <Ports = 0> <Width = 32> <Depth = 2> <FIFO>
ST_4 : Operation 1537 [1/1] (0.00ns)   --->   "%curr_localImage_539 = extractvalue i61536 %call_ret1" [../image_analysis.cpp:259]   --->   Operation 1537 'extractvalue' 'curr_localImage_539' <Predicate = true> <Delay = 0.00> <CoreInst = "FIFO_SRL">   --->   Core 80 'FIFO_SRL' <Latency = 0> <II = 1> <Delay = 1.83> <Storage> <Opcode : 'read' 'write' 'nbread' 'nbwrite'> <Ports = 0> <Width = 32> <Depth = 2> <FIFO>
ST_4 : Operation 1538 [1/1] (0.00ns)   --->   "%curr_localImage_540 = extractvalue i61536 %call_ret1" [../image_analysis.cpp:259]   --->   Operation 1538 'extractvalue' 'curr_localImage_540' <Predicate = true> <Delay = 0.00> <CoreInst = "FIFO_SRL">   --->   Core 80 'FIFO_SRL' <Latency = 0> <II = 1> <Delay = 1.83> <Storage> <Opcode : 'read' 'write' 'nbread' 'nbwrite'> <Ports = 0> <Width = 32> <Depth = 2> <FIFO>
ST_4 : Operation 1539 [1/1] (0.00ns)   --->   "%curr_localImage_541 = extractvalue i61536 %call_ret1" [../image_analysis.cpp:259]   --->   Operation 1539 'extractvalue' 'curr_localImage_541' <Predicate = true> <Delay = 0.00> <CoreInst = "FIFO_SRL">   --->   Core 80 'FIFO_SRL' <Latency = 0> <II = 1> <Delay = 1.83> <Storage> <Opcode : 'read' 'write' 'nbread' 'nbwrite'> <Ports = 0> <Width = 32> <Depth = 2> <FIFO>
ST_4 : Operation 1540 [1/1] (0.00ns)   --->   "%curr_localImage_542 = extractvalue i61536 %call_ret1" [../image_analysis.cpp:259]   --->   Operation 1540 'extractvalue' 'curr_localImage_542' <Predicate = true> <Delay = 0.00> <CoreInst = "FIFO_SRL">   --->   Core 80 'FIFO_SRL' <Latency = 0> <II = 1> <Delay = 1.83> <Storage> <Opcode : 'read' 'write' 'nbread' 'nbwrite'> <Ports = 0> <Width = 32> <Depth = 2> <FIFO>
ST_4 : Operation 1541 [1/1] (0.00ns)   --->   "%curr_localImage_543 = extractvalue i61536 %call_ret1" [../image_analysis.cpp:259]   --->   Operation 1541 'extractvalue' 'curr_localImage_543' <Predicate = true> <Delay = 0.00> <CoreInst = "FIFO_SRL">   --->   Core 80 'FIFO_SRL' <Latency = 0> <II = 1> <Delay = 1.83> <Storage> <Opcode : 'read' 'write' 'nbread' 'nbwrite'> <Ports = 0> <Width = 32> <Depth = 2> <FIFO>
ST_4 : Operation 1542 [1/1] (0.00ns)   --->   "%curr_localImage_544 = extractvalue i61536 %call_ret1" [../image_analysis.cpp:259]   --->   Operation 1542 'extractvalue' 'curr_localImage_544' <Predicate = true> <Delay = 0.00> <CoreInst = "FIFO_SRL">   --->   Core 80 'FIFO_SRL' <Latency = 0> <II = 1> <Delay = 1.83> <Storage> <Opcode : 'read' 'write' 'nbread' 'nbwrite'> <Ports = 0> <Width = 32> <Depth = 2> <FIFO>
ST_4 : Operation 1543 [1/1] (0.00ns)   --->   "%curr_localImage_545 = extractvalue i61536 %call_ret1" [../image_analysis.cpp:259]   --->   Operation 1543 'extractvalue' 'curr_localImage_545' <Predicate = true> <Delay = 0.00> <CoreInst = "FIFO_SRL">   --->   Core 80 'FIFO_SRL' <Latency = 0> <II = 1> <Delay = 1.83> <Storage> <Opcode : 'read' 'write' 'nbread' 'nbwrite'> <Ports = 0> <Width = 32> <Depth = 2> <FIFO>
ST_4 : Operation 1544 [1/1] (0.00ns)   --->   "%curr_localImage_546 = extractvalue i61536 %call_ret1" [../image_analysis.cpp:259]   --->   Operation 1544 'extractvalue' 'curr_localImage_546' <Predicate = true> <Delay = 0.00> <CoreInst = "FIFO_SRL">   --->   Core 80 'FIFO_SRL' <Latency = 0> <II = 1> <Delay = 1.83> <Storage> <Opcode : 'read' 'write' 'nbread' 'nbwrite'> <Ports = 0> <Width = 32> <Depth = 2> <FIFO>
ST_4 : Operation 1545 [1/1] (0.00ns)   --->   "%curr_localImage_547 = extractvalue i61536 %call_ret1" [../image_analysis.cpp:259]   --->   Operation 1545 'extractvalue' 'curr_localImage_547' <Predicate = true> <Delay = 0.00> <CoreInst = "FIFO_SRL">   --->   Core 80 'FIFO_SRL' <Latency = 0> <II = 1> <Delay = 1.83> <Storage> <Opcode : 'read' 'write' 'nbread' 'nbwrite'> <Ports = 0> <Width = 32> <Depth = 2> <FIFO>
ST_4 : Operation 1546 [1/1] (0.00ns)   --->   "%curr_localImage_548 = extractvalue i61536 %call_ret1" [../image_analysis.cpp:259]   --->   Operation 1546 'extractvalue' 'curr_localImage_548' <Predicate = true> <Delay = 0.00> <CoreInst = "FIFO_SRL">   --->   Core 80 'FIFO_SRL' <Latency = 0> <II = 1> <Delay = 1.83> <Storage> <Opcode : 'read' 'write' 'nbread' 'nbwrite'> <Ports = 0> <Width = 32> <Depth = 2> <FIFO>
ST_4 : Operation 1547 [1/1] (0.00ns)   --->   "%curr_localImage_549 = extractvalue i61536 %call_ret1" [../image_analysis.cpp:259]   --->   Operation 1547 'extractvalue' 'curr_localImage_549' <Predicate = true> <Delay = 0.00> <CoreInst = "FIFO_SRL">   --->   Core 80 'FIFO_SRL' <Latency = 0> <II = 1> <Delay = 1.83> <Storage> <Opcode : 'read' 'write' 'nbread' 'nbwrite'> <Ports = 0> <Width = 32> <Depth = 2> <FIFO>
ST_4 : Operation 1548 [1/1] (0.00ns)   --->   "%curr_localImage_550 = extractvalue i61536 %call_ret1" [../image_analysis.cpp:259]   --->   Operation 1548 'extractvalue' 'curr_localImage_550' <Predicate = true> <Delay = 0.00> <CoreInst = "FIFO_SRL">   --->   Core 80 'FIFO_SRL' <Latency = 0> <II = 1> <Delay = 1.83> <Storage> <Opcode : 'read' 'write' 'nbread' 'nbwrite'> <Ports = 0> <Width = 32> <Depth = 2> <FIFO>
ST_4 : Operation 1549 [1/1] (0.00ns)   --->   "%curr_localImage_551 = extractvalue i61536 %call_ret1" [../image_analysis.cpp:259]   --->   Operation 1549 'extractvalue' 'curr_localImage_551' <Predicate = true> <Delay = 0.00> <CoreInst = "FIFO_SRL">   --->   Core 80 'FIFO_SRL' <Latency = 0> <II = 1> <Delay = 1.83> <Storage> <Opcode : 'read' 'write' 'nbread' 'nbwrite'> <Ports = 0> <Width = 32> <Depth = 2> <FIFO>
ST_4 : Operation 1550 [1/1] (0.00ns)   --->   "%curr_localImage_552 = extractvalue i61536 %call_ret1" [../image_analysis.cpp:259]   --->   Operation 1550 'extractvalue' 'curr_localImage_552' <Predicate = true> <Delay = 0.00> <CoreInst = "FIFO_SRL">   --->   Core 80 'FIFO_SRL' <Latency = 0> <II = 1> <Delay = 1.83> <Storage> <Opcode : 'read' 'write' 'nbread' 'nbwrite'> <Ports = 0> <Width = 32> <Depth = 2> <FIFO>
ST_4 : Operation 1551 [1/1] (0.00ns)   --->   "%curr_localImage_553 = extractvalue i61536 %call_ret1" [../image_analysis.cpp:259]   --->   Operation 1551 'extractvalue' 'curr_localImage_553' <Predicate = true> <Delay = 0.00> <CoreInst = "FIFO_SRL">   --->   Core 80 'FIFO_SRL' <Latency = 0> <II = 1> <Delay = 1.83> <Storage> <Opcode : 'read' 'write' 'nbread' 'nbwrite'> <Ports = 0> <Width = 32> <Depth = 2> <FIFO>
ST_4 : Operation 1552 [1/1] (0.00ns)   --->   "%curr_localImage_554 = extractvalue i61536 %call_ret1" [../image_analysis.cpp:259]   --->   Operation 1552 'extractvalue' 'curr_localImage_554' <Predicate = true> <Delay = 0.00> <CoreInst = "FIFO_SRL">   --->   Core 80 'FIFO_SRL' <Latency = 0> <II = 1> <Delay = 1.83> <Storage> <Opcode : 'read' 'write' 'nbread' 'nbwrite'> <Ports = 0> <Width = 32> <Depth = 2> <FIFO>
ST_4 : Operation 1553 [1/1] (0.00ns)   --->   "%curr_localImage_555 = extractvalue i61536 %call_ret1" [../image_analysis.cpp:259]   --->   Operation 1553 'extractvalue' 'curr_localImage_555' <Predicate = true> <Delay = 0.00> <CoreInst = "FIFO_SRL">   --->   Core 80 'FIFO_SRL' <Latency = 0> <II = 1> <Delay = 1.83> <Storage> <Opcode : 'read' 'write' 'nbread' 'nbwrite'> <Ports = 0> <Width = 32> <Depth = 2> <FIFO>
ST_4 : Operation 1554 [1/1] (0.00ns)   --->   "%curr_localImage_556 = extractvalue i61536 %call_ret1" [../image_analysis.cpp:259]   --->   Operation 1554 'extractvalue' 'curr_localImage_556' <Predicate = true> <Delay = 0.00> <CoreInst = "FIFO_SRL">   --->   Core 80 'FIFO_SRL' <Latency = 0> <II = 1> <Delay = 1.83> <Storage> <Opcode : 'read' 'write' 'nbread' 'nbwrite'> <Ports = 0> <Width = 32> <Depth = 2> <FIFO>
ST_4 : Operation 1555 [1/1] (0.00ns)   --->   "%curr_localImage_557 = extractvalue i61536 %call_ret1" [../image_analysis.cpp:259]   --->   Operation 1555 'extractvalue' 'curr_localImage_557' <Predicate = true> <Delay = 0.00> <CoreInst = "FIFO_SRL">   --->   Core 80 'FIFO_SRL' <Latency = 0> <II = 1> <Delay = 1.83> <Storage> <Opcode : 'read' 'write' 'nbread' 'nbwrite'> <Ports = 0> <Width = 32> <Depth = 2> <FIFO>
ST_4 : Operation 1556 [1/1] (0.00ns)   --->   "%curr_localImage_558 = extractvalue i61536 %call_ret1" [../image_analysis.cpp:259]   --->   Operation 1556 'extractvalue' 'curr_localImage_558' <Predicate = true> <Delay = 0.00> <CoreInst = "FIFO_SRL">   --->   Core 80 'FIFO_SRL' <Latency = 0> <II = 1> <Delay = 1.83> <Storage> <Opcode : 'read' 'write' 'nbread' 'nbwrite'> <Ports = 0> <Width = 32> <Depth = 2> <FIFO>
ST_4 : Operation 1557 [1/1] (0.00ns)   --->   "%curr_localImage_559 = extractvalue i61536 %call_ret1" [../image_analysis.cpp:259]   --->   Operation 1557 'extractvalue' 'curr_localImage_559' <Predicate = true> <Delay = 0.00> <CoreInst = "FIFO_SRL">   --->   Core 80 'FIFO_SRL' <Latency = 0> <II = 1> <Delay = 1.83> <Storage> <Opcode : 'read' 'write' 'nbread' 'nbwrite'> <Ports = 0> <Width = 32> <Depth = 2> <FIFO>
ST_4 : Operation 1558 [1/1] (0.00ns)   --->   "%curr_localImage_560 = extractvalue i61536 %call_ret1" [../image_analysis.cpp:259]   --->   Operation 1558 'extractvalue' 'curr_localImage_560' <Predicate = true> <Delay = 0.00> <CoreInst = "FIFO_SRL">   --->   Core 80 'FIFO_SRL' <Latency = 0> <II = 1> <Delay = 1.83> <Storage> <Opcode : 'read' 'write' 'nbread' 'nbwrite'> <Ports = 0> <Width = 32> <Depth = 2> <FIFO>
ST_4 : Operation 1559 [1/1] (0.00ns)   --->   "%curr_localImage_561 = extractvalue i61536 %call_ret1" [../image_analysis.cpp:259]   --->   Operation 1559 'extractvalue' 'curr_localImage_561' <Predicate = true> <Delay = 0.00> <CoreInst = "FIFO_SRL">   --->   Core 80 'FIFO_SRL' <Latency = 0> <II = 1> <Delay = 1.83> <Storage> <Opcode : 'read' 'write' 'nbread' 'nbwrite'> <Ports = 0> <Width = 32> <Depth = 2> <FIFO>
ST_4 : Operation 1560 [1/1] (0.00ns)   --->   "%curr_localImage_562 = extractvalue i61536 %call_ret1" [../image_analysis.cpp:259]   --->   Operation 1560 'extractvalue' 'curr_localImage_562' <Predicate = true> <Delay = 0.00> <CoreInst = "FIFO_SRL">   --->   Core 80 'FIFO_SRL' <Latency = 0> <II = 1> <Delay = 1.83> <Storage> <Opcode : 'read' 'write' 'nbread' 'nbwrite'> <Ports = 0> <Width = 32> <Depth = 2> <FIFO>
ST_4 : Operation 1561 [1/1] (0.00ns)   --->   "%curr_localImage_563 = extractvalue i61536 %call_ret1" [../image_analysis.cpp:259]   --->   Operation 1561 'extractvalue' 'curr_localImage_563' <Predicate = true> <Delay = 0.00> <CoreInst = "FIFO_SRL">   --->   Core 80 'FIFO_SRL' <Latency = 0> <II = 1> <Delay = 1.83> <Storage> <Opcode : 'read' 'write' 'nbread' 'nbwrite'> <Ports = 0> <Width = 32> <Depth = 2> <FIFO>
ST_4 : Operation 1562 [1/1] (0.00ns)   --->   "%curr_localImage_564 = extractvalue i61536 %call_ret1" [../image_analysis.cpp:259]   --->   Operation 1562 'extractvalue' 'curr_localImage_564' <Predicate = true> <Delay = 0.00> <CoreInst = "FIFO_SRL">   --->   Core 80 'FIFO_SRL' <Latency = 0> <II = 1> <Delay = 1.83> <Storage> <Opcode : 'read' 'write' 'nbread' 'nbwrite'> <Ports = 0> <Width = 32> <Depth = 2> <FIFO>
ST_4 : Operation 1563 [1/1] (0.00ns)   --->   "%curr_localImage_565 = extractvalue i61536 %call_ret1" [../image_analysis.cpp:259]   --->   Operation 1563 'extractvalue' 'curr_localImage_565' <Predicate = true> <Delay = 0.00> <CoreInst = "FIFO_SRL">   --->   Core 80 'FIFO_SRL' <Latency = 0> <II = 1> <Delay = 1.83> <Storage> <Opcode : 'read' 'write' 'nbread' 'nbwrite'> <Ports = 0> <Width = 32> <Depth = 2> <FIFO>
ST_4 : Operation 1564 [1/1] (0.00ns)   --->   "%curr_localImage_566 = extractvalue i61536 %call_ret1" [../image_analysis.cpp:259]   --->   Operation 1564 'extractvalue' 'curr_localImage_566' <Predicate = true> <Delay = 0.00> <CoreInst = "FIFO_SRL">   --->   Core 80 'FIFO_SRL' <Latency = 0> <II = 1> <Delay = 1.83> <Storage> <Opcode : 'read' 'write' 'nbread' 'nbwrite'> <Ports = 0> <Width = 32> <Depth = 2> <FIFO>
ST_4 : Operation 1565 [1/1] (0.00ns)   --->   "%curr_localImage_567 = extractvalue i61536 %call_ret1" [../image_analysis.cpp:259]   --->   Operation 1565 'extractvalue' 'curr_localImage_567' <Predicate = true> <Delay = 0.00> <CoreInst = "FIFO_SRL">   --->   Core 80 'FIFO_SRL' <Latency = 0> <II = 1> <Delay = 1.83> <Storage> <Opcode : 'read' 'write' 'nbread' 'nbwrite'> <Ports = 0> <Width = 32> <Depth = 2> <FIFO>
ST_4 : Operation 1566 [1/1] (0.00ns)   --->   "%curr_localImage_568 = extractvalue i61536 %call_ret1" [../image_analysis.cpp:259]   --->   Operation 1566 'extractvalue' 'curr_localImage_568' <Predicate = true> <Delay = 0.00> <CoreInst = "FIFO_SRL">   --->   Core 80 'FIFO_SRL' <Latency = 0> <II = 1> <Delay = 1.83> <Storage> <Opcode : 'read' 'write' 'nbread' 'nbwrite'> <Ports = 0> <Width = 32> <Depth = 2> <FIFO>
ST_4 : Operation 1567 [1/1] (0.00ns)   --->   "%curr_localImage_569 = extractvalue i61536 %call_ret1" [../image_analysis.cpp:259]   --->   Operation 1567 'extractvalue' 'curr_localImage_569' <Predicate = true> <Delay = 0.00> <CoreInst = "FIFO_SRL">   --->   Core 80 'FIFO_SRL' <Latency = 0> <II = 1> <Delay = 1.83> <Storage> <Opcode : 'read' 'write' 'nbread' 'nbwrite'> <Ports = 0> <Width = 32> <Depth = 2> <FIFO>
ST_4 : Operation 1568 [1/1] (0.00ns)   --->   "%curr_localImage_570 = extractvalue i61536 %call_ret1" [../image_analysis.cpp:259]   --->   Operation 1568 'extractvalue' 'curr_localImage_570' <Predicate = true> <Delay = 0.00> <CoreInst = "FIFO_SRL">   --->   Core 80 'FIFO_SRL' <Latency = 0> <II = 1> <Delay = 1.83> <Storage> <Opcode : 'read' 'write' 'nbread' 'nbwrite'> <Ports = 0> <Width = 32> <Depth = 2> <FIFO>
ST_4 : Operation 1569 [1/1] (0.00ns)   --->   "%curr_localImage_571 = extractvalue i61536 %call_ret1" [../image_analysis.cpp:259]   --->   Operation 1569 'extractvalue' 'curr_localImage_571' <Predicate = true> <Delay = 0.00> <CoreInst = "FIFO_SRL">   --->   Core 80 'FIFO_SRL' <Latency = 0> <II = 1> <Delay = 1.83> <Storage> <Opcode : 'read' 'write' 'nbread' 'nbwrite'> <Ports = 0> <Width = 32> <Depth = 2> <FIFO>
ST_4 : Operation 1570 [1/1] (0.00ns)   --->   "%curr_localImage_572 = extractvalue i61536 %call_ret1" [../image_analysis.cpp:259]   --->   Operation 1570 'extractvalue' 'curr_localImage_572' <Predicate = true> <Delay = 0.00> <CoreInst = "FIFO_SRL">   --->   Core 80 'FIFO_SRL' <Latency = 0> <II = 1> <Delay = 1.83> <Storage> <Opcode : 'read' 'write' 'nbread' 'nbwrite'> <Ports = 0> <Width = 32> <Depth = 2> <FIFO>
ST_4 : Operation 1571 [1/1] (0.00ns)   --->   "%curr_localImage_573 = extractvalue i61536 %call_ret1" [../image_analysis.cpp:259]   --->   Operation 1571 'extractvalue' 'curr_localImage_573' <Predicate = true> <Delay = 0.00> <CoreInst = "FIFO_SRL">   --->   Core 80 'FIFO_SRL' <Latency = 0> <II = 1> <Delay = 1.83> <Storage> <Opcode : 'read' 'write' 'nbread' 'nbwrite'> <Ports = 0> <Width = 32> <Depth = 2> <FIFO>
ST_4 : Operation 1572 [1/1] (0.00ns)   --->   "%curr_localImage_574 = extractvalue i61536 %call_ret1" [../image_analysis.cpp:259]   --->   Operation 1572 'extractvalue' 'curr_localImage_574' <Predicate = true> <Delay = 0.00> <CoreInst = "FIFO_SRL">   --->   Core 80 'FIFO_SRL' <Latency = 0> <II = 1> <Delay = 1.83> <Storage> <Opcode : 'read' 'write' 'nbread' 'nbwrite'> <Ports = 0> <Width = 32> <Depth = 2> <FIFO>
ST_4 : Operation 1573 [1/1] (0.00ns)   --->   "%curr_localImage_575 = extractvalue i61536 %call_ret1" [../image_analysis.cpp:259]   --->   Operation 1573 'extractvalue' 'curr_localImage_575' <Predicate = true> <Delay = 0.00> <CoreInst = "FIFO_SRL">   --->   Core 80 'FIFO_SRL' <Latency = 0> <II = 1> <Delay = 1.83> <Storage> <Opcode : 'read' 'write' 'nbread' 'nbwrite'> <Ports = 0> <Width = 32> <Depth = 2> <FIFO>
ST_4 : Operation 1574 [1/1] (0.00ns)   --->   "%curr_localImage_576 = extractvalue i61536 %call_ret1" [../image_analysis.cpp:259]   --->   Operation 1574 'extractvalue' 'curr_localImage_576' <Predicate = true> <Delay = 0.00> <CoreInst = "FIFO_SRL">   --->   Core 80 'FIFO_SRL' <Latency = 0> <II = 1> <Delay = 1.83> <Storage> <Opcode : 'read' 'write' 'nbread' 'nbwrite'> <Ports = 0> <Width = 32> <Depth = 2> <FIFO>
ST_4 : Operation 1575 [1/1] (0.00ns)   --->   "%curr_localImage_577 = extractvalue i61536 %call_ret1" [../image_analysis.cpp:259]   --->   Operation 1575 'extractvalue' 'curr_localImage_577' <Predicate = true> <Delay = 0.00> <CoreInst = "FIFO_SRL">   --->   Core 80 'FIFO_SRL' <Latency = 0> <II = 1> <Delay = 1.83> <Storage> <Opcode : 'read' 'write' 'nbread' 'nbwrite'> <Ports = 0> <Width = 32> <Depth = 2> <FIFO>
ST_4 : Operation 1576 [1/1] (0.00ns)   --->   "%curr_localImage_578 = extractvalue i61536 %call_ret1" [../image_analysis.cpp:259]   --->   Operation 1576 'extractvalue' 'curr_localImage_578' <Predicate = true> <Delay = 0.00> <CoreInst = "FIFO_SRL">   --->   Core 80 'FIFO_SRL' <Latency = 0> <II = 1> <Delay = 1.83> <Storage> <Opcode : 'read' 'write' 'nbread' 'nbwrite'> <Ports = 0> <Width = 32> <Depth = 2> <FIFO>
ST_4 : Operation 1577 [1/1] (0.00ns)   --->   "%curr_localImage_579 = extractvalue i61536 %call_ret1" [../image_analysis.cpp:259]   --->   Operation 1577 'extractvalue' 'curr_localImage_579' <Predicate = true> <Delay = 0.00> <CoreInst = "FIFO_SRL">   --->   Core 80 'FIFO_SRL' <Latency = 0> <II = 1> <Delay = 1.83> <Storage> <Opcode : 'read' 'write' 'nbread' 'nbwrite'> <Ports = 0> <Width = 32> <Depth = 2> <FIFO>
ST_4 : Operation 1578 [1/1] (0.00ns)   --->   "%curr_localImage_580 = extractvalue i61536 %call_ret1" [../image_analysis.cpp:259]   --->   Operation 1578 'extractvalue' 'curr_localImage_580' <Predicate = true> <Delay = 0.00> <CoreInst = "FIFO_SRL">   --->   Core 80 'FIFO_SRL' <Latency = 0> <II = 1> <Delay = 1.83> <Storage> <Opcode : 'read' 'write' 'nbread' 'nbwrite'> <Ports = 0> <Width = 32> <Depth = 2> <FIFO>
ST_4 : Operation 1579 [1/1] (0.00ns)   --->   "%curr_localImage_581 = extractvalue i61536 %call_ret1" [../image_analysis.cpp:259]   --->   Operation 1579 'extractvalue' 'curr_localImage_581' <Predicate = true> <Delay = 0.00> <CoreInst = "FIFO_SRL">   --->   Core 80 'FIFO_SRL' <Latency = 0> <II = 1> <Delay = 1.83> <Storage> <Opcode : 'read' 'write' 'nbread' 'nbwrite'> <Ports = 0> <Width = 32> <Depth = 2> <FIFO>
ST_4 : Operation 1580 [1/1] (0.00ns)   --->   "%curr_localImage_582 = extractvalue i61536 %call_ret1" [../image_analysis.cpp:259]   --->   Operation 1580 'extractvalue' 'curr_localImage_582' <Predicate = true> <Delay = 0.00> <CoreInst = "FIFO_SRL">   --->   Core 80 'FIFO_SRL' <Latency = 0> <II = 1> <Delay = 1.83> <Storage> <Opcode : 'read' 'write' 'nbread' 'nbwrite'> <Ports = 0> <Width = 32> <Depth = 2> <FIFO>
ST_4 : Operation 1581 [1/1] (0.00ns)   --->   "%curr_localImage_583 = extractvalue i61536 %call_ret1" [../image_analysis.cpp:259]   --->   Operation 1581 'extractvalue' 'curr_localImage_583' <Predicate = true> <Delay = 0.00> <CoreInst = "FIFO_SRL">   --->   Core 80 'FIFO_SRL' <Latency = 0> <II = 1> <Delay = 1.83> <Storage> <Opcode : 'read' 'write' 'nbread' 'nbwrite'> <Ports = 0> <Width = 32> <Depth = 2> <FIFO>
ST_4 : Operation 1582 [1/1] (0.00ns)   --->   "%curr_localImage_584 = extractvalue i61536 %call_ret1" [../image_analysis.cpp:259]   --->   Operation 1582 'extractvalue' 'curr_localImage_584' <Predicate = true> <Delay = 0.00> <CoreInst = "FIFO_SRL">   --->   Core 80 'FIFO_SRL' <Latency = 0> <II = 1> <Delay = 1.83> <Storage> <Opcode : 'read' 'write' 'nbread' 'nbwrite'> <Ports = 0> <Width = 32> <Depth = 2> <FIFO>
ST_4 : Operation 1583 [1/1] (0.00ns)   --->   "%curr_localImage_585 = extractvalue i61536 %call_ret1" [../image_analysis.cpp:259]   --->   Operation 1583 'extractvalue' 'curr_localImage_585' <Predicate = true> <Delay = 0.00> <CoreInst = "FIFO_SRL">   --->   Core 80 'FIFO_SRL' <Latency = 0> <II = 1> <Delay = 1.83> <Storage> <Opcode : 'read' 'write' 'nbread' 'nbwrite'> <Ports = 0> <Width = 32> <Depth = 2> <FIFO>
ST_4 : Operation 1584 [1/1] (0.00ns)   --->   "%curr_localImage_586 = extractvalue i61536 %call_ret1" [../image_analysis.cpp:259]   --->   Operation 1584 'extractvalue' 'curr_localImage_586' <Predicate = true> <Delay = 0.00> <CoreInst = "FIFO_SRL">   --->   Core 80 'FIFO_SRL' <Latency = 0> <II = 1> <Delay = 1.83> <Storage> <Opcode : 'read' 'write' 'nbread' 'nbwrite'> <Ports = 0> <Width = 32> <Depth = 2> <FIFO>
ST_4 : Operation 1585 [1/1] (0.00ns)   --->   "%curr_localImage_587 = extractvalue i61536 %call_ret1" [../image_analysis.cpp:259]   --->   Operation 1585 'extractvalue' 'curr_localImage_587' <Predicate = true> <Delay = 0.00> <CoreInst = "FIFO_SRL">   --->   Core 80 'FIFO_SRL' <Latency = 0> <II = 1> <Delay = 1.83> <Storage> <Opcode : 'read' 'write' 'nbread' 'nbwrite'> <Ports = 0> <Width = 32> <Depth = 2> <FIFO>
ST_4 : Operation 1586 [1/1] (0.00ns)   --->   "%curr_localImage_588 = extractvalue i61536 %call_ret1" [../image_analysis.cpp:259]   --->   Operation 1586 'extractvalue' 'curr_localImage_588' <Predicate = true> <Delay = 0.00> <CoreInst = "FIFO_SRL">   --->   Core 80 'FIFO_SRL' <Latency = 0> <II = 1> <Delay = 1.83> <Storage> <Opcode : 'read' 'write' 'nbread' 'nbwrite'> <Ports = 0> <Width = 32> <Depth = 2> <FIFO>
ST_4 : Operation 1587 [1/1] (0.00ns)   --->   "%curr_localImage_589 = extractvalue i61536 %call_ret1" [../image_analysis.cpp:259]   --->   Operation 1587 'extractvalue' 'curr_localImage_589' <Predicate = true> <Delay = 0.00> <CoreInst = "FIFO_SRL">   --->   Core 80 'FIFO_SRL' <Latency = 0> <II = 1> <Delay = 1.83> <Storage> <Opcode : 'read' 'write' 'nbread' 'nbwrite'> <Ports = 0> <Width = 32> <Depth = 2> <FIFO>
ST_4 : Operation 1588 [1/1] (0.00ns)   --->   "%curr_localImage_590 = extractvalue i61536 %call_ret1" [../image_analysis.cpp:259]   --->   Operation 1588 'extractvalue' 'curr_localImage_590' <Predicate = true> <Delay = 0.00> <CoreInst = "FIFO_SRL">   --->   Core 80 'FIFO_SRL' <Latency = 0> <II = 1> <Delay = 1.83> <Storage> <Opcode : 'read' 'write' 'nbread' 'nbwrite'> <Ports = 0> <Width = 32> <Depth = 2> <FIFO>
ST_4 : Operation 1589 [1/1] (0.00ns)   --->   "%curr_localImage_591 = extractvalue i61536 %call_ret1" [../image_analysis.cpp:259]   --->   Operation 1589 'extractvalue' 'curr_localImage_591' <Predicate = true> <Delay = 0.00> <CoreInst = "FIFO_SRL">   --->   Core 80 'FIFO_SRL' <Latency = 0> <II = 1> <Delay = 1.83> <Storage> <Opcode : 'read' 'write' 'nbread' 'nbwrite'> <Ports = 0> <Width = 32> <Depth = 2> <FIFO>
ST_4 : Operation 1590 [1/1] (0.00ns)   --->   "%curr_localImage_592 = extractvalue i61536 %call_ret1" [../image_analysis.cpp:259]   --->   Operation 1590 'extractvalue' 'curr_localImage_592' <Predicate = true> <Delay = 0.00> <CoreInst = "FIFO_SRL">   --->   Core 80 'FIFO_SRL' <Latency = 0> <II = 1> <Delay = 1.83> <Storage> <Opcode : 'read' 'write' 'nbread' 'nbwrite'> <Ports = 0> <Width = 32> <Depth = 2> <FIFO>
ST_4 : Operation 1591 [1/1] (0.00ns)   --->   "%curr_localImage_593 = extractvalue i61536 %call_ret1" [../image_analysis.cpp:259]   --->   Operation 1591 'extractvalue' 'curr_localImage_593' <Predicate = true> <Delay = 0.00> <CoreInst = "FIFO_SRL">   --->   Core 80 'FIFO_SRL' <Latency = 0> <II = 1> <Delay = 1.83> <Storage> <Opcode : 'read' 'write' 'nbread' 'nbwrite'> <Ports = 0> <Width = 32> <Depth = 2> <FIFO>
ST_4 : Operation 1592 [1/1] (0.00ns)   --->   "%curr_localImage_594 = extractvalue i61536 %call_ret1" [../image_analysis.cpp:259]   --->   Operation 1592 'extractvalue' 'curr_localImage_594' <Predicate = true> <Delay = 0.00> <CoreInst = "FIFO_SRL">   --->   Core 80 'FIFO_SRL' <Latency = 0> <II = 1> <Delay = 1.83> <Storage> <Opcode : 'read' 'write' 'nbread' 'nbwrite'> <Ports = 0> <Width = 32> <Depth = 2> <FIFO>
ST_4 : Operation 1593 [1/1] (0.00ns)   --->   "%curr_localImage_595 = extractvalue i61536 %call_ret1" [../image_analysis.cpp:259]   --->   Operation 1593 'extractvalue' 'curr_localImage_595' <Predicate = true> <Delay = 0.00> <CoreInst = "FIFO_SRL">   --->   Core 80 'FIFO_SRL' <Latency = 0> <II = 1> <Delay = 1.83> <Storage> <Opcode : 'read' 'write' 'nbread' 'nbwrite'> <Ports = 0> <Width = 32> <Depth = 2> <FIFO>
ST_4 : Operation 1594 [1/1] (0.00ns)   --->   "%curr_localImage_596 = extractvalue i61536 %call_ret1" [../image_analysis.cpp:259]   --->   Operation 1594 'extractvalue' 'curr_localImage_596' <Predicate = true> <Delay = 0.00> <CoreInst = "FIFO_SRL">   --->   Core 80 'FIFO_SRL' <Latency = 0> <II = 1> <Delay = 1.83> <Storage> <Opcode : 'read' 'write' 'nbread' 'nbwrite'> <Ports = 0> <Width = 32> <Depth = 2> <FIFO>
ST_4 : Operation 1595 [1/1] (0.00ns)   --->   "%curr_localImage_597 = extractvalue i61536 %call_ret1" [../image_analysis.cpp:259]   --->   Operation 1595 'extractvalue' 'curr_localImage_597' <Predicate = true> <Delay = 0.00> <CoreInst = "FIFO_SRL">   --->   Core 80 'FIFO_SRL' <Latency = 0> <II = 1> <Delay = 1.83> <Storage> <Opcode : 'read' 'write' 'nbread' 'nbwrite'> <Ports = 0> <Width = 32> <Depth = 2> <FIFO>
ST_4 : Operation 1596 [1/1] (0.00ns)   --->   "%curr_localImage_598 = extractvalue i61536 %call_ret1" [../image_analysis.cpp:259]   --->   Operation 1596 'extractvalue' 'curr_localImage_598' <Predicate = true> <Delay = 0.00> <CoreInst = "FIFO_SRL">   --->   Core 80 'FIFO_SRL' <Latency = 0> <II = 1> <Delay = 1.83> <Storage> <Opcode : 'read' 'write' 'nbread' 'nbwrite'> <Ports = 0> <Width = 32> <Depth = 2> <FIFO>
ST_4 : Operation 1597 [1/1] (0.00ns)   --->   "%curr_localImage_599 = extractvalue i61536 %call_ret1" [../image_analysis.cpp:259]   --->   Operation 1597 'extractvalue' 'curr_localImage_599' <Predicate = true> <Delay = 0.00> <CoreInst = "FIFO_SRL">   --->   Core 80 'FIFO_SRL' <Latency = 0> <II = 1> <Delay = 1.83> <Storage> <Opcode : 'read' 'write' 'nbread' 'nbwrite'> <Ports = 0> <Width = 32> <Depth = 2> <FIFO>
ST_4 : Operation 1598 [1/1] (0.00ns)   --->   "%curr_localImage_600 = extractvalue i61536 %call_ret1" [../image_analysis.cpp:259]   --->   Operation 1598 'extractvalue' 'curr_localImage_600' <Predicate = true> <Delay = 0.00> <CoreInst = "FIFO_SRL">   --->   Core 80 'FIFO_SRL' <Latency = 0> <II = 1> <Delay = 1.83> <Storage> <Opcode : 'read' 'write' 'nbread' 'nbwrite'> <Ports = 0> <Width = 32> <Depth = 2> <FIFO>
ST_4 : Operation 1599 [1/1] (0.00ns)   --->   "%curr_localImage_601 = extractvalue i61536 %call_ret1" [../image_analysis.cpp:259]   --->   Operation 1599 'extractvalue' 'curr_localImage_601' <Predicate = true> <Delay = 0.00> <CoreInst = "FIFO_SRL">   --->   Core 80 'FIFO_SRL' <Latency = 0> <II = 1> <Delay = 1.83> <Storage> <Opcode : 'read' 'write' 'nbread' 'nbwrite'> <Ports = 0> <Width = 32> <Depth = 2> <FIFO>
ST_4 : Operation 1600 [1/1] (0.00ns)   --->   "%curr_localImage_602 = extractvalue i61536 %call_ret1" [../image_analysis.cpp:259]   --->   Operation 1600 'extractvalue' 'curr_localImage_602' <Predicate = true> <Delay = 0.00> <CoreInst = "FIFO_SRL">   --->   Core 80 'FIFO_SRL' <Latency = 0> <II = 1> <Delay = 1.83> <Storage> <Opcode : 'read' 'write' 'nbread' 'nbwrite'> <Ports = 0> <Width = 32> <Depth = 2> <FIFO>
ST_4 : Operation 1601 [1/1] (0.00ns)   --->   "%curr_localImage_603 = extractvalue i61536 %call_ret1" [../image_analysis.cpp:259]   --->   Operation 1601 'extractvalue' 'curr_localImage_603' <Predicate = true> <Delay = 0.00> <CoreInst = "FIFO_SRL">   --->   Core 80 'FIFO_SRL' <Latency = 0> <II = 1> <Delay = 1.83> <Storage> <Opcode : 'read' 'write' 'nbread' 'nbwrite'> <Ports = 0> <Width = 32> <Depth = 2> <FIFO>
ST_4 : Operation 1602 [1/1] (0.00ns)   --->   "%curr_localImage_604 = extractvalue i61536 %call_ret1" [../image_analysis.cpp:259]   --->   Operation 1602 'extractvalue' 'curr_localImage_604' <Predicate = true> <Delay = 0.00> <CoreInst = "FIFO_SRL">   --->   Core 80 'FIFO_SRL' <Latency = 0> <II = 1> <Delay = 1.83> <Storage> <Opcode : 'read' 'write' 'nbread' 'nbwrite'> <Ports = 0> <Width = 32> <Depth = 2> <FIFO>
ST_4 : Operation 1603 [1/1] (0.00ns)   --->   "%curr_localImage_605 = extractvalue i61536 %call_ret1" [../image_analysis.cpp:259]   --->   Operation 1603 'extractvalue' 'curr_localImage_605' <Predicate = true> <Delay = 0.00> <CoreInst = "FIFO_SRL">   --->   Core 80 'FIFO_SRL' <Latency = 0> <II = 1> <Delay = 1.83> <Storage> <Opcode : 'read' 'write' 'nbread' 'nbwrite'> <Ports = 0> <Width = 32> <Depth = 2> <FIFO>
ST_4 : Operation 1604 [1/1] (0.00ns)   --->   "%curr_localImage_606 = extractvalue i61536 %call_ret1" [../image_analysis.cpp:259]   --->   Operation 1604 'extractvalue' 'curr_localImage_606' <Predicate = true> <Delay = 0.00> <CoreInst = "FIFO_SRL">   --->   Core 80 'FIFO_SRL' <Latency = 0> <II = 1> <Delay = 1.83> <Storage> <Opcode : 'read' 'write' 'nbread' 'nbwrite'> <Ports = 0> <Width = 32> <Depth = 2> <FIFO>
ST_4 : Operation 1605 [1/1] (0.00ns)   --->   "%curr_localImage_607 = extractvalue i61536 %call_ret1" [../image_analysis.cpp:259]   --->   Operation 1605 'extractvalue' 'curr_localImage_607' <Predicate = true> <Delay = 0.00> <CoreInst = "FIFO_SRL">   --->   Core 80 'FIFO_SRL' <Latency = 0> <II = 1> <Delay = 1.83> <Storage> <Opcode : 'read' 'write' 'nbread' 'nbwrite'> <Ports = 0> <Width = 32> <Depth = 2> <FIFO>
ST_4 : Operation 1606 [1/1] (0.00ns)   --->   "%curr_localImage_608 = extractvalue i61536 %call_ret1" [../image_analysis.cpp:259]   --->   Operation 1606 'extractvalue' 'curr_localImage_608' <Predicate = true> <Delay = 0.00> <CoreInst = "FIFO_SRL">   --->   Core 80 'FIFO_SRL' <Latency = 0> <II = 1> <Delay = 1.83> <Storage> <Opcode : 'read' 'write' 'nbread' 'nbwrite'> <Ports = 0> <Width = 32> <Depth = 2> <FIFO>
ST_4 : Operation 1607 [1/1] (0.00ns)   --->   "%curr_localImage_609 = extractvalue i61536 %call_ret1" [../image_analysis.cpp:259]   --->   Operation 1607 'extractvalue' 'curr_localImage_609' <Predicate = true> <Delay = 0.00> <CoreInst = "FIFO_SRL">   --->   Core 80 'FIFO_SRL' <Latency = 0> <II = 1> <Delay = 1.83> <Storage> <Opcode : 'read' 'write' 'nbread' 'nbwrite'> <Ports = 0> <Width = 32> <Depth = 2> <FIFO>
ST_4 : Operation 1608 [1/1] (0.00ns)   --->   "%curr_localImage_610 = extractvalue i61536 %call_ret1" [../image_analysis.cpp:259]   --->   Operation 1608 'extractvalue' 'curr_localImage_610' <Predicate = true> <Delay = 0.00> <CoreInst = "FIFO_SRL">   --->   Core 80 'FIFO_SRL' <Latency = 0> <II = 1> <Delay = 1.83> <Storage> <Opcode : 'read' 'write' 'nbread' 'nbwrite'> <Ports = 0> <Width = 32> <Depth = 2> <FIFO>
ST_4 : Operation 1609 [1/1] (0.00ns)   --->   "%curr_localImage_611 = extractvalue i61536 %call_ret1" [../image_analysis.cpp:259]   --->   Operation 1609 'extractvalue' 'curr_localImage_611' <Predicate = true> <Delay = 0.00> <CoreInst = "FIFO_SRL">   --->   Core 80 'FIFO_SRL' <Latency = 0> <II = 1> <Delay = 1.83> <Storage> <Opcode : 'read' 'write' 'nbread' 'nbwrite'> <Ports = 0> <Width = 32> <Depth = 2> <FIFO>
ST_4 : Operation 1610 [1/1] (0.00ns)   --->   "%curr_localImage_612 = extractvalue i61536 %call_ret1" [../image_analysis.cpp:259]   --->   Operation 1610 'extractvalue' 'curr_localImage_612' <Predicate = true> <Delay = 0.00> <CoreInst = "FIFO_SRL">   --->   Core 80 'FIFO_SRL' <Latency = 0> <II = 1> <Delay = 1.83> <Storage> <Opcode : 'read' 'write' 'nbread' 'nbwrite'> <Ports = 0> <Width = 32> <Depth = 2> <FIFO>
ST_4 : Operation 1611 [1/1] (0.00ns)   --->   "%curr_localImage_613 = extractvalue i61536 %call_ret1" [../image_analysis.cpp:259]   --->   Operation 1611 'extractvalue' 'curr_localImage_613' <Predicate = true> <Delay = 0.00> <CoreInst = "FIFO_SRL">   --->   Core 80 'FIFO_SRL' <Latency = 0> <II = 1> <Delay = 1.83> <Storage> <Opcode : 'read' 'write' 'nbread' 'nbwrite'> <Ports = 0> <Width = 32> <Depth = 2> <FIFO>
ST_4 : Operation 1612 [1/1] (0.00ns)   --->   "%curr_localImage_614 = extractvalue i61536 %call_ret1" [../image_analysis.cpp:259]   --->   Operation 1612 'extractvalue' 'curr_localImage_614' <Predicate = true> <Delay = 0.00> <CoreInst = "FIFO_SRL">   --->   Core 80 'FIFO_SRL' <Latency = 0> <II = 1> <Delay = 1.83> <Storage> <Opcode : 'read' 'write' 'nbread' 'nbwrite'> <Ports = 0> <Width = 32> <Depth = 2> <FIFO>
ST_4 : Operation 1613 [1/1] (0.00ns)   --->   "%curr_localImage_615 = extractvalue i61536 %call_ret1" [../image_analysis.cpp:259]   --->   Operation 1613 'extractvalue' 'curr_localImage_615' <Predicate = true> <Delay = 0.00> <CoreInst = "FIFO_SRL">   --->   Core 80 'FIFO_SRL' <Latency = 0> <II = 1> <Delay = 1.83> <Storage> <Opcode : 'read' 'write' 'nbread' 'nbwrite'> <Ports = 0> <Width = 32> <Depth = 2> <FIFO>
ST_4 : Operation 1614 [1/1] (0.00ns)   --->   "%curr_localImage_616 = extractvalue i61536 %call_ret1" [../image_analysis.cpp:259]   --->   Operation 1614 'extractvalue' 'curr_localImage_616' <Predicate = true> <Delay = 0.00> <CoreInst = "FIFO_SRL">   --->   Core 80 'FIFO_SRL' <Latency = 0> <II = 1> <Delay = 1.83> <Storage> <Opcode : 'read' 'write' 'nbread' 'nbwrite'> <Ports = 0> <Width = 32> <Depth = 2> <FIFO>
ST_4 : Operation 1615 [1/1] (0.00ns)   --->   "%curr_localImage_617 = extractvalue i61536 %call_ret1" [../image_analysis.cpp:259]   --->   Operation 1615 'extractvalue' 'curr_localImage_617' <Predicate = true> <Delay = 0.00> <CoreInst = "FIFO_SRL">   --->   Core 80 'FIFO_SRL' <Latency = 0> <II = 1> <Delay = 1.83> <Storage> <Opcode : 'read' 'write' 'nbread' 'nbwrite'> <Ports = 0> <Width = 32> <Depth = 2> <FIFO>
ST_4 : Operation 1616 [1/1] (0.00ns)   --->   "%curr_localImage_618 = extractvalue i61536 %call_ret1" [../image_analysis.cpp:259]   --->   Operation 1616 'extractvalue' 'curr_localImage_618' <Predicate = true> <Delay = 0.00> <CoreInst = "FIFO_SRL">   --->   Core 80 'FIFO_SRL' <Latency = 0> <II = 1> <Delay = 1.83> <Storage> <Opcode : 'read' 'write' 'nbread' 'nbwrite'> <Ports = 0> <Width = 32> <Depth = 2> <FIFO>
ST_4 : Operation 1617 [1/1] (0.00ns)   --->   "%curr_localImage_619 = extractvalue i61536 %call_ret1" [../image_analysis.cpp:259]   --->   Operation 1617 'extractvalue' 'curr_localImage_619' <Predicate = true> <Delay = 0.00> <CoreInst = "FIFO_SRL">   --->   Core 80 'FIFO_SRL' <Latency = 0> <II = 1> <Delay = 1.83> <Storage> <Opcode : 'read' 'write' 'nbread' 'nbwrite'> <Ports = 0> <Width = 32> <Depth = 2> <FIFO>
ST_4 : Operation 1618 [1/1] (0.00ns)   --->   "%curr_localImage_620 = extractvalue i61536 %call_ret1" [../image_analysis.cpp:259]   --->   Operation 1618 'extractvalue' 'curr_localImage_620' <Predicate = true> <Delay = 0.00> <CoreInst = "FIFO_SRL">   --->   Core 80 'FIFO_SRL' <Latency = 0> <II = 1> <Delay = 1.83> <Storage> <Opcode : 'read' 'write' 'nbread' 'nbwrite'> <Ports = 0> <Width = 32> <Depth = 2> <FIFO>
ST_4 : Operation 1619 [1/1] (0.00ns)   --->   "%curr_localImage_621 = extractvalue i61536 %call_ret1" [../image_analysis.cpp:259]   --->   Operation 1619 'extractvalue' 'curr_localImage_621' <Predicate = true> <Delay = 0.00> <CoreInst = "FIFO_SRL">   --->   Core 80 'FIFO_SRL' <Latency = 0> <II = 1> <Delay = 1.83> <Storage> <Opcode : 'read' 'write' 'nbread' 'nbwrite'> <Ports = 0> <Width = 32> <Depth = 2> <FIFO>
ST_4 : Operation 1620 [1/1] (0.00ns)   --->   "%curr_localImage_622 = extractvalue i61536 %call_ret1" [../image_analysis.cpp:259]   --->   Operation 1620 'extractvalue' 'curr_localImage_622' <Predicate = true> <Delay = 0.00> <CoreInst = "FIFO_SRL">   --->   Core 80 'FIFO_SRL' <Latency = 0> <II = 1> <Delay = 1.83> <Storage> <Opcode : 'read' 'write' 'nbread' 'nbwrite'> <Ports = 0> <Width = 32> <Depth = 2> <FIFO>
ST_4 : Operation 1621 [1/1] (0.00ns)   --->   "%curr_localImage_623 = extractvalue i61536 %call_ret1" [../image_analysis.cpp:259]   --->   Operation 1621 'extractvalue' 'curr_localImage_623' <Predicate = true> <Delay = 0.00> <CoreInst = "FIFO_SRL">   --->   Core 80 'FIFO_SRL' <Latency = 0> <II = 1> <Delay = 1.83> <Storage> <Opcode : 'read' 'write' 'nbread' 'nbwrite'> <Ports = 0> <Width = 32> <Depth = 2> <FIFO>
ST_4 : Operation 1622 [1/1] (0.00ns)   --->   "%curr_localImage_624 = extractvalue i61536 %call_ret1" [../image_analysis.cpp:259]   --->   Operation 1622 'extractvalue' 'curr_localImage_624' <Predicate = true> <Delay = 0.00> <CoreInst = "FIFO_SRL">   --->   Core 80 'FIFO_SRL' <Latency = 0> <II = 1> <Delay = 1.83> <Storage> <Opcode : 'read' 'write' 'nbread' 'nbwrite'> <Ports = 0> <Width = 32> <Depth = 2> <FIFO>
ST_4 : Operation 1623 [1/1] (0.00ns)   --->   "%curr_localImage_625 = extractvalue i61536 %call_ret1" [../image_analysis.cpp:259]   --->   Operation 1623 'extractvalue' 'curr_localImage_625' <Predicate = true> <Delay = 0.00> <CoreInst = "FIFO_SRL">   --->   Core 80 'FIFO_SRL' <Latency = 0> <II = 1> <Delay = 1.83> <Storage> <Opcode : 'read' 'write' 'nbread' 'nbwrite'> <Ports = 0> <Width = 32> <Depth = 2> <FIFO>
ST_4 : Operation 1624 [1/1] (0.00ns)   --->   "%curr_localImage_626 = extractvalue i61536 %call_ret1" [../image_analysis.cpp:259]   --->   Operation 1624 'extractvalue' 'curr_localImage_626' <Predicate = true> <Delay = 0.00> <CoreInst = "FIFO_SRL">   --->   Core 80 'FIFO_SRL' <Latency = 0> <II = 1> <Delay = 1.83> <Storage> <Opcode : 'read' 'write' 'nbread' 'nbwrite'> <Ports = 0> <Width = 32> <Depth = 2> <FIFO>
ST_4 : Operation 1625 [1/1] (0.00ns)   --->   "%curr_localImage_627 = extractvalue i61536 %call_ret1" [../image_analysis.cpp:259]   --->   Operation 1625 'extractvalue' 'curr_localImage_627' <Predicate = true> <Delay = 0.00> <CoreInst = "FIFO_SRL">   --->   Core 80 'FIFO_SRL' <Latency = 0> <II = 1> <Delay = 1.83> <Storage> <Opcode : 'read' 'write' 'nbread' 'nbwrite'> <Ports = 0> <Width = 32> <Depth = 2> <FIFO>
ST_4 : Operation 1626 [1/1] (0.00ns)   --->   "%curr_localImage_628 = extractvalue i61536 %call_ret1" [../image_analysis.cpp:259]   --->   Operation 1626 'extractvalue' 'curr_localImage_628' <Predicate = true> <Delay = 0.00> <CoreInst = "FIFO_SRL">   --->   Core 80 'FIFO_SRL' <Latency = 0> <II = 1> <Delay = 1.83> <Storage> <Opcode : 'read' 'write' 'nbread' 'nbwrite'> <Ports = 0> <Width = 32> <Depth = 2> <FIFO>
ST_4 : Operation 1627 [1/1] (0.00ns)   --->   "%curr_localImage_629 = extractvalue i61536 %call_ret1" [../image_analysis.cpp:259]   --->   Operation 1627 'extractvalue' 'curr_localImage_629' <Predicate = true> <Delay = 0.00> <CoreInst = "FIFO_SRL">   --->   Core 80 'FIFO_SRL' <Latency = 0> <II = 1> <Delay = 1.83> <Storage> <Opcode : 'read' 'write' 'nbread' 'nbwrite'> <Ports = 0> <Width = 32> <Depth = 2> <FIFO>
ST_4 : Operation 1628 [1/1] (0.00ns)   --->   "%curr_localImage_630 = extractvalue i61536 %call_ret1" [../image_analysis.cpp:259]   --->   Operation 1628 'extractvalue' 'curr_localImage_630' <Predicate = true> <Delay = 0.00> <CoreInst = "FIFO_SRL">   --->   Core 80 'FIFO_SRL' <Latency = 0> <II = 1> <Delay = 1.83> <Storage> <Opcode : 'read' 'write' 'nbread' 'nbwrite'> <Ports = 0> <Width = 32> <Depth = 2> <FIFO>
ST_4 : Operation 1629 [1/1] (0.00ns)   --->   "%curr_localImage_631 = extractvalue i61536 %call_ret1" [../image_analysis.cpp:259]   --->   Operation 1629 'extractvalue' 'curr_localImage_631' <Predicate = true> <Delay = 0.00> <CoreInst = "FIFO_SRL">   --->   Core 80 'FIFO_SRL' <Latency = 0> <II = 1> <Delay = 1.83> <Storage> <Opcode : 'read' 'write' 'nbread' 'nbwrite'> <Ports = 0> <Width = 32> <Depth = 2> <FIFO>
ST_4 : Operation 1630 [1/1] (0.00ns)   --->   "%curr_localImage_632 = extractvalue i61536 %call_ret1" [../image_analysis.cpp:259]   --->   Operation 1630 'extractvalue' 'curr_localImage_632' <Predicate = true> <Delay = 0.00> <CoreInst = "FIFO_SRL">   --->   Core 80 'FIFO_SRL' <Latency = 0> <II = 1> <Delay = 1.83> <Storage> <Opcode : 'read' 'write' 'nbread' 'nbwrite'> <Ports = 0> <Width = 32> <Depth = 2> <FIFO>
ST_4 : Operation 1631 [1/1] (0.00ns)   --->   "%curr_localImage_633 = extractvalue i61536 %call_ret1" [../image_analysis.cpp:259]   --->   Operation 1631 'extractvalue' 'curr_localImage_633' <Predicate = true> <Delay = 0.00> <CoreInst = "FIFO_SRL">   --->   Core 80 'FIFO_SRL' <Latency = 0> <II = 1> <Delay = 1.83> <Storage> <Opcode : 'read' 'write' 'nbread' 'nbwrite'> <Ports = 0> <Width = 32> <Depth = 2> <FIFO>
ST_4 : Operation 1632 [1/1] (0.00ns)   --->   "%curr_localImage_634 = extractvalue i61536 %call_ret1" [../image_analysis.cpp:259]   --->   Operation 1632 'extractvalue' 'curr_localImage_634' <Predicate = true> <Delay = 0.00> <CoreInst = "FIFO_SRL">   --->   Core 80 'FIFO_SRL' <Latency = 0> <II = 1> <Delay = 1.83> <Storage> <Opcode : 'read' 'write' 'nbread' 'nbwrite'> <Ports = 0> <Width = 32> <Depth = 2> <FIFO>
ST_4 : Operation 1633 [1/1] (0.00ns)   --->   "%curr_localImage_635 = extractvalue i61536 %call_ret1" [../image_analysis.cpp:259]   --->   Operation 1633 'extractvalue' 'curr_localImage_635' <Predicate = true> <Delay = 0.00> <CoreInst = "FIFO_SRL">   --->   Core 80 'FIFO_SRL' <Latency = 0> <II = 1> <Delay = 1.83> <Storage> <Opcode : 'read' 'write' 'nbread' 'nbwrite'> <Ports = 0> <Width = 32> <Depth = 2> <FIFO>
ST_4 : Operation 1634 [1/1] (0.00ns)   --->   "%curr_localImage_636 = extractvalue i61536 %call_ret1" [../image_analysis.cpp:259]   --->   Operation 1634 'extractvalue' 'curr_localImage_636' <Predicate = true> <Delay = 0.00> <CoreInst = "FIFO_SRL">   --->   Core 80 'FIFO_SRL' <Latency = 0> <II = 1> <Delay = 1.83> <Storage> <Opcode : 'read' 'write' 'nbread' 'nbwrite'> <Ports = 0> <Width = 32> <Depth = 2> <FIFO>
ST_4 : Operation 1635 [1/1] (0.00ns)   --->   "%curr_localImage_637 = extractvalue i61536 %call_ret1" [../image_analysis.cpp:259]   --->   Operation 1635 'extractvalue' 'curr_localImage_637' <Predicate = true> <Delay = 0.00> <CoreInst = "FIFO_SRL">   --->   Core 80 'FIFO_SRL' <Latency = 0> <II = 1> <Delay = 1.83> <Storage> <Opcode : 'read' 'write' 'nbread' 'nbwrite'> <Ports = 0> <Width = 32> <Depth = 2> <FIFO>
ST_4 : Operation 1636 [1/1] (0.00ns)   --->   "%curr_localImage_638 = extractvalue i61536 %call_ret1" [../image_analysis.cpp:259]   --->   Operation 1636 'extractvalue' 'curr_localImage_638' <Predicate = true> <Delay = 0.00> <CoreInst = "FIFO_SRL">   --->   Core 80 'FIFO_SRL' <Latency = 0> <II = 1> <Delay = 1.83> <Storage> <Opcode : 'read' 'write' 'nbread' 'nbwrite'> <Ports = 0> <Width = 32> <Depth = 2> <FIFO>
ST_4 : Operation 1637 [1/1] (0.00ns)   --->   "%curr_localImage_639 = extractvalue i61536 %call_ret1" [../image_analysis.cpp:259]   --->   Operation 1637 'extractvalue' 'curr_localImage_639' <Predicate = true> <Delay = 0.00> <CoreInst = "FIFO_SRL">   --->   Core 80 'FIFO_SRL' <Latency = 0> <II = 1> <Delay = 1.83> <Storage> <Opcode : 'read' 'write' 'nbread' 'nbwrite'> <Ports = 0> <Width = 32> <Depth = 2> <FIFO>
ST_4 : Operation 1638 [1/1] (0.00ns)   --->   "%curr_localImage_640 = extractvalue i61536 %call_ret1" [../image_analysis.cpp:259]   --->   Operation 1638 'extractvalue' 'curr_localImage_640' <Predicate = true> <Delay = 0.00> <CoreInst = "FIFO_SRL">   --->   Core 80 'FIFO_SRL' <Latency = 0> <II = 1> <Delay = 1.83> <Storage> <Opcode : 'read' 'write' 'nbread' 'nbwrite'> <Ports = 0> <Width = 32> <Depth = 2> <FIFO>
ST_4 : Operation 1639 [1/1] (0.00ns)   --->   "%curr_localImage_641 = extractvalue i61536 %call_ret1" [../image_analysis.cpp:259]   --->   Operation 1639 'extractvalue' 'curr_localImage_641' <Predicate = true> <Delay = 0.00> <CoreInst = "FIFO_SRL">   --->   Core 80 'FIFO_SRL' <Latency = 0> <II = 1> <Delay = 1.83> <Storage> <Opcode : 'read' 'write' 'nbread' 'nbwrite'> <Ports = 0> <Width = 32> <Depth = 2> <FIFO>
ST_4 : Operation 1640 [1/1] (0.00ns)   --->   "%curr_localImage_642 = extractvalue i61536 %call_ret1" [../image_analysis.cpp:259]   --->   Operation 1640 'extractvalue' 'curr_localImage_642' <Predicate = true> <Delay = 0.00> <CoreInst = "FIFO_SRL">   --->   Core 80 'FIFO_SRL' <Latency = 0> <II = 1> <Delay = 1.83> <Storage> <Opcode : 'read' 'write' 'nbread' 'nbwrite'> <Ports = 0> <Width = 32> <Depth = 2> <FIFO>
ST_4 : Operation 1641 [1/1] (0.00ns)   --->   "%curr_localImage_643 = extractvalue i61536 %call_ret1" [../image_analysis.cpp:259]   --->   Operation 1641 'extractvalue' 'curr_localImage_643' <Predicate = true> <Delay = 0.00> <CoreInst = "FIFO_SRL">   --->   Core 80 'FIFO_SRL' <Latency = 0> <II = 1> <Delay = 1.83> <Storage> <Opcode : 'read' 'write' 'nbread' 'nbwrite'> <Ports = 0> <Width = 32> <Depth = 2> <FIFO>
ST_4 : Operation 1642 [1/1] (0.00ns)   --->   "%curr_localImage_644 = extractvalue i61536 %call_ret1" [../image_analysis.cpp:259]   --->   Operation 1642 'extractvalue' 'curr_localImage_644' <Predicate = true> <Delay = 0.00> <CoreInst = "FIFO_SRL">   --->   Core 80 'FIFO_SRL' <Latency = 0> <II = 1> <Delay = 1.83> <Storage> <Opcode : 'read' 'write' 'nbread' 'nbwrite'> <Ports = 0> <Width = 32> <Depth = 2> <FIFO>
ST_4 : Operation 1643 [1/1] (0.00ns)   --->   "%curr_localImage_645 = extractvalue i61536 %call_ret1" [../image_analysis.cpp:259]   --->   Operation 1643 'extractvalue' 'curr_localImage_645' <Predicate = true> <Delay = 0.00> <CoreInst = "FIFO_SRL">   --->   Core 80 'FIFO_SRL' <Latency = 0> <II = 1> <Delay = 1.83> <Storage> <Opcode : 'read' 'write' 'nbread' 'nbwrite'> <Ports = 0> <Width = 32> <Depth = 2> <FIFO>
ST_4 : Operation 1644 [1/1] (0.00ns)   --->   "%curr_localImage_646 = extractvalue i61536 %call_ret1" [../image_analysis.cpp:259]   --->   Operation 1644 'extractvalue' 'curr_localImage_646' <Predicate = true> <Delay = 0.00> <CoreInst = "FIFO_SRL">   --->   Core 80 'FIFO_SRL' <Latency = 0> <II = 1> <Delay = 1.83> <Storage> <Opcode : 'read' 'write' 'nbread' 'nbwrite'> <Ports = 0> <Width = 32> <Depth = 2> <FIFO>
ST_4 : Operation 1645 [1/1] (0.00ns)   --->   "%curr_localImage_647 = extractvalue i61536 %call_ret1" [../image_analysis.cpp:259]   --->   Operation 1645 'extractvalue' 'curr_localImage_647' <Predicate = true> <Delay = 0.00> <CoreInst = "FIFO_SRL">   --->   Core 80 'FIFO_SRL' <Latency = 0> <II = 1> <Delay = 1.83> <Storage> <Opcode : 'read' 'write' 'nbread' 'nbwrite'> <Ports = 0> <Width = 32> <Depth = 2> <FIFO>
ST_4 : Operation 1646 [1/1] (0.00ns)   --->   "%curr_localImage_648 = extractvalue i61536 %call_ret1" [../image_analysis.cpp:259]   --->   Operation 1646 'extractvalue' 'curr_localImage_648' <Predicate = true> <Delay = 0.00> <CoreInst = "FIFO_SRL">   --->   Core 80 'FIFO_SRL' <Latency = 0> <II = 1> <Delay = 1.83> <Storage> <Opcode : 'read' 'write' 'nbread' 'nbwrite'> <Ports = 0> <Width = 32> <Depth = 2> <FIFO>
ST_4 : Operation 1647 [1/1] (0.00ns)   --->   "%curr_localImage_649 = extractvalue i61536 %call_ret1" [../image_analysis.cpp:259]   --->   Operation 1647 'extractvalue' 'curr_localImage_649' <Predicate = true> <Delay = 0.00> <CoreInst = "FIFO_SRL">   --->   Core 80 'FIFO_SRL' <Latency = 0> <II = 1> <Delay = 1.83> <Storage> <Opcode : 'read' 'write' 'nbread' 'nbwrite'> <Ports = 0> <Width = 32> <Depth = 2> <FIFO>
ST_4 : Operation 1648 [1/1] (0.00ns)   --->   "%curr_localImage_650 = extractvalue i61536 %call_ret1" [../image_analysis.cpp:259]   --->   Operation 1648 'extractvalue' 'curr_localImage_650' <Predicate = true> <Delay = 0.00> <CoreInst = "FIFO_SRL">   --->   Core 80 'FIFO_SRL' <Latency = 0> <II = 1> <Delay = 1.83> <Storage> <Opcode : 'read' 'write' 'nbread' 'nbwrite'> <Ports = 0> <Width = 32> <Depth = 2> <FIFO>
ST_4 : Operation 1649 [1/1] (0.00ns)   --->   "%curr_localImage_651 = extractvalue i61536 %call_ret1" [../image_analysis.cpp:259]   --->   Operation 1649 'extractvalue' 'curr_localImage_651' <Predicate = true> <Delay = 0.00> <CoreInst = "FIFO_SRL">   --->   Core 80 'FIFO_SRL' <Latency = 0> <II = 1> <Delay = 1.83> <Storage> <Opcode : 'read' 'write' 'nbread' 'nbwrite'> <Ports = 0> <Width = 32> <Depth = 2> <FIFO>
ST_4 : Operation 1650 [1/1] (0.00ns)   --->   "%curr_localImage_652 = extractvalue i61536 %call_ret1" [../image_analysis.cpp:259]   --->   Operation 1650 'extractvalue' 'curr_localImage_652' <Predicate = true> <Delay = 0.00> <CoreInst = "FIFO_SRL">   --->   Core 80 'FIFO_SRL' <Latency = 0> <II = 1> <Delay = 1.83> <Storage> <Opcode : 'read' 'write' 'nbread' 'nbwrite'> <Ports = 0> <Width = 32> <Depth = 2> <FIFO>
ST_4 : Operation 1651 [1/1] (0.00ns)   --->   "%curr_localImage_653 = extractvalue i61536 %call_ret1" [../image_analysis.cpp:259]   --->   Operation 1651 'extractvalue' 'curr_localImage_653' <Predicate = true> <Delay = 0.00> <CoreInst = "FIFO_SRL">   --->   Core 80 'FIFO_SRL' <Latency = 0> <II = 1> <Delay = 1.83> <Storage> <Opcode : 'read' 'write' 'nbread' 'nbwrite'> <Ports = 0> <Width = 32> <Depth = 2> <FIFO>
ST_4 : Operation 1652 [1/1] (0.00ns)   --->   "%curr_localImage_654 = extractvalue i61536 %call_ret1" [../image_analysis.cpp:259]   --->   Operation 1652 'extractvalue' 'curr_localImage_654' <Predicate = true> <Delay = 0.00> <CoreInst = "FIFO_SRL">   --->   Core 80 'FIFO_SRL' <Latency = 0> <II = 1> <Delay = 1.83> <Storage> <Opcode : 'read' 'write' 'nbread' 'nbwrite'> <Ports = 0> <Width = 32> <Depth = 2> <FIFO>
ST_4 : Operation 1653 [1/1] (0.00ns)   --->   "%curr_localImage_655 = extractvalue i61536 %call_ret1" [../image_analysis.cpp:259]   --->   Operation 1653 'extractvalue' 'curr_localImage_655' <Predicate = true> <Delay = 0.00> <CoreInst = "FIFO_SRL">   --->   Core 80 'FIFO_SRL' <Latency = 0> <II = 1> <Delay = 1.83> <Storage> <Opcode : 'read' 'write' 'nbread' 'nbwrite'> <Ports = 0> <Width = 32> <Depth = 2> <FIFO>
ST_4 : Operation 1654 [1/1] (0.00ns)   --->   "%curr_localImage_656 = extractvalue i61536 %call_ret1" [../image_analysis.cpp:259]   --->   Operation 1654 'extractvalue' 'curr_localImage_656' <Predicate = true> <Delay = 0.00> <CoreInst = "FIFO_SRL">   --->   Core 80 'FIFO_SRL' <Latency = 0> <II = 1> <Delay = 1.83> <Storage> <Opcode : 'read' 'write' 'nbread' 'nbwrite'> <Ports = 0> <Width = 32> <Depth = 2> <FIFO>
ST_4 : Operation 1655 [1/1] (0.00ns)   --->   "%curr_localImage_657 = extractvalue i61536 %call_ret1" [../image_analysis.cpp:259]   --->   Operation 1655 'extractvalue' 'curr_localImage_657' <Predicate = true> <Delay = 0.00> <CoreInst = "FIFO_SRL">   --->   Core 80 'FIFO_SRL' <Latency = 0> <II = 1> <Delay = 1.83> <Storage> <Opcode : 'read' 'write' 'nbread' 'nbwrite'> <Ports = 0> <Width = 32> <Depth = 2> <FIFO>
ST_4 : Operation 1656 [1/1] (0.00ns)   --->   "%curr_localImage_658 = extractvalue i61536 %call_ret1" [../image_analysis.cpp:259]   --->   Operation 1656 'extractvalue' 'curr_localImage_658' <Predicate = true> <Delay = 0.00> <CoreInst = "FIFO_SRL">   --->   Core 80 'FIFO_SRL' <Latency = 0> <II = 1> <Delay = 1.83> <Storage> <Opcode : 'read' 'write' 'nbread' 'nbwrite'> <Ports = 0> <Width = 32> <Depth = 2> <FIFO>
ST_4 : Operation 1657 [1/1] (0.00ns)   --->   "%curr_localImage_659 = extractvalue i61536 %call_ret1" [../image_analysis.cpp:259]   --->   Operation 1657 'extractvalue' 'curr_localImage_659' <Predicate = true> <Delay = 0.00> <CoreInst = "FIFO_SRL">   --->   Core 80 'FIFO_SRL' <Latency = 0> <II = 1> <Delay = 1.83> <Storage> <Opcode : 'read' 'write' 'nbread' 'nbwrite'> <Ports = 0> <Width = 32> <Depth = 2> <FIFO>
ST_4 : Operation 1658 [1/1] (0.00ns)   --->   "%curr_localImage_660 = extractvalue i61536 %call_ret1" [../image_analysis.cpp:259]   --->   Operation 1658 'extractvalue' 'curr_localImage_660' <Predicate = true> <Delay = 0.00> <CoreInst = "FIFO_SRL">   --->   Core 80 'FIFO_SRL' <Latency = 0> <II = 1> <Delay = 1.83> <Storage> <Opcode : 'read' 'write' 'nbread' 'nbwrite'> <Ports = 0> <Width = 32> <Depth = 2> <FIFO>
ST_4 : Operation 1659 [1/1] (0.00ns)   --->   "%curr_localImage_661 = extractvalue i61536 %call_ret1" [../image_analysis.cpp:259]   --->   Operation 1659 'extractvalue' 'curr_localImage_661' <Predicate = true> <Delay = 0.00> <CoreInst = "FIFO_SRL">   --->   Core 80 'FIFO_SRL' <Latency = 0> <II = 1> <Delay = 1.83> <Storage> <Opcode : 'read' 'write' 'nbread' 'nbwrite'> <Ports = 0> <Width = 32> <Depth = 2> <FIFO>
ST_4 : Operation 1660 [1/1] (0.00ns)   --->   "%curr_localImage_662 = extractvalue i61536 %call_ret1" [../image_analysis.cpp:259]   --->   Operation 1660 'extractvalue' 'curr_localImage_662' <Predicate = true> <Delay = 0.00> <CoreInst = "FIFO_SRL">   --->   Core 80 'FIFO_SRL' <Latency = 0> <II = 1> <Delay = 1.83> <Storage> <Opcode : 'read' 'write' 'nbread' 'nbwrite'> <Ports = 0> <Width = 32> <Depth = 2> <FIFO>
ST_4 : Operation 1661 [1/1] (0.00ns)   --->   "%curr_localImage_663 = extractvalue i61536 %call_ret1" [../image_analysis.cpp:259]   --->   Operation 1661 'extractvalue' 'curr_localImage_663' <Predicate = true> <Delay = 0.00> <CoreInst = "FIFO_SRL">   --->   Core 80 'FIFO_SRL' <Latency = 0> <II = 1> <Delay = 1.83> <Storage> <Opcode : 'read' 'write' 'nbread' 'nbwrite'> <Ports = 0> <Width = 32> <Depth = 2> <FIFO>
ST_4 : Operation 1662 [1/1] (0.00ns)   --->   "%curr_localImage_664 = extractvalue i61536 %call_ret1" [../image_analysis.cpp:259]   --->   Operation 1662 'extractvalue' 'curr_localImage_664' <Predicate = true> <Delay = 0.00> <CoreInst = "FIFO_SRL">   --->   Core 80 'FIFO_SRL' <Latency = 0> <II = 1> <Delay = 1.83> <Storage> <Opcode : 'read' 'write' 'nbread' 'nbwrite'> <Ports = 0> <Width = 32> <Depth = 2> <FIFO>
ST_4 : Operation 1663 [1/1] (0.00ns)   --->   "%curr_localImage_665 = extractvalue i61536 %call_ret1" [../image_analysis.cpp:259]   --->   Operation 1663 'extractvalue' 'curr_localImage_665' <Predicate = true> <Delay = 0.00> <CoreInst = "FIFO_SRL">   --->   Core 80 'FIFO_SRL' <Latency = 0> <II = 1> <Delay = 1.83> <Storage> <Opcode : 'read' 'write' 'nbread' 'nbwrite'> <Ports = 0> <Width = 32> <Depth = 2> <FIFO>
ST_4 : Operation 1664 [1/1] (0.00ns)   --->   "%curr_localImage_666 = extractvalue i61536 %call_ret1" [../image_analysis.cpp:259]   --->   Operation 1664 'extractvalue' 'curr_localImage_666' <Predicate = true> <Delay = 0.00> <CoreInst = "FIFO_SRL">   --->   Core 80 'FIFO_SRL' <Latency = 0> <II = 1> <Delay = 1.83> <Storage> <Opcode : 'read' 'write' 'nbread' 'nbwrite'> <Ports = 0> <Width = 32> <Depth = 2> <FIFO>
ST_4 : Operation 1665 [1/1] (0.00ns)   --->   "%curr_localImage_667 = extractvalue i61536 %call_ret1" [../image_analysis.cpp:259]   --->   Operation 1665 'extractvalue' 'curr_localImage_667' <Predicate = true> <Delay = 0.00> <CoreInst = "FIFO_SRL">   --->   Core 80 'FIFO_SRL' <Latency = 0> <II = 1> <Delay = 1.83> <Storage> <Opcode : 'read' 'write' 'nbread' 'nbwrite'> <Ports = 0> <Width = 32> <Depth = 2> <FIFO>
ST_4 : Operation 1666 [1/1] (0.00ns)   --->   "%curr_localImage_668 = extractvalue i61536 %call_ret1" [../image_analysis.cpp:259]   --->   Operation 1666 'extractvalue' 'curr_localImage_668' <Predicate = true> <Delay = 0.00> <CoreInst = "FIFO_SRL">   --->   Core 80 'FIFO_SRL' <Latency = 0> <II = 1> <Delay = 1.83> <Storage> <Opcode : 'read' 'write' 'nbread' 'nbwrite'> <Ports = 0> <Width = 32> <Depth = 2> <FIFO>
ST_4 : Operation 1667 [1/1] (0.00ns)   --->   "%curr_localImage_669 = extractvalue i61536 %call_ret1" [../image_analysis.cpp:259]   --->   Operation 1667 'extractvalue' 'curr_localImage_669' <Predicate = true> <Delay = 0.00> <CoreInst = "FIFO_SRL">   --->   Core 80 'FIFO_SRL' <Latency = 0> <II = 1> <Delay = 1.83> <Storage> <Opcode : 'read' 'write' 'nbread' 'nbwrite'> <Ports = 0> <Width = 32> <Depth = 2> <FIFO>
ST_4 : Operation 1668 [1/1] (0.00ns)   --->   "%curr_localImage_670 = extractvalue i61536 %call_ret1" [../image_analysis.cpp:259]   --->   Operation 1668 'extractvalue' 'curr_localImage_670' <Predicate = true> <Delay = 0.00> <CoreInst = "FIFO_SRL">   --->   Core 80 'FIFO_SRL' <Latency = 0> <II = 1> <Delay = 1.83> <Storage> <Opcode : 'read' 'write' 'nbread' 'nbwrite'> <Ports = 0> <Width = 32> <Depth = 2> <FIFO>
ST_4 : Operation 1669 [1/1] (0.00ns)   --->   "%curr_localImage_671 = extractvalue i61536 %call_ret1" [../image_analysis.cpp:259]   --->   Operation 1669 'extractvalue' 'curr_localImage_671' <Predicate = true> <Delay = 0.00> <CoreInst = "FIFO_SRL">   --->   Core 80 'FIFO_SRL' <Latency = 0> <II = 1> <Delay = 1.83> <Storage> <Opcode : 'read' 'write' 'nbread' 'nbwrite'> <Ports = 0> <Width = 32> <Depth = 2> <FIFO>
ST_4 : Operation 1670 [1/1] (0.00ns)   --->   "%curr_localImage_672 = extractvalue i61536 %call_ret1" [../image_analysis.cpp:259]   --->   Operation 1670 'extractvalue' 'curr_localImage_672' <Predicate = true> <Delay = 0.00> <CoreInst = "FIFO_SRL">   --->   Core 80 'FIFO_SRL' <Latency = 0> <II = 1> <Delay = 1.83> <Storage> <Opcode : 'read' 'write' 'nbread' 'nbwrite'> <Ports = 0> <Width = 32> <Depth = 2> <FIFO>
ST_4 : Operation 1671 [1/1] (0.00ns)   --->   "%curr_localImage_673 = extractvalue i61536 %call_ret1" [../image_analysis.cpp:259]   --->   Operation 1671 'extractvalue' 'curr_localImage_673' <Predicate = true> <Delay = 0.00> <CoreInst = "FIFO_SRL">   --->   Core 80 'FIFO_SRL' <Latency = 0> <II = 1> <Delay = 1.83> <Storage> <Opcode : 'read' 'write' 'nbread' 'nbwrite'> <Ports = 0> <Width = 32> <Depth = 2> <FIFO>
ST_4 : Operation 1672 [1/1] (0.00ns)   --->   "%curr_localImage_674 = extractvalue i61536 %call_ret1" [../image_analysis.cpp:259]   --->   Operation 1672 'extractvalue' 'curr_localImage_674' <Predicate = true> <Delay = 0.00> <CoreInst = "FIFO_SRL">   --->   Core 80 'FIFO_SRL' <Latency = 0> <II = 1> <Delay = 1.83> <Storage> <Opcode : 'read' 'write' 'nbread' 'nbwrite'> <Ports = 0> <Width = 32> <Depth = 2> <FIFO>
ST_4 : Operation 1673 [1/1] (0.00ns)   --->   "%curr_localImage_675 = extractvalue i61536 %call_ret1" [../image_analysis.cpp:259]   --->   Operation 1673 'extractvalue' 'curr_localImage_675' <Predicate = true> <Delay = 0.00> <CoreInst = "FIFO_SRL">   --->   Core 80 'FIFO_SRL' <Latency = 0> <II = 1> <Delay = 1.83> <Storage> <Opcode : 'read' 'write' 'nbread' 'nbwrite'> <Ports = 0> <Width = 32> <Depth = 2> <FIFO>
ST_4 : Operation 1674 [1/1] (0.00ns)   --->   "%curr_localImage_676 = extractvalue i61536 %call_ret1" [../image_analysis.cpp:259]   --->   Operation 1674 'extractvalue' 'curr_localImage_676' <Predicate = true> <Delay = 0.00> <CoreInst = "FIFO_SRL">   --->   Core 80 'FIFO_SRL' <Latency = 0> <II = 1> <Delay = 1.83> <Storage> <Opcode : 'read' 'write' 'nbread' 'nbwrite'> <Ports = 0> <Width = 32> <Depth = 2> <FIFO>
ST_4 : Operation 1675 [1/1] (0.00ns)   --->   "%curr_localImage_677 = extractvalue i61536 %call_ret1" [../image_analysis.cpp:259]   --->   Operation 1675 'extractvalue' 'curr_localImage_677' <Predicate = true> <Delay = 0.00> <CoreInst = "FIFO_SRL">   --->   Core 80 'FIFO_SRL' <Latency = 0> <II = 1> <Delay = 1.83> <Storage> <Opcode : 'read' 'write' 'nbread' 'nbwrite'> <Ports = 0> <Width = 32> <Depth = 2> <FIFO>
ST_4 : Operation 1676 [1/1] (0.00ns)   --->   "%curr_localImage_678 = extractvalue i61536 %call_ret1" [../image_analysis.cpp:259]   --->   Operation 1676 'extractvalue' 'curr_localImage_678' <Predicate = true> <Delay = 0.00> <CoreInst = "FIFO_SRL">   --->   Core 80 'FIFO_SRL' <Latency = 0> <II = 1> <Delay = 1.83> <Storage> <Opcode : 'read' 'write' 'nbread' 'nbwrite'> <Ports = 0> <Width = 32> <Depth = 2> <FIFO>
ST_4 : Operation 1677 [1/1] (0.00ns)   --->   "%curr_localImage_679 = extractvalue i61536 %call_ret1" [../image_analysis.cpp:259]   --->   Operation 1677 'extractvalue' 'curr_localImage_679' <Predicate = true> <Delay = 0.00> <CoreInst = "FIFO_SRL">   --->   Core 80 'FIFO_SRL' <Latency = 0> <II = 1> <Delay = 1.83> <Storage> <Opcode : 'read' 'write' 'nbread' 'nbwrite'> <Ports = 0> <Width = 32> <Depth = 2> <FIFO>
ST_4 : Operation 1678 [1/1] (0.00ns)   --->   "%curr_localImage_680 = extractvalue i61536 %call_ret1" [../image_analysis.cpp:259]   --->   Operation 1678 'extractvalue' 'curr_localImage_680' <Predicate = true> <Delay = 0.00> <CoreInst = "FIFO_SRL">   --->   Core 80 'FIFO_SRL' <Latency = 0> <II = 1> <Delay = 1.83> <Storage> <Opcode : 'read' 'write' 'nbread' 'nbwrite'> <Ports = 0> <Width = 32> <Depth = 2> <FIFO>
ST_4 : Operation 1679 [1/1] (0.00ns)   --->   "%curr_localImage_681 = extractvalue i61536 %call_ret1" [../image_analysis.cpp:259]   --->   Operation 1679 'extractvalue' 'curr_localImage_681' <Predicate = true> <Delay = 0.00> <CoreInst = "FIFO_SRL">   --->   Core 80 'FIFO_SRL' <Latency = 0> <II = 1> <Delay = 1.83> <Storage> <Opcode : 'read' 'write' 'nbread' 'nbwrite'> <Ports = 0> <Width = 32> <Depth = 2> <FIFO>
ST_4 : Operation 1680 [1/1] (0.00ns)   --->   "%curr_localImage_682 = extractvalue i61536 %call_ret1" [../image_analysis.cpp:259]   --->   Operation 1680 'extractvalue' 'curr_localImage_682' <Predicate = true> <Delay = 0.00> <CoreInst = "FIFO_SRL">   --->   Core 80 'FIFO_SRL' <Latency = 0> <II = 1> <Delay = 1.83> <Storage> <Opcode : 'read' 'write' 'nbread' 'nbwrite'> <Ports = 0> <Width = 32> <Depth = 2> <FIFO>
ST_4 : Operation 1681 [1/1] (0.00ns)   --->   "%curr_localImage_683 = extractvalue i61536 %call_ret1" [../image_analysis.cpp:259]   --->   Operation 1681 'extractvalue' 'curr_localImage_683' <Predicate = true> <Delay = 0.00> <CoreInst = "FIFO_SRL">   --->   Core 80 'FIFO_SRL' <Latency = 0> <II = 1> <Delay = 1.83> <Storage> <Opcode : 'read' 'write' 'nbread' 'nbwrite'> <Ports = 0> <Width = 32> <Depth = 2> <FIFO>
ST_4 : Operation 1682 [1/1] (0.00ns)   --->   "%curr_localImage_684 = extractvalue i61536 %call_ret1" [../image_analysis.cpp:259]   --->   Operation 1682 'extractvalue' 'curr_localImage_684' <Predicate = true> <Delay = 0.00> <CoreInst = "FIFO_SRL">   --->   Core 80 'FIFO_SRL' <Latency = 0> <II = 1> <Delay = 1.83> <Storage> <Opcode : 'read' 'write' 'nbread' 'nbwrite'> <Ports = 0> <Width = 32> <Depth = 2> <FIFO>
ST_4 : Operation 1683 [1/1] (0.00ns)   --->   "%curr_localImage_685 = extractvalue i61536 %call_ret1" [../image_analysis.cpp:259]   --->   Operation 1683 'extractvalue' 'curr_localImage_685' <Predicate = true> <Delay = 0.00> <CoreInst = "FIFO_SRL">   --->   Core 80 'FIFO_SRL' <Latency = 0> <II = 1> <Delay = 1.83> <Storage> <Opcode : 'read' 'write' 'nbread' 'nbwrite'> <Ports = 0> <Width = 32> <Depth = 2> <FIFO>
ST_4 : Operation 1684 [1/1] (0.00ns)   --->   "%curr_localImage_686 = extractvalue i61536 %call_ret1" [../image_analysis.cpp:259]   --->   Operation 1684 'extractvalue' 'curr_localImage_686' <Predicate = true> <Delay = 0.00> <CoreInst = "FIFO_SRL">   --->   Core 80 'FIFO_SRL' <Latency = 0> <II = 1> <Delay = 1.83> <Storage> <Opcode : 'read' 'write' 'nbread' 'nbwrite'> <Ports = 0> <Width = 32> <Depth = 2> <FIFO>
ST_4 : Operation 1685 [1/1] (0.00ns)   --->   "%curr_localImage_687 = extractvalue i61536 %call_ret1" [../image_analysis.cpp:259]   --->   Operation 1685 'extractvalue' 'curr_localImage_687' <Predicate = true> <Delay = 0.00> <CoreInst = "FIFO_SRL">   --->   Core 80 'FIFO_SRL' <Latency = 0> <II = 1> <Delay = 1.83> <Storage> <Opcode : 'read' 'write' 'nbread' 'nbwrite'> <Ports = 0> <Width = 32> <Depth = 2> <FIFO>
ST_4 : Operation 1686 [1/1] (0.00ns)   --->   "%curr_localImage_688 = extractvalue i61536 %call_ret1" [../image_analysis.cpp:259]   --->   Operation 1686 'extractvalue' 'curr_localImage_688' <Predicate = true> <Delay = 0.00> <CoreInst = "FIFO_SRL">   --->   Core 80 'FIFO_SRL' <Latency = 0> <II = 1> <Delay = 1.83> <Storage> <Opcode : 'read' 'write' 'nbread' 'nbwrite'> <Ports = 0> <Width = 32> <Depth = 2> <FIFO>
ST_4 : Operation 1687 [1/1] (0.00ns)   --->   "%curr_localImage_689 = extractvalue i61536 %call_ret1" [../image_analysis.cpp:259]   --->   Operation 1687 'extractvalue' 'curr_localImage_689' <Predicate = true> <Delay = 0.00> <CoreInst = "FIFO_SRL">   --->   Core 80 'FIFO_SRL' <Latency = 0> <II = 1> <Delay = 1.83> <Storage> <Opcode : 'read' 'write' 'nbread' 'nbwrite'> <Ports = 0> <Width = 32> <Depth = 2> <FIFO>
ST_4 : Operation 1688 [1/1] (0.00ns)   --->   "%curr_localImage_690 = extractvalue i61536 %call_ret1" [../image_analysis.cpp:259]   --->   Operation 1688 'extractvalue' 'curr_localImage_690' <Predicate = true> <Delay = 0.00> <CoreInst = "FIFO_SRL">   --->   Core 80 'FIFO_SRL' <Latency = 0> <II = 1> <Delay = 1.83> <Storage> <Opcode : 'read' 'write' 'nbread' 'nbwrite'> <Ports = 0> <Width = 32> <Depth = 2> <FIFO>
ST_4 : Operation 1689 [1/1] (0.00ns)   --->   "%curr_localImage_691 = extractvalue i61536 %call_ret1" [../image_analysis.cpp:259]   --->   Operation 1689 'extractvalue' 'curr_localImage_691' <Predicate = true> <Delay = 0.00> <CoreInst = "FIFO_SRL">   --->   Core 80 'FIFO_SRL' <Latency = 0> <II = 1> <Delay = 1.83> <Storage> <Opcode : 'read' 'write' 'nbread' 'nbwrite'> <Ports = 0> <Width = 32> <Depth = 2> <FIFO>
ST_4 : Operation 1690 [1/1] (0.00ns)   --->   "%curr_localImage_692 = extractvalue i61536 %call_ret1" [../image_analysis.cpp:259]   --->   Operation 1690 'extractvalue' 'curr_localImage_692' <Predicate = true> <Delay = 0.00> <CoreInst = "FIFO_SRL">   --->   Core 80 'FIFO_SRL' <Latency = 0> <II = 1> <Delay = 1.83> <Storage> <Opcode : 'read' 'write' 'nbread' 'nbwrite'> <Ports = 0> <Width = 32> <Depth = 2> <FIFO>
ST_4 : Operation 1691 [1/1] (0.00ns)   --->   "%curr_localImage_693 = extractvalue i61536 %call_ret1" [../image_analysis.cpp:259]   --->   Operation 1691 'extractvalue' 'curr_localImage_693' <Predicate = true> <Delay = 0.00> <CoreInst = "FIFO_SRL">   --->   Core 80 'FIFO_SRL' <Latency = 0> <II = 1> <Delay = 1.83> <Storage> <Opcode : 'read' 'write' 'nbread' 'nbwrite'> <Ports = 0> <Width = 32> <Depth = 2> <FIFO>
ST_4 : Operation 1692 [1/1] (0.00ns)   --->   "%curr_localImage_694 = extractvalue i61536 %call_ret1" [../image_analysis.cpp:259]   --->   Operation 1692 'extractvalue' 'curr_localImage_694' <Predicate = true> <Delay = 0.00> <CoreInst = "FIFO_SRL">   --->   Core 80 'FIFO_SRL' <Latency = 0> <II = 1> <Delay = 1.83> <Storage> <Opcode : 'read' 'write' 'nbread' 'nbwrite'> <Ports = 0> <Width = 32> <Depth = 2> <FIFO>
ST_4 : Operation 1693 [1/1] (0.00ns)   --->   "%curr_localImage_695 = extractvalue i61536 %call_ret1" [../image_analysis.cpp:259]   --->   Operation 1693 'extractvalue' 'curr_localImage_695' <Predicate = true> <Delay = 0.00> <CoreInst = "FIFO_SRL">   --->   Core 80 'FIFO_SRL' <Latency = 0> <II = 1> <Delay = 1.83> <Storage> <Opcode : 'read' 'write' 'nbread' 'nbwrite'> <Ports = 0> <Width = 32> <Depth = 2> <FIFO>
ST_4 : Operation 1694 [1/1] (0.00ns)   --->   "%curr_localImage_696 = extractvalue i61536 %call_ret1" [../image_analysis.cpp:259]   --->   Operation 1694 'extractvalue' 'curr_localImage_696' <Predicate = true> <Delay = 0.00> <CoreInst = "FIFO_SRL">   --->   Core 80 'FIFO_SRL' <Latency = 0> <II = 1> <Delay = 1.83> <Storage> <Opcode : 'read' 'write' 'nbread' 'nbwrite'> <Ports = 0> <Width = 32> <Depth = 2> <FIFO>
ST_4 : Operation 1695 [1/1] (0.00ns)   --->   "%curr_localImage_697 = extractvalue i61536 %call_ret1" [../image_analysis.cpp:259]   --->   Operation 1695 'extractvalue' 'curr_localImage_697' <Predicate = true> <Delay = 0.00> <CoreInst = "FIFO_SRL">   --->   Core 80 'FIFO_SRL' <Latency = 0> <II = 1> <Delay = 1.83> <Storage> <Opcode : 'read' 'write' 'nbread' 'nbwrite'> <Ports = 0> <Width = 32> <Depth = 2> <FIFO>
ST_4 : Operation 1696 [1/1] (0.00ns)   --->   "%curr_localImage_698 = extractvalue i61536 %call_ret1" [../image_analysis.cpp:259]   --->   Operation 1696 'extractvalue' 'curr_localImage_698' <Predicate = true> <Delay = 0.00> <CoreInst = "FIFO_SRL">   --->   Core 80 'FIFO_SRL' <Latency = 0> <II = 1> <Delay = 1.83> <Storage> <Opcode : 'read' 'write' 'nbread' 'nbwrite'> <Ports = 0> <Width = 32> <Depth = 2> <FIFO>
ST_4 : Operation 1697 [1/1] (0.00ns)   --->   "%curr_localImage_699 = extractvalue i61536 %call_ret1" [../image_analysis.cpp:259]   --->   Operation 1697 'extractvalue' 'curr_localImage_699' <Predicate = true> <Delay = 0.00> <CoreInst = "FIFO_SRL">   --->   Core 80 'FIFO_SRL' <Latency = 0> <II = 1> <Delay = 1.83> <Storage> <Opcode : 'read' 'write' 'nbread' 'nbwrite'> <Ports = 0> <Width = 32> <Depth = 2> <FIFO>
ST_4 : Operation 1698 [1/1] (0.00ns)   --->   "%curr_localImage_700 = extractvalue i61536 %call_ret1" [../image_analysis.cpp:259]   --->   Operation 1698 'extractvalue' 'curr_localImage_700' <Predicate = true> <Delay = 0.00> <CoreInst = "FIFO_SRL">   --->   Core 80 'FIFO_SRL' <Latency = 0> <II = 1> <Delay = 1.83> <Storage> <Opcode : 'read' 'write' 'nbread' 'nbwrite'> <Ports = 0> <Width = 32> <Depth = 2> <FIFO>
ST_4 : Operation 1699 [1/1] (0.00ns)   --->   "%curr_localImage_701 = extractvalue i61536 %call_ret1" [../image_analysis.cpp:259]   --->   Operation 1699 'extractvalue' 'curr_localImage_701' <Predicate = true> <Delay = 0.00> <CoreInst = "FIFO_SRL">   --->   Core 80 'FIFO_SRL' <Latency = 0> <II = 1> <Delay = 1.83> <Storage> <Opcode : 'read' 'write' 'nbread' 'nbwrite'> <Ports = 0> <Width = 32> <Depth = 2> <FIFO>
ST_4 : Operation 1700 [1/1] (0.00ns)   --->   "%curr_localImage_702 = extractvalue i61536 %call_ret1" [../image_analysis.cpp:259]   --->   Operation 1700 'extractvalue' 'curr_localImage_702' <Predicate = true> <Delay = 0.00> <CoreInst = "FIFO_SRL">   --->   Core 80 'FIFO_SRL' <Latency = 0> <II = 1> <Delay = 1.83> <Storage> <Opcode : 'read' 'write' 'nbread' 'nbwrite'> <Ports = 0> <Width = 32> <Depth = 2> <FIFO>
ST_4 : Operation 1701 [1/1] (0.00ns)   --->   "%curr_localImage_703 = extractvalue i61536 %call_ret1" [../image_analysis.cpp:259]   --->   Operation 1701 'extractvalue' 'curr_localImage_703' <Predicate = true> <Delay = 0.00> <CoreInst = "FIFO_SRL">   --->   Core 80 'FIFO_SRL' <Latency = 0> <II = 1> <Delay = 1.83> <Storage> <Opcode : 'read' 'write' 'nbread' 'nbwrite'> <Ports = 0> <Width = 32> <Depth = 2> <FIFO>
ST_4 : Operation 1702 [1/1] (0.00ns)   --->   "%curr_localImage_704 = extractvalue i61536 %call_ret1" [../image_analysis.cpp:259]   --->   Operation 1702 'extractvalue' 'curr_localImage_704' <Predicate = true> <Delay = 0.00> <CoreInst = "FIFO_SRL">   --->   Core 80 'FIFO_SRL' <Latency = 0> <II = 1> <Delay = 1.83> <Storage> <Opcode : 'read' 'write' 'nbread' 'nbwrite'> <Ports = 0> <Width = 32> <Depth = 2> <FIFO>
ST_4 : Operation 1703 [1/1] (0.00ns)   --->   "%curr_localImage_705 = extractvalue i61536 %call_ret1" [../image_analysis.cpp:259]   --->   Operation 1703 'extractvalue' 'curr_localImage_705' <Predicate = true> <Delay = 0.00> <CoreInst = "FIFO_SRL">   --->   Core 80 'FIFO_SRL' <Latency = 0> <II = 1> <Delay = 1.83> <Storage> <Opcode : 'read' 'write' 'nbread' 'nbwrite'> <Ports = 0> <Width = 32> <Depth = 2> <FIFO>
ST_4 : Operation 1704 [1/1] (0.00ns)   --->   "%curr_localImage_706 = extractvalue i61536 %call_ret1" [../image_analysis.cpp:259]   --->   Operation 1704 'extractvalue' 'curr_localImage_706' <Predicate = true> <Delay = 0.00> <CoreInst = "FIFO_SRL">   --->   Core 80 'FIFO_SRL' <Latency = 0> <II = 1> <Delay = 1.83> <Storage> <Opcode : 'read' 'write' 'nbread' 'nbwrite'> <Ports = 0> <Width = 32> <Depth = 2> <FIFO>
ST_4 : Operation 1705 [1/1] (0.00ns)   --->   "%curr_localImage_707 = extractvalue i61536 %call_ret1" [../image_analysis.cpp:259]   --->   Operation 1705 'extractvalue' 'curr_localImage_707' <Predicate = true> <Delay = 0.00> <CoreInst = "FIFO_SRL">   --->   Core 80 'FIFO_SRL' <Latency = 0> <II = 1> <Delay = 1.83> <Storage> <Opcode : 'read' 'write' 'nbread' 'nbwrite'> <Ports = 0> <Width = 32> <Depth = 2> <FIFO>
ST_4 : Operation 1706 [1/1] (0.00ns)   --->   "%curr_localImage_708 = extractvalue i61536 %call_ret1" [../image_analysis.cpp:259]   --->   Operation 1706 'extractvalue' 'curr_localImage_708' <Predicate = true> <Delay = 0.00> <CoreInst = "FIFO_SRL">   --->   Core 80 'FIFO_SRL' <Latency = 0> <II = 1> <Delay = 1.83> <Storage> <Opcode : 'read' 'write' 'nbread' 'nbwrite'> <Ports = 0> <Width = 32> <Depth = 2> <FIFO>
ST_4 : Operation 1707 [1/1] (0.00ns)   --->   "%curr_localImage_709 = extractvalue i61536 %call_ret1" [../image_analysis.cpp:259]   --->   Operation 1707 'extractvalue' 'curr_localImage_709' <Predicate = true> <Delay = 0.00> <CoreInst = "FIFO_SRL">   --->   Core 80 'FIFO_SRL' <Latency = 0> <II = 1> <Delay = 1.83> <Storage> <Opcode : 'read' 'write' 'nbread' 'nbwrite'> <Ports = 0> <Width = 32> <Depth = 2> <FIFO>
ST_4 : Operation 1708 [1/1] (0.00ns)   --->   "%curr_localImage_710 = extractvalue i61536 %call_ret1" [../image_analysis.cpp:259]   --->   Operation 1708 'extractvalue' 'curr_localImage_710' <Predicate = true> <Delay = 0.00> <CoreInst = "FIFO_SRL">   --->   Core 80 'FIFO_SRL' <Latency = 0> <II = 1> <Delay = 1.83> <Storage> <Opcode : 'read' 'write' 'nbread' 'nbwrite'> <Ports = 0> <Width = 32> <Depth = 2> <FIFO>
ST_4 : Operation 1709 [1/1] (0.00ns)   --->   "%curr_localImage_711 = extractvalue i61536 %call_ret1" [../image_analysis.cpp:259]   --->   Operation 1709 'extractvalue' 'curr_localImage_711' <Predicate = true> <Delay = 0.00> <CoreInst = "FIFO_SRL">   --->   Core 80 'FIFO_SRL' <Latency = 0> <II = 1> <Delay = 1.83> <Storage> <Opcode : 'read' 'write' 'nbread' 'nbwrite'> <Ports = 0> <Width = 32> <Depth = 2> <FIFO>
ST_4 : Operation 1710 [1/1] (0.00ns)   --->   "%curr_localImage_712 = extractvalue i61536 %call_ret1" [../image_analysis.cpp:259]   --->   Operation 1710 'extractvalue' 'curr_localImage_712' <Predicate = true> <Delay = 0.00> <CoreInst = "FIFO_SRL">   --->   Core 80 'FIFO_SRL' <Latency = 0> <II = 1> <Delay = 1.83> <Storage> <Opcode : 'read' 'write' 'nbread' 'nbwrite'> <Ports = 0> <Width = 32> <Depth = 2> <FIFO>
ST_4 : Operation 1711 [1/1] (0.00ns)   --->   "%curr_localImage_713 = extractvalue i61536 %call_ret1" [../image_analysis.cpp:259]   --->   Operation 1711 'extractvalue' 'curr_localImage_713' <Predicate = true> <Delay = 0.00> <CoreInst = "FIFO_SRL">   --->   Core 80 'FIFO_SRL' <Latency = 0> <II = 1> <Delay = 1.83> <Storage> <Opcode : 'read' 'write' 'nbread' 'nbwrite'> <Ports = 0> <Width = 32> <Depth = 2> <FIFO>
ST_4 : Operation 1712 [1/1] (0.00ns)   --->   "%curr_localImage_714 = extractvalue i61536 %call_ret1" [../image_analysis.cpp:259]   --->   Operation 1712 'extractvalue' 'curr_localImage_714' <Predicate = true> <Delay = 0.00> <CoreInst = "FIFO_SRL">   --->   Core 80 'FIFO_SRL' <Latency = 0> <II = 1> <Delay = 1.83> <Storage> <Opcode : 'read' 'write' 'nbread' 'nbwrite'> <Ports = 0> <Width = 32> <Depth = 2> <FIFO>
ST_4 : Operation 1713 [1/1] (0.00ns)   --->   "%curr_localImage_715 = extractvalue i61536 %call_ret1" [../image_analysis.cpp:259]   --->   Operation 1713 'extractvalue' 'curr_localImage_715' <Predicate = true> <Delay = 0.00> <CoreInst = "FIFO_SRL">   --->   Core 80 'FIFO_SRL' <Latency = 0> <II = 1> <Delay = 1.83> <Storage> <Opcode : 'read' 'write' 'nbread' 'nbwrite'> <Ports = 0> <Width = 32> <Depth = 2> <FIFO>
ST_4 : Operation 1714 [1/1] (0.00ns)   --->   "%curr_localImage_716 = extractvalue i61536 %call_ret1" [../image_analysis.cpp:259]   --->   Operation 1714 'extractvalue' 'curr_localImage_716' <Predicate = true> <Delay = 0.00> <CoreInst = "FIFO_SRL">   --->   Core 80 'FIFO_SRL' <Latency = 0> <II = 1> <Delay = 1.83> <Storage> <Opcode : 'read' 'write' 'nbread' 'nbwrite'> <Ports = 0> <Width = 32> <Depth = 2> <FIFO>
ST_4 : Operation 1715 [1/1] (0.00ns)   --->   "%curr_localImage_717 = extractvalue i61536 %call_ret1" [../image_analysis.cpp:259]   --->   Operation 1715 'extractvalue' 'curr_localImage_717' <Predicate = true> <Delay = 0.00> <CoreInst = "FIFO_SRL">   --->   Core 80 'FIFO_SRL' <Latency = 0> <II = 1> <Delay = 1.83> <Storage> <Opcode : 'read' 'write' 'nbread' 'nbwrite'> <Ports = 0> <Width = 32> <Depth = 2> <FIFO>
ST_4 : Operation 1716 [1/1] (0.00ns)   --->   "%curr_localImage_718 = extractvalue i61536 %call_ret1" [../image_analysis.cpp:259]   --->   Operation 1716 'extractvalue' 'curr_localImage_718' <Predicate = true> <Delay = 0.00> <CoreInst = "FIFO_SRL">   --->   Core 80 'FIFO_SRL' <Latency = 0> <II = 1> <Delay = 1.83> <Storage> <Opcode : 'read' 'write' 'nbread' 'nbwrite'> <Ports = 0> <Width = 32> <Depth = 2> <FIFO>
ST_4 : Operation 1717 [1/1] (0.00ns)   --->   "%curr_localImage_719 = extractvalue i61536 %call_ret1" [../image_analysis.cpp:259]   --->   Operation 1717 'extractvalue' 'curr_localImage_719' <Predicate = true> <Delay = 0.00> <CoreInst = "FIFO_SRL">   --->   Core 80 'FIFO_SRL' <Latency = 0> <II = 1> <Delay = 1.83> <Storage> <Opcode : 'read' 'write' 'nbread' 'nbwrite'> <Ports = 0> <Width = 32> <Depth = 2> <FIFO>
ST_4 : Operation 1718 [1/1] (0.00ns)   --->   "%curr_localImage_720 = extractvalue i61536 %call_ret1" [../image_analysis.cpp:259]   --->   Operation 1718 'extractvalue' 'curr_localImage_720' <Predicate = true> <Delay = 0.00> <CoreInst = "FIFO_SRL">   --->   Core 80 'FIFO_SRL' <Latency = 0> <II = 1> <Delay = 1.83> <Storage> <Opcode : 'read' 'write' 'nbread' 'nbwrite'> <Ports = 0> <Width = 32> <Depth = 2> <FIFO>
ST_4 : Operation 1719 [1/1] (0.00ns)   --->   "%curr_localImage_721 = extractvalue i61536 %call_ret1" [../image_analysis.cpp:259]   --->   Operation 1719 'extractvalue' 'curr_localImage_721' <Predicate = true> <Delay = 0.00> <CoreInst = "FIFO_SRL">   --->   Core 80 'FIFO_SRL' <Latency = 0> <II = 1> <Delay = 1.83> <Storage> <Opcode : 'read' 'write' 'nbread' 'nbwrite'> <Ports = 0> <Width = 32> <Depth = 2> <FIFO>
ST_4 : Operation 1720 [1/1] (0.00ns)   --->   "%curr_localImage_722 = extractvalue i61536 %call_ret1" [../image_analysis.cpp:259]   --->   Operation 1720 'extractvalue' 'curr_localImage_722' <Predicate = true> <Delay = 0.00> <CoreInst = "FIFO_SRL">   --->   Core 80 'FIFO_SRL' <Latency = 0> <II = 1> <Delay = 1.83> <Storage> <Opcode : 'read' 'write' 'nbread' 'nbwrite'> <Ports = 0> <Width = 32> <Depth = 2> <FIFO>
ST_4 : Operation 1721 [1/1] (0.00ns)   --->   "%curr_localImage_723 = extractvalue i61536 %call_ret1" [../image_analysis.cpp:259]   --->   Operation 1721 'extractvalue' 'curr_localImage_723' <Predicate = true> <Delay = 0.00> <CoreInst = "FIFO_SRL">   --->   Core 80 'FIFO_SRL' <Latency = 0> <II = 1> <Delay = 1.83> <Storage> <Opcode : 'read' 'write' 'nbread' 'nbwrite'> <Ports = 0> <Width = 32> <Depth = 2> <FIFO>
ST_4 : Operation 1722 [1/1] (0.00ns)   --->   "%curr_localImage_724 = extractvalue i61536 %call_ret1" [../image_analysis.cpp:259]   --->   Operation 1722 'extractvalue' 'curr_localImage_724' <Predicate = true> <Delay = 0.00> <CoreInst = "FIFO_SRL">   --->   Core 80 'FIFO_SRL' <Latency = 0> <II = 1> <Delay = 1.83> <Storage> <Opcode : 'read' 'write' 'nbread' 'nbwrite'> <Ports = 0> <Width = 32> <Depth = 2> <FIFO>
ST_4 : Operation 1723 [1/1] (0.00ns)   --->   "%curr_localImage_725 = extractvalue i61536 %call_ret1" [../image_analysis.cpp:259]   --->   Operation 1723 'extractvalue' 'curr_localImage_725' <Predicate = true> <Delay = 0.00> <CoreInst = "FIFO_SRL">   --->   Core 80 'FIFO_SRL' <Latency = 0> <II = 1> <Delay = 1.83> <Storage> <Opcode : 'read' 'write' 'nbread' 'nbwrite'> <Ports = 0> <Width = 32> <Depth = 2> <FIFO>
ST_4 : Operation 1724 [1/1] (0.00ns)   --->   "%curr_localImage_726 = extractvalue i61536 %call_ret1" [../image_analysis.cpp:259]   --->   Operation 1724 'extractvalue' 'curr_localImage_726' <Predicate = true> <Delay = 0.00> <CoreInst = "FIFO_SRL">   --->   Core 80 'FIFO_SRL' <Latency = 0> <II = 1> <Delay = 1.83> <Storage> <Opcode : 'read' 'write' 'nbread' 'nbwrite'> <Ports = 0> <Width = 32> <Depth = 2> <FIFO>
ST_4 : Operation 1725 [1/1] (0.00ns)   --->   "%curr_localImage_727 = extractvalue i61536 %call_ret1" [../image_analysis.cpp:259]   --->   Operation 1725 'extractvalue' 'curr_localImage_727' <Predicate = true> <Delay = 0.00> <CoreInst = "FIFO_SRL">   --->   Core 80 'FIFO_SRL' <Latency = 0> <II = 1> <Delay = 1.83> <Storage> <Opcode : 'read' 'write' 'nbread' 'nbwrite'> <Ports = 0> <Width = 32> <Depth = 2> <FIFO>
ST_4 : Operation 1726 [1/1] (0.00ns)   --->   "%curr_localImage_728 = extractvalue i61536 %call_ret1" [../image_analysis.cpp:259]   --->   Operation 1726 'extractvalue' 'curr_localImage_728' <Predicate = true> <Delay = 0.00> <CoreInst = "FIFO_SRL">   --->   Core 80 'FIFO_SRL' <Latency = 0> <II = 1> <Delay = 1.83> <Storage> <Opcode : 'read' 'write' 'nbread' 'nbwrite'> <Ports = 0> <Width = 32> <Depth = 2> <FIFO>
ST_4 : Operation 1727 [1/1] (0.00ns)   --->   "%curr_localImage_729 = extractvalue i61536 %call_ret1" [../image_analysis.cpp:259]   --->   Operation 1727 'extractvalue' 'curr_localImage_729' <Predicate = true> <Delay = 0.00> <CoreInst = "FIFO_SRL">   --->   Core 80 'FIFO_SRL' <Latency = 0> <II = 1> <Delay = 1.83> <Storage> <Opcode : 'read' 'write' 'nbread' 'nbwrite'> <Ports = 0> <Width = 32> <Depth = 2> <FIFO>
ST_4 : Operation 1728 [1/1] (0.00ns)   --->   "%curr_localImage_730 = extractvalue i61536 %call_ret1" [../image_analysis.cpp:259]   --->   Operation 1728 'extractvalue' 'curr_localImage_730' <Predicate = true> <Delay = 0.00> <CoreInst = "FIFO_SRL">   --->   Core 80 'FIFO_SRL' <Latency = 0> <II = 1> <Delay = 1.83> <Storage> <Opcode : 'read' 'write' 'nbread' 'nbwrite'> <Ports = 0> <Width = 32> <Depth = 2> <FIFO>
ST_4 : Operation 1729 [1/1] (0.00ns)   --->   "%curr_localImage_731 = extractvalue i61536 %call_ret1" [../image_analysis.cpp:259]   --->   Operation 1729 'extractvalue' 'curr_localImage_731' <Predicate = true> <Delay = 0.00> <CoreInst = "FIFO_SRL">   --->   Core 80 'FIFO_SRL' <Latency = 0> <II = 1> <Delay = 1.83> <Storage> <Opcode : 'read' 'write' 'nbread' 'nbwrite'> <Ports = 0> <Width = 32> <Depth = 2> <FIFO>
ST_4 : Operation 1730 [1/1] (0.00ns)   --->   "%curr_localImage_732 = extractvalue i61536 %call_ret1" [../image_analysis.cpp:259]   --->   Operation 1730 'extractvalue' 'curr_localImage_732' <Predicate = true> <Delay = 0.00> <CoreInst = "FIFO_SRL">   --->   Core 80 'FIFO_SRL' <Latency = 0> <II = 1> <Delay = 1.83> <Storage> <Opcode : 'read' 'write' 'nbread' 'nbwrite'> <Ports = 0> <Width = 32> <Depth = 2> <FIFO>
ST_4 : Operation 1731 [1/1] (0.00ns)   --->   "%curr_localImage_733 = extractvalue i61536 %call_ret1" [../image_analysis.cpp:259]   --->   Operation 1731 'extractvalue' 'curr_localImage_733' <Predicate = true> <Delay = 0.00> <CoreInst = "FIFO_SRL">   --->   Core 80 'FIFO_SRL' <Latency = 0> <II = 1> <Delay = 1.83> <Storage> <Opcode : 'read' 'write' 'nbread' 'nbwrite'> <Ports = 0> <Width = 32> <Depth = 2> <FIFO>
ST_4 : Operation 1732 [1/1] (0.00ns)   --->   "%curr_localImage_734 = extractvalue i61536 %call_ret1" [../image_analysis.cpp:259]   --->   Operation 1732 'extractvalue' 'curr_localImage_734' <Predicate = true> <Delay = 0.00> <CoreInst = "FIFO_SRL">   --->   Core 80 'FIFO_SRL' <Latency = 0> <II = 1> <Delay = 1.83> <Storage> <Opcode : 'read' 'write' 'nbread' 'nbwrite'> <Ports = 0> <Width = 32> <Depth = 2> <FIFO>
ST_4 : Operation 1733 [1/1] (0.00ns)   --->   "%curr_localImage_735 = extractvalue i61536 %call_ret1" [../image_analysis.cpp:259]   --->   Operation 1733 'extractvalue' 'curr_localImage_735' <Predicate = true> <Delay = 0.00> <CoreInst = "FIFO_SRL">   --->   Core 80 'FIFO_SRL' <Latency = 0> <II = 1> <Delay = 1.83> <Storage> <Opcode : 'read' 'write' 'nbread' 'nbwrite'> <Ports = 0> <Width = 32> <Depth = 2> <FIFO>
ST_4 : Operation 1734 [1/1] (0.00ns)   --->   "%curr_localImage_736 = extractvalue i61536 %call_ret1" [../image_analysis.cpp:259]   --->   Operation 1734 'extractvalue' 'curr_localImage_736' <Predicate = true> <Delay = 0.00> <CoreInst = "FIFO_SRL">   --->   Core 80 'FIFO_SRL' <Latency = 0> <II = 1> <Delay = 1.83> <Storage> <Opcode : 'read' 'write' 'nbread' 'nbwrite'> <Ports = 0> <Width = 32> <Depth = 2> <FIFO>
ST_4 : Operation 1735 [1/1] (0.00ns)   --->   "%curr_localImage_737 = extractvalue i61536 %call_ret1" [../image_analysis.cpp:259]   --->   Operation 1735 'extractvalue' 'curr_localImage_737' <Predicate = true> <Delay = 0.00> <CoreInst = "FIFO_SRL">   --->   Core 80 'FIFO_SRL' <Latency = 0> <II = 1> <Delay = 1.83> <Storage> <Opcode : 'read' 'write' 'nbread' 'nbwrite'> <Ports = 0> <Width = 32> <Depth = 2> <FIFO>
ST_4 : Operation 1736 [1/1] (0.00ns)   --->   "%curr_localImage_738 = extractvalue i61536 %call_ret1" [../image_analysis.cpp:259]   --->   Operation 1736 'extractvalue' 'curr_localImage_738' <Predicate = true> <Delay = 0.00> <CoreInst = "FIFO_SRL">   --->   Core 80 'FIFO_SRL' <Latency = 0> <II = 1> <Delay = 1.83> <Storage> <Opcode : 'read' 'write' 'nbread' 'nbwrite'> <Ports = 0> <Width = 32> <Depth = 2> <FIFO>
ST_4 : Operation 1737 [1/1] (0.00ns)   --->   "%curr_localImage_739 = extractvalue i61536 %call_ret1" [../image_analysis.cpp:259]   --->   Operation 1737 'extractvalue' 'curr_localImage_739' <Predicate = true> <Delay = 0.00> <CoreInst = "FIFO_SRL">   --->   Core 80 'FIFO_SRL' <Latency = 0> <II = 1> <Delay = 1.83> <Storage> <Opcode : 'read' 'write' 'nbread' 'nbwrite'> <Ports = 0> <Width = 32> <Depth = 2> <FIFO>
ST_4 : Operation 1738 [1/1] (0.00ns)   --->   "%curr_localImage_740 = extractvalue i61536 %call_ret1" [../image_analysis.cpp:259]   --->   Operation 1738 'extractvalue' 'curr_localImage_740' <Predicate = true> <Delay = 0.00> <CoreInst = "FIFO_SRL">   --->   Core 80 'FIFO_SRL' <Latency = 0> <II = 1> <Delay = 1.83> <Storage> <Opcode : 'read' 'write' 'nbread' 'nbwrite'> <Ports = 0> <Width = 32> <Depth = 2> <FIFO>
ST_4 : Operation 1739 [1/1] (0.00ns)   --->   "%curr_localImage_741 = extractvalue i61536 %call_ret1" [../image_analysis.cpp:259]   --->   Operation 1739 'extractvalue' 'curr_localImage_741' <Predicate = true> <Delay = 0.00> <CoreInst = "FIFO_SRL">   --->   Core 80 'FIFO_SRL' <Latency = 0> <II = 1> <Delay = 1.83> <Storage> <Opcode : 'read' 'write' 'nbread' 'nbwrite'> <Ports = 0> <Width = 32> <Depth = 2> <FIFO>
ST_4 : Operation 1740 [1/1] (0.00ns)   --->   "%curr_localImage_742 = extractvalue i61536 %call_ret1" [../image_analysis.cpp:259]   --->   Operation 1740 'extractvalue' 'curr_localImage_742' <Predicate = true> <Delay = 0.00> <CoreInst = "FIFO_SRL">   --->   Core 80 'FIFO_SRL' <Latency = 0> <II = 1> <Delay = 1.83> <Storage> <Opcode : 'read' 'write' 'nbread' 'nbwrite'> <Ports = 0> <Width = 32> <Depth = 2> <FIFO>
ST_4 : Operation 1741 [1/1] (0.00ns)   --->   "%curr_localImage_743 = extractvalue i61536 %call_ret1" [../image_analysis.cpp:259]   --->   Operation 1741 'extractvalue' 'curr_localImage_743' <Predicate = true> <Delay = 0.00> <CoreInst = "FIFO_SRL">   --->   Core 80 'FIFO_SRL' <Latency = 0> <II = 1> <Delay = 1.83> <Storage> <Opcode : 'read' 'write' 'nbread' 'nbwrite'> <Ports = 0> <Width = 32> <Depth = 2> <FIFO>
ST_4 : Operation 1742 [1/1] (0.00ns)   --->   "%curr_localImage_744 = extractvalue i61536 %call_ret1" [../image_analysis.cpp:259]   --->   Operation 1742 'extractvalue' 'curr_localImage_744' <Predicate = true> <Delay = 0.00> <CoreInst = "FIFO_SRL">   --->   Core 80 'FIFO_SRL' <Latency = 0> <II = 1> <Delay = 1.83> <Storage> <Opcode : 'read' 'write' 'nbread' 'nbwrite'> <Ports = 0> <Width = 32> <Depth = 2> <FIFO>
ST_4 : Operation 1743 [1/1] (0.00ns)   --->   "%curr_localImage_745 = extractvalue i61536 %call_ret1" [../image_analysis.cpp:259]   --->   Operation 1743 'extractvalue' 'curr_localImage_745' <Predicate = true> <Delay = 0.00> <CoreInst = "FIFO_SRL">   --->   Core 80 'FIFO_SRL' <Latency = 0> <II = 1> <Delay = 1.83> <Storage> <Opcode : 'read' 'write' 'nbread' 'nbwrite'> <Ports = 0> <Width = 32> <Depth = 2> <FIFO>
ST_4 : Operation 1744 [1/1] (0.00ns)   --->   "%curr_localImage_746 = extractvalue i61536 %call_ret1" [../image_analysis.cpp:259]   --->   Operation 1744 'extractvalue' 'curr_localImage_746' <Predicate = true> <Delay = 0.00> <CoreInst = "FIFO_SRL">   --->   Core 80 'FIFO_SRL' <Latency = 0> <II = 1> <Delay = 1.83> <Storage> <Opcode : 'read' 'write' 'nbread' 'nbwrite'> <Ports = 0> <Width = 32> <Depth = 2> <FIFO>
ST_4 : Operation 1745 [1/1] (0.00ns)   --->   "%curr_localImage_747 = extractvalue i61536 %call_ret1" [../image_analysis.cpp:259]   --->   Operation 1745 'extractvalue' 'curr_localImage_747' <Predicate = true> <Delay = 0.00> <CoreInst = "FIFO_SRL">   --->   Core 80 'FIFO_SRL' <Latency = 0> <II = 1> <Delay = 1.83> <Storage> <Opcode : 'read' 'write' 'nbread' 'nbwrite'> <Ports = 0> <Width = 32> <Depth = 2> <FIFO>
ST_4 : Operation 1746 [1/1] (0.00ns)   --->   "%curr_localImage_748 = extractvalue i61536 %call_ret1" [../image_analysis.cpp:259]   --->   Operation 1746 'extractvalue' 'curr_localImage_748' <Predicate = true> <Delay = 0.00> <CoreInst = "FIFO_SRL">   --->   Core 80 'FIFO_SRL' <Latency = 0> <II = 1> <Delay = 1.83> <Storage> <Opcode : 'read' 'write' 'nbread' 'nbwrite'> <Ports = 0> <Width = 32> <Depth = 2> <FIFO>
ST_4 : Operation 1747 [1/1] (0.00ns)   --->   "%curr_localImage_749 = extractvalue i61536 %call_ret1" [../image_analysis.cpp:259]   --->   Operation 1747 'extractvalue' 'curr_localImage_749' <Predicate = true> <Delay = 0.00> <CoreInst = "FIFO_SRL">   --->   Core 80 'FIFO_SRL' <Latency = 0> <II = 1> <Delay = 1.83> <Storage> <Opcode : 'read' 'write' 'nbread' 'nbwrite'> <Ports = 0> <Width = 32> <Depth = 2> <FIFO>
ST_4 : Operation 1748 [1/1] (0.00ns)   --->   "%curr_localImage_750 = extractvalue i61536 %call_ret1" [../image_analysis.cpp:259]   --->   Operation 1748 'extractvalue' 'curr_localImage_750' <Predicate = true> <Delay = 0.00> <CoreInst = "FIFO_SRL">   --->   Core 80 'FIFO_SRL' <Latency = 0> <II = 1> <Delay = 1.83> <Storage> <Opcode : 'read' 'write' 'nbread' 'nbwrite'> <Ports = 0> <Width = 32> <Depth = 2> <FIFO>
ST_4 : Operation 1749 [1/1] (0.00ns)   --->   "%curr_localImage_751 = extractvalue i61536 %call_ret1" [../image_analysis.cpp:259]   --->   Operation 1749 'extractvalue' 'curr_localImage_751' <Predicate = true> <Delay = 0.00> <CoreInst = "FIFO_SRL">   --->   Core 80 'FIFO_SRL' <Latency = 0> <II = 1> <Delay = 1.83> <Storage> <Opcode : 'read' 'write' 'nbread' 'nbwrite'> <Ports = 0> <Width = 32> <Depth = 2> <FIFO>
ST_4 : Operation 1750 [1/1] (0.00ns)   --->   "%curr_localImage_752 = extractvalue i61536 %call_ret1" [../image_analysis.cpp:259]   --->   Operation 1750 'extractvalue' 'curr_localImage_752' <Predicate = true> <Delay = 0.00> <CoreInst = "FIFO_SRL">   --->   Core 80 'FIFO_SRL' <Latency = 0> <II = 1> <Delay = 1.83> <Storage> <Opcode : 'read' 'write' 'nbread' 'nbwrite'> <Ports = 0> <Width = 32> <Depth = 2> <FIFO>
ST_4 : Operation 1751 [1/1] (0.00ns)   --->   "%curr_localImage_753 = extractvalue i61536 %call_ret1" [../image_analysis.cpp:259]   --->   Operation 1751 'extractvalue' 'curr_localImage_753' <Predicate = true> <Delay = 0.00> <CoreInst = "FIFO_SRL">   --->   Core 80 'FIFO_SRL' <Latency = 0> <II = 1> <Delay = 1.83> <Storage> <Opcode : 'read' 'write' 'nbread' 'nbwrite'> <Ports = 0> <Width = 32> <Depth = 2> <FIFO>
ST_4 : Operation 1752 [1/1] (0.00ns)   --->   "%curr_localImage_754 = extractvalue i61536 %call_ret1" [../image_analysis.cpp:259]   --->   Operation 1752 'extractvalue' 'curr_localImage_754' <Predicate = true> <Delay = 0.00> <CoreInst = "FIFO_SRL">   --->   Core 80 'FIFO_SRL' <Latency = 0> <II = 1> <Delay = 1.83> <Storage> <Opcode : 'read' 'write' 'nbread' 'nbwrite'> <Ports = 0> <Width = 32> <Depth = 2> <FIFO>
ST_4 : Operation 1753 [1/1] (0.00ns)   --->   "%curr_localImage_755 = extractvalue i61536 %call_ret1" [../image_analysis.cpp:259]   --->   Operation 1753 'extractvalue' 'curr_localImage_755' <Predicate = true> <Delay = 0.00> <CoreInst = "FIFO_SRL">   --->   Core 80 'FIFO_SRL' <Latency = 0> <II = 1> <Delay = 1.83> <Storage> <Opcode : 'read' 'write' 'nbread' 'nbwrite'> <Ports = 0> <Width = 32> <Depth = 2> <FIFO>
ST_4 : Operation 1754 [1/1] (0.00ns)   --->   "%curr_localImage_756 = extractvalue i61536 %call_ret1" [../image_analysis.cpp:259]   --->   Operation 1754 'extractvalue' 'curr_localImage_756' <Predicate = true> <Delay = 0.00> <CoreInst = "FIFO_SRL">   --->   Core 80 'FIFO_SRL' <Latency = 0> <II = 1> <Delay = 1.83> <Storage> <Opcode : 'read' 'write' 'nbread' 'nbwrite'> <Ports = 0> <Width = 32> <Depth = 2> <FIFO>
ST_4 : Operation 1755 [1/1] (0.00ns)   --->   "%curr_localImage_757 = extractvalue i61536 %call_ret1" [../image_analysis.cpp:259]   --->   Operation 1755 'extractvalue' 'curr_localImage_757' <Predicate = true> <Delay = 0.00> <CoreInst = "FIFO_SRL">   --->   Core 80 'FIFO_SRL' <Latency = 0> <II = 1> <Delay = 1.83> <Storage> <Opcode : 'read' 'write' 'nbread' 'nbwrite'> <Ports = 0> <Width = 32> <Depth = 2> <FIFO>
ST_4 : Operation 1756 [1/1] (0.00ns)   --->   "%curr_localImage_758 = extractvalue i61536 %call_ret1" [../image_analysis.cpp:259]   --->   Operation 1756 'extractvalue' 'curr_localImage_758' <Predicate = true> <Delay = 0.00> <CoreInst = "FIFO_SRL">   --->   Core 80 'FIFO_SRL' <Latency = 0> <II = 1> <Delay = 1.83> <Storage> <Opcode : 'read' 'write' 'nbread' 'nbwrite'> <Ports = 0> <Width = 32> <Depth = 2> <FIFO>
ST_4 : Operation 1757 [1/1] (0.00ns)   --->   "%curr_localImage_759 = extractvalue i61536 %call_ret1" [../image_analysis.cpp:259]   --->   Operation 1757 'extractvalue' 'curr_localImage_759' <Predicate = true> <Delay = 0.00> <CoreInst = "FIFO_SRL">   --->   Core 80 'FIFO_SRL' <Latency = 0> <II = 1> <Delay = 1.83> <Storage> <Opcode : 'read' 'write' 'nbread' 'nbwrite'> <Ports = 0> <Width = 32> <Depth = 2> <FIFO>
ST_4 : Operation 1758 [1/1] (0.00ns)   --->   "%curr_localImage_760 = extractvalue i61536 %call_ret1" [../image_analysis.cpp:259]   --->   Operation 1758 'extractvalue' 'curr_localImage_760' <Predicate = true> <Delay = 0.00> <CoreInst = "FIFO_SRL">   --->   Core 80 'FIFO_SRL' <Latency = 0> <II = 1> <Delay = 1.83> <Storage> <Opcode : 'read' 'write' 'nbread' 'nbwrite'> <Ports = 0> <Width = 32> <Depth = 2> <FIFO>
ST_4 : Operation 1759 [1/1] (0.00ns)   --->   "%curr_localImage_761 = extractvalue i61536 %call_ret1" [../image_analysis.cpp:259]   --->   Operation 1759 'extractvalue' 'curr_localImage_761' <Predicate = true> <Delay = 0.00> <CoreInst = "FIFO_SRL">   --->   Core 80 'FIFO_SRL' <Latency = 0> <II = 1> <Delay = 1.83> <Storage> <Opcode : 'read' 'write' 'nbread' 'nbwrite'> <Ports = 0> <Width = 32> <Depth = 2> <FIFO>
ST_4 : Operation 1760 [1/1] (0.00ns)   --->   "%curr_localImage_762 = extractvalue i61536 %call_ret1" [../image_analysis.cpp:259]   --->   Operation 1760 'extractvalue' 'curr_localImage_762' <Predicate = true> <Delay = 0.00> <CoreInst = "FIFO_SRL">   --->   Core 80 'FIFO_SRL' <Latency = 0> <II = 1> <Delay = 1.83> <Storage> <Opcode : 'read' 'write' 'nbread' 'nbwrite'> <Ports = 0> <Width = 32> <Depth = 2> <FIFO>
ST_4 : Operation 1761 [1/1] (0.00ns)   --->   "%curr_localImage_763 = extractvalue i61536 %call_ret1" [../image_analysis.cpp:259]   --->   Operation 1761 'extractvalue' 'curr_localImage_763' <Predicate = true> <Delay = 0.00> <CoreInst = "FIFO_SRL">   --->   Core 80 'FIFO_SRL' <Latency = 0> <II = 1> <Delay = 1.83> <Storage> <Opcode : 'read' 'write' 'nbread' 'nbwrite'> <Ports = 0> <Width = 32> <Depth = 2> <FIFO>
ST_4 : Operation 1762 [1/1] (0.00ns)   --->   "%curr_localImage_764 = extractvalue i61536 %call_ret1" [../image_analysis.cpp:259]   --->   Operation 1762 'extractvalue' 'curr_localImage_764' <Predicate = true> <Delay = 0.00> <CoreInst = "FIFO_SRL">   --->   Core 80 'FIFO_SRL' <Latency = 0> <II = 1> <Delay = 1.83> <Storage> <Opcode : 'read' 'write' 'nbread' 'nbwrite'> <Ports = 0> <Width = 32> <Depth = 2> <FIFO>
ST_4 : Operation 1763 [1/1] (0.00ns)   --->   "%curr_localImage_765 = extractvalue i61536 %call_ret1" [../image_analysis.cpp:259]   --->   Operation 1763 'extractvalue' 'curr_localImage_765' <Predicate = true> <Delay = 0.00> <CoreInst = "FIFO_SRL">   --->   Core 80 'FIFO_SRL' <Latency = 0> <II = 1> <Delay = 1.83> <Storage> <Opcode : 'read' 'write' 'nbread' 'nbwrite'> <Ports = 0> <Width = 32> <Depth = 2> <FIFO>
ST_4 : Operation 1764 [1/1] (0.00ns)   --->   "%curr_localImage_766 = extractvalue i61536 %call_ret1" [../image_analysis.cpp:259]   --->   Operation 1764 'extractvalue' 'curr_localImage_766' <Predicate = true> <Delay = 0.00> <CoreInst = "FIFO_SRL">   --->   Core 80 'FIFO_SRL' <Latency = 0> <II = 1> <Delay = 1.83> <Storage> <Opcode : 'read' 'write' 'nbread' 'nbwrite'> <Ports = 0> <Width = 32> <Depth = 2> <FIFO>
ST_4 : Operation 1765 [1/1] (0.00ns)   --->   "%curr_localImage_767 = extractvalue i61536 %call_ret1" [../image_analysis.cpp:259]   --->   Operation 1765 'extractvalue' 'curr_localImage_767' <Predicate = true> <Delay = 0.00> <CoreInst = "FIFO_SRL">   --->   Core 80 'FIFO_SRL' <Latency = 0> <II = 1> <Delay = 1.83> <Storage> <Opcode : 'read' 'write' 'nbread' 'nbwrite'> <Ports = 0> <Width = 32> <Depth = 2> <FIFO>
ST_4 : Operation 1766 [1/1] (0.00ns)   --->   "%curr_localImage_768 = extractvalue i61536 %call_ret1" [../image_analysis.cpp:259]   --->   Operation 1766 'extractvalue' 'curr_localImage_768' <Predicate = true> <Delay = 0.00> <CoreInst = "FIFO_SRL">   --->   Core 80 'FIFO_SRL' <Latency = 0> <II = 1> <Delay = 1.83> <Storage> <Opcode : 'read' 'write' 'nbread' 'nbwrite'> <Ports = 0> <Width = 32> <Depth = 2> <FIFO>
ST_4 : Operation 1767 [1/1] (0.00ns)   --->   "%curr_localImage_769 = extractvalue i61536 %call_ret1" [../image_analysis.cpp:259]   --->   Operation 1767 'extractvalue' 'curr_localImage_769' <Predicate = true> <Delay = 0.00> <CoreInst = "FIFO_SRL">   --->   Core 80 'FIFO_SRL' <Latency = 0> <II = 1> <Delay = 1.83> <Storage> <Opcode : 'read' 'write' 'nbread' 'nbwrite'> <Ports = 0> <Width = 32> <Depth = 2> <FIFO>
ST_4 : Operation 1768 [1/1] (0.00ns)   --->   "%curr_localImage_770 = extractvalue i61536 %call_ret1" [../image_analysis.cpp:259]   --->   Operation 1768 'extractvalue' 'curr_localImage_770' <Predicate = true> <Delay = 0.00> <CoreInst = "FIFO_SRL">   --->   Core 80 'FIFO_SRL' <Latency = 0> <II = 1> <Delay = 1.83> <Storage> <Opcode : 'read' 'write' 'nbread' 'nbwrite'> <Ports = 0> <Width = 32> <Depth = 2> <FIFO>
ST_4 : Operation 1769 [1/1] (0.00ns)   --->   "%curr_localImage_771 = extractvalue i61536 %call_ret1" [../image_analysis.cpp:259]   --->   Operation 1769 'extractvalue' 'curr_localImage_771' <Predicate = true> <Delay = 0.00> <CoreInst = "FIFO_SRL">   --->   Core 80 'FIFO_SRL' <Latency = 0> <II = 1> <Delay = 1.83> <Storage> <Opcode : 'read' 'write' 'nbread' 'nbwrite'> <Ports = 0> <Width = 32> <Depth = 2> <FIFO>
ST_4 : Operation 1770 [1/1] (0.00ns)   --->   "%curr_localImage_772 = extractvalue i61536 %call_ret1" [../image_analysis.cpp:259]   --->   Operation 1770 'extractvalue' 'curr_localImage_772' <Predicate = true> <Delay = 0.00> <CoreInst = "FIFO_SRL">   --->   Core 80 'FIFO_SRL' <Latency = 0> <II = 1> <Delay = 1.83> <Storage> <Opcode : 'read' 'write' 'nbread' 'nbwrite'> <Ports = 0> <Width = 32> <Depth = 2> <FIFO>
ST_4 : Operation 1771 [1/1] (0.00ns)   --->   "%curr_localImage_773 = extractvalue i61536 %call_ret1" [../image_analysis.cpp:259]   --->   Operation 1771 'extractvalue' 'curr_localImage_773' <Predicate = true> <Delay = 0.00> <CoreInst = "FIFO_SRL">   --->   Core 80 'FIFO_SRL' <Latency = 0> <II = 1> <Delay = 1.83> <Storage> <Opcode : 'read' 'write' 'nbread' 'nbwrite'> <Ports = 0> <Width = 32> <Depth = 2> <FIFO>
ST_4 : Operation 1772 [1/1] (0.00ns)   --->   "%curr_localImage_774 = extractvalue i61536 %call_ret1" [../image_analysis.cpp:259]   --->   Operation 1772 'extractvalue' 'curr_localImage_774' <Predicate = true> <Delay = 0.00> <CoreInst = "FIFO_SRL">   --->   Core 80 'FIFO_SRL' <Latency = 0> <II = 1> <Delay = 1.83> <Storage> <Opcode : 'read' 'write' 'nbread' 'nbwrite'> <Ports = 0> <Width = 32> <Depth = 2> <FIFO>
ST_4 : Operation 1773 [1/1] (0.00ns)   --->   "%curr_localImage_775 = extractvalue i61536 %call_ret1" [../image_analysis.cpp:259]   --->   Operation 1773 'extractvalue' 'curr_localImage_775' <Predicate = true> <Delay = 0.00> <CoreInst = "FIFO_SRL">   --->   Core 80 'FIFO_SRL' <Latency = 0> <II = 1> <Delay = 1.83> <Storage> <Opcode : 'read' 'write' 'nbread' 'nbwrite'> <Ports = 0> <Width = 32> <Depth = 2> <FIFO>
ST_4 : Operation 1774 [1/1] (0.00ns)   --->   "%curr_localImage_776 = extractvalue i61536 %call_ret1" [../image_analysis.cpp:259]   --->   Operation 1774 'extractvalue' 'curr_localImage_776' <Predicate = true> <Delay = 0.00> <CoreInst = "FIFO_SRL">   --->   Core 80 'FIFO_SRL' <Latency = 0> <II = 1> <Delay = 1.83> <Storage> <Opcode : 'read' 'write' 'nbread' 'nbwrite'> <Ports = 0> <Width = 32> <Depth = 2> <FIFO>
ST_4 : Operation 1775 [1/1] (0.00ns)   --->   "%curr_localImage_777 = extractvalue i61536 %call_ret1" [../image_analysis.cpp:259]   --->   Operation 1775 'extractvalue' 'curr_localImage_777' <Predicate = true> <Delay = 0.00> <CoreInst = "FIFO_SRL">   --->   Core 80 'FIFO_SRL' <Latency = 0> <II = 1> <Delay = 1.83> <Storage> <Opcode : 'read' 'write' 'nbread' 'nbwrite'> <Ports = 0> <Width = 32> <Depth = 2> <FIFO>
ST_4 : Operation 1776 [1/1] (0.00ns)   --->   "%curr_localImage_778 = extractvalue i61536 %call_ret1" [../image_analysis.cpp:259]   --->   Operation 1776 'extractvalue' 'curr_localImage_778' <Predicate = true> <Delay = 0.00> <CoreInst = "FIFO_SRL">   --->   Core 80 'FIFO_SRL' <Latency = 0> <II = 1> <Delay = 1.83> <Storage> <Opcode : 'read' 'write' 'nbread' 'nbwrite'> <Ports = 0> <Width = 32> <Depth = 2> <FIFO>
ST_4 : Operation 1777 [1/1] (0.00ns)   --->   "%curr_localImage_779 = extractvalue i61536 %call_ret1" [../image_analysis.cpp:259]   --->   Operation 1777 'extractvalue' 'curr_localImage_779' <Predicate = true> <Delay = 0.00> <CoreInst = "FIFO_SRL">   --->   Core 80 'FIFO_SRL' <Latency = 0> <II = 1> <Delay = 1.83> <Storage> <Opcode : 'read' 'write' 'nbread' 'nbwrite'> <Ports = 0> <Width = 32> <Depth = 2> <FIFO>
ST_4 : Operation 1778 [1/1] (0.00ns)   --->   "%curr_localImage_780 = extractvalue i61536 %call_ret1" [../image_analysis.cpp:259]   --->   Operation 1778 'extractvalue' 'curr_localImage_780' <Predicate = true> <Delay = 0.00> <CoreInst = "FIFO_SRL">   --->   Core 80 'FIFO_SRL' <Latency = 0> <II = 1> <Delay = 1.83> <Storage> <Opcode : 'read' 'write' 'nbread' 'nbwrite'> <Ports = 0> <Width = 32> <Depth = 2> <FIFO>
ST_4 : Operation 1779 [1/1] (0.00ns)   --->   "%curr_localImage_781 = extractvalue i61536 %call_ret1" [../image_analysis.cpp:259]   --->   Operation 1779 'extractvalue' 'curr_localImage_781' <Predicate = true> <Delay = 0.00> <CoreInst = "FIFO_SRL">   --->   Core 80 'FIFO_SRL' <Latency = 0> <II = 1> <Delay = 1.83> <Storage> <Opcode : 'read' 'write' 'nbread' 'nbwrite'> <Ports = 0> <Width = 32> <Depth = 2> <FIFO>
ST_4 : Operation 1780 [1/1] (0.00ns)   --->   "%curr_localImage_782 = extractvalue i61536 %call_ret1" [../image_analysis.cpp:259]   --->   Operation 1780 'extractvalue' 'curr_localImage_782' <Predicate = true> <Delay = 0.00> <CoreInst = "FIFO_SRL">   --->   Core 80 'FIFO_SRL' <Latency = 0> <II = 1> <Delay = 1.83> <Storage> <Opcode : 'read' 'write' 'nbread' 'nbwrite'> <Ports = 0> <Width = 32> <Depth = 2> <FIFO>
ST_4 : Operation 1781 [1/1] (0.00ns)   --->   "%curr_localImage_783 = extractvalue i61536 %call_ret1" [../image_analysis.cpp:259]   --->   Operation 1781 'extractvalue' 'curr_localImage_783' <Predicate = true> <Delay = 0.00> <CoreInst = "FIFO_SRL">   --->   Core 80 'FIFO_SRL' <Latency = 0> <II = 1> <Delay = 1.83> <Storage> <Opcode : 'read' 'write' 'nbread' 'nbwrite'> <Ports = 0> <Width = 32> <Depth = 2> <FIFO>
ST_4 : Operation 1782 [1/1] (0.00ns)   --->   "%curr_localImage_784 = extractvalue i61536 %call_ret1" [../image_analysis.cpp:259]   --->   Operation 1782 'extractvalue' 'curr_localImage_784' <Predicate = true> <Delay = 0.00> <CoreInst = "FIFO_SRL">   --->   Core 80 'FIFO_SRL' <Latency = 0> <II = 1> <Delay = 1.83> <Storage> <Opcode : 'read' 'write' 'nbread' 'nbwrite'> <Ports = 0> <Width = 32> <Depth = 2> <FIFO>
ST_4 : Operation 1783 [1/1] (0.00ns)   --->   "%curr_localImage_785 = extractvalue i61536 %call_ret1" [../image_analysis.cpp:259]   --->   Operation 1783 'extractvalue' 'curr_localImage_785' <Predicate = true> <Delay = 0.00> <CoreInst = "FIFO_SRL">   --->   Core 80 'FIFO_SRL' <Latency = 0> <II = 1> <Delay = 1.83> <Storage> <Opcode : 'read' 'write' 'nbread' 'nbwrite'> <Ports = 0> <Width = 32> <Depth = 2> <FIFO>
ST_4 : Operation 1784 [1/1] (0.00ns)   --->   "%curr_localImage_786 = extractvalue i61536 %call_ret1" [../image_analysis.cpp:259]   --->   Operation 1784 'extractvalue' 'curr_localImage_786' <Predicate = true> <Delay = 0.00> <CoreInst = "FIFO_SRL">   --->   Core 80 'FIFO_SRL' <Latency = 0> <II = 1> <Delay = 1.83> <Storage> <Opcode : 'read' 'write' 'nbread' 'nbwrite'> <Ports = 0> <Width = 32> <Depth = 2> <FIFO>
ST_4 : Operation 1785 [1/1] (0.00ns)   --->   "%curr_localImage_787 = extractvalue i61536 %call_ret1" [../image_analysis.cpp:259]   --->   Operation 1785 'extractvalue' 'curr_localImage_787' <Predicate = true> <Delay = 0.00> <CoreInst = "FIFO_SRL">   --->   Core 80 'FIFO_SRL' <Latency = 0> <II = 1> <Delay = 1.83> <Storage> <Opcode : 'read' 'write' 'nbread' 'nbwrite'> <Ports = 0> <Width = 32> <Depth = 2> <FIFO>
ST_4 : Operation 1786 [1/1] (0.00ns)   --->   "%curr_localImage_788 = extractvalue i61536 %call_ret1" [../image_analysis.cpp:259]   --->   Operation 1786 'extractvalue' 'curr_localImage_788' <Predicate = true> <Delay = 0.00> <CoreInst = "FIFO_SRL">   --->   Core 80 'FIFO_SRL' <Latency = 0> <II = 1> <Delay = 1.83> <Storage> <Opcode : 'read' 'write' 'nbread' 'nbwrite'> <Ports = 0> <Width = 32> <Depth = 2> <FIFO>
ST_4 : Operation 1787 [1/1] (0.00ns)   --->   "%curr_localImage_789 = extractvalue i61536 %call_ret1" [../image_analysis.cpp:259]   --->   Operation 1787 'extractvalue' 'curr_localImage_789' <Predicate = true> <Delay = 0.00> <CoreInst = "FIFO_SRL">   --->   Core 80 'FIFO_SRL' <Latency = 0> <II = 1> <Delay = 1.83> <Storage> <Opcode : 'read' 'write' 'nbread' 'nbwrite'> <Ports = 0> <Width = 32> <Depth = 2> <FIFO>
ST_4 : Operation 1788 [1/1] (0.00ns)   --->   "%curr_localImage_790 = extractvalue i61536 %call_ret1" [../image_analysis.cpp:259]   --->   Operation 1788 'extractvalue' 'curr_localImage_790' <Predicate = true> <Delay = 0.00> <CoreInst = "FIFO_SRL">   --->   Core 80 'FIFO_SRL' <Latency = 0> <II = 1> <Delay = 1.83> <Storage> <Opcode : 'read' 'write' 'nbread' 'nbwrite'> <Ports = 0> <Width = 32> <Depth = 2> <FIFO>
ST_4 : Operation 1789 [1/1] (0.00ns)   --->   "%curr_localImage_791 = extractvalue i61536 %call_ret1" [../image_analysis.cpp:259]   --->   Operation 1789 'extractvalue' 'curr_localImage_791' <Predicate = true> <Delay = 0.00> <CoreInst = "FIFO_SRL">   --->   Core 80 'FIFO_SRL' <Latency = 0> <II = 1> <Delay = 1.83> <Storage> <Opcode : 'read' 'write' 'nbread' 'nbwrite'> <Ports = 0> <Width = 32> <Depth = 2> <FIFO>
ST_4 : Operation 1790 [1/1] (0.00ns)   --->   "%curr_localImage_792 = extractvalue i61536 %call_ret1" [../image_analysis.cpp:259]   --->   Operation 1790 'extractvalue' 'curr_localImage_792' <Predicate = true> <Delay = 0.00> <CoreInst = "FIFO_SRL">   --->   Core 80 'FIFO_SRL' <Latency = 0> <II = 1> <Delay = 1.83> <Storage> <Opcode : 'read' 'write' 'nbread' 'nbwrite'> <Ports = 0> <Width = 32> <Depth = 2> <FIFO>
ST_4 : Operation 1791 [1/1] (0.00ns)   --->   "%curr_localImage_793 = extractvalue i61536 %call_ret1" [../image_analysis.cpp:259]   --->   Operation 1791 'extractvalue' 'curr_localImage_793' <Predicate = true> <Delay = 0.00> <CoreInst = "FIFO_SRL">   --->   Core 80 'FIFO_SRL' <Latency = 0> <II = 1> <Delay = 1.83> <Storage> <Opcode : 'read' 'write' 'nbread' 'nbwrite'> <Ports = 0> <Width = 32> <Depth = 2> <FIFO>
ST_4 : Operation 1792 [1/1] (0.00ns)   --->   "%curr_localImage_794 = extractvalue i61536 %call_ret1" [../image_analysis.cpp:259]   --->   Operation 1792 'extractvalue' 'curr_localImage_794' <Predicate = true> <Delay = 0.00> <CoreInst = "FIFO_SRL">   --->   Core 80 'FIFO_SRL' <Latency = 0> <II = 1> <Delay = 1.83> <Storage> <Opcode : 'read' 'write' 'nbread' 'nbwrite'> <Ports = 0> <Width = 32> <Depth = 2> <FIFO>
ST_4 : Operation 1793 [1/1] (0.00ns)   --->   "%curr_localImage_795 = extractvalue i61536 %call_ret1" [../image_analysis.cpp:259]   --->   Operation 1793 'extractvalue' 'curr_localImage_795' <Predicate = true> <Delay = 0.00> <CoreInst = "FIFO_SRL">   --->   Core 80 'FIFO_SRL' <Latency = 0> <II = 1> <Delay = 1.83> <Storage> <Opcode : 'read' 'write' 'nbread' 'nbwrite'> <Ports = 0> <Width = 32> <Depth = 2> <FIFO>
ST_4 : Operation 1794 [1/1] (0.00ns)   --->   "%curr_localImage_796 = extractvalue i61536 %call_ret1" [../image_analysis.cpp:259]   --->   Operation 1794 'extractvalue' 'curr_localImage_796' <Predicate = true> <Delay = 0.00> <CoreInst = "FIFO_SRL">   --->   Core 80 'FIFO_SRL' <Latency = 0> <II = 1> <Delay = 1.83> <Storage> <Opcode : 'read' 'write' 'nbread' 'nbwrite'> <Ports = 0> <Width = 32> <Depth = 2> <FIFO>
ST_4 : Operation 1795 [1/1] (0.00ns)   --->   "%curr_localImage_797 = extractvalue i61536 %call_ret1" [../image_analysis.cpp:259]   --->   Operation 1795 'extractvalue' 'curr_localImage_797' <Predicate = true> <Delay = 0.00> <CoreInst = "FIFO_SRL">   --->   Core 80 'FIFO_SRL' <Latency = 0> <II = 1> <Delay = 1.83> <Storage> <Opcode : 'read' 'write' 'nbread' 'nbwrite'> <Ports = 0> <Width = 32> <Depth = 2> <FIFO>
ST_4 : Operation 1796 [1/1] (0.00ns)   --->   "%curr_localImage_798 = extractvalue i61536 %call_ret1" [../image_analysis.cpp:259]   --->   Operation 1796 'extractvalue' 'curr_localImage_798' <Predicate = true> <Delay = 0.00> <CoreInst = "FIFO_SRL">   --->   Core 80 'FIFO_SRL' <Latency = 0> <II = 1> <Delay = 1.83> <Storage> <Opcode : 'read' 'write' 'nbread' 'nbwrite'> <Ports = 0> <Width = 32> <Depth = 2> <FIFO>
ST_4 : Operation 1797 [1/1] (0.00ns)   --->   "%curr_localImage_799 = extractvalue i61536 %call_ret1" [../image_analysis.cpp:259]   --->   Operation 1797 'extractvalue' 'curr_localImage_799' <Predicate = true> <Delay = 0.00> <CoreInst = "FIFO_SRL">   --->   Core 80 'FIFO_SRL' <Latency = 0> <II = 1> <Delay = 1.83> <Storage> <Opcode : 'read' 'write' 'nbread' 'nbwrite'> <Ports = 0> <Width = 32> <Depth = 2> <FIFO>
ST_4 : Operation 1798 [1/1] (0.00ns)   --->   "%curr_localImage_800 = extractvalue i61536 %call_ret1" [../image_analysis.cpp:259]   --->   Operation 1798 'extractvalue' 'curr_localImage_800' <Predicate = true> <Delay = 0.00> <CoreInst = "FIFO_SRL">   --->   Core 80 'FIFO_SRL' <Latency = 0> <II = 1> <Delay = 1.83> <Storage> <Opcode : 'read' 'write' 'nbread' 'nbwrite'> <Ports = 0> <Width = 32> <Depth = 2> <FIFO>
ST_4 : Operation 1799 [1/1] (0.00ns)   --->   "%curr_localImage_801 = extractvalue i61536 %call_ret1" [../image_analysis.cpp:259]   --->   Operation 1799 'extractvalue' 'curr_localImage_801' <Predicate = true> <Delay = 0.00> <CoreInst = "FIFO_SRL">   --->   Core 80 'FIFO_SRL' <Latency = 0> <II = 1> <Delay = 1.83> <Storage> <Opcode : 'read' 'write' 'nbread' 'nbwrite'> <Ports = 0> <Width = 32> <Depth = 2> <FIFO>
ST_4 : Operation 1800 [1/1] (0.00ns)   --->   "%curr_localImage_802 = extractvalue i61536 %call_ret1" [../image_analysis.cpp:259]   --->   Operation 1800 'extractvalue' 'curr_localImage_802' <Predicate = true> <Delay = 0.00> <CoreInst = "FIFO_SRL">   --->   Core 80 'FIFO_SRL' <Latency = 0> <II = 1> <Delay = 1.83> <Storage> <Opcode : 'read' 'write' 'nbread' 'nbwrite'> <Ports = 0> <Width = 32> <Depth = 2> <FIFO>
ST_4 : Operation 1801 [1/1] (0.00ns)   --->   "%curr_localImage_803 = extractvalue i61536 %call_ret1" [../image_analysis.cpp:259]   --->   Operation 1801 'extractvalue' 'curr_localImage_803' <Predicate = true> <Delay = 0.00> <CoreInst = "FIFO_SRL">   --->   Core 80 'FIFO_SRL' <Latency = 0> <II = 1> <Delay = 1.83> <Storage> <Opcode : 'read' 'write' 'nbread' 'nbwrite'> <Ports = 0> <Width = 32> <Depth = 2> <FIFO>
ST_4 : Operation 1802 [1/1] (0.00ns)   --->   "%curr_localImage_804 = extractvalue i61536 %call_ret1" [../image_analysis.cpp:259]   --->   Operation 1802 'extractvalue' 'curr_localImage_804' <Predicate = true> <Delay = 0.00> <CoreInst = "FIFO_SRL">   --->   Core 80 'FIFO_SRL' <Latency = 0> <II = 1> <Delay = 1.83> <Storage> <Opcode : 'read' 'write' 'nbread' 'nbwrite'> <Ports = 0> <Width = 32> <Depth = 2> <FIFO>
ST_4 : Operation 1803 [1/1] (0.00ns)   --->   "%curr_localImage_805 = extractvalue i61536 %call_ret1" [../image_analysis.cpp:259]   --->   Operation 1803 'extractvalue' 'curr_localImage_805' <Predicate = true> <Delay = 0.00> <CoreInst = "FIFO_SRL">   --->   Core 80 'FIFO_SRL' <Latency = 0> <II = 1> <Delay = 1.83> <Storage> <Opcode : 'read' 'write' 'nbread' 'nbwrite'> <Ports = 0> <Width = 32> <Depth = 2> <FIFO>
ST_4 : Operation 1804 [1/1] (0.00ns)   --->   "%curr_localImage_806 = extractvalue i61536 %call_ret1" [../image_analysis.cpp:259]   --->   Operation 1804 'extractvalue' 'curr_localImage_806' <Predicate = true> <Delay = 0.00> <CoreInst = "FIFO_SRL">   --->   Core 80 'FIFO_SRL' <Latency = 0> <II = 1> <Delay = 1.83> <Storage> <Opcode : 'read' 'write' 'nbread' 'nbwrite'> <Ports = 0> <Width = 32> <Depth = 2> <FIFO>
ST_4 : Operation 1805 [1/1] (0.00ns)   --->   "%curr_localImage_807 = extractvalue i61536 %call_ret1" [../image_analysis.cpp:259]   --->   Operation 1805 'extractvalue' 'curr_localImage_807' <Predicate = true> <Delay = 0.00> <CoreInst = "FIFO_SRL">   --->   Core 80 'FIFO_SRL' <Latency = 0> <II = 1> <Delay = 1.83> <Storage> <Opcode : 'read' 'write' 'nbread' 'nbwrite'> <Ports = 0> <Width = 32> <Depth = 2> <FIFO>
ST_4 : Operation 1806 [1/1] (0.00ns)   --->   "%curr_localImage_808 = extractvalue i61536 %call_ret1" [../image_analysis.cpp:259]   --->   Operation 1806 'extractvalue' 'curr_localImage_808' <Predicate = true> <Delay = 0.00> <CoreInst = "FIFO_SRL">   --->   Core 80 'FIFO_SRL' <Latency = 0> <II = 1> <Delay = 1.83> <Storage> <Opcode : 'read' 'write' 'nbread' 'nbwrite'> <Ports = 0> <Width = 32> <Depth = 2> <FIFO>
ST_4 : Operation 1807 [1/1] (0.00ns)   --->   "%curr_localImage_809 = extractvalue i61536 %call_ret1" [../image_analysis.cpp:259]   --->   Operation 1807 'extractvalue' 'curr_localImage_809' <Predicate = true> <Delay = 0.00> <CoreInst = "FIFO_SRL">   --->   Core 80 'FIFO_SRL' <Latency = 0> <II = 1> <Delay = 1.83> <Storage> <Opcode : 'read' 'write' 'nbread' 'nbwrite'> <Ports = 0> <Width = 32> <Depth = 2> <FIFO>
ST_4 : Operation 1808 [1/1] (0.00ns)   --->   "%curr_localImage_810 = extractvalue i61536 %call_ret1" [../image_analysis.cpp:259]   --->   Operation 1808 'extractvalue' 'curr_localImage_810' <Predicate = true> <Delay = 0.00> <CoreInst = "FIFO_SRL">   --->   Core 80 'FIFO_SRL' <Latency = 0> <II = 1> <Delay = 1.83> <Storage> <Opcode : 'read' 'write' 'nbread' 'nbwrite'> <Ports = 0> <Width = 32> <Depth = 2> <FIFO>
ST_4 : Operation 1809 [1/1] (0.00ns)   --->   "%curr_localImage_811 = extractvalue i61536 %call_ret1" [../image_analysis.cpp:259]   --->   Operation 1809 'extractvalue' 'curr_localImage_811' <Predicate = true> <Delay = 0.00> <CoreInst = "FIFO_SRL">   --->   Core 80 'FIFO_SRL' <Latency = 0> <II = 1> <Delay = 1.83> <Storage> <Opcode : 'read' 'write' 'nbread' 'nbwrite'> <Ports = 0> <Width = 32> <Depth = 2> <FIFO>
ST_4 : Operation 1810 [1/1] (0.00ns)   --->   "%curr_localImage_812 = extractvalue i61536 %call_ret1" [../image_analysis.cpp:259]   --->   Operation 1810 'extractvalue' 'curr_localImage_812' <Predicate = true> <Delay = 0.00> <CoreInst = "FIFO_SRL">   --->   Core 80 'FIFO_SRL' <Latency = 0> <II = 1> <Delay = 1.83> <Storage> <Opcode : 'read' 'write' 'nbread' 'nbwrite'> <Ports = 0> <Width = 32> <Depth = 2> <FIFO>
ST_4 : Operation 1811 [1/1] (0.00ns)   --->   "%curr_localImage_813 = extractvalue i61536 %call_ret1" [../image_analysis.cpp:259]   --->   Operation 1811 'extractvalue' 'curr_localImage_813' <Predicate = true> <Delay = 0.00> <CoreInst = "FIFO_SRL">   --->   Core 80 'FIFO_SRL' <Latency = 0> <II = 1> <Delay = 1.83> <Storage> <Opcode : 'read' 'write' 'nbread' 'nbwrite'> <Ports = 0> <Width = 32> <Depth = 2> <FIFO>
ST_4 : Operation 1812 [1/1] (0.00ns)   --->   "%curr_localImage_814 = extractvalue i61536 %call_ret1" [../image_analysis.cpp:259]   --->   Operation 1812 'extractvalue' 'curr_localImage_814' <Predicate = true> <Delay = 0.00> <CoreInst = "FIFO_SRL">   --->   Core 80 'FIFO_SRL' <Latency = 0> <II = 1> <Delay = 1.83> <Storage> <Opcode : 'read' 'write' 'nbread' 'nbwrite'> <Ports = 0> <Width = 32> <Depth = 2> <FIFO>
ST_4 : Operation 1813 [1/1] (0.00ns)   --->   "%curr_localImage_815 = extractvalue i61536 %call_ret1" [../image_analysis.cpp:259]   --->   Operation 1813 'extractvalue' 'curr_localImage_815' <Predicate = true> <Delay = 0.00> <CoreInst = "FIFO_SRL">   --->   Core 80 'FIFO_SRL' <Latency = 0> <II = 1> <Delay = 1.83> <Storage> <Opcode : 'read' 'write' 'nbread' 'nbwrite'> <Ports = 0> <Width = 32> <Depth = 2> <FIFO>
ST_4 : Operation 1814 [1/1] (0.00ns)   --->   "%curr_localImage_816 = extractvalue i61536 %call_ret1" [../image_analysis.cpp:259]   --->   Operation 1814 'extractvalue' 'curr_localImage_816' <Predicate = true> <Delay = 0.00> <CoreInst = "FIFO_SRL">   --->   Core 80 'FIFO_SRL' <Latency = 0> <II = 1> <Delay = 1.83> <Storage> <Opcode : 'read' 'write' 'nbread' 'nbwrite'> <Ports = 0> <Width = 32> <Depth = 2> <FIFO>
ST_4 : Operation 1815 [1/1] (0.00ns)   --->   "%curr_localImage_817 = extractvalue i61536 %call_ret1" [../image_analysis.cpp:259]   --->   Operation 1815 'extractvalue' 'curr_localImage_817' <Predicate = true> <Delay = 0.00> <CoreInst = "FIFO_SRL">   --->   Core 80 'FIFO_SRL' <Latency = 0> <II = 1> <Delay = 1.83> <Storage> <Opcode : 'read' 'write' 'nbread' 'nbwrite'> <Ports = 0> <Width = 32> <Depth = 2> <FIFO>
ST_4 : Operation 1816 [1/1] (0.00ns)   --->   "%curr_localImage_818 = extractvalue i61536 %call_ret1" [../image_analysis.cpp:259]   --->   Operation 1816 'extractvalue' 'curr_localImage_818' <Predicate = true> <Delay = 0.00> <CoreInst = "FIFO_SRL">   --->   Core 80 'FIFO_SRL' <Latency = 0> <II = 1> <Delay = 1.83> <Storage> <Opcode : 'read' 'write' 'nbread' 'nbwrite'> <Ports = 0> <Width = 32> <Depth = 2> <FIFO>
ST_4 : Operation 1817 [1/1] (0.00ns)   --->   "%curr_localImage_819 = extractvalue i61536 %call_ret1" [../image_analysis.cpp:259]   --->   Operation 1817 'extractvalue' 'curr_localImage_819' <Predicate = true> <Delay = 0.00> <CoreInst = "FIFO_SRL">   --->   Core 80 'FIFO_SRL' <Latency = 0> <II = 1> <Delay = 1.83> <Storage> <Opcode : 'read' 'write' 'nbread' 'nbwrite'> <Ports = 0> <Width = 32> <Depth = 2> <FIFO>
ST_4 : Operation 1818 [1/1] (0.00ns)   --->   "%curr_localImage_820 = extractvalue i61536 %call_ret1" [../image_analysis.cpp:259]   --->   Operation 1818 'extractvalue' 'curr_localImage_820' <Predicate = true> <Delay = 0.00> <CoreInst = "FIFO_SRL">   --->   Core 80 'FIFO_SRL' <Latency = 0> <II = 1> <Delay = 1.83> <Storage> <Opcode : 'read' 'write' 'nbread' 'nbwrite'> <Ports = 0> <Width = 32> <Depth = 2> <FIFO>
ST_4 : Operation 1819 [1/1] (0.00ns)   --->   "%curr_localImage_821 = extractvalue i61536 %call_ret1" [../image_analysis.cpp:259]   --->   Operation 1819 'extractvalue' 'curr_localImage_821' <Predicate = true> <Delay = 0.00> <CoreInst = "FIFO_SRL">   --->   Core 80 'FIFO_SRL' <Latency = 0> <II = 1> <Delay = 1.83> <Storage> <Opcode : 'read' 'write' 'nbread' 'nbwrite'> <Ports = 0> <Width = 32> <Depth = 2> <FIFO>
ST_4 : Operation 1820 [1/1] (0.00ns)   --->   "%curr_localImage_822 = extractvalue i61536 %call_ret1" [../image_analysis.cpp:259]   --->   Operation 1820 'extractvalue' 'curr_localImage_822' <Predicate = true> <Delay = 0.00> <CoreInst = "FIFO_SRL">   --->   Core 80 'FIFO_SRL' <Latency = 0> <II = 1> <Delay = 1.83> <Storage> <Opcode : 'read' 'write' 'nbread' 'nbwrite'> <Ports = 0> <Width = 32> <Depth = 2> <FIFO>
ST_4 : Operation 1821 [1/1] (0.00ns)   --->   "%curr_localImage_823 = extractvalue i61536 %call_ret1" [../image_analysis.cpp:259]   --->   Operation 1821 'extractvalue' 'curr_localImage_823' <Predicate = true> <Delay = 0.00> <CoreInst = "FIFO_SRL">   --->   Core 80 'FIFO_SRL' <Latency = 0> <II = 1> <Delay = 1.83> <Storage> <Opcode : 'read' 'write' 'nbread' 'nbwrite'> <Ports = 0> <Width = 32> <Depth = 2> <FIFO>
ST_4 : Operation 1822 [1/1] (0.00ns)   --->   "%curr_localImage_824 = extractvalue i61536 %call_ret1" [../image_analysis.cpp:259]   --->   Operation 1822 'extractvalue' 'curr_localImage_824' <Predicate = true> <Delay = 0.00> <CoreInst = "FIFO_SRL">   --->   Core 80 'FIFO_SRL' <Latency = 0> <II = 1> <Delay = 1.83> <Storage> <Opcode : 'read' 'write' 'nbread' 'nbwrite'> <Ports = 0> <Width = 32> <Depth = 2> <FIFO>
ST_4 : Operation 1823 [1/1] (0.00ns)   --->   "%curr_localImage_825 = extractvalue i61536 %call_ret1" [../image_analysis.cpp:259]   --->   Operation 1823 'extractvalue' 'curr_localImage_825' <Predicate = true> <Delay = 0.00> <CoreInst = "FIFO_SRL">   --->   Core 80 'FIFO_SRL' <Latency = 0> <II = 1> <Delay = 1.83> <Storage> <Opcode : 'read' 'write' 'nbread' 'nbwrite'> <Ports = 0> <Width = 32> <Depth = 2> <FIFO>
ST_4 : Operation 1824 [1/1] (0.00ns)   --->   "%curr_localImage_826 = extractvalue i61536 %call_ret1" [../image_analysis.cpp:259]   --->   Operation 1824 'extractvalue' 'curr_localImage_826' <Predicate = true> <Delay = 0.00> <CoreInst = "FIFO_SRL">   --->   Core 80 'FIFO_SRL' <Latency = 0> <II = 1> <Delay = 1.83> <Storage> <Opcode : 'read' 'write' 'nbread' 'nbwrite'> <Ports = 0> <Width = 32> <Depth = 2> <FIFO>
ST_4 : Operation 1825 [1/1] (0.00ns)   --->   "%curr_localImage_827 = extractvalue i61536 %call_ret1" [../image_analysis.cpp:259]   --->   Operation 1825 'extractvalue' 'curr_localImage_827' <Predicate = true> <Delay = 0.00> <CoreInst = "FIFO_SRL">   --->   Core 80 'FIFO_SRL' <Latency = 0> <II = 1> <Delay = 1.83> <Storage> <Opcode : 'read' 'write' 'nbread' 'nbwrite'> <Ports = 0> <Width = 32> <Depth = 2> <FIFO>
ST_4 : Operation 1826 [1/1] (0.00ns)   --->   "%curr_localImage_828 = extractvalue i61536 %call_ret1" [../image_analysis.cpp:259]   --->   Operation 1826 'extractvalue' 'curr_localImage_828' <Predicate = true> <Delay = 0.00> <CoreInst = "FIFO_SRL">   --->   Core 80 'FIFO_SRL' <Latency = 0> <II = 1> <Delay = 1.83> <Storage> <Opcode : 'read' 'write' 'nbread' 'nbwrite'> <Ports = 0> <Width = 32> <Depth = 2> <FIFO>
ST_4 : Operation 1827 [1/1] (0.00ns)   --->   "%curr_localImage_829 = extractvalue i61536 %call_ret1" [../image_analysis.cpp:259]   --->   Operation 1827 'extractvalue' 'curr_localImage_829' <Predicate = true> <Delay = 0.00> <CoreInst = "FIFO_SRL">   --->   Core 80 'FIFO_SRL' <Latency = 0> <II = 1> <Delay = 1.83> <Storage> <Opcode : 'read' 'write' 'nbread' 'nbwrite'> <Ports = 0> <Width = 32> <Depth = 2> <FIFO>
ST_4 : Operation 1828 [1/1] (0.00ns)   --->   "%curr_localImage_830 = extractvalue i61536 %call_ret1" [../image_analysis.cpp:259]   --->   Operation 1828 'extractvalue' 'curr_localImage_830' <Predicate = true> <Delay = 0.00> <CoreInst = "FIFO_SRL">   --->   Core 80 'FIFO_SRL' <Latency = 0> <II = 1> <Delay = 1.83> <Storage> <Opcode : 'read' 'write' 'nbread' 'nbwrite'> <Ports = 0> <Width = 32> <Depth = 2> <FIFO>
ST_4 : Operation 1829 [1/1] (0.00ns)   --->   "%curr_localImage_831 = extractvalue i61536 %call_ret1" [../image_analysis.cpp:259]   --->   Operation 1829 'extractvalue' 'curr_localImage_831' <Predicate = true> <Delay = 0.00> <CoreInst = "FIFO_SRL">   --->   Core 80 'FIFO_SRL' <Latency = 0> <II = 1> <Delay = 1.83> <Storage> <Opcode : 'read' 'write' 'nbread' 'nbwrite'> <Ports = 0> <Width = 32> <Depth = 2> <FIFO>
ST_4 : Operation 1830 [1/1] (0.00ns)   --->   "%curr_localImage_832 = extractvalue i61536 %call_ret1" [../image_analysis.cpp:259]   --->   Operation 1830 'extractvalue' 'curr_localImage_832' <Predicate = true> <Delay = 0.00> <CoreInst = "FIFO_SRL">   --->   Core 80 'FIFO_SRL' <Latency = 0> <II = 1> <Delay = 1.83> <Storage> <Opcode : 'read' 'write' 'nbread' 'nbwrite'> <Ports = 0> <Width = 32> <Depth = 2> <FIFO>
ST_4 : Operation 1831 [1/1] (0.00ns)   --->   "%curr_localImage_833 = extractvalue i61536 %call_ret1" [../image_analysis.cpp:259]   --->   Operation 1831 'extractvalue' 'curr_localImage_833' <Predicate = true> <Delay = 0.00> <CoreInst = "FIFO_SRL">   --->   Core 80 'FIFO_SRL' <Latency = 0> <II = 1> <Delay = 1.83> <Storage> <Opcode : 'read' 'write' 'nbread' 'nbwrite'> <Ports = 0> <Width = 32> <Depth = 2> <FIFO>
ST_4 : Operation 1832 [1/1] (0.00ns)   --->   "%curr_localImage_834 = extractvalue i61536 %call_ret1" [../image_analysis.cpp:259]   --->   Operation 1832 'extractvalue' 'curr_localImage_834' <Predicate = true> <Delay = 0.00> <CoreInst = "FIFO_SRL">   --->   Core 80 'FIFO_SRL' <Latency = 0> <II = 1> <Delay = 1.83> <Storage> <Opcode : 'read' 'write' 'nbread' 'nbwrite'> <Ports = 0> <Width = 32> <Depth = 2> <FIFO>
ST_4 : Operation 1833 [1/1] (0.00ns)   --->   "%curr_localImage_835 = extractvalue i61536 %call_ret1" [../image_analysis.cpp:259]   --->   Operation 1833 'extractvalue' 'curr_localImage_835' <Predicate = true> <Delay = 0.00> <CoreInst = "FIFO_SRL">   --->   Core 80 'FIFO_SRL' <Latency = 0> <II = 1> <Delay = 1.83> <Storage> <Opcode : 'read' 'write' 'nbread' 'nbwrite'> <Ports = 0> <Width = 32> <Depth = 2> <FIFO>
ST_4 : Operation 1834 [1/1] (0.00ns)   --->   "%curr_localImage_836 = extractvalue i61536 %call_ret1" [../image_analysis.cpp:259]   --->   Operation 1834 'extractvalue' 'curr_localImage_836' <Predicate = true> <Delay = 0.00> <CoreInst = "FIFO_SRL">   --->   Core 80 'FIFO_SRL' <Latency = 0> <II = 1> <Delay = 1.83> <Storage> <Opcode : 'read' 'write' 'nbread' 'nbwrite'> <Ports = 0> <Width = 32> <Depth = 2> <FIFO>
ST_4 : Operation 1835 [1/1] (0.00ns)   --->   "%curr_localImage_837 = extractvalue i61536 %call_ret1" [../image_analysis.cpp:259]   --->   Operation 1835 'extractvalue' 'curr_localImage_837' <Predicate = true> <Delay = 0.00> <CoreInst = "FIFO_SRL">   --->   Core 80 'FIFO_SRL' <Latency = 0> <II = 1> <Delay = 1.83> <Storage> <Opcode : 'read' 'write' 'nbread' 'nbwrite'> <Ports = 0> <Width = 32> <Depth = 2> <FIFO>
ST_4 : Operation 1836 [1/1] (0.00ns)   --->   "%curr_localImage_838 = extractvalue i61536 %call_ret1" [../image_analysis.cpp:259]   --->   Operation 1836 'extractvalue' 'curr_localImage_838' <Predicate = true> <Delay = 0.00> <CoreInst = "FIFO_SRL">   --->   Core 80 'FIFO_SRL' <Latency = 0> <II = 1> <Delay = 1.83> <Storage> <Opcode : 'read' 'write' 'nbread' 'nbwrite'> <Ports = 0> <Width = 32> <Depth = 2> <FIFO>
ST_4 : Operation 1837 [1/1] (0.00ns)   --->   "%curr_localImage_839 = extractvalue i61536 %call_ret1" [../image_analysis.cpp:259]   --->   Operation 1837 'extractvalue' 'curr_localImage_839' <Predicate = true> <Delay = 0.00> <CoreInst = "FIFO_SRL">   --->   Core 80 'FIFO_SRL' <Latency = 0> <II = 1> <Delay = 1.83> <Storage> <Opcode : 'read' 'write' 'nbread' 'nbwrite'> <Ports = 0> <Width = 32> <Depth = 2> <FIFO>
ST_4 : Operation 1838 [1/1] (0.00ns)   --->   "%curr_localImage_840 = extractvalue i61536 %call_ret1" [../image_analysis.cpp:259]   --->   Operation 1838 'extractvalue' 'curr_localImage_840' <Predicate = true> <Delay = 0.00> <CoreInst = "FIFO_SRL">   --->   Core 80 'FIFO_SRL' <Latency = 0> <II = 1> <Delay = 1.83> <Storage> <Opcode : 'read' 'write' 'nbread' 'nbwrite'> <Ports = 0> <Width = 32> <Depth = 2> <FIFO>
ST_4 : Operation 1839 [1/1] (0.00ns)   --->   "%curr_localImage_841 = extractvalue i61536 %call_ret1" [../image_analysis.cpp:259]   --->   Operation 1839 'extractvalue' 'curr_localImage_841' <Predicate = true> <Delay = 0.00> <CoreInst = "FIFO_SRL">   --->   Core 80 'FIFO_SRL' <Latency = 0> <II = 1> <Delay = 1.83> <Storage> <Opcode : 'read' 'write' 'nbread' 'nbwrite'> <Ports = 0> <Width = 32> <Depth = 2> <FIFO>
ST_4 : Operation 1840 [1/1] (0.00ns)   --->   "%curr_localImage_842 = extractvalue i61536 %call_ret1" [../image_analysis.cpp:259]   --->   Operation 1840 'extractvalue' 'curr_localImage_842' <Predicate = true> <Delay = 0.00> <CoreInst = "FIFO_SRL">   --->   Core 80 'FIFO_SRL' <Latency = 0> <II = 1> <Delay = 1.83> <Storage> <Opcode : 'read' 'write' 'nbread' 'nbwrite'> <Ports = 0> <Width = 32> <Depth = 2> <FIFO>
ST_4 : Operation 1841 [1/1] (0.00ns)   --->   "%curr_localImage_843 = extractvalue i61536 %call_ret1" [../image_analysis.cpp:259]   --->   Operation 1841 'extractvalue' 'curr_localImage_843' <Predicate = true> <Delay = 0.00> <CoreInst = "FIFO_SRL">   --->   Core 80 'FIFO_SRL' <Latency = 0> <II = 1> <Delay = 1.83> <Storage> <Opcode : 'read' 'write' 'nbread' 'nbwrite'> <Ports = 0> <Width = 32> <Depth = 2> <FIFO>
ST_4 : Operation 1842 [1/1] (0.00ns)   --->   "%curr_localImage_844 = extractvalue i61536 %call_ret1" [../image_analysis.cpp:259]   --->   Operation 1842 'extractvalue' 'curr_localImage_844' <Predicate = true> <Delay = 0.00> <CoreInst = "FIFO_SRL">   --->   Core 80 'FIFO_SRL' <Latency = 0> <II = 1> <Delay = 1.83> <Storage> <Opcode : 'read' 'write' 'nbread' 'nbwrite'> <Ports = 0> <Width = 32> <Depth = 2> <FIFO>
ST_4 : Operation 1843 [1/1] (0.00ns)   --->   "%curr_localImage_845 = extractvalue i61536 %call_ret1" [../image_analysis.cpp:259]   --->   Operation 1843 'extractvalue' 'curr_localImage_845' <Predicate = true> <Delay = 0.00> <CoreInst = "FIFO_SRL">   --->   Core 80 'FIFO_SRL' <Latency = 0> <II = 1> <Delay = 1.83> <Storage> <Opcode : 'read' 'write' 'nbread' 'nbwrite'> <Ports = 0> <Width = 32> <Depth = 2> <FIFO>
ST_4 : Operation 1844 [1/1] (0.00ns)   --->   "%curr_localImage_846 = extractvalue i61536 %call_ret1" [../image_analysis.cpp:259]   --->   Operation 1844 'extractvalue' 'curr_localImage_846' <Predicate = true> <Delay = 0.00> <CoreInst = "FIFO_SRL">   --->   Core 80 'FIFO_SRL' <Latency = 0> <II = 1> <Delay = 1.83> <Storage> <Opcode : 'read' 'write' 'nbread' 'nbwrite'> <Ports = 0> <Width = 32> <Depth = 2> <FIFO>
ST_4 : Operation 1845 [1/1] (0.00ns)   --->   "%curr_localImage_847 = extractvalue i61536 %call_ret1" [../image_analysis.cpp:259]   --->   Operation 1845 'extractvalue' 'curr_localImage_847' <Predicate = true> <Delay = 0.00> <CoreInst = "FIFO_SRL">   --->   Core 80 'FIFO_SRL' <Latency = 0> <II = 1> <Delay = 1.83> <Storage> <Opcode : 'read' 'write' 'nbread' 'nbwrite'> <Ports = 0> <Width = 32> <Depth = 2> <FIFO>
ST_4 : Operation 1846 [1/1] (0.00ns)   --->   "%curr_localImage_848 = extractvalue i61536 %call_ret1" [../image_analysis.cpp:259]   --->   Operation 1846 'extractvalue' 'curr_localImage_848' <Predicate = true> <Delay = 0.00> <CoreInst = "FIFO_SRL">   --->   Core 80 'FIFO_SRL' <Latency = 0> <II = 1> <Delay = 1.83> <Storage> <Opcode : 'read' 'write' 'nbread' 'nbwrite'> <Ports = 0> <Width = 32> <Depth = 2> <FIFO>
ST_4 : Operation 1847 [1/1] (0.00ns)   --->   "%curr_localImage_849 = extractvalue i61536 %call_ret1" [../image_analysis.cpp:259]   --->   Operation 1847 'extractvalue' 'curr_localImage_849' <Predicate = true> <Delay = 0.00> <CoreInst = "FIFO_SRL">   --->   Core 80 'FIFO_SRL' <Latency = 0> <II = 1> <Delay = 1.83> <Storage> <Opcode : 'read' 'write' 'nbread' 'nbwrite'> <Ports = 0> <Width = 32> <Depth = 2> <FIFO>
ST_4 : Operation 1848 [1/1] (0.00ns)   --->   "%curr_localImage_850 = extractvalue i61536 %call_ret1" [../image_analysis.cpp:259]   --->   Operation 1848 'extractvalue' 'curr_localImage_850' <Predicate = true> <Delay = 0.00> <CoreInst = "FIFO_SRL">   --->   Core 80 'FIFO_SRL' <Latency = 0> <II = 1> <Delay = 1.83> <Storage> <Opcode : 'read' 'write' 'nbread' 'nbwrite'> <Ports = 0> <Width = 32> <Depth = 2> <FIFO>
ST_4 : Operation 1849 [1/1] (0.00ns)   --->   "%curr_localImage_851 = extractvalue i61536 %call_ret1" [../image_analysis.cpp:259]   --->   Operation 1849 'extractvalue' 'curr_localImage_851' <Predicate = true> <Delay = 0.00> <CoreInst = "FIFO_SRL">   --->   Core 80 'FIFO_SRL' <Latency = 0> <II = 1> <Delay = 1.83> <Storage> <Opcode : 'read' 'write' 'nbread' 'nbwrite'> <Ports = 0> <Width = 32> <Depth = 2> <FIFO>
ST_4 : Operation 1850 [1/1] (0.00ns)   --->   "%curr_localImage_852 = extractvalue i61536 %call_ret1" [../image_analysis.cpp:259]   --->   Operation 1850 'extractvalue' 'curr_localImage_852' <Predicate = true> <Delay = 0.00> <CoreInst = "FIFO_SRL">   --->   Core 80 'FIFO_SRL' <Latency = 0> <II = 1> <Delay = 1.83> <Storage> <Opcode : 'read' 'write' 'nbread' 'nbwrite'> <Ports = 0> <Width = 32> <Depth = 2> <FIFO>
ST_4 : Operation 1851 [1/1] (0.00ns)   --->   "%curr_localImage_853 = extractvalue i61536 %call_ret1" [../image_analysis.cpp:259]   --->   Operation 1851 'extractvalue' 'curr_localImage_853' <Predicate = true> <Delay = 0.00> <CoreInst = "FIFO_SRL">   --->   Core 80 'FIFO_SRL' <Latency = 0> <II = 1> <Delay = 1.83> <Storage> <Opcode : 'read' 'write' 'nbread' 'nbwrite'> <Ports = 0> <Width = 32> <Depth = 2> <FIFO>
ST_4 : Operation 1852 [1/1] (0.00ns)   --->   "%curr_localImage_854 = extractvalue i61536 %call_ret1" [../image_analysis.cpp:259]   --->   Operation 1852 'extractvalue' 'curr_localImage_854' <Predicate = true> <Delay = 0.00> <CoreInst = "FIFO_SRL">   --->   Core 80 'FIFO_SRL' <Latency = 0> <II = 1> <Delay = 1.83> <Storage> <Opcode : 'read' 'write' 'nbread' 'nbwrite'> <Ports = 0> <Width = 32> <Depth = 2> <FIFO>
ST_4 : Operation 1853 [1/1] (0.00ns)   --->   "%curr_localImage_855 = extractvalue i61536 %call_ret1" [../image_analysis.cpp:259]   --->   Operation 1853 'extractvalue' 'curr_localImage_855' <Predicate = true> <Delay = 0.00> <CoreInst = "FIFO_SRL">   --->   Core 80 'FIFO_SRL' <Latency = 0> <II = 1> <Delay = 1.83> <Storage> <Opcode : 'read' 'write' 'nbread' 'nbwrite'> <Ports = 0> <Width = 32> <Depth = 2> <FIFO>
ST_4 : Operation 1854 [1/1] (0.00ns)   --->   "%curr_localImage_856 = extractvalue i61536 %call_ret1" [../image_analysis.cpp:259]   --->   Operation 1854 'extractvalue' 'curr_localImage_856' <Predicate = true> <Delay = 0.00> <CoreInst = "FIFO_SRL">   --->   Core 80 'FIFO_SRL' <Latency = 0> <II = 1> <Delay = 1.83> <Storage> <Opcode : 'read' 'write' 'nbread' 'nbwrite'> <Ports = 0> <Width = 32> <Depth = 2> <FIFO>
ST_4 : Operation 1855 [1/1] (0.00ns)   --->   "%curr_localImage_857 = extractvalue i61536 %call_ret1" [../image_analysis.cpp:259]   --->   Operation 1855 'extractvalue' 'curr_localImage_857' <Predicate = true> <Delay = 0.00> <CoreInst = "FIFO_SRL">   --->   Core 80 'FIFO_SRL' <Latency = 0> <II = 1> <Delay = 1.83> <Storage> <Opcode : 'read' 'write' 'nbread' 'nbwrite'> <Ports = 0> <Width = 32> <Depth = 2> <FIFO>
ST_4 : Operation 1856 [1/1] (0.00ns)   --->   "%curr_localImage_858 = extractvalue i61536 %call_ret1" [../image_analysis.cpp:259]   --->   Operation 1856 'extractvalue' 'curr_localImage_858' <Predicate = true> <Delay = 0.00> <CoreInst = "FIFO_SRL">   --->   Core 80 'FIFO_SRL' <Latency = 0> <II = 1> <Delay = 1.83> <Storage> <Opcode : 'read' 'write' 'nbread' 'nbwrite'> <Ports = 0> <Width = 32> <Depth = 2> <FIFO>
ST_4 : Operation 1857 [1/1] (0.00ns)   --->   "%curr_localImage_859 = extractvalue i61536 %call_ret1" [../image_analysis.cpp:259]   --->   Operation 1857 'extractvalue' 'curr_localImage_859' <Predicate = true> <Delay = 0.00> <CoreInst = "FIFO_SRL">   --->   Core 80 'FIFO_SRL' <Latency = 0> <II = 1> <Delay = 1.83> <Storage> <Opcode : 'read' 'write' 'nbread' 'nbwrite'> <Ports = 0> <Width = 32> <Depth = 2> <FIFO>
ST_4 : Operation 1858 [1/1] (0.00ns)   --->   "%curr_localImage_860 = extractvalue i61536 %call_ret1" [../image_analysis.cpp:259]   --->   Operation 1858 'extractvalue' 'curr_localImage_860' <Predicate = true> <Delay = 0.00> <CoreInst = "FIFO_SRL">   --->   Core 80 'FIFO_SRL' <Latency = 0> <II = 1> <Delay = 1.83> <Storage> <Opcode : 'read' 'write' 'nbread' 'nbwrite'> <Ports = 0> <Width = 32> <Depth = 2> <FIFO>
ST_4 : Operation 1859 [1/1] (0.00ns)   --->   "%curr_localImage_861 = extractvalue i61536 %call_ret1" [../image_analysis.cpp:259]   --->   Operation 1859 'extractvalue' 'curr_localImage_861' <Predicate = true> <Delay = 0.00> <CoreInst = "FIFO_SRL">   --->   Core 80 'FIFO_SRL' <Latency = 0> <II = 1> <Delay = 1.83> <Storage> <Opcode : 'read' 'write' 'nbread' 'nbwrite'> <Ports = 0> <Width = 32> <Depth = 2> <FIFO>
ST_4 : Operation 1860 [1/1] (0.00ns)   --->   "%curr_localImage_862 = extractvalue i61536 %call_ret1" [../image_analysis.cpp:259]   --->   Operation 1860 'extractvalue' 'curr_localImage_862' <Predicate = true> <Delay = 0.00> <CoreInst = "FIFO_SRL">   --->   Core 80 'FIFO_SRL' <Latency = 0> <II = 1> <Delay = 1.83> <Storage> <Opcode : 'read' 'write' 'nbread' 'nbwrite'> <Ports = 0> <Width = 32> <Depth = 2> <FIFO>
ST_4 : Operation 1861 [1/1] (0.00ns)   --->   "%curr_localImage_863 = extractvalue i61536 %call_ret1" [../image_analysis.cpp:259]   --->   Operation 1861 'extractvalue' 'curr_localImage_863' <Predicate = true> <Delay = 0.00> <CoreInst = "FIFO_SRL">   --->   Core 80 'FIFO_SRL' <Latency = 0> <II = 1> <Delay = 1.83> <Storage> <Opcode : 'read' 'write' 'nbread' 'nbwrite'> <Ports = 0> <Width = 32> <Depth = 2> <FIFO>
ST_4 : Operation 1862 [1/1] (0.00ns)   --->   "%curr_localImage_864 = extractvalue i61536 %call_ret1" [../image_analysis.cpp:259]   --->   Operation 1862 'extractvalue' 'curr_localImage_864' <Predicate = true> <Delay = 0.00> <CoreInst = "FIFO_SRL">   --->   Core 80 'FIFO_SRL' <Latency = 0> <II = 1> <Delay = 1.83> <Storage> <Opcode : 'read' 'write' 'nbread' 'nbwrite'> <Ports = 0> <Width = 32> <Depth = 2> <FIFO>
ST_4 : Operation 1863 [1/1] (0.00ns)   --->   "%curr_localImage_865 = extractvalue i61536 %call_ret1" [../image_analysis.cpp:259]   --->   Operation 1863 'extractvalue' 'curr_localImage_865' <Predicate = true> <Delay = 0.00> <CoreInst = "FIFO_SRL">   --->   Core 80 'FIFO_SRL' <Latency = 0> <II = 1> <Delay = 1.83> <Storage> <Opcode : 'read' 'write' 'nbread' 'nbwrite'> <Ports = 0> <Width = 32> <Depth = 2> <FIFO>
ST_4 : Operation 1864 [1/1] (0.00ns)   --->   "%curr_localImage_866 = extractvalue i61536 %call_ret1" [../image_analysis.cpp:259]   --->   Operation 1864 'extractvalue' 'curr_localImage_866' <Predicate = true> <Delay = 0.00> <CoreInst = "FIFO_SRL">   --->   Core 80 'FIFO_SRL' <Latency = 0> <II = 1> <Delay = 1.83> <Storage> <Opcode : 'read' 'write' 'nbread' 'nbwrite'> <Ports = 0> <Width = 32> <Depth = 2> <FIFO>
ST_4 : Operation 1865 [1/1] (0.00ns)   --->   "%curr_localImage_867 = extractvalue i61536 %call_ret1" [../image_analysis.cpp:259]   --->   Operation 1865 'extractvalue' 'curr_localImage_867' <Predicate = true> <Delay = 0.00> <CoreInst = "FIFO_SRL">   --->   Core 80 'FIFO_SRL' <Latency = 0> <II = 1> <Delay = 1.83> <Storage> <Opcode : 'read' 'write' 'nbread' 'nbwrite'> <Ports = 0> <Width = 32> <Depth = 2> <FIFO>
ST_4 : Operation 1866 [1/1] (0.00ns)   --->   "%curr_localImage_868 = extractvalue i61536 %call_ret1" [../image_analysis.cpp:259]   --->   Operation 1866 'extractvalue' 'curr_localImage_868' <Predicate = true> <Delay = 0.00> <CoreInst = "FIFO_SRL">   --->   Core 80 'FIFO_SRL' <Latency = 0> <II = 1> <Delay = 1.83> <Storage> <Opcode : 'read' 'write' 'nbread' 'nbwrite'> <Ports = 0> <Width = 32> <Depth = 2> <FIFO>
ST_4 : Operation 1867 [1/1] (0.00ns)   --->   "%curr_localImage_869 = extractvalue i61536 %call_ret1" [../image_analysis.cpp:259]   --->   Operation 1867 'extractvalue' 'curr_localImage_869' <Predicate = true> <Delay = 0.00> <CoreInst = "FIFO_SRL">   --->   Core 80 'FIFO_SRL' <Latency = 0> <II = 1> <Delay = 1.83> <Storage> <Opcode : 'read' 'write' 'nbread' 'nbwrite'> <Ports = 0> <Width = 32> <Depth = 2> <FIFO>
ST_4 : Operation 1868 [1/1] (0.00ns)   --->   "%curr_localImage_870 = extractvalue i61536 %call_ret1" [../image_analysis.cpp:259]   --->   Operation 1868 'extractvalue' 'curr_localImage_870' <Predicate = true> <Delay = 0.00> <CoreInst = "FIFO_SRL">   --->   Core 80 'FIFO_SRL' <Latency = 0> <II = 1> <Delay = 1.83> <Storage> <Opcode : 'read' 'write' 'nbread' 'nbwrite'> <Ports = 0> <Width = 32> <Depth = 2> <FIFO>
ST_4 : Operation 1869 [1/1] (0.00ns)   --->   "%curr_localImage_871 = extractvalue i61536 %call_ret1" [../image_analysis.cpp:259]   --->   Operation 1869 'extractvalue' 'curr_localImage_871' <Predicate = true> <Delay = 0.00> <CoreInst = "FIFO_SRL">   --->   Core 80 'FIFO_SRL' <Latency = 0> <II = 1> <Delay = 1.83> <Storage> <Opcode : 'read' 'write' 'nbread' 'nbwrite'> <Ports = 0> <Width = 32> <Depth = 2> <FIFO>
ST_4 : Operation 1870 [1/1] (0.00ns)   --->   "%curr_localImage_872 = extractvalue i61536 %call_ret1" [../image_analysis.cpp:259]   --->   Operation 1870 'extractvalue' 'curr_localImage_872' <Predicate = true> <Delay = 0.00> <CoreInst = "FIFO_SRL">   --->   Core 80 'FIFO_SRL' <Latency = 0> <II = 1> <Delay = 1.83> <Storage> <Opcode : 'read' 'write' 'nbread' 'nbwrite'> <Ports = 0> <Width = 32> <Depth = 2> <FIFO>
ST_4 : Operation 1871 [1/1] (0.00ns)   --->   "%curr_localImage_873 = extractvalue i61536 %call_ret1" [../image_analysis.cpp:259]   --->   Operation 1871 'extractvalue' 'curr_localImage_873' <Predicate = true> <Delay = 0.00> <CoreInst = "FIFO_SRL">   --->   Core 80 'FIFO_SRL' <Latency = 0> <II = 1> <Delay = 1.83> <Storage> <Opcode : 'read' 'write' 'nbread' 'nbwrite'> <Ports = 0> <Width = 32> <Depth = 2> <FIFO>
ST_4 : Operation 1872 [1/1] (0.00ns)   --->   "%curr_localImage_874 = extractvalue i61536 %call_ret1" [../image_analysis.cpp:259]   --->   Operation 1872 'extractvalue' 'curr_localImage_874' <Predicate = true> <Delay = 0.00> <CoreInst = "FIFO_SRL">   --->   Core 80 'FIFO_SRL' <Latency = 0> <II = 1> <Delay = 1.83> <Storage> <Opcode : 'read' 'write' 'nbread' 'nbwrite'> <Ports = 0> <Width = 32> <Depth = 2> <FIFO>
ST_4 : Operation 1873 [1/1] (0.00ns)   --->   "%curr_localImage_875 = extractvalue i61536 %call_ret1" [../image_analysis.cpp:259]   --->   Operation 1873 'extractvalue' 'curr_localImage_875' <Predicate = true> <Delay = 0.00> <CoreInst = "FIFO_SRL">   --->   Core 80 'FIFO_SRL' <Latency = 0> <II = 1> <Delay = 1.83> <Storage> <Opcode : 'read' 'write' 'nbread' 'nbwrite'> <Ports = 0> <Width = 32> <Depth = 2> <FIFO>
ST_4 : Operation 1874 [1/1] (0.00ns)   --->   "%curr_localImage_876 = extractvalue i61536 %call_ret1" [../image_analysis.cpp:259]   --->   Operation 1874 'extractvalue' 'curr_localImage_876' <Predicate = true> <Delay = 0.00> <CoreInst = "FIFO_SRL">   --->   Core 80 'FIFO_SRL' <Latency = 0> <II = 1> <Delay = 1.83> <Storage> <Opcode : 'read' 'write' 'nbread' 'nbwrite'> <Ports = 0> <Width = 32> <Depth = 2> <FIFO>
ST_4 : Operation 1875 [1/1] (0.00ns)   --->   "%curr_localImage_877 = extractvalue i61536 %call_ret1" [../image_analysis.cpp:259]   --->   Operation 1875 'extractvalue' 'curr_localImage_877' <Predicate = true> <Delay = 0.00> <CoreInst = "FIFO_SRL">   --->   Core 80 'FIFO_SRL' <Latency = 0> <II = 1> <Delay = 1.83> <Storage> <Opcode : 'read' 'write' 'nbread' 'nbwrite'> <Ports = 0> <Width = 32> <Depth = 2> <FIFO>
ST_4 : Operation 1876 [1/1] (0.00ns)   --->   "%curr_localImage_878 = extractvalue i61536 %call_ret1" [../image_analysis.cpp:259]   --->   Operation 1876 'extractvalue' 'curr_localImage_878' <Predicate = true> <Delay = 0.00> <CoreInst = "FIFO_SRL">   --->   Core 80 'FIFO_SRL' <Latency = 0> <II = 1> <Delay = 1.83> <Storage> <Opcode : 'read' 'write' 'nbread' 'nbwrite'> <Ports = 0> <Width = 32> <Depth = 2> <FIFO>
ST_4 : Operation 1877 [1/1] (0.00ns)   --->   "%curr_localImage_879 = extractvalue i61536 %call_ret1" [../image_analysis.cpp:259]   --->   Operation 1877 'extractvalue' 'curr_localImage_879' <Predicate = true> <Delay = 0.00> <CoreInst = "FIFO_SRL">   --->   Core 80 'FIFO_SRL' <Latency = 0> <II = 1> <Delay = 1.83> <Storage> <Opcode : 'read' 'write' 'nbread' 'nbwrite'> <Ports = 0> <Width = 32> <Depth = 2> <FIFO>
ST_4 : Operation 1878 [1/1] (0.00ns)   --->   "%curr_localImage_880 = extractvalue i61536 %call_ret1" [../image_analysis.cpp:259]   --->   Operation 1878 'extractvalue' 'curr_localImage_880' <Predicate = true> <Delay = 0.00> <CoreInst = "FIFO_SRL">   --->   Core 80 'FIFO_SRL' <Latency = 0> <II = 1> <Delay = 1.83> <Storage> <Opcode : 'read' 'write' 'nbread' 'nbwrite'> <Ports = 0> <Width = 32> <Depth = 2> <FIFO>
ST_4 : Operation 1879 [1/1] (0.00ns)   --->   "%curr_localImage_881 = extractvalue i61536 %call_ret1" [../image_analysis.cpp:259]   --->   Operation 1879 'extractvalue' 'curr_localImage_881' <Predicate = true> <Delay = 0.00> <CoreInst = "FIFO_SRL">   --->   Core 80 'FIFO_SRL' <Latency = 0> <II = 1> <Delay = 1.83> <Storage> <Opcode : 'read' 'write' 'nbread' 'nbwrite'> <Ports = 0> <Width = 32> <Depth = 2> <FIFO>
ST_4 : Operation 1880 [1/1] (0.00ns)   --->   "%curr_localImage_882 = extractvalue i61536 %call_ret1" [../image_analysis.cpp:259]   --->   Operation 1880 'extractvalue' 'curr_localImage_882' <Predicate = true> <Delay = 0.00> <CoreInst = "FIFO_SRL">   --->   Core 80 'FIFO_SRL' <Latency = 0> <II = 1> <Delay = 1.83> <Storage> <Opcode : 'read' 'write' 'nbread' 'nbwrite'> <Ports = 0> <Width = 32> <Depth = 2> <FIFO>
ST_4 : Operation 1881 [1/1] (0.00ns)   --->   "%curr_localImage_883 = extractvalue i61536 %call_ret1" [../image_analysis.cpp:259]   --->   Operation 1881 'extractvalue' 'curr_localImage_883' <Predicate = true> <Delay = 0.00> <CoreInst = "FIFO_SRL">   --->   Core 80 'FIFO_SRL' <Latency = 0> <II = 1> <Delay = 1.83> <Storage> <Opcode : 'read' 'write' 'nbread' 'nbwrite'> <Ports = 0> <Width = 32> <Depth = 2> <FIFO>
ST_4 : Operation 1882 [1/1] (0.00ns)   --->   "%curr_localImage_884 = extractvalue i61536 %call_ret1" [../image_analysis.cpp:259]   --->   Operation 1882 'extractvalue' 'curr_localImage_884' <Predicate = true> <Delay = 0.00> <CoreInst = "FIFO_SRL">   --->   Core 80 'FIFO_SRL' <Latency = 0> <II = 1> <Delay = 1.83> <Storage> <Opcode : 'read' 'write' 'nbread' 'nbwrite'> <Ports = 0> <Width = 32> <Depth = 2> <FIFO>
ST_4 : Operation 1883 [1/1] (0.00ns)   --->   "%curr_localImage_885 = extractvalue i61536 %call_ret1" [../image_analysis.cpp:259]   --->   Operation 1883 'extractvalue' 'curr_localImage_885' <Predicate = true> <Delay = 0.00> <CoreInst = "FIFO_SRL">   --->   Core 80 'FIFO_SRL' <Latency = 0> <II = 1> <Delay = 1.83> <Storage> <Opcode : 'read' 'write' 'nbread' 'nbwrite'> <Ports = 0> <Width = 32> <Depth = 2> <FIFO>
ST_4 : Operation 1884 [1/1] (0.00ns)   --->   "%curr_localImage_886 = extractvalue i61536 %call_ret1" [../image_analysis.cpp:259]   --->   Operation 1884 'extractvalue' 'curr_localImage_886' <Predicate = true> <Delay = 0.00> <CoreInst = "FIFO_SRL">   --->   Core 80 'FIFO_SRL' <Latency = 0> <II = 1> <Delay = 1.83> <Storage> <Opcode : 'read' 'write' 'nbread' 'nbwrite'> <Ports = 0> <Width = 32> <Depth = 2> <FIFO>
ST_4 : Operation 1885 [1/1] (0.00ns)   --->   "%curr_localImage_887 = extractvalue i61536 %call_ret1" [../image_analysis.cpp:259]   --->   Operation 1885 'extractvalue' 'curr_localImage_887' <Predicate = true> <Delay = 0.00> <CoreInst = "FIFO_SRL">   --->   Core 80 'FIFO_SRL' <Latency = 0> <II = 1> <Delay = 1.83> <Storage> <Opcode : 'read' 'write' 'nbread' 'nbwrite'> <Ports = 0> <Width = 32> <Depth = 2> <FIFO>
ST_4 : Operation 1886 [1/1] (0.00ns)   --->   "%curr_localImage_888 = extractvalue i61536 %call_ret1" [../image_analysis.cpp:259]   --->   Operation 1886 'extractvalue' 'curr_localImage_888' <Predicate = true> <Delay = 0.00> <CoreInst = "FIFO_SRL">   --->   Core 80 'FIFO_SRL' <Latency = 0> <II = 1> <Delay = 1.83> <Storage> <Opcode : 'read' 'write' 'nbread' 'nbwrite'> <Ports = 0> <Width = 32> <Depth = 2> <FIFO>
ST_4 : Operation 1887 [1/1] (0.00ns)   --->   "%curr_localImage_889 = extractvalue i61536 %call_ret1" [../image_analysis.cpp:259]   --->   Operation 1887 'extractvalue' 'curr_localImage_889' <Predicate = true> <Delay = 0.00> <CoreInst = "FIFO_SRL">   --->   Core 80 'FIFO_SRL' <Latency = 0> <II = 1> <Delay = 1.83> <Storage> <Opcode : 'read' 'write' 'nbread' 'nbwrite'> <Ports = 0> <Width = 32> <Depth = 2> <FIFO>
ST_4 : Operation 1888 [1/1] (0.00ns)   --->   "%curr_localImage_890 = extractvalue i61536 %call_ret1" [../image_analysis.cpp:259]   --->   Operation 1888 'extractvalue' 'curr_localImage_890' <Predicate = true> <Delay = 0.00> <CoreInst = "FIFO_SRL">   --->   Core 80 'FIFO_SRL' <Latency = 0> <II = 1> <Delay = 1.83> <Storage> <Opcode : 'read' 'write' 'nbread' 'nbwrite'> <Ports = 0> <Width = 32> <Depth = 2> <FIFO>
ST_4 : Operation 1889 [1/1] (0.00ns)   --->   "%curr_localImage_891 = extractvalue i61536 %call_ret1" [../image_analysis.cpp:259]   --->   Operation 1889 'extractvalue' 'curr_localImage_891' <Predicate = true> <Delay = 0.00> <CoreInst = "FIFO_SRL">   --->   Core 80 'FIFO_SRL' <Latency = 0> <II = 1> <Delay = 1.83> <Storage> <Opcode : 'read' 'write' 'nbread' 'nbwrite'> <Ports = 0> <Width = 32> <Depth = 2> <FIFO>
ST_4 : Operation 1890 [1/1] (0.00ns)   --->   "%curr_localImage_892 = extractvalue i61536 %call_ret1" [../image_analysis.cpp:259]   --->   Operation 1890 'extractvalue' 'curr_localImage_892' <Predicate = true> <Delay = 0.00> <CoreInst = "FIFO_SRL">   --->   Core 80 'FIFO_SRL' <Latency = 0> <II = 1> <Delay = 1.83> <Storage> <Opcode : 'read' 'write' 'nbread' 'nbwrite'> <Ports = 0> <Width = 32> <Depth = 2> <FIFO>
ST_4 : Operation 1891 [1/1] (0.00ns)   --->   "%curr_localImage_893 = extractvalue i61536 %call_ret1" [../image_analysis.cpp:259]   --->   Operation 1891 'extractvalue' 'curr_localImage_893' <Predicate = true> <Delay = 0.00> <CoreInst = "FIFO_SRL">   --->   Core 80 'FIFO_SRL' <Latency = 0> <II = 1> <Delay = 1.83> <Storage> <Opcode : 'read' 'write' 'nbread' 'nbwrite'> <Ports = 0> <Width = 32> <Depth = 2> <FIFO>
ST_4 : Operation 1892 [1/1] (0.00ns)   --->   "%curr_localImage_894 = extractvalue i61536 %call_ret1" [../image_analysis.cpp:259]   --->   Operation 1892 'extractvalue' 'curr_localImage_894' <Predicate = true> <Delay = 0.00> <CoreInst = "FIFO_SRL">   --->   Core 80 'FIFO_SRL' <Latency = 0> <II = 1> <Delay = 1.83> <Storage> <Opcode : 'read' 'write' 'nbread' 'nbwrite'> <Ports = 0> <Width = 32> <Depth = 2> <FIFO>
ST_4 : Operation 1893 [1/1] (0.00ns)   --->   "%curr_localImage_895 = extractvalue i61536 %call_ret1" [../image_analysis.cpp:259]   --->   Operation 1893 'extractvalue' 'curr_localImage_895' <Predicate = true> <Delay = 0.00> <CoreInst = "FIFO_SRL">   --->   Core 80 'FIFO_SRL' <Latency = 0> <II = 1> <Delay = 1.83> <Storage> <Opcode : 'read' 'write' 'nbread' 'nbwrite'> <Ports = 0> <Width = 32> <Depth = 2> <FIFO>
ST_4 : Operation 1894 [1/1] (0.00ns)   --->   "%curr_localImage_896 = extractvalue i61536 %call_ret1" [../image_analysis.cpp:259]   --->   Operation 1894 'extractvalue' 'curr_localImage_896' <Predicate = true> <Delay = 0.00> <CoreInst = "FIFO_SRL">   --->   Core 80 'FIFO_SRL' <Latency = 0> <II = 1> <Delay = 1.83> <Storage> <Opcode : 'read' 'write' 'nbread' 'nbwrite'> <Ports = 0> <Width = 32> <Depth = 2> <FIFO>
ST_4 : Operation 1895 [1/1] (0.00ns)   --->   "%curr_localImage_897 = extractvalue i61536 %call_ret1" [../image_analysis.cpp:259]   --->   Operation 1895 'extractvalue' 'curr_localImage_897' <Predicate = true> <Delay = 0.00> <CoreInst = "FIFO_SRL">   --->   Core 80 'FIFO_SRL' <Latency = 0> <II = 1> <Delay = 1.83> <Storage> <Opcode : 'read' 'write' 'nbread' 'nbwrite'> <Ports = 0> <Width = 32> <Depth = 2> <FIFO>
ST_4 : Operation 1896 [1/1] (0.00ns)   --->   "%curr_localImage_898 = extractvalue i61536 %call_ret1" [../image_analysis.cpp:259]   --->   Operation 1896 'extractvalue' 'curr_localImage_898' <Predicate = true> <Delay = 0.00> <CoreInst = "FIFO_SRL">   --->   Core 80 'FIFO_SRL' <Latency = 0> <II = 1> <Delay = 1.83> <Storage> <Opcode : 'read' 'write' 'nbread' 'nbwrite'> <Ports = 0> <Width = 32> <Depth = 2> <FIFO>
ST_4 : Operation 1897 [1/1] (0.00ns)   --->   "%curr_localImage_899 = extractvalue i61536 %call_ret1" [../image_analysis.cpp:259]   --->   Operation 1897 'extractvalue' 'curr_localImage_899' <Predicate = true> <Delay = 0.00> <CoreInst = "FIFO_SRL">   --->   Core 80 'FIFO_SRL' <Latency = 0> <II = 1> <Delay = 1.83> <Storage> <Opcode : 'read' 'write' 'nbread' 'nbwrite'> <Ports = 0> <Width = 32> <Depth = 2> <FIFO>
ST_4 : Operation 1898 [1/1] (0.00ns)   --->   "%curr_localImage_900 = extractvalue i61536 %call_ret1" [../image_analysis.cpp:259]   --->   Operation 1898 'extractvalue' 'curr_localImage_900' <Predicate = true> <Delay = 0.00> <CoreInst = "FIFO_SRL">   --->   Core 80 'FIFO_SRL' <Latency = 0> <II = 1> <Delay = 1.83> <Storage> <Opcode : 'read' 'write' 'nbread' 'nbwrite'> <Ports = 0> <Width = 32> <Depth = 2> <FIFO>
ST_4 : Operation 1899 [1/1] (0.00ns)   --->   "%curr_localImage_901 = extractvalue i61536 %call_ret1" [../image_analysis.cpp:259]   --->   Operation 1899 'extractvalue' 'curr_localImage_901' <Predicate = true> <Delay = 0.00> <CoreInst = "FIFO_SRL">   --->   Core 80 'FIFO_SRL' <Latency = 0> <II = 1> <Delay = 1.83> <Storage> <Opcode : 'read' 'write' 'nbread' 'nbwrite'> <Ports = 0> <Width = 32> <Depth = 2> <FIFO>
ST_4 : Operation 1900 [1/1] (0.00ns)   --->   "%curr_localImage_902 = extractvalue i61536 %call_ret1" [../image_analysis.cpp:259]   --->   Operation 1900 'extractvalue' 'curr_localImage_902' <Predicate = true> <Delay = 0.00> <CoreInst = "FIFO_SRL">   --->   Core 80 'FIFO_SRL' <Latency = 0> <II = 1> <Delay = 1.83> <Storage> <Opcode : 'read' 'write' 'nbread' 'nbwrite'> <Ports = 0> <Width = 32> <Depth = 2> <FIFO>
ST_4 : Operation 1901 [1/1] (0.00ns)   --->   "%curr_localImage_903 = extractvalue i61536 %call_ret1" [../image_analysis.cpp:259]   --->   Operation 1901 'extractvalue' 'curr_localImage_903' <Predicate = true> <Delay = 0.00> <CoreInst = "FIFO_SRL">   --->   Core 80 'FIFO_SRL' <Latency = 0> <II = 1> <Delay = 1.83> <Storage> <Opcode : 'read' 'write' 'nbread' 'nbwrite'> <Ports = 0> <Width = 32> <Depth = 2> <FIFO>
ST_4 : Operation 1902 [1/1] (0.00ns)   --->   "%curr_localImage_904 = extractvalue i61536 %call_ret1" [../image_analysis.cpp:259]   --->   Operation 1902 'extractvalue' 'curr_localImage_904' <Predicate = true> <Delay = 0.00> <CoreInst = "FIFO_SRL">   --->   Core 80 'FIFO_SRL' <Latency = 0> <II = 1> <Delay = 1.83> <Storage> <Opcode : 'read' 'write' 'nbread' 'nbwrite'> <Ports = 0> <Width = 32> <Depth = 2> <FIFO>
ST_4 : Operation 1903 [1/1] (0.00ns)   --->   "%curr_localImage_905 = extractvalue i61536 %call_ret1" [../image_analysis.cpp:259]   --->   Operation 1903 'extractvalue' 'curr_localImage_905' <Predicate = true> <Delay = 0.00> <CoreInst = "FIFO_SRL">   --->   Core 80 'FIFO_SRL' <Latency = 0> <II = 1> <Delay = 1.83> <Storage> <Opcode : 'read' 'write' 'nbread' 'nbwrite'> <Ports = 0> <Width = 32> <Depth = 2> <FIFO>
ST_4 : Operation 1904 [1/1] (0.00ns)   --->   "%curr_localImage_906 = extractvalue i61536 %call_ret1" [../image_analysis.cpp:259]   --->   Operation 1904 'extractvalue' 'curr_localImage_906' <Predicate = true> <Delay = 0.00> <CoreInst = "FIFO_SRL">   --->   Core 80 'FIFO_SRL' <Latency = 0> <II = 1> <Delay = 1.83> <Storage> <Opcode : 'read' 'write' 'nbread' 'nbwrite'> <Ports = 0> <Width = 32> <Depth = 2> <FIFO>
ST_4 : Operation 1905 [1/1] (0.00ns)   --->   "%curr_localImage_907 = extractvalue i61536 %call_ret1" [../image_analysis.cpp:259]   --->   Operation 1905 'extractvalue' 'curr_localImage_907' <Predicate = true> <Delay = 0.00> <CoreInst = "FIFO_SRL">   --->   Core 80 'FIFO_SRL' <Latency = 0> <II = 1> <Delay = 1.83> <Storage> <Opcode : 'read' 'write' 'nbread' 'nbwrite'> <Ports = 0> <Width = 32> <Depth = 2> <FIFO>
ST_4 : Operation 1906 [1/1] (0.00ns)   --->   "%curr_localImage_908 = extractvalue i61536 %call_ret1" [../image_analysis.cpp:259]   --->   Operation 1906 'extractvalue' 'curr_localImage_908' <Predicate = true> <Delay = 0.00> <CoreInst = "FIFO_SRL">   --->   Core 80 'FIFO_SRL' <Latency = 0> <II = 1> <Delay = 1.83> <Storage> <Opcode : 'read' 'write' 'nbread' 'nbwrite'> <Ports = 0> <Width = 32> <Depth = 2> <FIFO>
ST_4 : Operation 1907 [1/1] (0.00ns)   --->   "%curr_localImage_909 = extractvalue i61536 %call_ret1" [../image_analysis.cpp:259]   --->   Operation 1907 'extractvalue' 'curr_localImage_909' <Predicate = true> <Delay = 0.00> <CoreInst = "FIFO_SRL">   --->   Core 80 'FIFO_SRL' <Latency = 0> <II = 1> <Delay = 1.83> <Storage> <Opcode : 'read' 'write' 'nbread' 'nbwrite'> <Ports = 0> <Width = 32> <Depth = 2> <FIFO>
ST_4 : Operation 1908 [1/1] (0.00ns)   --->   "%curr_localImage_910 = extractvalue i61536 %call_ret1" [../image_analysis.cpp:259]   --->   Operation 1908 'extractvalue' 'curr_localImage_910' <Predicate = true> <Delay = 0.00> <CoreInst = "FIFO_SRL">   --->   Core 80 'FIFO_SRL' <Latency = 0> <II = 1> <Delay = 1.83> <Storage> <Opcode : 'read' 'write' 'nbread' 'nbwrite'> <Ports = 0> <Width = 32> <Depth = 2> <FIFO>
ST_4 : Operation 1909 [1/1] (0.00ns)   --->   "%curr_localImage_911 = extractvalue i61536 %call_ret1" [../image_analysis.cpp:259]   --->   Operation 1909 'extractvalue' 'curr_localImage_911' <Predicate = true> <Delay = 0.00> <CoreInst = "FIFO_SRL">   --->   Core 80 'FIFO_SRL' <Latency = 0> <II = 1> <Delay = 1.83> <Storage> <Opcode : 'read' 'write' 'nbread' 'nbwrite'> <Ports = 0> <Width = 32> <Depth = 2> <FIFO>
ST_4 : Operation 1910 [1/1] (0.00ns)   --->   "%curr_localImage_912 = extractvalue i61536 %call_ret1" [../image_analysis.cpp:259]   --->   Operation 1910 'extractvalue' 'curr_localImage_912' <Predicate = true> <Delay = 0.00> <CoreInst = "FIFO_SRL">   --->   Core 80 'FIFO_SRL' <Latency = 0> <II = 1> <Delay = 1.83> <Storage> <Opcode : 'read' 'write' 'nbread' 'nbwrite'> <Ports = 0> <Width = 32> <Depth = 2> <FIFO>
ST_4 : Operation 1911 [1/1] (0.00ns)   --->   "%curr_localImage_913 = extractvalue i61536 %call_ret1" [../image_analysis.cpp:259]   --->   Operation 1911 'extractvalue' 'curr_localImage_913' <Predicate = true> <Delay = 0.00> <CoreInst = "FIFO_SRL">   --->   Core 80 'FIFO_SRL' <Latency = 0> <II = 1> <Delay = 1.83> <Storage> <Opcode : 'read' 'write' 'nbread' 'nbwrite'> <Ports = 0> <Width = 32> <Depth = 2> <FIFO>
ST_4 : Operation 1912 [1/1] (0.00ns)   --->   "%curr_localImage_914 = extractvalue i61536 %call_ret1" [../image_analysis.cpp:259]   --->   Operation 1912 'extractvalue' 'curr_localImage_914' <Predicate = true> <Delay = 0.00> <CoreInst = "FIFO_SRL">   --->   Core 80 'FIFO_SRL' <Latency = 0> <II = 1> <Delay = 1.83> <Storage> <Opcode : 'read' 'write' 'nbread' 'nbwrite'> <Ports = 0> <Width = 32> <Depth = 2> <FIFO>
ST_4 : Operation 1913 [1/1] (0.00ns)   --->   "%curr_localImage_915 = extractvalue i61536 %call_ret1" [../image_analysis.cpp:259]   --->   Operation 1913 'extractvalue' 'curr_localImage_915' <Predicate = true> <Delay = 0.00> <CoreInst = "FIFO_SRL">   --->   Core 80 'FIFO_SRL' <Latency = 0> <II = 1> <Delay = 1.83> <Storage> <Opcode : 'read' 'write' 'nbread' 'nbwrite'> <Ports = 0> <Width = 32> <Depth = 2> <FIFO>
ST_4 : Operation 1914 [1/1] (0.00ns)   --->   "%curr_localImage_916 = extractvalue i61536 %call_ret1" [../image_analysis.cpp:259]   --->   Operation 1914 'extractvalue' 'curr_localImage_916' <Predicate = true> <Delay = 0.00> <CoreInst = "FIFO_SRL">   --->   Core 80 'FIFO_SRL' <Latency = 0> <II = 1> <Delay = 1.83> <Storage> <Opcode : 'read' 'write' 'nbread' 'nbwrite'> <Ports = 0> <Width = 32> <Depth = 2> <FIFO>
ST_4 : Operation 1915 [1/1] (0.00ns)   --->   "%curr_localImage_917 = extractvalue i61536 %call_ret1" [../image_analysis.cpp:259]   --->   Operation 1915 'extractvalue' 'curr_localImage_917' <Predicate = true> <Delay = 0.00> <CoreInst = "FIFO_SRL">   --->   Core 80 'FIFO_SRL' <Latency = 0> <II = 1> <Delay = 1.83> <Storage> <Opcode : 'read' 'write' 'nbread' 'nbwrite'> <Ports = 0> <Width = 32> <Depth = 2> <FIFO>
ST_4 : Operation 1916 [1/1] (0.00ns)   --->   "%curr_localImage_918 = extractvalue i61536 %call_ret1" [../image_analysis.cpp:259]   --->   Operation 1916 'extractvalue' 'curr_localImage_918' <Predicate = true> <Delay = 0.00> <CoreInst = "FIFO_SRL">   --->   Core 80 'FIFO_SRL' <Latency = 0> <II = 1> <Delay = 1.83> <Storage> <Opcode : 'read' 'write' 'nbread' 'nbwrite'> <Ports = 0> <Width = 32> <Depth = 2> <FIFO>
ST_4 : Operation 1917 [1/1] (0.00ns)   --->   "%curr_localImage_919 = extractvalue i61536 %call_ret1" [../image_analysis.cpp:259]   --->   Operation 1917 'extractvalue' 'curr_localImage_919' <Predicate = true> <Delay = 0.00> <CoreInst = "FIFO_SRL">   --->   Core 80 'FIFO_SRL' <Latency = 0> <II = 1> <Delay = 1.83> <Storage> <Opcode : 'read' 'write' 'nbread' 'nbwrite'> <Ports = 0> <Width = 32> <Depth = 2> <FIFO>
ST_4 : Operation 1918 [1/1] (0.00ns)   --->   "%curr_localImage_920 = extractvalue i61536 %call_ret1" [../image_analysis.cpp:259]   --->   Operation 1918 'extractvalue' 'curr_localImage_920' <Predicate = true> <Delay = 0.00> <CoreInst = "FIFO_SRL">   --->   Core 80 'FIFO_SRL' <Latency = 0> <II = 1> <Delay = 1.83> <Storage> <Opcode : 'read' 'write' 'nbread' 'nbwrite'> <Ports = 0> <Width = 32> <Depth = 2> <FIFO>
ST_4 : Operation 1919 [1/1] (0.00ns)   --->   "%curr_localImage_921 = extractvalue i61536 %call_ret1" [../image_analysis.cpp:259]   --->   Operation 1919 'extractvalue' 'curr_localImage_921' <Predicate = true> <Delay = 0.00> <CoreInst = "FIFO_SRL">   --->   Core 80 'FIFO_SRL' <Latency = 0> <II = 1> <Delay = 1.83> <Storage> <Opcode : 'read' 'write' 'nbread' 'nbwrite'> <Ports = 0> <Width = 32> <Depth = 2> <FIFO>
ST_4 : Operation 1920 [1/1] (0.00ns)   --->   "%curr_localImage_922 = extractvalue i61536 %call_ret1" [../image_analysis.cpp:259]   --->   Operation 1920 'extractvalue' 'curr_localImage_922' <Predicate = true> <Delay = 0.00> <CoreInst = "FIFO_SRL">   --->   Core 80 'FIFO_SRL' <Latency = 0> <II = 1> <Delay = 1.83> <Storage> <Opcode : 'read' 'write' 'nbread' 'nbwrite'> <Ports = 0> <Width = 32> <Depth = 2> <FIFO>
ST_4 : Operation 1921 [1/1] (0.00ns)   --->   "%curr_localImage_923 = extractvalue i61536 %call_ret1" [../image_analysis.cpp:259]   --->   Operation 1921 'extractvalue' 'curr_localImage_923' <Predicate = true> <Delay = 0.00> <CoreInst = "FIFO_SRL">   --->   Core 80 'FIFO_SRL' <Latency = 0> <II = 1> <Delay = 1.83> <Storage> <Opcode : 'read' 'write' 'nbread' 'nbwrite'> <Ports = 0> <Width = 32> <Depth = 2> <FIFO>
ST_4 : Operation 1922 [1/1] (0.00ns)   --->   "%curr_localImage_924 = extractvalue i61536 %call_ret1" [../image_analysis.cpp:259]   --->   Operation 1922 'extractvalue' 'curr_localImage_924' <Predicate = true> <Delay = 0.00> <CoreInst = "FIFO_SRL">   --->   Core 80 'FIFO_SRL' <Latency = 0> <II = 1> <Delay = 1.83> <Storage> <Opcode : 'read' 'write' 'nbread' 'nbwrite'> <Ports = 0> <Width = 32> <Depth = 2> <FIFO>
ST_4 : Operation 1923 [1/1] (0.00ns)   --->   "%curr_localImage_925 = extractvalue i61536 %call_ret1" [../image_analysis.cpp:259]   --->   Operation 1923 'extractvalue' 'curr_localImage_925' <Predicate = true> <Delay = 0.00> <CoreInst = "FIFO_SRL">   --->   Core 80 'FIFO_SRL' <Latency = 0> <II = 1> <Delay = 1.83> <Storage> <Opcode : 'read' 'write' 'nbread' 'nbwrite'> <Ports = 0> <Width = 32> <Depth = 2> <FIFO>
ST_4 : Operation 1924 [1/1] (0.00ns)   --->   "%curr_localImage_926 = extractvalue i61536 %call_ret1" [../image_analysis.cpp:259]   --->   Operation 1924 'extractvalue' 'curr_localImage_926' <Predicate = true> <Delay = 0.00> <CoreInst = "FIFO_SRL">   --->   Core 80 'FIFO_SRL' <Latency = 0> <II = 1> <Delay = 1.83> <Storage> <Opcode : 'read' 'write' 'nbread' 'nbwrite'> <Ports = 0> <Width = 32> <Depth = 2> <FIFO>
ST_4 : Operation 1925 [1/1] (0.00ns)   --->   "%curr_localImage_927 = extractvalue i61536 %call_ret1" [../image_analysis.cpp:259]   --->   Operation 1925 'extractvalue' 'curr_localImage_927' <Predicate = true> <Delay = 0.00> <CoreInst = "FIFO_SRL">   --->   Core 80 'FIFO_SRL' <Latency = 0> <II = 1> <Delay = 1.83> <Storage> <Opcode : 'read' 'write' 'nbread' 'nbwrite'> <Ports = 0> <Width = 32> <Depth = 2> <FIFO>
ST_4 : Operation 1926 [1/1] (0.00ns)   --->   "%curr_localImage_928 = extractvalue i61536 %call_ret1" [../image_analysis.cpp:259]   --->   Operation 1926 'extractvalue' 'curr_localImage_928' <Predicate = true> <Delay = 0.00> <CoreInst = "FIFO_SRL">   --->   Core 80 'FIFO_SRL' <Latency = 0> <II = 1> <Delay = 1.83> <Storage> <Opcode : 'read' 'write' 'nbread' 'nbwrite'> <Ports = 0> <Width = 32> <Depth = 2> <FIFO>
ST_4 : Operation 1927 [1/1] (0.00ns)   --->   "%curr_localImage_929 = extractvalue i61536 %call_ret1" [../image_analysis.cpp:259]   --->   Operation 1927 'extractvalue' 'curr_localImage_929' <Predicate = true> <Delay = 0.00> <CoreInst = "FIFO_SRL">   --->   Core 80 'FIFO_SRL' <Latency = 0> <II = 1> <Delay = 1.83> <Storage> <Opcode : 'read' 'write' 'nbread' 'nbwrite'> <Ports = 0> <Width = 32> <Depth = 2> <FIFO>
ST_4 : Operation 1928 [1/1] (0.00ns)   --->   "%curr_localImage_930 = extractvalue i61536 %call_ret1" [../image_analysis.cpp:259]   --->   Operation 1928 'extractvalue' 'curr_localImage_930' <Predicate = true> <Delay = 0.00> <CoreInst = "FIFO_SRL">   --->   Core 80 'FIFO_SRL' <Latency = 0> <II = 1> <Delay = 1.83> <Storage> <Opcode : 'read' 'write' 'nbread' 'nbwrite'> <Ports = 0> <Width = 32> <Depth = 2> <FIFO>
ST_4 : Operation 1929 [1/1] (0.00ns)   --->   "%curr_localImage_931 = extractvalue i61536 %call_ret1" [../image_analysis.cpp:259]   --->   Operation 1929 'extractvalue' 'curr_localImage_931' <Predicate = true> <Delay = 0.00> <CoreInst = "FIFO_SRL">   --->   Core 80 'FIFO_SRL' <Latency = 0> <II = 1> <Delay = 1.83> <Storage> <Opcode : 'read' 'write' 'nbread' 'nbwrite'> <Ports = 0> <Width = 32> <Depth = 2> <FIFO>
ST_4 : Operation 1930 [1/1] (0.00ns)   --->   "%curr_localImage_932 = extractvalue i61536 %call_ret1" [../image_analysis.cpp:259]   --->   Operation 1930 'extractvalue' 'curr_localImage_932' <Predicate = true> <Delay = 0.00> <CoreInst = "FIFO_SRL">   --->   Core 80 'FIFO_SRL' <Latency = 0> <II = 1> <Delay = 1.83> <Storage> <Opcode : 'read' 'write' 'nbread' 'nbwrite'> <Ports = 0> <Width = 32> <Depth = 2> <FIFO>
ST_4 : Operation 1931 [1/1] (0.00ns)   --->   "%curr_localImage_933 = extractvalue i61536 %call_ret1" [../image_analysis.cpp:259]   --->   Operation 1931 'extractvalue' 'curr_localImage_933' <Predicate = true> <Delay = 0.00> <CoreInst = "FIFO_SRL">   --->   Core 80 'FIFO_SRL' <Latency = 0> <II = 1> <Delay = 1.83> <Storage> <Opcode : 'read' 'write' 'nbread' 'nbwrite'> <Ports = 0> <Width = 32> <Depth = 2> <FIFO>
ST_4 : Operation 1932 [1/1] (0.00ns)   --->   "%curr_localImage_934 = extractvalue i61536 %call_ret1" [../image_analysis.cpp:259]   --->   Operation 1932 'extractvalue' 'curr_localImage_934' <Predicate = true> <Delay = 0.00> <CoreInst = "FIFO_SRL">   --->   Core 80 'FIFO_SRL' <Latency = 0> <II = 1> <Delay = 1.83> <Storage> <Opcode : 'read' 'write' 'nbread' 'nbwrite'> <Ports = 0> <Width = 32> <Depth = 2> <FIFO>
ST_4 : Operation 1933 [1/1] (0.00ns)   --->   "%curr_localImage_935 = extractvalue i61536 %call_ret1" [../image_analysis.cpp:259]   --->   Operation 1933 'extractvalue' 'curr_localImage_935' <Predicate = true> <Delay = 0.00> <CoreInst = "FIFO_SRL">   --->   Core 80 'FIFO_SRL' <Latency = 0> <II = 1> <Delay = 1.83> <Storage> <Opcode : 'read' 'write' 'nbread' 'nbwrite'> <Ports = 0> <Width = 32> <Depth = 2> <FIFO>
ST_4 : Operation 1934 [1/1] (0.00ns)   --->   "%curr_localImage_936 = extractvalue i61536 %call_ret1" [../image_analysis.cpp:259]   --->   Operation 1934 'extractvalue' 'curr_localImage_936' <Predicate = true> <Delay = 0.00> <CoreInst = "FIFO_SRL">   --->   Core 80 'FIFO_SRL' <Latency = 0> <II = 1> <Delay = 1.83> <Storage> <Opcode : 'read' 'write' 'nbread' 'nbwrite'> <Ports = 0> <Width = 32> <Depth = 2> <FIFO>
ST_4 : Operation 1935 [1/1] (0.00ns)   --->   "%curr_localImage_937 = extractvalue i61536 %call_ret1" [../image_analysis.cpp:259]   --->   Operation 1935 'extractvalue' 'curr_localImage_937' <Predicate = true> <Delay = 0.00> <CoreInst = "FIFO_SRL">   --->   Core 80 'FIFO_SRL' <Latency = 0> <II = 1> <Delay = 1.83> <Storage> <Opcode : 'read' 'write' 'nbread' 'nbwrite'> <Ports = 0> <Width = 32> <Depth = 2> <FIFO>
ST_4 : Operation 1936 [1/1] (0.00ns)   --->   "%curr_localImage_938 = extractvalue i61536 %call_ret1" [../image_analysis.cpp:259]   --->   Operation 1936 'extractvalue' 'curr_localImage_938' <Predicate = true> <Delay = 0.00> <CoreInst = "FIFO_SRL">   --->   Core 80 'FIFO_SRL' <Latency = 0> <II = 1> <Delay = 1.83> <Storage> <Opcode : 'read' 'write' 'nbread' 'nbwrite'> <Ports = 0> <Width = 32> <Depth = 2> <FIFO>
ST_4 : Operation 1937 [1/1] (0.00ns)   --->   "%curr_localImage_939 = extractvalue i61536 %call_ret1" [../image_analysis.cpp:259]   --->   Operation 1937 'extractvalue' 'curr_localImage_939' <Predicate = true> <Delay = 0.00> <CoreInst = "FIFO_SRL">   --->   Core 80 'FIFO_SRL' <Latency = 0> <II = 1> <Delay = 1.83> <Storage> <Opcode : 'read' 'write' 'nbread' 'nbwrite'> <Ports = 0> <Width = 32> <Depth = 2> <FIFO>
ST_4 : Operation 1938 [1/1] (0.00ns)   --->   "%curr_localImage_940 = extractvalue i61536 %call_ret1" [../image_analysis.cpp:259]   --->   Operation 1938 'extractvalue' 'curr_localImage_940' <Predicate = true> <Delay = 0.00> <CoreInst = "FIFO_SRL">   --->   Core 80 'FIFO_SRL' <Latency = 0> <II = 1> <Delay = 1.83> <Storage> <Opcode : 'read' 'write' 'nbread' 'nbwrite'> <Ports = 0> <Width = 32> <Depth = 2> <FIFO>
ST_4 : Operation 1939 [1/1] (0.00ns)   --->   "%curr_localImage_941 = extractvalue i61536 %call_ret1" [../image_analysis.cpp:259]   --->   Operation 1939 'extractvalue' 'curr_localImage_941' <Predicate = true> <Delay = 0.00> <CoreInst = "FIFO_SRL">   --->   Core 80 'FIFO_SRL' <Latency = 0> <II = 1> <Delay = 1.83> <Storage> <Opcode : 'read' 'write' 'nbread' 'nbwrite'> <Ports = 0> <Width = 32> <Depth = 2> <FIFO>
ST_4 : Operation 1940 [1/1] (0.00ns)   --->   "%curr_localImage_942 = extractvalue i61536 %call_ret1" [../image_analysis.cpp:259]   --->   Operation 1940 'extractvalue' 'curr_localImage_942' <Predicate = true> <Delay = 0.00> <CoreInst = "FIFO_SRL">   --->   Core 80 'FIFO_SRL' <Latency = 0> <II = 1> <Delay = 1.83> <Storage> <Opcode : 'read' 'write' 'nbread' 'nbwrite'> <Ports = 0> <Width = 32> <Depth = 2> <FIFO>
ST_4 : Operation 1941 [1/1] (0.00ns)   --->   "%curr_localImage_943 = extractvalue i61536 %call_ret1" [../image_analysis.cpp:259]   --->   Operation 1941 'extractvalue' 'curr_localImage_943' <Predicate = true> <Delay = 0.00> <CoreInst = "FIFO_SRL">   --->   Core 80 'FIFO_SRL' <Latency = 0> <II = 1> <Delay = 1.83> <Storage> <Opcode : 'read' 'write' 'nbread' 'nbwrite'> <Ports = 0> <Width = 32> <Depth = 2> <FIFO>
ST_4 : Operation 1942 [1/1] (0.00ns)   --->   "%curr_localImage_944 = extractvalue i61536 %call_ret1" [../image_analysis.cpp:259]   --->   Operation 1942 'extractvalue' 'curr_localImage_944' <Predicate = true> <Delay = 0.00> <CoreInst = "FIFO_SRL">   --->   Core 80 'FIFO_SRL' <Latency = 0> <II = 1> <Delay = 1.83> <Storage> <Opcode : 'read' 'write' 'nbread' 'nbwrite'> <Ports = 0> <Width = 32> <Depth = 2> <FIFO>
ST_4 : Operation 1943 [1/1] (0.00ns)   --->   "%curr_localImage_945 = extractvalue i61536 %call_ret1" [../image_analysis.cpp:259]   --->   Operation 1943 'extractvalue' 'curr_localImage_945' <Predicate = true> <Delay = 0.00> <CoreInst = "FIFO_SRL">   --->   Core 80 'FIFO_SRL' <Latency = 0> <II = 1> <Delay = 1.83> <Storage> <Opcode : 'read' 'write' 'nbread' 'nbwrite'> <Ports = 0> <Width = 32> <Depth = 2> <FIFO>
ST_4 : Operation 1944 [1/1] (0.00ns)   --->   "%curr_localImage_946 = extractvalue i61536 %call_ret1" [../image_analysis.cpp:259]   --->   Operation 1944 'extractvalue' 'curr_localImage_946' <Predicate = true> <Delay = 0.00> <CoreInst = "FIFO_SRL">   --->   Core 80 'FIFO_SRL' <Latency = 0> <II = 1> <Delay = 1.83> <Storage> <Opcode : 'read' 'write' 'nbread' 'nbwrite'> <Ports = 0> <Width = 32> <Depth = 2> <FIFO>
ST_4 : Operation 1945 [1/1] (0.00ns)   --->   "%curr_localImage_947 = extractvalue i61536 %call_ret1" [../image_analysis.cpp:259]   --->   Operation 1945 'extractvalue' 'curr_localImage_947' <Predicate = true> <Delay = 0.00> <CoreInst = "FIFO_SRL">   --->   Core 80 'FIFO_SRL' <Latency = 0> <II = 1> <Delay = 1.83> <Storage> <Opcode : 'read' 'write' 'nbread' 'nbwrite'> <Ports = 0> <Width = 32> <Depth = 2> <FIFO>
ST_4 : Operation 1946 [1/1] (0.00ns)   --->   "%curr_localImage_948 = extractvalue i61536 %call_ret1" [../image_analysis.cpp:259]   --->   Operation 1946 'extractvalue' 'curr_localImage_948' <Predicate = true> <Delay = 0.00> <CoreInst = "FIFO_SRL">   --->   Core 80 'FIFO_SRL' <Latency = 0> <II = 1> <Delay = 1.83> <Storage> <Opcode : 'read' 'write' 'nbread' 'nbwrite'> <Ports = 0> <Width = 32> <Depth = 2> <FIFO>
ST_4 : Operation 1947 [1/1] (0.00ns)   --->   "%curr_localImage_949 = extractvalue i61536 %call_ret1" [../image_analysis.cpp:259]   --->   Operation 1947 'extractvalue' 'curr_localImage_949' <Predicate = true> <Delay = 0.00> <CoreInst = "FIFO_SRL">   --->   Core 80 'FIFO_SRL' <Latency = 0> <II = 1> <Delay = 1.83> <Storage> <Opcode : 'read' 'write' 'nbread' 'nbwrite'> <Ports = 0> <Width = 32> <Depth = 2> <FIFO>
ST_4 : Operation 1948 [1/1] (0.00ns)   --->   "%curr_localImage_950 = extractvalue i61536 %call_ret1" [../image_analysis.cpp:259]   --->   Operation 1948 'extractvalue' 'curr_localImage_950' <Predicate = true> <Delay = 0.00> <CoreInst = "FIFO_SRL">   --->   Core 80 'FIFO_SRL' <Latency = 0> <II = 1> <Delay = 1.83> <Storage> <Opcode : 'read' 'write' 'nbread' 'nbwrite'> <Ports = 0> <Width = 32> <Depth = 2> <FIFO>
ST_4 : Operation 1949 [1/1] (0.00ns)   --->   "%curr_localImage_951 = extractvalue i61536 %call_ret1" [../image_analysis.cpp:259]   --->   Operation 1949 'extractvalue' 'curr_localImage_951' <Predicate = true> <Delay = 0.00> <CoreInst = "FIFO_SRL">   --->   Core 80 'FIFO_SRL' <Latency = 0> <II = 1> <Delay = 1.83> <Storage> <Opcode : 'read' 'write' 'nbread' 'nbwrite'> <Ports = 0> <Width = 32> <Depth = 2> <FIFO>
ST_4 : Operation 1950 [1/1] (0.00ns)   --->   "%curr_localImage_952 = extractvalue i61536 %call_ret1" [../image_analysis.cpp:259]   --->   Operation 1950 'extractvalue' 'curr_localImage_952' <Predicate = true> <Delay = 0.00> <CoreInst = "FIFO_SRL">   --->   Core 80 'FIFO_SRL' <Latency = 0> <II = 1> <Delay = 1.83> <Storage> <Opcode : 'read' 'write' 'nbread' 'nbwrite'> <Ports = 0> <Width = 32> <Depth = 2> <FIFO>
ST_4 : Operation 1951 [1/1] (0.00ns)   --->   "%curr_localImage_953 = extractvalue i61536 %call_ret1" [../image_analysis.cpp:259]   --->   Operation 1951 'extractvalue' 'curr_localImage_953' <Predicate = true> <Delay = 0.00> <CoreInst = "FIFO_SRL">   --->   Core 80 'FIFO_SRL' <Latency = 0> <II = 1> <Delay = 1.83> <Storage> <Opcode : 'read' 'write' 'nbread' 'nbwrite'> <Ports = 0> <Width = 32> <Depth = 2> <FIFO>
ST_4 : Operation 1952 [1/1] (0.00ns)   --->   "%curr_localImage_954 = extractvalue i61536 %call_ret1" [../image_analysis.cpp:259]   --->   Operation 1952 'extractvalue' 'curr_localImage_954' <Predicate = true> <Delay = 0.00> <CoreInst = "FIFO_SRL">   --->   Core 80 'FIFO_SRL' <Latency = 0> <II = 1> <Delay = 1.83> <Storage> <Opcode : 'read' 'write' 'nbread' 'nbwrite'> <Ports = 0> <Width = 32> <Depth = 2> <FIFO>
ST_4 : Operation 1953 [1/1] (0.00ns)   --->   "%curr_localImage_955 = extractvalue i61536 %call_ret1" [../image_analysis.cpp:259]   --->   Operation 1953 'extractvalue' 'curr_localImage_955' <Predicate = true> <Delay = 0.00> <CoreInst = "FIFO_SRL">   --->   Core 80 'FIFO_SRL' <Latency = 0> <II = 1> <Delay = 1.83> <Storage> <Opcode : 'read' 'write' 'nbread' 'nbwrite'> <Ports = 0> <Width = 32> <Depth = 2> <FIFO>
ST_4 : Operation 1954 [1/1] (0.00ns)   --->   "%curr_localImage_956 = extractvalue i61536 %call_ret1" [../image_analysis.cpp:259]   --->   Operation 1954 'extractvalue' 'curr_localImage_956' <Predicate = true> <Delay = 0.00> <CoreInst = "FIFO_SRL">   --->   Core 80 'FIFO_SRL' <Latency = 0> <II = 1> <Delay = 1.83> <Storage> <Opcode : 'read' 'write' 'nbread' 'nbwrite'> <Ports = 0> <Width = 32> <Depth = 2> <FIFO>
ST_4 : Operation 1955 [1/1] (0.00ns)   --->   "%curr_localImage_957 = extractvalue i61536 %call_ret1" [../image_analysis.cpp:259]   --->   Operation 1955 'extractvalue' 'curr_localImage_957' <Predicate = true> <Delay = 0.00> <CoreInst = "FIFO_SRL">   --->   Core 80 'FIFO_SRL' <Latency = 0> <II = 1> <Delay = 1.83> <Storage> <Opcode : 'read' 'write' 'nbread' 'nbwrite'> <Ports = 0> <Width = 32> <Depth = 2> <FIFO>
ST_4 : Operation 1956 [1/1] (0.00ns)   --->   "%curr_localImage_958 = extractvalue i61536 %call_ret1" [../image_analysis.cpp:259]   --->   Operation 1956 'extractvalue' 'curr_localImage_958' <Predicate = true> <Delay = 0.00> <CoreInst = "FIFO_SRL">   --->   Core 80 'FIFO_SRL' <Latency = 0> <II = 1> <Delay = 1.83> <Storage> <Opcode : 'read' 'write' 'nbread' 'nbwrite'> <Ports = 0> <Width = 32> <Depth = 2> <FIFO>
ST_4 : Operation 1957 [1/1] (0.00ns)   --->   "%curr_localImage_959 = extractvalue i61536 %call_ret1" [../image_analysis.cpp:259]   --->   Operation 1957 'extractvalue' 'curr_localImage_959' <Predicate = true> <Delay = 0.00> <CoreInst = "FIFO_SRL">   --->   Core 80 'FIFO_SRL' <Latency = 0> <II = 1> <Delay = 1.83> <Storage> <Opcode : 'read' 'write' 'nbread' 'nbwrite'> <Ports = 0> <Width = 32> <Depth = 2> <FIFO>
ST_4 : Operation 1958 [1/1] (0.00ns)   --->   "%curr_localImage960 = extractvalue i61536 %call_ret1" [../image_analysis.cpp:259]   --->   Operation 1958 'extractvalue' 'curr_localImage960' <Predicate = true> <Delay = 0.00> <CoreInst = "FIFO_SRL">   --->   Core 80 'FIFO_SRL' <Latency = 0> <II = 1> <Delay = 1.83> <Storage> <Opcode : 'read' 'write' 'nbread' 'nbwrite'> <Ports = 0> <Width = 32> <Depth = 2> <FIFO>
ST_4 : Operation 1959 [1/1] (0.00ns)   --->   "%curr_imageProjs = extractvalue i61536 %call_ret1" [../image_analysis.cpp:259]   --->   Operation 1959 'extractvalue' 'curr_imageProjs' <Predicate = true> <Delay = 0.00> <CoreInst = "FIFO_SRL">   --->   Core 80 'FIFO_SRL' <Latency = 0> <II = 1> <Delay = 1.83> <Storage> <Opcode : 'read' 'write' 'nbread' 'nbwrite'> <Ports = 0> <Width = 32> <Depth = 2> <FIFO>
ST_4 : Operation 1960 [2/2] (1.83ns)   --->   "%call_ret = call i64 @matrix_sum_prod, i32 %curr_localImage, i32 %curr_localImage_1, i32 %curr_localImage_2, i32 %curr_localImage_3, i32 %curr_localImage_4, i32 %curr_localImage_5, i32 %curr_localImage_6, i32 %curr_localImage_7, i32 %curr_localImage_8, i32 %curr_localImage_9, i32 %curr_localImage_10, i32 %curr_localImage_11, i32 %curr_localImage_12, i32 %curr_localImage_13, i32 %curr_localImage_14, i32 %curr_localImage_15, i32 %curr_localImage_16, i32 %curr_localImage_17, i32 %curr_localImage_18, i32 %curr_localImage_19, i32 %curr_localImage_20, i32 %curr_localImage_21, i32 %curr_localImage_22, i32 %curr_localImage_23, i32 %curr_localImage_24, i32 %curr_localImage_25, i32 %curr_localImage_26, i32 %curr_localImage_27, i32 %curr_localImage_28, i32 %curr_localImage_29, i32 %curr_localImage_30, i32 %curr_localImage_31, i32 %curr_localImage_32, i32 %curr_localImage_33, i32 %curr_localImage_34, i32 %curr_localImage_35, i32 %curr_localImage_36, i32 %curr_localImage_37, i32 %curr_localImage_38, i32 %curr_localImage_39, i32 %curr_localImage_40, i32 %curr_localImage_41, i32 %curr_localImage_42, i32 %curr_localImage_43, i32 %curr_localImage_44, i32 %curr_localImage_45, i32 %curr_localImage_46, i32 %curr_localImage_47, i32 %curr_localImage_48, i32 %curr_localImage_49, i32 %curr_localImage_50, i32 %curr_localImage_51, i32 %curr_localImage_52, i32 %curr_localImage_53, i32 %curr_localImage_54, i32 %curr_localImage_55, i32 %curr_localImage_56, i32 %curr_localImage_57, i32 %curr_localImage_58, i32 %curr_localImage_59, i32 %curr_localImage_60, i32 %curr_localImage_61, i32 %curr_localImage_62, i32 %curr_localImage_63, i32 %curr_localImage_64, i32 %curr_localImage_65, i32 %curr_localImage_66, i32 %curr_localImage_67, i32 %curr_localImage_68, i32 %curr_localImage_69, i32 %curr_localImage_70, i32 %curr_localImage_71, i32 %curr_localImage_72, i32 %curr_localImage_73, i32 %curr_localImage_74, i32 %curr_localImage_75, i32 %curr_localImage_76, i32 %curr_localImage_77, i32 %curr_localImage_78, i32 %curr_localImage_79, i32 %curr_localImage_80, i32 %curr_localImage_81, i32 %curr_localImage_82, i32 %curr_localImage_83, i32 %curr_localImage_84, i32 %curr_localImage_85, i32 %curr_localImage_86, i32 %curr_localImage_87, i32 %curr_localImage_88, i32 %curr_localImage_89, i32 %curr_localImage_90, i32 %curr_localImage_91, i32 %curr_localImage_92, i32 %curr_localImage_93, i32 %curr_localImage_94, i32 %curr_localImage_95, i32 %curr_localImage_96, i32 %curr_localImage_97, i32 %curr_localImage_98, i32 %curr_localImage_99, i32 %curr_localImage_100, i32 %curr_localImage_101, i32 %curr_localImage_102, i32 %curr_localImage_103, i32 %curr_localImage_104, i32 %curr_localImage_105, i32 %curr_localImage_106, i32 %curr_localImage_107, i32 %curr_localImage_108, i32 %curr_localImage_109, i32 %curr_localImage_110, i32 %curr_localImage_111, i32 %curr_localImage_112, i32 %curr_localImage_113, i32 %curr_localImage_114, i32 %curr_localImage_115, i32 %curr_localImage_116, i32 %curr_localImage_117, i32 %curr_localImage_118, i32 %curr_localImage_119, i32 %curr_localImage_120, i32 %curr_localImage_121, i32 %curr_localImage_122, i32 %curr_localImage_123, i32 %curr_localImage_124, i32 %curr_localImage_125, i32 %curr_localImage_126, i32 %curr_localImage_127, i32 %curr_localImage_128, i32 %curr_localImage_129, i32 %curr_localImage_130, i32 %curr_localImage_131, i32 %curr_localImage_132, i32 %curr_localImage_133, i32 %curr_localImage_134, i32 %curr_localImage_135, i32 %curr_localImage_136, i32 %curr_localImage_137, i32 %curr_localImage_138, i32 %curr_localImage_139, i32 %curr_localImage_140, i32 %curr_localImage_141, i32 %curr_localImage_142, i32 %curr_localImage_143, i32 %curr_localImage_144, i32 %curr_localImage_145, i32 %curr_localImage_146, i32 %curr_localImage_147, i32 %curr_localImage_148, i32 %curr_localImage_149, i32 %curr_localImage_150, i32 %curr_localImage_151, i32 %curr_localImage_152, i32 %curr_localImage_153, i32 %curr_localImage_154, i32 %curr_localImage_155, i32 %curr_localImage_156, i32 %curr_localImage_157, i32 %curr_localImage_158, i32 %curr_localImage_159, i32 %curr_localImage_160, i32 %curr_localImage_161, i32 %curr_localImage_162, i32 %curr_localImage_163, i32 %curr_localImage_164, i32 %curr_localImage_165, i32 %curr_localImage_166, i32 %curr_localImage_167, i32 %curr_localImage_168, i32 %curr_localImage_169, i32 %curr_localImage_170, i32 %curr_localImage_171, i32 %curr_localImage_172, i32 %curr_localImage_173, i32 %curr_localImage_174, i32 %curr_localImage_175, i32 %curr_localImage_176, i32 %curr_localImage_177, i32 %curr_localImage_178, i32 %curr_localImage_179, i32 %curr_localImage_180, i32 %curr_localImage_181, i32 %curr_localImage_182, i32 %curr_localImage_183, i32 %curr_localImage_184, i32 %curr_localImage_185, i32 %curr_localImage_186, i32 %curr_localImage_187, i32 %curr_localImage_188, i32 %curr_localImage_189, i32 %curr_localImage_190, i32 %curr_localImage_191, i32 %curr_localImage_192, i32 %curr_localImage_193, i32 %curr_localImage_194, i32 %curr_localImage_195, i32 %curr_localImage_196, i32 %curr_localImage_197, i32 %curr_localImage_198, i32 %curr_localImage_199, i32 %curr_localImage_200, i32 %curr_localImage_201, i32 %curr_localImage_202, i32 %curr_localImage_203, i32 %curr_localImage_204, i32 %curr_localImage_205, i32 %curr_localImage_206, i32 %curr_localImage_207, i32 %curr_localImage_208, i32 %curr_localImage_209, i32 %curr_localImage_210, i32 %curr_localImage_211, i32 %curr_localImage_212, i32 %curr_localImage_213, i32 %curr_localImage_214, i32 %curr_localImage_215, i32 %curr_localImage_216, i32 %curr_localImage_217, i32 %curr_localImage_218, i32 %curr_localImage_219, i32 %curr_localImage_220, i32 %curr_localImage_221, i32 %curr_localImage_222, i32 %curr_localImage_223, i32 %curr_localImage_224, i32 %curr_localImage_225, i32 %curr_localImage_226, i32 %curr_localImage_227, i32 %curr_localImage_228, i32 %curr_localImage_229, i32 %curr_localImage_230, i32 %curr_localImage_231, i32 %curr_localImage_232, i32 %curr_localImage_233, i32 %curr_localImage_234, i32 %curr_localImage_235, i32 %curr_localImage_236, i32 %curr_localImage_237, i32 %curr_localImage_238, i32 %curr_localImage_239, i32 %curr_localImage_240, i32 %curr_localImage_241, i32 %curr_localImage_242, i32 %curr_localImage_243, i32 %curr_localImage_244, i32 %curr_localImage_245, i32 %curr_localImage_246, i32 %curr_localImage_247, i32 %curr_localImage_248, i32 %curr_localImage_249, i32 %curr_localImage_250, i32 %curr_localImage_251, i32 %curr_localImage_252, i32 %curr_localImage_253, i32 %curr_localImage_254, i32 %curr_localImage_255, i32 %curr_localImage_256, i32 %curr_localImage_257, i32 %curr_localImage_258, i32 %curr_localImage_259, i32 %curr_localImage_260, i32 %curr_localImage_261, i32 %curr_localImage_262, i32 %curr_localImage_263, i32 %curr_localImage_264, i32 %curr_localImage_265, i32 %curr_localImage_266, i32 %curr_localImage_267, i32 %curr_localImage_268, i32 %curr_localImage_269, i32 %curr_localImage_270, i32 %curr_localImage_271, i32 %curr_localImage_272, i32 %curr_localImage_273, i32 %curr_localImage_274, i32 %curr_localImage_275, i32 %curr_localImage_276, i32 %curr_localImage_277, i32 %curr_localImage_278, i32 %curr_localImage_279, i32 %curr_localImage_280, i32 %curr_localImage_281, i32 %curr_localImage_282, i32 %curr_localImage_283, i32 %curr_localImage_284, i32 %curr_localImage_285, i32 %curr_localImage_286, i32 %curr_localImage_287, i32 %curr_localImage_288, i32 %curr_localImage_289, i32 %curr_localImage_290, i32 %curr_localImage_291, i32 %curr_localImage_292, i32 %curr_localImage_293, i32 %curr_localImage_294, i32 %curr_localImage_295, i32 %curr_localImage_296, i32 %curr_localImage_297, i32 %curr_localImage_298, i32 %curr_localImage_299, i32 %curr_localImage_300, i32 %curr_localImage_301, i32 %curr_localImage_302, i32 %curr_localImage_303, i32 %curr_localImage_304, i32 %curr_localImage_305, i32 %curr_localImage_306, i32 %curr_localImage_307, i32 %curr_localImage_308, i32 %curr_localImage_309, i32 %curr_localImage_310, i32 %curr_localImage_311, i32 %curr_localImage_312, i32 %curr_localImage_313, i32 %curr_localImage_314, i32 %curr_localImage_315, i32 %curr_localImage_316, i32 %curr_localImage_317, i32 %curr_localImage_318, i32 %curr_localImage_319, i32 %curr_localImage_320, i32 %curr_localImage_321, i32 %curr_localImage_322, i32 %curr_localImage_323, i32 %curr_localImage_324, i32 %curr_localImage_325, i32 %curr_localImage_326, i32 %curr_localImage_327, i32 %curr_localImage_328, i32 %curr_localImage_329, i32 %curr_localImage_330, i32 %curr_localImage_331, i32 %curr_localImage_332, i32 %curr_localImage_333, i32 %curr_localImage_334, i32 %curr_localImage_335, i32 %curr_localImage_336, i32 %curr_localImage_337, i32 %curr_localImage_338, i32 %curr_localImage_339, i32 %curr_localImage_340, i32 %curr_localImage_341, i32 %curr_localImage_342, i32 %curr_localImage_343, i32 %curr_localImage_344, i32 %curr_localImage_345, i32 %curr_localImage_346, i32 %curr_localImage_347, i32 %curr_localImage_348, i32 %curr_localImage_349, i32 %curr_localImage_350, i32 %curr_localImage_351, i32 %curr_localImage_352, i32 %curr_localImage_353, i32 %curr_localImage_354, i32 %curr_localImage_355, i32 %curr_localImage_356, i32 %curr_localImage_357, i32 %curr_localImage_358, i32 %curr_localImage_359, i32 %curr_localImage_360, i32 %curr_localImage_361, i32 %curr_localImage_362, i32 %curr_localImage_363, i32 %curr_localImage_364, i32 %curr_localImage_365, i32 %curr_localImage_366, i32 %curr_localImage_367, i32 %curr_localImage_368, i32 %curr_localImage_369, i32 %curr_localImage_370, i32 %curr_localImage_371, i32 %curr_localImage_372, i32 %curr_localImage_373, i32 %curr_localImage_374, i32 %curr_localImage_375, i32 %curr_localImage_376, i32 %curr_localImage_377, i32 %curr_localImage_378, i32 %curr_localImage_379, i32 %curr_localImage_380, i32 %curr_localImage_381, i32 %curr_localImage_382, i32 %curr_localImage_383, i32 %curr_localImage_384, i32 %curr_localImage_385, i32 %curr_localImage_386, i32 %curr_localImage_387, i32 %curr_localImage_388, i32 %curr_localImage_389, i32 %curr_localImage_390, i32 %curr_localImage_391, i32 %curr_localImage_392, i32 %curr_localImage_393, i32 %curr_localImage_394, i32 %curr_localImage_395, i32 %curr_localImage_396, i32 %curr_localImage_397, i32 %curr_localImage_398, i32 %curr_localImage_399, i32 %curr_localImage_400, i32 %curr_localImage_401, i32 %curr_localImage_402, i32 %curr_localImage_403, i32 %curr_localImage_404, i32 %curr_localImage_405, i32 %curr_localImage_406, i32 %curr_localImage_407, i32 %curr_localImage_408, i32 %curr_localImage_409, i32 %curr_localImage_410, i32 %curr_localImage_411, i32 %curr_localImage_412, i32 %curr_localImage_413, i32 %curr_localImage_414, i32 %curr_localImage_415, i32 %curr_localImage_416, i32 %curr_localImage_417, i32 %curr_localImage_418, i32 %curr_localImage_419, i32 %curr_localImage_420, i32 %curr_localImage_421, i32 %curr_localImage_422, i32 %curr_localImage_423, i32 %curr_localImage_424, i32 %curr_localImage_425, i32 %curr_localImage_426, i32 %curr_localImage_427, i32 %curr_localImage_428, i32 %curr_localImage_429, i32 %curr_localImage_430, i32 %curr_localImage_431, i32 %curr_localImage_432, i32 %curr_localImage_433, i32 %curr_localImage_434, i32 %curr_localImage_435, i32 %curr_localImage_436, i32 %curr_localImage_437, i32 %curr_localImage_438, i32 %curr_localImage_439, i32 %curr_localImage_440, i32 %curr_localImage_441, i32 %curr_localImage_442, i32 %curr_localImage_443, i32 %curr_localImage_444, i32 %curr_localImage_445, i32 %curr_localImage_446, i32 %curr_localImage_447, i32 %curr_localImage_448, i32 %curr_localImage_449, i32 %curr_localImage_450, i32 %curr_localImage_451, i32 %curr_localImage_452, i32 %curr_localImage_453, i32 %curr_localImage_454, i32 %curr_localImage_455, i32 %curr_localImage_456, i32 %curr_localImage_457, i32 %curr_localImage_458, i32 %curr_localImage_459, i32 %curr_localImage_460, i32 %curr_localImage_461, i32 %curr_localImage_462, i32 %curr_localImage_463, i32 %curr_localImage_464, i32 %curr_localImage_465, i32 %curr_localImage_466, i32 %curr_localImage_467, i32 %curr_localImage_468, i32 %curr_localImage_469, i32 %curr_localImage_470, i32 %curr_localImage_471, i32 %curr_localImage_472, i32 %curr_localImage_473, i32 %curr_localImage_474, i32 %curr_localImage_475, i32 %curr_localImage_476, i32 %curr_localImage_477, i32 %curr_localImage_478, i32 %curr_localImage_479, i32 %curr_localImage_480, i32 %curr_localImage_481, i32 %curr_localImage_482, i32 %curr_localImage_483, i32 %curr_localImage_484, i32 %curr_localImage_485, i32 %curr_localImage_486, i32 %curr_localImage_487, i32 %curr_localImage_488, i32 %curr_localImage_489, i32 %curr_localImage_490, i32 %curr_localImage_491, i32 %curr_localImage_492, i32 %curr_localImage_493, i32 %curr_localImage_494, i32 %curr_localImage_495, i32 %curr_localImage_496, i32 %curr_localImage_497, i32 %curr_localImage_498, i32 %curr_localImage_499, i32 %curr_localImage_500, i32 %curr_localImage_501, i32 %curr_localImage_502, i32 %curr_localImage_503, i32 %curr_localImage_504, i32 %curr_localImage_505, i32 %curr_localImage_506, i32 %curr_localImage_507, i32 %curr_localImage_508, i32 %curr_localImage_509, i32 %curr_localImage_510, i32 %curr_localImage_511, i32 %curr_localImage_512, i32 %curr_localImage_513, i32 %curr_localImage_514, i32 %curr_localImage_515, i32 %curr_localImage_516, i32 %curr_localImage_517, i32 %curr_localImage_518, i32 %curr_localImage_519, i32 %curr_localImage_520, i32 %curr_localImage_521, i32 %curr_localImage_522, i32 %curr_localImage_523, i32 %curr_localImage_524, i32 %curr_localImage_525, i32 %curr_localImage_526, i32 %curr_localImage_527, i32 %curr_localImage_528, i32 %curr_localImage_529, i32 %curr_localImage_530, i32 %curr_localImage_531, i32 %curr_localImage_532, i32 %curr_localImage_533, i32 %curr_localImage_534, i32 %curr_localImage_535, i32 %curr_localImage_536, i32 %curr_localImage_537, i32 %curr_localImage_538, i32 %curr_localImage_539, i32 %curr_localImage_540, i32 %curr_localImage_541, i32 %curr_localImage_542, i32 %curr_localImage_543, i32 %curr_localImage_544, i32 %curr_localImage_545, i32 %curr_localImage_546, i32 %curr_localImage_547, i32 %curr_localImage_548, i32 %curr_localImage_549, i32 %curr_localImage_550, i32 %curr_localImage_551, i32 %curr_localImage_552, i32 %curr_localImage_553, i32 %curr_localImage_554, i32 %curr_localImage_555, i32 %curr_localImage_556, i32 %curr_localImage_557, i32 %curr_localImage_558, i32 %curr_localImage_559, i32 %curr_localImage_560, i32 %curr_localImage_561, i32 %curr_localImage_562, i32 %curr_localImage_563, i32 %curr_localImage_564, i32 %curr_localImage_565, i32 %curr_localImage_566, i32 %curr_localImage_567, i32 %curr_localImage_568, i32 %curr_localImage_569, i32 %curr_localImage_570, i32 %curr_localImage_571, i32 %curr_localImage_572, i32 %curr_localImage_573, i32 %curr_localImage_574, i32 %curr_localImage_575, i32 %curr_localImage_576, i32 %curr_localImage_577, i32 %curr_localImage_578, i32 %curr_localImage_579, i32 %curr_localImage_580, i32 %curr_localImage_581, i32 %curr_localImage_582, i32 %curr_localImage_583, i32 %curr_localImage_584, i32 %curr_localImage_585, i32 %curr_localImage_586, i32 %curr_localImage_587, i32 %curr_localImage_588, i32 %curr_localImage_589, i32 %curr_localImage_590, i32 %curr_localImage_591, i32 %curr_localImage_592, i32 %curr_localImage_593, i32 %curr_localImage_594, i32 %curr_localImage_595, i32 %curr_localImage_596, i32 %curr_localImage_597, i32 %curr_localImage_598, i32 %curr_localImage_599, i32 %curr_localImage_600, i32 %curr_localImage_601, i32 %curr_localImage_602, i32 %curr_localImage_603, i32 %curr_localImage_604, i32 %curr_localImage_605, i32 %curr_localImage_606, i32 %curr_localImage_607, i32 %curr_localImage_608, i32 %curr_localImage_609, i32 %curr_localImage_610, i32 %curr_localImage_611, i32 %curr_localImage_612, i32 %curr_localImage_613, i32 %curr_localImage_614, i32 %curr_localImage_615, i32 %curr_localImage_616, i32 %curr_localImage_617, i32 %curr_localImage_618, i32 %curr_localImage_619, i32 %curr_localImage_620, i32 %curr_localImage_621, i32 %curr_localImage_622, i32 %curr_localImage_623, i32 %curr_localImage_624, i32 %curr_localImage_625, i32 %curr_localImage_626, i32 %curr_localImage_627, i32 %curr_localImage_628, i32 %curr_localImage_629, i32 %curr_localImage_630, i32 %curr_localImage_631, i32 %curr_localImage_632, i32 %curr_localImage_633, i32 %curr_localImage_634, i32 %curr_localImage_635, i32 %curr_localImage_636, i32 %curr_localImage_637, i32 %curr_localImage_638, i32 %curr_localImage_639, i32 %curr_localImage_640, i32 %curr_localImage_641, i32 %curr_localImage_642, i32 %curr_localImage_643, i32 %curr_localImage_644, i32 %curr_localImage_645, i32 %curr_localImage_646, i32 %curr_localImage_647, i32 %curr_localImage_648, i32 %curr_localImage_649, i32 %curr_localImage_650, i32 %curr_localImage_651, i32 %curr_localImage_652, i32 %curr_localImage_653, i32 %curr_localImage_654, i32 %curr_localImage_655, i32 %curr_localImage_656, i32 %curr_localImage_657, i32 %curr_localImage_658, i32 %curr_localImage_659, i32 %curr_localImage_660, i32 %curr_localImage_661, i32 %curr_localImage_662, i32 %curr_localImage_663, i32 %curr_localImage_664, i32 %curr_localImage_665, i32 %curr_localImage_666, i32 %curr_localImage_667, i32 %curr_localImage_668, i32 %curr_localImage_669, i32 %curr_localImage_670, i32 %curr_localImage_671, i32 %curr_localImage_672, i32 %curr_localImage_673, i32 %curr_localImage_674, i32 %curr_localImage_675, i32 %curr_localImage_676, i32 %curr_localImage_677, i32 %curr_localImage_678, i32 %curr_localImage_679, i32 %curr_localImage_680, i32 %curr_localImage_681, i32 %curr_localImage_682, i32 %curr_localImage_683, i32 %curr_localImage_684, i32 %curr_localImage_685, i32 %curr_localImage_686, i32 %curr_localImage_687, i32 %curr_localImage_688, i32 %curr_localImage_689, i32 %curr_localImage_690, i32 %curr_localImage_691, i32 %curr_localImage_692, i32 %curr_localImage_693, i32 %curr_localImage_694, i32 %curr_localImage_695, i32 %curr_localImage_696, i32 %curr_localImage_697, i32 %curr_localImage_698, i32 %curr_localImage_699, i32 %curr_localImage_700, i32 %curr_localImage_701, i32 %curr_localImage_702, i32 %curr_localImage_703, i32 %curr_localImage_704, i32 %curr_localImage_705, i32 %curr_localImage_706, i32 %curr_localImage_707, i32 %curr_localImage_708, i32 %curr_localImage_709, i32 %curr_localImage_710, i32 %curr_localImage_711, i32 %curr_localImage_712, i32 %curr_localImage_713, i32 %curr_localImage_714, i32 %curr_localImage_715, i32 %curr_localImage_716, i32 %curr_localImage_717, i32 %curr_localImage_718, i32 %curr_localImage_719, i32 %curr_localImage_720, i32 %curr_localImage_721, i32 %curr_localImage_722, i32 %curr_localImage_723, i32 %curr_localImage_724, i32 %curr_localImage_725, i32 %curr_localImage_726, i32 %curr_localImage_727, i32 %curr_localImage_728, i32 %curr_localImage_729, i32 %curr_localImage_730, i32 %curr_localImage_731, i32 %curr_localImage_732, i32 %curr_localImage_733, i32 %curr_localImage_734, i32 %curr_localImage_735, i32 %curr_localImage_736, i32 %curr_localImage_737, i32 %curr_localImage_738, i32 %curr_localImage_739, i32 %curr_localImage_740, i32 %curr_localImage_741, i32 %curr_localImage_742, i32 %curr_localImage_743, i32 %curr_localImage_744, i32 %curr_localImage_745, i32 %curr_localImage_746, i32 %curr_localImage_747, i32 %curr_localImage_748, i32 %curr_localImage_749, i32 %curr_localImage_750, i32 %curr_localImage_751, i32 %curr_localImage_752, i32 %curr_localImage_753, i32 %curr_localImage_754, i32 %curr_localImage_755, i32 %curr_localImage_756, i32 %curr_localImage_757, i32 %curr_localImage_758, i32 %curr_localImage_759, i32 %curr_localImage_760, i32 %curr_localImage_761, i32 %curr_localImage_762, i32 %curr_localImage_763, i32 %curr_localImage_764, i32 %curr_localImage_765, i32 %curr_localImage_766, i32 %curr_localImage_767, i32 %curr_localImage_768, i32 %curr_localImage_769, i32 %curr_localImage_770, i32 %curr_localImage_771, i32 %curr_localImage_772, i32 %curr_localImage_773, i32 %curr_localImage_774, i32 %curr_localImage_775, i32 %curr_localImage_776, i32 %curr_localImage_777, i32 %curr_localImage_778, i32 %curr_localImage_779, i32 %curr_localImage_780, i32 %curr_localImage_781, i32 %curr_localImage_782, i32 %curr_localImage_783, i32 %curr_localImage_784, i32 %curr_localImage_785, i32 %curr_localImage_786, i32 %curr_localImage_787, i32 %curr_localImage_788, i32 %curr_localImage_789, i32 %curr_localImage_790, i32 %curr_localImage_791, i32 %curr_localImage_792, i32 %curr_localImage_793, i32 %curr_localImage_794, i32 %curr_localImage_795, i32 %curr_localImage_796, i32 %curr_localImage_797, i32 %curr_localImage_798, i32 %curr_localImage_799, i32 %curr_localImage_800, i32 %curr_localImage_801, i32 %curr_localImage_802, i32 %curr_localImage_803, i32 %curr_localImage_804, i32 %curr_localImage_805, i32 %curr_localImage_806, i32 %curr_localImage_807, i32 %curr_localImage_808, i32 %curr_localImage_809, i32 %curr_localImage_810, i32 %curr_localImage_811, i32 %curr_localImage_812, i32 %curr_localImage_813, i32 %curr_localImage_814, i32 %curr_localImage_815, i32 %curr_localImage_816, i32 %curr_localImage_817, i32 %curr_localImage_818, i32 %curr_localImage_819, i32 %curr_localImage_820, i32 %curr_localImage_821, i32 %curr_localImage_822, i32 %curr_localImage_823, i32 %curr_localImage_824, i32 %curr_localImage_825, i32 %curr_localImage_826, i32 %curr_localImage_827, i32 %curr_localImage_828, i32 %curr_localImage_829, i32 %curr_localImage_830, i32 %curr_localImage_831, i32 %curr_localImage_832, i32 %curr_localImage_833, i32 %curr_localImage_834, i32 %curr_localImage_835, i32 %curr_localImage_836, i32 %curr_localImage_837, i32 %curr_localImage_838, i32 %curr_localImage_839, i32 %curr_localImage_840, i32 %curr_localImage_841, i32 %curr_localImage_842, i32 %curr_localImage_843, i32 %curr_localImage_844, i32 %curr_localImage_845, i32 %curr_localImage_846, i32 %curr_localImage_847, i32 %curr_localImage_848, i32 %curr_localImage_849, i32 %curr_localImage_850, i32 %curr_localImage_851, i32 %curr_localImage_852, i32 %curr_localImage_853, i32 %curr_localImage_854, i32 %curr_localImage_855, i32 %curr_localImage_856, i32 %curr_localImage_857, i32 %curr_localImage_858, i32 %curr_localImage_859, i32 %curr_localImage_860, i32 %curr_localImage_861, i32 %curr_localImage_862, i32 %curr_localImage_863, i32 %curr_localImage_864, i32 %curr_localImage_865, i32 %curr_localImage_866, i32 %curr_localImage_867, i32 %curr_localImage_868, i32 %curr_localImage_869, i32 %curr_localImage_870, i32 %curr_localImage_871, i32 %curr_localImage_872, i32 %curr_localImage_873, i32 %curr_localImage_874, i32 %curr_localImage_875, i32 %curr_localImage_876, i32 %curr_localImage_877, i32 %curr_localImage_878, i32 %curr_localImage_879, i32 %curr_localImage_880, i32 %curr_localImage_881, i32 %curr_localImage_882, i32 %curr_localImage_883, i32 %curr_localImage_884, i32 %curr_localImage_885, i32 %curr_localImage_886, i32 %curr_localImage_887, i32 %curr_localImage_888, i32 %curr_localImage_889, i32 %curr_localImage_890, i32 %curr_localImage_891, i32 %curr_localImage_892, i32 %curr_localImage_893, i32 %curr_localImage_894, i32 %curr_localImage_895, i32 %curr_localImage_896, i32 %curr_localImage_897, i32 %curr_localImage_898, i32 %curr_localImage_899, i32 %curr_localImage_900, i32 %curr_localImage_901, i32 %curr_localImage_902, i32 %curr_localImage_903, i32 %curr_localImage_904, i32 %curr_localImage_905, i32 %curr_localImage_906, i32 %curr_localImage_907, i32 %curr_localImage_908, i32 %curr_localImage_909, i32 %curr_localImage_910, i32 %curr_localImage_911, i32 %curr_localImage_912, i32 %curr_localImage_913, i32 %curr_localImage_914, i32 %curr_localImage_915, i32 %curr_localImage_916, i32 %curr_localImage_917, i32 %curr_localImage_918, i32 %curr_localImage_919, i32 %curr_localImage_920, i32 %curr_localImage_921, i32 %curr_localImage_922, i32 %curr_localImage_923, i32 %curr_localImage_924, i32 %curr_localImage_925, i32 %curr_localImage_926, i32 %curr_localImage_927, i32 %curr_localImage_928, i32 %curr_localImage_929, i32 %curr_localImage_930, i32 %curr_localImage_931, i32 %curr_localImage_932, i32 %curr_localImage_933, i32 %curr_localImage_934, i32 %curr_localImage_935, i32 %curr_localImage_936, i32 %curr_localImage_937, i32 %curr_localImage_938, i32 %curr_localImage_939, i32 %curr_localImage_940, i32 %curr_localImage_941, i32 %curr_localImage_942, i32 %curr_localImage_943, i32 %curr_localImage_944, i32 %curr_localImage_945, i32 %curr_localImage_946, i32 %curr_localImage_947, i32 %curr_localImage_948, i32 %curr_localImage_949, i32 %curr_localImage_950, i32 %curr_localImage_951, i32 %curr_localImage_952, i32 %curr_localImage_953, i32 %curr_localImage_954, i32 %curr_localImage_955, i32 %curr_localImage_956, i32 %curr_localImage_957, i32 %curr_localImage_958, i32 %curr_localImage_959, i32 %curr_localImage960, i32 %curr_fullImage, i32 %curr_fullImage_1, i32 %curr_fullImage_2, i32 %curr_fullImage_3, i32 %curr_fullImage_4, i32 %curr_fullImage_5, i32 %curr_fullImage_6, i32 %curr_fullImage_7, i32 %curr_fullImage_8, i32 %curr_fullImage_9, i32 %curr_fullImage_10, i32 %curr_fullImage_11, i32 %curr_fullImage_12, i32 %curr_fullImage_13, i32 %curr_fullImage_14, i32 %curr_fullImage_15, i32 %curr_fullImage_16, i32 %curr_fullImage_17, i32 %curr_fullImage_18, i32 %curr_fullImage_19, i32 %curr_fullImage_20, i32 %curr_fullImage_21, i32 %curr_fullImage_22, i32 %curr_fullImage_23, i32 %curr_fullImage_24, i32 %curr_fullImage_25, i32 %curr_fullImage_26, i32 %curr_fullImage_27, i32 %curr_fullImage_28, i32 %curr_fullImage_29, i32 %curr_fullImage_30, i32 %curr_fullImage_31, i32 %curr_fullImage_32, i32 %curr_fullImage_33, i32 %curr_fullImage_34, i32 %curr_fullImage_35, i32 %curr_fullImage_36, i32 %curr_fullImage_37, i32 %curr_fullImage_38, i32 %curr_fullImage_39, i32 %curr_fullImage_40, i32 %curr_fullImage_41, i32 %curr_fullImage_42, i32 %curr_fullImage_43, i32 %curr_fullImage_44, i32 %curr_fullImage_45, i32 %curr_fullImage_46, i32 %curr_fullImage_47, i32 %curr_fullImage_48, i32 %curr_fullImage_49, i32 %curr_fullImage_50, i32 %curr_fullImage_51, i32 %curr_fullImage_52, i32 %curr_fullImage_53, i32 %curr_fullImage_54, i32 %curr_fullImage_55, i32 %curr_fullImage_56, i32 %curr_fullImage_57, i32 %curr_fullImage_58, i32 %curr_fullImage_59, i32 %curr_fullImage_60, i32 %curr_fullImage_61, i32 %curr_fullImage_62, i32 %curr_fullImage_63, i32 %curr_fullImage_64, i32 %curr_fullImage_65, i32 %curr_fullImage_66, i32 %curr_fullImage_67, i32 %curr_fullImage_68, i32 %curr_fullImage_69, i32 %curr_fullImage_70, i32 %curr_fullImage_71, i32 %curr_fullImage_72, i32 %curr_fullImage_73, i32 %curr_fullImage_74, i32 %curr_fullImage_75, i32 %curr_fullImage_76, i32 %curr_fullImage_77, i32 %curr_fullImage_78, i32 %curr_fullImage_79, i32 %curr_fullImage_80, i32 %curr_fullImage_81, i32 %curr_fullImage_82, i32 %curr_fullImage_83, i32 %curr_fullImage_84, i32 %curr_fullImage_85, i32 %curr_fullImage_86, i32 %curr_fullImage_87, i32 %curr_fullImage_88, i32 %curr_fullImage_89, i32 %curr_fullImage_90, i32 %curr_fullImage_91, i32 %curr_fullImage_92, i32 %curr_fullImage_93, i32 %curr_fullImage_94, i32 %curr_fullImage_95, i32 %curr_fullImage_96, i32 %curr_fullImage_97, i32 %curr_fullImage_98, i32 %curr_fullImage_99, i32 %curr_fullImage_100, i32 %curr_fullImage_101, i32 %curr_fullImage_102, i32 %curr_fullImage_103, i32 %curr_fullImage_104, i32 %curr_fullImage_105, i32 %curr_fullImage_106, i32 %curr_fullImage_107, i32 %curr_fullImage_108, i32 %curr_fullImage_109, i32 %curr_fullImage_110, i32 %curr_fullImage_111, i32 %curr_fullImage_112, i32 %curr_fullImage_113, i32 %curr_fullImage_114, i32 %curr_fullImage_115, i32 %curr_fullImage_116, i32 %curr_fullImage_117, i32 %curr_fullImage_118, i32 %curr_fullImage_119, i32 %curr_fullImage_120, i32 %curr_fullImage_121, i32 %curr_fullImage_122, i32 %curr_fullImage_123, i32 %curr_fullImage_124, i32 %curr_fullImage_125, i32 %curr_fullImage_126, i32 %curr_fullImage_127, i32 %curr_fullImage_128, i32 %curr_fullImage_129, i32 %curr_fullImage_130, i32 %curr_fullImage_131, i32 %curr_fullImage_132, i32 %curr_fullImage_133, i32 %curr_fullImage_134, i32 %curr_fullImage_135, i32 %curr_fullImage_136, i32 %curr_fullImage_137, i32 %curr_fullImage_138, i32 %curr_fullImage_139, i32 %curr_fullImage_140, i32 %curr_fullImage_141, i32 %curr_fullImage_142, i32 %curr_fullImage_143, i32 %curr_fullImage_144, i32 %curr_fullImage_145, i32 %curr_fullImage_146, i32 %curr_fullImage_147, i32 %curr_fullImage_148, i32 %curr_fullImage_149, i32 %curr_fullImage_150, i32 %curr_fullImage_151, i32 %curr_fullImage_152, i32 %curr_fullImage_153, i32 %curr_fullImage_154, i32 %curr_fullImage_155, i32 %curr_fullImage_156, i32 %curr_fullImage_157, i32 %curr_fullImage_158, i32 %curr_fullImage_159, i32 %curr_fullImage_160, i32 %curr_fullImage_161, i32 %curr_fullImage_162, i32 %curr_fullImage_163, i32 %curr_fullImage_164, i32 %curr_fullImage_165, i32 %curr_fullImage_166, i32 %curr_fullImage_167, i32 %curr_fullImage_168, i32 %curr_fullImage_169, i32 %curr_fullImage_170, i32 %curr_fullImage_171, i32 %curr_fullImage_172, i32 %curr_fullImage_173, i32 %curr_fullImage_174, i32 %curr_fullImage_175, i32 %curr_fullImage_176, i32 %curr_fullImage_177, i32 %curr_fullImage_178, i32 %curr_fullImage_179, i32 %curr_fullImage_180, i32 %curr_fullImage_181, i32 %curr_fullImage_182, i32 %curr_fullImage_183, i32 %curr_fullImage_184, i32 %curr_fullImage_185, i32 %curr_fullImage_186, i32 %curr_fullImage_187, i32 %curr_fullImage_188, i32 %curr_fullImage_189, i32 %curr_fullImage_190, i32 %curr_fullImage_191, i32 %curr_fullImage_192, i32 %curr_fullImage_193, i32 %curr_fullImage_194, i32 %curr_fullImage_195, i32 %curr_fullImage_196, i32 %curr_fullImage_197, i32 %curr_fullImage_198, i32 %curr_fullImage_199, i32 %curr_fullImage_200, i32 %curr_fullImage_201, i32 %curr_fullImage_202, i32 %curr_fullImage_203, i32 %curr_fullImage_204, i32 %curr_fullImage_205, i32 %curr_fullImage_206, i32 %curr_fullImage_207, i32 %curr_fullImage_208, i32 %curr_fullImage_209, i32 %curr_fullImage_210, i32 %curr_fullImage_211, i32 %curr_fullImage_212, i32 %curr_fullImage_213, i32 %curr_fullImage_214, i32 %curr_fullImage_215, i32 %curr_fullImage_216, i32 %curr_fullImage_217, i32 %curr_fullImage_218, i32 %curr_fullImage_219, i32 %curr_fullImage_220, i32 %curr_fullImage_221, i32 %curr_fullImage_222, i32 %curr_fullImage_223, i32 %curr_fullImage_224, i32 %curr_fullImage_225, i32 %curr_fullImage_226, i32 %curr_fullImage_227, i32 %curr_fullImage_228, i32 %curr_fullImage_229, i32 %curr_fullImage_230, i32 %curr_fullImage_231, i32 %curr_fullImage_232, i32 %curr_fullImage_233, i32 %curr_fullImage_234, i32 %curr_fullImage_235, i32 %curr_fullImage_236, i32 %curr_fullImage_237, i32 %curr_fullImage_238, i32 %curr_fullImage_239, i32 %curr_fullImage_240, i32 %curr_fullImage_241, i32 %curr_fullImage_242, i32 %curr_fullImage_243, i32 %curr_fullImage_244, i32 %curr_fullImage_245, i32 %curr_fullImage_246, i32 %curr_fullImage_247, i32 %curr_fullImage_248, i32 %curr_fullImage_249, i32 %curr_fullImage_250, i32 %curr_fullImage_251, i32 %curr_fullImage_252, i32 %curr_fullImage_253, i32 %curr_fullImage_254, i32 %curr_fullImage_255, i32 %curr_fullImage_256, i32 %curr_fullImage_257, i32 %curr_fullImage_258, i32 %curr_fullImage_259, i32 %curr_fullImage_260, i32 %curr_fullImage_261, i32 %curr_fullImage_262, i32 %curr_fullImage_263, i32 %curr_fullImage_264, i32 %curr_fullImage_265, i32 %curr_fullImage_266, i32 %curr_fullImage_267, i32 %curr_fullImage_268, i32 %curr_fullImage_269, i32 %curr_fullImage_270, i32 %curr_fullImage_271, i32 %curr_fullImage_272, i32 %curr_fullImage_273, i32 %curr_fullImage_274, i32 %curr_fullImage_275, i32 %curr_fullImage_276, i32 %curr_fullImage_277, i32 %curr_fullImage_278, i32 %curr_fullImage_279, i32 %curr_fullImage_280, i32 %curr_fullImage_281, i32 %curr_fullImage_282, i32 %curr_fullImage_283, i32 %curr_fullImage_284, i32 %curr_fullImage_285, i32 %curr_fullImage_286, i32 %curr_fullImage_287, i32 %curr_fullImage_288, i32 %curr_fullImage_289, i32 %curr_fullImage_290, i32 %curr_fullImage_291, i32 %curr_fullImage_292, i32 %curr_fullImage_293, i32 %curr_fullImage_294, i32 %curr_fullImage_295, i32 %curr_fullImage_296, i32 %curr_fullImage_297, i32 %curr_fullImage_298, i32 %curr_fullImage_299, i32 %curr_fullImage_300, i32 %curr_fullImage_301, i32 %curr_fullImage_302, i32 %curr_fullImage_303, i32 %curr_fullImage_304, i32 %curr_fullImage_305, i32 %curr_fullImage_306, i32 %curr_fullImage_307, i32 %curr_fullImage_308, i32 %curr_fullImage_309, i32 %curr_fullImage_310, i32 %curr_fullImage_311, i32 %curr_fullImage_312, i32 %curr_fullImage_313, i32 %curr_fullImage_314, i32 %curr_fullImage_315, i32 %curr_fullImage_316, i32 %curr_fullImage_317, i32 %curr_fullImage_318, i32 %curr_fullImage_319, i32 %curr_fullImage_320, i32 %curr_fullImage_321, i32 %curr_fullImage_322, i32 %curr_fullImage_323, i32 %curr_fullImage_324, i32 %curr_fullImage_325, i32 %curr_fullImage_326, i32 %curr_fullImage_327, i32 %curr_fullImage_328, i32 %curr_fullImage_329, i32 %curr_fullImage_330, i32 %curr_fullImage_331, i32 %curr_fullImage_332, i32 %curr_fullImage_333, i32 %curr_fullImage_334, i32 %curr_fullImage_335, i32 %curr_fullImage_336, i32 %curr_fullImage_337, i32 %curr_fullImage_338, i32 %curr_fullImage_339, i32 %curr_fullImage_340, i32 %curr_fullImage_341, i32 %curr_fullImage_342, i32 %curr_fullImage_343, i32 %curr_fullImage_344, i32 %curr_fullImage_345, i32 %curr_fullImage_346, i32 %curr_fullImage_347, i32 %curr_fullImage_348, i32 %curr_fullImage_349, i32 %curr_fullImage_350, i32 %curr_fullImage_351, i32 %curr_fullImage_352, i32 %curr_fullImage_353, i32 %curr_fullImage_354, i32 %curr_fullImage_355, i32 %curr_fullImage_356, i32 %curr_fullImage_357, i32 %curr_fullImage_358, i32 %curr_fullImage_359, i32 %curr_fullImage_360, i32 %curr_fullImage_361, i32 %curr_fullImage_362, i32 %curr_fullImage_363, i32 %curr_fullImage_364, i32 %curr_fullImage_365, i32 %curr_fullImage_366, i32 %curr_fullImage_367, i32 %curr_fullImage_368, i32 %curr_fullImage_369, i32 %curr_fullImage_370, i32 %curr_fullImage_371, i32 %curr_fullImage_372, i32 %curr_fullImage_373, i32 %curr_fullImage_374, i32 %curr_fullImage_375, i32 %curr_fullImage_376, i32 %curr_fullImage_377, i32 %curr_fullImage_378, i32 %curr_fullImage_379, i32 %curr_fullImage_380, i32 %curr_fullImage_381, i32 %curr_fullImage_382, i32 %curr_fullImage_383, i32 %curr_fullImage_384, i32 %curr_fullImage_385, i32 %curr_fullImage_386, i32 %curr_fullImage_387, i32 %curr_fullImage_388, i32 %curr_fullImage_389, i32 %curr_fullImage_390, i32 %curr_fullImage_391, i32 %curr_fullImage_392, i32 %curr_fullImage_393, i32 %curr_fullImage_394, i32 %curr_fullImage_395, i32 %curr_fullImage_396, i32 %curr_fullImage_397, i32 %curr_fullImage_398, i32 %curr_fullImage_399, i32 %curr_fullImage_400, i32 %curr_fullImage_401, i32 %curr_fullImage_402, i32 %curr_fullImage_403, i32 %curr_fullImage_404, i32 %curr_fullImage_405, i32 %curr_fullImage_406, i32 %curr_fullImage_407, i32 %curr_fullImage_408, i32 %curr_fullImage_409, i32 %curr_fullImage_410, i32 %curr_fullImage_411, i32 %curr_fullImage_412, i32 %curr_fullImage_413, i32 %curr_fullImage_414, i32 %curr_fullImage_415, i32 %curr_fullImage_416, i32 %curr_fullImage_417, i32 %curr_fullImage_418, i32 %curr_fullImage_419, i32 %curr_fullImage_420, i32 %curr_fullImage_421, i32 %curr_fullImage_422, i32 %curr_fullImage_423, i32 %curr_fullImage_424, i32 %curr_fullImage_425, i32 %curr_fullImage_426, i32 %curr_fullImage_427, i32 %curr_fullImage_428, i32 %curr_fullImage_429, i32 %curr_fullImage_430, i32 %curr_fullImage_431, i32 %curr_fullImage_432, i32 %curr_fullImage_433, i32 %curr_fullImage_434, i32 %curr_fullImage_435, i32 %curr_fullImage_436, i32 %curr_fullImage_437, i32 %curr_fullImage_438, i32 %curr_fullImage_439, i32 %curr_fullImage_440, i32 %curr_fullImage_441, i32 %curr_fullImage_442, i32 %curr_fullImage_443, i32 %curr_fullImage_444, i32 %curr_fullImage_445, i32 %curr_fullImage_446, i32 %curr_fullImage_447, i32 %curr_fullImage_448, i32 %curr_fullImage_449, i32 %curr_fullImage_450, i32 %curr_fullImage_451, i32 %curr_fullImage_452, i32 %curr_fullImage_453, i32 %curr_fullImage_454, i32 %curr_fullImage_455, i32 %curr_fullImage_456, i32 %curr_fullImage_457, i32 %curr_fullImage_458, i32 %curr_fullImage_459, i32 %curr_fullImage_460, i32 %curr_fullImage_461, i32 %curr_fullImage_462, i32 %curr_fullImage_463, i32 %curr_fullImage_464, i32 %curr_fullImage_465, i32 %curr_fullImage_466, i32 %curr_fullImage_467, i32 %curr_fullImage_468, i32 %curr_fullImage_469, i32 %curr_fullImage_470, i32 %curr_fullImage_471, i32 %curr_fullImage_472, i32 %curr_fullImage_473, i32 %curr_fullImage_474, i32 %curr_fullImage_475, i32 %curr_fullImage_476, i32 %curr_fullImage_477, i32 %curr_fullImage_478, i32 %curr_fullImage_479, i32 %curr_fullImage_480, i32 %curr_fullImage_481, i32 %curr_fullImage_482, i32 %curr_fullImage_483, i32 %curr_fullImage_484, i32 %curr_fullImage_485, i32 %curr_fullImage_486, i32 %curr_fullImage_487, i32 %curr_fullImage_488, i32 %curr_fullImage_489, i32 %curr_fullImage_490, i32 %curr_fullImage_491, i32 %curr_fullImage_492, i32 %curr_fullImage_493, i32 %curr_fullImage_494, i32 %curr_fullImage_495, i32 %curr_fullImage_496, i32 %curr_fullImage_497, i32 %curr_fullImage_498, i32 %curr_fullImage_499, i32 %curr_fullImage_500, i32 %curr_fullImage_501, i32 %curr_fullImage_502, i32 %curr_fullImage_503, i32 %curr_fullImage_504, i32 %curr_fullImage_505, i32 %curr_fullImage_506, i32 %curr_fullImage_507, i32 %curr_fullImage_508, i32 %curr_fullImage_509, i32 %curr_fullImage_510, i32 %curr_fullImage_511, i32 %curr_fullImage_512, i32 %curr_fullImage_513, i32 %curr_fullImage_514, i32 %curr_fullImage_515, i32 %curr_fullImage_516, i32 %curr_fullImage_517, i32 %curr_fullImage_518, i32 %curr_fullImage_519, i32 %curr_fullImage_520, i32 %curr_fullImage_521, i32 %curr_fullImage_522, i32 %curr_fullImage_523, i32 %curr_fullImage_524, i32 %curr_fullImage_525, i32 %curr_fullImage_526, i32 %curr_fullImage_527, i32 %curr_fullImage_528, i32 %curr_fullImage_529, i32 %curr_fullImage_530, i32 %curr_fullImage_531, i32 %curr_fullImage_532, i32 %curr_fullImage_533, i32 %curr_fullImage_534, i32 %curr_fullImage_535, i32 %curr_fullImage_536, i32 %curr_fullImage_537, i32 %curr_fullImage_538, i32 %curr_fullImage_539, i32 %curr_fullImage_540, i32 %curr_fullImage_541, i32 %curr_fullImage_542, i32 %curr_fullImage_543, i32 %curr_fullImage_544, i32 %curr_fullImage_545, i32 %curr_fullImage_546, i32 %curr_fullImage_547, i32 %curr_fullImage_548, i32 %curr_fullImage_549, i32 %curr_fullImage_550, i32 %curr_fullImage_551, i32 %curr_fullImage_552, i32 %curr_fullImage_553, i32 %curr_fullImage_554, i32 %curr_fullImage_555, i32 %curr_fullImage_556, i32 %curr_fullImage_557, i32 %curr_fullImage_558, i32 %curr_fullImage_559, i32 %curr_fullImage_560, i32 %curr_fullImage_561, i32 %curr_fullImage_562, i32 %curr_fullImage_563, i32 %curr_fullImage_564, i32 %curr_fullImage_565, i32 %curr_fullImage_566, i32 %curr_fullImage_567, i32 %curr_fullImage_568, i32 %curr_fullImage_569, i32 %curr_fullImage_570, i32 %curr_fullImage_571, i32 %curr_fullImage_572, i32 %curr_fullImage_573, i32 %curr_fullImage_574, i32 %curr_fullImage_575, i32 %curr_fullImage_576, i32 %curr_fullImage_577, i32 %curr_fullImage_578, i32 %curr_fullImage_579, i32 %curr_fullImage_580, i32 %curr_fullImage_581, i32 %curr_fullImage_582, i32 %curr_fullImage_583, i32 %curr_fullImage_584, i32 %curr_fullImage_585, i32 %curr_fullImage_586, i32 %curr_fullImage_587, i32 %curr_fullImage_588, i32 %curr_fullImage_589, i32 %curr_fullImage_590, i32 %curr_fullImage_591, i32 %curr_fullImage_592, i32 %curr_fullImage_593, i32 %curr_fullImage_594, i32 %curr_fullImage_595, i32 %curr_fullImage_596, i32 %curr_fullImage_597, i32 %curr_fullImage_598, i32 %curr_fullImage_599, i32 %curr_fullImage_600, i32 %curr_fullImage_601, i32 %curr_fullImage_602, i32 %curr_fullImage_603, i32 %curr_fullImage_604, i32 %curr_fullImage_605, i32 %curr_fullImage_606, i32 %curr_fullImage_607, i32 %curr_fullImage_608, i32 %curr_fullImage_609, i32 %curr_fullImage_610, i32 %curr_fullImage_611, i32 %curr_fullImage_612, i32 %curr_fullImage_613, i32 %curr_fullImage_614, i32 %curr_fullImage_615, i32 %curr_fullImage_616, i32 %curr_fullImage_617, i32 %curr_fullImage_618, i32 %curr_fullImage_619, i32 %curr_fullImage_620, i32 %curr_fullImage_621, i32 %curr_fullImage_622, i32 %curr_fullImage_623, i32 %curr_fullImage_624, i32 %curr_fullImage_625, i32 %curr_fullImage_626, i32 %curr_fullImage_627, i32 %curr_fullImage_628, i32 %curr_fullImage_629, i32 %curr_fullImage_630, i32 %curr_fullImage_631, i32 %curr_fullImage_632, i32 %curr_fullImage_633, i32 %curr_fullImage_634, i32 %curr_fullImage_635, i32 %curr_fullImage_636, i32 %curr_fullImage_637, i32 %curr_fullImage_638, i32 %curr_fullImage_639, i32 %curr_fullImage_640, i32 %curr_fullImage_641, i32 %curr_fullImage_642, i32 %curr_fullImage_643, i32 %curr_fullImage_644, i32 %curr_fullImage_645, i32 %curr_fullImage_646, i32 %curr_fullImage_647, i32 %curr_fullImage_648, i32 %curr_fullImage_649, i32 %curr_fullImage_650, i32 %curr_fullImage_651, i32 %curr_fullImage_652, i32 %curr_fullImage_653, i32 %curr_fullImage_654, i32 %curr_fullImage_655, i32 %curr_fullImage_656, i32 %curr_fullImage_657, i32 %curr_fullImage_658, i32 %curr_fullImage_659, i32 %curr_fullImage_660, i32 %curr_fullImage_661, i32 %curr_fullImage_662, i32 %curr_fullImage_663, i32 %curr_fullImage_664, i32 %curr_fullImage_665, i32 %curr_fullImage_666, i32 %curr_fullImage_667, i32 %curr_fullImage_668, i32 %curr_fullImage_669, i32 %curr_fullImage_670, i32 %curr_fullImage_671, i32 %curr_fullImage_672, i32 %curr_fullImage_673, i32 %curr_fullImage_674, i32 %curr_fullImage_675, i32 %curr_fullImage_676, i32 %curr_fullImage_677, i32 %curr_fullImage_678, i32 %curr_fullImage_679, i32 %curr_fullImage_680, i32 %curr_fullImage_681, i32 %curr_fullImage_682, i32 %curr_fullImage_683, i32 %curr_fullImage_684, i32 %curr_fullImage_685, i32 %curr_fullImage_686, i32 %curr_fullImage_687, i32 %curr_fullImage_688, i32 %curr_fullImage_689, i32 %curr_fullImage_690, i32 %curr_fullImage_691, i32 %curr_fullImage_692, i32 %curr_fullImage_693, i32 %curr_fullImage_694, i32 %curr_fullImage_695, i32 %curr_fullImage_696, i32 %curr_fullImage_697, i32 %curr_fullImage_698, i32 %curr_fullImage_699, i32 %curr_fullImage_700, i32 %curr_fullImage_701, i32 %curr_fullImage_702, i32 %curr_fullImage_703, i32 %curr_fullImage_704, i32 %curr_fullImage_705, i32 %curr_fullImage_706, i32 %curr_fullImage_707, i32 %curr_fullImage_708, i32 %curr_fullImage_709, i32 %curr_fullImage_710, i32 %curr_fullImage_711, i32 %curr_fullImage_712, i32 %curr_fullImage_713, i32 %curr_fullImage_714, i32 %curr_fullImage_715, i32 %curr_fullImage_716, i32 %curr_fullImage_717, i32 %curr_fullImage_718, i32 %curr_fullImage_719, i32 %curr_fullImage_720, i32 %curr_fullImage_721, i32 %curr_fullImage_722, i32 %curr_fullImage_723, i32 %curr_fullImage_724, i32 %curr_fullImage_725, i32 %curr_fullImage_726, i32 %curr_fullImage_727, i32 %curr_fullImage_728, i32 %curr_fullImage_729, i32 %curr_fullImage_730, i32 %curr_fullImage_731, i32 %curr_fullImage_732, i32 %curr_fullImage_733, i32 %curr_fullImage_734, i32 %curr_fullImage_735, i32 %curr_fullImage_736, i32 %curr_fullImage_737, i32 %curr_fullImage_738, i32 %curr_fullImage_739, i32 %curr_fullImage_740, i32 %curr_fullImage_741, i32 %curr_fullImage_742, i32 %curr_fullImage_743, i32 %curr_fullImage_744, i32 %curr_fullImage_745, i32 %curr_fullImage_746, i32 %curr_fullImage_747, i32 %curr_fullImage_748, i32 %curr_fullImage_749, i32 %curr_fullImage_750, i32 %curr_fullImage_751, i32 %curr_fullImage_752, i32 %curr_fullImage_753, i32 %curr_fullImage_754, i32 %curr_fullImage_755, i32 %curr_fullImage_756, i32 %curr_fullImage_757, i32 %curr_fullImage_758, i32 %curr_fullImage_759, i32 %curr_fullImage_760, i32 %curr_fullImage_761, i32 %curr_fullImage_762, i32 %curr_fullImage_763, i32 %curr_fullImage_764, i32 %curr_fullImage_765, i32 %curr_fullImage_766, i32 %curr_fullImage_767, i32 %curr_fullImage_768, i32 %curr_fullImage_769, i32 %curr_fullImage_770, i32 %curr_fullImage_771, i32 %curr_fullImage_772, i32 %curr_fullImage_773, i32 %curr_fullImage_774, i32 %curr_fullImage_775, i32 %curr_fullImage_776, i32 %curr_fullImage_777, i32 %curr_fullImage_778, i32 %curr_fullImage_779, i32 %curr_fullImage_780, i32 %curr_fullImage_781, i32 %curr_fullImage_782, i32 %curr_fullImage_783, i32 %curr_fullImage_784, i32 %curr_fullImage_785, i32 %curr_fullImage_786, i32 %curr_fullImage_787, i32 %curr_fullImage_788, i32 %curr_fullImage_789, i32 %curr_fullImage_790, i32 %curr_fullImage_791, i32 %curr_fullImage_792, i32 %curr_fullImage_793, i32 %curr_fullImage_794, i32 %curr_fullImage_795, i32 %curr_fullImage_796, i32 %curr_fullImage_797, i32 %curr_fullImage_798, i32 %curr_fullImage_799, i32 %curr_fullImage_800, i32 %curr_fullImage_801, i32 %curr_fullImage_802, i32 %curr_fullImage_803, i32 %curr_fullImage_804, i32 %curr_fullImage_805, i32 %curr_fullImage_806, i32 %curr_fullImage_807, i32 %curr_fullImage_808, i32 %curr_fullImage_809, i32 %curr_fullImage_810, i32 %curr_fullImage_811, i32 %curr_fullImage_812, i32 %curr_fullImage_813, i32 %curr_fullImage_814, i32 %curr_fullImage_815, i32 %curr_fullImage_816, i32 %curr_fullImage_817, i32 %curr_fullImage_818, i32 %curr_fullImage_819, i32 %curr_fullImage_820, i32 %curr_fullImage_821, i32 %curr_fullImage_822, i32 %curr_fullImage_823, i32 %curr_fullImage_824, i32 %curr_fullImage_825, i32 %curr_fullImage_826, i32 %curr_fullImage_827, i32 %curr_fullImage_828, i32 %curr_fullImage_829, i32 %curr_fullImage_830, i32 %curr_fullImage_831, i32 %curr_fullImage_832, i32 %curr_fullImage_833, i32 %curr_fullImage_834, i32 %curr_fullImage_835, i32 %curr_fullImage_836, i32 %curr_fullImage_837, i32 %curr_fullImage_838, i32 %curr_fullImage_839, i32 %curr_fullImage_840, i32 %curr_fullImage_841, i32 %curr_fullImage_842, i32 %curr_fullImage_843, i32 %curr_fullImage_844, i32 %curr_fullImage_845, i32 %curr_fullImage_846, i32 %curr_fullImage_847, i32 %curr_fullImage_848, i32 %curr_fullImage_849, i32 %curr_fullImage_850, i32 %curr_fullImage_851, i32 %curr_fullImage_852, i32 %curr_fullImage_853, i32 %curr_fullImage_854, i32 %curr_fullImage_855, i32 %curr_fullImage_856, i32 %curr_fullImage_857, i32 %curr_fullImage_858, i32 %curr_fullImage_859, i32 %curr_fullImage_860, i32 %curr_fullImage_861, i32 %curr_fullImage_862, i32 %curr_fullImage_863, i32 %curr_fullImage_864, i32 %curr_fullImage_865, i32 %curr_fullImage_866, i32 %curr_fullImage_867, i32 %curr_fullImage_868, i32 %curr_fullImage_869, i32 %curr_fullImage_870, i32 %curr_fullImage_871, i32 %curr_fullImage_872, i32 %curr_fullImage_873, i32 %curr_fullImage_874, i32 %curr_fullImage_875, i32 %curr_fullImage_876, i32 %curr_fullImage_877, i32 %curr_fullImage_878, i32 %curr_fullImage_879, i32 %curr_fullImage_880, i32 %curr_fullImage_881, i32 %curr_fullImage_882, i32 %curr_fullImage_883, i32 %curr_fullImage_884, i32 %curr_fullImage_885, i32 %curr_fullImage_886, i32 %curr_fullImage_887, i32 %curr_fullImage_888, i32 %curr_fullImage_889, i32 %curr_fullImage_890, i32 %curr_fullImage_891, i32 %curr_fullImage_892, i32 %curr_fullImage_893, i32 %curr_fullImage_894, i32 %curr_fullImage_895, i32 %curr_fullImage_896, i32 %curr_fullImage_897, i32 %curr_fullImage_898, i32 %curr_fullImage_899, i32 %curr_fullImage_900, i32 %curr_fullImage_901, i32 %curr_fullImage_902, i32 %curr_fullImage_903, i32 %curr_fullImage_904, i32 %curr_fullImage_905, i32 %curr_fullImage_906, i32 %curr_fullImage_907, i32 %curr_fullImage_908, i32 %curr_fullImage_909, i32 %curr_fullImage_910, i32 %curr_fullImage_911, i32 %curr_fullImage_912, i32 %curr_fullImage_913, i32 %curr_fullImage_914, i32 %curr_fullImage_915, i32 %curr_fullImage_916, i32 %curr_fullImage_917, i32 %curr_fullImage_918, i32 %curr_fullImage_919, i32 %curr_fullImage_920, i32 %curr_fullImage_921, i32 %curr_fullImage_922, i32 %curr_fullImage_923, i32 %curr_fullImage_924, i32 %curr_fullImage_925, i32 %curr_fullImage_926, i32 %curr_fullImage_927, i32 %curr_fullImage_928, i32 %curr_fullImage_929, i32 %curr_fullImage_930, i32 %curr_fullImage_931, i32 %curr_fullImage_932, i32 %curr_fullImage_933, i32 %curr_fullImage_934, i32 %curr_fullImage_935, i32 %curr_fullImage_936, i32 %curr_fullImage_937, i32 %curr_fullImage_938, i32 %curr_fullImage_939, i32 %curr_fullImage_940, i32 %curr_fullImage_941, i32 %curr_fullImage_942, i32 %curr_fullImage_943, i32 %curr_fullImage_944, i32 %curr_fullImage_945, i32 %curr_fullImage_946, i32 %curr_fullImage_947, i32 %curr_fullImage_948, i32 %curr_fullImage_949, i32 %curr_fullImage_950, i32 %curr_fullImage_951, i32 %curr_fullImage_952, i32 %curr_fullImage_953, i32 %curr_fullImage_954, i32 %curr_fullImage_955, i32 %curr_fullImage_956, i32 %curr_fullImage_957, i32 %curr_fullImage_958, i32 %curr_fullImage_959, i32 %curr_fullImage960" [../image_analysis.cpp:262]   --->   Operation 1960 'call' 'call_ret' <Predicate = true> <Delay = 1.83> <CoreType = "Generic">   --->   Generic Core

State 5 <SV = 4> <Delay = 8.27>
ST_5 : Operation 1961 [1/1] (0.00ns)   --->   "%emissions4_read = read i64 @_ssdm_op_Read.ap_auto.i64, i64 %emissions4"   --->   Operation 1961 'read' 'emissions4_read' <Predicate = true> <Delay = 0.00>
ST_5 : Operation 1962 [1/1] (0.00ns)   --->   "%idx_0_read = read i16 @_ssdm_op_Read.ap_auto.i16, i16 %idx_0"   --->   Operation 1962 'read' 'idx_0_read' <Predicate = true> <Delay = 0.00>
ST_5 : Operation 1963 [1/1] (1.08ns)   --->   "%p_loc_channel = call i64 @dataflow_in_loop_VITIS_LOOP_241_1.1_Block_newFuncRoot_proc, i16 %idx_0_read, i64 %emissions4_read" [../image_analysis.cpp:263]   --->   Operation 1963 'call' 'p_loc_channel' <Predicate = true> <Delay = 1.08> <CoreInst = "FIFO_SRL">   --->   Core 80 'FIFO_SRL' <Latency = 0> <II = 1> <Delay = 1.83> <Storage> <Opcode : 'read' 'write' 'nbread' 'nbwrite'> <Ports = 0> <Width = 64> <Depth = 2> <FIFO>
ST_5 : Operation 1964 [1/2] (6.43ns)   --->   "%call_ret = call i64 @matrix_sum_prod, i32 %curr_localImage, i32 %curr_localImage_1, i32 %curr_localImage_2, i32 %curr_localImage_3, i32 %curr_localImage_4, i32 %curr_localImage_5, i32 %curr_localImage_6, i32 %curr_localImage_7, i32 %curr_localImage_8, i32 %curr_localImage_9, i32 %curr_localImage_10, i32 %curr_localImage_11, i32 %curr_localImage_12, i32 %curr_localImage_13, i32 %curr_localImage_14, i32 %curr_localImage_15, i32 %curr_localImage_16, i32 %curr_localImage_17, i32 %curr_localImage_18, i32 %curr_localImage_19, i32 %curr_localImage_20, i32 %curr_localImage_21, i32 %curr_localImage_22, i32 %curr_localImage_23, i32 %curr_localImage_24, i32 %curr_localImage_25, i32 %curr_localImage_26, i32 %curr_localImage_27, i32 %curr_localImage_28, i32 %curr_localImage_29, i32 %curr_localImage_30, i32 %curr_localImage_31, i32 %curr_localImage_32, i32 %curr_localImage_33, i32 %curr_localImage_34, i32 %curr_localImage_35, i32 %curr_localImage_36, i32 %curr_localImage_37, i32 %curr_localImage_38, i32 %curr_localImage_39, i32 %curr_localImage_40, i32 %curr_localImage_41, i32 %curr_localImage_42, i32 %curr_localImage_43, i32 %curr_localImage_44, i32 %curr_localImage_45, i32 %curr_localImage_46, i32 %curr_localImage_47, i32 %curr_localImage_48, i32 %curr_localImage_49, i32 %curr_localImage_50, i32 %curr_localImage_51, i32 %curr_localImage_52, i32 %curr_localImage_53, i32 %curr_localImage_54, i32 %curr_localImage_55, i32 %curr_localImage_56, i32 %curr_localImage_57, i32 %curr_localImage_58, i32 %curr_localImage_59, i32 %curr_localImage_60, i32 %curr_localImage_61, i32 %curr_localImage_62, i32 %curr_localImage_63, i32 %curr_localImage_64, i32 %curr_localImage_65, i32 %curr_localImage_66, i32 %curr_localImage_67, i32 %curr_localImage_68, i32 %curr_localImage_69, i32 %curr_localImage_70, i32 %curr_localImage_71, i32 %curr_localImage_72, i32 %curr_localImage_73, i32 %curr_localImage_74, i32 %curr_localImage_75, i32 %curr_localImage_76, i32 %curr_localImage_77, i32 %curr_localImage_78, i32 %curr_localImage_79, i32 %curr_localImage_80, i32 %curr_localImage_81, i32 %curr_localImage_82, i32 %curr_localImage_83, i32 %curr_localImage_84, i32 %curr_localImage_85, i32 %curr_localImage_86, i32 %curr_localImage_87, i32 %curr_localImage_88, i32 %curr_localImage_89, i32 %curr_localImage_90, i32 %curr_localImage_91, i32 %curr_localImage_92, i32 %curr_localImage_93, i32 %curr_localImage_94, i32 %curr_localImage_95, i32 %curr_localImage_96, i32 %curr_localImage_97, i32 %curr_localImage_98, i32 %curr_localImage_99, i32 %curr_localImage_100, i32 %curr_localImage_101, i32 %curr_localImage_102, i32 %curr_localImage_103, i32 %curr_localImage_104, i32 %curr_localImage_105, i32 %curr_localImage_106, i32 %curr_localImage_107, i32 %curr_localImage_108, i32 %curr_localImage_109, i32 %curr_localImage_110, i32 %curr_localImage_111, i32 %curr_localImage_112, i32 %curr_localImage_113, i32 %curr_localImage_114, i32 %curr_localImage_115, i32 %curr_localImage_116, i32 %curr_localImage_117, i32 %curr_localImage_118, i32 %curr_localImage_119, i32 %curr_localImage_120, i32 %curr_localImage_121, i32 %curr_localImage_122, i32 %curr_localImage_123, i32 %curr_localImage_124, i32 %curr_localImage_125, i32 %curr_localImage_126, i32 %curr_localImage_127, i32 %curr_localImage_128, i32 %curr_localImage_129, i32 %curr_localImage_130, i32 %curr_localImage_131, i32 %curr_localImage_132, i32 %curr_localImage_133, i32 %curr_localImage_134, i32 %curr_localImage_135, i32 %curr_localImage_136, i32 %curr_localImage_137, i32 %curr_localImage_138, i32 %curr_localImage_139, i32 %curr_localImage_140, i32 %curr_localImage_141, i32 %curr_localImage_142, i32 %curr_localImage_143, i32 %curr_localImage_144, i32 %curr_localImage_145, i32 %curr_localImage_146, i32 %curr_localImage_147, i32 %curr_localImage_148, i32 %curr_localImage_149, i32 %curr_localImage_150, i32 %curr_localImage_151, i32 %curr_localImage_152, i32 %curr_localImage_153, i32 %curr_localImage_154, i32 %curr_localImage_155, i32 %curr_localImage_156, i32 %curr_localImage_157, i32 %curr_localImage_158, i32 %curr_localImage_159, i32 %curr_localImage_160, i32 %curr_localImage_161, i32 %curr_localImage_162, i32 %curr_localImage_163, i32 %curr_localImage_164, i32 %curr_localImage_165, i32 %curr_localImage_166, i32 %curr_localImage_167, i32 %curr_localImage_168, i32 %curr_localImage_169, i32 %curr_localImage_170, i32 %curr_localImage_171, i32 %curr_localImage_172, i32 %curr_localImage_173, i32 %curr_localImage_174, i32 %curr_localImage_175, i32 %curr_localImage_176, i32 %curr_localImage_177, i32 %curr_localImage_178, i32 %curr_localImage_179, i32 %curr_localImage_180, i32 %curr_localImage_181, i32 %curr_localImage_182, i32 %curr_localImage_183, i32 %curr_localImage_184, i32 %curr_localImage_185, i32 %curr_localImage_186, i32 %curr_localImage_187, i32 %curr_localImage_188, i32 %curr_localImage_189, i32 %curr_localImage_190, i32 %curr_localImage_191, i32 %curr_localImage_192, i32 %curr_localImage_193, i32 %curr_localImage_194, i32 %curr_localImage_195, i32 %curr_localImage_196, i32 %curr_localImage_197, i32 %curr_localImage_198, i32 %curr_localImage_199, i32 %curr_localImage_200, i32 %curr_localImage_201, i32 %curr_localImage_202, i32 %curr_localImage_203, i32 %curr_localImage_204, i32 %curr_localImage_205, i32 %curr_localImage_206, i32 %curr_localImage_207, i32 %curr_localImage_208, i32 %curr_localImage_209, i32 %curr_localImage_210, i32 %curr_localImage_211, i32 %curr_localImage_212, i32 %curr_localImage_213, i32 %curr_localImage_214, i32 %curr_localImage_215, i32 %curr_localImage_216, i32 %curr_localImage_217, i32 %curr_localImage_218, i32 %curr_localImage_219, i32 %curr_localImage_220, i32 %curr_localImage_221, i32 %curr_localImage_222, i32 %curr_localImage_223, i32 %curr_localImage_224, i32 %curr_localImage_225, i32 %curr_localImage_226, i32 %curr_localImage_227, i32 %curr_localImage_228, i32 %curr_localImage_229, i32 %curr_localImage_230, i32 %curr_localImage_231, i32 %curr_localImage_232, i32 %curr_localImage_233, i32 %curr_localImage_234, i32 %curr_localImage_235, i32 %curr_localImage_236, i32 %curr_localImage_237, i32 %curr_localImage_238, i32 %curr_localImage_239, i32 %curr_localImage_240, i32 %curr_localImage_241, i32 %curr_localImage_242, i32 %curr_localImage_243, i32 %curr_localImage_244, i32 %curr_localImage_245, i32 %curr_localImage_246, i32 %curr_localImage_247, i32 %curr_localImage_248, i32 %curr_localImage_249, i32 %curr_localImage_250, i32 %curr_localImage_251, i32 %curr_localImage_252, i32 %curr_localImage_253, i32 %curr_localImage_254, i32 %curr_localImage_255, i32 %curr_localImage_256, i32 %curr_localImage_257, i32 %curr_localImage_258, i32 %curr_localImage_259, i32 %curr_localImage_260, i32 %curr_localImage_261, i32 %curr_localImage_262, i32 %curr_localImage_263, i32 %curr_localImage_264, i32 %curr_localImage_265, i32 %curr_localImage_266, i32 %curr_localImage_267, i32 %curr_localImage_268, i32 %curr_localImage_269, i32 %curr_localImage_270, i32 %curr_localImage_271, i32 %curr_localImage_272, i32 %curr_localImage_273, i32 %curr_localImage_274, i32 %curr_localImage_275, i32 %curr_localImage_276, i32 %curr_localImage_277, i32 %curr_localImage_278, i32 %curr_localImage_279, i32 %curr_localImage_280, i32 %curr_localImage_281, i32 %curr_localImage_282, i32 %curr_localImage_283, i32 %curr_localImage_284, i32 %curr_localImage_285, i32 %curr_localImage_286, i32 %curr_localImage_287, i32 %curr_localImage_288, i32 %curr_localImage_289, i32 %curr_localImage_290, i32 %curr_localImage_291, i32 %curr_localImage_292, i32 %curr_localImage_293, i32 %curr_localImage_294, i32 %curr_localImage_295, i32 %curr_localImage_296, i32 %curr_localImage_297, i32 %curr_localImage_298, i32 %curr_localImage_299, i32 %curr_localImage_300, i32 %curr_localImage_301, i32 %curr_localImage_302, i32 %curr_localImage_303, i32 %curr_localImage_304, i32 %curr_localImage_305, i32 %curr_localImage_306, i32 %curr_localImage_307, i32 %curr_localImage_308, i32 %curr_localImage_309, i32 %curr_localImage_310, i32 %curr_localImage_311, i32 %curr_localImage_312, i32 %curr_localImage_313, i32 %curr_localImage_314, i32 %curr_localImage_315, i32 %curr_localImage_316, i32 %curr_localImage_317, i32 %curr_localImage_318, i32 %curr_localImage_319, i32 %curr_localImage_320, i32 %curr_localImage_321, i32 %curr_localImage_322, i32 %curr_localImage_323, i32 %curr_localImage_324, i32 %curr_localImage_325, i32 %curr_localImage_326, i32 %curr_localImage_327, i32 %curr_localImage_328, i32 %curr_localImage_329, i32 %curr_localImage_330, i32 %curr_localImage_331, i32 %curr_localImage_332, i32 %curr_localImage_333, i32 %curr_localImage_334, i32 %curr_localImage_335, i32 %curr_localImage_336, i32 %curr_localImage_337, i32 %curr_localImage_338, i32 %curr_localImage_339, i32 %curr_localImage_340, i32 %curr_localImage_341, i32 %curr_localImage_342, i32 %curr_localImage_343, i32 %curr_localImage_344, i32 %curr_localImage_345, i32 %curr_localImage_346, i32 %curr_localImage_347, i32 %curr_localImage_348, i32 %curr_localImage_349, i32 %curr_localImage_350, i32 %curr_localImage_351, i32 %curr_localImage_352, i32 %curr_localImage_353, i32 %curr_localImage_354, i32 %curr_localImage_355, i32 %curr_localImage_356, i32 %curr_localImage_357, i32 %curr_localImage_358, i32 %curr_localImage_359, i32 %curr_localImage_360, i32 %curr_localImage_361, i32 %curr_localImage_362, i32 %curr_localImage_363, i32 %curr_localImage_364, i32 %curr_localImage_365, i32 %curr_localImage_366, i32 %curr_localImage_367, i32 %curr_localImage_368, i32 %curr_localImage_369, i32 %curr_localImage_370, i32 %curr_localImage_371, i32 %curr_localImage_372, i32 %curr_localImage_373, i32 %curr_localImage_374, i32 %curr_localImage_375, i32 %curr_localImage_376, i32 %curr_localImage_377, i32 %curr_localImage_378, i32 %curr_localImage_379, i32 %curr_localImage_380, i32 %curr_localImage_381, i32 %curr_localImage_382, i32 %curr_localImage_383, i32 %curr_localImage_384, i32 %curr_localImage_385, i32 %curr_localImage_386, i32 %curr_localImage_387, i32 %curr_localImage_388, i32 %curr_localImage_389, i32 %curr_localImage_390, i32 %curr_localImage_391, i32 %curr_localImage_392, i32 %curr_localImage_393, i32 %curr_localImage_394, i32 %curr_localImage_395, i32 %curr_localImage_396, i32 %curr_localImage_397, i32 %curr_localImage_398, i32 %curr_localImage_399, i32 %curr_localImage_400, i32 %curr_localImage_401, i32 %curr_localImage_402, i32 %curr_localImage_403, i32 %curr_localImage_404, i32 %curr_localImage_405, i32 %curr_localImage_406, i32 %curr_localImage_407, i32 %curr_localImage_408, i32 %curr_localImage_409, i32 %curr_localImage_410, i32 %curr_localImage_411, i32 %curr_localImage_412, i32 %curr_localImage_413, i32 %curr_localImage_414, i32 %curr_localImage_415, i32 %curr_localImage_416, i32 %curr_localImage_417, i32 %curr_localImage_418, i32 %curr_localImage_419, i32 %curr_localImage_420, i32 %curr_localImage_421, i32 %curr_localImage_422, i32 %curr_localImage_423, i32 %curr_localImage_424, i32 %curr_localImage_425, i32 %curr_localImage_426, i32 %curr_localImage_427, i32 %curr_localImage_428, i32 %curr_localImage_429, i32 %curr_localImage_430, i32 %curr_localImage_431, i32 %curr_localImage_432, i32 %curr_localImage_433, i32 %curr_localImage_434, i32 %curr_localImage_435, i32 %curr_localImage_436, i32 %curr_localImage_437, i32 %curr_localImage_438, i32 %curr_localImage_439, i32 %curr_localImage_440, i32 %curr_localImage_441, i32 %curr_localImage_442, i32 %curr_localImage_443, i32 %curr_localImage_444, i32 %curr_localImage_445, i32 %curr_localImage_446, i32 %curr_localImage_447, i32 %curr_localImage_448, i32 %curr_localImage_449, i32 %curr_localImage_450, i32 %curr_localImage_451, i32 %curr_localImage_452, i32 %curr_localImage_453, i32 %curr_localImage_454, i32 %curr_localImage_455, i32 %curr_localImage_456, i32 %curr_localImage_457, i32 %curr_localImage_458, i32 %curr_localImage_459, i32 %curr_localImage_460, i32 %curr_localImage_461, i32 %curr_localImage_462, i32 %curr_localImage_463, i32 %curr_localImage_464, i32 %curr_localImage_465, i32 %curr_localImage_466, i32 %curr_localImage_467, i32 %curr_localImage_468, i32 %curr_localImage_469, i32 %curr_localImage_470, i32 %curr_localImage_471, i32 %curr_localImage_472, i32 %curr_localImage_473, i32 %curr_localImage_474, i32 %curr_localImage_475, i32 %curr_localImage_476, i32 %curr_localImage_477, i32 %curr_localImage_478, i32 %curr_localImage_479, i32 %curr_localImage_480, i32 %curr_localImage_481, i32 %curr_localImage_482, i32 %curr_localImage_483, i32 %curr_localImage_484, i32 %curr_localImage_485, i32 %curr_localImage_486, i32 %curr_localImage_487, i32 %curr_localImage_488, i32 %curr_localImage_489, i32 %curr_localImage_490, i32 %curr_localImage_491, i32 %curr_localImage_492, i32 %curr_localImage_493, i32 %curr_localImage_494, i32 %curr_localImage_495, i32 %curr_localImage_496, i32 %curr_localImage_497, i32 %curr_localImage_498, i32 %curr_localImage_499, i32 %curr_localImage_500, i32 %curr_localImage_501, i32 %curr_localImage_502, i32 %curr_localImage_503, i32 %curr_localImage_504, i32 %curr_localImage_505, i32 %curr_localImage_506, i32 %curr_localImage_507, i32 %curr_localImage_508, i32 %curr_localImage_509, i32 %curr_localImage_510, i32 %curr_localImage_511, i32 %curr_localImage_512, i32 %curr_localImage_513, i32 %curr_localImage_514, i32 %curr_localImage_515, i32 %curr_localImage_516, i32 %curr_localImage_517, i32 %curr_localImage_518, i32 %curr_localImage_519, i32 %curr_localImage_520, i32 %curr_localImage_521, i32 %curr_localImage_522, i32 %curr_localImage_523, i32 %curr_localImage_524, i32 %curr_localImage_525, i32 %curr_localImage_526, i32 %curr_localImage_527, i32 %curr_localImage_528, i32 %curr_localImage_529, i32 %curr_localImage_530, i32 %curr_localImage_531, i32 %curr_localImage_532, i32 %curr_localImage_533, i32 %curr_localImage_534, i32 %curr_localImage_535, i32 %curr_localImage_536, i32 %curr_localImage_537, i32 %curr_localImage_538, i32 %curr_localImage_539, i32 %curr_localImage_540, i32 %curr_localImage_541, i32 %curr_localImage_542, i32 %curr_localImage_543, i32 %curr_localImage_544, i32 %curr_localImage_545, i32 %curr_localImage_546, i32 %curr_localImage_547, i32 %curr_localImage_548, i32 %curr_localImage_549, i32 %curr_localImage_550, i32 %curr_localImage_551, i32 %curr_localImage_552, i32 %curr_localImage_553, i32 %curr_localImage_554, i32 %curr_localImage_555, i32 %curr_localImage_556, i32 %curr_localImage_557, i32 %curr_localImage_558, i32 %curr_localImage_559, i32 %curr_localImage_560, i32 %curr_localImage_561, i32 %curr_localImage_562, i32 %curr_localImage_563, i32 %curr_localImage_564, i32 %curr_localImage_565, i32 %curr_localImage_566, i32 %curr_localImage_567, i32 %curr_localImage_568, i32 %curr_localImage_569, i32 %curr_localImage_570, i32 %curr_localImage_571, i32 %curr_localImage_572, i32 %curr_localImage_573, i32 %curr_localImage_574, i32 %curr_localImage_575, i32 %curr_localImage_576, i32 %curr_localImage_577, i32 %curr_localImage_578, i32 %curr_localImage_579, i32 %curr_localImage_580, i32 %curr_localImage_581, i32 %curr_localImage_582, i32 %curr_localImage_583, i32 %curr_localImage_584, i32 %curr_localImage_585, i32 %curr_localImage_586, i32 %curr_localImage_587, i32 %curr_localImage_588, i32 %curr_localImage_589, i32 %curr_localImage_590, i32 %curr_localImage_591, i32 %curr_localImage_592, i32 %curr_localImage_593, i32 %curr_localImage_594, i32 %curr_localImage_595, i32 %curr_localImage_596, i32 %curr_localImage_597, i32 %curr_localImage_598, i32 %curr_localImage_599, i32 %curr_localImage_600, i32 %curr_localImage_601, i32 %curr_localImage_602, i32 %curr_localImage_603, i32 %curr_localImage_604, i32 %curr_localImage_605, i32 %curr_localImage_606, i32 %curr_localImage_607, i32 %curr_localImage_608, i32 %curr_localImage_609, i32 %curr_localImage_610, i32 %curr_localImage_611, i32 %curr_localImage_612, i32 %curr_localImage_613, i32 %curr_localImage_614, i32 %curr_localImage_615, i32 %curr_localImage_616, i32 %curr_localImage_617, i32 %curr_localImage_618, i32 %curr_localImage_619, i32 %curr_localImage_620, i32 %curr_localImage_621, i32 %curr_localImage_622, i32 %curr_localImage_623, i32 %curr_localImage_624, i32 %curr_localImage_625, i32 %curr_localImage_626, i32 %curr_localImage_627, i32 %curr_localImage_628, i32 %curr_localImage_629, i32 %curr_localImage_630, i32 %curr_localImage_631, i32 %curr_localImage_632, i32 %curr_localImage_633, i32 %curr_localImage_634, i32 %curr_localImage_635, i32 %curr_localImage_636, i32 %curr_localImage_637, i32 %curr_localImage_638, i32 %curr_localImage_639, i32 %curr_localImage_640, i32 %curr_localImage_641, i32 %curr_localImage_642, i32 %curr_localImage_643, i32 %curr_localImage_644, i32 %curr_localImage_645, i32 %curr_localImage_646, i32 %curr_localImage_647, i32 %curr_localImage_648, i32 %curr_localImage_649, i32 %curr_localImage_650, i32 %curr_localImage_651, i32 %curr_localImage_652, i32 %curr_localImage_653, i32 %curr_localImage_654, i32 %curr_localImage_655, i32 %curr_localImage_656, i32 %curr_localImage_657, i32 %curr_localImage_658, i32 %curr_localImage_659, i32 %curr_localImage_660, i32 %curr_localImage_661, i32 %curr_localImage_662, i32 %curr_localImage_663, i32 %curr_localImage_664, i32 %curr_localImage_665, i32 %curr_localImage_666, i32 %curr_localImage_667, i32 %curr_localImage_668, i32 %curr_localImage_669, i32 %curr_localImage_670, i32 %curr_localImage_671, i32 %curr_localImage_672, i32 %curr_localImage_673, i32 %curr_localImage_674, i32 %curr_localImage_675, i32 %curr_localImage_676, i32 %curr_localImage_677, i32 %curr_localImage_678, i32 %curr_localImage_679, i32 %curr_localImage_680, i32 %curr_localImage_681, i32 %curr_localImage_682, i32 %curr_localImage_683, i32 %curr_localImage_684, i32 %curr_localImage_685, i32 %curr_localImage_686, i32 %curr_localImage_687, i32 %curr_localImage_688, i32 %curr_localImage_689, i32 %curr_localImage_690, i32 %curr_localImage_691, i32 %curr_localImage_692, i32 %curr_localImage_693, i32 %curr_localImage_694, i32 %curr_localImage_695, i32 %curr_localImage_696, i32 %curr_localImage_697, i32 %curr_localImage_698, i32 %curr_localImage_699, i32 %curr_localImage_700, i32 %curr_localImage_701, i32 %curr_localImage_702, i32 %curr_localImage_703, i32 %curr_localImage_704, i32 %curr_localImage_705, i32 %curr_localImage_706, i32 %curr_localImage_707, i32 %curr_localImage_708, i32 %curr_localImage_709, i32 %curr_localImage_710, i32 %curr_localImage_711, i32 %curr_localImage_712, i32 %curr_localImage_713, i32 %curr_localImage_714, i32 %curr_localImage_715, i32 %curr_localImage_716, i32 %curr_localImage_717, i32 %curr_localImage_718, i32 %curr_localImage_719, i32 %curr_localImage_720, i32 %curr_localImage_721, i32 %curr_localImage_722, i32 %curr_localImage_723, i32 %curr_localImage_724, i32 %curr_localImage_725, i32 %curr_localImage_726, i32 %curr_localImage_727, i32 %curr_localImage_728, i32 %curr_localImage_729, i32 %curr_localImage_730, i32 %curr_localImage_731, i32 %curr_localImage_732, i32 %curr_localImage_733, i32 %curr_localImage_734, i32 %curr_localImage_735, i32 %curr_localImage_736, i32 %curr_localImage_737, i32 %curr_localImage_738, i32 %curr_localImage_739, i32 %curr_localImage_740, i32 %curr_localImage_741, i32 %curr_localImage_742, i32 %curr_localImage_743, i32 %curr_localImage_744, i32 %curr_localImage_745, i32 %curr_localImage_746, i32 %curr_localImage_747, i32 %curr_localImage_748, i32 %curr_localImage_749, i32 %curr_localImage_750, i32 %curr_localImage_751, i32 %curr_localImage_752, i32 %curr_localImage_753, i32 %curr_localImage_754, i32 %curr_localImage_755, i32 %curr_localImage_756, i32 %curr_localImage_757, i32 %curr_localImage_758, i32 %curr_localImage_759, i32 %curr_localImage_760, i32 %curr_localImage_761, i32 %curr_localImage_762, i32 %curr_localImage_763, i32 %curr_localImage_764, i32 %curr_localImage_765, i32 %curr_localImage_766, i32 %curr_localImage_767, i32 %curr_localImage_768, i32 %curr_localImage_769, i32 %curr_localImage_770, i32 %curr_localImage_771, i32 %curr_localImage_772, i32 %curr_localImage_773, i32 %curr_localImage_774, i32 %curr_localImage_775, i32 %curr_localImage_776, i32 %curr_localImage_777, i32 %curr_localImage_778, i32 %curr_localImage_779, i32 %curr_localImage_780, i32 %curr_localImage_781, i32 %curr_localImage_782, i32 %curr_localImage_783, i32 %curr_localImage_784, i32 %curr_localImage_785, i32 %curr_localImage_786, i32 %curr_localImage_787, i32 %curr_localImage_788, i32 %curr_localImage_789, i32 %curr_localImage_790, i32 %curr_localImage_791, i32 %curr_localImage_792, i32 %curr_localImage_793, i32 %curr_localImage_794, i32 %curr_localImage_795, i32 %curr_localImage_796, i32 %curr_localImage_797, i32 %curr_localImage_798, i32 %curr_localImage_799, i32 %curr_localImage_800, i32 %curr_localImage_801, i32 %curr_localImage_802, i32 %curr_localImage_803, i32 %curr_localImage_804, i32 %curr_localImage_805, i32 %curr_localImage_806, i32 %curr_localImage_807, i32 %curr_localImage_808, i32 %curr_localImage_809, i32 %curr_localImage_810, i32 %curr_localImage_811, i32 %curr_localImage_812, i32 %curr_localImage_813, i32 %curr_localImage_814, i32 %curr_localImage_815, i32 %curr_localImage_816, i32 %curr_localImage_817, i32 %curr_localImage_818, i32 %curr_localImage_819, i32 %curr_localImage_820, i32 %curr_localImage_821, i32 %curr_localImage_822, i32 %curr_localImage_823, i32 %curr_localImage_824, i32 %curr_localImage_825, i32 %curr_localImage_826, i32 %curr_localImage_827, i32 %curr_localImage_828, i32 %curr_localImage_829, i32 %curr_localImage_830, i32 %curr_localImage_831, i32 %curr_localImage_832, i32 %curr_localImage_833, i32 %curr_localImage_834, i32 %curr_localImage_835, i32 %curr_localImage_836, i32 %curr_localImage_837, i32 %curr_localImage_838, i32 %curr_localImage_839, i32 %curr_localImage_840, i32 %curr_localImage_841, i32 %curr_localImage_842, i32 %curr_localImage_843, i32 %curr_localImage_844, i32 %curr_localImage_845, i32 %curr_localImage_846, i32 %curr_localImage_847, i32 %curr_localImage_848, i32 %curr_localImage_849, i32 %curr_localImage_850, i32 %curr_localImage_851, i32 %curr_localImage_852, i32 %curr_localImage_853, i32 %curr_localImage_854, i32 %curr_localImage_855, i32 %curr_localImage_856, i32 %curr_localImage_857, i32 %curr_localImage_858, i32 %curr_localImage_859, i32 %curr_localImage_860, i32 %curr_localImage_861, i32 %curr_localImage_862, i32 %curr_localImage_863, i32 %curr_localImage_864, i32 %curr_localImage_865, i32 %curr_localImage_866, i32 %curr_localImage_867, i32 %curr_localImage_868, i32 %curr_localImage_869, i32 %curr_localImage_870, i32 %curr_localImage_871, i32 %curr_localImage_872, i32 %curr_localImage_873, i32 %curr_localImage_874, i32 %curr_localImage_875, i32 %curr_localImage_876, i32 %curr_localImage_877, i32 %curr_localImage_878, i32 %curr_localImage_879, i32 %curr_localImage_880, i32 %curr_localImage_881, i32 %curr_localImage_882, i32 %curr_localImage_883, i32 %curr_localImage_884, i32 %curr_localImage_885, i32 %curr_localImage_886, i32 %curr_localImage_887, i32 %curr_localImage_888, i32 %curr_localImage_889, i32 %curr_localImage_890, i32 %curr_localImage_891, i32 %curr_localImage_892, i32 %curr_localImage_893, i32 %curr_localImage_894, i32 %curr_localImage_895, i32 %curr_localImage_896, i32 %curr_localImage_897, i32 %curr_localImage_898, i32 %curr_localImage_899, i32 %curr_localImage_900, i32 %curr_localImage_901, i32 %curr_localImage_902, i32 %curr_localImage_903, i32 %curr_localImage_904, i32 %curr_localImage_905, i32 %curr_localImage_906, i32 %curr_localImage_907, i32 %curr_localImage_908, i32 %curr_localImage_909, i32 %curr_localImage_910, i32 %curr_localImage_911, i32 %curr_localImage_912, i32 %curr_localImage_913, i32 %curr_localImage_914, i32 %curr_localImage_915, i32 %curr_localImage_916, i32 %curr_localImage_917, i32 %curr_localImage_918, i32 %curr_localImage_919, i32 %curr_localImage_920, i32 %curr_localImage_921, i32 %curr_localImage_922, i32 %curr_localImage_923, i32 %curr_localImage_924, i32 %curr_localImage_925, i32 %curr_localImage_926, i32 %curr_localImage_927, i32 %curr_localImage_928, i32 %curr_localImage_929, i32 %curr_localImage_930, i32 %curr_localImage_931, i32 %curr_localImage_932, i32 %curr_localImage_933, i32 %curr_localImage_934, i32 %curr_localImage_935, i32 %curr_localImage_936, i32 %curr_localImage_937, i32 %curr_localImage_938, i32 %curr_localImage_939, i32 %curr_localImage_940, i32 %curr_localImage_941, i32 %curr_localImage_942, i32 %curr_localImage_943, i32 %curr_localImage_944, i32 %curr_localImage_945, i32 %curr_localImage_946, i32 %curr_localImage_947, i32 %curr_localImage_948, i32 %curr_localImage_949, i32 %curr_localImage_950, i32 %curr_localImage_951, i32 %curr_localImage_952, i32 %curr_localImage_953, i32 %curr_localImage_954, i32 %curr_localImage_955, i32 %curr_localImage_956, i32 %curr_localImage_957, i32 %curr_localImage_958, i32 %curr_localImage_959, i32 %curr_localImage960, i32 %curr_fullImage, i32 %curr_fullImage_1, i32 %curr_fullImage_2, i32 %curr_fullImage_3, i32 %curr_fullImage_4, i32 %curr_fullImage_5, i32 %curr_fullImage_6, i32 %curr_fullImage_7, i32 %curr_fullImage_8, i32 %curr_fullImage_9, i32 %curr_fullImage_10, i32 %curr_fullImage_11, i32 %curr_fullImage_12, i32 %curr_fullImage_13, i32 %curr_fullImage_14, i32 %curr_fullImage_15, i32 %curr_fullImage_16, i32 %curr_fullImage_17, i32 %curr_fullImage_18, i32 %curr_fullImage_19, i32 %curr_fullImage_20, i32 %curr_fullImage_21, i32 %curr_fullImage_22, i32 %curr_fullImage_23, i32 %curr_fullImage_24, i32 %curr_fullImage_25, i32 %curr_fullImage_26, i32 %curr_fullImage_27, i32 %curr_fullImage_28, i32 %curr_fullImage_29, i32 %curr_fullImage_30, i32 %curr_fullImage_31, i32 %curr_fullImage_32, i32 %curr_fullImage_33, i32 %curr_fullImage_34, i32 %curr_fullImage_35, i32 %curr_fullImage_36, i32 %curr_fullImage_37, i32 %curr_fullImage_38, i32 %curr_fullImage_39, i32 %curr_fullImage_40, i32 %curr_fullImage_41, i32 %curr_fullImage_42, i32 %curr_fullImage_43, i32 %curr_fullImage_44, i32 %curr_fullImage_45, i32 %curr_fullImage_46, i32 %curr_fullImage_47, i32 %curr_fullImage_48, i32 %curr_fullImage_49, i32 %curr_fullImage_50, i32 %curr_fullImage_51, i32 %curr_fullImage_52, i32 %curr_fullImage_53, i32 %curr_fullImage_54, i32 %curr_fullImage_55, i32 %curr_fullImage_56, i32 %curr_fullImage_57, i32 %curr_fullImage_58, i32 %curr_fullImage_59, i32 %curr_fullImage_60, i32 %curr_fullImage_61, i32 %curr_fullImage_62, i32 %curr_fullImage_63, i32 %curr_fullImage_64, i32 %curr_fullImage_65, i32 %curr_fullImage_66, i32 %curr_fullImage_67, i32 %curr_fullImage_68, i32 %curr_fullImage_69, i32 %curr_fullImage_70, i32 %curr_fullImage_71, i32 %curr_fullImage_72, i32 %curr_fullImage_73, i32 %curr_fullImage_74, i32 %curr_fullImage_75, i32 %curr_fullImage_76, i32 %curr_fullImage_77, i32 %curr_fullImage_78, i32 %curr_fullImage_79, i32 %curr_fullImage_80, i32 %curr_fullImage_81, i32 %curr_fullImage_82, i32 %curr_fullImage_83, i32 %curr_fullImage_84, i32 %curr_fullImage_85, i32 %curr_fullImage_86, i32 %curr_fullImage_87, i32 %curr_fullImage_88, i32 %curr_fullImage_89, i32 %curr_fullImage_90, i32 %curr_fullImage_91, i32 %curr_fullImage_92, i32 %curr_fullImage_93, i32 %curr_fullImage_94, i32 %curr_fullImage_95, i32 %curr_fullImage_96, i32 %curr_fullImage_97, i32 %curr_fullImage_98, i32 %curr_fullImage_99, i32 %curr_fullImage_100, i32 %curr_fullImage_101, i32 %curr_fullImage_102, i32 %curr_fullImage_103, i32 %curr_fullImage_104, i32 %curr_fullImage_105, i32 %curr_fullImage_106, i32 %curr_fullImage_107, i32 %curr_fullImage_108, i32 %curr_fullImage_109, i32 %curr_fullImage_110, i32 %curr_fullImage_111, i32 %curr_fullImage_112, i32 %curr_fullImage_113, i32 %curr_fullImage_114, i32 %curr_fullImage_115, i32 %curr_fullImage_116, i32 %curr_fullImage_117, i32 %curr_fullImage_118, i32 %curr_fullImage_119, i32 %curr_fullImage_120, i32 %curr_fullImage_121, i32 %curr_fullImage_122, i32 %curr_fullImage_123, i32 %curr_fullImage_124, i32 %curr_fullImage_125, i32 %curr_fullImage_126, i32 %curr_fullImage_127, i32 %curr_fullImage_128, i32 %curr_fullImage_129, i32 %curr_fullImage_130, i32 %curr_fullImage_131, i32 %curr_fullImage_132, i32 %curr_fullImage_133, i32 %curr_fullImage_134, i32 %curr_fullImage_135, i32 %curr_fullImage_136, i32 %curr_fullImage_137, i32 %curr_fullImage_138, i32 %curr_fullImage_139, i32 %curr_fullImage_140, i32 %curr_fullImage_141, i32 %curr_fullImage_142, i32 %curr_fullImage_143, i32 %curr_fullImage_144, i32 %curr_fullImage_145, i32 %curr_fullImage_146, i32 %curr_fullImage_147, i32 %curr_fullImage_148, i32 %curr_fullImage_149, i32 %curr_fullImage_150, i32 %curr_fullImage_151, i32 %curr_fullImage_152, i32 %curr_fullImage_153, i32 %curr_fullImage_154, i32 %curr_fullImage_155, i32 %curr_fullImage_156, i32 %curr_fullImage_157, i32 %curr_fullImage_158, i32 %curr_fullImage_159, i32 %curr_fullImage_160, i32 %curr_fullImage_161, i32 %curr_fullImage_162, i32 %curr_fullImage_163, i32 %curr_fullImage_164, i32 %curr_fullImage_165, i32 %curr_fullImage_166, i32 %curr_fullImage_167, i32 %curr_fullImage_168, i32 %curr_fullImage_169, i32 %curr_fullImage_170, i32 %curr_fullImage_171, i32 %curr_fullImage_172, i32 %curr_fullImage_173, i32 %curr_fullImage_174, i32 %curr_fullImage_175, i32 %curr_fullImage_176, i32 %curr_fullImage_177, i32 %curr_fullImage_178, i32 %curr_fullImage_179, i32 %curr_fullImage_180, i32 %curr_fullImage_181, i32 %curr_fullImage_182, i32 %curr_fullImage_183, i32 %curr_fullImage_184, i32 %curr_fullImage_185, i32 %curr_fullImage_186, i32 %curr_fullImage_187, i32 %curr_fullImage_188, i32 %curr_fullImage_189, i32 %curr_fullImage_190, i32 %curr_fullImage_191, i32 %curr_fullImage_192, i32 %curr_fullImage_193, i32 %curr_fullImage_194, i32 %curr_fullImage_195, i32 %curr_fullImage_196, i32 %curr_fullImage_197, i32 %curr_fullImage_198, i32 %curr_fullImage_199, i32 %curr_fullImage_200, i32 %curr_fullImage_201, i32 %curr_fullImage_202, i32 %curr_fullImage_203, i32 %curr_fullImage_204, i32 %curr_fullImage_205, i32 %curr_fullImage_206, i32 %curr_fullImage_207, i32 %curr_fullImage_208, i32 %curr_fullImage_209, i32 %curr_fullImage_210, i32 %curr_fullImage_211, i32 %curr_fullImage_212, i32 %curr_fullImage_213, i32 %curr_fullImage_214, i32 %curr_fullImage_215, i32 %curr_fullImage_216, i32 %curr_fullImage_217, i32 %curr_fullImage_218, i32 %curr_fullImage_219, i32 %curr_fullImage_220, i32 %curr_fullImage_221, i32 %curr_fullImage_222, i32 %curr_fullImage_223, i32 %curr_fullImage_224, i32 %curr_fullImage_225, i32 %curr_fullImage_226, i32 %curr_fullImage_227, i32 %curr_fullImage_228, i32 %curr_fullImage_229, i32 %curr_fullImage_230, i32 %curr_fullImage_231, i32 %curr_fullImage_232, i32 %curr_fullImage_233, i32 %curr_fullImage_234, i32 %curr_fullImage_235, i32 %curr_fullImage_236, i32 %curr_fullImage_237, i32 %curr_fullImage_238, i32 %curr_fullImage_239, i32 %curr_fullImage_240, i32 %curr_fullImage_241, i32 %curr_fullImage_242, i32 %curr_fullImage_243, i32 %curr_fullImage_244, i32 %curr_fullImage_245, i32 %curr_fullImage_246, i32 %curr_fullImage_247, i32 %curr_fullImage_248, i32 %curr_fullImage_249, i32 %curr_fullImage_250, i32 %curr_fullImage_251, i32 %curr_fullImage_252, i32 %curr_fullImage_253, i32 %curr_fullImage_254, i32 %curr_fullImage_255, i32 %curr_fullImage_256, i32 %curr_fullImage_257, i32 %curr_fullImage_258, i32 %curr_fullImage_259, i32 %curr_fullImage_260, i32 %curr_fullImage_261, i32 %curr_fullImage_262, i32 %curr_fullImage_263, i32 %curr_fullImage_264, i32 %curr_fullImage_265, i32 %curr_fullImage_266, i32 %curr_fullImage_267, i32 %curr_fullImage_268, i32 %curr_fullImage_269, i32 %curr_fullImage_270, i32 %curr_fullImage_271, i32 %curr_fullImage_272, i32 %curr_fullImage_273, i32 %curr_fullImage_274, i32 %curr_fullImage_275, i32 %curr_fullImage_276, i32 %curr_fullImage_277, i32 %curr_fullImage_278, i32 %curr_fullImage_279, i32 %curr_fullImage_280, i32 %curr_fullImage_281, i32 %curr_fullImage_282, i32 %curr_fullImage_283, i32 %curr_fullImage_284, i32 %curr_fullImage_285, i32 %curr_fullImage_286, i32 %curr_fullImage_287, i32 %curr_fullImage_288, i32 %curr_fullImage_289, i32 %curr_fullImage_290, i32 %curr_fullImage_291, i32 %curr_fullImage_292, i32 %curr_fullImage_293, i32 %curr_fullImage_294, i32 %curr_fullImage_295, i32 %curr_fullImage_296, i32 %curr_fullImage_297, i32 %curr_fullImage_298, i32 %curr_fullImage_299, i32 %curr_fullImage_300, i32 %curr_fullImage_301, i32 %curr_fullImage_302, i32 %curr_fullImage_303, i32 %curr_fullImage_304, i32 %curr_fullImage_305, i32 %curr_fullImage_306, i32 %curr_fullImage_307, i32 %curr_fullImage_308, i32 %curr_fullImage_309, i32 %curr_fullImage_310, i32 %curr_fullImage_311, i32 %curr_fullImage_312, i32 %curr_fullImage_313, i32 %curr_fullImage_314, i32 %curr_fullImage_315, i32 %curr_fullImage_316, i32 %curr_fullImage_317, i32 %curr_fullImage_318, i32 %curr_fullImage_319, i32 %curr_fullImage_320, i32 %curr_fullImage_321, i32 %curr_fullImage_322, i32 %curr_fullImage_323, i32 %curr_fullImage_324, i32 %curr_fullImage_325, i32 %curr_fullImage_326, i32 %curr_fullImage_327, i32 %curr_fullImage_328, i32 %curr_fullImage_329, i32 %curr_fullImage_330, i32 %curr_fullImage_331, i32 %curr_fullImage_332, i32 %curr_fullImage_333, i32 %curr_fullImage_334, i32 %curr_fullImage_335, i32 %curr_fullImage_336, i32 %curr_fullImage_337, i32 %curr_fullImage_338, i32 %curr_fullImage_339, i32 %curr_fullImage_340, i32 %curr_fullImage_341, i32 %curr_fullImage_342, i32 %curr_fullImage_343, i32 %curr_fullImage_344, i32 %curr_fullImage_345, i32 %curr_fullImage_346, i32 %curr_fullImage_347, i32 %curr_fullImage_348, i32 %curr_fullImage_349, i32 %curr_fullImage_350, i32 %curr_fullImage_351, i32 %curr_fullImage_352, i32 %curr_fullImage_353, i32 %curr_fullImage_354, i32 %curr_fullImage_355, i32 %curr_fullImage_356, i32 %curr_fullImage_357, i32 %curr_fullImage_358, i32 %curr_fullImage_359, i32 %curr_fullImage_360, i32 %curr_fullImage_361, i32 %curr_fullImage_362, i32 %curr_fullImage_363, i32 %curr_fullImage_364, i32 %curr_fullImage_365, i32 %curr_fullImage_366, i32 %curr_fullImage_367, i32 %curr_fullImage_368, i32 %curr_fullImage_369, i32 %curr_fullImage_370, i32 %curr_fullImage_371, i32 %curr_fullImage_372, i32 %curr_fullImage_373, i32 %curr_fullImage_374, i32 %curr_fullImage_375, i32 %curr_fullImage_376, i32 %curr_fullImage_377, i32 %curr_fullImage_378, i32 %curr_fullImage_379, i32 %curr_fullImage_380, i32 %curr_fullImage_381, i32 %curr_fullImage_382, i32 %curr_fullImage_383, i32 %curr_fullImage_384, i32 %curr_fullImage_385, i32 %curr_fullImage_386, i32 %curr_fullImage_387, i32 %curr_fullImage_388, i32 %curr_fullImage_389, i32 %curr_fullImage_390, i32 %curr_fullImage_391, i32 %curr_fullImage_392, i32 %curr_fullImage_393, i32 %curr_fullImage_394, i32 %curr_fullImage_395, i32 %curr_fullImage_396, i32 %curr_fullImage_397, i32 %curr_fullImage_398, i32 %curr_fullImage_399, i32 %curr_fullImage_400, i32 %curr_fullImage_401, i32 %curr_fullImage_402, i32 %curr_fullImage_403, i32 %curr_fullImage_404, i32 %curr_fullImage_405, i32 %curr_fullImage_406, i32 %curr_fullImage_407, i32 %curr_fullImage_408, i32 %curr_fullImage_409, i32 %curr_fullImage_410, i32 %curr_fullImage_411, i32 %curr_fullImage_412, i32 %curr_fullImage_413, i32 %curr_fullImage_414, i32 %curr_fullImage_415, i32 %curr_fullImage_416, i32 %curr_fullImage_417, i32 %curr_fullImage_418, i32 %curr_fullImage_419, i32 %curr_fullImage_420, i32 %curr_fullImage_421, i32 %curr_fullImage_422, i32 %curr_fullImage_423, i32 %curr_fullImage_424, i32 %curr_fullImage_425, i32 %curr_fullImage_426, i32 %curr_fullImage_427, i32 %curr_fullImage_428, i32 %curr_fullImage_429, i32 %curr_fullImage_430, i32 %curr_fullImage_431, i32 %curr_fullImage_432, i32 %curr_fullImage_433, i32 %curr_fullImage_434, i32 %curr_fullImage_435, i32 %curr_fullImage_436, i32 %curr_fullImage_437, i32 %curr_fullImage_438, i32 %curr_fullImage_439, i32 %curr_fullImage_440, i32 %curr_fullImage_441, i32 %curr_fullImage_442, i32 %curr_fullImage_443, i32 %curr_fullImage_444, i32 %curr_fullImage_445, i32 %curr_fullImage_446, i32 %curr_fullImage_447, i32 %curr_fullImage_448, i32 %curr_fullImage_449, i32 %curr_fullImage_450, i32 %curr_fullImage_451, i32 %curr_fullImage_452, i32 %curr_fullImage_453, i32 %curr_fullImage_454, i32 %curr_fullImage_455, i32 %curr_fullImage_456, i32 %curr_fullImage_457, i32 %curr_fullImage_458, i32 %curr_fullImage_459, i32 %curr_fullImage_460, i32 %curr_fullImage_461, i32 %curr_fullImage_462, i32 %curr_fullImage_463, i32 %curr_fullImage_464, i32 %curr_fullImage_465, i32 %curr_fullImage_466, i32 %curr_fullImage_467, i32 %curr_fullImage_468, i32 %curr_fullImage_469, i32 %curr_fullImage_470, i32 %curr_fullImage_471, i32 %curr_fullImage_472, i32 %curr_fullImage_473, i32 %curr_fullImage_474, i32 %curr_fullImage_475, i32 %curr_fullImage_476, i32 %curr_fullImage_477, i32 %curr_fullImage_478, i32 %curr_fullImage_479, i32 %curr_fullImage_480, i32 %curr_fullImage_481, i32 %curr_fullImage_482, i32 %curr_fullImage_483, i32 %curr_fullImage_484, i32 %curr_fullImage_485, i32 %curr_fullImage_486, i32 %curr_fullImage_487, i32 %curr_fullImage_488, i32 %curr_fullImage_489, i32 %curr_fullImage_490, i32 %curr_fullImage_491, i32 %curr_fullImage_492, i32 %curr_fullImage_493, i32 %curr_fullImage_494, i32 %curr_fullImage_495, i32 %curr_fullImage_496, i32 %curr_fullImage_497, i32 %curr_fullImage_498, i32 %curr_fullImage_499, i32 %curr_fullImage_500, i32 %curr_fullImage_501, i32 %curr_fullImage_502, i32 %curr_fullImage_503, i32 %curr_fullImage_504, i32 %curr_fullImage_505, i32 %curr_fullImage_506, i32 %curr_fullImage_507, i32 %curr_fullImage_508, i32 %curr_fullImage_509, i32 %curr_fullImage_510, i32 %curr_fullImage_511, i32 %curr_fullImage_512, i32 %curr_fullImage_513, i32 %curr_fullImage_514, i32 %curr_fullImage_515, i32 %curr_fullImage_516, i32 %curr_fullImage_517, i32 %curr_fullImage_518, i32 %curr_fullImage_519, i32 %curr_fullImage_520, i32 %curr_fullImage_521, i32 %curr_fullImage_522, i32 %curr_fullImage_523, i32 %curr_fullImage_524, i32 %curr_fullImage_525, i32 %curr_fullImage_526, i32 %curr_fullImage_527, i32 %curr_fullImage_528, i32 %curr_fullImage_529, i32 %curr_fullImage_530, i32 %curr_fullImage_531, i32 %curr_fullImage_532, i32 %curr_fullImage_533, i32 %curr_fullImage_534, i32 %curr_fullImage_535, i32 %curr_fullImage_536, i32 %curr_fullImage_537, i32 %curr_fullImage_538, i32 %curr_fullImage_539, i32 %curr_fullImage_540, i32 %curr_fullImage_541, i32 %curr_fullImage_542, i32 %curr_fullImage_543, i32 %curr_fullImage_544, i32 %curr_fullImage_545, i32 %curr_fullImage_546, i32 %curr_fullImage_547, i32 %curr_fullImage_548, i32 %curr_fullImage_549, i32 %curr_fullImage_550, i32 %curr_fullImage_551, i32 %curr_fullImage_552, i32 %curr_fullImage_553, i32 %curr_fullImage_554, i32 %curr_fullImage_555, i32 %curr_fullImage_556, i32 %curr_fullImage_557, i32 %curr_fullImage_558, i32 %curr_fullImage_559, i32 %curr_fullImage_560, i32 %curr_fullImage_561, i32 %curr_fullImage_562, i32 %curr_fullImage_563, i32 %curr_fullImage_564, i32 %curr_fullImage_565, i32 %curr_fullImage_566, i32 %curr_fullImage_567, i32 %curr_fullImage_568, i32 %curr_fullImage_569, i32 %curr_fullImage_570, i32 %curr_fullImage_571, i32 %curr_fullImage_572, i32 %curr_fullImage_573, i32 %curr_fullImage_574, i32 %curr_fullImage_575, i32 %curr_fullImage_576, i32 %curr_fullImage_577, i32 %curr_fullImage_578, i32 %curr_fullImage_579, i32 %curr_fullImage_580, i32 %curr_fullImage_581, i32 %curr_fullImage_582, i32 %curr_fullImage_583, i32 %curr_fullImage_584, i32 %curr_fullImage_585, i32 %curr_fullImage_586, i32 %curr_fullImage_587, i32 %curr_fullImage_588, i32 %curr_fullImage_589, i32 %curr_fullImage_590, i32 %curr_fullImage_591, i32 %curr_fullImage_592, i32 %curr_fullImage_593, i32 %curr_fullImage_594, i32 %curr_fullImage_595, i32 %curr_fullImage_596, i32 %curr_fullImage_597, i32 %curr_fullImage_598, i32 %curr_fullImage_599, i32 %curr_fullImage_600, i32 %curr_fullImage_601, i32 %curr_fullImage_602, i32 %curr_fullImage_603, i32 %curr_fullImage_604, i32 %curr_fullImage_605, i32 %curr_fullImage_606, i32 %curr_fullImage_607, i32 %curr_fullImage_608, i32 %curr_fullImage_609, i32 %curr_fullImage_610, i32 %curr_fullImage_611, i32 %curr_fullImage_612, i32 %curr_fullImage_613, i32 %curr_fullImage_614, i32 %curr_fullImage_615, i32 %curr_fullImage_616, i32 %curr_fullImage_617, i32 %curr_fullImage_618, i32 %curr_fullImage_619, i32 %curr_fullImage_620, i32 %curr_fullImage_621, i32 %curr_fullImage_622, i32 %curr_fullImage_623, i32 %curr_fullImage_624, i32 %curr_fullImage_625, i32 %curr_fullImage_626, i32 %curr_fullImage_627, i32 %curr_fullImage_628, i32 %curr_fullImage_629, i32 %curr_fullImage_630, i32 %curr_fullImage_631, i32 %curr_fullImage_632, i32 %curr_fullImage_633, i32 %curr_fullImage_634, i32 %curr_fullImage_635, i32 %curr_fullImage_636, i32 %curr_fullImage_637, i32 %curr_fullImage_638, i32 %curr_fullImage_639, i32 %curr_fullImage_640, i32 %curr_fullImage_641, i32 %curr_fullImage_642, i32 %curr_fullImage_643, i32 %curr_fullImage_644, i32 %curr_fullImage_645, i32 %curr_fullImage_646, i32 %curr_fullImage_647, i32 %curr_fullImage_648, i32 %curr_fullImage_649, i32 %curr_fullImage_650, i32 %curr_fullImage_651, i32 %curr_fullImage_652, i32 %curr_fullImage_653, i32 %curr_fullImage_654, i32 %curr_fullImage_655, i32 %curr_fullImage_656, i32 %curr_fullImage_657, i32 %curr_fullImage_658, i32 %curr_fullImage_659, i32 %curr_fullImage_660, i32 %curr_fullImage_661, i32 %curr_fullImage_662, i32 %curr_fullImage_663, i32 %curr_fullImage_664, i32 %curr_fullImage_665, i32 %curr_fullImage_666, i32 %curr_fullImage_667, i32 %curr_fullImage_668, i32 %curr_fullImage_669, i32 %curr_fullImage_670, i32 %curr_fullImage_671, i32 %curr_fullImage_672, i32 %curr_fullImage_673, i32 %curr_fullImage_674, i32 %curr_fullImage_675, i32 %curr_fullImage_676, i32 %curr_fullImage_677, i32 %curr_fullImage_678, i32 %curr_fullImage_679, i32 %curr_fullImage_680, i32 %curr_fullImage_681, i32 %curr_fullImage_682, i32 %curr_fullImage_683, i32 %curr_fullImage_684, i32 %curr_fullImage_685, i32 %curr_fullImage_686, i32 %curr_fullImage_687, i32 %curr_fullImage_688, i32 %curr_fullImage_689, i32 %curr_fullImage_690, i32 %curr_fullImage_691, i32 %curr_fullImage_692, i32 %curr_fullImage_693, i32 %curr_fullImage_694, i32 %curr_fullImage_695, i32 %curr_fullImage_696, i32 %curr_fullImage_697, i32 %curr_fullImage_698, i32 %curr_fullImage_699, i32 %curr_fullImage_700, i32 %curr_fullImage_701, i32 %curr_fullImage_702, i32 %curr_fullImage_703, i32 %curr_fullImage_704, i32 %curr_fullImage_705, i32 %curr_fullImage_706, i32 %curr_fullImage_707, i32 %curr_fullImage_708, i32 %curr_fullImage_709, i32 %curr_fullImage_710, i32 %curr_fullImage_711, i32 %curr_fullImage_712, i32 %curr_fullImage_713, i32 %curr_fullImage_714, i32 %curr_fullImage_715, i32 %curr_fullImage_716, i32 %curr_fullImage_717, i32 %curr_fullImage_718, i32 %curr_fullImage_719, i32 %curr_fullImage_720, i32 %curr_fullImage_721, i32 %curr_fullImage_722, i32 %curr_fullImage_723, i32 %curr_fullImage_724, i32 %curr_fullImage_725, i32 %curr_fullImage_726, i32 %curr_fullImage_727, i32 %curr_fullImage_728, i32 %curr_fullImage_729, i32 %curr_fullImage_730, i32 %curr_fullImage_731, i32 %curr_fullImage_732, i32 %curr_fullImage_733, i32 %curr_fullImage_734, i32 %curr_fullImage_735, i32 %curr_fullImage_736, i32 %curr_fullImage_737, i32 %curr_fullImage_738, i32 %curr_fullImage_739, i32 %curr_fullImage_740, i32 %curr_fullImage_741, i32 %curr_fullImage_742, i32 %curr_fullImage_743, i32 %curr_fullImage_744, i32 %curr_fullImage_745, i32 %curr_fullImage_746, i32 %curr_fullImage_747, i32 %curr_fullImage_748, i32 %curr_fullImage_749, i32 %curr_fullImage_750, i32 %curr_fullImage_751, i32 %curr_fullImage_752, i32 %curr_fullImage_753, i32 %curr_fullImage_754, i32 %curr_fullImage_755, i32 %curr_fullImage_756, i32 %curr_fullImage_757, i32 %curr_fullImage_758, i32 %curr_fullImage_759, i32 %curr_fullImage_760, i32 %curr_fullImage_761, i32 %curr_fullImage_762, i32 %curr_fullImage_763, i32 %curr_fullImage_764, i32 %curr_fullImage_765, i32 %curr_fullImage_766, i32 %curr_fullImage_767, i32 %curr_fullImage_768, i32 %curr_fullImage_769, i32 %curr_fullImage_770, i32 %curr_fullImage_771, i32 %curr_fullImage_772, i32 %curr_fullImage_773, i32 %curr_fullImage_774, i32 %curr_fullImage_775, i32 %curr_fullImage_776, i32 %curr_fullImage_777, i32 %curr_fullImage_778, i32 %curr_fullImage_779, i32 %curr_fullImage_780, i32 %curr_fullImage_781, i32 %curr_fullImage_782, i32 %curr_fullImage_783, i32 %curr_fullImage_784, i32 %curr_fullImage_785, i32 %curr_fullImage_786, i32 %curr_fullImage_787, i32 %curr_fullImage_788, i32 %curr_fullImage_789, i32 %curr_fullImage_790, i32 %curr_fullImage_791, i32 %curr_fullImage_792, i32 %curr_fullImage_793, i32 %curr_fullImage_794, i32 %curr_fullImage_795, i32 %curr_fullImage_796, i32 %curr_fullImage_797, i32 %curr_fullImage_798, i32 %curr_fullImage_799, i32 %curr_fullImage_800, i32 %curr_fullImage_801, i32 %curr_fullImage_802, i32 %curr_fullImage_803, i32 %curr_fullImage_804, i32 %curr_fullImage_805, i32 %curr_fullImage_806, i32 %curr_fullImage_807, i32 %curr_fullImage_808, i32 %curr_fullImage_809, i32 %curr_fullImage_810, i32 %curr_fullImage_811, i32 %curr_fullImage_812, i32 %curr_fullImage_813, i32 %curr_fullImage_814, i32 %curr_fullImage_815, i32 %curr_fullImage_816, i32 %curr_fullImage_817, i32 %curr_fullImage_818, i32 %curr_fullImage_819, i32 %curr_fullImage_820, i32 %curr_fullImage_821, i32 %curr_fullImage_822, i32 %curr_fullImage_823, i32 %curr_fullImage_824, i32 %curr_fullImage_825, i32 %curr_fullImage_826, i32 %curr_fullImage_827, i32 %curr_fullImage_828, i32 %curr_fullImage_829, i32 %curr_fullImage_830, i32 %curr_fullImage_831, i32 %curr_fullImage_832, i32 %curr_fullImage_833, i32 %curr_fullImage_834, i32 %curr_fullImage_835, i32 %curr_fullImage_836, i32 %curr_fullImage_837, i32 %curr_fullImage_838, i32 %curr_fullImage_839, i32 %curr_fullImage_840, i32 %curr_fullImage_841, i32 %curr_fullImage_842, i32 %curr_fullImage_843, i32 %curr_fullImage_844, i32 %curr_fullImage_845, i32 %curr_fullImage_846, i32 %curr_fullImage_847, i32 %curr_fullImage_848, i32 %curr_fullImage_849, i32 %curr_fullImage_850, i32 %curr_fullImage_851, i32 %curr_fullImage_852, i32 %curr_fullImage_853, i32 %curr_fullImage_854, i32 %curr_fullImage_855, i32 %curr_fullImage_856, i32 %curr_fullImage_857, i32 %curr_fullImage_858, i32 %curr_fullImage_859, i32 %curr_fullImage_860, i32 %curr_fullImage_861, i32 %curr_fullImage_862, i32 %curr_fullImage_863, i32 %curr_fullImage_864, i32 %curr_fullImage_865, i32 %curr_fullImage_866, i32 %curr_fullImage_867, i32 %curr_fullImage_868, i32 %curr_fullImage_869, i32 %curr_fullImage_870, i32 %curr_fullImage_871, i32 %curr_fullImage_872, i32 %curr_fullImage_873, i32 %curr_fullImage_874, i32 %curr_fullImage_875, i32 %curr_fullImage_876, i32 %curr_fullImage_877, i32 %curr_fullImage_878, i32 %curr_fullImage_879, i32 %curr_fullImage_880, i32 %curr_fullImage_881, i32 %curr_fullImage_882, i32 %curr_fullImage_883, i32 %curr_fullImage_884, i32 %curr_fullImage_885, i32 %curr_fullImage_886, i32 %curr_fullImage_887, i32 %curr_fullImage_888, i32 %curr_fullImage_889, i32 %curr_fullImage_890, i32 %curr_fullImage_891, i32 %curr_fullImage_892, i32 %curr_fullImage_893, i32 %curr_fullImage_894, i32 %curr_fullImage_895, i32 %curr_fullImage_896, i32 %curr_fullImage_897, i32 %curr_fullImage_898, i32 %curr_fullImage_899, i32 %curr_fullImage_900, i32 %curr_fullImage_901, i32 %curr_fullImage_902, i32 %curr_fullImage_903, i32 %curr_fullImage_904, i32 %curr_fullImage_905, i32 %curr_fullImage_906, i32 %curr_fullImage_907, i32 %curr_fullImage_908, i32 %curr_fullImage_909, i32 %curr_fullImage_910, i32 %curr_fullImage_911, i32 %curr_fullImage_912, i32 %curr_fullImage_913, i32 %curr_fullImage_914, i32 %curr_fullImage_915, i32 %curr_fullImage_916, i32 %curr_fullImage_917, i32 %curr_fullImage_918, i32 %curr_fullImage_919, i32 %curr_fullImage_920, i32 %curr_fullImage_921, i32 %curr_fullImage_922, i32 %curr_fullImage_923, i32 %curr_fullImage_924, i32 %curr_fullImage_925, i32 %curr_fullImage_926, i32 %curr_fullImage_927, i32 %curr_fullImage_928, i32 %curr_fullImage_929, i32 %curr_fullImage_930, i32 %curr_fullImage_931, i32 %curr_fullImage_932, i32 %curr_fullImage_933, i32 %curr_fullImage_934, i32 %curr_fullImage_935, i32 %curr_fullImage_936, i32 %curr_fullImage_937, i32 %curr_fullImage_938, i32 %curr_fullImage_939, i32 %curr_fullImage_940, i32 %curr_fullImage_941, i32 %curr_fullImage_942, i32 %curr_fullImage_943, i32 %curr_fullImage_944, i32 %curr_fullImage_945, i32 %curr_fullImage_946, i32 %curr_fullImage_947, i32 %curr_fullImage_948, i32 %curr_fullImage_949, i32 %curr_fullImage_950, i32 %curr_fullImage_951, i32 %curr_fullImage_952, i32 %curr_fullImage_953, i32 %curr_fullImage_954, i32 %curr_fullImage_955, i32 %curr_fullImage_956, i32 %curr_fullImage_957, i32 %curr_fullImage_958, i32 %curr_fullImage_959, i32 %curr_fullImage960" [../image_analysis.cpp:262]   --->   Operation 1964 'call' 'call_ret' <Predicate = true> <Delay = 6.43> <CoreType = "Generic">   --->   Generic Core
ST_5 : Operation 1965 [1/1] (0.00ns)   --->   "%projSumUsed = extractvalue i64 %call_ret" [../image_analysis.cpp:262]   --->   Operation 1965 'extractvalue' 'projSumUsed' <Predicate = true> <Delay = 0.00> <CoreInst = "FIFO_SRL">   --->   Core 80 'FIFO_SRL' <Latency = 0> <II = 1> <Delay = 1.83> <Storage> <Opcode : 'read' 'write' 'nbread' 'nbwrite'> <Ports = 0> <Width = 32> <Depth = 2> <FIFO>
ST_5 : Operation 1966 [1/1] (0.00ns)   --->   "%sum = extractvalue i64 %call_ret" [../image_analysis.cpp:262]   --->   Operation 1966 'extractvalue' 'sum' <Predicate = true> <Delay = 0.00> <CoreInst = "FIFO_SRL">   --->   Core 80 'FIFO_SRL' <Latency = 0> <II = 1> <Delay = 1.83> <Storage> <Opcode : 'read' 'write' 'nbread' 'nbwrite'> <Ports = 0> <Width = 32> <Depth = 2> <FIFO>
ST_5 : Operation 1967 [19/19] (1.83ns)   --->   "%call_ln263 = call void @post_process, i32 %projSumUsed, i32 %sum, i32 %curr_imageProjs, i32 %emissions, i64 %p_loc_channel" [../image_analysis.cpp:263]   --->   Operation 1967 'call' 'call_ln263' <Predicate = true> <Delay = 1.83> <CoreType = "Generic">   --->   Generic Core

State 6 <SV = 5> <Delay = 0.00>
ST_6 : Operation 1968 [18/19] (0.00ns)   --->   "%call_ln263 = call void @post_process, i32 %projSumUsed, i32 %sum, i32 %curr_imageProjs, i32 %emissions, i64 %p_loc_channel" [../image_analysis.cpp:263]   --->   Operation 1968 'call' 'call_ln263' <Predicate = true> <Delay = 0.00> <CoreType = "Generic">   --->   Generic Core

State 7 <SV = 6> <Delay = 0.00>
ST_7 : Operation 1969 [17/19] (0.00ns)   --->   "%call_ln263 = call void @post_process, i32 %projSumUsed, i32 %sum, i32 %curr_imageProjs, i32 %emissions, i64 %p_loc_channel" [../image_analysis.cpp:263]   --->   Operation 1969 'call' 'call_ln263' <Predicate = true> <Delay = 0.00> <CoreType = "Generic">   --->   Generic Core

State 8 <SV = 7> <Delay = 0.00>
ST_8 : Operation 1970 [16/19] (0.00ns)   --->   "%call_ln263 = call void @post_process, i32 %projSumUsed, i32 %sum, i32 %curr_imageProjs, i32 %emissions, i64 %p_loc_channel" [../image_analysis.cpp:263]   --->   Operation 1970 'call' 'call_ln263' <Predicate = true> <Delay = 0.00> <CoreType = "Generic">   --->   Generic Core

State 9 <SV = 8> <Delay = 0.00>
ST_9 : Operation 1971 [15/19] (0.00ns)   --->   "%call_ln263 = call void @post_process, i32 %projSumUsed, i32 %sum, i32 %curr_imageProjs, i32 %emissions, i64 %p_loc_channel" [../image_analysis.cpp:263]   --->   Operation 1971 'call' 'call_ln263' <Predicate = true> <Delay = 0.00> <CoreType = "Generic">   --->   Generic Core

State 10 <SV = 9> <Delay = 0.00>
ST_10 : Operation 1972 [14/19] (0.00ns)   --->   "%call_ln263 = call void @post_process, i32 %projSumUsed, i32 %sum, i32 %curr_imageProjs, i32 %emissions, i64 %p_loc_channel" [../image_analysis.cpp:263]   --->   Operation 1972 'call' 'call_ln263' <Predicate = true> <Delay = 0.00> <CoreType = "Generic">   --->   Generic Core

State 11 <SV = 10> <Delay = 0.00>
ST_11 : Operation 1973 [13/19] (0.00ns)   --->   "%call_ln263 = call void @post_process, i32 %projSumUsed, i32 %sum, i32 %curr_imageProjs, i32 %emissions, i64 %p_loc_channel" [../image_analysis.cpp:263]   --->   Operation 1973 'call' 'call_ln263' <Predicate = true> <Delay = 0.00> <CoreType = "Generic">   --->   Generic Core

State 12 <SV = 11> <Delay = 0.00>
ST_12 : Operation 1974 [12/19] (0.00ns)   --->   "%call_ln263 = call void @post_process, i32 %projSumUsed, i32 %sum, i32 %curr_imageProjs, i32 %emissions, i64 %p_loc_channel" [../image_analysis.cpp:263]   --->   Operation 1974 'call' 'call_ln263' <Predicate = true> <Delay = 0.00> <CoreType = "Generic">   --->   Generic Core

State 13 <SV = 12> <Delay = 0.00>
ST_13 : Operation 1975 [11/19] (0.00ns)   --->   "%call_ln263 = call void @post_process, i32 %projSumUsed, i32 %sum, i32 %curr_imageProjs, i32 %emissions, i64 %p_loc_channel" [../image_analysis.cpp:263]   --->   Operation 1975 'call' 'call_ln263' <Predicate = true> <Delay = 0.00> <CoreType = "Generic">   --->   Generic Core

State 14 <SV = 13> <Delay = 0.00>
ST_14 : Operation 1976 [10/19] (0.00ns)   --->   "%call_ln263 = call void @post_process, i32 %projSumUsed, i32 %sum, i32 %curr_imageProjs, i32 %emissions, i64 %p_loc_channel" [../image_analysis.cpp:263]   --->   Operation 1976 'call' 'call_ln263' <Predicate = true> <Delay = 0.00> <CoreType = "Generic">   --->   Generic Core

State 15 <SV = 14> <Delay = 0.00>
ST_15 : Operation 1977 [9/19] (0.00ns)   --->   "%call_ln263 = call void @post_process, i32 %projSumUsed, i32 %sum, i32 %curr_imageProjs, i32 %emissions, i64 %p_loc_channel" [../image_analysis.cpp:263]   --->   Operation 1977 'call' 'call_ln263' <Predicate = true> <Delay = 0.00> <CoreType = "Generic">   --->   Generic Core

State 16 <SV = 15> <Delay = 0.00>
ST_16 : Operation 1978 [8/19] (0.00ns)   --->   "%call_ln263 = call void @post_process, i32 %projSumUsed, i32 %sum, i32 %curr_imageProjs, i32 %emissions, i64 %p_loc_channel" [../image_analysis.cpp:263]   --->   Operation 1978 'call' 'call_ln263' <Predicate = true> <Delay = 0.00> <CoreType = "Generic">   --->   Generic Core

State 17 <SV = 16> <Delay = 0.00>
ST_17 : Operation 1979 [7/19] (0.00ns)   --->   "%call_ln263 = call void @post_process, i32 %projSumUsed, i32 %sum, i32 %curr_imageProjs, i32 %emissions, i64 %p_loc_channel" [../image_analysis.cpp:263]   --->   Operation 1979 'call' 'call_ln263' <Predicate = true> <Delay = 0.00> <CoreType = "Generic">   --->   Generic Core

State 18 <SV = 17> <Delay = 0.00>
ST_18 : Operation 1980 [6/19] (0.00ns)   --->   "%call_ln263 = call void @post_process, i32 %projSumUsed, i32 %sum, i32 %curr_imageProjs, i32 %emissions, i64 %p_loc_channel" [../image_analysis.cpp:263]   --->   Operation 1980 'call' 'call_ln263' <Predicate = true> <Delay = 0.00> <CoreType = "Generic">   --->   Generic Core

State 19 <SV = 18> <Delay = 0.00>
ST_19 : Operation 1981 [5/19] (0.00ns)   --->   "%call_ln263 = call void @post_process, i32 %projSumUsed, i32 %sum, i32 %curr_imageProjs, i32 %emissions, i64 %p_loc_channel" [../image_analysis.cpp:263]   --->   Operation 1981 'call' 'call_ln263' <Predicate = true> <Delay = 0.00> <CoreType = "Generic">   --->   Generic Core

State 20 <SV = 19> <Delay = 0.00>
ST_20 : Operation 1982 [4/19] (0.00ns)   --->   "%call_ln263 = call void @post_process, i32 %projSumUsed, i32 %sum, i32 %curr_imageProjs, i32 %emissions, i64 %p_loc_channel" [../image_analysis.cpp:263]   --->   Operation 1982 'call' 'call_ln263' <Predicate = true> <Delay = 0.00> <CoreType = "Generic">   --->   Generic Core

State 21 <SV = 20> <Delay = 0.00>
ST_21 : Operation 1983 [3/19] (0.00ns)   --->   "%call_ln263 = call void @post_process, i32 %projSumUsed, i32 %sum, i32 %curr_imageProjs, i32 %emissions, i64 %p_loc_channel" [../image_analysis.cpp:263]   --->   Operation 1983 'call' 'call_ln263' <Predicate = true> <Delay = 0.00> <CoreType = "Generic">   --->   Generic Core

State 22 <SV = 21> <Delay = 0.00>
ST_22 : Operation 1984 [2/19] (0.00ns)   --->   "%call_ln263 = call void @post_process, i32 %projSumUsed, i32 %sum, i32 %curr_imageProjs, i32 %emissions, i64 %p_loc_channel" [../image_analysis.cpp:263]   --->   Operation 1984 'call' 'call_ln263' <Predicate = true> <Delay = 0.00> <CoreType = "Generic">   --->   Generic Core

State 23 <SV = 22> <Delay = 0.00>
ST_23 : Operation 1985 [1/1] (0.00ns)   --->   "%specdataflowpipeline_ln0 = specdataflowpipeline void @_ssdm_op_SpecDataflowPipeline, i32 4294967295, i32 0, void @empty_24"   --->   Operation 1985 'specdataflowpipeline' 'specdataflowpipeline_ln0' <Predicate = true> <Delay = 0.00>
ST_23 : Operation 1986 [1/1] (0.00ns)   --->   "%specmaxicache_ln0 = specmaxicache void @_ssdm_op_SpecMAXICache, i32 %fullImage, i64 64, i64 64, i64 1, i64 0, i64 0, i64 0, void @empty_24"   --->   Operation 1986 'specmaxicache' 'specmaxicache_ln0' <Predicate = true> <Delay = 0.00>
ST_23 : Operation 1987 [1/1] (0.00ns)   --->   "%specinterface_ln0 = specinterface void @_ssdm_op_SpecInterface, i32 %emissions, void @empty_23, i32 0, i32 0, void @empty_24, i32 0, i32 1024, void @empty_2, void @empty_26, void @empty_24, i32 16, i32 16, i32 16, i32 16, void @empty_24, void @empty_24, i32 4294967295, i32 0, i32 0"   --->   Operation 1987 'specinterface' 'specinterface_ln0' <Predicate = true> <Delay = 0.00>
ST_23 : Operation 1988 [1/1] (0.00ns)   --->   "%specinterface_ln0 = specinterface void @_ssdm_op_SpecInterface, i32 %fullImage, void @empty_23, i32 0, i32 0, void @empty_24, i32 0, i32 65536, void @empty_1, void @empty_26, void @empty_24, i32 64, i32 16, i32 64, i32 16, void @empty_24, void @empty_24, i32 4294967295, i32 0, i32 0"   --->   Operation 1988 'specinterface' 'specinterface_ln0' <Predicate = true> <Delay = 0.00>
ST_23 : Operation 1989 [1/1] (0.00ns)   --->   "%specinterface_ln0 = specinterface void @_ssdm_op_SpecInterface, i32 %imageProjs, void @empty_23, i32 0, i32 0, void @empty_24, i32 0, i32 0, void @empty, void @empty_26, void @empty_24, i32 16, i32 16, i32 16, i32 16, void @empty_24, void @empty_24, i32 4294967295, i32 0, i32 0"   --->   Operation 1989 'specinterface' 'specinterface_ln0' <Predicate = true> <Delay = 0.00>
ST_23 : Operation 1990 [1/1] (0.00ns)   --->   "%specinterface_ln0 = specinterface void @_ssdm_op_SpecInterface, i32 %imageProjs_local, void @empty_23, i32 0, i32 0, void @empty_24, i32 0, i32 0, void @empty_27, void @empty_26, void @empty_24, i32 16, i32 16, i32 16, i32 16, void @empty_24, void @empty_24, i32 4294967295, i32 0, i32 0"   --->   Operation 1990 'specinterface' 'specinterface_ln0' <Predicate = true> <Delay = 0.00>
ST_23 : Operation 1991 [1/1] (0.00ns)   --->   "%specinterface_ln0 = specinterface void @_ssdm_op_SpecInterface, i64 %atomLocations, void @empty_23, i32 0, i32 0, void @empty_24, i32 0, i32 1024, void @empty_25, void @empty_26, void @empty_24, i32 16, i32 16, i32 16, i32 16, void @empty_24, void @empty_24, i32 4294967295, i32 0, i32 0"   --->   Operation 1991 'specinterface' 'specinterface_ln0' <Predicate = true> <Delay = 0.00>
ST_23 : Operation 1992 [1/1] (0.00ns)   --->   "%empty_43 = specchannel i32 @_ssdm_op_SpecChannel, void @localImages_str, i32 1, void @p_str, void @p_str, i32 4, i32 4, i256 %localImages, i256 %localImages"   --->   Operation 1992 'specchannel' 'empty_43' <Predicate = true> <Delay = 0.00>
ST_23 : Operation 1993 [1/1] (0.00ns)   --->   "%specinterface_ln0 = specinterface void @_ssdm_op_SpecInterface, i256 %localImages, void @empty_17, i32 0, i32 0, void @empty_24, i32 0, i32 0, void @empty_24, void @empty_24, void @empty_24, i32 0, i32 0, i32 0, i32 0, void @empty_24, void @empty_24, i32 4294967295, i32 0, i32 0"   --->   Operation 1993 'specinterface' 'specinterface_ln0' <Predicate = true> <Delay = 0.00>
ST_23 : Operation 1994 [1/19] (0.00ns)   --->   "%call_ln263 = call void @post_process, i32 %projSumUsed, i32 %sum, i32 %curr_imageProjs, i32 %emissions, i64 %p_loc_channel" [../image_analysis.cpp:263]   --->   Operation 1994 'call' 'call_ln263' <Predicate = true> <Delay = 0.00> <CoreType = "Generic">   --->   Generic Core
ST_23 : Operation 1995 [1/1] (0.00ns)   --->   "%ret_ln0 = ret"   --->   Operation 1995 'ret' 'ret_ln0' <Predicate = true> <Delay = 0.00>


============================================================
+ Verbose Summary: Timing violations
============================================================
Target clock period: 10.000ns, clock uncertainty: 2.700ns.

 <State 1>: 1.966ns
The critical path consists of the following:
	wire read operation ('atomLocations1_read') on port 'atomLocations1' [24]  (0.000 ns)
	'call' operation 0 bit ('call_ln258', ../image_analysis.cpp:258) to 'getLocalImages_single' [39]  (1.966 ns)

 <State 2>: 0.000ns
The critical path consists of the following:

 <State 3>: 7.300ns
The critical path consists of the following:
	wire read operation ('imageProjs_local3_read') on port 'imageProjs_local3' [21]  (0.000 ns)
	'call' operation 61536 bit ('call_ret1', ../image_analysis.cpp:259) to 'Image_extract' [40]  (7.300 ns)

 <State 4>: 1.838ns
The critical path consists of the following:
	'call' operation 61536 bit ('call_ret1', ../image_analysis.cpp:259) to 'Image_extract' [40]  (0.000 ns)
	'call' operation 64 bit ('call_ret', ../image_analysis.cpp:262) to 'matrix_sum_prod' [1964]  (1.838 ns)

 <State 5>: 8.275ns
The critical path consists of the following:
	'call' operation 64 bit ('call_ret', ../image_analysis.cpp:262) to 'matrix_sum_prod' [1964]  (6.437 ns)
	'call' operation 0 bit ('call_ln263', ../image_analysis.cpp:263) to 'post_process' [1967]  (1.838 ns)

 <State 6>: 0.000ns
The critical path consists of the following:

 <State 7>: 0.000ns
The critical path consists of the following:

 <State 8>: 0.000ns
The critical path consists of the following:

 <State 9>: 0.000ns
The critical path consists of the following:

 <State 10>: 0.000ns
The critical path consists of the following:

 <State 11>: 0.000ns
The critical path consists of the following:

 <State 12>: 0.000ns
The critical path consists of the following:

 <State 13>: 0.000ns
The critical path consists of the following:

 <State 14>: 0.000ns
The critical path consists of the following:

 <State 15>: 0.000ns
The critical path consists of the following:

 <State 16>: 0.000ns
The critical path consists of the following:

 <State 17>: 0.000ns
The critical path consists of the following:

 <State 18>: 0.000ns
The critical path consists of the following:

 <State 19>: 0.000ns
The critical path consists of the following:

 <State 20>: 0.000ns
The critical path consists of the following:

 <State 21>: 0.000ns
The critical path consists of the following:

 <State 22>: 0.000ns
The critical path consists of the following:

 <State 23>: 0.000ns
The critical path consists of the following:


============================================================
+ Verbose Summary: Binding
============================================================
N/A
* FSMD analyzer results:
  - Output states:
 - Input state : 
  - Chain level:
	State 1
	State 2
	State 3
	State 4
	State 5
	State 6
	State 7
	State 8
	State 9
	State 10
	State 11
	State 12
	State 13
	State 14
	State 15
	State 16
	State 17
	State 18
	State 19
	State 20
	State 21
	State 22
	State 23


============================================================
+ Verbose Summary: Datapath Resource usage 
============================================================
N/A
