

================================================================
== Vitis HLS Report for 'getLocalImages_Pipeline_copy_loop'
================================================================
* Date:           Wed May 21 17:37:26 2025

* Version:        2024.2 (Build 5238294 on Nov  8 2024)
* Project:        reconstruct
* Solution:       hls (Vivado IP Flow Target)
* Product family: zynq
* Target device:  xc7z020-clg400-1


================================================================
== Performance Estimates
================================================================
+ Timing: 
    * Summary: 
    +--------+----------+----------+------------+
    |  Clock |  Target  | Estimated| Uncertainty|
    +--------+----------+----------+------------+
    |ap_clk  |  10.00 ns|  5.728 ns|     2.70 ns|
    +--------+----------+----------+------------+

+ Latency: 
    * Summary: 
    +---------+---------+----------+----------+-----+-----+------------------------------------------------+
    |  Latency (cycles) |  Latency (absolute) |  Interval |                    Pipeline                    |
    |   min   |   max   |    min   |    max   | min | max |                      Type                      |
    +---------+---------+----------+----------+-----+-----+------------------------------------------------+
    |        ?|        ?|         ?|         ?|    0|    0|  loop auto-rewind stp (delay=0 clock cycles(s))|
    +---------+---------+----------+----------+-----+-----+------------------------------------------------+

    + Detail: 
        * Instance: 
        N/A

        * Loop: 
        +-------------+---------+---------+----------+-----------+-----------+------+----------+
        |             |  Latency (cycles) | Iteration|  Initiation Interval  | Trip |          |
        |  Loop Name  |   min   |   max   |  Latency |  achieved |   target  | Count| Pipelined|
        +-------------+---------+---------+----------+-----------+-----------+------+----------+
        |- copy_loop  |        ?|        ?|         2|          1|          1|     ?|       yes|
        +-------------+---------+---------+----------+-----------+-----------+------+----------+

============================================================
+ Verbose Summary: Synthesis Manager
============================================================
InlineROM: 1
ExposeGlobal: 0
============================================================
+ Verbose Summary: CDFG Model
============================================================
IsTopModel: 0
ResetActiveHigh: 1
IsCombinational: 0
IsDatapathOnly: 0
HasWiredReturn: 1
HasMFsm: 2
HasVarLatency: 1
IsPipeline: 0
IsRtlPipelined: 0
IsInstanceOverlapped: 0
IsDontTouch: 0
HasImplIP: 0
IsGatedGlobalClock: 0

+ Individual pipeline summary: 
  * Pipeline-0: initiation interval (II) = 1, depth = 2


============================================================
+ Verbose Summary: Schedule
============================================================
* Number of FSM states : 2
* Pipeline : 1
  Pipeline-0 : II = 1, D = 2, States = { 1 2 }
* Dataflow Pipeline: 0

* FSM state transitions: 
1 --> 2 
2 --> 

* FSM state operations: 

State 1 <SV = 0> <Delay = 5.72>
ST_1 : Operation 5 [1/1] (0.00ns)   --->   "%i = alloca i32 1" [../image_analysis.cpp:13]   --->   Operation 5 'alloca' 'i' <Predicate = true> <Delay = 0.00>
ST_1 : Operation 6 [1/1] (0.00ns)   --->   "%mux_case_0111 = alloca i32 1"   --->   Operation 6 'alloca' 'mux_case_0111' <Predicate = true> <Delay = 0.00>
ST_1 : Operation 7 [1/1] (0.00ns)   --->   "%mux_case_1115 = alloca i32 1"   --->   Operation 7 'alloca' 'mux_case_1115' <Predicate = true> <Delay = 0.00>
ST_1 : Operation 8 [1/1] (0.00ns)   --->   "%mux_case_2119 = alloca i32 1"   --->   Operation 8 'alloca' 'mux_case_2119' <Predicate = true> <Delay = 0.00>
ST_1 : Operation 9 [1/1] (0.00ns)   --->   "%mux_case_3123 = alloca i32 1"   --->   Operation 9 'alloca' 'mux_case_3123' <Predicate = true> <Delay = 0.00>
ST_1 : Operation 10 [1/1] (0.00ns)   --->   "%mux_case_4127 = alloca i32 1"   --->   Operation 10 'alloca' 'mux_case_4127' <Predicate = true> <Delay = 0.00>
ST_1 : Operation 11 [1/1] (0.00ns)   --->   "%mux_case_5131 = alloca i32 1"   --->   Operation 11 'alloca' 'mux_case_5131' <Predicate = true> <Delay = 0.00>
ST_1 : Operation 12 [1/1] (0.00ns)   --->   "%mux_case_6135 = alloca i32 1"   --->   Operation 12 'alloca' 'mux_case_6135' <Predicate = true> <Delay = 0.00>
ST_1 : Operation 13 [1/1] (0.00ns)   --->   "%mux_case_7139 = alloca i32 1"   --->   Operation 13 'alloca' 'mux_case_7139' <Predicate = true> <Delay = 0.00>
ST_1 : Operation 14 [1/1] (0.00ns)   --->   "%mux_case_8143 = alloca i32 1"   --->   Operation 14 'alloca' 'mux_case_8143' <Predicate = true> <Delay = 0.00>
ST_1 : Operation 15 [1/1] (0.00ns)   --->   "%mux_case_9147 = alloca i32 1"   --->   Operation 15 'alloca' 'mux_case_9147' <Predicate = true> <Delay = 0.00>
ST_1 : Operation 16 [1/1] (0.00ns)   --->   "%mux_case_10151 = alloca i32 1"   --->   Operation 16 'alloca' 'mux_case_10151' <Predicate = true> <Delay = 0.00>
ST_1 : Operation 17 [1/1] (0.00ns)   --->   "%mux_case_11155 = alloca i32 1"   --->   Operation 17 'alloca' 'mux_case_11155' <Predicate = true> <Delay = 0.00>
ST_1 : Operation 18 [1/1] (0.00ns)   --->   "%mux_case_12159 = alloca i32 1"   --->   Operation 18 'alloca' 'mux_case_12159' <Predicate = true> <Delay = 0.00>
ST_1 : Operation 19 [1/1] (0.00ns)   --->   "%mux_case_13163 = alloca i32 1"   --->   Operation 19 'alloca' 'mux_case_13163' <Predicate = true> <Delay = 0.00>
ST_1 : Operation 20 [1/1] (0.00ns)   --->   "%mux_case_14167 = alloca i32 1"   --->   Operation 20 'alloca' 'mux_case_14167' <Predicate = true> <Delay = 0.00>
ST_1 : Operation 21 [1/1] (0.00ns)   --->   "%mux_case_15171 = alloca i32 1"   --->   Operation 21 'alloca' 'mux_case_15171' <Predicate = true> <Delay = 0.00>
ST_1 : Operation 22 [1/1] (0.00ns)   --->   "%mux_case_16175 = alloca i32 1"   --->   Operation 22 'alloca' 'mux_case_16175' <Predicate = true> <Delay = 0.00>
ST_1 : Operation 23 [1/1] (0.00ns)   --->   "%mux_case_17179 = alloca i32 1"   --->   Operation 23 'alloca' 'mux_case_17179' <Predicate = true> <Delay = 0.00>
ST_1 : Operation 24 [1/1] (0.00ns)   --->   "%mux_case_18183 = alloca i32 1"   --->   Operation 24 'alloca' 'mux_case_18183' <Predicate = true> <Delay = 0.00>
ST_1 : Operation 25 [1/1] (0.00ns)   --->   "%mux_case_19187 = alloca i32 1"   --->   Operation 25 'alloca' 'mux_case_19187' <Predicate = true> <Delay = 0.00>
ST_1 : Operation 26 [1/1] (0.00ns)   --->   "%mux_case_20191 = alloca i32 1"   --->   Operation 26 'alloca' 'mux_case_20191' <Predicate = true> <Delay = 0.00>
ST_1 : Operation 27 [1/1] (0.00ns)   --->   "%mux_case_21195 = alloca i32 1"   --->   Operation 27 'alloca' 'mux_case_21195' <Predicate = true> <Delay = 0.00>
ST_1 : Operation 28 [1/1] (0.00ns)   --->   "%mux_case_22199 = alloca i32 1"   --->   Operation 28 'alloca' 'mux_case_22199' <Predicate = true> <Delay = 0.00>
ST_1 : Operation 29 [1/1] (0.00ns)   --->   "%mux_case_23203 = alloca i32 1"   --->   Operation 29 'alloca' 'mux_case_23203' <Predicate = true> <Delay = 0.00>
ST_1 : Operation 30 [1/1] (0.00ns)   --->   "%mux_case_24207 = alloca i32 1"   --->   Operation 30 'alloca' 'mux_case_24207' <Predicate = true> <Delay = 0.00>
ST_1 : Operation 31 [1/1] (0.00ns)   --->   "%mux_case_25211 = alloca i32 1"   --->   Operation 31 'alloca' 'mux_case_25211' <Predicate = true> <Delay = 0.00>
ST_1 : Operation 32 [1/1] (0.00ns)   --->   "%mux_case_26215 = alloca i32 1"   --->   Operation 32 'alloca' 'mux_case_26215' <Predicate = true> <Delay = 0.00>
ST_1 : Operation 33 [1/1] (0.00ns)   --->   "%mux_case_27219 = alloca i32 1"   --->   Operation 33 'alloca' 'mux_case_27219' <Predicate = true> <Delay = 0.00>
ST_1 : Operation 34 [1/1] (0.00ns)   --->   "%mux_case_28223 = alloca i32 1"   --->   Operation 34 'alloca' 'mux_case_28223' <Predicate = true> <Delay = 0.00>
ST_1 : Operation 35 [1/1] (0.00ns)   --->   "%mux_case_29227 = alloca i32 1"   --->   Operation 35 'alloca' 'mux_case_29227' <Predicate = true> <Delay = 0.00>
ST_1 : Operation 36 [1/1] (0.00ns)   --->   "%mux_case_30231 = alloca i32 1"   --->   Operation 36 'alloca' 'mux_case_30231' <Predicate = true> <Delay = 0.00>
ST_1 : Operation 37 [1/1] (0.00ns)   --->   "%mux_case_31235 = alloca i32 1"   --->   Operation 37 'alloca' 'mux_case_31235' <Predicate = true> <Delay = 0.00>
ST_1 : Operation 38 [1/1] (0.00ns)   --->   "%mux_case_32239 = alloca i32 1"   --->   Operation 38 'alloca' 'mux_case_32239' <Predicate = true> <Delay = 0.00>
ST_1 : Operation 39 [1/1] (0.00ns)   --->   "%mux_case_33243 = alloca i32 1"   --->   Operation 39 'alloca' 'mux_case_33243' <Predicate = true> <Delay = 0.00>
ST_1 : Operation 40 [1/1] (0.00ns)   --->   "%mux_case_34247 = alloca i32 1"   --->   Operation 40 'alloca' 'mux_case_34247' <Predicate = true> <Delay = 0.00>
ST_1 : Operation 41 [1/1] (0.00ns)   --->   "%mux_case_35251 = alloca i32 1"   --->   Operation 41 'alloca' 'mux_case_35251' <Predicate = true> <Delay = 0.00>
ST_1 : Operation 42 [1/1] (0.00ns)   --->   "%mux_case_36255 = alloca i32 1"   --->   Operation 42 'alloca' 'mux_case_36255' <Predicate = true> <Delay = 0.00>
ST_1 : Operation 43 [1/1] (0.00ns)   --->   "%mux_case_37259 = alloca i32 1"   --->   Operation 43 'alloca' 'mux_case_37259' <Predicate = true> <Delay = 0.00>
ST_1 : Operation 44 [1/1] (0.00ns)   --->   "%mux_case_38263 = alloca i32 1"   --->   Operation 44 'alloca' 'mux_case_38263' <Predicate = true> <Delay = 0.00>
ST_1 : Operation 45 [1/1] (0.00ns)   --->   "%mux_case_39267 = alloca i32 1"   --->   Operation 45 'alloca' 'mux_case_39267' <Predicate = true> <Delay = 0.00>
ST_1 : Operation 46 [1/1] (0.00ns)   --->   "%mux_case_40271 = alloca i32 1"   --->   Operation 46 'alloca' 'mux_case_40271' <Predicate = true> <Delay = 0.00>
ST_1 : Operation 47 [1/1] (0.00ns)   --->   "%mux_case_41275 = alloca i32 1"   --->   Operation 47 'alloca' 'mux_case_41275' <Predicate = true> <Delay = 0.00>
ST_1 : Operation 48 [1/1] (0.00ns)   --->   "%mux_case_42279 = alloca i32 1"   --->   Operation 48 'alloca' 'mux_case_42279' <Predicate = true> <Delay = 0.00>
ST_1 : Operation 49 [1/1] (0.00ns)   --->   "%mux_case_43283 = alloca i32 1"   --->   Operation 49 'alloca' 'mux_case_43283' <Predicate = true> <Delay = 0.00>
ST_1 : Operation 50 [1/1] (0.00ns)   --->   "%mux_case_44287 = alloca i32 1"   --->   Operation 50 'alloca' 'mux_case_44287' <Predicate = true> <Delay = 0.00>
ST_1 : Operation 51 [1/1] (0.00ns)   --->   "%mux_case_45291 = alloca i32 1"   --->   Operation 51 'alloca' 'mux_case_45291' <Predicate = true> <Delay = 0.00>
ST_1 : Operation 52 [1/1] (0.00ns)   --->   "%mux_case_46295 = alloca i32 1"   --->   Operation 52 'alloca' 'mux_case_46295' <Predicate = true> <Delay = 0.00>
ST_1 : Operation 53 [1/1] (0.00ns)   --->   "%mux_case_47299 = alloca i32 1"   --->   Operation 53 'alloca' 'mux_case_47299' <Predicate = true> <Delay = 0.00>
ST_1 : Operation 54 [1/1] (0.00ns)   --->   "%mux_case_48303 = alloca i32 1"   --->   Operation 54 'alloca' 'mux_case_48303' <Predicate = true> <Delay = 0.00>
ST_1 : Operation 55 [1/1] (0.00ns)   --->   "%mux_case_49307 = alloca i32 1"   --->   Operation 55 'alloca' 'mux_case_49307' <Predicate = true> <Delay = 0.00>
ST_1 : Operation 56 [1/1] (0.00ns)   --->   "%mux_case_50311 = alloca i32 1"   --->   Operation 56 'alloca' 'mux_case_50311' <Predicate = true> <Delay = 0.00>
ST_1 : Operation 57 [1/1] (0.00ns)   --->   "%mux_case_51315 = alloca i32 1"   --->   Operation 57 'alloca' 'mux_case_51315' <Predicate = true> <Delay = 0.00>
ST_1 : Operation 58 [1/1] (0.00ns)   --->   "%mux_case_52319 = alloca i32 1"   --->   Operation 58 'alloca' 'mux_case_52319' <Predicate = true> <Delay = 0.00>
ST_1 : Operation 59 [1/1] (0.00ns)   --->   "%mux_case_53323 = alloca i32 1"   --->   Operation 59 'alloca' 'mux_case_53323' <Predicate = true> <Delay = 0.00>
ST_1 : Operation 60 [1/1] (0.00ns)   --->   "%mux_case_54327 = alloca i32 1"   --->   Operation 60 'alloca' 'mux_case_54327' <Predicate = true> <Delay = 0.00>
ST_1 : Operation 61 [1/1] (0.00ns)   --->   "%mux_case_55331 = alloca i32 1"   --->   Operation 61 'alloca' 'mux_case_55331' <Predicate = true> <Delay = 0.00>
ST_1 : Operation 62 [1/1] (0.00ns)   --->   "%mux_case_56335 = alloca i32 1"   --->   Operation 62 'alloca' 'mux_case_56335' <Predicate = true> <Delay = 0.00>
ST_1 : Operation 63 [1/1] (0.00ns)   --->   "%mux_case_57339 = alloca i32 1"   --->   Operation 63 'alloca' 'mux_case_57339' <Predicate = true> <Delay = 0.00>
ST_1 : Operation 64 [1/1] (0.00ns)   --->   "%mux_case_58343 = alloca i32 1"   --->   Operation 64 'alloca' 'mux_case_58343' <Predicate = true> <Delay = 0.00>
ST_1 : Operation 65 [1/1] (0.00ns)   --->   "%mux_case_59347 = alloca i32 1"   --->   Operation 65 'alloca' 'mux_case_59347' <Predicate = true> <Delay = 0.00>
ST_1 : Operation 66 [1/1] (0.00ns)   --->   "%mux_case_60351 = alloca i32 1"   --->   Operation 66 'alloca' 'mux_case_60351' <Predicate = true> <Delay = 0.00>
ST_1 : Operation 67 [1/1] (0.00ns)   --->   "%mux_case_61355 = alloca i32 1"   --->   Operation 67 'alloca' 'mux_case_61355' <Predicate = true> <Delay = 0.00>
ST_1 : Operation 68 [1/1] (0.00ns)   --->   "%mux_case_62359 = alloca i32 1"   --->   Operation 68 'alloca' 'mux_case_62359' <Predicate = true> <Delay = 0.00>
ST_1 : Operation 69 [1/1] (0.00ns)   --->   "%mux_case_63363 = alloca i32 1"   --->   Operation 69 'alloca' 'mux_case_63363' <Predicate = true> <Delay = 0.00>
ST_1 : Operation 70 [1/1] (0.00ns)   --->   "%mux_case_64367 = alloca i32 1"   --->   Operation 70 'alloca' 'mux_case_64367' <Predicate = true> <Delay = 0.00>
ST_1 : Operation 71 [1/1] (0.00ns)   --->   "%mux_case_65371 = alloca i32 1"   --->   Operation 71 'alloca' 'mux_case_65371' <Predicate = true> <Delay = 0.00>
ST_1 : Operation 72 [1/1] (0.00ns)   --->   "%mux_case_66375 = alloca i32 1"   --->   Operation 72 'alloca' 'mux_case_66375' <Predicate = true> <Delay = 0.00>
ST_1 : Operation 73 [1/1] (0.00ns)   --->   "%mux_case_67379 = alloca i32 1"   --->   Operation 73 'alloca' 'mux_case_67379' <Predicate = true> <Delay = 0.00>
ST_1 : Operation 74 [1/1] (0.00ns)   --->   "%mux_case_68383 = alloca i32 1"   --->   Operation 74 'alloca' 'mux_case_68383' <Predicate = true> <Delay = 0.00>
ST_1 : Operation 75 [1/1] (0.00ns)   --->   "%mux_case_69387 = alloca i32 1"   --->   Operation 75 'alloca' 'mux_case_69387' <Predicate = true> <Delay = 0.00>
ST_1 : Operation 76 [1/1] (0.00ns)   --->   "%mux_case_70391 = alloca i32 1"   --->   Operation 76 'alloca' 'mux_case_70391' <Predicate = true> <Delay = 0.00>
ST_1 : Operation 77 [1/1] (0.00ns)   --->   "%mux_case_71395 = alloca i32 1"   --->   Operation 77 'alloca' 'mux_case_71395' <Predicate = true> <Delay = 0.00>
ST_1 : Operation 78 [1/1] (0.00ns)   --->   "%mux_case_72399 = alloca i32 1"   --->   Operation 78 'alloca' 'mux_case_72399' <Predicate = true> <Delay = 0.00>
ST_1 : Operation 79 [1/1] (0.00ns)   --->   "%mux_case_73403 = alloca i32 1"   --->   Operation 79 'alloca' 'mux_case_73403' <Predicate = true> <Delay = 0.00>
ST_1 : Operation 80 [1/1] (0.00ns)   --->   "%mux_case_74407 = alloca i32 1"   --->   Operation 80 'alloca' 'mux_case_74407' <Predicate = true> <Delay = 0.00>
ST_1 : Operation 81 [1/1] (0.00ns)   --->   "%mux_case_75411 = alloca i32 1"   --->   Operation 81 'alloca' 'mux_case_75411' <Predicate = true> <Delay = 0.00>
ST_1 : Operation 82 [1/1] (0.00ns)   --->   "%mux_case_76415 = alloca i32 1"   --->   Operation 82 'alloca' 'mux_case_76415' <Predicate = true> <Delay = 0.00>
ST_1 : Operation 83 [1/1] (0.00ns)   --->   "%mux_case_77419 = alloca i32 1"   --->   Operation 83 'alloca' 'mux_case_77419' <Predicate = true> <Delay = 0.00>
ST_1 : Operation 84 [1/1] (0.00ns)   --->   "%mux_case_78423 = alloca i32 1"   --->   Operation 84 'alloca' 'mux_case_78423' <Predicate = true> <Delay = 0.00>
ST_1 : Operation 85 [1/1] (0.00ns)   --->   "%mux_case_79427 = alloca i32 1"   --->   Operation 85 'alloca' 'mux_case_79427' <Predicate = true> <Delay = 0.00>
ST_1 : Operation 86 [1/1] (0.00ns)   --->   "%mux_case_80431 = alloca i32 1"   --->   Operation 86 'alloca' 'mux_case_80431' <Predicate = true> <Delay = 0.00>
ST_1 : Operation 87 [1/1] (0.00ns)   --->   "%mux_case_81435 = alloca i32 1"   --->   Operation 87 'alloca' 'mux_case_81435' <Predicate = true> <Delay = 0.00>
ST_1 : Operation 88 [1/1] (0.00ns)   --->   "%mux_case_82439 = alloca i32 1"   --->   Operation 88 'alloca' 'mux_case_82439' <Predicate = true> <Delay = 0.00>
ST_1 : Operation 89 [1/1] (0.00ns)   --->   "%mux_case_83443 = alloca i32 1"   --->   Operation 89 'alloca' 'mux_case_83443' <Predicate = true> <Delay = 0.00>
ST_1 : Operation 90 [1/1] (0.00ns)   --->   "%mux_case_84447 = alloca i32 1"   --->   Operation 90 'alloca' 'mux_case_84447' <Predicate = true> <Delay = 0.00>
ST_1 : Operation 91 [1/1] (0.00ns)   --->   "%mux_case_85451 = alloca i32 1"   --->   Operation 91 'alloca' 'mux_case_85451' <Predicate = true> <Delay = 0.00>
ST_1 : Operation 92 [1/1] (0.00ns)   --->   "%mux_case_86455 = alloca i32 1"   --->   Operation 92 'alloca' 'mux_case_86455' <Predicate = true> <Delay = 0.00>
ST_1 : Operation 93 [1/1] (0.00ns)   --->   "%mux_case_87459 = alloca i32 1"   --->   Operation 93 'alloca' 'mux_case_87459' <Predicate = true> <Delay = 0.00>
ST_1 : Operation 94 [1/1] (0.00ns)   --->   "%mux_case_88463 = alloca i32 1"   --->   Operation 94 'alloca' 'mux_case_88463' <Predicate = true> <Delay = 0.00>
ST_1 : Operation 95 [1/1] (0.00ns)   --->   "%mux_case_89467 = alloca i32 1"   --->   Operation 95 'alloca' 'mux_case_89467' <Predicate = true> <Delay = 0.00>
ST_1 : Operation 96 [1/1] (0.00ns)   --->   "%mux_case_90471 = alloca i32 1"   --->   Operation 96 'alloca' 'mux_case_90471' <Predicate = true> <Delay = 0.00>
ST_1 : Operation 97 [1/1] (0.00ns)   --->   "%mux_case_91475 = alloca i32 1"   --->   Operation 97 'alloca' 'mux_case_91475' <Predicate = true> <Delay = 0.00>
ST_1 : Operation 98 [1/1] (0.00ns)   --->   "%mux_case_92479 = alloca i32 1"   --->   Operation 98 'alloca' 'mux_case_92479' <Predicate = true> <Delay = 0.00>
ST_1 : Operation 99 [1/1] (0.00ns)   --->   "%mux_case_93483 = alloca i32 1"   --->   Operation 99 'alloca' 'mux_case_93483' <Predicate = true> <Delay = 0.00>
ST_1 : Operation 100 [1/1] (0.00ns)   --->   "%mux_case_94487 = alloca i32 1"   --->   Operation 100 'alloca' 'mux_case_94487' <Predicate = true> <Delay = 0.00>
ST_1 : Operation 101 [1/1] (0.00ns)   --->   "%mux_case_95491 = alloca i32 1"   --->   Operation 101 'alloca' 'mux_case_95491' <Predicate = true> <Delay = 0.00>
ST_1 : Operation 102 [1/1] (0.00ns)   --->   "%mux_case_96495 = alloca i32 1"   --->   Operation 102 'alloca' 'mux_case_96495' <Predicate = true> <Delay = 0.00>
ST_1 : Operation 103 [1/1] (0.00ns)   --->   "%mux_case_97499 = alloca i32 1"   --->   Operation 103 'alloca' 'mux_case_97499' <Predicate = true> <Delay = 0.00>
ST_1 : Operation 104 [1/1] (0.00ns)   --->   "%mux_case_98503 = alloca i32 1"   --->   Operation 104 'alloca' 'mux_case_98503' <Predicate = true> <Delay = 0.00>
ST_1 : Operation 105 [1/1] (0.00ns)   --->   "%mux_case_99507 = alloca i32 1"   --->   Operation 105 'alloca' 'mux_case_99507' <Predicate = true> <Delay = 0.00>
ST_1 : Operation 106 [1/1] (0.00ns)   --->   "%mux_case_03511 = alloca i32 1"   --->   Operation 106 'alloca' 'mux_case_03511' <Predicate = true> <Delay = 0.00>
ST_1 : Operation 107 [1/1] (0.00ns)   --->   "%mux_case_110515 = alloca i32 1"   --->   Operation 107 'alloca' 'mux_case_110515' <Predicate = true> <Delay = 0.00>
ST_1 : Operation 108 [1/1] (0.00ns)   --->   "%mux_case_211519 = alloca i32 1"   --->   Operation 108 'alloca' 'mux_case_211519' <Predicate = true> <Delay = 0.00>
ST_1 : Operation 109 [1/1] (0.00ns)   --->   "%mux_case_312523 = alloca i32 1"   --->   Operation 109 'alloca' 'mux_case_312523' <Predicate = true> <Delay = 0.00>
ST_1 : Operation 110 [1/1] (0.00ns)   --->   "%mux_case_413527 = alloca i32 1"   --->   Operation 110 'alloca' 'mux_case_413527' <Predicate = true> <Delay = 0.00>
ST_1 : Operation 111 [1/1] (0.00ns)   --->   "%mux_case_514531 = alloca i32 1"   --->   Operation 111 'alloca' 'mux_case_514531' <Predicate = true> <Delay = 0.00>
ST_1 : Operation 112 [1/1] (0.00ns)   --->   "%mux_case_615535 = alloca i32 1"   --->   Operation 112 'alloca' 'mux_case_615535' <Predicate = true> <Delay = 0.00>
ST_1 : Operation 113 [1/1] (0.00ns)   --->   "%mux_case_716539 = alloca i32 1"   --->   Operation 113 'alloca' 'mux_case_716539' <Predicate = true> <Delay = 0.00>
ST_1 : Operation 114 [1/1] (0.00ns)   --->   "%mux_case_817543 = alloca i32 1"   --->   Operation 114 'alloca' 'mux_case_817543' <Predicate = true> <Delay = 0.00>
ST_1 : Operation 115 [1/1] (0.00ns)   --->   "%mux_case_918547 = alloca i32 1"   --->   Operation 115 'alloca' 'mux_case_918547' <Predicate = true> <Delay = 0.00>
ST_1 : Operation 116 [1/1] (0.00ns)   --->   "%mux_case_1019551 = alloca i32 1"   --->   Operation 116 'alloca' 'mux_case_1019551' <Predicate = true> <Delay = 0.00>
ST_1 : Operation 117 [1/1] (0.00ns)   --->   "%mux_case_1120555 = alloca i32 1"   --->   Operation 117 'alloca' 'mux_case_1120555' <Predicate = true> <Delay = 0.00>
ST_1 : Operation 118 [1/1] (0.00ns)   --->   "%mux_case_1221559 = alloca i32 1"   --->   Operation 118 'alloca' 'mux_case_1221559' <Predicate = true> <Delay = 0.00>
ST_1 : Operation 119 [1/1] (0.00ns)   --->   "%mux_case_1322563 = alloca i32 1"   --->   Operation 119 'alloca' 'mux_case_1322563' <Predicate = true> <Delay = 0.00>
ST_1 : Operation 120 [1/1] (0.00ns)   --->   "%mux_case_1423567 = alloca i32 1"   --->   Operation 120 'alloca' 'mux_case_1423567' <Predicate = true> <Delay = 0.00>
ST_1 : Operation 121 [1/1] (0.00ns)   --->   "%mux_case_1524571 = alloca i32 1"   --->   Operation 121 'alloca' 'mux_case_1524571' <Predicate = true> <Delay = 0.00>
ST_1 : Operation 122 [1/1] (0.00ns)   --->   "%mux_case_1625575 = alloca i32 1"   --->   Operation 122 'alloca' 'mux_case_1625575' <Predicate = true> <Delay = 0.00>
ST_1 : Operation 123 [1/1] (0.00ns)   --->   "%mux_case_1726579 = alloca i32 1"   --->   Operation 123 'alloca' 'mux_case_1726579' <Predicate = true> <Delay = 0.00>
ST_1 : Operation 124 [1/1] (0.00ns)   --->   "%mux_case_1827583 = alloca i32 1"   --->   Operation 124 'alloca' 'mux_case_1827583' <Predicate = true> <Delay = 0.00>
ST_1 : Operation 125 [1/1] (0.00ns)   --->   "%mux_case_1928587 = alloca i32 1"   --->   Operation 125 'alloca' 'mux_case_1928587' <Predicate = true> <Delay = 0.00>
ST_1 : Operation 126 [1/1] (0.00ns)   --->   "%mux_case_2029591 = alloca i32 1"   --->   Operation 126 'alloca' 'mux_case_2029591' <Predicate = true> <Delay = 0.00>
ST_1 : Operation 127 [1/1] (0.00ns)   --->   "%mux_case_2130595 = alloca i32 1"   --->   Operation 127 'alloca' 'mux_case_2130595' <Predicate = true> <Delay = 0.00>
ST_1 : Operation 128 [1/1] (0.00ns)   --->   "%mux_case_2231599 = alloca i32 1"   --->   Operation 128 'alloca' 'mux_case_2231599' <Predicate = true> <Delay = 0.00>
ST_1 : Operation 129 [1/1] (0.00ns)   --->   "%mux_case_2332603 = alloca i32 1"   --->   Operation 129 'alloca' 'mux_case_2332603' <Predicate = true> <Delay = 0.00>
ST_1 : Operation 130 [1/1] (0.00ns)   --->   "%mux_case_2433607 = alloca i32 1"   --->   Operation 130 'alloca' 'mux_case_2433607' <Predicate = true> <Delay = 0.00>
ST_1 : Operation 131 [1/1] (0.00ns)   --->   "%mux_case_2534611 = alloca i32 1"   --->   Operation 131 'alloca' 'mux_case_2534611' <Predicate = true> <Delay = 0.00>
ST_1 : Operation 132 [1/1] (0.00ns)   --->   "%mux_case_2635615 = alloca i32 1"   --->   Operation 132 'alloca' 'mux_case_2635615' <Predicate = true> <Delay = 0.00>
ST_1 : Operation 133 [1/1] (0.00ns)   --->   "%mux_case_2736619 = alloca i32 1"   --->   Operation 133 'alloca' 'mux_case_2736619' <Predicate = true> <Delay = 0.00>
ST_1 : Operation 134 [1/1] (0.00ns)   --->   "%mux_case_2837623 = alloca i32 1"   --->   Operation 134 'alloca' 'mux_case_2837623' <Predicate = true> <Delay = 0.00>
ST_1 : Operation 135 [1/1] (0.00ns)   --->   "%mux_case_2938627 = alloca i32 1"   --->   Operation 135 'alloca' 'mux_case_2938627' <Predicate = true> <Delay = 0.00>
ST_1 : Operation 136 [1/1] (0.00ns)   --->   "%mux_case_3039631 = alloca i32 1"   --->   Operation 136 'alloca' 'mux_case_3039631' <Predicate = true> <Delay = 0.00>
ST_1 : Operation 137 [1/1] (0.00ns)   --->   "%mux_case_3140635 = alloca i32 1"   --->   Operation 137 'alloca' 'mux_case_3140635' <Predicate = true> <Delay = 0.00>
ST_1 : Operation 138 [1/1] (0.00ns)   --->   "%mux_case_3241639 = alloca i32 1"   --->   Operation 138 'alloca' 'mux_case_3241639' <Predicate = true> <Delay = 0.00>
ST_1 : Operation 139 [1/1] (0.00ns)   --->   "%mux_case_3342643 = alloca i32 1"   --->   Operation 139 'alloca' 'mux_case_3342643' <Predicate = true> <Delay = 0.00>
ST_1 : Operation 140 [1/1] (0.00ns)   --->   "%mux_case_3443647 = alloca i32 1"   --->   Operation 140 'alloca' 'mux_case_3443647' <Predicate = true> <Delay = 0.00>
ST_1 : Operation 141 [1/1] (0.00ns)   --->   "%mux_case_3544651 = alloca i32 1"   --->   Operation 141 'alloca' 'mux_case_3544651' <Predicate = true> <Delay = 0.00>
ST_1 : Operation 142 [1/1] (0.00ns)   --->   "%mux_case_3645655 = alloca i32 1"   --->   Operation 142 'alloca' 'mux_case_3645655' <Predicate = true> <Delay = 0.00>
ST_1 : Operation 143 [1/1] (0.00ns)   --->   "%mux_case_3746659 = alloca i32 1"   --->   Operation 143 'alloca' 'mux_case_3746659' <Predicate = true> <Delay = 0.00>
ST_1 : Operation 144 [1/1] (0.00ns)   --->   "%mux_case_3847663 = alloca i32 1"   --->   Operation 144 'alloca' 'mux_case_3847663' <Predicate = true> <Delay = 0.00>
ST_1 : Operation 145 [1/1] (0.00ns)   --->   "%mux_case_3948667 = alloca i32 1"   --->   Operation 145 'alloca' 'mux_case_3948667' <Predicate = true> <Delay = 0.00>
ST_1 : Operation 146 [1/1] (0.00ns)   --->   "%mux_case_4049671 = alloca i32 1"   --->   Operation 146 'alloca' 'mux_case_4049671' <Predicate = true> <Delay = 0.00>
ST_1 : Operation 147 [1/1] (0.00ns)   --->   "%mux_case_4150675 = alloca i32 1"   --->   Operation 147 'alloca' 'mux_case_4150675' <Predicate = true> <Delay = 0.00>
ST_1 : Operation 148 [1/1] (0.00ns)   --->   "%mux_case_4251679 = alloca i32 1"   --->   Operation 148 'alloca' 'mux_case_4251679' <Predicate = true> <Delay = 0.00>
ST_1 : Operation 149 [1/1] (0.00ns)   --->   "%mux_case_4352683 = alloca i32 1"   --->   Operation 149 'alloca' 'mux_case_4352683' <Predicate = true> <Delay = 0.00>
ST_1 : Operation 150 [1/1] (0.00ns)   --->   "%mux_case_4453687 = alloca i32 1"   --->   Operation 150 'alloca' 'mux_case_4453687' <Predicate = true> <Delay = 0.00>
ST_1 : Operation 151 [1/1] (0.00ns)   --->   "%mux_case_4554691 = alloca i32 1"   --->   Operation 151 'alloca' 'mux_case_4554691' <Predicate = true> <Delay = 0.00>
ST_1 : Operation 152 [1/1] (0.00ns)   --->   "%mux_case_4655695 = alloca i32 1"   --->   Operation 152 'alloca' 'mux_case_4655695' <Predicate = true> <Delay = 0.00>
ST_1 : Operation 153 [1/1] (0.00ns)   --->   "%mux_case_4756699 = alloca i32 1"   --->   Operation 153 'alloca' 'mux_case_4756699' <Predicate = true> <Delay = 0.00>
ST_1 : Operation 154 [1/1] (0.00ns)   --->   "%mux_case_4857703 = alloca i32 1"   --->   Operation 154 'alloca' 'mux_case_4857703' <Predicate = true> <Delay = 0.00>
ST_1 : Operation 155 [1/1] (0.00ns)   --->   "%mux_case_4958707 = alloca i32 1"   --->   Operation 155 'alloca' 'mux_case_4958707' <Predicate = true> <Delay = 0.00>
ST_1 : Operation 156 [1/1] (0.00ns)   --->   "%mux_case_5059711 = alloca i32 1"   --->   Operation 156 'alloca' 'mux_case_5059711' <Predicate = true> <Delay = 0.00>
ST_1 : Operation 157 [1/1] (0.00ns)   --->   "%mux_case_5160715 = alloca i32 1"   --->   Operation 157 'alloca' 'mux_case_5160715' <Predicate = true> <Delay = 0.00>
ST_1 : Operation 158 [1/1] (0.00ns)   --->   "%mux_case_5261719 = alloca i32 1"   --->   Operation 158 'alloca' 'mux_case_5261719' <Predicate = true> <Delay = 0.00>
ST_1 : Operation 159 [1/1] (0.00ns)   --->   "%mux_case_5362723 = alloca i32 1"   --->   Operation 159 'alloca' 'mux_case_5362723' <Predicate = true> <Delay = 0.00>
ST_1 : Operation 160 [1/1] (0.00ns)   --->   "%mux_case_5463727 = alloca i32 1"   --->   Operation 160 'alloca' 'mux_case_5463727' <Predicate = true> <Delay = 0.00>
ST_1 : Operation 161 [1/1] (0.00ns)   --->   "%mux_case_5564731 = alloca i32 1"   --->   Operation 161 'alloca' 'mux_case_5564731' <Predicate = true> <Delay = 0.00>
ST_1 : Operation 162 [1/1] (0.00ns)   --->   "%mux_case_5665735 = alloca i32 1"   --->   Operation 162 'alloca' 'mux_case_5665735' <Predicate = true> <Delay = 0.00>
ST_1 : Operation 163 [1/1] (0.00ns)   --->   "%mux_case_5766739 = alloca i32 1"   --->   Operation 163 'alloca' 'mux_case_5766739' <Predicate = true> <Delay = 0.00>
ST_1 : Operation 164 [1/1] (0.00ns)   --->   "%mux_case_5867743 = alloca i32 1"   --->   Operation 164 'alloca' 'mux_case_5867743' <Predicate = true> <Delay = 0.00>
ST_1 : Operation 165 [1/1] (0.00ns)   --->   "%mux_case_5968747 = alloca i32 1"   --->   Operation 165 'alloca' 'mux_case_5968747' <Predicate = true> <Delay = 0.00>
ST_1 : Operation 166 [1/1] (0.00ns)   --->   "%mux_case_6069751 = alloca i32 1"   --->   Operation 166 'alloca' 'mux_case_6069751' <Predicate = true> <Delay = 0.00>
ST_1 : Operation 167 [1/1] (0.00ns)   --->   "%mux_case_6170755 = alloca i32 1"   --->   Operation 167 'alloca' 'mux_case_6170755' <Predicate = true> <Delay = 0.00>
ST_1 : Operation 168 [1/1] (0.00ns)   --->   "%mux_case_6271759 = alloca i32 1"   --->   Operation 168 'alloca' 'mux_case_6271759' <Predicate = true> <Delay = 0.00>
ST_1 : Operation 169 [1/1] (0.00ns)   --->   "%mux_case_6372763 = alloca i32 1"   --->   Operation 169 'alloca' 'mux_case_6372763' <Predicate = true> <Delay = 0.00>
ST_1 : Operation 170 [1/1] (0.00ns)   --->   "%mux_case_6473767 = alloca i32 1"   --->   Operation 170 'alloca' 'mux_case_6473767' <Predicate = true> <Delay = 0.00>
ST_1 : Operation 171 [1/1] (0.00ns)   --->   "%mux_case_6574771 = alloca i32 1"   --->   Operation 171 'alloca' 'mux_case_6574771' <Predicate = true> <Delay = 0.00>
ST_1 : Operation 172 [1/1] (0.00ns)   --->   "%mux_case_6675775 = alloca i32 1"   --->   Operation 172 'alloca' 'mux_case_6675775' <Predicate = true> <Delay = 0.00>
ST_1 : Operation 173 [1/1] (0.00ns)   --->   "%mux_case_6776779 = alloca i32 1"   --->   Operation 173 'alloca' 'mux_case_6776779' <Predicate = true> <Delay = 0.00>
ST_1 : Operation 174 [1/1] (0.00ns)   --->   "%mux_case_6877783 = alloca i32 1"   --->   Operation 174 'alloca' 'mux_case_6877783' <Predicate = true> <Delay = 0.00>
ST_1 : Operation 175 [1/1] (0.00ns)   --->   "%mux_case_6978787 = alloca i32 1"   --->   Operation 175 'alloca' 'mux_case_6978787' <Predicate = true> <Delay = 0.00>
ST_1 : Operation 176 [1/1] (0.00ns)   --->   "%mux_case_7079791 = alloca i32 1"   --->   Operation 176 'alloca' 'mux_case_7079791' <Predicate = true> <Delay = 0.00>
ST_1 : Operation 177 [1/1] (0.00ns)   --->   "%mux_case_7180795 = alloca i32 1"   --->   Operation 177 'alloca' 'mux_case_7180795' <Predicate = true> <Delay = 0.00>
ST_1 : Operation 178 [1/1] (0.00ns)   --->   "%mux_case_7281799 = alloca i32 1"   --->   Operation 178 'alloca' 'mux_case_7281799' <Predicate = true> <Delay = 0.00>
ST_1 : Operation 179 [1/1] (0.00ns)   --->   "%mux_case_7382803 = alloca i32 1"   --->   Operation 179 'alloca' 'mux_case_7382803' <Predicate = true> <Delay = 0.00>
ST_1 : Operation 180 [1/1] (0.00ns)   --->   "%mux_case_7483807 = alloca i32 1"   --->   Operation 180 'alloca' 'mux_case_7483807' <Predicate = true> <Delay = 0.00>
ST_1 : Operation 181 [1/1] (0.00ns)   --->   "%mux_case_7584811 = alloca i32 1"   --->   Operation 181 'alloca' 'mux_case_7584811' <Predicate = true> <Delay = 0.00>
ST_1 : Operation 182 [1/1] (0.00ns)   --->   "%mux_case_7685815 = alloca i32 1"   --->   Operation 182 'alloca' 'mux_case_7685815' <Predicate = true> <Delay = 0.00>
ST_1 : Operation 183 [1/1] (0.00ns)   --->   "%mux_case_7786819 = alloca i32 1"   --->   Operation 183 'alloca' 'mux_case_7786819' <Predicate = true> <Delay = 0.00>
ST_1 : Operation 184 [1/1] (0.00ns)   --->   "%mux_case_7887823 = alloca i32 1"   --->   Operation 184 'alloca' 'mux_case_7887823' <Predicate = true> <Delay = 0.00>
ST_1 : Operation 185 [1/1] (0.00ns)   --->   "%mux_case_7988827 = alloca i32 1"   --->   Operation 185 'alloca' 'mux_case_7988827' <Predicate = true> <Delay = 0.00>
ST_1 : Operation 186 [1/1] (0.00ns)   --->   "%mux_case_8089831 = alloca i32 1"   --->   Operation 186 'alloca' 'mux_case_8089831' <Predicate = true> <Delay = 0.00>
ST_1 : Operation 187 [1/1] (0.00ns)   --->   "%mux_case_8190835 = alloca i32 1"   --->   Operation 187 'alloca' 'mux_case_8190835' <Predicate = true> <Delay = 0.00>
ST_1 : Operation 188 [1/1] (0.00ns)   --->   "%mux_case_8291839 = alloca i32 1"   --->   Operation 188 'alloca' 'mux_case_8291839' <Predicate = true> <Delay = 0.00>
ST_1 : Operation 189 [1/1] (0.00ns)   --->   "%mux_case_8392843 = alloca i32 1"   --->   Operation 189 'alloca' 'mux_case_8392843' <Predicate = true> <Delay = 0.00>
ST_1 : Operation 190 [1/1] (0.00ns)   --->   "%mux_case_8493847 = alloca i32 1"   --->   Operation 190 'alloca' 'mux_case_8493847' <Predicate = true> <Delay = 0.00>
ST_1 : Operation 191 [1/1] (0.00ns)   --->   "%mux_case_8594851 = alloca i32 1"   --->   Operation 191 'alloca' 'mux_case_8594851' <Predicate = true> <Delay = 0.00>
ST_1 : Operation 192 [1/1] (0.00ns)   --->   "%mux_case_8695855 = alloca i32 1"   --->   Operation 192 'alloca' 'mux_case_8695855' <Predicate = true> <Delay = 0.00>
ST_1 : Operation 193 [1/1] (0.00ns)   --->   "%mux_case_8796859 = alloca i32 1"   --->   Operation 193 'alloca' 'mux_case_8796859' <Predicate = true> <Delay = 0.00>
ST_1 : Operation 194 [1/1] (0.00ns)   --->   "%mux_case_8897863 = alloca i32 1"   --->   Operation 194 'alloca' 'mux_case_8897863' <Predicate = true> <Delay = 0.00>
ST_1 : Operation 195 [1/1] (0.00ns)   --->   "%mux_case_8998867 = alloca i32 1"   --->   Operation 195 'alloca' 'mux_case_8998867' <Predicate = true> <Delay = 0.00>
ST_1 : Operation 196 [1/1] (0.00ns)   --->   "%mux_case_9099871 = alloca i32 1"   --->   Operation 196 'alloca' 'mux_case_9099871' <Predicate = true> <Delay = 0.00>
ST_1 : Operation 197 [1/1] (0.00ns)   --->   "%mux_case_91100875 = alloca i32 1"   --->   Operation 197 'alloca' 'mux_case_91100875' <Predicate = true> <Delay = 0.00>
ST_1 : Operation 198 [1/1] (0.00ns)   --->   "%mux_case_92101879 = alloca i32 1"   --->   Operation 198 'alloca' 'mux_case_92101879' <Predicate = true> <Delay = 0.00>
ST_1 : Operation 199 [1/1] (0.00ns)   --->   "%mux_case_93102883 = alloca i32 1"   --->   Operation 199 'alloca' 'mux_case_93102883' <Predicate = true> <Delay = 0.00>
ST_1 : Operation 200 [1/1] (0.00ns)   --->   "%mux_case_94103887 = alloca i32 1"   --->   Operation 200 'alloca' 'mux_case_94103887' <Predicate = true> <Delay = 0.00>
ST_1 : Operation 201 [1/1] (0.00ns)   --->   "%mux_case_95104891 = alloca i32 1"   --->   Operation 201 'alloca' 'mux_case_95104891' <Predicate = true> <Delay = 0.00>
ST_1 : Operation 202 [1/1] (0.00ns)   --->   "%mux_case_96105895 = alloca i32 1"   --->   Operation 202 'alloca' 'mux_case_96105895' <Predicate = true> <Delay = 0.00>
ST_1 : Operation 203 [1/1] (0.00ns)   --->   "%mux_case_97106899 = alloca i32 1"   --->   Operation 203 'alloca' 'mux_case_97106899' <Predicate = true> <Delay = 0.00>
ST_1 : Operation 204 [1/1] (0.00ns)   --->   "%mux_case_98107903 = alloca i32 1"   --->   Operation 204 'alloca' 'mux_case_98107903' <Predicate = true> <Delay = 0.00>
ST_1 : Operation 205 [1/1] (0.00ns)   --->   "%mux_case_99108907 = alloca i32 1"   --->   Operation 205 'alloca' 'mux_case_99108907' <Predicate = true> <Delay = 0.00>
ST_1 : Operation 206 [1/1] (0.00ns)   --->   "%specinterface_ln0 = specinterface void @_ssdm_op_SpecInterface, i128 %atomLocations, void @empty_10, i32 0, i32 0, void @empty_27, i32 4294967295, i32 0, void @empty_27, void @empty_27, void @empty_27, i32 0, i32 0, i32 0, i32 0, void @empty_27, void @empty_27, i32 4294967295, i32 0, i32 0"   --->   Operation 206 'specinterface' 'specinterface_ln0' <Predicate = true> <Delay = 0.00>
ST_1 : Operation 207 [1/1] (0.00ns)   --->   "%atomLocationsSize_read = read i32 @_ssdm_op_Read.ap_auto.i32, i32 %atomLocationsSize"   --->   Operation 207 'read' 'atomLocationsSize_read' <Predicate = true> <Delay = 0.00>
ST_1 : Operation 208 [1/1] (1.58ns)   --->   "%store_ln13 = store i7 0, i7 %i" [../image_analysis.cpp:13]   --->   Operation 208 'store' 'store_ln13' <Predicate = true> <Delay = 1.58>
ST_1 : Operation 209 [1/1] (0.00ns)   --->   "%br_ln0 = br void %for.inc"   --->   Operation 209 'br' 'br_ln0' <Predicate = true> <Delay = 0.00>
ST_1 : Operation 210 [1/1] (0.00ns)   --->   "%i_2 = load i7 %i" [../image_analysis.cpp:13]   --->   Operation 210 'load' 'i_2' <Predicate = true> <Delay = 0.00>
ST_1 : Operation 211 [1/1] (0.00ns)   --->   "%zext_ln13_1 = zext i7 %i_2" [../image_analysis.cpp:13]   --->   Operation 211 'zext' 'zext_ln13_1' <Predicate = true> <Delay = 0.00>
ST_1 : Operation 212 [1/1] (2.55ns)   --->   "%icmp_ln13 = icmp_slt  i32 %zext_ln13_1, i32 %atomLocationsSize_read" [../image_analysis.cpp:13]   --->   Operation 212 'icmp' 'icmp_ln13' <Predicate = true> <Delay = 2.55> <CoreInst = "Cmp">   --->   Core 9 'Cmp' <Latency = 0> <II = 1> <Delay = 2.55> <FuncUnit> <Opcode : 'seteq' 'setne' 'setle' 'setge' 'setlt' 'setgt'> <InPorts = 2> <OutPorts = 1>
ST_1 : Operation 213 [1/1] (1.87ns)   --->   "%add_ln13 = add i7 %i_2, i7 1" [../image_analysis.cpp:13]   --->   Operation 213 'add' 'add_ln13' <Predicate = true> <Delay = 1.87> <CoreInst = "Adder">   --->   Core 1 'Adder' <Latency = 0> <II = 1> <Delay = 1.87> <FuncUnit> <Opcode : 'add' 'sub'> <InPorts = 2> <OutPorts = 1>
ST_1 : Operation 214 [1/1] (0.00ns)   --->   "%br_ln13 = br i1 %icmp_ln13, void %process_loop.loopexit.exitStub, void %for.inc.split" [../image_analysis.cpp:13]   --->   Operation 214 'br' 'br_ln13' <Predicate = true> <Delay = 0.00>
ST_1 : Operation 215 [1/1] (0.00ns)   --->   "%zext_ln13 = zext i7 %i_2" [../image_analysis.cpp:13]   --->   Operation 215 'zext' 'zext_ln13' <Predicate = (icmp_ln13)> <Delay = 0.00>
ST_1 : Operation 216 [1/1] (0.00ns)   --->   "%atomLocations_addr = getelementptr i128 %atomLocations, i64 0, i64 %zext_ln13" [../image_analysis.cpp:15]   --->   Operation 216 'getelementptr' 'atomLocations_addr' <Predicate = (icmp_ln13)> <Delay = 0.00>
ST_1 : Operation 217 [2/2] (3.25ns)   --->   "%atomLocations_load = load i7 %atomLocations_addr" [../image_analysis.cpp:15]   --->   Operation 217 'load' 'atomLocations_load' <Predicate = (icmp_ln13)> <Delay = 3.25> <CoreInst = "RAM">   --->   Core 81 'RAM' <Latency = 1> <II = 1> <Delay = 3.25> <Storage> <Opcode : 'load' 'store'> <Ports = 2> <Width = 128> <Depth = 100> <RAM>
ST_1 : Operation 218 [1/1] (1.87ns)   --->   "%switch_ln15 = switch i7 %i_2, void %arrayidx2.116.case.99, i7 0, void %for.inc.split.arrayidx2.116.exit_crit_edge, i7 1, void %arrayidx2.116.case.1, i7 2, void %arrayidx2.116.case.2, i7 3, void %arrayidx2.116.case.3, i7 4, void %arrayidx2.116.case.4, i7 5, void %arrayidx2.116.case.5, i7 6, void %arrayidx2.116.case.6, i7 7, void %arrayidx2.116.case.7, i7 8, void %arrayidx2.116.case.8, i7 9, void %arrayidx2.116.case.9, i7 10, void %arrayidx2.116.case.10, i7 11, void %arrayidx2.116.case.11, i7 12, void %arrayidx2.116.case.12, i7 13, void %arrayidx2.116.case.13, i7 14, void %arrayidx2.116.case.14, i7 15, void %arrayidx2.116.case.15, i7 16, void %arrayidx2.116.case.16, i7 17, void %arrayidx2.116.case.17, i7 18, void %arrayidx2.116.case.18, i7 19, void %arrayidx2.116.case.19, i7 20, void %arrayidx2.116.case.20, i7 21, void %arrayidx2.116.case.21, i7 22, void %arrayidx2.116.case.22, i7 23, void %arrayidx2.116.case.23, i7 24, void %arrayidx2.116.case.24, i7 25, void %arrayidx2.116.case.25, i7 26, void %arrayidx2.116.case.26, i7 27, void %arrayidx2.116.case.27, i7 28, void %arrayidx2.116.case.28, i7 29, void %arrayidx2.116.case.29, i7 30, void %arrayidx2.116.case.30, i7 31, void %arrayidx2.116.case.31, i7 32, void %arrayidx2.116.case.32, i7 33, void %arrayidx2.116.case.33, i7 34, void %arrayidx2.116.case.34, i7 35, void %arrayidx2.116.case.35, i7 36, void %arrayidx2.116.case.36, i7 37, void %arrayidx2.116.case.37, i7 38, void %arrayidx2.116.case.38, i7 39, void %arrayidx2.116.case.39, i7 40, void %arrayidx2.116.case.40, i7 41, void %arrayidx2.116.case.41, i7 42, void %arrayidx2.116.case.42, i7 43, void %arrayidx2.116.case.43, i7 44, void %arrayidx2.116.case.44, i7 45, void %arrayidx2.116.case.45, i7 46, void %arrayidx2.116.case.46, i7 47, void %arrayidx2.116.case.47, i7 48, void %arrayidx2.116.case.48, i7 49, void %arrayidx2.116.case.49, i7 50, void %arrayidx2.116.case.50, i7 51, void %arrayidx2.116.case.51, i7 52, void %arrayidx2.116.case.52, i7 53, void %arrayidx2.116.case.53, i7 54, void %arrayidx2.116.case.54, i7 55, void %arrayidx2.116.case.55, i7 56, void %arrayidx2.116.case.56, i7 57, void %arrayidx2.116.case.57, i7 58, void %arrayidx2.116.case.58, i7 59, void %arrayidx2.116.case.59, i7 60, void %arrayidx2.116.case.60, i7 61, void %arrayidx2.116.case.61, i7 62, void %arrayidx2.116.case.62, i7 63, void %arrayidx2.116.case.63, i7 64, void %arrayidx2.116.case.64, i7 65, void %arrayidx2.116.case.65, i7 66, void %arrayidx2.116.case.66, i7 67, void %arrayidx2.116.case.67, i7 68, void %arrayidx2.116.case.68, i7 69, void %arrayidx2.116.case.69, i7 70, void %arrayidx2.116.case.70, i7 71, void %arrayidx2.116.case.71, i7 72, void %arrayidx2.116.case.72, i7 73, void %arrayidx2.116.case.73, i7 74, void %arrayidx2.116.case.74, i7 75, void %arrayidx2.116.case.75, i7 76, void %arrayidx2.116.case.76, i7 77, void %arrayidx2.116.case.77, i7 78, void %arrayidx2.116.case.78, i7 79, void %arrayidx2.116.case.79, i7 80, void %arrayidx2.116.case.80, i7 81, void %arrayidx2.116.case.81, i7 82, void %arrayidx2.116.case.82, i7 83, void %arrayidx2.116.case.83, i7 84, void %arrayidx2.116.case.84, i7 85, void %arrayidx2.116.case.85, i7 86, void %arrayidx2.116.case.86, i7 87, void %arrayidx2.116.case.87, i7 88, void %arrayidx2.116.case.88, i7 89, void %arrayidx2.116.case.89, i7 90, void %arrayidx2.116.case.90, i7 91, void %arrayidx2.116.case.91, i7 92, void %arrayidx2.116.case.92, i7 93, void %arrayidx2.116.case.93, i7 94, void %arrayidx2.116.case.94, i7 95, void %arrayidx2.116.case.95, i7 96, void %arrayidx2.116.case.96, i7 97, void %arrayidx2.116.case.97, i7 98, void %arrayidx2.116.case.98" [../image_analysis.cpp:15]   --->   Operation 218 'switch' 'switch_ln15' <Predicate = (icmp_ln13)> <Delay = 1.87>
ST_1 : Operation 219 [1/1] (1.58ns)   --->   "%store_ln13 = store i7 %add_ln13, i7 %i" [../image_analysis.cpp:13]   --->   Operation 219 'store' 'store_ln13' <Predicate = (icmp_ln13)> <Delay = 1.58>
ST_1 : Operation 220 [1/1] (0.00ns)   --->   "%br_ln13 = br void %for.inc" [../image_analysis.cpp:13]   --->   Operation 220 'br' 'br_ln13' <Predicate = (icmp_ln13)> <Delay = 0.00>
ST_1 : Operation 528 [1/1] (0.00ns)   --->   "%mux_case_0111_load = load i64 %mux_case_0111"   --->   Operation 528 'load' 'mux_case_0111_load' <Predicate = (!icmp_ln13)> <Delay = 0.00>
ST_1 : Operation 529 [1/1] (0.00ns)   --->   "%mux_case_1115_load = load i64 %mux_case_1115"   --->   Operation 529 'load' 'mux_case_1115_load' <Predicate = (!icmp_ln13)> <Delay = 0.00>
ST_1 : Operation 530 [1/1] (0.00ns)   --->   "%mux_case_2119_load = load i64 %mux_case_2119"   --->   Operation 530 'load' 'mux_case_2119_load' <Predicate = (!icmp_ln13)> <Delay = 0.00>
ST_1 : Operation 531 [1/1] (0.00ns)   --->   "%mux_case_3123_load = load i64 %mux_case_3123"   --->   Operation 531 'load' 'mux_case_3123_load' <Predicate = (!icmp_ln13)> <Delay = 0.00>
ST_1 : Operation 532 [1/1] (0.00ns)   --->   "%mux_case_4127_load = load i64 %mux_case_4127"   --->   Operation 532 'load' 'mux_case_4127_load' <Predicate = (!icmp_ln13)> <Delay = 0.00>
ST_1 : Operation 533 [1/1] (0.00ns)   --->   "%mux_case_5131_load = load i64 %mux_case_5131"   --->   Operation 533 'load' 'mux_case_5131_load' <Predicate = (!icmp_ln13)> <Delay = 0.00>
ST_1 : Operation 534 [1/1] (0.00ns)   --->   "%mux_case_6135_load = load i64 %mux_case_6135"   --->   Operation 534 'load' 'mux_case_6135_load' <Predicate = (!icmp_ln13)> <Delay = 0.00>
ST_1 : Operation 535 [1/1] (0.00ns)   --->   "%mux_case_7139_load = load i64 %mux_case_7139"   --->   Operation 535 'load' 'mux_case_7139_load' <Predicate = (!icmp_ln13)> <Delay = 0.00>
ST_1 : Operation 536 [1/1] (0.00ns)   --->   "%mux_case_8143_load = load i64 %mux_case_8143"   --->   Operation 536 'load' 'mux_case_8143_load' <Predicate = (!icmp_ln13)> <Delay = 0.00>
ST_1 : Operation 537 [1/1] (0.00ns)   --->   "%mux_case_9147_load = load i64 %mux_case_9147"   --->   Operation 537 'load' 'mux_case_9147_load' <Predicate = (!icmp_ln13)> <Delay = 0.00>
ST_1 : Operation 538 [1/1] (0.00ns)   --->   "%mux_case_10151_load = load i64 %mux_case_10151"   --->   Operation 538 'load' 'mux_case_10151_load' <Predicate = (!icmp_ln13)> <Delay = 0.00>
ST_1 : Operation 539 [1/1] (0.00ns)   --->   "%mux_case_11155_load = load i64 %mux_case_11155"   --->   Operation 539 'load' 'mux_case_11155_load' <Predicate = (!icmp_ln13)> <Delay = 0.00>
ST_1 : Operation 540 [1/1] (0.00ns)   --->   "%mux_case_12159_load = load i64 %mux_case_12159"   --->   Operation 540 'load' 'mux_case_12159_load' <Predicate = (!icmp_ln13)> <Delay = 0.00>
ST_1 : Operation 541 [1/1] (0.00ns)   --->   "%mux_case_13163_load = load i64 %mux_case_13163"   --->   Operation 541 'load' 'mux_case_13163_load' <Predicate = (!icmp_ln13)> <Delay = 0.00>
ST_1 : Operation 542 [1/1] (0.00ns)   --->   "%mux_case_14167_load = load i64 %mux_case_14167"   --->   Operation 542 'load' 'mux_case_14167_load' <Predicate = (!icmp_ln13)> <Delay = 0.00>
ST_1 : Operation 543 [1/1] (0.00ns)   --->   "%mux_case_15171_load = load i64 %mux_case_15171"   --->   Operation 543 'load' 'mux_case_15171_load' <Predicate = (!icmp_ln13)> <Delay = 0.00>
ST_1 : Operation 544 [1/1] (0.00ns)   --->   "%mux_case_16175_load = load i64 %mux_case_16175"   --->   Operation 544 'load' 'mux_case_16175_load' <Predicate = (!icmp_ln13)> <Delay = 0.00>
ST_1 : Operation 545 [1/1] (0.00ns)   --->   "%mux_case_17179_load = load i64 %mux_case_17179"   --->   Operation 545 'load' 'mux_case_17179_load' <Predicate = (!icmp_ln13)> <Delay = 0.00>
ST_1 : Operation 546 [1/1] (0.00ns)   --->   "%mux_case_18183_load = load i64 %mux_case_18183"   --->   Operation 546 'load' 'mux_case_18183_load' <Predicate = (!icmp_ln13)> <Delay = 0.00>
ST_1 : Operation 547 [1/1] (0.00ns)   --->   "%mux_case_19187_load = load i64 %mux_case_19187"   --->   Operation 547 'load' 'mux_case_19187_load' <Predicate = (!icmp_ln13)> <Delay = 0.00>
ST_1 : Operation 548 [1/1] (0.00ns)   --->   "%mux_case_20191_load = load i64 %mux_case_20191"   --->   Operation 548 'load' 'mux_case_20191_load' <Predicate = (!icmp_ln13)> <Delay = 0.00>
ST_1 : Operation 549 [1/1] (0.00ns)   --->   "%mux_case_21195_load = load i64 %mux_case_21195"   --->   Operation 549 'load' 'mux_case_21195_load' <Predicate = (!icmp_ln13)> <Delay = 0.00>
ST_1 : Operation 550 [1/1] (0.00ns)   --->   "%mux_case_22199_load = load i64 %mux_case_22199"   --->   Operation 550 'load' 'mux_case_22199_load' <Predicate = (!icmp_ln13)> <Delay = 0.00>
ST_1 : Operation 551 [1/1] (0.00ns)   --->   "%mux_case_23203_load = load i64 %mux_case_23203"   --->   Operation 551 'load' 'mux_case_23203_load' <Predicate = (!icmp_ln13)> <Delay = 0.00>
ST_1 : Operation 552 [1/1] (0.00ns)   --->   "%mux_case_24207_load = load i64 %mux_case_24207"   --->   Operation 552 'load' 'mux_case_24207_load' <Predicate = (!icmp_ln13)> <Delay = 0.00>
ST_1 : Operation 553 [1/1] (0.00ns)   --->   "%mux_case_25211_load = load i64 %mux_case_25211"   --->   Operation 553 'load' 'mux_case_25211_load' <Predicate = (!icmp_ln13)> <Delay = 0.00>
ST_1 : Operation 554 [1/1] (0.00ns)   --->   "%mux_case_26215_load = load i64 %mux_case_26215"   --->   Operation 554 'load' 'mux_case_26215_load' <Predicate = (!icmp_ln13)> <Delay = 0.00>
ST_1 : Operation 555 [1/1] (0.00ns)   --->   "%mux_case_27219_load = load i64 %mux_case_27219"   --->   Operation 555 'load' 'mux_case_27219_load' <Predicate = (!icmp_ln13)> <Delay = 0.00>
ST_1 : Operation 556 [1/1] (0.00ns)   --->   "%mux_case_28223_load = load i64 %mux_case_28223"   --->   Operation 556 'load' 'mux_case_28223_load' <Predicate = (!icmp_ln13)> <Delay = 0.00>
ST_1 : Operation 557 [1/1] (0.00ns)   --->   "%mux_case_29227_load = load i64 %mux_case_29227"   --->   Operation 557 'load' 'mux_case_29227_load' <Predicate = (!icmp_ln13)> <Delay = 0.00>
ST_1 : Operation 558 [1/1] (0.00ns)   --->   "%mux_case_30231_load = load i64 %mux_case_30231"   --->   Operation 558 'load' 'mux_case_30231_load' <Predicate = (!icmp_ln13)> <Delay = 0.00>
ST_1 : Operation 559 [1/1] (0.00ns)   --->   "%mux_case_31235_load = load i64 %mux_case_31235"   --->   Operation 559 'load' 'mux_case_31235_load' <Predicate = (!icmp_ln13)> <Delay = 0.00>
ST_1 : Operation 560 [1/1] (0.00ns)   --->   "%mux_case_32239_load = load i64 %mux_case_32239"   --->   Operation 560 'load' 'mux_case_32239_load' <Predicate = (!icmp_ln13)> <Delay = 0.00>
ST_1 : Operation 561 [1/1] (0.00ns)   --->   "%mux_case_33243_load = load i64 %mux_case_33243"   --->   Operation 561 'load' 'mux_case_33243_load' <Predicate = (!icmp_ln13)> <Delay = 0.00>
ST_1 : Operation 562 [1/1] (0.00ns)   --->   "%mux_case_34247_load = load i64 %mux_case_34247"   --->   Operation 562 'load' 'mux_case_34247_load' <Predicate = (!icmp_ln13)> <Delay = 0.00>
ST_1 : Operation 563 [1/1] (0.00ns)   --->   "%mux_case_35251_load = load i64 %mux_case_35251"   --->   Operation 563 'load' 'mux_case_35251_load' <Predicate = (!icmp_ln13)> <Delay = 0.00>
ST_1 : Operation 564 [1/1] (0.00ns)   --->   "%mux_case_36255_load = load i64 %mux_case_36255"   --->   Operation 564 'load' 'mux_case_36255_load' <Predicate = (!icmp_ln13)> <Delay = 0.00>
ST_1 : Operation 565 [1/1] (0.00ns)   --->   "%mux_case_37259_load = load i64 %mux_case_37259"   --->   Operation 565 'load' 'mux_case_37259_load' <Predicate = (!icmp_ln13)> <Delay = 0.00>
ST_1 : Operation 566 [1/1] (0.00ns)   --->   "%mux_case_38263_load = load i64 %mux_case_38263"   --->   Operation 566 'load' 'mux_case_38263_load' <Predicate = (!icmp_ln13)> <Delay = 0.00>
ST_1 : Operation 567 [1/1] (0.00ns)   --->   "%mux_case_39267_load = load i64 %mux_case_39267"   --->   Operation 567 'load' 'mux_case_39267_load' <Predicate = (!icmp_ln13)> <Delay = 0.00>
ST_1 : Operation 568 [1/1] (0.00ns)   --->   "%mux_case_40271_load = load i64 %mux_case_40271"   --->   Operation 568 'load' 'mux_case_40271_load' <Predicate = (!icmp_ln13)> <Delay = 0.00>
ST_1 : Operation 569 [1/1] (0.00ns)   --->   "%mux_case_41275_load = load i64 %mux_case_41275"   --->   Operation 569 'load' 'mux_case_41275_load' <Predicate = (!icmp_ln13)> <Delay = 0.00>
ST_1 : Operation 570 [1/1] (0.00ns)   --->   "%mux_case_42279_load = load i64 %mux_case_42279"   --->   Operation 570 'load' 'mux_case_42279_load' <Predicate = (!icmp_ln13)> <Delay = 0.00>
ST_1 : Operation 571 [1/1] (0.00ns)   --->   "%mux_case_43283_load = load i64 %mux_case_43283"   --->   Operation 571 'load' 'mux_case_43283_load' <Predicate = (!icmp_ln13)> <Delay = 0.00>
ST_1 : Operation 572 [1/1] (0.00ns)   --->   "%mux_case_44287_load = load i64 %mux_case_44287"   --->   Operation 572 'load' 'mux_case_44287_load' <Predicate = (!icmp_ln13)> <Delay = 0.00>
ST_1 : Operation 573 [1/1] (0.00ns)   --->   "%mux_case_45291_load = load i64 %mux_case_45291"   --->   Operation 573 'load' 'mux_case_45291_load' <Predicate = (!icmp_ln13)> <Delay = 0.00>
ST_1 : Operation 574 [1/1] (0.00ns)   --->   "%mux_case_46295_load = load i64 %mux_case_46295"   --->   Operation 574 'load' 'mux_case_46295_load' <Predicate = (!icmp_ln13)> <Delay = 0.00>
ST_1 : Operation 575 [1/1] (0.00ns)   --->   "%mux_case_47299_load = load i64 %mux_case_47299"   --->   Operation 575 'load' 'mux_case_47299_load' <Predicate = (!icmp_ln13)> <Delay = 0.00>
ST_1 : Operation 576 [1/1] (0.00ns)   --->   "%mux_case_48303_load = load i64 %mux_case_48303"   --->   Operation 576 'load' 'mux_case_48303_load' <Predicate = (!icmp_ln13)> <Delay = 0.00>
ST_1 : Operation 577 [1/1] (0.00ns)   --->   "%mux_case_49307_load = load i64 %mux_case_49307"   --->   Operation 577 'load' 'mux_case_49307_load' <Predicate = (!icmp_ln13)> <Delay = 0.00>
ST_1 : Operation 578 [1/1] (0.00ns)   --->   "%mux_case_50311_load = load i64 %mux_case_50311"   --->   Operation 578 'load' 'mux_case_50311_load' <Predicate = (!icmp_ln13)> <Delay = 0.00>
ST_1 : Operation 579 [1/1] (0.00ns)   --->   "%mux_case_51315_load = load i64 %mux_case_51315"   --->   Operation 579 'load' 'mux_case_51315_load' <Predicate = (!icmp_ln13)> <Delay = 0.00>
ST_1 : Operation 580 [1/1] (0.00ns)   --->   "%mux_case_52319_load = load i64 %mux_case_52319"   --->   Operation 580 'load' 'mux_case_52319_load' <Predicate = (!icmp_ln13)> <Delay = 0.00>
ST_1 : Operation 581 [1/1] (0.00ns)   --->   "%mux_case_53323_load = load i64 %mux_case_53323"   --->   Operation 581 'load' 'mux_case_53323_load' <Predicate = (!icmp_ln13)> <Delay = 0.00>
ST_1 : Operation 582 [1/1] (0.00ns)   --->   "%mux_case_54327_load = load i64 %mux_case_54327"   --->   Operation 582 'load' 'mux_case_54327_load' <Predicate = (!icmp_ln13)> <Delay = 0.00>
ST_1 : Operation 583 [1/1] (0.00ns)   --->   "%mux_case_55331_load = load i64 %mux_case_55331"   --->   Operation 583 'load' 'mux_case_55331_load' <Predicate = (!icmp_ln13)> <Delay = 0.00>
ST_1 : Operation 584 [1/1] (0.00ns)   --->   "%mux_case_56335_load = load i64 %mux_case_56335"   --->   Operation 584 'load' 'mux_case_56335_load' <Predicate = (!icmp_ln13)> <Delay = 0.00>
ST_1 : Operation 585 [1/1] (0.00ns)   --->   "%mux_case_57339_load = load i64 %mux_case_57339"   --->   Operation 585 'load' 'mux_case_57339_load' <Predicate = (!icmp_ln13)> <Delay = 0.00>
ST_1 : Operation 586 [1/1] (0.00ns)   --->   "%mux_case_58343_load = load i64 %mux_case_58343"   --->   Operation 586 'load' 'mux_case_58343_load' <Predicate = (!icmp_ln13)> <Delay = 0.00>
ST_1 : Operation 587 [1/1] (0.00ns)   --->   "%mux_case_59347_load = load i64 %mux_case_59347"   --->   Operation 587 'load' 'mux_case_59347_load' <Predicate = (!icmp_ln13)> <Delay = 0.00>
ST_1 : Operation 588 [1/1] (0.00ns)   --->   "%mux_case_60351_load = load i64 %mux_case_60351"   --->   Operation 588 'load' 'mux_case_60351_load' <Predicate = (!icmp_ln13)> <Delay = 0.00>
ST_1 : Operation 589 [1/1] (0.00ns)   --->   "%mux_case_61355_load = load i64 %mux_case_61355"   --->   Operation 589 'load' 'mux_case_61355_load' <Predicate = (!icmp_ln13)> <Delay = 0.00>
ST_1 : Operation 590 [1/1] (0.00ns)   --->   "%mux_case_62359_load = load i64 %mux_case_62359"   --->   Operation 590 'load' 'mux_case_62359_load' <Predicate = (!icmp_ln13)> <Delay = 0.00>
ST_1 : Operation 591 [1/1] (0.00ns)   --->   "%mux_case_63363_load = load i64 %mux_case_63363"   --->   Operation 591 'load' 'mux_case_63363_load' <Predicate = (!icmp_ln13)> <Delay = 0.00>
ST_1 : Operation 592 [1/1] (0.00ns)   --->   "%mux_case_64367_load = load i64 %mux_case_64367"   --->   Operation 592 'load' 'mux_case_64367_load' <Predicate = (!icmp_ln13)> <Delay = 0.00>
ST_1 : Operation 593 [1/1] (0.00ns)   --->   "%mux_case_65371_load = load i64 %mux_case_65371"   --->   Operation 593 'load' 'mux_case_65371_load' <Predicate = (!icmp_ln13)> <Delay = 0.00>
ST_1 : Operation 594 [1/1] (0.00ns)   --->   "%mux_case_66375_load = load i64 %mux_case_66375"   --->   Operation 594 'load' 'mux_case_66375_load' <Predicate = (!icmp_ln13)> <Delay = 0.00>
ST_1 : Operation 595 [1/1] (0.00ns)   --->   "%mux_case_67379_load = load i64 %mux_case_67379"   --->   Operation 595 'load' 'mux_case_67379_load' <Predicate = (!icmp_ln13)> <Delay = 0.00>
ST_1 : Operation 596 [1/1] (0.00ns)   --->   "%mux_case_68383_load = load i64 %mux_case_68383"   --->   Operation 596 'load' 'mux_case_68383_load' <Predicate = (!icmp_ln13)> <Delay = 0.00>
ST_1 : Operation 597 [1/1] (0.00ns)   --->   "%mux_case_69387_load = load i64 %mux_case_69387"   --->   Operation 597 'load' 'mux_case_69387_load' <Predicate = (!icmp_ln13)> <Delay = 0.00>
ST_1 : Operation 598 [1/1] (0.00ns)   --->   "%mux_case_70391_load = load i64 %mux_case_70391"   --->   Operation 598 'load' 'mux_case_70391_load' <Predicate = (!icmp_ln13)> <Delay = 0.00>
ST_1 : Operation 599 [1/1] (0.00ns)   --->   "%mux_case_71395_load = load i64 %mux_case_71395"   --->   Operation 599 'load' 'mux_case_71395_load' <Predicate = (!icmp_ln13)> <Delay = 0.00>
ST_1 : Operation 600 [1/1] (0.00ns)   --->   "%mux_case_72399_load = load i64 %mux_case_72399"   --->   Operation 600 'load' 'mux_case_72399_load' <Predicate = (!icmp_ln13)> <Delay = 0.00>
ST_1 : Operation 601 [1/1] (0.00ns)   --->   "%mux_case_73403_load = load i64 %mux_case_73403"   --->   Operation 601 'load' 'mux_case_73403_load' <Predicate = (!icmp_ln13)> <Delay = 0.00>
ST_1 : Operation 602 [1/1] (0.00ns)   --->   "%mux_case_74407_load = load i64 %mux_case_74407"   --->   Operation 602 'load' 'mux_case_74407_load' <Predicate = (!icmp_ln13)> <Delay = 0.00>
ST_1 : Operation 603 [1/1] (0.00ns)   --->   "%mux_case_75411_load = load i64 %mux_case_75411"   --->   Operation 603 'load' 'mux_case_75411_load' <Predicate = (!icmp_ln13)> <Delay = 0.00>
ST_1 : Operation 604 [1/1] (0.00ns)   --->   "%mux_case_76415_load = load i64 %mux_case_76415"   --->   Operation 604 'load' 'mux_case_76415_load' <Predicate = (!icmp_ln13)> <Delay = 0.00>
ST_1 : Operation 605 [1/1] (0.00ns)   --->   "%mux_case_77419_load = load i64 %mux_case_77419"   --->   Operation 605 'load' 'mux_case_77419_load' <Predicate = (!icmp_ln13)> <Delay = 0.00>
ST_1 : Operation 606 [1/1] (0.00ns)   --->   "%mux_case_78423_load = load i64 %mux_case_78423"   --->   Operation 606 'load' 'mux_case_78423_load' <Predicate = (!icmp_ln13)> <Delay = 0.00>
ST_1 : Operation 607 [1/1] (0.00ns)   --->   "%mux_case_79427_load = load i64 %mux_case_79427"   --->   Operation 607 'load' 'mux_case_79427_load' <Predicate = (!icmp_ln13)> <Delay = 0.00>
ST_1 : Operation 608 [1/1] (0.00ns)   --->   "%mux_case_80431_load = load i64 %mux_case_80431"   --->   Operation 608 'load' 'mux_case_80431_load' <Predicate = (!icmp_ln13)> <Delay = 0.00>
ST_1 : Operation 609 [1/1] (0.00ns)   --->   "%mux_case_81435_load = load i64 %mux_case_81435"   --->   Operation 609 'load' 'mux_case_81435_load' <Predicate = (!icmp_ln13)> <Delay = 0.00>
ST_1 : Operation 610 [1/1] (0.00ns)   --->   "%mux_case_82439_load = load i64 %mux_case_82439"   --->   Operation 610 'load' 'mux_case_82439_load' <Predicate = (!icmp_ln13)> <Delay = 0.00>
ST_1 : Operation 611 [1/1] (0.00ns)   --->   "%mux_case_83443_load = load i64 %mux_case_83443"   --->   Operation 611 'load' 'mux_case_83443_load' <Predicate = (!icmp_ln13)> <Delay = 0.00>
ST_1 : Operation 612 [1/1] (0.00ns)   --->   "%mux_case_84447_load = load i64 %mux_case_84447"   --->   Operation 612 'load' 'mux_case_84447_load' <Predicate = (!icmp_ln13)> <Delay = 0.00>
ST_1 : Operation 613 [1/1] (0.00ns)   --->   "%mux_case_85451_load = load i64 %mux_case_85451"   --->   Operation 613 'load' 'mux_case_85451_load' <Predicate = (!icmp_ln13)> <Delay = 0.00>
ST_1 : Operation 614 [1/1] (0.00ns)   --->   "%mux_case_86455_load = load i64 %mux_case_86455"   --->   Operation 614 'load' 'mux_case_86455_load' <Predicate = (!icmp_ln13)> <Delay = 0.00>
ST_1 : Operation 615 [1/1] (0.00ns)   --->   "%mux_case_87459_load = load i64 %mux_case_87459"   --->   Operation 615 'load' 'mux_case_87459_load' <Predicate = (!icmp_ln13)> <Delay = 0.00>
ST_1 : Operation 616 [1/1] (0.00ns)   --->   "%mux_case_88463_load = load i64 %mux_case_88463"   --->   Operation 616 'load' 'mux_case_88463_load' <Predicate = (!icmp_ln13)> <Delay = 0.00>
ST_1 : Operation 617 [1/1] (0.00ns)   --->   "%mux_case_89467_load = load i64 %mux_case_89467"   --->   Operation 617 'load' 'mux_case_89467_load' <Predicate = (!icmp_ln13)> <Delay = 0.00>
ST_1 : Operation 618 [1/1] (0.00ns)   --->   "%mux_case_90471_load = load i64 %mux_case_90471"   --->   Operation 618 'load' 'mux_case_90471_load' <Predicate = (!icmp_ln13)> <Delay = 0.00>
ST_1 : Operation 619 [1/1] (0.00ns)   --->   "%mux_case_91475_load = load i64 %mux_case_91475"   --->   Operation 619 'load' 'mux_case_91475_load' <Predicate = (!icmp_ln13)> <Delay = 0.00>
ST_1 : Operation 620 [1/1] (0.00ns)   --->   "%mux_case_92479_load = load i64 %mux_case_92479"   --->   Operation 620 'load' 'mux_case_92479_load' <Predicate = (!icmp_ln13)> <Delay = 0.00>
ST_1 : Operation 621 [1/1] (0.00ns)   --->   "%mux_case_93483_load = load i64 %mux_case_93483"   --->   Operation 621 'load' 'mux_case_93483_load' <Predicate = (!icmp_ln13)> <Delay = 0.00>
ST_1 : Operation 622 [1/1] (0.00ns)   --->   "%mux_case_94487_load = load i64 %mux_case_94487"   --->   Operation 622 'load' 'mux_case_94487_load' <Predicate = (!icmp_ln13)> <Delay = 0.00>
ST_1 : Operation 623 [1/1] (0.00ns)   --->   "%mux_case_95491_load = load i64 %mux_case_95491"   --->   Operation 623 'load' 'mux_case_95491_load' <Predicate = (!icmp_ln13)> <Delay = 0.00>
ST_1 : Operation 624 [1/1] (0.00ns)   --->   "%mux_case_96495_load = load i64 %mux_case_96495"   --->   Operation 624 'load' 'mux_case_96495_load' <Predicate = (!icmp_ln13)> <Delay = 0.00>
ST_1 : Operation 625 [1/1] (0.00ns)   --->   "%mux_case_97499_load = load i64 %mux_case_97499"   --->   Operation 625 'load' 'mux_case_97499_load' <Predicate = (!icmp_ln13)> <Delay = 0.00>
ST_1 : Operation 626 [1/1] (0.00ns)   --->   "%mux_case_98503_load = load i64 %mux_case_98503"   --->   Operation 626 'load' 'mux_case_98503_load' <Predicate = (!icmp_ln13)> <Delay = 0.00>
ST_1 : Operation 627 [1/1] (0.00ns)   --->   "%mux_case_99507_load = load i64 %mux_case_99507"   --->   Operation 627 'load' 'mux_case_99507_load' <Predicate = (!icmp_ln13)> <Delay = 0.00>
ST_1 : Operation 628 [1/1] (0.00ns)   --->   "%mux_case_03511_load = load i64 %mux_case_03511"   --->   Operation 628 'load' 'mux_case_03511_load' <Predicate = (!icmp_ln13)> <Delay = 0.00>
ST_1 : Operation 629 [1/1] (0.00ns)   --->   "%mux_case_110515_load = load i64 %mux_case_110515"   --->   Operation 629 'load' 'mux_case_110515_load' <Predicate = (!icmp_ln13)> <Delay = 0.00>
ST_1 : Operation 630 [1/1] (0.00ns)   --->   "%mux_case_211519_load = load i64 %mux_case_211519"   --->   Operation 630 'load' 'mux_case_211519_load' <Predicate = (!icmp_ln13)> <Delay = 0.00>
ST_1 : Operation 631 [1/1] (0.00ns)   --->   "%mux_case_312523_load = load i64 %mux_case_312523"   --->   Operation 631 'load' 'mux_case_312523_load' <Predicate = (!icmp_ln13)> <Delay = 0.00>
ST_1 : Operation 632 [1/1] (0.00ns)   --->   "%mux_case_413527_load = load i64 %mux_case_413527"   --->   Operation 632 'load' 'mux_case_413527_load' <Predicate = (!icmp_ln13)> <Delay = 0.00>
ST_1 : Operation 633 [1/1] (0.00ns)   --->   "%mux_case_514531_load = load i64 %mux_case_514531"   --->   Operation 633 'load' 'mux_case_514531_load' <Predicate = (!icmp_ln13)> <Delay = 0.00>
ST_1 : Operation 634 [1/1] (0.00ns)   --->   "%mux_case_615535_load = load i64 %mux_case_615535"   --->   Operation 634 'load' 'mux_case_615535_load' <Predicate = (!icmp_ln13)> <Delay = 0.00>
ST_1 : Operation 635 [1/1] (0.00ns)   --->   "%mux_case_716539_load = load i64 %mux_case_716539"   --->   Operation 635 'load' 'mux_case_716539_load' <Predicate = (!icmp_ln13)> <Delay = 0.00>
ST_1 : Operation 636 [1/1] (0.00ns)   --->   "%mux_case_817543_load = load i64 %mux_case_817543"   --->   Operation 636 'load' 'mux_case_817543_load' <Predicate = (!icmp_ln13)> <Delay = 0.00>
ST_1 : Operation 637 [1/1] (0.00ns)   --->   "%mux_case_918547_load = load i64 %mux_case_918547"   --->   Operation 637 'load' 'mux_case_918547_load' <Predicate = (!icmp_ln13)> <Delay = 0.00>
ST_1 : Operation 638 [1/1] (0.00ns)   --->   "%mux_case_1019551_load = load i64 %mux_case_1019551"   --->   Operation 638 'load' 'mux_case_1019551_load' <Predicate = (!icmp_ln13)> <Delay = 0.00>
ST_1 : Operation 639 [1/1] (0.00ns)   --->   "%mux_case_1120555_load = load i64 %mux_case_1120555"   --->   Operation 639 'load' 'mux_case_1120555_load' <Predicate = (!icmp_ln13)> <Delay = 0.00>
ST_1 : Operation 640 [1/1] (0.00ns)   --->   "%mux_case_1221559_load = load i64 %mux_case_1221559"   --->   Operation 640 'load' 'mux_case_1221559_load' <Predicate = (!icmp_ln13)> <Delay = 0.00>
ST_1 : Operation 641 [1/1] (0.00ns)   --->   "%mux_case_1322563_load = load i64 %mux_case_1322563"   --->   Operation 641 'load' 'mux_case_1322563_load' <Predicate = (!icmp_ln13)> <Delay = 0.00>
ST_1 : Operation 642 [1/1] (0.00ns)   --->   "%mux_case_1423567_load = load i64 %mux_case_1423567"   --->   Operation 642 'load' 'mux_case_1423567_load' <Predicate = (!icmp_ln13)> <Delay = 0.00>
ST_1 : Operation 643 [1/1] (0.00ns)   --->   "%mux_case_1524571_load = load i64 %mux_case_1524571"   --->   Operation 643 'load' 'mux_case_1524571_load' <Predicate = (!icmp_ln13)> <Delay = 0.00>
ST_1 : Operation 644 [1/1] (0.00ns)   --->   "%mux_case_1625575_load = load i64 %mux_case_1625575"   --->   Operation 644 'load' 'mux_case_1625575_load' <Predicate = (!icmp_ln13)> <Delay = 0.00>
ST_1 : Operation 645 [1/1] (0.00ns)   --->   "%mux_case_1726579_load = load i64 %mux_case_1726579"   --->   Operation 645 'load' 'mux_case_1726579_load' <Predicate = (!icmp_ln13)> <Delay = 0.00>
ST_1 : Operation 646 [1/1] (0.00ns)   --->   "%mux_case_1827583_load = load i64 %mux_case_1827583"   --->   Operation 646 'load' 'mux_case_1827583_load' <Predicate = (!icmp_ln13)> <Delay = 0.00>
ST_1 : Operation 647 [1/1] (0.00ns)   --->   "%mux_case_1928587_load = load i64 %mux_case_1928587"   --->   Operation 647 'load' 'mux_case_1928587_load' <Predicate = (!icmp_ln13)> <Delay = 0.00>
ST_1 : Operation 648 [1/1] (0.00ns)   --->   "%mux_case_2029591_load = load i64 %mux_case_2029591"   --->   Operation 648 'load' 'mux_case_2029591_load' <Predicate = (!icmp_ln13)> <Delay = 0.00>
ST_1 : Operation 649 [1/1] (0.00ns)   --->   "%mux_case_2130595_load = load i64 %mux_case_2130595"   --->   Operation 649 'load' 'mux_case_2130595_load' <Predicate = (!icmp_ln13)> <Delay = 0.00>
ST_1 : Operation 650 [1/1] (0.00ns)   --->   "%mux_case_2231599_load = load i64 %mux_case_2231599"   --->   Operation 650 'load' 'mux_case_2231599_load' <Predicate = (!icmp_ln13)> <Delay = 0.00>
ST_1 : Operation 651 [1/1] (0.00ns)   --->   "%mux_case_2332603_load = load i64 %mux_case_2332603"   --->   Operation 651 'load' 'mux_case_2332603_load' <Predicate = (!icmp_ln13)> <Delay = 0.00>
ST_1 : Operation 652 [1/1] (0.00ns)   --->   "%mux_case_2433607_load = load i64 %mux_case_2433607"   --->   Operation 652 'load' 'mux_case_2433607_load' <Predicate = (!icmp_ln13)> <Delay = 0.00>
ST_1 : Operation 653 [1/1] (0.00ns)   --->   "%mux_case_2534611_load = load i64 %mux_case_2534611"   --->   Operation 653 'load' 'mux_case_2534611_load' <Predicate = (!icmp_ln13)> <Delay = 0.00>
ST_1 : Operation 654 [1/1] (0.00ns)   --->   "%mux_case_2635615_load = load i64 %mux_case_2635615"   --->   Operation 654 'load' 'mux_case_2635615_load' <Predicate = (!icmp_ln13)> <Delay = 0.00>
ST_1 : Operation 655 [1/1] (0.00ns)   --->   "%mux_case_2736619_load = load i64 %mux_case_2736619"   --->   Operation 655 'load' 'mux_case_2736619_load' <Predicate = (!icmp_ln13)> <Delay = 0.00>
ST_1 : Operation 656 [1/1] (0.00ns)   --->   "%mux_case_2837623_load = load i64 %mux_case_2837623"   --->   Operation 656 'load' 'mux_case_2837623_load' <Predicate = (!icmp_ln13)> <Delay = 0.00>
ST_1 : Operation 657 [1/1] (0.00ns)   --->   "%mux_case_2938627_load = load i64 %mux_case_2938627"   --->   Operation 657 'load' 'mux_case_2938627_load' <Predicate = (!icmp_ln13)> <Delay = 0.00>
ST_1 : Operation 658 [1/1] (0.00ns)   --->   "%mux_case_3039631_load = load i64 %mux_case_3039631"   --->   Operation 658 'load' 'mux_case_3039631_load' <Predicate = (!icmp_ln13)> <Delay = 0.00>
ST_1 : Operation 659 [1/1] (0.00ns)   --->   "%mux_case_3140635_load = load i64 %mux_case_3140635"   --->   Operation 659 'load' 'mux_case_3140635_load' <Predicate = (!icmp_ln13)> <Delay = 0.00>
ST_1 : Operation 660 [1/1] (0.00ns)   --->   "%mux_case_3241639_load = load i64 %mux_case_3241639"   --->   Operation 660 'load' 'mux_case_3241639_load' <Predicate = (!icmp_ln13)> <Delay = 0.00>
ST_1 : Operation 661 [1/1] (0.00ns)   --->   "%mux_case_3342643_load = load i64 %mux_case_3342643"   --->   Operation 661 'load' 'mux_case_3342643_load' <Predicate = (!icmp_ln13)> <Delay = 0.00>
ST_1 : Operation 662 [1/1] (0.00ns)   --->   "%mux_case_3443647_load = load i64 %mux_case_3443647"   --->   Operation 662 'load' 'mux_case_3443647_load' <Predicate = (!icmp_ln13)> <Delay = 0.00>
ST_1 : Operation 663 [1/1] (0.00ns)   --->   "%mux_case_3544651_load = load i64 %mux_case_3544651"   --->   Operation 663 'load' 'mux_case_3544651_load' <Predicate = (!icmp_ln13)> <Delay = 0.00>
ST_1 : Operation 664 [1/1] (0.00ns)   --->   "%mux_case_3645655_load = load i64 %mux_case_3645655"   --->   Operation 664 'load' 'mux_case_3645655_load' <Predicate = (!icmp_ln13)> <Delay = 0.00>
ST_1 : Operation 665 [1/1] (0.00ns)   --->   "%mux_case_3746659_load = load i64 %mux_case_3746659"   --->   Operation 665 'load' 'mux_case_3746659_load' <Predicate = (!icmp_ln13)> <Delay = 0.00>
ST_1 : Operation 666 [1/1] (0.00ns)   --->   "%mux_case_3847663_load = load i64 %mux_case_3847663"   --->   Operation 666 'load' 'mux_case_3847663_load' <Predicate = (!icmp_ln13)> <Delay = 0.00>
ST_1 : Operation 667 [1/1] (0.00ns)   --->   "%mux_case_3948667_load = load i64 %mux_case_3948667"   --->   Operation 667 'load' 'mux_case_3948667_load' <Predicate = (!icmp_ln13)> <Delay = 0.00>
ST_1 : Operation 668 [1/1] (0.00ns)   --->   "%mux_case_4049671_load = load i64 %mux_case_4049671"   --->   Operation 668 'load' 'mux_case_4049671_load' <Predicate = (!icmp_ln13)> <Delay = 0.00>
ST_1 : Operation 669 [1/1] (0.00ns)   --->   "%mux_case_4150675_load = load i64 %mux_case_4150675"   --->   Operation 669 'load' 'mux_case_4150675_load' <Predicate = (!icmp_ln13)> <Delay = 0.00>
ST_1 : Operation 670 [1/1] (0.00ns)   --->   "%mux_case_4251679_load = load i64 %mux_case_4251679"   --->   Operation 670 'load' 'mux_case_4251679_load' <Predicate = (!icmp_ln13)> <Delay = 0.00>
ST_1 : Operation 671 [1/1] (0.00ns)   --->   "%mux_case_4352683_load = load i64 %mux_case_4352683"   --->   Operation 671 'load' 'mux_case_4352683_load' <Predicate = (!icmp_ln13)> <Delay = 0.00>
ST_1 : Operation 672 [1/1] (0.00ns)   --->   "%mux_case_4453687_load = load i64 %mux_case_4453687"   --->   Operation 672 'load' 'mux_case_4453687_load' <Predicate = (!icmp_ln13)> <Delay = 0.00>
ST_1 : Operation 673 [1/1] (0.00ns)   --->   "%mux_case_4554691_load = load i64 %mux_case_4554691"   --->   Operation 673 'load' 'mux_case_4554691_load' <Predicate = (!icmp_ln13)> <Delay = 0.00>
ST_1 : Operation 674 [1/1] (0.00ns)   --->   "%mux_case_4655695_load = load i64 %mux_case_4655695"   --->   Operation 674 'load' 'mux_case_4655695_load' <Predicate = (!icmp_ln13)> <Delay = 0.00>
ST_1 : Operation 675 [1/1] (0.00ns)   --->   "%mux_case_4756699_load = load i64 %mux_case_4756699"   --->   Operation 675 'load' 'mux_case_4756699_load' <Predicate = (!icmp_ln13)> <Delay = 0.00>
ST_1 : Operation 676 [1/1] (0.00ns)   --->   "%mux_case_4857703_load = load i64 %mux_case_4857703"   --->   Operation 676 'load' 'mux_case_4857703_load' <Predicate = (!icmp_ln13)> <Delay = 0.00>
ST_1 : Operation 677 [1/1] (0.00ns)   --->   "%mux_case_4958707_load = load i64 %mux_case_4958707"   --->   Operation 677 'load' 'mux_case_4958707_load' <Predicate = (!icmp_ln13)> <Delay = 0.00>
ST_1 : Operation 678 [1/1] (0.00ns)   --->   "%mux_case_5059711_load = load i64 %mux_case_5059711"   --->   Operation 678 'load' 'mux_case_5059711_load' <Predicate = (!icmp_ln13)> <Delay = 0.00>
ST_1 : Operation 679 [1/1] (0.00ns)   --->   "%mux_case_5160715_load = load i64 %mux_case_5160715"   --->   Operation 679 'load' 'mux_case_5160715_load' <Predicate = (!icmp_ln13)> <Delay = 0.00>
ST_1 : Operation 680 [1/1] (0.00ns)   --->   "%mux_case_5261719_load = load i64 %mux_case_5261719"   --->   Operation 680 'load' 'mux_case_5261719_load' <Predicate = (!icmp_ln13)> <Delay = 0.00>
ST_1 : Operation 681 [1/1] (0.00ns)   --->   "%mux_case_5362723_load = load i64 %mux_case_5362723"   --->   Operation 681 'load' 'mux_case_5362723_load' <Predicate = (!icmp_ln13)> <Delay = 0.00>
ST_1 : Operation 682 [1/1] (0.00ns)   --->   "%mux_case_5463727_load = load i64 %mux_case_5463727"   --->   Operation 682 'load' 'mux_case_5463727_load' <Predicate = (!icmp_ln13)> <Delay = 0.00>
ST_1 : Operation 683 [1/1] (0.00ns)   --->   "%mux_case_5564731_load = load i64 %mux_case_5564731"   --->   Operation 683 'load' 'mux_case_5564731_load' <Predicate = (!icmp_ln13)> <Delay = 0.00>
ST_1 : Operation 684 [1/1] (0.00ns)   --->   "%mux_case_5665735_load = load i64 %mux_case_5665735"   --->   Operation 684 'load' 'mux_case_5665735_load' <Predicate = (!icmp_ln13)> <Delay = 0.00>
ST_1 : Operation 685 [1/1] (0.00ns)   --->   "%mux_case_5766739_load = load i64 %mux_case_5766739"   --->   Operation 685 'load' 'mux_case_5766739_load' <Predicate = (!icmp_ln13)> <Delay = 0.00>
ST_1 : Operation 686 [1/1] (0.00ns)   --->   "%mux_case_5867743_load = load i64 %mux_case_5867743"   --->   Operation 686 'load' 'mux_case_5867743_load' <Predicate = (!icmp_ln13)> <Delay = 0.00>
ST_1 : Operation 687 [1/1] (0.00ns)   --->   "%mux_case_5968747_load = load i64 %mux_case_5968747"   --->   Operation 687 'load' 'mux_case_5968747_load' <Predicate = (!icmp_ln13)> <Delay = 0.00>
ST_1 : Operation 688 [1/1] (0.00ns)   --->   "%mux_case_6069751_load = load i64 %mux_case_6069751"   --->   Operation 688 'load' 'mux_case_6069751_load' <Predicate = (!icmp_ln13)> <Delay = 0.00>
ST_1 : Operation 689 [1/1] (0.00ns)   --->   "%mux_case_6170755_load = load i64 %mux_case_6170755"   --->   Operation 689 'load' 'mux_case_6170755_load' <Predicate = (!icmp_ln13)> <Delay = 0.00>
ST_1 : Operation 690 [1/1] (0.00ns)   --->   "%mux_case_6271759_load = load i64 %mux_case_6271759"   --->   Operation 690 'load' 'mux_case_6271759_load' <Predicate = (!icmp_ln13)> <Delay = 0.00>
ST_1 : Operation 691 [1/1] (0.00ns)   --->   "%mux_case_6372763_load = load i64 %mux_case_6372763"   --->   Operation 691 'load' 'mux_case_6372763_load' <Predicate = (!icmp_ln13)> <Delay = 0.00>
ST_1 : Operation 692 [1/1] (0.00ns)   --->   "%mux_case_6473767_load = load i64 %mux_case_6473767"   --->   Operation 692 'load' 'mux_case_6473767_load' <Predicate = (!icmp_ln13)> <Delay = 0.00>
ST_1 : Operation 693 [1/1] (0.00ns)   --->   "%mux_case_6574771_load = load i64 %mux_case_6574771"   --->   Operation 693 'load' 'mux_case_6574771_load' <Predicate = (!icmp_ln13)> <Delay = 0.00>
ST_1 : Operation 694 [1/1] (0.00ns)   --->   "%mux_case_6675775_load = load i64 %mux_case_6675775"   --->   Operation 694 'load' 'mux_case_6675775_load' <Predicate = (!icmp_ln13)> <Delay = 0.00>
ST_1 : Operation 695 [1/1] (0.00ns)   --->   "%mux_case_6776779_load = load i64 %mux_case_6776779"   --->   Operation 695 'load' 'mux_case_6776779_load' <Predicate = (!icmp_ln13)> <Delay = 0.00>
ST_1 : Operation 696 [1/1] (0.00ns)   --->   "%mux_case_6877783_load = load i64 %mux_case_6877783"   --->   Operation 696 'load' 'mux_case_6877783_load' <Predicate = (!icmp_ln13)> <Delay = 0.00>
ST_1 : Operation 697 [1/1] (0.00ns)   --->   "%mux_case_6978787_load = load i64 %mux_case_6978787"   --->   Operation 697 'load' 'mux_case_6978787_load' <Predicate = (!icmp_ln13)> <Delay = 0.00>
ST_1 : Operation 698 [1/1] (0.00ns)   --->   "%mux_case_7079791_load = load i64 %mux_case_7079791"   --->   Operation 698 'load' 'mux_case_7079791_load' <Predicate = (!icmp_ln13)> <Delay = 0.00>
ST_1 : Operation 699 [1/1] (0.00ns)   --->   "%mux_case_7180795_load = load i64 %mux_case_7180795"   --->   Operation 699 'load' 'mux_case_7180795_load' <Predicate = (!icmp_ln13)> <Delay = 0.00>
ST_1 : Operation 700 [1/1] (0.00ns)   --->   "%mux_case_7281799_load = load i64 %mux_case_7281799"   --->   Operation 700 'load' 'mux_case_7281799_load' <Predicate = (!icmp_ln13)> <Delay = 0.00>
ST_1 : Operation 701 [1/1] (0.00ns)   --->   "%mux_case_7382803_load = load i64 %mux_case_7382803"   --->   Operation 701 'load' 'mux_case_7382803_load' <Predicate = (!icmp_ln13)> <Delay = 0.00>
ST_1 : Operation 702 [1/1] (0.00ns)   --->   "%mux_case_7483807_load = load i64 %mux_case_7483807"   --->   Operation 702 'load' 'mux_case_7483807_load' <Predicate = (!icmp_ln13)> <Delay = 0.00>
ST_1 : Operation 703 [1/1] (0.00ns)   --->   "%mux_case_7584811_load = load i64 %mux_case_7584811"   --->   Operation 703 'load' 'mux_case_7584811_load' <Predicate = (!icmp_ln13)> <Delay = 0.00>
ST_1 : Operation 704 [1/1] (0.00ns)   --->   "%mux_case_7685815_load = load i64 %mux_case_7685815"   --->   Operation 704 'load' 'mux_case_7685815_load' <Predicate = (!icmp_ln13)> <Delay = 0.00>
ST_1 : Operation 705 [1/1] (0.00ns)   --->   "%mux_case_7786819_load = load i64 %mux_case_7786819"   --->   Operation 705 'load' 'mux_case_7786819_load' <Predicate = (!icmp_ln13)> <Delay = 0.00>
ST_1 : Operation 706 [1/1] (0.00ns)   --->   "%mux_case_7887823_load = load i64 %mux_case_7887823"   --->   Operation 706 'load' 'mux_case_7887823_load' <Predicate = (!icmp_ln13)> <Delay = 0.00>
ST_1 : Operation 707 [1/1] (0.00ns)   --->   "%mux_case_7988827_load = load i64 %mux_case_7988827"   --->   Operation 707 'load' 'mux_case_7988827_load' <Predicate = (!icmp_ln13)> <Delay = 0.00>
ST_1 : Operation 708 [1/1] (0.00ns)   --->   "%mux_case_8089831_load = load i64 %mux_case_8089831"   --->   Operation 708 'load' 'mux_case_8089831_load' <Predicate = (!icmp_ln13)> <Delay = 0.00>
ST_1 : Operation 709 [1/1] (0.00ns)   --->   "%mux_case_8190835_load = load i64 %mux_case_8190835"   --->   Operation 709 'load' 'mux_case_8190835_load' <Predicate = (!icmp_ln13)> <Delay = 0.00>
ST_1 : Operation 710 [1/1] (0.00ns)   --->   "%mux_case_8291839_load = load i64 %mux_case_8291839"   --->   Operation 710 'load' 'mux_case_8291839_load' <Predicate = (!icmp_ln13)> <Delay = 0.00>
ST_1 : Operation 711 [1/1] (0.00ns)   --->   "%mux_case_8392843_load = load i64 %mux_case_8392843"   --->   Operation 711 'load' 'mux_case_8392843_load' <Predicate = (!icmp_ln13)> <Delay = 0.00>
ST_1 : Operation 712 [1/1] (0.00ns)   --->   "%mux_case_8493847_load = load i64 %mux_case_8493847"   --->   Operation 712 'load' 'mux_case_8493847_load' <Predicate = (!icmp_ln13)> <Delay = 0.00>
ST_1 : Operation 713 [1/1] (0.00ns)   --->   "%mux_case_8594851_load = load i64 %mux_case_8594851"   --->   Operation 713 'load' 'mux_case_8594851_load' <Predicate = (!icmp_ln13)> <Delay = 0.00>
ST_1 : Operation 714 [1/1] (0.00ns)   --->   "%mux_case_8695855_load = load i64 %mux_case_8695855"   --->   Operation 714 'load' 'mux_case_8695855_load' <Predicate = (!icmp_ln13)> <Delay = 0.00>
ST_1 : Operation 715 [1/1] (0.00ns)   --->   "%mux_case_8796859_load = load i64 %mux_case_8796859"   --->   Operation 715 'load' 'mux_case_8796859_load' <Predicate = (!icmp_ln13)> <Delay = 0.00>
ST_1 : Operation 716 [1/1] (0.00ns)   --->   "%mux_case_8897863_load = load i64 %mux_case_8897863"   --->   Operation 716 'load' 'mux_case_8897863_load' <Predicate = (!icmp_ln13)> <Delay = 0.00>
ST_1 : Operation 717 [1/1] (0.00ns)   --->   "%mux_case_8998867_load = load i64 %mux_case_8998867"   --->   Operation 717 'load' 'mux_case_8998867_load' <Predicate = (!icmp_ln13)> <Delay = 0.00>
ST_1 : Operation 718 [1/1] (0.00ns)   --->   "%mux_case_9099871_load = load i64 %mux_case_9099871"   --->   Operation 718 'load' 'mux_case_9099871_load' <Predicate = (!icmp_ln13)> <Delay = 0.00>
ST_1 : Operation 719 [1/1] (0.00ns)   --->   "%mux_case_91100875_load = load i64 %mux_case_91100875"   --->   Operation 719 'load' 'mux_case_91100875_load' <Predicate = (!icmp_ln13)> <Delay = 0.00>
ST_1 : Operation 720 [1/1] (0.00ns)   --->   "%mux_case_92101879_load = load i64 %mux_case_92101879"   --->   Operation 720 'load' 'mux_case_92101879_load' <Predicate = (!icmp_ln13)> <Delay = 0.00>
ST_1 : Operation 721 [1/1] (0.00ns)   --->   "%mux_case_93102883_load = load i64 %mux_case_93102883"   --->   Operation 721 'load' 'mux_case_93102883_load' <Predicate = (!icmp_ln13)> <Delay = 0.00>
ST_1 : Operation 722 [1/1] (0.00ns)   --->   "%mux_case_94103887_load = load i64 %mux_case_94103887"   --->   Operation 722 'load' 'mux_case_94103887_load' <Predicate = (!icmp_ln13)> <Delay = 0.00>
ST_1 : Operation 723 [1/1] (0.00ns)   --->   "%mux_case_95104891_load = load i64 %mux_case_95104891"   --->   Operation 723 'load' 'mux_case_95104891_load' <Predicate = (!icmp_ln13)> <Delay = 0.00>
ST_1 : Operation 724 [1/1] (0.00ns)   --->   "%mux_case_96105895_load = load i64 %mux_case_96105895"   --->   Operation 724 'load' 'mux_case_96105895_load' <Predicate = (!icmp_ln13)> <Delay = 0.00>
ST_1 : Operation 725 [1/1] (0.00ns)   --->   "%mux_case_97106899_load = load i64 %mux_case_97106899"   --->   Operation 725 'load' 'mux_case_97106899_load' <Predicate = (!icmp_ln13)> <Delay = 0.00>
ST_1 : Operation 726 [1/1] (0.00ns)   --->   "%mux_case_98107903_load = load i64 %mux_case_98107903"   --->   Operation 726 'load' 'mux_case_98107903_load' <Predicate = (!icmp_ln13)> <Delay = 0.00>
ST_1 : Operation 727 [1/1] (0.00ns)   --->   "%mux_case_99108907_load = load i64 %mux_case_99108907"   --->   Operation 727 'load' 'mux_case_99108907_load' <Predicate = (!icmp_ln13)> <Delay = 0.00>
ST_1 : Operation 728 [1/1] (0.00ns)   --->   "%write_ln0 = write void @_ssdm_op_Write.ap_auto.doubleP0A, i64 %mux_case_99108907_out, i64 %mux_case_99108907_load"   --->   Operation 728 'write' 'write_ln0' <Predicate = (!icmp_ln13)> <Delay = 0.00>
ST_1 : Operation 729 [1/1] (0.00ns)   --->   "%write_ln0 = write void @_ssdm_op_Write.ap_auto.doubleP0A, i64 %mux_case_98107903_out, i64 %mux_case_98107903_load"   --->   Operation 729 'write' 'write_ln0' <Predicate = (!icmp_ln13)> <Delay = 0.00>
ST_1 : Operation 730 [1/1] (0.00ns)   --->   "%write_ln0 = write void @_ssdm_op_Write.ap_auto.doubleP0A, i64 %mux_case_97106899_out, i64 %mux_case_97106899_load"   --->   Operation 730 'write' 'write_ln0' <Predicate = (!icmp_ln13)> <Delay = 0.00>
ST_1 : Operation 731 [1/1] (0.00ns)   --->   "%write_ln0 = write void @_ssdm_op_Write.ap_auto.doubleP0A, i64 %mux_case_96105895_out, i64 %mux_case_96105895_load"   --->   Operation 731 'write' 'write_ln0' <Predicate = (!icmp_ln13)> <Delay = 0.00>
ST_1 : Operation 732 [1/1] (0.00ns)   --->   "%write_ln0 = write void @_ssdm_op_Write.ap_auto.doubleP0A, i64 %mux_case_95104891_out, i64 %mux_case_95104891_load"   --->   Operation 732 'write' 'write_ln0' <Predicate = (!icmp_ln13)> <Delay = 0.00>
ST_1 : Operation 733 [1/1] (0.00ns)   --->   "%write_ln0 = write void @_ssdm_op_Write.ap_auto.doubleP0A, i64 %mux_case_94103887_out, i64 %mux_case_94103887_load"   --->   Operation 733 'write' 'write_ln0' <Predicate = (!icmp_ln13)> <Delay = 0.00>
ST_1 : Operation 734 [1/1] (0.00ns)   --->   "%write_ln0 = write void @_ssdm_op_Write.ap_auto.doubleP0A, i64 %mux_case_93102883_out, i64 %mux_case_93102883_load"   --->   Operation 734 'write' 'write_ln0' <Predicate = (!icmp_ln13)> <Delay = 0.00>
ST_1 : Operation 735 [1/1] (0.00ns)   --->   "%write_ln0 = write void @_ssdm_op_Write.ap_auto.doubleP0A, i64 %mux_case_92101879_out, i64 %mux_case_92101879_load"   --->   Operation 735 'write' 'write_ln0' <Predicate = (!icmp_ln13)> <Delay = 0.00>
ST_1 : Operation 736 [1/1] (0.00ns)   --->   "%write_ln0 = write void @_ssdm_op_Write.ap_auto.doubleP0A, i64 %mux_case_91100875_out, i64 %mux_case_91100875_load"   --->   Operation 736 'write' 'write_ln0' <Predicate = (!icmp_ln13)> <Delay = 0.00>
ST_1 : Operation 737 [1/1] (0.00ns)   --->   "%write_ln0 = write void @_ssdm_op_Write.ap_auto.doubleP0A, i64 %mux_case_9099871_out, i64 %mux_case_9099871_load"   --->   Operation 737 'write' 'write_ln0' <Predicate = (!icmp_ln13)> <Delay = 0.00>
ST_1 : Operation 738 [1/1] (0.00ns)   --->   "%write_ln0 = write void @_ssdm_op_Write.ap_auto.doubleP0A, i64 %mux_case_8998867_out, i64 %mux_case_8998867_load"   --->   Operation 738 'write' 'write_ln0' <Predicate = (!icmp_ln13)> <Delay = 0.00>
ST_1 : Operation 739 [1/1] (0.00ns)   --->   "%write_ln0 = write void @_ssdm_op_Write.ap_auto.doubleP0A, i64 %mux_case_8897863_out, i64 %mux_case_8897863_load"   --->   Operation 739 'write' 'write_ln0' <Predicate = (!icmp_ln13)> <Delay = 0.00>
ST_1 : Operation 740 [1/1] (0.00ns)   --->   "%write_ln0 = write void @_ssdm_op_Write.ap_auto.doubleP0A, i64 %mux_case_8796859_out, i64 %mux_case_8796859_load"   --->   Operation 740 'write' 'write_ln0' <Predicate = (!icmp_ln13)> <Delay = 0.00>
ST_1 : Operation 741 [1/1] (0.00ns)   --->   "%write_ln0 = write void @_ssdm_op_Write.ap_auto.doubleP0A, i64 %mux_case_8695855_out, i64 %mux_case_8695855_load"   --->   Operation 741 'write' 'write_ln0' <Predicate = (!icmp_ln13)> <Delay = 0.00>
ST_1 : Operation 742 [1/1] (0.00ns)   --->   "%write_ln0 = write void @_ssdm_op_Write.ap_auto.doubleP0A, i64 %mux_case_8594851_out, i64 %mux_case_8594851_load"   --->   Operation 742 'write' 'write_ln0' <Predicate = (!icmp_ln13)> <Delay = 0.00>
ST_1 : Operation 743 [1/1] (0.00ns)   --->   "%write_ln0 = write void @_ssdm_op_Write.ap_auto.doubleP0A, i64 %mux_case_8493847_out, i64 %mux_case_8493847_load"   --->   Operation 743 'write' 'write_ln0' <Predicate = (!icmp_ln13)> <Delay = 0.00>
ST_1 : Operation 744 [1/1] (0.00ns)   --->   "%write_ln0 = write void @_ssdm_op_Write.ap_auto.doubleP0A, i64 %mux_case_8392843_out, i64 %mux_case_8392843_load"   --->   Operation 744 'write' 'write_ln0' <Predicate = (!icmp_ln13)> <Delay = 0.00>
ST_1 : Operation 745 [1/1] (0.00ns)   --->   "%write_ln0 = write void @_ssdm_op_Write.ap_auto.doubleP0A, i64 %mux_case_8291839_out, i64 %mux_case_8291839_load"   --->   Operation 745 'write' 'write_ln0' <Predicate = (!icmp_ln13)> <Delay = 0.00>
ST_1 : Operation 746 [1/1] (0.00ns)   --->   "%write_ln0 = write void @_ssdm_op_Write.ap_auto.doubleP0A, i64 %mux_case_8190835_out, i64 %mux_case_8190835_load"   --->   Operation 746 'write' 'write_ln0' <Predicate = (!icmp_ln13)> <Delay = 0.00>
ST_1 : Operation 747 [1/1] (0.00ns)   --->   "%write_ln0 = write void @_ssdm_op_Write.ap_auto.doubleP0A, i64 %mux_case_8089831_out, i64 %mux_case_8089831_load"   --->   Operation 747 'write' 'write_ln0' <Predicate = (!icmp_ln13)> <Delay = 0.00>
ST_1 : Operation 748 [1/1] (0.00ns)   --->   "%write_ln0 = write void @_ssdm_op_Write.ap_auto.doubleP0A, i64 %mux_case_7988827_out, i64 %mux_case_7988827_load"   --->   Operation 748 'write' 'write_ln0' <Predicate = (!icmp_ln13)> <Delay = 0.00>
ST_1 : Operation 749 [1/1] (0.00ns)   --->   "%write_ln0 = write void @_ssdm_op_Write.ap_auto.doubleP0A, i64 %mux_case_7887823_out, i64 %mux_case_7887823_load"   --->   Operation 749 'write' 'write_ln0' <Predicate = (!icmp_ln13)> <Delay = 0.00>
ST_1 : Operation 750 [1/1] (0.00ns)   --->   "%write_ln0 = write void @_ssdm_op_Write.ap_auto.doubleP0A, i64 %mux_case_7786819_out, i64 %mux_case_7786819_load"   --->   Operation 750 'write' 'write_ln0' <Predicate = (!icmp_ln13)> <Delay = 0.00>
ST_1 : Operation 751 [1/1] (0.00ns)   --->   "%write_ln0 = write void @_ssdm_op_Write.ap_auto.doubleP0A, i64 %mux_case_7685815_out, i64 %mux_case_7685815_load"   --->   Operation 751 'write' 'write_ln0' <Predicate = (!icmp_ln13)> <Delay = 0.00>
ST_1 : Operation 752 [1/1] (0.00ns)   --->   "%write_ln0 = write void @_ssdm_op_Write.ap_auto.doubleP0A, i64 %mux_case_7584811_out, i64 %mux_case_7584811_load"   --->   Operation 752 'write' 'write_ln0' <Predicate = (!icmp_ln13)> <Delay = 0.00>
ST_1 : Operation 753 [1/1] (0.00ns)   --->   "%write_ln0 = write void @_ssdm_op_Write.ap_auto.doubleP0A, i64 %mux_case_7483807_out, i64 %mux_case_7483807_load"   --->   Operation 753 'write' 'write_ln0' <Predicate = (!icmp_ln13)> <Delay = 0.00>
ST_1 : Operation 754 [1/1] (0.00ns)   --->   "%write_ln0 = write void @_ssdm_op_Write.ap_auto.doubleP0A, i64 %mux_case_7382803_out, i64 %mux_case_7382803_load"   --->   Operation 754 'write' 'write_ln0' <Predicate = (!icmp_ln13)> <Delay = 0.00>
ST_1 : Operation 755 [1/1] (0.00ns)   --->   "%write_ln0 = write void @_ssdm_op_Write.ap_auto.doubleP0A, i64 %mux_case_7281799_out, i64 %mux_case_7281799_load"   --->   Operation 755 'write' 'write_ln0' <Predicate = (!icmp_ln13)> <Delay = 0.00>
ST_1 : Operation 756 [1/1] (0.00ns)   --->   "%write_ln0 = write void @_ssdm_op_Write.ap_auto.doubleP0A, i64 %mux_case_7180795_out, i64 %mux_case_7180795_load"   --->   Operation 756 'write' 'write_ln0' <Predicate = (!icmp_ln13)> <Delay = 0.00>
ST_1 : Operation 757 [1/1] (0.00ns)   --->   "%write_ln0 = write void @_ssdm_op_Write.ap_auto.doubleP0A, i64 %mux_case_7079791_out, i64 %mux_case_7079791_load"   --->   Operation 757 'write' 'write_ln0' <Predicate = (!icmp_ln13)> <Delay = 0.00>
ST_1 : Operation 758 [1/1] (0.00ns)   --->   "%write_ln0 = write void @_ssdm_op_Write.ap_auto.doubleP0A, i64 %mux_case_6978787_out, i64 %mux_case_6978787_load"   --->   Operation 758 'write' 'write_ln0' <Predicate = (!icmp_ln13)> <Delay = 0.00>
ST_1 : Operation 759 [1/1] (0.00ns)   --->   "%write_ln0 = write void @_ssdm_op_Write.ap_auto.doubleP0A, i64 %mux_case_6877783_out, i64 %mux_case_6877783_load"   --->   Operation 759 'write' 'write_ln0' <Predicate = (!icmp_ln13)> <Delay = 0.00>
ST_1 : Operation 760 [1/1] (0.00ns)   --->   "%write_ln0 = write void @_ssdm_op_Write.ap_auto.doubleP0A, i64 %mux_case_6776779_out, i64 %mux_case_6776779_load"   --->   Operation 760 'write' 'write_ln0' <Predicate = (!icmp_ln13)> <Delay = 0.00>
ST_1 : Operation 761 [1/1] (0.00ns)   --->   "%write_ln0 = write void @_ssdm_op_Write.ap_auto.doubleP0A, i64 %mux_case_6675775_out, i64 %mux_case_6675775_load"   --->   Operation 761 'write' 'write_ln0' <Predicate = (!icmp_ln13)> <Delay = 0.00>
ST_1 : Operation 762 [1/1] (0.00ns)   --->   "%write_ln0 = write void @_ssdm_op_Write.ap_auto.doubleP0A, i64 %mux_case_6574771_out, i64 %mux_case_6574771_load"   --->   Operation 762 'write' 'write_ln0' <Predicate = (!icmp_ln13)> <Delay = 0.00>
ST_1 : Operation 763 [1/1] (0.00ns)   --->   "%write_ln0 = write void @_ssdm_op_Write.ap_auto.doubleP0A, i64 %mux_case_6473767_out, i64 %mux_case_6473767_load"   --->   Operation 763 'write' 'write_ln0' <Predicate = (!icmp_ln13)> <Delay = 0.00>
ST_1 : Operation 764 [1/1] (0.00ns)   --->   "%write_ln0 = write void @_ssdm_op_Write.ap_auto.doubleP0A, i64 %mux_case_6372763_out, i64 %mux_case_6372763_load"   --->   Operation 764 'write' 'write_ln0' <Predicate = (!icmp_ln13)> <Delay = 0.00>
ST_1 : Operation 765 [1/1] (0.00ns)   --->   "%write_ln0 = write void @_ssdm_op_Write.ap_auto.doubleP0A, i64 %mux_case_6271759_out, i64 %mux_case_6271759_load"   --->   Operation 765 'write' 'write_ln0' <Predicate = (!icmp_ln13)> <Delay = 0.00>
ST_1 : Operation 766 [1/1] (0.00ns)   --->   "%write_ln0 = write void @_ssdm_op_Write.ap_auto.doubleP0A, i64 %mux_case_6170755_out, i64 %mux_case_6170755_load"   --->   Operation 766 'write' 'write_ln0' <Predicate = (!icmp_ln13)> <Delay = 0.00>
ST_1 : Operation 767 [1/1] (0.00ns)   --->   "%write_ln0 = write void @_ssdm_op_Write.ap_auto.doubleP0A, i64 %mux_case_6069751_out, i64 %mux_case_6069751_load"   --->   Operation 767 'write' 'write_ln0' <Predicate = (!icmp_ln13)> <Delay = 0.00>
ST_1 : Operation 768 [1/1] (0.00ns)   --->   "%write_ln0 = write void @_ssdm_op_Write.ap_auto.doubleP0A, i64 %mux_case_5968747_out, i64 %mux_case_5968747_load"   --->   Operation 768 'write' 'write_ln0' <Predicate = (!icmp_ln13)> <Delay = 0.00>
ST_1 : Operation 769 [1/1] (0.00ns)   --->   "%write_ln0 = write void @_ssdm_op_Write.ap_auto.doubleP0A, i64 %mux_case_5867743_out, i64 %mux_case_5867743_load"   --->   Operation 769 'write' 'write_ln0' <Predicate = (!icmp_ln13)> <Delay = 0.00>
ST_1 : Operation 770 [1/1] (0.00ns)   --->   "%write_ln0 = write void @_ssdm_op_Write.ap_auto.doubleP0A, i64 %mux_case_5766739_out, i64 %mux_case_5766739_load"   --->   Operation 770 'write' 'write_ln0' <Predicate = (!icmp_ln13)> <Delay = 0.00>
ST_1 : Operation 771 [1/1] (0.00ns)   --->   "%write_ln0 = write void @_ssdm_op_Write.ap_auto.doubleP0A, i64 %mux_case_5665735_out, i64 %mux_case_5665735_load"   --->   Operation 771 'write' 'write_ln0' <Predicate = (!icmp_ln13)> <Delay = 0.00>
ST_1 : Operation 772 [1/1] (0.00ns)   --->   "%write_ln0 = write void @_ssdm_op_Write.ap_auto.doubleP0A, i64 %mux_case_5564731_out, i64 %mux_case_5564731_load"   --->   Operation 772 'write' 'write_ln0' <Predicate = (!icmp_ln13)> <Delay = 0.00>
ST_1 : Operation 773 [1/1] (0.00ns)   --->   "%write_ln0 = write void @_ssdm_op_Write.ap_auto.doubleP0A, i64 %mux_case_5463727_out, i64 %mux_case_5463727_load"   --->   Operation 773 'write' 'write_ln0' <Predicate = (!icmp_ln13)> <Delay = 0.00>
ST_1 : Operation 774 [1/1] (0.00ns)   --->   "%write_ln0 = write void @_ssdm_op_Write.ap_auto.doubleP0A, i64 %mux_case_5362723_out, i64 %mux_case_5362723_load"   --->   Operation 774 'write' 'write_ln0' <Predicate = (!icmp_ln13)> <Delay = 0.00>
ST_1 : Operation 775 [1/1] (0.00ns)   --->   "%write_ln0 = write void @_ssdm_op_Write.ap_auto.doubleP0A, i64 %mux_case_5261719_out, i64 %mux_case_5261719_load"   --->   Operation 775 'write' 'write_ln0' <Predicate = (!icmp_ln13)> <Delay = 0.00>
ST_1 : Operation 776 [1/1] (0.00ns)   --->   "%write_ln0 = write void @_ssdm_op_Write.ap_auto.doubleP0A, i64 %mux_case_5160715_out, i64 %mux_case_5160715_load"   --->   Operation 776 'write' 'write_ln0' <Predicate = (!icmp_ln13)> <Delay = 0.00>
ST_1 : Operation 777 [1/1] (0.00ns)   --->   "%write_ln0 = write void @_ssdm_op_Write.ap_auto.doubleP0A, i64 %mux_case_5059711_out, i64 %mux_case_5059711_load"   --->   Operation 777 'write' 'write_ln0' <Predicate = (!icmp_ln13)> <Delay = 0.00>
ST_1 : Operation 778 [1/1] (0.00ns)   --->   "%write_ln0 = write void @_ssdm_op_Write.ap_auto.doubleP0A, i64 %mux_case_4958707_out, i64 %mux_case_4958707_load"   --->   Operation 778 'write' 'write_ln0' <Predicate = (!icmp_ln13)> <Delay = 0.00>
ST_1 : Operation 779 [1/1] (0.00ns)   --->   "%write_ln0 = write void @_ssdm_op_Write.ap_auto.doubleP0A, i64 %mux_case_4857703_out, i64 %mux_case_4857703_load"   --->   Operation 779 'write' 'write_ln0' <Predicate = (!icmp_ln13)> <Delay = 0.00>
ST_1 : Operation 780 [1/1] (0.00ns)   --->   "%write_ln0 = write void @_ssdm_op_Write.ap_auto.doubleP0A, i64 %mux_case_4756699_out, i64 %mux_case_4756699_load"   --->   Operation 780 'write' 'write_ln0' <Predicate = (!icmp_ln13)> <Delay = 0.00>
ST_1 : Operation 781 [1/1] (0.00ns)   --->   "%write_ln0 = write void @_ssdm_op_Write.ap_auto.doubleP0A, i64 %mux_case_4655695_out, i64 %mux_case_4655695_load"   --->   Operation 781 'write' 'write_ln0' <Predicate = (!icmp_ln13)> <Delay = 0.00>
ST_1 : Operation 782 [1/1] (0.00ns)   --->   "%write_ln0 = write void @_ssdm_op_Write.ap_auto.doubleP0A, i64 %mux_case_4554691_out, i64 %mux_case_4554691_load"   --->   Operation 782 'write' 'write_ln0' <Predicate = (!icmp_ln13)> <Delay = 0.00>
ST_1 : Operation 783 [1/1] (0.00ns)   --->   "%write_ln0 = write void @_ssdm_op_Write.ap_auto.doubleP0A, i64 %mux_case_4453687_out, i64 %mux_case_4453687_load"   --->   Operation 783 'write' 'write_ln0' <Predicate = (!icmp_ln13)> <Delay = 0.00>
ST_1 : Operation 784 [1/1] (0.00ns)   --->   "%write_ln0 = write void @_ssdm_op_Write.ap_auto.doubleP0A, i64 %mux_case_4352683_out, i64 %mux_case_4352683_load"   --->   Operation 784 'write' 'write_ln0' <Predicate = (!icmp_ln13)> <Delay = 0.00>
ST_1 : Operation 785 [1/1] (0.00ns)   --->   "%write_ln0 = write void @_ssdm_op_Write.ap_auto.doubleP0A, i64 %mux_case_4251679_out, i64 %mux_case_4251679_load"   --->   Operation 785 'write' 'write_ln0' <Predicate = (!icmp_ln13)> <Delay = 0.00>
ST_1 : Operation 786 [1/1] (0.00ns)   --->   "%write_ln0 = write void @_ssdm_op_Write.ap_auto.doubleP0A, i64 %mux_case_4150675_out, i64 %mux_case_4150675_load"   --->   Operation 786 'write' 'write_ln0' <Predicate = (!icmp_ln13)> <Delay = 0.00>
ST_1 : Operation 787 [1/1] (0.00ns)   --->   "%write_ln0 = write void @_ssdm_op_Write.ap_auto.doubleP0A, i64 %mux_case_4049671_out, i64 %mux_case_4049671_load"   --->   Operation 787 'write' 'write_ln0' <Predicate = (!icmp_ln13)> <Delay = 0.00>
ST_1 : Operation 788 [1/1] (0.00ns)   --->   "%write_ln0 = write void @_ssdm_op_Write.ap_auto.doubleP0A, i64 %mux_case_3948667_out, i64 %mux_case_3948667_load"   --->   Operation 788 'write' 'write_ln0' <Predicate = (!icmp_ln13)> <Delay = 0.00>
ST_1 : Operation 789 [1/1] (0.00ns)   --->   "%write_ln0 = write void @_ssdm_op_Write.ap_auto.doubleP0A, i64 %mux_case_3847663_out, i64 %mux_case_3847663_load"   --->   Operation 789 'write' 'write_ln0' <Predicate = (!icmp_ln13)> <Delay = 0.00>
ST_1 : Operation 790 [1/1] (0.00ns)   --->   "%write_ln0 = write void @_ssdm_op_Write.ap_auto.doubleP0A, i64 %mux_case_3746659_out, i64 %mux_case_3746659_load"   --->   Operation 790 'write' 'write_ln0' <Predicate = (!icmp_ln13)> <Delay = 0.00>
ST_1 : Operation 791 [1/1] (0.00ns)   --->   "%write_ln0 = write void @_ssdm_op_Write.ap_auto.doubleP0A, i64 %mux_case_3645655_out, i64 %mux_case_3645655_load"   --->   Operation 791 'write' 'write_ln0' <Predicate = (!icmp_ln13)> <Delay = 0.00>
ST_1 : Operation 792 [1/1] (0.00ns)   --->   "%write_ln0 = write void @_ssdm_op_Write.ap_auto.doubleP0A, i64 %mux_case_3544651_out, i64 %mux_case_3544651_load"   --->   Operation 792 'write' 'write_ln0' <Predicate = (!icmp_ln13)> <Delay = 0.00>
ST_1 : Operation 793 [1/1] (0.00ns)   --->   "%write_ln0 = write void @_ssdm_op_Write.ap_auto.doubleP0A, i64 %mux_case_3443647_out, i64 %mux_case_3443647_load"   --->   Operation 793 'write' 'write_ln0' <Predicate = (!icmp_ln13)> <Delay = 0.00>
ST_1 : Operation 794 [1/1] (0.00ns)   --->   "%write_ln0 = write void @_ssdm_op_Write.ap_auto.doubleP0A, i64 %mux_case_3342643_out, i64 %mux_case_3342643_load"   --->   Operation 794 'write' 'write_ln0' <Predicate = (!icmp_ln13)> <Delay = 0.00>
ST_1 : Operation 795 [1/1] (0.00ns)   --->   "%write_ln0 = write void @_ssdm_op_Write.ap_auto.doubleP0A, i64 %mux_case_3241639_out, i64 %mux_case_3241639_load"   --->   Operation 795 'write' 'write_ln0' <Predicate = (!icmp_ln13)> <Delay = 0.00>
ST_1 : Operation 796 [1/1] (0.00ns)   --->   "%write_ln0 = write void @_ssdm_op_Write.ap_auto.doubleP0A, i64 %mux_case_3140635_out, i64 %mux_case_3140635_load"   --->   Operation 796 'write' 'write_ln0' <Predicate = (!icmp_ln13)> <Delay = 0.00>
ST_1 : Operation 797 [1/1] (0.00ns)   --->   "%write_ln0 = write void @_ssdm_op_Write.ap_auto.doubleP0A, i64 %mux_case_3039631_out, i64 %mux_case_3039631_load"   --->   Operation 797 'write' 'write_ln0' <Predicate = (!icmp_ln13)> <Delay = 0.00>
ST_1 : Operation 798 [1/1] (0.00ns)   --->   "%write_ln0 = write void @_ssdm_op_Write.ap_auto.doubleP0A, i64 %mux_case_2938627_out, i64 %mux_case_2938627_load"   --->   Operation 798 'write' 'write_ln0' <Predicate = (!icmp_ln13)> <Delay = 0.00>
ST_1 : Operation 799 [1/1] (0.00ns)   --->   "%write_ln0 = write void @_ssdm_op_Write.ap_auto.doubleP0A, i64 %mux_case_2837623_out, i64 %mux_case_2837623_load"   --->   Operation 799 'write' 'write_ln0' <Predicate = (!icmp_ln13)> <Delay = 0.00>
ST_1 : Operation 800 [1/1] (0.00ns)   --->   "%write_ln0 = write void @_ssdm_op_Write.ap_auto.doubleP0A, i64 %mux_case_2736619_out, i64 %mux_case_2736619_load"   --->   Operation 800 'write' 'write_ln0' <Predicate = (!icmp_ln13)> <Delay = 0.00>
ST_1 : Operation 801 [1/1] (0.00ns)   --->   "%write_ln0 = write void @_ssdm_op_Write.ap_auto.doubleP0A, i64 %mux_case_2635615_out, i64 %mux_case_2635615_load"   --->   Operation 801 'write' 'write_ln0' <Predicate = (!icmp_ln13)> <Delay = 0.00>
ST_1 : Operation 802 [1/1] (0.00ns)   --->   "%write_ln0 = write void @_ssdm_op_Write.ap_auto.doubleP0A, i64 %mux_case_2534611_out, i64 %mux_case_2534611_load"   --->   Operation 802 'write' 'write_ln0' <Predicate = (!icmp_ln13)> <Delay = 0.00>
ST_1 : Operation 803 [1/1] (0.00ns)   --->   "%write_ln0 = write void @_ssdm_op_Write.ap_auto.doubleP0A, i64 %mux_case_2433607_out, i64 %mux_case_2433607_load"   --->   Operation 803 'write' 'write_ln0' <Predicate = (!icmp_ln13)> <Delay = 0.00>
ST_1 : Operation 804 [1/1] (0.00ns)   --->   "%write_ln0 = write void @_ssdm_op_Write.ap_auto.doubleP0A, i64 %mux_case_2332603_out, i64 %mux_case_2332603_load"   --->   Operation 804 'write' 'write_ln0' <Predicate = (!icmp_ln13)> <Delay = 0.00>
ST_1 : Operation 805 [1/1] (0.00ns)   --->   "%write_ln0 = write void @_ssdm_op_Write.ap_auto.doubleP0A, i64 %mux_case_2231599_out, i64 %mux_case_2231599_load"   --->   Operation 805 'write' 'write_ln0' <Predicate = (!icmp_ln13)> <Delay = 0.00>
ST_1 : Operation 806 [1/1] (0.00ns)   --->   "%write_ln0 = write void @_ssdm_op_Write.ap_auto.doubleP0A, i64 %mux_case_2130595_out, i64 %mux_case_2130595_load"   --->   Operation 806 'write' 'write_ln0' <Predicate = (!icmp_ln13)> <Delay = 0.00>
ST_1 : Operation 807 [1/1] (0.00ns)   --->   "%write_ln0 = write void @_ssdm_op_Write.ap_auto.doubleP0A, i64 %mux_case_2029591_out, i64 %mux_case_2029591_load"   --->   Operation 807 'write' 'write_ln0' <Predicate = (!icmp_ln13)> <Delay = 0.00>
ST_1 : Operation 808 [1/1] (0.00ns)   --->   "%write_ln0 = write void @_ssdm_op_Write.ap_auto.doubleP0A, i64 %mux_case_1928587_out, i64 %mux_case_1928587_load"   --->   Operation 808 'write' 'write_ln0' <Predicate = (!icmp_ln13)> <Delay = 0.00>
ST_1 : Operation 809 [1/1] (0.00ns)   --->   "%write_ln0 = write void @_ssdm_op_Write.ap_auto.doubleP0A, i64 %mux_case_1827583_out, i64 %mux_case_1827583_load"   --->   Operation 809 'write' 'write_ln0' <Predicate = (!icmp_ln13)> <Delay = 0.00>
ST_1 : Operation 810 [1/1] (0.00ns)   --->   "%write_ln0 = write void @_ssdm_op_Write.ap_auto.doubleP0A, i64 %mux_case_1726579_out, i64 %mux_case_1726579_load"   --->   Operation 810 'write' 'write_ln0' <Predicate = (!icmp_ln13)> <Delay = 0.00>
ST_1 : Operation 811 [1/1] (0.00ns)   --->   "%write_ln0 = write void @_ssdm_op_Write.ap_auto.doubleP0A, i64 %mux_case_1625575_out, i64 %mux_case_1625575_load"   --->   Operation 811 'write' 'write_ln0' <Predicate = (!icmp_ln13)> <Delay = 0.00>
ST_1 : Operation 812 [1/1] (0.00ns)   --->   "%write_ln0 = write void @_ssdm_op_Write.ap_auto.doubleP0A, i64 %mux_case_1524571_out, i64 %mux_case_1524571_load"   --->   Operation 812 'write' 'write_ln0' <Predicate = (!icmp_ln13)> <Delay = 0.00>
ST_1 : Operation 813 [1/1] (0.00ns)   --->   "%write_ln0 = write void @_ssdm_op_Write.ap_auto.doubleP0A, i64 %mux_case_1423567_out, i64 %mux_case_1423567_load"   --->   Operation 813 'write' 'write_ln0' <Predicate = (!icmp_ln13)> <Delay = 0.00>
ST_1 : Operation 814 [1/1] (0.00ns)   --->   "%write_ln0 = write void @_ssdm_op_Write.ap_auto.doubleP0A, i64 %mux_case_1322563_out, i64 %mux_case_1322563_load"   --->   Operation 814 'write' 'write_ln0' <Predicate = (!icmp_ln13)> <Delay = 0.00>
ST_1 : Operation 815 [1/1] (0.00ns)   --->   "%write_ln0 = write void @_ssdm_op_Write.ap_auto.doubleP0A, i64 %mux_case_1221559_out, i64 %mux_case_1221559_load"   --->   Operation 815 'write' 'write_ln0' <Predicate = (!icmp_ln13)> <Delay = 0.00>
ST_1 : Operation 816 [1/1] (0.00ns)   --->   "%write_ln0 = write void @_ssdm_op_Write.ap_auto.doubleP0A, i64 %mux_case_1120555_out, i64 %mux_case_1120555_load"   --->   Operation 816 'write' 'write_ln0' <Predicate = (!icmp_ln13)> <Delay = 0.00>
ST_1 : Operation 817 [1/1] (0.00ns)   --->   "%write_ln0 = write void @_ssdm_op_Write.ap_auto.doubleP0A, i64 %mux_case_1019551_out, i64 %mux_case_1019551_load"   --->   Operation 817 'write' 'write_ln0' <Predicate = (!icmp_ln13)> <Delay = 0.00>
ST_1 : Operation 818 [1/1] (0.00ns)   --->   "%write_ln0 = write void @_ssdm_op_Write.ap_auto.doubleP0A, i64 %mux_case_918547_out, i64 %mux_case_918547_load"   --->   Operation 818 'write' 'write_ln0' <Predicate = (!icmp_ln13)> <Delay = 0.00>
ST_1 : Operation 819 [1/1] (0.00ns)   --->   "%write_ln0 = write void @_ssdm_op_Write.ap_auto.doubleP0A, i64 %mux_case_817543_out, i64 %mux_case_817543_load"   --->   Operation 819 'write' 'write_ln0' <Predicate = (!icmp_ln13)> <Delay = 0.00>
ST_1 : Operation 820 [1/1] (0.00ns)   --->   "%write_ln0 = write void @_ssdm_op_Write.ap_auto.doubleP0A, i64 %mux_case_716539_out, i64 %mux_case_716539_load"   --->   Operation 820 'write' 'write_ln0' <Predicate = (!icmp_ln13)> <Delay = 0.00>
ST_1 : Operation 821 [1/1] (0.00ns)   --->   "%write_ln0 = write void @_ssdm_op_Write.ap_auto.doubleP0A, i64 %mux_case_615535_out, i64 %mux_case_615535_load"   --->   Operation 821 'write' 'write_ln0' <Predicate = (!icmp_ln13)> <Delay = 0.00>
ST_1 : Operation 822 [1/1] (0.00ns)   --->   "%write_ln0 = write void @_ssdm_op_Write.ap_auto.doubleP0A, i64 %mux_case_514531_out, i64 %mux_case_514531_load"   --->   Operation 822 'write' 'write_ln0' <Predicate = (!icmp_ln13)> <Delay = 0.00>
ST_1 : Operation 823 [1/1] (0.00ns)   --->   "%write_ln0 = write void @_ssdm_op_Write.ap_auto.doubleP0A, i64 %mux_case_413527_out, i64 %mux_case_413527_load"   --->   Operation 823 'write' 'write_ln0' <Predicate = (!icmp_ln13)> <Delay = 0.00>
ST_1 : Operation 824 [1/1] (0.00ns)   --->   "%write_ln0 = write void @_ssdm_op_Write.ap_auto.doubleP0A, i64 %mux_case_312523_out, i64 %mux_case_312523_load"   --->   Operation 824 'write' 'write_ln0' <Predicate = (!icmp_ln13)> <Delay = 0.00>
ST_1 : Operation 825 [1/1] (0.00ns)   --->   "%write_ln0 = write void @_ssdm_op_Write.ap_auto.doubleP0A, i64 %mux_case_211519_out, i64 %mux_case_211519_load"   --->   Operation 825 'write' 'write_ln0' <Predicate = (!icmp_ln13)> <Delay = 0.00>
ST_1 : Operation 826 [1/1] (0.00ns)   --->   "%write_ln0 = write void @_ssdm_op_Write.ap_auto.doubleP0A, i64 %mux_case_110515_out, i64 %mux_case_110515_load"   --->   Operation 826 'write' 'write_ln0' <Predicate = (!icmp_ln13)> <Delay = 0.00>
ST_1 : Operation 827 [1/1] (0.00ns)   --->   "%write_ln0 = write void @_ssdm_op_Write.ap_auto.doubleP0A, i64 %mux_case_03511_out, i64 %mux_case_03511_load"   --->   Operation 827 'write' 'write_ln0' <Predicate = (!icmp_ln13)> <Delay = 0.00>
ST_1 : Operation 828 [1/1] (0.00ns)   --->   "%write_ln0 = write void @_ssdm_op_Write.ap_auto.doubleP0A, i64 %mux_case_99507_out, i64 %mux_case_99507_load"   --->   Operation 828 'write' 'write_ln0' <Predicate = (!icmp_ln13)> <Delay = 0.00>
ST_1 : Operation 829 [1/1] (0.00ns)   --->   "%write_ln0 = write void @_ssdm_op_Write.ap_auto.doubleP0A, i64 %mux_case_98503_out, i64 %mux_case_98503_load"   --->   Operation 829 'write' 'write_ln0' <Predicate = (!icmp_ln13)> <Delay = 0.00>
ST_1 : Operation 830 [1/1] (0.00ns)   --->   "%write_ln0 = write void @_ssdm_op_Write.ap_auto.doubleP0A, i64 %mux_case_97499_out, i64 %mux_case_97499_load"   --->   Operation 830 'write' 'write_ln0' <Predicate = (!icmp_ln13)> <Delay = 0.00>
ST_1 : Operation 831 [1/1] (0.00ns)   --->   "%write_ln0 = write void @_ssdm_op_Write.ap_auto.doubleP0A, i64 %mux_case_96495_out, i64 %mux_case_96495_load"   --->   Operation 831 'write' 'write_ln0' <Predicate = (!icmp_ln13)> <Delay = 0.00>
ST_1 : Operation 832 [1/1] (0.00ns)   --->   "%write_ln0 = write void @_ssdm_op_Write.ap_auto.doubleP0A, i64 %mux_case_95491_out, i64 %mux_case_95491_load"   --->   Operation 832 'write' 'write_ln0' <Predicate = (!icmp_ln13)> <Delay = 0.00>
ST_1 : Operation 833 [1/1] (0.00ns)   --->   "%write_ln0 = write void @_ssdm_op_Write.ap_auto.doubleP0A, i64 %mux_case_94487_out, i64 %mux_case_94487_load"   --->   Operation 833 'write' 'write_ln0' <Predicate = (!icmp_ln13)> <Delay = 0.00>
ST_1 : Operation 834 [1/1] (0.00ns)   --->   "%write_ln0 = write void @_ssdm_op_Write.ap_auto.doubleP0A, i64 %mux_case_93483_out, i64 %mux_case_93483_load"   --->   Operation 834 'write' 'write_ln0' <Predicate = (!icmp_ln13)> <Delay = 0.00>
ST_1 : Operation 835 [1/1] (0.00ns)   --->   "%write_ln0 = write void @_ssdm_op_Write.ap_auto.doubleP0A, i64 %mux_case_92479_out, i64 %mux_case_92479_load"   --->   Operation 835 'write' 'write_ln0' <Predicate = (!icmp_ln13)> <Delay = 0.00>
ST_1 : Operation 836 [1/1] (0.00ns)   --->   "%write_ln0 = write void @_ssdm_op_Write.ap_auto.doubleP0A, i64 %mux_case_91475_out, i64 %mux_case_91475_load"   --->   Operation 836 'write' 'write_ln0' <Predicate = (!icmp_ln13)> <Delay = 0.00>
ST_1 : Operation 837 [1/1] (0.00ns)   --->   "%write_ln0 = write void @_ssdm_op_Write.ap_auto.doubleP0A, i64 %mux_case_90471_out, i64 %mux_case_90471_load"   --->   Operation 837 'write' 'write_ln0' <Predicate = (!icmp_ln13)> <Delay = 0.00>
ST_1 : Operation 838 [1/1] (0.00ns)   --->   "%write_ln0 = write void @_ssdm_op_Write.ap_auto.doubleP0A, i64 %mux_case_89467_out, i64 %mux_case_89467_load"   --->   Operation 838 'write' 'write_ln0' <Predicate = (!icmp_ln13)> <Delay = 0.00>
ST_1 : Operation 839 [1/1] (0.00ns)   --->   "%write_ln0 = write void @_ssdm_op_Write.ap_auto.doubleP0A, i64 %mux_case_88463_out, i64 %mux_case_88463_load"   --->   Operation 839 'write' 'write_ln0' <Predicate = (!icmp_ln13)> <Delay = 0.00>
ST_1 : Operation 840 [1/1] (0.00ns)   --->   "%write_ln0 = write void @_ssdm_op_Write.ap_auto.doubleP0A, i64 %mux_case_87459_out, i64 %mux_case_87459_load"   --->   Operation 840 'write' 'write_ln0' <Predicate = (!icmp_ln13)> <Delay = 0.00>
ST_1 : Operation 841 [1/1] (0.00ns)   --->   "%write_ln0 = write void @_ssdm_op_Write.ap_auto.doubleP0A, i64 %mux_case_86455_out, i64 %mux_case_86455_load"   --->   Operation 841 'write' 'write_ln0' <Predicate = (!icmp_ln13)> <Delay = 0.00>
ST_1 : Operation 842 [1/1] (0.00ns)   --->   "%write_ln0 = write void @_ssdm_op_Write.ap_auto.doubleP0A, i64 %mux_case_85451_out, i64 %mux_case_85451_load"   --->   Operation 842 'write' 'write_ln0' <Predicate = (!icmp_ln13)> <Delay = 0.00>
ST_1 : Operation 843 [1/1] (0.00ns)   --->   "%write_ln0 = write void @_ssdm_op_Write.ap_auto.doubleP0A, i64 %mux_case_84447_out, i64 %mux_case_84447_load"   --->   Operation 843 'write' 'write_ln0' <Predicate = (!icmp_ln13)> <Delay = 0.00>
ST_1 : Operation 844 [1/1] (0.00ns)   --->   "%write_ln0 = write void @_ssdm_op_Write.ap_auto.doubleP0A, i64 %mux_case_83443_out, i64 %mux_case_83443_load"   --->   Operation 844 'write' 'write_ln0' <Predicate = (!icmp_ln13)> <Delay = 0.00>
ST_1 : Operation 845 [1/1] (0.00ns)   --->   "%write_ln0 = write void @_ssdm_op_Write.ap_auto.doubleP0A, i64 %mux_case_82439_out, i64 %mux_case_82439_load"   --->   Operation 845 'write' 'write_ln0' <Predicate = (!icmp_ln13)> <Delay = 0.00>
ST_1 : Operation 846 [1/1] (0.00ns)   --->   "%write_ln0 = write void @_ssdm_op_Write.ap_auto.doubleP0A, i64 %mux_case_81435_out, i64 %mux_case_81435_load"   --->   Operation 846 'write' 'write_ln0' <Predicate = (!icmp_ln13)> <Delay = 0.00>
ST_1 : Operation 847 [1/1] (0.00ns)   --->   "%write_ln0 = write void @_ssdm_op_Write.ap_auto.doubleP0A, i64 %mux_case_80431_out, i64 %mux_case_80431_load"   --->   Operation 847 'write' 'write_ln0' <Predicate = (!icmp_ln13)> <Delay = 0.00>
ST_1 : Operation 848 [1/1] (0.00ns)   --->   "%write_ln0 = write void @_ssdm_op_Write.ap_auto.doubleP0A, i64 %mux_case_79427_out, i64 %mux_case_79427_load"   --->   Operation 848 'write' 'write_ln0' <Predicate = (!icmp_ln13)> <Delay = 0.00>
ST_1 : Operation 849 [1/1] (0.00ns)   --->   "%write_ln0 = write void @_ssdm_op_Write.ap_auto.doubleP0A, i64 %mux_case_78423_out, i64 %mux_case_78423_load"   --->   Operation 849 'write' 'write_ln0' <Predicate = (!icmp_ln13)> <Delay = 0.00>
ST_1 : Operation 850 [1/1] (0.00ns)   --->   "%write_ln0 = write void @_ssdm_op_Write.ap_auto.doubleP0A, i64 %mux_case_77419_out, i64 %mux_case_77419_load"   --->   Operation 850 'write' 'write_ln0' <Predicate = (!icmp_ln13)> <Delay = 0.00>
ST_1 : Operation 851 [1/1] (0.00ns)   --->   "%write_ln0 = write void @_ssdm_op_Write.ap_auto.doubleP0A, i64 %mux_case_76415_out, i64 %mux_case_76415_load"   --->   Operation 851 'write' 'write_ln0' <Predicate = (!icmp_ln13)> <Delay = 0.00>
ST_1 : Operation 852 [1/1] (0.00ns)   --->   "%write_ln0 = write void @_ssdm_op_Write.ap_auto.doubleP0A, i64 %mux_case_75411_out, i64 %mux_case_75411_load"   --->   Operation 852 'write' 'write_ln0' <Predicate = (!icmp_ln13)> <Delay = 0.00>
ST_1 : Operation 853 [1/1] (0.00ns)   --->   "%write_ln0 = write void @_ssdm_op_Write.ap_auto.doubleP0A, i64 %mux_case_74407_out, i64 %mux_case_74407_load"   --->   Operation 853 'write' 'write_ln0' <Predicate = (!icmp_ln13)> <Delay = 0.00>
ST_1 : Operation 854 [1/1] (0.00ns)   --->   "%write_ln0 = write void @_ssdm_op_Write.ap_auto.doubleP0A, i64 %mux_case_73403_out, i64 %mux_case_73403_load"   --->   Operation 854 'write' 'write_ln0' <Predicate = (!icmp_ln13)> <Delay = 0.00>
ST_1 : Operation 855 [1/1] (0.00ns)   --->   "%write_ln0 = write void @_ssdm_op_Write.ap_auto.doubleP0A, i64 %mux_case_72399_out, i64 %mux_case_72399_load"   --->   Operation 855 'write' 'write_ln0' <Predicate = (!icmp_ln13)> <Delay = 0.00>
ST_1 : Operation 856 [1/1] (0.00ns)   --->   "%write_ln0 = write void @_ssdm_op_Write.ap_auto.doubleP0A, i64 %mux_case_71395_out, i64 %mux_case_71395_load"   --->   Operation 856 'write' 'write_ln0' <Predicate = (!icmp_ln13)> <Delay = 0.00>
ST_1 : Operation 857 [1/1] (0.00ns)   --->   "%write_ln0 = write void @_ssdm_op_Write.ap_auto.doubleP0A, i64 %mux_case_70391_out, i64 %mux_case_70391_load"   --->   Operation 857 'write' 'write_ln0' <Predicate = (!icmp_ln13)> <Delay = 0.00>
ST_1 : Operation 858 [1/1] (0.00ns)   --->   "%write_ln0 = write void @_ssdm_op_Write.ap_auto.doubleP0A, i64 %mux_case_69387_out, i64 %mux_case_69387_load"   --->   Operation 858 'write' 'write_ln0' <Predicate = (!icmp_ln13)> <Delay = 0.00>
ST_1 : Operation 859 [1/1] (0.00ns)   --->   "%write_ln0 = write void @_ssdm_op_Write.ap_auto.doubleP0A, i64 %mux_case_68383_out, i64 %mux_case_68383_load"   --->   Operation 859 'write' 'write_ln0' <Predicate = (!icmp_ln13)> <Delay = 0.00>
ST_1 : Operation 860 [1/1] (0.00ns)   --->   "%write_ln0 = write void @_ssdm_op_Write.ap_auto.doubleP0A, i64 %mux_case_67379_out, i64 %mux_case_67379_load"   --->   Operation 860 'write' 'write_ln0' <Predicate = (!icmp_ln13)> <Delay = 0.00>
ST_1 : Operation 861 [1/1] (0.00ns)   --->   "%write_ln0 = write void @_ssdm_op_Write.ap_auto.doubleP0A, i64 %mux_case_66375_out, i64 %mux_case_66375_load"   --->   Operation 861 'write' 'write_ln0' <Predicate = (!icmp_ln13)> <Delay = 0.00>
ST_1 : Operation 862 [1/1] (0.00ns)   --->   "%write_ln0 = write void @_ssdm_op_Write.ap_auto.doubleP0A, i64 %mux_case_65371_out, i64 %mux_case_65371_load"   --->   Operation 862 'write' 'write_ln0' <Predicate = (!icmp_ln13)> <Delay = 0.00>
ST_1 : Operation 863 [1/1] (0.00ns)   --->   "%write_ln0 = write void @_ssdm_op_Write.ap_auto.doubleP0A, i64 %mux_case_64367_out, i64 %mux_case_64367_load"   --->   Operation 863 'write' 'write_ln0' <Predicate = (!icmp_ln13)> <Delay = 0.00>
ST_1 : Operation 864 [1/1] (0.00ns)   --->   "%write_ln0 = write void @_ssdm_op_Write.ap_auto.doubleP0A, i64 %mux_case_63363_out, i64 %mux_case_63363_load"   --->   Operation 864 'write' 'write_ln0' <Predicate = (!icmp_ln13)> <Delay = 0.00>
ST_1 : Operation 865 [1/1] (0.00ns)   --->   "%write_ln0 = write void @_ssdm_op_Write.ap_auto.doubleP0A, i64 %mux_case_62359_out, i64 %mux_case_62359_load"   --->   Operation 865 'write' 'write_ln0' <Predicate = (!icmp_ln13)> <Delay = 0.00>
ST_1 : Operation 866 [1/1] (0.00ns)   --->   "%write_ln0 = write void @_ssdm_op_Write.ap_auto.doubleP0A, i64 %mux_case_61355_out, i64 %mux_case_61355_load"   --->   Operation 866 'write' 'write_ln0' <Predicate = (!icmp_ln13)> <Delay = 0.00>
ST_1 : Operation 867 [1/1] (0.00ns)   --->   "%write_ln0 = write void @_ssdm_op_Write.ap_auto.doubleP0A, i64 %mux_case_60351_out, i64 %mux_case_60351_load"   --->   Operation 867 'write' 'write_ln0' <Predicate = (!icmp_ln13)> <Delay = 0.00>
ST_1 : Operation 868 [1/1] (0.00ns)   --->   "%write_ln0 = write void @_ssdm_op_Write.ap_auto.doubleP0A, i64 %mux_case_59347_out, i64 %mux_case_59347_load"   --->   Operation 868 'write' 'write_ln0' <Predicate = (!icmp_ln13)> <Delay = 0.00>
ST_1 : Operation 869 [1/1] (0.00ns)   --->   "%write_ln0 = write void @_ssdm_op_Write.ap_auto.doubleP0A, i64 %mux_case_58343_out, i64 %mux_case_58343_load"   --->   Operation 869 'write' 'write_ln0' <Predicate = (!icmp_ln13)> <Delay = 0.00>
ST_1 : Operation 870 [1/1] (0.00ns)   --->   "%write_ln0 = write void @_ssdm_op_Write.ap_auto.doubleP0A, i64 %mux_case_57339_out, i64 %mux_case_57339_load"   --->   Operation 870 'write' 'write_ln0' <Predicate = (!icmp_ln13)> <Delay = 0.00>
ST_1 : Operation 871 [1/1] (0.00ns)   --->   "%write_ln0 = write void @_ssdm_op_Write.ap_auto.doubleP0A, i64 %mux_case_56335_out, i64 %mux_case_56335_load"   --->   Operation 871 'write' 'write_ln0' <Predicate = (!icmp_ln13)> <Delay = 0.00>
ST_1 : Operation 872 [1/1] (0.00ns)   --->   "%write_ln0 = write void @_ssdm_op_Write.ap_auto.doubleP0A, i64 %mux_case_55331_out, i64 %mux_case_55331_load"   --->   Operation 872 'write' 'write_ln0' <Predicate = (!icmp_ln13)> <Delay = 0.00>
ST_1 : Operation 873 [1/1] (0.00ns)   --->   "%write_ln0 = write void @_ssdm_op_Write.ap_auto.doubleP0A, i64 %mux_case_54327_out, i64 %mux_case_54327_load"   --->   Operation 873 'write' 'write_ln0' <Predicate = (!icmp_ln13)> <Delay = 0.00>
ST_1 : Operation 874 [1/1] (0.00ns)   --->   "%write_ln0 = write void @_ssdm_op_Write.ap_auto.doubleP0A, i64 %mux_case_53323_out, i64 %mux_case_53323_load"   --->   Operation 874 'write' 'write_ln0' <Predicate = (!icmp_ln13)> <Delay = 0.00>
ST_1 : Operation 875 [1/1] (0.00ns)   --->   "%write_ln0 = write void @_ssdm_op_Write.ap_auto.doubleP0A, i64 %mux_case_52319_out, i64 %mux_case_52319_load"   --->   Operation 875 'write' 'write_ln0' <Predicate = (!icmp_ln13)> <Delay = 0.00>
ST_1 : Operation 876 [1/1] (0.00ns)   --->   "%write_ln0 = write void @_ssdm_op_Write.ap_auto.doubleP0A, i64 %mux_case_51315_out, i64 %mux_case_51315_load"   --->   Operation 876 'write' 'write_ln0' <Predicate = (!icmp_ln13)> <Delay = 0.00>
ST_1 : Operation 877 [1/1] (0.00ns)   --->   "%write_ln0 = write void @_ssdm_op_Write.ap_auto.doubleP0A, i64 %mux_case_50311_out, i64 %mux_case_50311_load"   --->   Operation 877 'write' 'write_ln0' <Predicate = (!icmp_ln13)> <Delay = 0.00>
ST_1 : Operation 878 [1/1] (0.00ns)   --->   "%write_ln0 = write void @_ssdm_op_Write.ap_auto.doubleP0A, i64 %mux_case_49307_out, i64 %mux_case_49307_load"   --->   Operation 878 'write' 'write_ln0' <Predicate = (!icmp_ln13)> <Delay = 0.00>
ST_1 : Operation 879 [1/1] (0.00ns)   --->   "%write_ln0 = write void @_ssdm_op_Write.ap_auto.doubleP0A, i64 %mux_case_48303_out, i64 %mux_case_48303_load"   --->   Operation 879 'write' 'write_ln0' <Predicate = (!icmp_ln13)> <Delay = 0.00>
ST_1 : Operation 880 [1/1] (0.00ns)   --->   "%write_ln0 = write void @_ssdm_op_Write.ap_auto.doubleP0A, i64 %mux_case_47299_out, i64 %mux_case_47299_load"   --->   Operation 880 'write' 'write_ln0' <Predicate = (!icmp_ln13)> <Delay = 0.00>
ST_1 : Operation 881 [1/1] (0.00ns)   --->   "%write_ln0 = write void @_ssdm_op_Write.ap_auto.doubleP0A, i64 %mux_case_46295_out, i64 %mux_case_46295_load"   --->   Operation 881 'write' 'write_ln0' <Predicate = (!icmp_ln13)> <Delay = 0.00>
ST_1 : Operation 882 [1/1] (0.00ns)   --->   "%write_ln0 = write void @_ssdm_op_Write.ap_auto.doubleP0A, i64 %mux_case_45291_out, i64 %mux_case_45291_load"   --->   Operation 882 'write' 'write_ln0' <Predicate = (!icmp_ln13)> <Delay = 0.00>
ST_1 : Operation 883 [1/1] (0.00ns)   --->   "%write_ln0 = write void @_ssdm_op_Write.ap_auto.doubleP0A, i64 %mux_case_44287_out, i64 %mux_case_44287_load"   --->   Operation 883 'write' 'write_ln0' <Predicate = (!icmp_ln13)> <Delay = 0.00>
ST_1 : Operation 884 [1/1] (0.00ns)   --->   "%write_ln0 = write void @_ssdm_op_Write.ap_auto.doubleP0A, i64 %mux_case_43283_out, i64 %mux_case_43283_load"   --->   Operation 884 'write' 'write_ln0' <Predicate = (!icmp_ln13)> <Delay = 0.00>
ST_1 : Operation 885 [1/1] (0.00ns)   --->   "%write_ln0 = write void @_ssdm_op_Write.ap_auto.doubleP0A, i64 %mux_case_42279_out, i64 %mux_case_42279_load"   --->   Operation 885 'write' 'write_ln0' <Predicate = (!icmp_ln13)> <Delay = 0.00>
ST_1 : Operation 886 [1/1] (0.00ns)   --->   "%write_ln0 = write void @_ssdm_op_Write.ap_auto.doubleP0A, i64 %mux_case_41275_out, i64 %mux_case_41275_load"   --->   Operation 886 'write' 'write_ln0' <Predicate = (!icmp_ln13)> <Delay = 0.00>
ST_1 : Operation 887 [1/1] (0.00ns)   --->   "%write_ln0 = write void @_ssdm_op_Write.ap_auto.doubleP0A, i64 %mux_case_40271_out, i64 %mux_case_40271_load"   --->   Operation 887 'write' 'write_ln0' <Predicate = (!icmp_ln13)> <Delay = 0.00>
ST_1 : Operation 888 [1/1] (0.00ns)   --->   "%write_ln0 = write void @_ssdm_op_Write.ap_auto.doubleP0A, i64 %mux_case_39267_out, i64 %mux_case_39267_load"   --->   Operation 888 'write' 'write_ln0' <Predicate = (!icmp_ln13)> <Delay = 0.00>
ST_1 : Operation 889 [1/1] (0.00ns)   --->   "%write_ln0 = write void @_ssdm_op_Write.ap_auto.doubleP0A, i64 %mux_case_38263_out, i64 %mux_case_38263_load"   --->   Operation 889 'write' 'write_ln0' <Predicate = (!icmp_ln13)> <Delay = 0.00>
ST_1 : Operation 890 [1/1] (0.00ns)   --->   "%write_ln0 = write void @_ssdm_op_Write.ap_auto.doubleP0A, i64 %mux_case_37259_out, i64 %mux_case_37259_load"   --->   Operation 890 'write' 'write_ln0' <Predicate = (!icmp_ln13)> <Delay = 0.00>
ST_1 : Operation 891 [1/1] (0.00ns)   --->   "%write_ln0 = write void @_ssdm_op_Write.ap_auto.doubleP0A, i64 %mux_case_36255_out, i64 %mux_case_36255_load"   --->   Operation 891 'write' 'write_ln0' <Predicate = (!icmp_ln13)> <Delay = 0.00>
ST_1 : Operation 892 [1/1] (0.00ns)   --->   "%write_ln0 = write void @_ssdm_op_Write.ap_auto.doubleP0A, i64 %mux_case_35251_out, i64 %mux_case_35251_load"   --->   Operation 892 'write' 'write_ln0' <Predicate = (!icmp_ln13)> <Delay = 0.00>
ST_1 : Operation 893 [1/1] (0.00ns)   --->   "%write_ln0 = write void @_ssdm_op_Write.ap_auto.doubleP0A, i64 %mux_case_34247_out, i64 %mux_case_34247_load"   --->   Operation 893 'write' 'write_ln0' <Predicate = (!icmp_ln13)> <Delay = 0.00>
ST_1 : Operation 894 [1/1] (0.00ns)   --->   "%write_ln0 = write void @_ssdm_op_Write.ap_auto.doubleP0A, i64 %mux_case_33243_out, i64 %mux_case_33243_load"   --->   Operation 894 'write' 'write_ln0' <Predicate = (!icmp_ln13)> <Delay = 0.00>
ST_1 : Operation 895 [1/1] (0.00ns)   --->   "%write_ln0 = write void @_ssdm_op_Write.ap_auto.doubleP0A, i64 %mux_case_32239_out, i64 %mux_case_32239_load"   --->   Operation 895 'write' 'write_ln0' <Predicate = (!icmp_ln13)> <Delay = 0.00>
ST_1 : Operation 896 [1/1] (0.00ns)   --->   "%write_ln0 = write void @_ssdm_op_Write.ap_auto.doubleP0A, i64 %mux_case_31235_out, i64 %mux_case_31235_load"   --->   Operation 896 'write' 'write_ln0' <Predicate = (!icmp_ln13)> <Delay = 0.00>
ST_1 : Operation 897 [1/1] (0.00ns)   --->   "%write_ln0 = write void @_ssdm_op_Write.ap_auto.doubleP0A, i64 %mux_case_30231_out, i64 %mux_case_30231_load"   --->   Operation 897 'write' 'write_ln0' <Predicate = (!icmp_ln13)> <Delay = 0.00>
ST_1 : Operation 898 [1/1] (0.00ns)   --->   "%write_ln0 = write void @_ssdm_op_Write.ap_auto.doubleP0A, i64 %mux_case_29227_out, i64 %mux_case_29227_load"   --->   Operation 898 'write' 'write_ln0' <Predicate = (!icmp_ln13)> <Delay = 0.00>
ST_1 : Operation 899 [1/1] (0.00ns)   --->   "%write_ln0 = write void @_ssdm_op_Write.ap_auto.doubleP0A, i64 %mux_case_28223_out, i64 %mux_case_28223_load"   --->   Operation 899 'write' 'write_ln0' <Predicate = (!icmp_ln13)> <Delay = 0.00>
ST_1 : Operation 900 [1/1] (0.00ns)   --->   "%write_ln0 = write void @_ssdm_op_Write.ap_auto.doubleP0A, i64 %mux_case_27219_out, i64 %mux_case_27219_load"   --->   Operation 900 'write' 'write_ln0' <Predicate = (!icmp_ln13)> <Delay = 0.00>
ST_1 : Operation 901 [1/1] (0.00ns)   --->   "%write_ln0 = write void @_ssdm_op_Write.ap_auto.doubleP0A, i64 %mux_case_26215_out, i64 %mux_case_26215_load"   --->   Operation 901 'write' 'write_ln0' <Predicate = (!icmp_ln13)> <Delay = 0.00>
ST_1 : Operation 902 [1/1] (0.00ns)   --->   "%write_ln0 = write void @_ssdm_op_Write.ap_auto.doubleP0A, i64 %mux_case_25211_out, i64 %mux_case_25211_load"   --->   Operation 902 'write' 'write_ln0' <Predicate = (!icmp_ln13)> <Delay = 0.00>
ST_1 : Operation 903 [1/1] (0.00ns)   --->   "%write_ln0 = write void @_ssdm_op_Write.ap_auto.doubleP0A, i64 %mux_case_24207_out, i64 %mux_case_24207_load"   --->   Operation 903 'write' 'write_ln0' <Predicate = (!icmp_ln13)> <Delay = 0.00>
ST_1 : Operation 904 [1/1] (0.00ns)   --->   "%write_ln0 = write void @_ssdm_op_Write.ap_auto.doubleP0A, i64 %mux_case_23203_out, i64 %mux_case_23203_load"   --->   Operation 904 'write' 'write_ln0' <Predicate = (!icmp_ln13)> <Delay = 0.00>
ST_1 : Operation 905 [1/1] (0.00ns)   --->   "%write_ln0 = write void @_ssdm_op_Write.ap_auto.doubleP0A, i64 %mux_case_22199_out, i64 %mux_case_22199_load"   --->   Operation 905 'write' 'write_ln0' <Predicate = (!icmp_ln13)> <Delay = 0.00>
ST_1 : Operation 906 [1/1] (0.00ns)   --->   "%write_ln0 = write void @_ssdm_op_Write.ap_auto.doubleP0A, i64 %mux_case_21195_out, i64 %mux_case_21195_load"   --->   Operation 906 'write' 'write_ln0' <Predicate = (!icmp_ln13)> <Delay = 0.00>
ST_1 : Operation 907 [1/1] (0.00ns)   --->   "%write_ln0 = write void @_ssdm_op_Write.ap_auto.doubleP0A, i64 %mux_case_20191_out, i64 %mux_case_20191_load"   --->   Operation 907 'write' 'write_ln0' <Predicate = (!icmp_ln13)> <Delay = 0.00>
ST_1 : Operation 908 [1/1] (0.00ns)   --->   "%write_ln0 = write void @_ssdm_op_Write.ap_auto.doubleP0A, i64 %mux_case_19187_out, i64 %mux_case_19187_load"   --->   Operation 908 'write' 'write_ln0' <Predicate = (!icmp_ln13)> <Delay = 0.00>
ST_1 : Operation 909 [1/1] (0.00ns)   --->   "%write_ln0 = write void @_ssdm_op_Write.ap_auto.doubleP0A, i64 %mux_case_18183_out, i64 %mux_case_18183_load"   --->   Operation 909 'write' 'write_ln0' <Predicate = (!icmp_ln13)> <Delay = 0.00>
ST_1 : Operation 910 [1/1] (0.00ns)   --->   "%write_ln0 = write void @_ssdm_op_Write.ap_auto.doubleP0A, i64 %mux_case_17179_out, i64 %mux_case_17179_load"   --->   Operation 910 'write' 'write_ln0' <Predicate = (!icmp_ln13)> <Delay = 0.00>
ST_1 : Operation 911 [1/1] (0.00ns)   --->   "%write_ln0 = write void @_ssdm_op_Write.ap_auto.doubleP0A, i64 %mux_case_16175_out, i64 %mux_case_16175_load"   --->   Operation 911 'write' 'write_ln0' <Predicate = (!icmp_ln13)> <Delay = 0.00>
ST_1 : Operation 912 [1/1] (0.00ns)   --->   "%write_ln0 = write void @_ssdm_op_Write.ap_auto.doubleP0A, i64 %mux_case_15171_out, i64 %mux_case_15171_load"   --->   Operation 912 'write' 'write_ln0' <Predicate = (!icmp_ln13)> <Delay = 0.00>
ST_1 : Operation 913 [1/1] (0.00ns)   --->   "%write_ln0 = write void @_ssdm_op_Write.ap_auto.doubleP0A, i64 %mux_case_14167_out, i64 %mux_case_14167_load"   --->   Operation 913 'write' 'write_ln0' <Predicate = (!icmp_ln13)> <Delay = 0.00>
ST_1 : Operation 914 [1/1] (0.00ns)   --->   "%write_ln0 = write void @_ssdm_op_Write.ap_auto.doubleP0A, i64 %mux_case_13163_out, i64 %mux_case_13163_load"   --->   Operation 914 'write' 'write_ln0' <Predicate = (!icmp_ln13)> <Delay = 0.00>
ST_1 : Operation 915 [1/1] (0.00ns)   --->   "%write_ln0 = write void @_ssdm_op_Write.ap_auto.doubleP0A, i64 %mux_case_12159_out, i64 %mux_case_12159_load"   --->   Operation 915 'write' 'write_ln0' <Predicate = (!icmp_ln13)> <Delay = 0.00>
ST_1 : Operation 916 [1/1] (0.00ns)   --->   "%write_ln0 = write void @_ssdm_op_Write.ap_auto.doubleP0A, i64 %mux_case_11155_out, i64 %mux_case_11155_load"   --->   Operation 916 'write' 'write_ln0' <Predicate = (!icmp_ln13)> <Delay = 0.00>
ST_1 : Operation 917 [1/1] (0.00ns)   --->   "%write_ln0 = write void @_ssdm_op_Write.ap_auto.doubleP0A, i64 %mux_case_10151_out, i64 %mux_case_10151_load"   --->   Operation 917 'write' 'write_ln0' <Predicate = (!icmp_ln13)> <Delay = 0.00>
ST_1 : Operation 918 [1/1] (0.00ns)   --->   "%write_ln0 = write void @_ssdm_op_Write.ap_auto.doubleP0A, i64 %mux_case_9147_out, i64 %mux_case_9147_load"   --->   Operation 918 'write' 'write_ln0' <Predicate = (!icmp_ln13)> <Delay = 0.00>
ST_1 : Operation 919 [1/1] (0.00ns)   --->   "%write_ln0 = write void @_ssdm_op_Write.ap_auto.doubleP0A, i64 %mux_case_8143_out, i64 %mux_case_8143_load"   --->   Operation 919 'write' 'write_ln0' <Predicate = (!icmp_ln13)> <Delay = 0.00>
ST_1 : Operation 920 [1/1] (0.00ns)   --->   "%write_ln0 = write void @_ssdm_op_Write.ap_auto.doubleP0A, i64 %mux_case_7139_out, i64 %mux_case_7139_load"   --->   Operation 920 'write' 'write_ln0' <Predicate = (!icmp_ln13)> <Delay = 0.00>
ST_1 : Operation 921 [1/1] (0.00ns)   --->   "%write_ln0 = write void @_ssdm_op_Write.ap_auto.doubleP0A, i64 %mux_case_6135_out, i64 %mux_case_6135_load"   --->   Operation 921 'write' 'write_ln0' <Predicate = (!icmp_ln13)> <Delay = 0.00>
ST_1 : Operation 922 [1/1] (0.00ns)   --->   "%write_ln0 = write void @_ssdm_op_Write.ap_auto.doubleP0A, i64 %mux_case_5131_out, i64 %mux_case_5131_load"   --->   Operation 922 'write' 'write_ln0' <Predicate = (!icmp_ln13)> <Delay = 0.00>
ST_1 : Operation 923 [1/1] (0.00ns)   --->   "%write_ln0 = write void @_ssdm_op_Write.ap_auto.doubleP0A, i64 %mux_case_4127_out, i64 %mux_case_4127_load"   --->   Operation 923 'write' 'write_ln0' <Predicate = (!icmp_ln13)> <Delay = 0.00>
ST_1 : Operation 924 [1/1] (0.00ns)   --->   "%write_ln0 = write void @_ssdm_op_Write.ap_auto.doubleP0A, i64 %mux_case_3123_out, i64 %mux_case_3123_load"   --->   Operation 924 'write' 'write_ln0' <Predicate = (!icmp_ln13)> <Delay = 0.00>
ST_1 : Operation 925 [1/1] (0.00ns)   --->   "%write_ln0 = write void @_ssdm_op_Write.ap_auto.doubleP0A, i64 %mux_case_2119_out, i64 %mux_case_2119_load"   --->   Operation 925 'write' 'write_ln0' <Predicate = (!icmp_ln13)> <Delay = 0.00>
ST_1 : Operation 926 [1/1] (0.00ns)   --->   "%write_ln0 = write void @_ssdm_op_Write.ap_auto.doubleP0A, i64 %mux_case_1115_out, i64 %mux_case_1115_load"   --->   Operation 926 'write' 'write_ln0' <Predicate = (!icmp_ln13)> <Delay = 0.00>
ST_1 : Operation 927 [1/1] (0.00ns)   --->   "%write_ln0 = write void @_ssdm_op_Write.ap_auto.doubleP0A, i64 %mux_case_0111_out, i64 %mux_case_0111_load"   --->   Operation 927 'write' 'write_ln0' <Predicate = (!icmp_ln13)> <Delay = 0.00>
ST_1 : Operation 928 [1/1] (1.58ns)   --->   "%ret_ln0 = ret"   --->   Operation 928 'ret' 'ret_ln0' <Predicate = (!icmp_ln13)> <Delay = 1.58>

State 2 <SV = 1> <Delay = 3.25>
ST_2 : Operation 221 [1/1] (0.00ns)   --->   "%specpipeline_ln14 = specpipeline void @_ssdm_op_SpecPipeline, i32 1, i32 0, i32 0, i32 0, void @empty_27" [../image_analysis.cpp:14]   --->   Operation 221 'specpipeline' 'specpipeline_ln14' <Predicate = true> <Delay = 0.00>
ST_2 : Operation 222 [1/1] (0.00ns)   --->   "%specloopname_ln13 = specloopname void @_ssdm_op_SpecLoopName, void @empty_21" [../image_analysis.cpp:13]   --->   Operation 222 'specloopname' 'specloopname_ln13' <Predicate = true> <Delay = 0.00>
ST_2 : Operation 223 [1/2] ( I:3.25ns O:3.25ns )   --->   "%atomLocations_load = load i7 %atomLocations_addr" [../image_analysis.cpp:15]   --->   Operation 223 'load' 'atomLocations_load' <Predicate = true> <Delay = 3.25> <CoreInst = "RAM">   --->   Core 81 'RAM' <Latency = 1> <II = 1> <Delay = 3.25> <Storage> <Opcode : 'load' 'store'> <Ports = 2> <Width = 128> <Depth = 100> <RAM>
ST_2 : Operation 224 [1/1] (0.00ns)   --->   "%trunc_ln15 = trunc i128 %atomLocations_load" [../image_analysis.cpp:15]   --->   Operation 224 'trunc' 'trunc_ln15' <Predicate = true> <Delay = 0.00>
ST_2 : Operation 225 [1/1] (0.00ns)   --->   "%local_atomLocations_x = bitcast i64 %trunc_ln15" [../image_analysis.cpp:15]   --->   Operation 225 'bitcast' 'local_atomLocations_x' <Predicate = true> <Delay = 0.00>
ST_2 : Operation 226 [1/1] (0.00ns)   --->   "%trunc_ln15_1 = partselect i64 @_ssdm_op_PartSelect.i64.i128.i32.i32, i128 %atomLocations_load, i32 64, i32 127" [../image_analysis.cpp:15]   --->   Operation 226 'partselect' 'trunc_ln15_1' <Predicate = true> <Delay = 0.00>
ST_2 : Operation 227 [1/1] (0.00ns)   --->   "%local_atomLocations_y = bitcast i64 %trunc_ln15_1" [../image_analysis.cpp:15]   --->   Operation 227 'bitcast' 'local_atomLocations_y' <Predicate = true> <Delay = 0.00>
ST_2 : Operation 228 [1/1] (0.00ns)   --->   "%store_ln15 = store i64 %local_atomLocations_y, i64 %mux_case_98107903" [../image_analysis.cpp:15]   --->   Operation 228 'store' 'store_ln15' <Predicate = (i_2 == 98)> <Delay = 0.00>
ST_2 : Operation 229 [1/1] (0.00ns)   --->   "%store_ln15 = store i64 %local_atomLocations_x, i64 %mux_case_98503" [../image_analysis.cpp:15]   --->   Operation 229 'store' 'store_ln15' <Predicate = (i_2 == 98)> <Delay = 0.00>
ST_2 : Operation 230 [1/1] (0.00ns)   --->   "%br_ln15 = br void %arrayidx2.116.exit" [../image_analysis.cpp:15]   --->   Operation 230 'br' 'br_ln15' <Predicate = (i_2 == 98)> <Delay = 0.00>
ST_2 : Operation 231 [1/1] (0.00ns)   --->   "%store_ln15 = store i64 %local_atomLocations_y, i64 %mux_case_97106899" [../image_analysis.cpp:15]   --->   Operation 231 'store' 'store_ln15' <Predicate = (i_2 == 97)> <Delay = 0.00>
ST_2 : Operation 232 [1/1] (0.00ns)   --->   "%store_ln15 = store i64 %local_atomLocations_x, i64 %mux_case_97499" [../image_analysis.cpp:15]   --->   Operation 232 'store' 'store_ln15' <Predicate = (i_2 == 97)> <Delay = 0.00>
ST_2 : Operation 233 [1/1] (0.00ns)   --->   "%br_ln15 = br void %arrayidx2.116.exit" [../image_analysis.cpp:15]   --->   Operation 233 'br' 'br_ln15' <Predicate = (i_2 == 97)> <Delay = 0.00>
ST_2 : Operation 234 [1/1] (0.00ns)   --->   "%store_ln15 = store i64 %local_atomLocations_y, i64 %mux_case_96105895" [../image_analysis.cpp:15]   --->   Operation 234 'store' 'store_ln15' <Predicate = (i_2 == 96)> <Delay = 0.00>
ST_2 : Operation 235 [1/1] (0.00ns)   --->   "%store_ln15 = store i64 %local_atomLocations_x, i64 %mux_case_96495" [../image_analysis.cpp:15]   --->   Operation 235 'store' 'store_ln15' <Predicate = (i_2 == 96)> <Delay = 0.00>
ST_2 : Operation 236 [1/1] (0.00ns)   --->   "%br_ln15 = br void %arrayidx2.116.exit" [../image_analysis.cpp:15]   --->   Operation 236 'br' 'br_ln15' <Predicate = (i_2 == 96)> <Delay = 0.00>
ST_2 : Operation 237 [1/1] (0.00ns)   --->   "%store_ln15 = store i64 %local_atomLocations_y, i64 %mux_case_95104891" [../image_analysis.cpp:15]   --->   Operation 237 'store' 'store_ln15' <Predicate = (i_2 == 95)> <Delay = 0.00>
ST_2 : Operation 238 [1/1] (0.00ns)   --->   "%store_ln15 = store i64 %local_atomLocations_x, i64 %mux_case_95491" [../image_analysis.cpp:15]   --->   Operation 238 'store' 'store_ln15' <Predicate = (i_2 == 95)> <Delay = 0.00>
ST_2 : Operation 239 [1/1] (0.00ns)   --->   "%br_ln15 = br void %arrayidx2.116.exit" [../image_analysis.cpp:15]   --->   Operation 239 'br' 'br_ln15' <Predicate = (i_2 == 95)> <Delay = 0.00>
ST_2 : Operation 240 [1/1] (0.00ns)   --->   "%store_ln15 = store i64 %local_atomLocations_y, i64 %mux_case_94103887" [../image_analysis.cpp:15]   --->   Operation 240 'store' 'store_ln15' <Predicate = (i_2 == 94)> <Delay = 0.00>
ST_2 : Operation 241 [1/1] (0.00ns)   --->   "%store_ln15 = store i64 %local_atomLocations_x, i64 %mux_case_94487" [../image_analysis.cpp:15]   --->   Operation 241 'store' 'store_ln15' <Predicate = (i_2 == 94)> <Delay = 0.00>
ST_2 : Operation 242 [1/1] (0.00ns)   --->   "%br_ln15 = br void %arrayidx2.116.exit" [../image_analysis.cpp:15]   --->   Operation 242 'br' 'br_ln15' <Predicate = (i_2 == 94)> <Delay = 0.00>
ST_2 : Operation 243 [1/1] (0.00ns)   --->   "%store_ln15 = store i64 %local_atomLocations_y, i64 %mux_case_93102883" [../image_analysis.cpp:15]   --->   Operation 243 'store' 'store_ln15' <Predicate = (i_2 == 93)> <Delay = 0.00>
ST_2 : Operation 244 [1/1] (0.00ns)   --->   "%store_ln15 = store i64 %local_atomLocations_x, i64 %mux_case_93483" [../image_analysis.cpp:15]   --->   Operation 244 'store' 'store_ln15' <Predicate = (i_2 == 93)> <Delay = 0.00>
ST_2 : Operation 245 [1/1] (0.00ns)   --->   "%br_ln15 = br void %arrayidx2.116.exit" [../image_analysis.cpp:15]   --->   Operation 245 'br' 'br_ln15' <Predicate = (i_2 == 93)> <Delay = 0.00>
ST_2 : Operation 246 [1/1] (0.00ns)   --->   "%store_ln15 = store i64 %local_atomLocations_y, i64 %mux_case_92101879" [../image_analysis.cpp:15]   --->   Operation 246 'store' 'store_ln15' <Predicate = (i_2 == 92)> <Delay = 0.00>
ST_2 : Operation 247 [1/1] (0.00ns)   --->   "%store_ln15 = store i64 %local_atomLocations_x, i64 %mux_case_92479" [../image_analysis.cpp:15]   --->   Operation 247 'store' 'store_ln15' <Predicate = (i_2 == 92)> <Delay = 0.00>
ST_2 : Operation 248 [1/1] (0.00ns)   --->   "%br_ln15 = br void %arrayidx2.116.exit" [../image_analysis.cpp:15]   --->   Operation 248 'br' 'br_ln15' <Predicate = (i_2 == 92)> <Delay = 0.00>
ST_2 : Operation 249 [1/1] (0.00ns)   --->   "%store_ln15 = store i64 %local_atomLocations_y, i64 %mux_case_91100875" [../image_analysis.cpp:15]   --->   Operation 249 'store' 'store_ln15' <Predicate = (i_2 == 91)> <Delay = 0.00>
ST_2 : Operation 250 [1/1] (0.00ns)   --->   "%store_ln15 = store i64 %local_atomLocations_x, i64 %mux_case_91475" [../image_analysis.cpp:15]   --->   Operation 250 'store' 'store_ln15' <Predicate = (i_2 == 91)> <Delay = 0.00>
ST_2 : Operation 251 [1/1] (0.00ns)   --->   "%br_ln15 = br void %arrayidx2.116.exit" [../image_analysis.cpp:15]   --->   Operation 251 'br' 'br_ln15' <Predicate = (i_2 == 91)> <Delay = 0.00>
ST_2 : Operation 252 [1/1] (0.00ns)   --->   "%store_ln15 = store i64 %local_atomLocations_y, i64 %mux_case_9099871" [../image_analysis.cpp:15]   --->   Operation 252 'store' 'store_ln15' <Predicate = (i_2 == 90)> <Delay = 0.00>
ST_2 : Operation 253 [1/1] (0.00ns)   --->   "%store_ln15 = store i64 %local_atomLocations_x, i64 %mux_case_90471" [../image_analysis.cpp:15]   --->   Operation 253 'store' 'store_ln15' <Predicate = (i_2 == 90)> <Delay = 0.00>
ST_2 : Operation 254 [1/1] (0.00ns)   --->   "%br_ln15 = br void %arrayidx2.116.exit" [../image_analysis.cpp:15]   --->   Operation 254 'br' 'br_ln15' <Predicate = (i_2 == 90)> <Delay = 0.00>
ST_2 : Operation 255 [1/1] (0.00ns)   --->   "%store_ln15 = store i64 %local_atomLocations_y, i64 %mux_case_8998867" [../image_analysis.cpp:15]   --->   Operation 255 'store' 'store_ln15' <Predicate = (i_2 == 89)> <Delay = 0.00>
ST_2 : Operation 256 [1/1] (0.00ns)   --->   "%store_ln15 = store i64 %local_atomLocations_x, i64 %mux_case_89467" [../image_analysis.cpp:15]   --->   Operation 256 'store' 'store_ln15' <Predicate = (i_2 == 89)> <Delay = 0.00>
ST_2 : Operation 257 [1/1] (0.00ns)   --->   "%br_ln15 = br void %arrayidx2.116.exit" [../image_analysis.cpp:15]   --->   Operation 257 'br' 'br_ln15' <Predicate = (i_2 == 89)> <Delay = 0.00>
ST_2 : Operation 258 [1/1] (0.00ns)   --->   "%store_ln15 = store i64 %local_atomLocations_y, i64 %mux_case_8897863" [../image_analysis.cpp:15]   --->   Operation 258 'store' 'store_ln15' <Predicate = (i_2 == 88)> <Delay = 0.00>
ST_2 : Operation 259 [1/1] (0.00ns)   --->   "%store_ln15 = store i64 %local_atomLocations_x, i64 %mux_case_88463" [../image_analysis.cpp:15]   --->   Operation 259 'store' 'store_ln15' <Predicate = (i_2 == 88)> <Delay = 0.00>
ST_2 : Operation 260 [1/1] (0.00ns)   --->   "%br_ln15 = br void %arrayidx2.116.exit" [../image_analysis.cpp:15]   --->   Operation 260 'br' 'br_ln15' <Predicate = (i_2 == 88)> <Delay = 0.00>
ST_2 : Operation 261 [1/1] (0.00ns)   --->   "%store_ln15 = store i64 %local_atomLocations_y, i64 %mux_case_8796859" [../image_analysis.cpp:15]   --->   Operation 261 'store' 'store_ln15' <Predicate = (i_2 == 87)> <Delay = 0.00>
ST_2 : Operation 262 [1/1] (0.00ns)   --->   "%store_ln15 = store i64 %local_atomLocations_x, i64 %mux_case_87459" [../image_analysis.cpp:15]   --->   Operation 262 'store' 'store_ln15' <Predicate = (i_2 == 87)> <Delay = 0.00>
ST_2 : Operation 263 [1/1] (0.00ns)   --->   "%br_ln15 = br void %arrayidx2.116.exit" [../image_analysis.cpp:15]   --->   Operation 263 'br' 'br_ln15' <Predicate = (i_2 == 87)> <Delay = 0.00>
ST_2 : Operation 264 [1/1] (0.00ns)   --->   "%store_ln15 = store i64 %local_atomLocations_y, i64 %mux_case_8695855" [../image_analysis.cpp:15]   --->   Operation 264 'store' 'store_ln15' <Predicate = (i_2 == 86)> <Delay = 0.00>
ST_2 : Operation 265 [1/1] (0.00ns)   --->   "%store_ln15 = store i64 %local_atomLocations_x, i64 %mux_case_86455" [../image_analysis.cpp:15]   --->   Operation 265 'store' 'store_ln15' <Predicate = (i_2 == 86)> <Delay = 0.00>
ST_2 : Operation 266 [1/1] (0.00ns)   --->   "%br_ln15 = br void %arrayidx2.116.exit" [../image_analysis.cpp:15]   --->   Operation 266 'br' 'br_ln15' <Predicate = (i_2 == 86)> <Delay = 0.00>
ST_2 : Operation 267 [1/1] (0.00ns)   --->   "%store_ln15 = store i64 %local_atomLocations_y, i64 %mux_case_8594851" [../image_analysis.cpp:15]   --->   Operation 267 'store' 'store_ln15' <Predicate = (i_2 == 85)> <Delay = 0.00>
ST_2 : Operation 268 [1/1] (0.00ns)   --->   "%store_ln15 = store i64 %local_atomLocations_x, i64 %mux_case_85451" [../image_analysis.cpp:15]   --->   Operation 268 'store' 'store_ln15' <Predicate = (i_2 == 85)> <Delay = 0.00>
ST_2 : Operation 269 [1/1] (0.00ns)   --->   "%br_ln15 = br void %arrayidx2.116.exit" [../image_analysis.cpp:15]   --->   Operation 269 'br' 'br_ln15' <Predicate = (i_2 == 85)> <Delay = 0.00>
ST_2 : Operation 270 [1/1] (0.00ns)   --->   "%store_ln15 = store i64 %local_atomLocations_y, i64 %mux_case_8493847" [../image_analysis.cpp:15]   --->   Operation 270 'store' 'store_ln15' <Predicate = (i_2 == 84)> <Delay = 0.00>
ST_2 : Operation 271 [1/1] (0.00ns)   --->   "%store_ln15 = store i64 %local_atomLocations_x, i64 %mux_case_84447" [../image_analysis.cpp:15]   --->   Operation 271 'store' 'store_ln15' <Predicate = (i_2 == 84)> <Delay = 0.00>
ST_2 : Operation 272 [1/1] (0.00ns)   --->   "%br_ln15 = br void %arrayidx2.116.exit" [../image_analysis.cpp:15]   --->   Operation 272 'br' 'br_ln15' <Predicate = (i_2 == 84)> <Delay = 0.00>
ST_2 : Operation 273 [1/1] (0.00ns)   --->   "%store_ln15 = store i64 %local_atomLocations_y, i64 %mux_case_8392843" [../image_analysis.cpp:15]   --->   Operation 273 'store' 'store_ln15' <Predicate = (i_2 == 83)> <Delay = 0.00>
ST_2 : Operation 274 [1/1] (0.00ns)   --->   "%store_ln15 = store i64 %local_atomLocations_x, i64 %mux_case_83443" [../image_analysis.cpp:15]   --->   Operation 274 'store' 'store_ln15' <Predicate = (i_2 == 83)> <Delay = 0.00>
ST_2 : Operation 275 [1/1] (0.00ns)   --->   "%br_ln15 = br void %arrayidx2.116.exit" [../image_analysis.cpp:15]   --->   Operation 275 'br' 'br_ln15' <Predicate = (i_2 == 83)> <Delay = 0.00>
ST_2 : Operation 276 [1/1] (0.00ns)   --->   "%store_ln15 = store i64 %local_atomLocations_y, i64 %mux_case_8291839" [../image_analysis.cpp:15]   --->   Operation 276 'store' 'store_ln15' <Predicate = (i_2 == 82)> <Delay = 0.00>
ST_2 : Operation 277 [1/1] (0.00ns)   --->   "%store_ln15 = store i64 %local_atomLocations_x, i64 %mux_case_82439" [../image_analysis.cpp:15]   --->   Operation 277 'store' 'store_ln15' <Predicate = (i_2 == 82)> <Delay = 0.00>
ST_2 : Operation 278 [1/1] (0.00ns)   --->   "%br_ln15 = br void %arrayidx2.116.exit" [../image_analysis.cpp:15]   --->   Operation 278 'br' 'br_ln15' <Predicate = (i_2 == 82)> <Delay = 0.00>
ST_2 : Operation 279 [1/1] (0.00ns)   --->   "%store_ln15 = store i64 %local_atomLocations_y, i64 %mux_case_8190835" [../image_analysis.cpp:15]   --->   Operation 279 'store' 'store_ln15' <Predicate = (i_2 == 81)> <Delay = 0.00>
ST_2 : Operation 280 [1/1] (0.00ns)   --->   "%store_ln15 = store i64 %local_atomLocations_x, i64 %mux_case_81435" [../image_analysis.cpp:15]   --->   Operation 280 'store' 'store_ln15' <Predicate = (i_2 == 81)> <Delay = 0.00>
ST_2 : Operation 281 [1/1] (0.00ns)   --->   "%br_ln15 = br void %arrayidx2.116.exit" [../image_analysis.cpp:15]   --->   Operation 281 'br' 'br_ln15' <Predicate = (i_2 == 81)> <Delay = 0.00>
ST_2 : Operation 282 [1/1] (0.00ns)   --->   "%store_ln15 = store i64 %local_atomLocations_y, i64 %mux_case_8089831" [../image_analysis.cpp:15]   --->   Operation 282 'store' 'store_ln15' <Predicate = (i_2 == 80)> <Delay = 0.00>
ST_2 : Operation 283 [1/1] (0.00ns)   --->   "%store_ln15 = store i64 %local_atomLocations_x, i64 %mux_case_80431" [../image_analysis.cpp:15]   --->   Operation 283 'store' 'store_ln15' <Predicate = (i_2 == 80)> <Delay = 0.00>
ST_2 : Operation 284 [1/1] (0.00ns)   --->   "%br_ln15 = br void %arrayidx2.116.exit" [../image_analysis.cpp:15]   --->   Operation 284 'br' 'br_ln15' <Predicate = (i_2 == 80)> <Delay = 0.00>
ST_2 : Operation 285 [1/1] (0.00ns)   --->   "%store_ln15 = store i64 %local_atomLocations_y, i64 %mux_case_7988827" [../image_analysis.cpp:15]   --->   Operation 285 'store' 'store_ln15' <Predicate = (i_2 == 79)> <Delay = 0.00>
ST_2 : Operation 286 [1/1] (0.00ns)   --->   "%store_ln15 = store i64 %local_atomLocations_x, i64 %mux_case_79427" [../image_analysis.cpp:15]   --->   Operation 286 'store' 'store_ln15' <Predicate = (i_2 == 79)> <Delay = 0.00>
ST_2 : Operation 287 [1/1] (0.00ns)   --->   "%br_ln15 = br void %arrayidx2.116.exit" [../image_analysis.cpp:15]   --->   Operation 287 'br' 'br_ln15' <Predicate = (i_2 == 79)> <Delay = 0.00>
ST_2 : Operation 288 [1/1] (0.00ns)   --->   "%store_ln15 = store i64 %local_atomLocations_y, i64 %mux_case_7887823" [../image_analysis.cpp:15]   --->   Operation 288 'store' 'store_ln15' <Predicate = (i_2 == 78)> <Delay = 0.00>
ST_2 : Operation 289 [1/1] (0.00ns)   --->   "%store_ln15 = store i64 %local_atomLocations_x, i64 %mux_case_78423" [../image_analysis.cpp:15]   --->   Operation 289 'store' 'store_ln15' <Predicate = (i_2 == 78)> <Delay = 0.00>
ST_2 : Operation 290 [1/1] (0.00ns)   --->   "%br_ln15 = br void %arrayidx2.116.exit" [../image_analysis.cpp:15]   --->   Operation 290 'br' 'br_ln15' <Predicate = (i_2 == 78)> <Delay = 0.00>
ST_2 : Operation 291 [1/1] (0.00ns)   --->   "%store_ln15 = store i64 %local_atomLocations_y, i64 %mux_case_7786819" [../image_analysis.cpp:15]   --->   Operation 291 'store' 'store_ln15' <Predicate = (i_2 == 77)> <Delay = 0.00>
ST_2 : Operation 292 [1/1] (0.00ns)   --->   "%store_ln15 = store i64 %local_atomLocations_x, i64 %mux_case_77419" [../image_analysis.cpp:15]   --->   Operation 292 'store' 'store_ln15' <Predicate = (i_2 == 77)> <Delay = 0.00>
ST_2 : Operation 293 [1/1] (0.00ns)   --->   "%br_ln15 = br void %arrayidx2.116.exit" [../image_analysis.cpp:15]   --->   Operation 293 'br' 'br_ln15' <Predicate = (i_2 == 77)> <Delay = 0.00>
ST_2 : Operation 294 [1/1] (0.00ns)   --->   "%store_ln15 = store i64 %local_atomLocations_y, i64 %mux_case_7685815" [../image_analysis.cpp:15]   --->   Operation 294 'store' 'store_ln15' <Predicate = (i_2 == 76)> <Delay = 0.00>
ST_2 : Operation 295 [1/1] (0.00ns)   --->   "%store_ln15 = store i64 %local_atomLocations_x, i64 %mux_case_76415" [../image_analysis.cpp:15]   --->   Operation 295 'store' 'store_ln15' <Predicate = (i_2 == 76)> <Delay = 0.00>
ST_2 : Operation 296 [1/1] (0.00ns)   --->   "%br_ln15 = br void %arrayidx2.116.exit" [../image_analysis.cpp:15]   --->   Operation 296 'br' 'br_ln15' <Predicate = (i_2 == 76)> <Delay = 0.00>
ST_2 : Operation 297 [1/1] (0.00ns)   --->   "%store_ln15 = store i64 %local_atomLocations_y, i64 %mux_case_7584811" [../image_analysis.cpp:15]   --->   Operation 297 'store' 'store_ln15' <Predicate = (i_2 == 75)> <Delay = 0.00>
ST_2 : Operation 298 [1/1] (0.00ns)   --->   "%store_ln15 = store i64 %local_atomLocations_x, i64 %mux_case_75411" [../image_analysis.cpp:15]   --->   Operation 298 'store' 'store_ln15' <Predicate = (i_2 == 75)> <Delay = 0.00>
ST_2 : Operation 299 [1/1] (0.00ns)   --->   "%br_ln15 = br void %arrayidx2.116.exit" [../image_analysis.cpp:15]   --->   Operation 299 'br' 'br_ln15' <Predicate = (i_2 == 75)> <Delay = 0.00>
ST_2 : Operation 300 [1/1] (0.00ns)   --->   "%store_ln15 = store i64 %local_atomLocations_y, i64 %mux_case_7483807" [../image_analysis.cpp:15]   --->   Operation 300 'store' 'store_ln15' <Predicate = (i_2 == 74)> <Delay = 0.00>
ST_2 : Operation 301 [1/1] (0.00ns)   --->   "%store_ln15 = store i64 %local_atomLocations_x, i64 %mux_case_74407" [../image_analysis.cpp:15]   --->   Operation 301 'store' 'store_ln15' <Predicate = (i_2 == 74)> <Delay = 0.00>
ST_2 : Operation 302 [1/1] (0.00ns)   --->   "%br_ln15 = br void %arrayidx2.116.exit" [../image_analysis.cpp:15]   --->   Operation 302 'br' 'br_ln15' <Predicate = (i_2 == 74)> <Delay = 0.00>
ST_2 : Operation 303 [1/1] (0.00ns)   --->   "%store_ln15 = store i64 %local_atomLocations_y, i64 %mux_case_7382803" [../image_analysis.cpp:15]   --->   Operation 303 'store' 'store_ln15' <Predicate = (i_2 == 73)> <Delay = 0.00>
ST_2 : Operation 304 [1/1] (0.00ns)   --->   "%store_ln15 = store i64 %local_atomLocations_x, i64 %mux_case_73403" [../image_analysis.cpp:15]   --->   Operation 304 'store' 'store_ln15' <Predicate = (i_2 == 73)> <Delay = 0.00>
ST_2 : Operation 305 [1/1] (0.00ns)   --->   "%br_ln15 = br void %arrayidx2.116.exit" [../image_analysis.cpp:15]   --->   Operation 305 'br' 'br_ln15' <Predicate = (i_2 == 73)> <Delay = 0.00>
ST_2 : Operation 306 [1/1] (0.00ns)   --->   "%store_ln15 = store i64 %local_atomLocations_y, i64 %mux_case_7281799" [../image_analysis.cpp:15]   --->   Operation 306 'store' 'store_ln15' <Predicate = (i_2 == 72)> <Delay = 0.00>
ST_2 : Operation 307 [1/1] (0.00ns)   --->   "%store_ln15 = store i64 %local_atomLocations_x, i64 %mux_case_72399" [../image_analysis.cpp:15]   --->   Operation 307 'store' 'store_ln15' <Predicate = (i_2 == 72)> <Delay = 0.00>
ST_2 : Operation 308 [1/1] (0.00ns)   --->   "%br_ln15 = br void %arrayidx2.116.exit" [../image_analysis.cpp:15]   --->   Operation 308 'br' 'br_ln15' <Predicate = (i_2 == 72)> <Delay = 0.00>
ST_2 : Operation 309 [1/1] (0.00ns)   --->   "%store_ln15 = store i64 %local_atomLocations_y, i64 %mux_case_7180795" [../image_analysis.cpp:15]   --->   Operation 309 'store' 'store_ln15' <Predicate = (i_2 == 71)> <Delay = 0.00>
ST_2 : Operation 310 [1/1] (0.00ns)   --->   "%store_ln15 = store i64 %local_atomLocations_x, i64 %mux_case_71395" [../image_analysis.cpp:15]   --->   Operation 310 'store' 'store_ln15' <Predicate = (i_2 == 71)> <Delay = 0.00>
ST_2 : Operation 311 [1/1] (0.00ns)   --->   "%br_ln15 = br void %arrayidx2.116.exit" [../image_analysis.cpp:15]   --->   Operation 311 'br' 'br_ln15' <Predicate = (i_2 == 71)> <Delay = 0.00>
ST_2 : Operation 312 [1/1] (0.00ns)   --->   "%store_ln15 = store i64 %local_atomLocations_y, i64 %mux_case_7079791" [../image_analysis.cpp:15]   --->   Operation 312 'store' 'store_ln15' <Predicate = (i_2 == 70)> <Delay = 0.00>
ST_2 : Operation 313 [1/1] (0.00ns)   --->   "%store_ln15 = store i64 %local_atomLocations_x, i64 %mux_case_70391" [../image_analysis.cpp:15]   --->   Operation 313 'store' 'store_ln15' <Predicate = (i_2 == 70)> <Delay = 0.00>
ST_2 : Operation 314 [1/1] (0.00ns)   --->   "%br_ln15 = br void %arrayidx2.116.exit" [../image_analysis.cpp:15]   --->   Operation 314 'br' 'br_ln15' <Predicate = (i_2 == 70)> <Delay = 0.00>
ST_2 : Operation 315 [1/1] (0.00ns)   --->   "%store_ln15 = store i64 %local_atomLocations_y, i64 %mux_case_6978787" [../image_analysis.cpp:15]   --->   Operation 315 'store' 'store_ln15' <Predicate = (i_2 == 69)> <Delay = 0.00>
ST_2 : Operation 316 [1/1] (0.00ns)   --->   "%store_ln15 = store i64 %local_atomLocations_x, i64 %mux_case_69387" [../image_analysis.cpp:15]   --->   Operation 316 'store' 'store_ln15' <Predicate = (i_2 == 69)> <Delay = 0.00>
ST_2 : Operation 317 [1/1] (0.00ns)   --->   "%br_ln15 = br void %arrayidx2.116.exit" [../image_analysis.cpp:15]   --->   Operation 317 'br' 'br_ln15' <Predicate = (i_2 == 69)> <Delay = 0.00>
ST_2 : Operation 318 [1/1] (0.00ns)   --->   "%store_ln15 = store i64 %local_atomLocations_y, i64 %mux_case_6877783" [../image_analysis.cpp:15]   --->   Operation 318 'store' 'store_ln15' <Predicate = (i_2 == 68)> <Delay = 0.00>
ST_2 : Operation 319 [1/1] (0.00ns)   --->   "%store_ln15 = store i64 %local_atomLocations_x, i64 %mux_case_68383" [../image_analysis.cpp:15]   --->   Operation 319 'store' 'store_ln15' <Predicate = (i_2 == 68)> <Delay = 0.00>
ST_2 : Operation 320 [1/1] (0.00ns)   --->   "%br_ln15 = br void %arrayidx2.116.exit" [../image_analysis.cpp:15]   --->   Operation 320 'br' 'br_ln15' <Predicate = (i_2 == 68)> <Delay = 0.00>
ST_2 : Operation 321 [1/1] (0.00ns)   --->   "%store_ln15 = store i64 %local_atomLocations_y, i64 %mux_case_6776779" [../image_analysis.cpp:15]   --->   Operation 321 'store' 'store_ln15' <Predicate = (i_2 == 67)> <Delay = 0.00>
ST_2 : Operation 322 [1/1] (0.00ns)   --->   "%store_ln15 = store i64 %local_atomLocations_x, i64 %mux_case_67379" [../image_analysis.cpp:15]   --->   Operation 322 'store' 'store_ln15' <Predicate = (i_2 == 67)> <Delay = 0.00>
ST_2 : Operation 323 [1/1] (0.00ns)   --->   "%br_ln15 = br void %arrayidx2.116.exit" [../image_analysis.cpp:15]   --->   Operation 323 'br' 'br_ln15' <Predicate = (i_2 == 67)> <Delay = 0.00>
ST_2 : Operation 324 [1/1] (0.00ns)   --->   "%store_ln15 = store i64 %local_atomLocations_y, i64 %mux_case_6675775" [../image_analysis.cpp:15]   --->   Operation 324 'store' 'store_ln15' <Predicate = (i_2 == 66)> <Delay = 0.00>
ST_2 : Operation 325 [1/1] (0.00ns)   --->   "%store_ln15 = store i64 %local_atomLocations_x, i64 %mux_case_66375" [../image_analysis.cpp:15]   --->   Operation 325 'store' 'store_ln15' <Predicate = (i_2 == 66)> <Delay = 0.00>
ST_2 : Operation 326 [1/1] (0.00ns)   --->   "%br_ln15 = br void %arrayidx2.116.exit" [../image_analysis.cpp:15]   --->   Operation 326 'br' 'br_ln15' <Predicate = (i_2 == 66)> <Delay = 0.00>
ST_2 : Operation 327 [1/1] (0.00ns)   --->   "%store_ln15 = store i64 %local_atomLocations_y, i64 %mux_case_6574771" [../image_analysis.cpp:15]   --->   Operation 327 'store' 'store_ln15' <Predicate = (i_2 == 65)> <Delay = 0.00>
ST_2 : Operation 328 [1/1] (0.00ns)   --->   "%store_ln15 = store i64 %local_atomLocations_x, i64 %mux_case_65371" [../image_analysis.cpp:15]   --->   Operation 328 'store' 'store_ln15' <Predicate = (i_2 == 65)> <Delay = 0.00>
ST_2 : Operation 329 [1/1] (0.00ns)   --->   "%br_ln15 = br void %arrayidx2.116.exit" [../image_analysis.cpp:15]   --->   Operation 329 'br' 'br_ln15' <Predicate = (i_2 == 65)> <Delay = 0.00>
ST_2 : Operation 330 [1/1] (0.00ns)   --->   "%store_ln15 = store i64 %local_atomLocations_y, i64 %mux_case_6473767" [../image_analysis.cpp:15]   --->   Operation 330 'store' 'store_ln15' <Predicate = (i_2 == 64)> <Delay = 0.00>
ST_2 : Operation 331 [1/1] (0.00ns)   --->   "%store_ln15 = store i64 %local_atomLocations_x, i64 %mux_case_64367" [../image_analysis.cpp:15]   --->   Operation 331 'store' 'store_ln15' <Predicate = (i_2 == 64)> <Delay = 0.00>
ST_2 : Operation 332 [1/1] (0.00ns)   --->   "%br_ln15 = br void %arrayidx2.116.exit" [../image_analysis.cpp:15]   --->   Operation 332 'br' 'br_ln15' <Predicate = (i_2 == 64)> <Delay = 0.00>
ST_2 : Operation 333 [1/1] (0.00ns)   --->   "%store_ln15 = store i64 %local_atomLocations_y, i64 %mux_case_6372763" [../image_analysis.cpp:15]   --->   Operation 333 'store' 'store_ln15' <Predicate = (i_2 == 63)> <Delay = 0.00>
ST_2 : Operation 334 [1/1] (0.00ns)   --->   "%store_ln15 = store i64 %local_atomLocations_x, i64 %mux_case_63363" [../image_analysis.cpp:15]   --->   Operation 334 'store' 'store_ln15' <Predicate = (i_2 == 63)> <Delay = 0.00>
ST_2 : Operation 335 [1/1] (0.00ns)   --->   "%br_ln15 = br void %arrayidx2.116.exit" [../image_analysis.cpp:15]   --->   Operation 335 'br' 'br_ln15' <Predicate = (i_2 == 63)> <Delay = 0.00>
ST_2 : Operation 336 [1/1] (0.00ns)   --->   "%store_ln15 = store i64 %local_atomLocations_y, i64 %mux_case_6271759" [../image_analysis.cpp:15]   --->   Operation 336 'store' 'store_ln15' <Predicate = (i_2 == 62)> <Delay = 0.00>
ST_2 : Operation 337 [1/1] (0.00ns)   --->   "%store_ln15 = store i64 %local_atomLocations_x, i64 %mux_case_62359" [../image_analysis.cpp:15]   --->   Operation 337 'store' 'store_ln15' <Predicate = (i_2 == 62)> <Delay = 0.00>
ST_2 : Operation 338 [1/1] (0.00ns)   --->   "%br_ln15 = br void %arrayidx2.116.exit" [../image_analysis.cpp:15]   --->   Operation 338 'br' 'br_ln15' <Predicate = (i_2 == 62)> <Delay = 0.00>
ST_2 : Operation 339 [1/1] (0.00ns)   --->   "%store_ln15 = store i64 %local_atomLocations_y, i64 %mux_case_6170755" [../image_analysis.cpp:15]   --->   Operation 339 'store' 'store_ln15' <Predicate = (i_2 == 61)> <Delay = 0.00>
ST_2 : Operation 340 [1/1] (0.00ns)   --->   "%store_ln15 = store i64 %local_atomLocations_x, i64 %mux_case_61355" [../image_analysis.cpp:15]   --->   Operation 340 'store' 'store_ln15' <Predicate = (i_2 == 61)> <Delay = 0.00>
ST_2 : Operation 341 [1/1] (0.00ns)   --->   "%br_ln15 = br void %arrayidx2.116.exit" [../image_analysis.cpp:15]   --->   Operation 341 'br' 'br_ln15' <Predicate = (i_2 == 61)> <Delay = 0.00>
ST_2 : Operation 342 [1/1] (0.00ns)   --->   "%store_ln15 = store i64 %local_atomLocations_y, i64 %mux_case_6069751" [../image_analysis.cpp:15]   --->   Operation 342 'store' 'store_ln15' <Predicate = (i_2 == 60)> <Delay = 0.00>
ST_2 : Operation 343 [1/1] (0.00ns)   --->   "%store_ln15 = store i64 %local_atomLocations_x, i64 %mux_case_60351" [../image_analysis.cpp:15]   --->   Operation 343 'store' 'store_ln15' <Predicate = (i_2 == 60)> <Delay = 0.00>
ST_2 : Operation 344 [1/1] (0.00ns)   --->   "%br_ln15 = br void %arrayidx2.116.exit" [../image_analysis.cpp:15]   --->   Operation 344 'br' 'br_ln15' <Predicate = (i_2 == 60)> <Delay = 0.00>
ST_2 : Operation 345 [1/1] (0.00ns)   --->   "%store_ln15 = store i64 %local_atomLocations_y, i64 %mux_case_5968747" [../image_analysis.cpp:15]   --->   Operation 345 'store' 'store_ln15' <Predicate = (i_2 == 59)> <Delay = 0.00>
ST_2 : Operation 346 [1/1] (0.00ns)   --->   "%store_ln15 = store i64 %local_atomLocations_x, i64 %mux_case_59347" [../image_analysis.cpp:15]   --->   Operation 346 'store' 'store_ln15' <Predicate = (i_2 == 59)> <Delay = 0.00>
ST_2 : Operation 347 [1/1] (0.00ns)   --->   "%br_ln15 = br void %arrayidx2.116.exit" [../image_analysis.cpp:15]   --->   Operation 347 'br' 'br_ln15' <Predicate = (i_2 == 59)> <Delay = 0.00>
ST_2 : Operation 348 [1/1] (0.00ns)   --->   "%store_ln15 = store i64 %local_atomLocations_y, i64 %mux_case_5867743" [../image_analysis.cpp:15]   --->   Operation 348 'store' 'store_ln15' <Predicate = (i_2 == 58)> <Delay = 0.00>
ST_2 : Operation 349 [1/1] (0.00ns)   --->   "%store_ln15 = store i64 %local_atomLocations_x, i64 %mux_case_58343" [../image_analysis.cpp:15]   --->   Operation 349 'store' 'store_ln15' <Predicate = (i_2 == 58)> <Delay = 0.00>
ST_2 : Operation 350 [1/1] (0.00ns)   --->   "%br_ln15 = br void %arrayidx2.116.exit" [../image_analysis.cpp:15]   --->   Operation 350 'br' 'br_ln15' <Predicate = (i_2 == 58)> <Delay = 0.00>
ST_2 : Operation 351 [1/1] (0.00ns)   --->   "%store_ln15 = store i64 %local_atomLocations_y, i64 %mux_case_5766739" [../image_analysis.cpp:15]   --->   Operation 351 'store' 'store_ln15' <Predicate = (i_2 == 57)> <Delay = 0.00>
ST_2 : Operation 352 [1/1] (0.00ns)   --->   "%store_ln15 = store i64 %local_atomLocations_x, i64 %mux_case_57339" [../image_analysis.cpp:15]   --->   Operation 352 'store' 'store_ln15' <Predicate = (i_2 == 57)> <Delay = 0.00>
ST_2 : Operation 353 [1/1] (0.00ns)   --->   "%br_ln15 = br void %arrayidx2.116.exit" [../image_analysis.cpp:15]   --->   Operation 353 'br' 'br_ln15' <Predicate = (i_2 == 57)> <Delay = 0.00>
ST_2 : Operation 354 [1/1] (0.00ns)   --->   "%store_ln15 = store i64 %local_atomLocations_y, i64 %mux_case_5665735" [../image_analysis.cpp:15]   --->   Operation 354 'store' 'store_ln15' <Predicate = (i_2 == 56)> <Delay = 0.00>
ST_2 : Operation 355 [1/1] (0.00ns)   --->   "%store_ln15 = store i64 %local_atomLocations_x, i64 %mux_case_56335" [../image_analysis.cpp:15]   --->   Operation 355 'store' 'store_ln15' <Predicate = (i_2 == 56)> <Delay = 0.00>
ST_2 : Operation 356 [1/1] (0.00ns)   --->   "%br_ln15 = br void %arrayidx2.116.exit" [../image_analysis.cpp:15]   --->   Operation 356 'br' 'br_ln15' <Predicate = (i_2 == 56)> <Delay = 0.00>
ST_2 : Operation 357 [1/1] (0.00ns)   --->   "%store_ln15 = store i64 %local_atomLocations_y, i64 %mux_case_5564731" [../image_analysis.cpp:15]   --->   Operation 357 'store' 'store_ln15' <Predicate = (i_2 == 55)> <Delay = 0.00>
ST_2 : Operation 358 [1/1] (0.00ns)   --->   "%store_ln15 = store i64 %local_atomLocations_x, i64 %mux_case_55331" [../image_analysis.cpp:15]   --->   Operation 358 'store' 'store_ln15' <Predicate = (i_2 == 55)> <Delay = 0.00>
ST_2 : Operation 359 [1/1] (0.00ns)   --->   "%br_ln15 = br void %arrayidx2.116.exit" [../image_analysis.cpp:15]   --->   Operation 359 'br' 'br_ln15' <Predicate = (i_2 == 55)> <Delay = 0.00>
ST_2 : Operation 360 [1/1] (0.00ns)   --->   "%store_ln15 = store i64 %local_atomLocations_y, i64 %mux_case_5463727" [../image_analysis.cpp:15]   --->   Operation 360 'store' 'store_ln15' <Predicate = (i_2 == 54)> <Delay = 0.00>
ST_2 : Operation 361 [1/1] (0.00ns)   --->   "%store_ln15 = store i64 %local_atomLocations_x, i64 %mux_case_54327" [../image_analysis.cpp:15]   --->   Operation 361 'store' 'store_ln15' <Predicate = (i_2 == 54)> <Delay = 0.00>
ST_2 : Operation 362 [1/1] (0.00ns)   --->   "%br_ln15 = br void %arrayidx2.116.exit" [../image_analysis.cpp:15]   --->   Operation 362 'br' 'br_ln15' <Predicate = (i_2 == 54)> <Delay = 0.00>
ST_2 : Operation 363 [1/1] (0.00ns)   --->   "%store_ln15 = store i64 %local_atomLocations_y, i64 %mux_case_5362723" [../image_analysis.cpp:15]   --->   Operation 363 'store' 'store_ln15' <Predicate = (i_2 == 53)> <Delay = 0.00>
ST_2 : Operation 364 [1/1] (0.00ns)   --->   "%store_ln15 = store i64 %local_atomLocations_x, i64 %mux_case_53323" [../image_analysis.cpp:15]   --->   Operation 364 'store' 'store_ln15' <Predicate = (i_2 == 53)> <Delay = 0.00>
ST_2 : Operation 365 [1/1] (0.00ns)   --->   "%br_ln15 = br void %arrayidx2.116.exit" [../image_analysis.cpp:15]   --->   Operation 365 'br' 'br_ln15' <Predicate = (i_2 == 53)> <Delay = 0.00>
ST_2 : Operation 366 [1/1] (0.00ns)   --->   "%store_ln15 = store i64 %local_atomLocations_y, i64 %mux_case_5261719" [../image_analysis.cpp:15]   --->   Operation 366 'store' 'store_ln15' <Predicate = (i_2 == 52)> <Delay = 0.00>
ST_2 : Operation 367 [1/1] (0.00ns)   --->   "%store_ln15 = store i64 %local_atomLocations_x, i64 %mux_case_52319" [../image_analysis.cpp:15]   --->   Operation 367 'store' 'store_ln15' <Predicate = (i_2 == 52)> <Delay = 0.00>
ST_2 : Operation 368 [1/1] (0.00ns)   --->   "%br_ln15 = br void %arrayidx2.116.exit" [../image_analysis.cpp:15]   --->   Operation 368 'br' 'br_ln15' <Predicate = (i_2 == 52)> <Delay = 0.00>
ST_2 : Operation 369 [1/1] (0.00ns)   --->   "%store_ln15 = store i64 %local_atomLocations_y, i64 %mux_case_5160715" [../image_analysis.cpp:15]   --->   Operation 369 'store' 'store_ln15' <Predicate = (i_2 == 51)> <Delay = 0.00>
ST_2 : Operation 370 [1/1] (0.00ns)   --->   "%store_ln15 = store i64 %local_atomLocations_x, i64 %mux_case_51315" [../image_analysis.cpp:15]   --->   Operation 370 'store' 'store_ln15' <Predicate = (i_2 == 51)> <Delay = 0.00>
ST_2 : Operation 371 [1/1] (0.00ns)   --->   "%br_ln15 = br void %arrayidx2.116.exit" [../image_analysis.cpp:15]   --->   Operation 371 'br' 'br_ln15' <Predicate = (i_2 == 51)> <Delay = 0.00>
ST_2 : Operation 372 [1/1] (0.00ns)   --->   "%store_ln15 = store i64 %local_atomLocations_y, i64 %mux_case_5059711" [../image_analysis.cpp:15]   --->   Operation 372 'store' 'store_ln15' <Predicate = (i_2 == 50)> <Delay = 0.00>
ST_2 : Operation 373 [1/1] (0.00ns)   --->   "%store_ln15 = store i64 %local_atomLocations_x, i64 %mux_case_50311" [../image_analysis.cpp:15]   --->   Operation 373 'store' 'store_ln15' <Predicate = (i_2 == 50)> <Delay = 0.00>
ST_2 : Operation 374 [1/1] (0.00ns)   --->   "%br_ln15 = br void %arrayidx2.116.exit" [../image_analysis.cpp:15]   --->   Operation 374 'br' 'br_ln15' <Predicate = (i_2 == 50)> <Delay = 0.00>
ST_2 : Operation 375 [1/1] (0.00ns)   --->   "%store_ln15 = store i64 %local_atomLocations_y, i64 %mux_case_4958707" [../image_analysis.cpp:15]   --->   Operation 375 'store' 'store_ln15' <Predicate = (i_2 == 49)> <Delay = 0.00>
ST_2 : Operation 376 [1/1] (0.00ns)   --->   "%store_ln15 = store i64 %local_atomLocations_x, i64 %mux_case_49307" [../image_analysis.cpp:15]   --->   Operation 376 'store' 'store_ln15' <Predicate = (i_2 == 49)> <Delay = 0.00>
ST_2 : Operation 377 [1/1] (0.00ns)   --->   "%br_ln15 = br void %arrayidx2.116.exit" [../image_analysis.cpp:15]   --->   Operation 377 'br' 'br_ln15' <Predicate = (i_2 == 49)> <Delay = 0.00>
ST_2 : Operation 378 [1/1] (0.00ns)   --->   "%store_ln15 = store i64 %local_atomLocations_y, i64 %mux_case_4857703" [../image_analysis.cpp:15]   --->   Operation 378 'store' 'store_ln15' <Predicate = (i_2 == 48)> <Delay = 0.00>
ST_2 : Operation 379 [1/1] (0.00ns)   --->   "%store_ln15 = store i64 %local_atomLocations_x, i64 %mux_case_48303" [../image_analysis.cpp:15]   --->   Operation 379 'store' 'store_ln15' <Predicate = (i_2 == 48)> <Delay = 0.00>
ST_2 : Operation 380 [1/1] (0.00ns)   --->   "%br_ln15 = br void %arrayidx2.116.exit" [../image_analysis.cpp:15]   --->   Operation 380 'br' 'br_ln15' <Predicate = (i_2 == 48)> <Delay = 0.00>
ST_2 : Operation 381 [1/1] (0.00ns)   --->   "%store_ln15 = store i64 %local_atomLocations_y, i64 %mux_case_4756699" [../image_analysis.cpp:15]   --->   Operation 381 'store' 'store_ln15' <Predicate = (i_2 == 47)> <Delay = 0.00>
ST_2 : Operation 382 [1/1] (0.00ns)   --->   "%store_ln15 = store i64 %local_atomLocations_x, i64 %mux_case_47299" [../image_analysis.cpp:15]   --->   Operation 382 'store' 'store_ln15' <Predicate = (i_2 == 47)> <Delay = 0.00>
ST_2 : Operation 383 [1/1] (0.00ns)   --->   "%br_ln15 = br void %arrayidx2.116.exit" [../image_analysis.cpp:15]   --->   Operation 383 'br' 'br_ln15' <Predicate = (i_2 == 47)> <Delay = 0.00>
ST_2 : Operation 384 [1/1] (0.00ns)   --->   "%store_ln15 = store i64 %local_atomLocations_y, i64 %mux_case_4655695" [../image_analysis.cpp:15]   --->   Operation 384 'store' 'store_ln15' <Predicate = (i_2 == 46)> <Delay = 0.00>
ST_2 : Operation 385 [1/1] (0.00ns)   --->   "%store_ln15 = store i64 %local_atomLocations_x, i64 %mux_case_46295" [../image_analysis.cpp:15]   --->   Operation 385 'store' 'store_ln15' <Predicate = (i_2 == 46)> <Delay = 0.00>
ST_2 : Operation 386 [1/1] (0.00ns)   --->   "%br_ln15 = br void %arrayidx2.116.exit" [../image_analysis.cpp:15]   --->   Operation 386 'br' 'br_ln15' <Predicate = (i_2 == 46)> <Delay = 0.00>
ST_2 : Operation 387 [1/1] (0.00ns)   --->   "%store_ln15 = store i64 %local_atomLocations_y, i64 %mux_case_4554691" [../image_analysis.cpp:15]   --->   Operation 387 'store' 'store_ln15' <Predicate = (i_2 == 45)> <Delay = 0.00>
ST_2 : Operation 388 [1/1] (0.00ns)   --->   "%store_ln15 = store i64 %local_atomLocations_x, i64 %mux_case_45291" [../image_analysis.cpp:15]   --->   Operation 388 'store' 'store_ln15' <Predicate = (i_2 == 45)> <Delay = 0.00>
ST_2 : Operation 389 [1/1] (0.00ns)   --->   "%br_ln15 = br void %arrayidx2.116.exit" [../image_analysis.cpp:15]   --->   Operation 389 'br' 'br_ln15' <Predicate = (i_2 == 45)> <Delay = 0.00>
ST_2 : Operation 390 [1/1] (0.00ns)   --->   "%store_ln15 = store i64 %local_atomLocations_y, i64 %mux_case_4453687" [../image_analysis.cpp:15]   --->   Operation 390 'store' 'store_ln15' <Predicate = (i_2 == 44)> <Delay = 0.00>
ST_2 : Operation 391 [1/1] (0.00ns)   --->   "%store_ln15 = store i64 %local_atomLocations_x, i64 %mux_case_44287" [../image_analysis.cpp:15]   --->   Operation 391 'store' 'store_ln15' <Predicate = (i_2 == 44)> <Delay = 0.00>
ST_2 : Operation 392 [1/1] (0.00ns)   --->   "%br_ln15 = br void %arrayidx2.116.exit" [../image_analysis.cpp:15]   --->   Operation 392 'br' 'br_ln15' <Predicate = (i_2 == 44)> <Delay = 0.00>
ST_2 : Operation 393 [1/1] (0.00ns)   --->   "%store_ln15 = store i64 %local_atomLocations_y, i64 %mux_case_4352683" [../image_analysis.cpp:15]   --->   Operation 393 'store' 'store_ln15' <Predicate = (i_2 == 43)> <Delay = 0.00>
ST_2 : Operation 394 [1/1] (0.00ns)   --->   "%store_ln15 = store i64 %local_atomLocations_x, i64 %mux_case_43283" [../image_analysis.cpp:15]   --->   Operation 394 'store' 'store_ln15' <Predicate = (i_2 == 43)> <Delay = 0.00>
ST_2 : Operation 395 [1/1] (0.00ns)   --->   "%br_ln15 = br void %arrayidx2.116.exit" [../image_analysis.cpp:15]   --->   Operation 395 'br' 'br_ln15' <Predicate = (i_2 == 43)> <Delay = 0.00>
ST_2 : Operation 396 [1/1] (0.00ns)   --->   "%store_ln15 = store i64 %local_atomLocations_y, i64 %mux_case_4251679" [../image_analysis.cpp:15]   --->   Operation 396 'store' 'store_ln15' <Predicate = (i_2 == 42)> <Delay = 0.00>
ST_2 : Operation 397 [1/1] (0.00ns)   --->   "%store_ln15 = store i64 %local_atomLocations_x, i64 %mux_case_42279" [../image_analysis.cpp:15]   --->   Operation 397 'store' 'store_ln15' <Predicate = (i_2 == 42)> <Delay = 0.00>
ST_2 : Operation 398 [1/1] (0.00ns)   --->   "%br_ln15 = br void %arrayidx2.116.exit" [../image_analysis.cpp:15]   --->   Operation 398 'br' 'br_ln15' <Predicate = (i_2 == 42)> <Delay = 0.00>
ST_2 : Operation 399 [1/1] (0.00ns)   --->   "%store_ln15 = store i64 %local_atomLocations_y, i64 %mux_case_4150675" [../image_analysis.cpp:15]   --->   Operation 399 'store' 'store_ln15' <Predicate = (i_2 == 41)> <Delay = 0.00>
ST_2 : Operation 400 [1/1] (0.00ns)   --->   "%store_ln15 = store i64 %local_atomLocations_x, i64 %mux_case_41275" [../image_analysis.cpp:15]   --->   Operation 400 'store' 'store_ln15' <Predicate = (i_2 == 41)> <Delay = 0.00>
ST_2 : Operation 401 [1/1] (0.00ns)   --->   "%br_ln15 = br void %arrayidx2.116.exit" [../image_analysis.cpp:15]   --->   Operation 401 'br' 'br_ln15' <Predicate = (i_2 == 41)> <Delay = 0.00>
ST_2 : Operation 402 [1/1] (0.00ns)   --->   "%store_ln15 = store i64 %local_atomLocations_y, i64 %mux_case_4049671" [../image_analysis.cpp:15]   --->   Operation 402 'store' 'store_ln15' <Predicate = (i_2 == 40)> <Delay = 0.00>
ST_2 : Operation 403 [1/1] (0.00ns)   --->   "%store_ln15 = store i64 %local_atomLocations_x, i64 %mux_case_40271" [../image_analysis.cpp:15]   --->   Operation 403 'store' 'store_ln15' <Predicate = (i_2 == 40)> <Delay = 0.00>
ST_2 : Operation 404 [1/1] (0.00ns)   --->   "%br_ln15 = br void %arrayidx2.116.exit" [../image_analysis.cpp:15]   --->   Operation 404 'br' 'br_ln15' <Predicate = (i_2 == 40)> <Delay = 0.00>
ST_2 : Operation 405 [1/1] (0.00ns)   --->   "%store_ln15 = store i64 %local_atomLocations_y, i64 %mux_case_3948667" [../image_analysis.cpp:15]   --->   Operation 405 'store' 'store_ln15' <Predicate = (i_2 == 39)> <Delay = 0.00>
ST_2 : Operation 406 [1/1] (0.00ns)   --->   "%store_ln15 = store i64 %local_atomLocations_x, i64 %mux_case_39267" [../image_analysis.cpp:15]   --->   Operation 406 'store' 'store_ln15' <Predicate = (i_2 == 39)> <Delay = 0.00>
ST_2 : Operation 407 [1/1] (0.00ns)   --->   "%br_ln15 = br void %arrayidx2.116.exit" [../image_analysis.cpp:15]   --->   Operation 407 'br' 'br_ln15' <Predicate = (i_2 == 39)> <Delay = 0.00>
ST_2 : Operation 408 [1/1] (0.00ns)   --->   "%store_ln15 = store i64 %local_atomLocations_y, i64 %mux_case_3847663" [../image_analysis.cpp:15]   --->   Operation 408 'store' 'store_ln15' <Predicate = (i_2 == 38)> <Delay = 0.00>
ST_2 : Operation 409 [1/1] (0.00ns)   --->   "%store_ln15 = store i64 %local_atomLocations_x, i64 %mux_case_38263" [../image_analysis.cpp:15]   --->   Operation 409 'store' 'store_ln15' <Predicate = (i_2 == 38)> <Delay = 0.00>
ST_2 : Operation 410 [1/1] (0.00ns)   --->   "%br_ln15 = br void %arrayidx2.116.exit" [../image_analysis.cpp:15]   --->   Operation 410 'br' 'br_ln15' <Predicate = (i_2 == 38)> <Delay = 0.00>
ST_2 : Operation 411 [1/1] (0.00ns)   --->   "%store_ln15 = store i64 %local_atomLocations_y, i64 %mux_case_3746659" [../image_analysis.cpp:15]   --->   Operation 411 'store' 'store_ln15' <Predicate = (i_2 == 37)> <Delay = 0.00>
ST_2 : Operation 412 [1/1] (0.00ns)   --->   "%store_ln15 = store i64 %local_atomLocations_x, i64 %mux_case_37259" [../image_analysis.cpp:15]   --->   Operation 412 'store' 'store_ln15' <Predicate = (i_2 == 37)> <Delay = 0.00>
ST_2 : Operation 413 [1/1] (0.00ns)   --->   "%br_ln15 = br void %arrayidx2.116.exit" [../image_analysis.cpp:15]   --->   Operation 413 'br' 'br_ln15' <Predicate = (i_2 == 37)> <Delay = 0.00>
ST_2 : Operation 414 [1/1] (0.00ns)   --->   "%store_ln15 = store i64 %local_atomLocations_y, i64 %mux_case_3645655" [../image_analysis.cpp:15]   --->   Operation 414 'store' 'store_ln15' <Predicate = (i_2 == 36)> <Delay = 0.00>
ST_2 : Operation 415 [1/1] (0.00ns)   --->   "%store_ln15 = store i64 %local_atomLocations_x, i64 %mux_case_36255" [../image_analysis.cpp:15]   --->   Operation 415 'store' 'store_ln15' <Predicate = (i_2 == 36)> <Delay = 0.00>
ST_2 : Operation 416 [1/1] (0.00ns)   --->   "%br_ln15 = br void %arrayidx2.116.exit" [../image_analysis.cpp:15]   --->   Operation 416 'br' 'br_ln15' <Predicate = (i_2 == 36)> <Delay = 0.00>
ST_2 : Operation 417 [1/1] (0.00ns)   --->   "%store_ln15 = store i64 %local_atomLocations_y, i64 %mux_case_3544651" [../image_analysis.cpp:15]   --->   Operation 417 'store' 'store_ln15' <Predicate = (i_2 == 35)> <Delay = 0.00>
ST_2 : Operation 418 [1/1] (0.00ns)   --->   "%store_ln15 = store i64 %local_atomLocations_x, i64 %mux_case_35251" [../image_analysis.cpp:15]   --->   Operation 418 'store' 'store_ln15' <Predicate = (i_2 == 35)> <Delay = 0.00>
ST_2 : Operation 419 [1/1] (0.00ns)   --->   "%br_ln15 = br void %arrayidx2.116.exit" [../image_analysis.cpp:15]   --->   Operation 419 'br' 'br_ln15' <Predicate = (i_2 == 35)> <Delay = 0.00>
ST_2 : Operation 420 [1/1] (0.00ns)   --->   "%store_ln15 = store i64 %local_atomLocations_y, i64 %mux_case_3443647" [../image_analysis.cpp:15]   --->   Operation 420 'store' 'store_ln15' <Predicate = (i_2 == 34)> <Delay = 0.00>
ST_2 : Operation 421 [1/1] (0.00ns)   --->   "%store_ln15 = store i64 %local_atomLocations_x, i64 %mux_case_34247" [../image_analysis.cpp:15]   --->   Operation 421 'store' 'store_ln15' <Predicate = (i_2 == 34)> <Delay = 0.00>
ST_2 : Operation 422 [1/1] (0.00ns)   --->   "%br_ln15 = br void %arrayidx2.116.exit" [../image_analysis.cpp:15]   --->   Operation 422 'br' 'br_ln15' <Predicate = (i_2 == 34)> <Delay = 0.00>
ST_2 : Operation 423 [1/1] (0.00ns)   --->   "%store_ln15 = store i64 %local_atomLocations_y, i64 %mux_case_3342643" [../image_analysis.cpp:15]   --->   Operation 423 'store' 'store_ln15' <Predicate = (i_2 == 33)> <Delay = 0.00>
ST_2 : Operation 424 [1/1] (0.00ns)   --->   "%store_ln15 = store i64 %local_atomLocations_x, i64 %mux_case_33243" [../image_analysis.cpp:15]   --->   Operation 424 'store' 'store_ln15' <Predicate = (i_2 == 33)> <Delay = 0.00>
ST_2 : Operation 425 [1/1] (0.00ns)   --->   "%br_ln15 = br void %arrayidx2.116.exit" [../image_analysis.cpp:15]   --->   Operation 425 'br' 'br_ln15' <Predicate = (i_2 == 33)> <Delay = 0.00>
ST_2 : Operation 426 [1/1] (0.00ns)   --->   "%store_ln15 = store i64 %local_atomLocations_y, i64 %mux_case_3241639" [../image_analysis.cpp:15]   --->   Operation 426 'store' 'store_ln15' <Predicate = (i_2 == 32)> <Delay = 0.00>
ST_2 : Operation 427 [1/1] (0.00ns)   --->   "%store_ln15 = store i64 %local_atomLocations_x, i64 %mux_case_32239" [../image_analysis.cpp:15]   --->   Operation 427 'store' 'store_ln15' <Predicate = (i_2 == 32)> <Delay = 0.00>
ST_2 : Operation 428 [1/1] (0.00ns)   --->   "%br_ln15 = br void %arrayidx2.116.exit" [../image_analysis.cpp:15]   --->   Operation 428 'br' 'br_ln15' <Predicate = (i_2 == 32)> <Delay = 0.00>
ST_2 : Operation 429 [1/1] (0.00ns)   --->   "%store_ln15 = store i64 %local_atomLocations_y, i64 %mux_case_3140635" [../image_analysis.cpp:15]   --->   Operation 429 'store' 'store_ln15' <Predicate = (i_2 == 31)> <Delay = 0.00>
ST_2 : Operation 430 [1/1] (0.00ns)   --->   "%store_ln15 = store i64 %local_atomLocations_x, i64 %mux_case_31235" [../image_analysis.cpp:15]   --->   Operation 430 'store' 'store_ln15' <Predicate = (i_2 == 31)> <Delay = 0.00>
ST_2 : Operation 431 [1/1] (0.00ns)   --->   "%br_ln15 = br void %arrayidx2.116.exit" [../image_analysis.cpp:15]   --->   Operation 431 'br' 'br_ln15' <Predicate = (i_2 == 31)> <Delay = 0.00>
ST_2 : Operation 432 [1/1] (0.00ns)   --->   "%store_ln15 = store i64 %local_atomLocations_y, i64 %mux_case_3039631" [../image_analysis.cpp:15]   --->   Operation 432 'store' 'store_ln15' <Predicate = (i_2 == 30)> <Delay = 0.00>
ST_2 : Operation 433 [1/1] (0.00ns)   --->   "%store_ln15 = store i64 %local_atomLocations_x, i64 %mux_case_30231" [../image_analysis.cpp:15]   --->   Operation 433 'store' 'store_ln15' <Predicate = (i_2 == 30)> <Delay = 0.00>
ST_2 : Operation 434 [1/1] (0.00ns)   --->   "%br_ln15 = br void %arrayidx2.116.exit" [../image_analysis.cpp:15]   --->   Operation 434 'br' 'br_ln15' <Predicate = (i_2 == 30)> <Delay = 0.00>
ST_2 : Operation 435 [1/1] (0.00ns)   --->   "%store_ln15 = store i64 %local_atomLocations_y, i64 %mux_case_2938627" [../image_analysis.cpp:15]   --->   Operation 435 'store' 'store_ln15' <Predicate = (i_2 == 29)> <Delay = 0.00>
ST_2 : Operation 436 [1/1] (0.00ns)   --->   "%store_ln15 = store i64 %local_atomLocations_x, i64 %mux_case_29227" [../image_analysis.cpp:15]   --->   Operation 436 'store' 'store_ln15' <Predicate = (i_2 == 29)> <Delay = 0.00>
ST_2 : Operation 437 [1/1] (0.00ns)   --->   "%br_ln15 = br void %arrayidx2.116.exit" [../image_analysis.cpp:15]   --->   Operation 437 'br' 'br_ln15' <Predicate = (i_2 == 29)> <Delay = 0.00>
ST_2 : Operation 438 [1/1] (0.00ns)   --->   "%store_ln15 = store i64 %local_atomLocations_y, i64 %mux_case_2837623" [../image_analysis.cpp:15]   --->   Operation 438 'store' 'store_ln15' <Predicate = (i_2 == 28)> <Delay = 0.00>
ST_2 : Operation 439 [1/1] (0.00ns)   --->   "%store_ln15 = store i64 %local_atomLocations_x, i64 %mux_case_28223" [../image_analysis.cpp:15]   --->   Operation 439 'store' 'store_ln15' <Predicate = (i_2 == 28)> <Delay = 0.00>
ST_2 : Operation 440 [1/1] (0.00ns)   --->   "%br_ln15 = br void %arrayidx2.116.exit" [../image_analysis.cpp:15]   --->   Operation 440 'br' 'br_ln15' <Predicate = (i_2 == 28)> <Delay = 0.00>
ST_2 : Operation 441 [1/1] (0.00ns)   --->   "%store_ln15 = store i64 %local_atomLocations_y, i64 %mux_case_2736619" [../image_analysis.cpp:15]   --->   Operation 441 'store' 'store_ln15' <Predicate = (i_2 == 27)> <Delay = 0.00>
ST_2 : Operation 442 [1/1] (0.00ns)   --->   "%store_ln15 = store i64 %local_atomLocations_x, i64 %mux_case_27219" [../image_analysis.cpp:15]   --->   Operation 442 'store' 'store_ln15' <Predicate = (i_2 == 27)> <Delay = 0.00>
ST_2 : Operation 443 [1/1] (0.00ns)   --->   "%br_ln15 = br void %arrayidx2.116.exit" [../image_analysis.cpp:15]   --->   Operation 443 'br' 'br_ln15' <Predicate = (i_2 == 27)> <Delay = 0.00>
ST_2 : Operation 444 [1/1] (0.00ns)   --->   "%store_ln15 = store i64 %local_atomLocations_y, i64 %mux_case_2635615" [../image_analysis.cpp:15]   --->   Operation 444 'store' 'store_ln15' <Predicate = (i_2 == 26)> <Delay = 0.00>
ST_2 : Operation 445 [1/1] (0.00ns)   --->   "%store_ln15 = store i64 %local_atomLocations_x, i64 %mux_case_26215" [../image_analysis.cpp:15]   --->   Operation 445 'store' 'store_ln15' <Predicate = (i_2 == 26)> <Delay = 0.00>
ST_2 : Operation 446 [1/1] (0.00ns)   --->   "%br_ln15 = br void %arrayidx2.116.exit" [../image_analysis.cpp:15]   --->   Operation 446 'br' 'br_ln15' <Predicate = (i_2 == 26)> <Delay = 0.00>
ST_2 : Operation 447 [1/1] (0.00ns)   --->   "%store_ln15 = store i64 %local_atomLocations_y, i64 %mux_case_2534611" [../image_analysis.cpp:15]   --->   Operation 447 'store' 'store_ln15' <Predicate = (i_2 == 25)> <Delay = 0.00>
ST_2 : Operation 448 [1/1] (0.00ns)   --->   "%store_ln15 = store i64 %local_atomLocations_x, i64 %mux_case_25211" [../image_analysis.cpp:15]   --->   Operation 448 'store' 'store_ln15' <Predicate = (i_2 == 25)> <Delay = 0.00>
ST_2 : Operation 449 [1/1] (0.00ns)   --->   "%br_ln15 = br void %arrayidx2.116.exit" [../image_analysis.cpp:15]   --->   Operation 449 'br' 'br_ln15' <Predicate = (i_2 == 25)> <Delay = 0.00>
ST_2 : Operation 450 [1/1] (0.00ns)   --->   "%store_ln15 = store i64 %local_atomLocations_y, i64 %mux_case_2433607" [../image_analysis.cpp:15]   --->   Operation 450 'store' 'store_ln15' <Predicate = (i_2 == 24)> <Delay = 0.00>
ST_2 : Operation 451 [1/1] (0.00ns)   --->   "%store_ln15 = store i64 %local_atomLocations_x, i64 %mux_case_24207" [../image_analysis.cpp:15]   --->   Operation 451 'store' 'store_ln15' <Predicate = (i_2 == 24)> <Delay = 0.00>
ST_2 : Operation 452 [1/1] (0.00ns)   --->   "%br_ln15 = br void %arrayidx2.116.exit" [../image_analysis.cpp:15]   --->   Operation 452 'br' 'br_ln15' <Predicate = (i_2 == 24)> <Delay = 0.00>
ST_2 : Operation 453 [1/1] (0.00ns)   --->   "%store_ln15 = store i64 %local_atomLocations_y, i64 %mux_case_2332603" [../image_analysis.cpp:15]   --->   Operation 453 'store' 'store_ln15' <Predicate = (i_2 == 23)> <Delay = 0.00>
ST_2 : Operation 454 [1/1] (0.00ns)   --->   "%store_ln15 = store i64 %local_atomLocations_x, i64 %mux_case_23203" [../image_analysis.cpp:15]   --->   Operation 454 'store' 'store_ln15' <Predicate = (i_2 == 23)> <Delay = 0.00>
ST_2 : Operation 455 [1/1] (0.00ns)   --->   "%br_ln15 = br void %arrayidx2.116.exit" [../image_analysis.cpp:15]   --->   Operation 455 'br' 'br_ln15' <Predicate = (i_2 == 23)> <Delay = 0.00>
ST_2 : Operation 456 [1/1] (0.00ns)   --->   "%store_ln15 = store i64 %local_atomLocations_y, i64 %mux_case_2231599" [../image_analysis.cpp:15]   --->   Operation 456 'store' 'store_ln15' <Predicate = (i_2 == 22)> <Delay = 0.00>
ST_2 : Operation 457 [1/1] (0.00ns)   --->   "%store_ln15 = store i64 %local_atomLocations_x, i64 %mux_case_22199" [../image_analysis.cpp:15]   --->   Operation 457 'store' 'store_ln15' <Predicate = (i_2 == 22)> <Delay = 0.00>
ST_2 : Operation 458 [1/1] (0.00ns)   --->   "%br_ln15 = br void %arrayidx2.116.exit" [../image_analysis.cpp:15]   --->   Operation 458 'br' 'br_ln15' <Predicate = (i_2 == 22)> <Delay = 0.00>
ST_2 : Operation 459 [1/1] (0.00ns)   --->   "%store_ln15 = store i64 %local_atomLocations_y, i64 %mux_case_2130595" [../image_analysis.cpp:15]   --->   Operation 459 'store' 'store_ln15' <Predicate = (i_2 == 21)> <Delay = 0.00>
ST_2 : Operation 460 [1/1] (0.00ns)   --->   "%store_ln15 = store i64 %local_atomLocations_x, i64 %mux_case_21195" [../image_analysis.cpp:15]   --->   Operation 460 'store' 'store_ln15' <Predicate = (i_2 == 21)> <Delay = 0.00>
ST_2 : Operation 461 [1/1] (0.00ns)   --->   "%br_ln15 = br void %arrayidx2.116.exit" [../image_analysis.cpp:15]   --->   Operation 461 'br' 'br_ln15' <Predicate = (i_2 == 21)> <Delay = 0.00>
ST_2 : Operation 462 [1/1] (0.00ns)   --->   "%store_ln15 = store i64 %local_atomLocations_y, i64 %mux_case_2029591" [../image_analysis.cpp:15]   --->   Operation 462 'store' 'store_ln15' <Predicate = (i_2 == 20)> <Delay = 0.00>
ST_2 : Operation 463 [1/1] (0.00ns)   --->   "%store_ln15 = store i64 %local_atomLocations_x, i64 %mux_case_20191" [../image_analysis.cpp:15]   --->   Operation 463 'store' 'store_ln15' <Predicate = (i_2 == 20)> <Delay = 0.00>
ST_2 : Operation 464 [1/1] (0.00ns)   --->   "%br_ln15 = br void %arrayidx2.116.exit" [../image_analysis.cpp:15]   --->   Operation 464 'br' 'br_ln15' <Predicate = (i_2 == 20)> <Delay = 0.00>
ST_2 : Operation 465 [1/1] (0.00ns)   --->   "%store_ln15 = store i64 %local_atomLocations_y, i64 %mux_case_1928587" [../image_analysis.cpp:15]   --->   Operation 465 'store' 'store_ln15' <Predicate = (i_2 == 19)> <Delay = 0.00>
ST_2 : Operation 466 [1/1] (0.00ns)   --->   "%store_ln15 = store i64 %local_atomLocations_x, i64 %mux_case_19187" [../image_analysis.cpp:15]   --->   Operation 466 'store' 'store_ln15' <Predicate = (i_2 == 19)> <Delay = 0.00>
ST_2 : Operation 467 [1/1] (0.00ns)   --->   "%br_ln15 = br void %arrayidx2.116.exit" [../image_analysis.cpp:15]   --->   Operation 467 'br' 'br_ln15' <Predicate = (i_2 == 19)> <Delay = 0.00>
ST_2 : Operation 468 [1/1] (0.00ns)   --->   "%store_ln15 = store i64 %local_atomLocations_y, i64 %mux_case_1827583" [../image_analysis.cpp:15]   --->   Operation 468 'store' 'store_ln15' <Predicate = (i_2 == 18)> <Delay = 0.00>
ST_2 : Operation 469 [1/1] (0.00ns)   --->   "%store_ln15 = store i64 %local_atomLocations_x, i64 %mux_case_18183" [../image_analysis.cpp:15]   --->   Operation 469 'store' 'store_ln15' <Predicate = (i_2 == 18)> <Delay = 0.00>
ST_2 : Operation 470 [1/1] (0.00ns)   --->   "%br_ln15 = br void %arrayidx2.116.exit" [../image_analysis.cpp:15]   --->   Operation 470 'br' 'br_ln15' <Predicate = (i_2 == 18)> <Delay = 0.00>
ST_2 : Operation 471 [1/1] (0.00ns)   --->   "%store_ln15 = store i64 %local_atomLocations_y, i64 %mux_case_1726579" [../image_analysis.cpp:15]   --->   Operation 471 'store' 'store_ln15' <Predicate = (i_2 == 17)> <Delay = 0.00>
ST_2 : Operation 472 [1/1] (0.00ns)   --->   "%store_ln15 = store i64 %local_atomLocations_x, i64 %mux_case_17179" [../image_analysis.cpp:15]   --->   Operation 472 'store' 'store_ln15' <Predicate = (i_2 == 17)> <Delay = 0.00>
ST_2 : Operation 473 [1/1] (0.00ns)   --->   "%br_ln15 = br void %arrayidx2.116.exit" [../image_analysis.cpp:15]   --->   Operation 473 'br' 'br_ln15' <Predicate = (i_2 == 17)> <Delay = 0.00>
ST_2 : Operation 474 [1/1] (0.00ns)   --->   "%store_ln15 = store i64 %local_atomLocations_y, i64 %mux_case_1625575" [../image_analysis.cpp:15]   --->   Operation 474 'store' 'store_ln15' <Predicate = (i_2 == 16)> <Delay = 0.00>
ST_2 : Operation 475 [1/1] (0.00ns)   --->   "%store_ln15 = store i64 %local_atomLocations_x, i64 %mux_case_16175" [../image_analysis.cpp:15]   --->   Operation 475 'store' 'store_ln15' <Predicate = (i_2 == 16)> <Delay = 0.00>
ST_2 : Operation 476 [1/1] (0.00ns)   --->   "%br_ln15 = br void %arrayidx2.116.exit" [../image_analysis.cpp:15]   --->   Operation 476 'br' 'br_ln15' <Predicate = (i_2 == 16)> <Delay = 0.00>
ST_2 : Operation 477 [1/1] (0.00ns)   --->   "%store_ln15 = store i64 %local_atomLocations_y, i64 %mux_case_1524571" [../image_analysis.cpp:15]   --->   Operation 477 'store' 'store_ln15' <Predicate = (i_2 == 15)> <Delay = 0.00>
ST_2 : Operation 478 [1/1] (0.00ns)   --->   "%store_ln15 = store i64 %local_atomLocations_x, i64 %mux_case_15171" [../image_analysis.cpp:15]   --->   Operation 478 'store' 'store_ln15' <Predicate = (i_2 == 15)> <Delay = 0.00>
ST_2 : Operation 479 [1/1] (0.00ns)   --->   "%br_ln15 = br void %arrayidx2.116.exit" [../image_analysis.cpp:15]   --->   Operation 479 'br' 'br_ln15' <Predicate = (i_2 == 15)> <Delay = 0.00>
ST_2 : Operation 480 [1/1] (0.00ns)   --->   "%store_ln15 = store i64 %local_atomLocations_y, i64 %mux_case_1423567" [../image_analysis.cpp:15]   --->   Operation 480 'store' 'store_ln15' <Predicate = (i_2 == 14)> <Delay = 0.00>
ST_2 : Operation 481 [1/1] (0.00ns)   --->   "%store_ln15 = store i64 %local_atomLocations_x, i64 %mux_case_14167" [../image_analysis.cpp:15]   --->   Operation 481 'store' 'store_ln15' <Predicate = (i_2 == 14)> <Delay = 0.00>
ST_2 : Operation 482 [1/1] (0.00ns)   --->   "%br_ln15 = br void %arrayidx2.116.exit" [../image_analysis.cpp:15]   --->   Operation 482 'br' 'br_ln15' <Predicate = (i_2 == 14)> <Delay = 0.00>
ST_2 : Operation 483 [1/1] (0.00ns)   --->   "%store_ln15 = store i64 %local_atomLocations_y, i64 %mux_case_1322563" [../image_analysis.cpp:15]   --->   Operation 483 'store' 'store_ln15' <Predicate = (i_2 == 13)> <Delay = 0.00>
ST_2 : Operation 484 [1/1] (0.00ns)   --->   "%store_ln15 = store i64 %local_atomLocations_x, i64 %mux_case_13163" [../image_analysis.cpp:15]   --->   Operation 484 'store' 'store_ln15' <Predicate = (i_2 == 13)> <Delay = 0.00>
ST_2 : Operation 485 [1/1] (0.00ns)   --->   "%br_ln15 = br void %arrayidx2.116.exit" [../image_analysis.cpp:15]   --->   Operation 485 'br' 'br_ln15' <Predicate = (i_2 == 13)> <Delay = 0.00>
ST_2 : Operation 486 [1/1] (0.00ns)   --->   "%store_ln15 = store i64 %local_atomLocations_y, i64 %mux_case_1221559" [../image_analysis.cpp:15]   --->   Operation 486 'store' 'store_ln15' <Predicate = (i_2 == 12)> <Delay = 0.00>
ST_2 : Operation 487 [1/1] (0.00ns)   --->   "%store_ln15 = store i64 %local_atomLocations_x, i64 %mux_case_12159" [../image_analysis.cpp:15]   --->   Operation 487 'store' 'store_ln15' <Predicate = (i_2 == 12)> <Delay = 0.00>
ST_2 : Operation 488 [1/1] (0.00ns)   --->   "%br_ln15 = br void %arrayidx2.116.exit" [../image_analysis.cpp:15]   --->   Operation 488 'br' 'br_ln15' <Predicate = (i_2 == 12)> <Delay = 0.00>
ST_2 : Operation 489 [1/1] (0.00ns)   --->   "%store_ln15 = store i64 %local_atomLocations_y, i64 %mux_case_1120555" [../image_analysis.cpp:15]   --->   Operation 489 'store' 'store_ln15' <Predicate = (i_2 == 11)> <Delay = 0.00>
ST_2 : Operation 490 [1/1] (0.00ns)   --->   "%store_ln15 = store i64 %local_atomLocations_x, i64 %mux_case_11155" [../image_analysis.cpp:15]   --->   Operation 490 'store' 'store_ln15' <Predicate = (i_2 == 11)> <Delay = 0.00>
ST_2 : Operation 491 [1/1] (0.00ns)   --->   "%br_ln15 = br void %arrayidx2.116.exit" [../image_analysis.cpp:15]   --->   Operation 491 'br' 'br_ln15' <Predicate = (i_2 == 11)> <Delay = 0.00>
ST_2 : Operation 492 [1/1] (0.00ns)   --->   "%store_ln15 = store i64 %local_atomLocations_y, i64 %mux_case_1019551" [../image_analysis.cpp:15]   --->   Operation 492 'store' 'store_ln15' <Predicate = (i_2 == 10)> <Delay = 0.00>
ST_2 : Operation 493 [1/1] (0.00ns)   --->   "%store_ln15 = store i64 %local_atomLocations_x, i64 %mux_case_10151" [../image_analysis.cpp:15]   --->   Operation 493 'store' 'store_ln15' <Predicate = (i_2 == 10)> <Delay = 0.00>
ST_2 : Operation 494 [1/1] (0.00ns)   --->   "%br_ln15 = br void %arrayidx2.116.exit" [../image_analysis.cpp:15]   --->   Operation 494 'br' 'br_ln15' <Predicate = (i_2 == 10)> <Delay = 0.00>
ST_2 : Operation 495 [1/1] (0.00ns)   --->   "%store_ln15 = store i64 %local_atomLocations_y, i64 %mux_case_918547" [../image_analysis.cpp:15]   --->   Operation 495 'store' 'store_ln15' <Predicate = (i_2 == 9)> <Delay = 0.00>
ST_2 : Operation 496 [1/1] (0.00ns)   --->   "%store_ln15 = store i64 %local_atomLocations_x, i64 %mux_case_9147" [../image_analysis.cpp:15]   --->   Operation 496 'store' 'store_ln15' <Predicate = (i_2 == 9)> <Delay = 0.00>
ST_2 : Operation 497 [1/1] (0.00ns)   --->   "%br_ln15 = br void %arrayidx2.116.exit" [../image_analysis.cpp:15]   --->   Operation 497 'br' 'br_ln15' <Predicate = (i_2 == 9)> <Delay = 0.00>
ST_2 : Operation 498 [1/1] (0.00ns)   --->   "%store_ln15 = store i64 %local_atomLocations_y, i64 %mux_case_817543" [../image_analysis.cpp:15]   --->   Operation 498 'store' 'store_ln15' <Predicate = (i_2 == 8)> <Delay = 0.00>
ST_2 : Operation 499 [1/1] (0.00ns)   --->   "%store_ln15 = store i64 %local_atomLocations_x, i64 %mux_case_8143" [../image_analysis.cpp:15]   --->   Operation 499 'store' 'store_ln15' <Predicate = (i_2 == 8)> <Delay = 0.00>
ST_2 : Operation 500 [1/1] (0.00ns)   --->   "%br_ln15 = br void %arrayidx2.116.exit" [../image_analysis.cpp:15]   --->   Operation 500 'br' 'br_ln15' <Predicate = (i_2 == 8)> <Delay = 0.00>
ST_2 : Operation 501 [1/1] (0.00ns)   --->   "%store_ln15 = store i64 %local_atomLocations_y, i64 %mux_case_716539" [../image_analysis.cpp:15]   --->   Operation 501 'store' 'store_ln15' <Predicate = (i_2 == 7)> <Delay = 0.00>
ST_2 : Operation 502 [1/1] (0.00ns)   --->   "%store_ln15 = store i64 %local_atomLocations_x, i64 %mux_case_7139" [../image_analysis.cpp:15]   --->   Operation 502 'store' 'store_ln15' <Predicate = (i_2 == 7)> <Delay = 0.00>
ST_2 : Operation 503 [1/1] (0.00ns)   --->   "%br_ln15 = br void %arrayidx2.116.exit" [../image_analysis.cpp:15]   --->   Operation 503 'br' 'br_ln15' <Predicate = (i_2 == 7)> <Delay = 0.00>
ST_2 : Operation 504 [1/1] (0.00ns)   --->   "%store_ln15 = store i64 %local_atomLocations_y, i64 %mux_case_615535" [../image_analysis.cpp:15]   --->   Operation 504 'store' 'store_ln15' <Predicate = (i_2 == 6)> <Delay = 0.00>
ST_2 : Operation 505 [1/1] (0.00ns)   --->   "%store_ln15 = store i64 %local_atomLocations_x, i64 %mux_case_6135" [../image_analysis.cpp:15]   --->   Operation 505 'store' 'store_ln15' <Predicate = (i_2 == 6)> <Delay = 0.00>
ST_2 : Operation 506 [1/1] (0.00ns)   --->   "%br_ln15 = br void %arrayidx2.116.exit" [../image_analysis.cpp:15]   --->   Operation 506 'br' 'br_ln15' <Predicate = (i_2 == 6)> <Delay = 0.00>
ST_2 : Operation 507 [1/1] (0.00ns)   --->   "%store_ln15 = store i64 %local_atomLocations_y, i64 %mux_case_514531" [../image_analysis.cpp:15]   --->   Operation 507 'store' 'store_ln15' <Predicate = (i_2 == 5)> <Delay = 0.00>
ST_2 : Operation 508 [1/1] (0.00ns)   --->   "%store_ln15 = store i64 %local_atomLocations_x, i64 %mux_case_5131" [../image_analysis.cpp:15]   --->   Operation 508 'store' 'store_ln15' <Predicate = (i_2 == 5)> <Delay = 0.00>
ST_2 : Operation 509 [1/1] (0.00ns)   --->   "%br_ln15 = br void %arrayidx2.116.exit" [../image_analysis.cpp:15]   --->   Operation 509 'br' 'br_ln15' <Predicate = (i_2 == 5)> <Delay = 0.00>
ST_2 : Operation 510 [1/1] (0.00ns)   --->   "%store_ln15 = store i64 %local_atomLocations_y, i64 %mux_case_413527" [../image_analysis.cpp:15]   --->   Operation 510 'store' 'store_ln15' <Predicate = (i_2 == 4)> <Delay = 0.00>
ST_2 : Operation 511 [1/1] (0.00ns)   --->   "%store_ln15 = store i64 %local_atomLocations_x, i64 %mux_case_4127" [../image_analysis.cpp:15]   --->   Operation 511 'store' 'store_ln15' <Predicate = (i_2 == 4)> <Delay = 0.00>
ST_2 : Operation 512 [1/1] (0.00ns)   --->   "%br_ln15 = br void %arrayidx2.116.exit" [../image_analysis.cpp:15]   --->   Operation 512 'br' 'br_ln15' <Predicate = (i_2 == 4)> <Delay = 0.00>
ST_2 : Operation 513 [1/1] (0.00ns)   --->   "%store_ln15 = store i64 %local_atomLocations_y, i64 %mux_case_312523" [../image_analysis.cpp:15]   --->   Operation 513 'store' 'store_ln15' <Predicate = (i_2 == 3)> <Delay = 0.00>
ST_2 : Operation 514 [1/1] (0.00ns)   --->   "%store_ln15 = store i64 %local_atomLocations_x, i64 %mux_case_3123" [../image_analysis.cpp:15]   --->   Operation 514 'store' 'store_ln15' <Predicate = (i_2 == 3)> <Delay = 0.00>
ST_2 : Operation 515 [1/1] (0.00ns)   --->   "%br_ln15 = br void %arrayidx2.116.exit" [../image_analysis.cpp:15]   --->   Operation 515 'br' 'br_ln15' <Predicate = (i_2 == 3)> <Delay = 0.00>
ST_2 : Operation 516 [1/1] (0.00ns)   --->   "%store_ln15 = store i64 %local_atomLocations_y, i64 %mux_case_211519" [../image_analysis.cpp:15]   --->   Operation 516 'store' 'store_ln15' <Predicate = (i_2 == 2)> <Delay = 0.00>
ST_2 : Operation 517 [1/1] (0.00ns)   --->   "%store_ln15 = store i64 %local_atomLocations_x, i64 %mux_case_2119" [../image_analysis.cpp:15]   --->   Operation 517 'store' 'store_ln15' <Predicate = (i_2 == 2)> <Delay = 0.00>
ST_2 : Operation 518 [1/1] (0.00ns)   --->   "%br_ln15 = br void %arrayidx2.116.exit" [../image_analysis.cpp:15]   --->   Operation 518 'br' 'br_ln15' <Predicate = (i_2 == 2)> <Delay = 0.00>
ST_2 : Operation 519 [1/1] (0.00ns)   --->   "%store_ln15 = store i64 %local_atomLocations_y, i64 %mux_case_110515" [../image_analysis.cpp:15]   --->   Operation 519 'store' 'store_ln15' <Predicate = (i_2 == 1)> <Delay = 0.00>
ST_2 : Operation 520 [1/1] (0.00ns)   --->   "%store_ln15 = store i64 %local_atomLocations_x, i64 %mux_case_1115" [../image_analysis.cpp:15]   --->   Operation 520 'store' 'store_ln15' <Predicate = (i_2 == 1)> <Delay = 0.00>
ST_2 : Operation 521 [1/1] (0.00ns)   --->   "%br_ln15 = br void %arrayidx2.116.exit" [../image_analysis.cpp:15]   --->   Operation 521 'br' 'br_ln15' <Predicate = (i_2 == 1)> <Delay = 0.00>
ST_2 : Operation 522 [1/1] (0.00ns)   --->   "%store_ln15 = store i64 %local_atomLocations_y, i64 %mux_case_03511" [../image_analysis.cpp:15]   --->   Operation 522 'store' 'store_ln15' <Predicate = (i_2 == 0)> <Delay = 0.00>
ST_2 : Operation 523 [1/1] (0.00ns)   --->   "%store_ln15 = store i64 %local_atomLocations_x, i64 %mux_case_0111" [../image_analysis.cpp:15]   --->   Operation 523 'store' 'store_ln15' <Predicate = (i_2 == 0)> <Delay = 0.00>
ST_2 : Operation 524 [1/1] (0.00ns)   --->   "%br_ln15 = br void %arrayidx2.116.exit" [../image_analysis.cpp:15]   --->   Operation 524 'br' 'br_ln15' <Predicate = (i_2 == 0)> <Delay = 0.00>
ST_2 : Operation 525 [1/1] (0.00ns)   --->   "%store_ln15 = store i64 %local_atomLocations_y, i64 %mux_case_99108907" [../image_analysis.cpp:15]   --->   Operation 525 'store' 'store_ln15' <Predicate = (i_2 == 127) | (i_2 == 126) | (i_2 == 125) | (i_2 == 124) | (i_2 == 123) | (i_2 == 122) | (i_2 == 121) | (i_2 == 120) | (i_2 == 119) | (i_2 == 118) | (i_2 == 117) | (i_2 == 116) | (i_2 == 115) | (i_2 == 114) | (i_2 == 113) | (i_2 == 112) | (i_2 == 111) | (i_2 == 110) | (i_2 == 109) | (i_2 == 108) | (i_2 == 107) | (i_2 == 106) | (i_2 == 105) | (i_2 == 104) | (i_2 == 103) | (i_2 == 102) | (i_2 == 101) | (i_2 == 100) | (i_2 == 99)> <Delay = 0.00>
ST_2 : Operation 526 [1/1] (0.00ns)   --->   "%store_ln15 = store i64 %local_atomLocations_x, i64 %mux_case_99507" [../image_analysis.cpp:15]   --->   Operation 526 'store' 'store_ln15' <Predicate = (i_2 == 127) | (i_2 == 126) | (i_2 == 125) | (i_2 == 124) | (i_2 == 123) | (i_2 == 122) | (i_2 == 121) | (i_2 == 120) | (i_2 == 119) | (i_2 == 118) | (i_2 == 117) | (i_2 == 116) | (i_2 == 115) | (i_2 == 114) | (i_2 == 113) | (i_2 == 112) | (i_2 == 111) | (i_2 == 110) | (i_2 == 109) | (i_2 == 108) | (i_2 == 107) | (i_2 == 106) | (i_2 == 105) | (i_2 == 104) | (i_2 == 103) | (i_2 == 102) | (i_2 == 101) | (i_2 == 100) | (i_2 == 99)> <Delay = 0.00>
ST_2 : Operation 527 [1/1] (0.00ns)   --->   "%br_ln15 = br void %arrayidx2.116.exit" [../image_analysis.cpp:15]   --->   Operation 527 'br' 'br_ln15' <Predicate = (i_2 == 127) | (i_2 == 126) | (i_2 == 125) | (i_2 == 124) | (i_2 == 123) | (i_2 == 122) | (i_2 == 121) | (i_2 == 120) | (i_2 == 119) | (i_2 == 118) | (i_2 == 117) | (i_2 == 116) | (i_2 == 115) | (i_2 == 114) | (i_2 == 113) | (i_2 == 112) | (i_2 == 111) | (i_2 == 110) | (i_2 == 109) | (i_2 == 108) | (i_2 == 107) | (i_2 == 106) | (i_2 == 105) | (i_2 == 104) | (i_2 == 103) | (i_2 == 102) | (i_2 == 101) | (i_2 == 100) | (i_2 == 99)> <Delay = 0.00>


============================================================
+ Verbose Summary: Binding
============================================================
STG Binding: 
---------------- STG Properties BEGIN ----------------
- Is combinational: 0
- Is one-state seq: 0
- Is datapath-only: 0
- Is pipelined: 0
- Is top level: 0
Port [ Return ] is wired: 1; IO mode=ap_ctrl_hs:ce=0
Port [ atomLocationsSize]:  wired=1; compound=0; hidden=0; nouse=0; global=0; static=0; extern=0; dir=0; type=0; pingpong=0; private_global=0; IO mode=ap_none:ce=0
Port [ atomLocations]:  wired=1; compound=1; hidden=0; nouse=0; global=0; static=0; extern=0; dir=0; type=1; pingpong=0; private_global=0; MemPort=[13]; IO mode=ap_memory:ce=0
Port [ mux_case_99108907_out]:  wired=1; compound=0; hidden=0; nouse=0; global=0; static=0; extern=0; dir=1; type=0; pingpong=0; private_global=0; IO mode=ap_vld:ce=0
Port [ mux_case_98107903_out]:  wired=1; compound=0; hidden=0; nouse=0; global=0; static=0; extern=0; dir=1; type=0; pingpong=0; private_global=0; IO mode=ap_vld:ce=0
Port [ mux_case_97106899_out]:  wired=1; compound=0; hidden=0; nouse=0; global=0; static=0; extern=0; dir=1; type=0; pingpong=0; private_global=0; IO mode=ap_vld:ce=0
Port [ mux_case_96105895_out]:  wired=1; compound=0; hidden=0; nouse=0; global=0; static=0; extern=0; dir=1; type=0; pingpong=0; private_global=0; IO mode=ap_vld:ce=0
Port [ mux_case_95104891_out]:  wired=1; compound=0; hidden=0; nouse=0; global=0; static=0; extern=0; dir=1; type=0; pingpong=0; private_global=0; IO mode=ap_vld:ce=0
Port [ mux_case_94103887_out]:  wired=1; compound=0; hidden=0; nouse=0; global=0; static=0; extern=0; dir=1; type=0; pingpong=0; private_global=0; IO mode=ap_vld:ce=0
Port [ mux_case_93102883_out]:  wired=1; compound=0; hidden=0; nouse=0; global=0; static=0; extern=0; dir=1; type=0; pingpong=0; private_global=0; IO mode=ap_vld:ce=0
Port [ mux_case_92101879_out]:  wired=1; compound=0; hidden=0; nouse=0; global=0; static=0; extern=0; dir=1; type=0; pingpong=0; private_global=0; IO mode=ap_vld:ce=0
Port [ mux_case_91100875_out]:  wired=1; compound=0; hidden=0; nouse=0; global=0; static=0; extern=0; dir=1; type=0; pingpong=0; private_global=0; IO mode=ap_vld:ce=0
Port [ mux_case_9099871_out]:  wired=1; compound=0; hidden=0; nouse=0; global=0; static=0; extern=0; dir=1; type=0; pingpong=0; private_global=0; IO mode=ap_vld:ce=0
Port [ mux_case_8998867_out]:  wired=1; compound=0; hidden=0; nouse=0; global=0; static=0; extern=0; dir=1; type=0; pingpong=0; private_global=0; IO mode=ap_vld:ce=0
Port [ mux_case_8897863_out]:  wired=1; compound=0; hidden=0; nouse=0; global=0; static=0; extern=0; dir=1; type=0; pingpong=0; private_global=0; IO mode=ap_vld:ce=0
Port [ mux_case_8796859_out]:  wired=1; compound=0; hidden=0; nouse=0; global=0; static=0; extern=0; dir=1; type=0; pingpong=0; private_global=0; IO mode=ap_vld:ce=0
Port [ mux_case_8695855_out]:  wired=1; compound=0; hidden=0; nouse=0; global=0; static=0; extern=0; dir=1; type=0; pingpong=0; private_global=0; IO mode=ap_vld:ce=0
Port [ mux_case_8594851_out]:  wired=1; compound=0; hidden=0; nouse=0; global=0; static=0; extern=0; dir=1; type=0; pingpong=0; private_global=0; IO mode=ap_vld:ce=0
Port [ mux_case_8493847_out]:  wired=1; compound=0; hidden=0; nouse=0; global=0; static=0; extern=0; dir=1; type=0; pingpong=0; private_global=0; IO mode=ap_vld:ce=0
Port [ mux_case_8392843_out]:  wired=1; compound=0; hidden=0; nouse=0; global=0; static=0; extern=0; dir=1; type=0; pingpong=0; private_global=0; IO mode=ap_vld:ce=0
Port [ mux_case_8291839_out]:  wired=1; compound=0; hidden=0; nouse=0; global=0; static=0; extern=0; dir=1; type=0; pingpong=0; private_global=0; IO mode=ap_vld:ce=0
Port [ mux_case_8190835_out]:  wired=1; compound=0; hidden=0; nouse=0; global=0; static=0; extern=0; dir=1; type=0; pingpong=0; private_global=0; IO mode=ap_vld:ce=0
Port [ mux_case_8089831_out]:  wired=1; compound=0; hidden=0; nouse=0; global=0; static=0; extern=0; dir=1; type=0; pingpong=0; private_global=0; IO mode=ap_vld:ce=0
Port [ mux_case_7988827_out]:  wired=1; compound=0; hidden=0; nouse=0; global=0; static=0; extern=0; dir=1; type=0; pingpong=0; private_global=0; IO mode=ap_vld:ce=0
Port [ mux_case_7887823_out]:  wired=1; compound=0; hidden=0; nouse=0; global=0; static=0; extern=0; dir=1; type=0; pingpong=0; private_global=0; IO mode=ap_vld:ce=0
Port [ mux_case_7786819_out]:  wired=1; compound=0; hidden=0; nouse=0; global=0; static=0; extern=0; dir=1; type=0; pingpong=0; private_global=0; IO mode=ap_vld:ce=0
Port [ mux_case_7685815_out]:  wired=1; compound=0; hidden=0; nouse=0; global=0; static=0; extern=0; dir=1; type=0; pingpong=0; private_global=0; IO mode=ap_vld:ce=0
Port [ mux_case_7584811_out]:  wired=1; compound=0; hidden=0; nouse=0; global=0; static=0; extern=0; dir=1; type=0; pingpong=0; private_global=0; IO mode=ap_vld:ce=0
Port [ mux_case_7483807_out]:  wired=1; compound=0; hidden=0; nouse=0; global=0; static=0; extern=0; dir=1; type=0; pingpong=0; private_global=0; IO mode=ap_vld:ce=0
Port [ mux_case_7382803_out]:  wired=1; compound=0; hidden=0; nouse=0; global=0; static=0; extern=0; dir=1; type=0; pingpong=0; private_global=0; IO mode=ap_vld:ce=0
Port [ mux_case_7281799_out]:  wired=1; compound=0; hidden=0; nouse=0; global=0; static=0; extern=0; dir=1; type=0; pingpong=0; private_global=0; IO mode=ap_vld:ce=0
Port [ mux_case_7180795_out]:  wired=1; compound=0; hidden=0; nouse=0; global=0; static=0; extern=0; dir=1; type=0; pingpong=0; private_global=0; IO mode=ap_vld:ce=0
Port [ mux_case_7079791_out]:  wired=1; compound=0; hidden=0; nouse=0; global=0; static=0; extern=0; dir=1; type=0; pingpong=0; private_global=0; IO mode=ap_vld:ce=0
Port [ mux_case_6978787_out]:  wired=1; compound=0; hidden=0; nouse=0; global=0; static=0; extern=0; dir=1; type=0; pingpong=0; private_global=0; IO mode=ap_vld:ce=0
Port [ mux_case_6877783_out]:  wired=1; compound=0; hidden=0; nouse=0; global=0; static=0; extern=0; dir=1; type=0; pingpong=0; private_global=0; IO mode=ap_vld:ce=0
Port [ mux_case_6776779_out]:  wired=1; compound=0; hidden=0; nouse=0; global=0; static=0; extern=0; dir=1; type=0; pingpong=0; private_global=0; IO mode=ap_vld:ce=0
Port [ mux_case_6675775_out]:  wired=1; compound=0; hidden=0; nouse=0; global=0; static=0; extern=0; dir=1; type=0; pingpong=0; private_global=0; IO mode=ap_vld:ce=0
Port [ mux_case_6574771_out]:  wired=1; compound=0; hidden=0; nouse=0; global=0; static=0; extern=0; dir=1; type=0; pingpong=0; private_global=0; IO mode=ap_vld:ce=0
Port [ mux_case_6473767_out]:  wired=1; compound=0; hidden=0; nouse=0; global=0; static=0; extern=0; dir=1; type=0; pingpong=0; private_global=0; IO mode=ap_vld:ce=0
Port [ mux_case_6372763_out]:  wired=1; compound=0; hidden=0; nouse=0; global=0; static=0; extern=0; dir=1; type=0; pingpong=0; private_global=0; IO mode=ap_vld:ce=0
Port [ mux_case_6271759_out]:  wired=1; compound=0; hidden=0; nouse=0; global=0; static=0; extern=0; dir=1; type=0; pingpong=0; private_global=0; IO mode=ap_vld:ce=0
Port [ mux_case_6170755_out]:  wired=1; compound=0; hidden=0; nouse=0; global=0; static=0; extern=0; dir=1; type=0; pingpong=0; private_global=0; IO mode=ap_vld:ce=0
Port [ mux_case_6069751_out]:  wired=1; compound=0; hidden=0; nouse=0; global=0; static=0; extern=0; dir=1; type=0; pingpong=0; private_global=0; IO mode=ap_vld:ce=0
Port [ mux_case_5968747_out]:  wired=1; compound=0; hidden=0; nouse=0; global=0; static=0; extern=0; dir=1; type=0; pingpong=0; private_global=0; IO mode=ap_vld:ce=0
Port [ mux_case_5867743_out]:  wired=1; compound=0; hidden=0; nouse=0; global=0; static=0; extern=0; dir=1; type=0; pingpong=0; private_global=0; IO mode=ap_vld:ce=0
Port [ mux_case_5766739_out]:  wired=1; compound=0; hidden=0; nouse=0; global=0; static=0; extern=0; dir=1; type=0; pingpong=0; private_global=0; IO mode=ap_vld:ce=0
Port [ mux_case_5665735_out]:  wired=1; compound=0; hidden=0; nouse=0; global=0; static=0; extern=0; dir=1; type=0; pingpong=0; private_global=0; IO mode=ap_vld:ce=0
Port [ mux_case_5564731_out]:  wired=1; compound=0; hidden=0; nouse=0; global=0; static=0; extern=0; dir=1; type=0; pingpong=0; private_global=0; IO mode=ap_vld:ce=0
Port [ mux_case_5463727_out]:  wired=1; compound=0; hidden=0; nouse=0; global=0; static=0; extern=0; dir=1; type=0; pingpong=0; private_global=0; IO mode=ap_vld:ce=0
Port [ mux_case_5362723_out]:  wired=1; compound=0; hidden=0; nouse=0; global=0; static=0; extern=0; dir=1; type=0; pingpong=0; private_global=0; IO mode=ap_vld:ce=0
Port [ mux_case_5261719_out]:  wired=1; compound=0; hidden=0; nouse=0; global=0; static=0; extern=0; dir=1; type=0; pingpong=0; private_global=0; IO mode=ap_vld:ce=0
Port [ mux_case_5160715_out]:  wired=1; compound=0; hidden=0; nouse=0; global=0; static=0; extern=0; dir=1; type=0; pingpong=0; private_global=0; IO mode=ap_vld:ce=0
Port [ mux_case_5059711_out]:  wired=1; compound=0; hidden=0; nouse=0; global=0; static=0; extern=0; dir=1; type=0; pingpong=0; private_global=0; IO mode=ap_vld:ce=0
Port [ mux_case_4958707_out]:  wired=1; compound=0; hidden=0; nouse=0; global=0; static=0; extern=0; dir=1; type=0; pingpong=0; private_global=0; IO mode=ap_vld:ce=0
Port [ mux_case_4857703_out]:  wired=1; compound=0; hidden=0; nouse=0; global=0; static=0; extern=0; dir=1; type=0; pingpong=0; private_global=0; IO mode=ap_vld:ce=0
Port [ mux_case_4756699_out]:  wired=1; compound=0; hidden=0; nouse=0; global=0; static=0; extern=0; dir=1; type=0; pingpong=0; private_global=0; IO mode=ap_vld:ce=0
Port [ mux_case_4655695_out]:  wired=1; compound=0; hidden=0; nouse=0; global=0; static=0; extern=0; dir=1; type=0; pingpong=0; private_global=0; IO mode=ap_vld:ce=0
Port [ mux_case_4554691_out]:  wired=1; compound=0; hidden=0; nouse=0; global=0; static=0; extern=0; dir=1; type=0; pingpong=0; private_global=0; IO mode=ap_vld:ce=0
Port [ mux_case_4453687_out]:  wired=1; compound=0; hidden=0; nouse=0; global=0; static=0; extern=0; dir=1; type=0; pingpong=0; private_global=0; IO mode=ap_vld:ce=0
Port [ mux_case_4352683_out]:  wired=1; compound=0; hidden=0; nouse=0; global=0; static=0; extern=0; dir=1; type=0; pingpong=0; private_global=0; IO mode=ap_vld:ce=0
Port [ mux_case_4251679_out]:  wired=1; compound=0; hidden=0; nouse=0; global=0; static=0; extern=0; dir=1; type=0; pingpong=0; private_global=0; IO mode=ap_vld:ce=0
Port [ mux_case_4150675_out]:  wired=1; compound=0; hidden=0; nouse=0; global=0; static=0; extern=0; dir=1; type=0; pingpong=0; private_global=0; IO mode=ap_vld:ce=0
Port [ mux_case_4049671_out]:  wired=1; compound=0; hidden=0; nouse=0; global=0; static=0; extern=0; dir=1; type=0; pingpong=0; private_global=0; IO mode=ap_vld:ce=0
Port [ mux_case_3948667_out]:  wired=1; compound=0; hidden=0; nouse=0; global=0; static=0; extern=0; dir=1; type=0; pingpong=0; private_global=0; IO mode=ap_vld:ce=0
Port [ mux_case_3847663_out]:  wired=1; compound=0; hidden=0; nouse=0; global=0; static=0; extern=0; dir=1; type=0; pingpong=0; private_global=0; IO mode=ap_vld:ce=0
Port [ mux_case_3746659_out]:  wired=1; compound=0; hidden=0; nouse=0; global=0; static=0; extern=0; dir=1; type=0; pingpong=0; private_global=0; IO mode=ap_vld:ce=0
Port [ mux_case_3645655_out]:  wired=1; compound=0; hidden=0; nouse=0; global=0; static=0; extern=0; dir=1; type=0; pingpong=0; private_global=0; IO mode=ap_vld:ce=0
Port [ mux_case_3544651_out]:  wired=1; compound=0; hidden=0; nouse=0; global=0; static=0; extern=0; dir=1; type=0; pingpong=0; private_global=0; IO mode=ap_vld:ce=0
Port [ mux_case_3443647_out]:  wired=1; compound=0; hidden=0; nouse=0; global=0; static=0; extern=0; dir=1; type=0; pingpong=0; private_global=0; IO mode=ap_vld:ce=0
Port [ mux_case_3342643_out]:  wired=1; compound=0; hidden=0; nouse=0; global=0; static=0; extern=0; dir=1; type=0; pingpong=0; private_global=0; IO mode=ap_vld:ce=0
Port [ mux_case_3241639_out]:  wired=1; compound=0; hidden=0; nouse=0; global=0; static=0; extern=0; dir=1; type=0; pingpong=0; private_global=0; IO mode=ap_vld:ce=0
Port [ mux_case_3140635_out]:  wired=1; compound=0; hidden=0; nouse=0; global=0; static=0; extern=0; dir=1; type=0; pingpong=0; private_global=0; IO mode=ap_vld:ce=0
Port [ mux_case_3039631_out]:  wired=1; compound=0; hidden=0; nouse=0; global=0; static=0; extern=0; dir=1; type=0; pingpong=0; private_global=0; IO mode=ap_vld:ce=0
Port [ mux_case_2938627_out]:  wired=1; compound=0; hidden=0; nouse=0; global=0; static=0; extern=0; dir=1; type=0; pingpong=0; private_global=0; IO mode=ap_vld:ce=0
Port [ mux_case_2837623_out]:  wired=1; compound=0; hidden=0; nouse=0; global=0; static=0; extern=0; dir=1; type=0; pingpong=0; private_global=0; IO mode=ap_vld:ce=0
Port [ mux_case_2736619_out]:  wired=1; compound=0; hidden=0; nouse=0; global=0; static=0; extern=0; dir=1; type=0; pingpong=0; private_global=0; IO mode=ap_vld:ce=0
Port [ mux_case_2635615_out]:  wired=1; compound=0; hidden=0; nouse=0; global=0; static=0; extern=0; dir=1; type=0; pingpong=0; private_global=0; IO mode=ap_vld:ce=0
Port [ mux_case_2534611_out]:  wired=1; compound=0; hidden=0; nouse=0; global=0; static=0; extern=0; dir=1; type=0; pingpong=0; private_global=0; IO mode=ap_vld:ce=0
Port [ mux_case_2433607_out]:  wired=1; compound=0; hidden=0; nouse=0; global=0; static=0; extern=0; dir=1; type=0; pingpong=0; private_global=0; IO mode=ap_vld:ce=0
Port [ mux_case_2332603_out]:  wired=1; compound=0; hidden=0; nouse=0; global=0; static=0; extern=0; dir=1; type=0; pingpong=0; private_global=0; IO mode=ap_vld:ce=0
Port [ mux_case_2231599_out]:  wired=1; compound=0; hidden=0; nouse=0; global=0; static=0; extern=0; dir=1; type=0; pingpong=0; private_global=0; IO mode=ap_vld:ce=0
Port [ mux_case_2130595_out]:  wired=1; compound=0; hidden=0; nouse=0; global=0; static=0; extern=0; dir=1; type=0; pingpong=0; private_global=0; IO mode=ap_vld:ce=0
Port [ mux_case_2029591_out]:  wired=1; compound=0; hidden=0; nouse=0; global=0; static=0; extern=0; dir=1; type=0; pingpong=0; private_global=0; IO mode=ap_vld:ce=0
Port [ mux_case_1928587_out]:  wired=1; compound=0; hidden=0; nouse=0; global=0; static=0; extern=0; dir=1; type=0; pingpong=0; private_global=0; IO mode=ap_vld:ce=0
Port [ mux_case_1827583_out]:  wired=1; compound=0; hidden=0; nouse=0; global=0; static=0; extern=0; dir=1; type=0; pingpong=0; private_global=0; IO mode=ap_vld:ce=0
Port [ mux_case_1726579_out]:  wired=1; compound=0; hidden=0; nouse=0; global=0; static=0; extern=0; dir=1; type=0; pingpong=0; private_global=0; IO mode=ap_vld:ce=0
Port [ mux_case_1625575_out]:  wired=1; compound=0; hidden=0; nouse=0; global=0; static=0; extern=0; dir=1; type=0; pingpong=0; private_global=0; IO mode=ap_vld:ce=0
Port [ mux_case_1524571_out]:  wired=1; compound=0; hidden=0; nouse=0; global=0; static=0; extern=0; dir=1; type=0; pingpong=0; private_global=0; IO mode=ap_vld:ce=0
Port [ mux_case_1423567_out]:  wired=1; compound=0; hidden=0; nouse=0; global=0; static=0; extern=0; dir=1; type=0; pingpong=0; private_global=0; IO mode=ap_vld:ce=0
Port [ mux_case_1322563_out]:  wired=1; compound=0; hidden=0; nouse=0; global=0; static=0; extern=0; dir=1; type=0; pingpong=0; private_global=0; IO mode=ap_vld:ce=0
Port [ mux_case_1221559_out]:  wired=1; compound=0; hidden=0; nouse=0; global=0; static=0; extern=0; dir=1; type=0; pingpong=0; private_global=0; IO mode=ap_vld:ce=0
Port [ mux_case_1120555_out]:  wired=1; compound=0; hidden=0; nouse=0; global=0; static=0; extern=0; dir=1; type=0; pingpong=0; private_global=0; IO mode=ap_vld:ce=0
Port [ mux_case_1019551_out]:  wired=1; compound=0; hidden=0; nouse=0; global=0; static=0; extern=0; dir=1; type=0; pingpong=0; private_global=0; IO mode=ap_vld:ce=0
Port [ mux_case_918547_out]:  wired=1; compound=0; hidden=0; nouse=0; global=0; static=0; extern=0; dir=1; type=0; pingpong=0; private_global=0; IO mode=ap_vld:ce=0
Port [ mux_case_817543_out]:  wired=1; compound=0; hidden=0; nouse=0; global=0; static=0; extern=0; dir=1; type=0; pingpong=0; private_global=0; IO mode=ap_vld:ce=0
Port [ mux_case_716539_out]:  wired=1; compound=0; hidden=0; nouse=0; global=0; static=0; extern=0; dir=1; type=0; pingpong=0; private_global=0; IO mode=ap_vld:ce=0
Port [ mux_case_615535_out]:  wired=1; compound=0; hidden=0; nouse=0; global=0; static=0; extern=0; dir=1; type=0; pingpong=0; private_global=0; IO mode=ap_vld:ce=0
Port [ mux_case_514531_out]:  wired=1; compound=0; hidden=0; nouse=0; global=0; static=0; extern=0; dir=1; type=0; pingpong=0; private_global=0; IO mode=ap_vld:ce=0
Port [ mux_case_413527_out]:  wired=1; compound=0; hidden=0; nouse=0; global=0; static=0; extern=0; dir=1; type=0; pingpong=0; private_global=0; IO mode=ap_vld:ce=0
Port [ mux_case_312523_out]:  wired=1; compound=0; hidden=0; nouse=0; global=0; static=0; extern=0; dir=1; type=0; pingpong=0; private_global=0; IO mode=ap_vld:ce=0
Port [ mux_case_211519_out]:  wired=1; compound=0; hidden=0; nouse=0; global=0; static=0; extern=0; dir=1; type=0; pingpong=0; private_global=0; IO mode=ap_vld:ce=0
Port [ mux_case_110515_out]:  wired=1; compound=0; hidden=0; nouse=0; global=0; static=0; extern=0; dir=1; type=0; pingpong=0; private_global=0; IO mode=ap_vld:ce=0
Port [ mux_case_03511_out]:  wired=1; compound=0; hidden=0; nouse=0; global=0; static=0; extern=0; dir=1; type=0; pingpong=0; private_global=0; IO mode=ap_vld:ce=0
Port [ mux_case_99507_out]:  wired=1; compound=0; hidden=0; nouse=0; global=0; static=0; extern=0; dir=1; type=0; pingpong=0; private_global=0; IO mode=ap_vld:ce=0
Port [ mux_case_98503_out]:  wired=1; compound=0; hidden=0; nouse=0; global=0; static=0; extern=0; dir=1; type=0; pingpong=0; private_global=0; IO mode=ap_vld:ce=0
Port [ mux_case_97499_out]:  wired=1; compound=0; hidden=0; nouse=0; global=0; static=0; extern=0; dir=1; type=0; pingpong=0; private_global=0; IO mode=ap_vld:ce=0
Port [ mux_case_96495_out]:  wired=1; compound=0; hidden=0; nouse=0; global=0; static=0; extern=0; dir=1; type=0; pingpong=0; private_global=0; IO mode=ap_vld:ce=0
Port [ mux_case_95491_out]:  wired=1; compound=0; hidden=0; nouse=0; global=0; static=0; extern=0; dir=1; type=0; pingpong=0; private_global=0; IO mode=ap_vld:ce=0
Port [ mux_case_94487_out]:  wired=1; compound=0; hidden=0; nouse=0; global=0; static=0; extern=0; dir=1; type=0; pingpong=0; private_global=0; IO mode=ap_vld:ce=0
Port [ mux_case_93483_out]:  wired=1; compound=0; hidden=0; nouse=0; global=0; static=0; extern=0; dir=1; type=0; pingpong=0; private_global=0; IO mode=ap_vld:ce=0
Port [ mux_case_92479_out]:  wired=1; compound=0; hidden=0; nouse=0; global=0; static=0; extern=0; dir=1; type=0; pingpong=0; private_global=0; IO mode=ap_vld:ce=0
Port [ mux_case_91475_out]:  wired=1; compound=0; hidden=0; nouse=0; global=0; static=0; extern=0; dir=1; type=0; pingpong=0; private_global=0; IO mode=ap_vld:ce=0
Port [ mux_case_90471_out]:  wired=1; compound=0; hidden=0; nouse=0; global=0; static=0; extern=0; dir=1; type=0; pingpong=0; private_global=0; IO mode=ap_vld:ce=0
Port [ mux_case_89467_out]:  wired=1; compound=0; hidden=0; nouse=0; global=0; static=0; extern=0; dir=1; type=0; pingpong=0; private_global=0; IO mode=ap_vld:ce=0
Port [ mux_case_88463_out]:  wired=1; compound=0; hidden=0; nouse=0; global=0; static=0; extern=0; dir=1; type=0; pingpong=0; private_global=0; IO mode=ap_vld:ce=0
Port [ mux_case_87459_out]:  wired=1; compound=0; hidden=0; nouse=0; global=0; static=0; extern=0; dir=1; type=0; pingpong=0; private_global=0; IO mode=ap_vld:ce=0
Port [ mux_case_86455_out]:  wired=1; compound=0; hidden=0; nouse=0; global=0; static=0; extern=0; dir=1; type=0; pingpong=0; private_global=0; IO mode=ap_vld:ce=0
Port [ mux_case_85451_out]:  wired=1; compound=0; hidden=0; nouse=0; global=0; static=0; extern=0; dir=1; type=0; pingpong=0; private_global=0; IO mode=ap_vld:ce=0
Port [ mux_case_84447_out]:  wired=1; compound=0; hidden=0; nouse=0; global=0; static=0; extern=0; dir=1; type=0; pingpong=0; private_global=0; IO mode=ap_vld:ce=0
Port [ mux_case_83443_out]:  wired=1; compound=0; hidden=0; nouse=0; global=0; static=0; extern=0; dir=1; type=0; pingpong=0; private_global=0; IO mode=ap_vld:ce=0
Port [ mux_case_82439_out]:  wired=1; compound=0; hidden=0; nouse=0; global=0; static=0; extern=0; dir=1; type=0; pingpong=0; private_global=0; IO mode=ap_vld:ce=0
Port [ mux_case_81435_out]:  wired=1; compound=0; hidden=0; nouse=0; global=0; static=0; extern=0; dir=1; type=0; pingpong=0; private_global=0; IO mode=ap_vld:ce=0
Port [ mux_case_80431_out]:  wired=1; compound=0; hidden=0; nouse=0; global=0; static=0; extern=0; dir=1; type=0; pingpong=0; private_global=0; IO mode=ap_vld:ce=0
Port [ mux_case_79427_out]:  wired=1; compound=0; hidden=0; nouse=0; global=0; static=0; extern=0; dir=1; type=0; pingpong=0; private_global=0; IO mode=ap_vld:ce=0
Port [ mux_case_78423_out]:  wired=1; compound=0; hidden=0; nouse=0; global=0; static=0; extern=0; dir=1; type=0; pingpong=0; private_global=0; IO mode=ap_vld:ce=0
Port [ mux_case_77419_out]:  wired=1; compound=0; hidden=0; nouse=0; global=0; static=0; extern=0; dir=1; type=0; pingpong=0; private_global=0; IO mode=ap_vld:ce=0
Port [ mux_case_76415_out]:  wired=1; compound=0; hidden=0; nouse=0; global=0; static=0; extern=0; dir=1; type=0; pingpong=0; private_global=0; IO mode=ap_vld:ce=0
Port [ mux_case_75411_out]:  wired=1; compound=0; hidden=0; nouse=0; global=0; static=0; extern=0; dir=1; type=0; pingpong=0; private_global=0; IO mode=ap_vld:ce=0
Port [ mux_case_74407_out]:  wired=1; compound=0; hidden=0; nouse=0; global=0; static=0; extern=0; dir=1; type=0; pingpong=0; private_global=0; IO mode=ap_vld:ce=0
Port [ mux_case_73403_out]:  wired=1; compound=0; hidden=0; nouse=0; global=0; static=0; extern=0; dir=1; type=0; pingpong=0; private_global=0; IO mode=ap_vld:ce=0
Port [ mux_case_72399_out]:  wired=1; compound=0; hidden=0; nouse=0; global=0; static=0; extern=0; dir=1; type=0; pingpong=0; private_global=0; IO mode=ap_vld:ce=0
Port [ mux_case_71395_out]:  wired=1; compound=0; hidden=0; nouse=0; global=0; static=0; extern=0; dir=1; type=0; pingpong=0; private_global=0; IO mode=ap_vld:ce=0
Port [ mux_case_70391_out]:  wired=1; compound=0; hidden=0; nouse=0; global=0; static=0; extern=0; dir=1; type=0; pingpong=0; private_global=0; IO mode=ap_vld:ce=0
Port [ mux_case_69387_out]:  wired=1; compound=0; hidden=0; nouse=0; global=0; static=0; extern=0; dir=1; type=0; pingpong=0; private_global=0; IO mode=ap_vld:ce=0
Port [ mux_case_68383_out]:  wired=1; compound=0; hidden=0; nouse=0; global=0; static=0; extern=0; dir=1; type=0; pingpong=0; private_global=0; IO mode=ap_vld:ce=0
Port [ mux_case_67379_out]:  wired=1; compound=0; hidden=0; nouse=0; global=0; static=0; extern=0; dir=1; type=0; pingpong=0; private_global=0; IO mode=ap_vld:ce=0
Port [ mux_case_66375_out]:  wired=1; compound=0; hidden=0; nouse=0; global=0; static=0; extern=0; dir=1; type=0; pingpong=0; private_global=0; IO mode=ap_vld:ce=0
Port [ mux_case_65371_out]:  wired=1; compound=0; hidden=0; nouse=0; global=0; static=0; extern=0; dir=1; type=0; pingpong=0; private_global=0; IO mode=ap_vld:ce=0
Port [ mux_case_64367_out]:  wired=1; compound=0; hidden=0; nouse=0; global=0; static=0; extern=0; dir=1; type=0; pingpong=0; private_global=0; IO mode=ap_vld:ce=0
Port [ mux_case_63363_out]:  wired=1; compound=0; hidden=0; nouse=0; global=0; static=0; extern=0; dir=1; type=0; pingpong=0; private_global=0; IO mode=ap_vld:ce=0
Port [ mux_case_62359_out]:  wired=1; compound=0; hidden=0; nouse=0; global=0; static=0; extern=0; dir=1; type=0; pingpong=0; private_global=0; IO mode=ap_vld:ce=0
Port [ mux_case_61355_out]:  wired=1; compound=0; hidden=0; nouse=0; global=0; static=0; extern=0; dir=1; type=0; pingpong=0; private_global=0; IO mode=ap_vld:ce=0
Port [ mux_case_60351_out]:  wired=1; compound=0; hidden=0; nouse=0; global=0; static=0; extern=0; dir=1; type=0; pingpong=0; private_global=0; IO mode=ap_vld:ce=0
Port [ mux_case_59347_out]:  wired=1; compound=0; hidden=0; nouse=0; global=0; static=0; extern=0; dir=1; type=0; pingpong=0; private_global=0; IO mode=ap_vld:ce=0
Port [ mux_case_58343_out]:  wired=1; compound=0; hidden=0; nouse=0; global=0; static=0; extern=0; dir=1; type=0; pingpong=0; private_global=0; IO mode=ap_vld:ce=0
Port [ mux_case_57339_out]:  wired=1; compound=0; hidden=0; nouse=0; global=0; static=0; extern=0; dir=1; type=0; pingpong=0; private_global=0; IO mode=ap_vld:ce=0
Port [ mux_case_56335_out]:  wired=1; compound=0; hidden=0; nouse=0; global=0; static=0; extern=0; dir=1; type=0; pingpong=0; private_global=0; IO mode=ap_vld:ce=0
Port [ mux_case_55331_out]:  wired=1; compound=0; hidden=0; nouse=0; global=0; static=0; extern=0; dir=1; type=0; pingpong=0; private_global=0; IO mode=ap_vld:ce=0
Port [ mux_case_54327_out]:  wired=1; compound=0; hidden=0; nouse=0; global=0; static=0; extern=0; dir=1; type=0; pingpong=0; private_global=0; IO mode=ap_vld:ce=0
Port [ mux_case_53323_out]:  wired=1; compound=0; hidden=0; nouse=0; global=0; static=0; extern=0; dir=1; type=0; pingpong=0; private_global=0; IO mode=ap_vld:ce=0
Port [ mux_case_52319_out]:  wired=1; compound=0; hidden=0; nouse=0; global=0; static=0; extern=0; dir=1; type=0; pingpong=0; private_global=0; IO mode=ap_vld:ce=0
Port [ mux_case_51315_out]:  wired=1; compound=0; hidden=0; nouse=0; global=0; static=0; extern=0; dir=1; type=0; pingpong=0; private_global=0; IO mode=ap_vld:ce=0
Port [ mux_case_50311_out]:  wired=1; compound=0; hidden=0; nouse=0; global=0; static=0; extern=0; dir=1; type=0; pingpong=0; private_global=0; IO mode=ap_vld:ce=0
Port [ mux_case_49307_out]:  wired=1; compound=0; hidden=0; nouse=0; global=0; static=0; extern=0; dir=1; type=0; pingpong=0; private_global=0; IO mode=ap_vld:ce=0
Port [ mux_case_48303_out]:  wired=1; compound=0; hidden=0; nouse=0; global=0; static=0; extern=0; dir=1; type=0; pingpong=0; private_global=0; IO mode=ap_vld:ce=0
Port [ mux_case_47299_out]:  wired=1; compound=0; hidden=0; nouse=0; global=0; static=0; extern=0; dir=1; type=0; pingpong=0; private_global=0; IO mode=ap_vld:ce=0
Port [ mux_case_46295_out]:  wired=1; compound=0; hidden=0; nouse=0; global=0; static=0; extern=0; dir=1; type=0; pingpong=0; private_global=0; IO mode=ap_vld:ce=0
Port [ mux_case_45291_out]:  wired=1; compound=0; hidden=0; nouse=0; global=0; static=0; extern=0; dir=1; type=0; pingpong=0; private_global=0; IO mode=ap_vld:ce=0
Port [ mux_case_44287_out]:  wired=1; compound=0; hidden=0; nouse=0; global=0; static=0; extern=0; dir=1; type=0; pingpong=0; private_global=0; IO mode=ap_vld:ce=0
Port [ mux_case_43283_out]:  wired=1; compound=0; hidden=0; nouse=0; global=0; static=0; extern=0; dir=1; type=0; pingpong=0; private_global=0; IO mode=ap_vld:ce=0
Port [ mux_case_42279_out]:  wired=1; compound=0; hidden=0; nouse=0; global=0; static=0; extern=0; dir=1; type=0; pingpong=0; private_global=0; IO mode=ap_vld:ce=0
Port [ mux_case_41275_out]:  wired=1; compound=0; hidden=0; nouse=0; global=0; static=0; extern=0; dir=1; type=0; pingpong=0; private_global=0; IO mode=ap_vld:ce=0
Port [ mux_case_40271_out]:  wired=1; compound=0; hidden=0; nouse=0; global=0; static=0; extern=0; dir=1; type=0; pingpong=0; private_global=0; IO mode=ap_vld:ce=0
Port [ mux_case_39267_out]:  wired=1; compound=0; hidden=0; nouse=0; global=0; static=0; extern=0; dir=1; type=0; pingpong=0; private_global=0; IO mode=ap_vld:ce=0
Port [ mux_case_38263_out]:  wired=1; compound=0; hidden=0; nouse=0; global=0; static=0; extern=0; dir=1; type=0; pingpong=0; private_global=0; IO mode=ap_vld:ce=0
Port [ mux_case_37259_out]:  wired=1; compound=0; hidden=0; nouse=0; global=0; static=0; extern=0; dir=1; type=0; pingpong=0; private_global=0; IO mode=ap_vld:ce=0
Port [ mux_case_36255_out]:  wired=1; compound=0; hidden=0; nouse=0; global=0; static=0; extern=0; dir=1; type=0; pingpong=0; private_global=0; IO mode=ap_vld:ce=0
Port [ mux_case_35251_out]:  wired=1; compound=0; hidden=0; nouse=0; global=0; static=0; extern=0; dir=1; type=0; pingpong=0; private_global=0; IO mode=ap_vld:ce=0
Port [ mux_case_34247_out]:  wired=1; compound=0; hidden=0; nouse=0; global=0; static=0; extern=0; dir=1; type=0; pingpong=0; private_global=0; IO mode=ap_vld:ce=0
Port [ mux_case_33243_out]:  wired=1; compound=0; hidden=0; nouse=0; global=0; static=0; extern=0; dir=1; type=0; pingpong=0; private_global=0; IO mode=ap_vld:ce=0
Port [ mux_case_32239_out]:  wired=1; compound=0; hidden=0; nouse=0; global=0; static=0; extern=0; dir=1; type=0; pingpong=0; private_global=0; IO mode=ap_vld:ce=0
Port [ mux_case_31235_out]:  wired=1; compound=0; hidden=0; nouse=0; global=0; static=0; extern=0; dir=1; type=0; pingpong=0; private_global=0; IO mode=ap_vld:ce=0
Port [ mux_case_30231_out]:  wired=1; compound=0; hidden=0; nouse=0; global=0; static=0; extern=0; dir=1; type=0; pingpong=0; private_global=0; IO mode=ap_vld:ce=0
Port [ mux_case_29227_out]:  wired=1; compound=0; hidden=0; nouse=0; global=0; static=0; extern=0; dir=1; type=0; pingpong=0; private_global=0; IO mode=ap_vld:ce=0
Port [ mux_case_28223_out]:  wired=1; compound=0; hidden=0; nouse=0; global=0; static=0; extern=0; dir=1; type=0; pingpong=0; private_global=0; IO mode=ap_vld:ce=0
Port [ mux_case_27219_out]:  wired=1; compound=0; hidden=0; nouse=0; global=0; static=0; extern=0; dir=1; type=0; pingpong=0; private_global=0; IO mode=ap_vld:ce=0
Port [ mux_case_26215_out]:  wired=1; compound=0; hidden=0; nouse=0; global=0; static=0; extern=0; dir=1; type=0; pingpong=0; private_global=0; IO mode=ap_vld:ce=0
Port [ mux_case_25211_out]:  wired=1; compound=0; hidden=0; nouse=0; global=0; static=0; extern=0; dir=1; type=0; pingpong=0; private_global=0; IO mode=ap_vld:ce=0
Port [ mux_case_24207_out]:  wired=1; compound=0; hidden=0; nouse=0; global=0; static=0; extern=0; dir=1; type=0; pingpong=0; private_global=0; IO mode=ap_vld:ce=0
Port [ mux_case_23203_out]:  wired=1; compound=0; hidden=0; nouse=0; global=0; static=0; extern=0; dir=1; type=0; pingpong=0; private_global=0; IO mode=ap_vld:ce=0
Port [ mux_case_22199_out]:  wired=1; compound=0; hidden=0; nouse=0; global=0; static=0; extern=0; dir=1; type=0; pingpong=0; private_global=0; IO mode=ap_vld:ce=0
Port [ mux_case_21195_out]:  wired=1; compound=0; hidden=0; nouse=0; global=0; static=0; extern=0; dir=1; type=0; pingpong=0; private_global=0; IO mode=ap_vld:ce=0
Port [ mux_case_20191_out]:  wired=1; compound=0; hidden=0; nouse=0; global=0; static=0; extern=0; dir=1; type=0; pingpong=0; private_global=0; IO mode=ap_vld:ce=0
Port [ mux_case_19187_out]:  wired=1; compound=0; hidden=0; nouse=0; global=0; static=0; extern=0; dir=1; type=0; pingpong=0; private_global=0; IO mode=ap_vld:ce=0
Port [ mux_case_18183_out]:  wired=1; compound=0; hidden=0; nouse=0; global=0; static=0; extern=0; dir=1; type=0; pingpong=0; private_global=0; IO mode=ap_vld:ce=0
Port [ mux_case_17179_out]:  wired=1; compound=0; hidden=0; nouse=0; global=0; static=0; extern=0; dir=1; type=0; pingpong=0; private_global=0; IO mode=ap_vld:ce=0
Port [ mux_case_16175_out]:  wired=1; compound=0; hidden=0; nouse=0; global=0; static=0; extern=0; dir=1; type=0; pingpong=0; private_global=0; IO mode=ap_vld:ce=0
Port [ mux_case_15171_out]:  wired=1; compound=0; hidden=0; nouse=0; global=0; static=0; extern=0; dir=1; type=0; pingpong=0; private_global=0; IO mode=ap_vld:ce=0
Port [ mux_case_14167_out]:  wired=1; compound=0; hidden=0; nouse=0; global=0; static=0; extern=0; dir=1; type=0; pingpong=0; private_global=0; IO mode=ap_vld:ce=0
Port [ mux_case_13163_out]:  wired=1; compound=0; hidden=0; nouse=0; global=0; static=0; extern=0; dir=1; type=0; pingpong=0; private_global=0; IO mode=ap_vld:ce=0
Port [ mux_case_12159_out]:  wired=1; compound=0; hidden=0; nouse=0; global=0; static=0; extern=0; dir=1; type=0; pingpong=0; private_global=0; IO mode=ap_vld:ce=0
Port [ mux_case_11155_out]:  wired=1; compound=0; hidden=0; nouse=0; global=0; static=0; extern=0; dir=1; type=0; pingpong=0; private_global=0; IO mode=ap_vld:ce=0
Port [ mux_case_10151_out]:  wired=1; compound=0; hidden=0; nouse=0; global=0; static=0; extern=0; dir=1; type=0; pingpong=0; private_global=0; IO mode=ap_vld:ce=0
Port [ mux_case_9147_out]:  wired=1; compound=0; hidden=0; nouse=0; global=0; static=0; extern=0; dir=1; type=0; pingpong=0; private_global=0; IO mode=ap_vld:ce=0
Port [ mux_case_8143_out]:  wired=1; compound=0; hidden=0; nouse=0; global=0; static=0; extern=0; dir=1; type=0; pingpong=0; private_global=0; IO mode=ap_vld:ce=0
Port [ mux_case_7139_out]:  wired=1; compound=0; hidden=0; nouse=0; global=0; static=0; extern=0; dir=1; type=0; pingpong=0; private_global=0; IO mode=ap_vld:ce=0
Port [ mux_case_6135_out]:  wired=1; compound=0; hidden=0; nouse=0; global=0; static=0; extern=0; dir=1; type=0; pingpong=0; private_global=0; IO mode=ap_vld:ce=0
Port [ mux_case_5131_out]:  wired=1; compound=0; hidden=0; nouse=0; global=0; static=0; extern=0; dir=1; type=0; pingpong=0; private_global=0; IO mode=ap_vld:ce=0
Port [ mux_case_4127_out]:  wired=1; compound=0; hidden=0; nouse=0; global=0; static=0; extern=0; dir=1; type=0; pingpong=0; private_global=0; IO mode=ap_vld:ce=0
Port [ mux_case_3123_out]:  wired=1; compound=0; hidden=0; nouse=0; global=0; static=0; extern=0; dir=1; type=0; pingpong=0; private_global=0; IO mode=ap_vld:ce=0
Port [ mux_case_2119_out]:  wired=1; compound=0; hidden=0; nouse=0; global=0; static=0; extern=0; dir=1; type=0; pingpong=0; private_global=0; IO mode=ap_vld:ce=0
Port [ mux_case_1115_out]:  wired=1; compound=0; hidden=0; nouse=0; global=0; static=0; extern=0; dir=1; type=0; pingpong=0; private_global=0; IO mode=ap_vld:ce=0
Port [ mux_case_0111_out]:  wired=1; compound=0; hidden=0; nouse=0; global=0; static=0; extern=0; dir=1; type=0; pingpong=0; private_global=0; IO mode=ap_vld:ce=0
---------------- STG Properties END ------------------

---------------- Datapath Model BEGIN ----------------

<LifeTime>
<method=bitvector/>
i                      (alloca       ) [ 010]
mux_case_0111          (alloca       ) [ 011]
mux_case_1115          (alloca       ) [ 011]
mux_case_2119          (alloca       ) [ 011]
mux_case_3123          (alloca       ) [ 011]
mux_case_4127          (alloca       ) [ 011]
mux_case_5131          (alloca       ) [ 011]
mux_case_6135          (alloca       ) [ 011]
mux_case_7139          (alloca       ) [ 011]
mux_case_8143          (alloca       ) [ 011]
mux_case_9147          (alloca       ) [ 011]
mux_case_10151         (alloca       ) [ 011]
mux_case_11155         (alloca       ) [ 011]
mux_case_12159         (alloca       ) [ 011]
mux_case_13163         (alloca       ) [ 011]
mux_case_14167         (alloca       ) [ 011]
mux_case_15171         (alloca       ) [ 011]
mux_case_16175         (alloca       ) [ 011]
mux_case_17179         (alloca       ) [ 011]
mux_case_18183         (alloca       ) [ 011]
mux_case_19187         (alloca       ) [ 011]
mux_case_20191         (alloca       ) [ 011]
mux_case_21195         (alloca       ) [ 011]
mux_case_22199         (alloca       ) [ 011]
mux_case_23203         (alloca       ) [ 011]
mux_case_24207         (alloca       ) [ 011]
mux_case_25211         (alloca       ) [ 011]
mux_case_26215         (alloca       ) [ 011]
mux_case_27219         (alloca       ) [ 011]
mux_case_28223         (alloca       ) [ 011]
mux_case_29227         (alloca       ) [ 011]
mux_case_30231         (alloca       ) [ 011]
mux_case_31235         (alloca       ) [ 011]
mux_case_32239         (alloca       ) [ 011]
mux_case_33243         (alloca       ) [ 011]
mux_case_34247         (alloca       ) [ 011]
mux_case_35251         (alloca       ) [ 011]
mux_case_36255         (alloca       ) [ 011]
mux_case_37259         (alloca       ) [ 011]
mux_case_38263         (alloca       ) [ 011]
mux_case_39267         (alloca       ) [ 011]
mux_case_40271         (alloca       ) [ 011]
mux_case_41275         (alloca       ) [ 011]
mux_case_42279         (alloca       ) [ 011]
mux_case_43283         (alloca       ) [ 011]
mux_case_44287         (alloca       ) [ 011]
mux_case_45291         (alloca       ) [ 011]
mux_case_46295         (alloca       ) [ 011]
mux_case_47299         (alloca       ) [ 011]
mux_case_48303         (alloca       ) [ 011]
mux_case_49307         (alloca       ) [ 011]
mux_case_50311         (alloca       ) [ 011]
mux_case_51315         (alloca       ) [ 011]
mux_case_52319         (alloca       ) [ 011]
mux_case_53323         (alloca       ) [ 011]
mux_case_54327         (alloca       ) [ 011]
mux_case_55331         (alloca       ) [ 011]
mux_case_56335         (alloca       ) [ 011]
mux_case_57339         (alloca       ) [ 011]
mux_case_58343         (alloca       ) [ 011]
mux_case_59347         (alloca       ) [ 011]
mux_case_60351         (alloca       ) [ 011]
mux_case_61355         (alloca       ) [ 011]
mux_case_62359         (alloca       ) [ 011]
mux_case_63363         (alloca       ) [ 011]
mux_case_64367         (alloca       ) [ 011]
mux_case_65371         (alloca       ) [ 011]
mux_case_66375         (alloca       ) [ 011]
mux_case_67379         (alloca       ) [ 011]
mux_case_68383         (alloca       ) [ 011]
mux_case_69387         (alloca       ) [ 011]
mux_case_70391         (alloca       ) [ 011]
mux_case_71395         (alloca       ) [ 011]
mux_case_72399         (alloca       ) [ 011]
mux_case_73403         (alloca       ) [ 011]
mux_case_74407         (alloca       ) [ 011]
mux_case_75411         (alloca       ) [ 011]
mux_case_76415         (alloca       ) [ 011]
mux_case_77419         (alloca       ) [ 011]
mux_case_78423         (alloca       ) [ 011]
mux_case_79427         (alloca       ) [ 011]
mux_case_80431         (alloca       ) [ 011]
mux_case_81435         (alloca       ) [ 011]
mux_case_82439         (alloca       ) [ 011]
mux_case_83443         (alloca       ) [ 011]
mux_case_84447         (alloca       ) [ 011]
mux_case_85451         (alloca       ) [ 011]
mux_case_86455         (alloca       ) [ 011]
mux_case_87459         (alloca       ) [ 011]
mux_case_88463         (alloca       ) [ 011]
mux_case_89467         (alloca       ) [ 011]
mux_case_90471         (alloca       ) [ 011]
mux_case_91475         (alloca       ) [ 011]
mux_case_92479         (alloca       ) [ 011]
mux_case_93483         (alloca       ) [ 011]
mux_case_94487         (alloca       ) [ 011]
mux_case_95491         (alloca       ) [ 011]
mux_case_96495         (alloca       ) [ 011]
mux_case_97499         (alloca       ) [ 011]
mux_case_98503         (alloca       ) [ 011]
mux_case_99507         (alloca       ) [ 011]
mux_case_03511         (alloca       ) [ 011]
mux_case_110515        (alloca       ) [ 011]
mux_case_211519        (alloca       ) [ 011]
mux_case_312523        (alloca       ) [ 011]
mux_case_413527        (alloca       ) [ 011]
mux_case_514531        (alloca       ) [ 011]
mux_case_615535        (alloca       ) [ 011]
mux_case_716539        (alloca       ) [ 011]
mux_case_817543        (alloca       ) [ 011]
mux_case_918547        (alloca       ) [ 011]
mux_case_1019551       (alloca       ) [ 011]
mux_case_1120555       (alloca       ) [ 011]
mux_case_1221559       (alloca       ) [ 011]
mux_case_1322563       (alloca       ) [ 011]
mux_case_1423567       (alloca       ) [ 011]
mux_case_1524571       (alloca       ) [ 011]
mux_case_1625575       (alloca       ) [ 011]
mux_case_1726579       (alloca       ) [ 011]
mux_case_1827583       (alloca       ) [ 011]
mux_case_1928587       (alloca       ) [ 011]
mux_case_2029591       (alloca       ) [ 011]
mux_case_2130595       (alloca       ) [ 011]
mux_case_2231599       (alloca       ) [ 011]
mux_case_2332603       (alloca       ) [ 011]
mux_case_2433607       (alloca       ) [ 011]
mux_case_2534611       (alloca       ) [ 011]
mux_case_2635615       (alloca       ) [ 011]
mux_case_2736619       (alloca       ) [ 011]
mux_case_2837623       (alloca       ) [ 011]
mux_case_2938627       (alloca       ) [ 011]
mux_case_3039631       (alloca       ) [ 011]
mux_case_3140635       (alloca       ) [ 011]
mux_case_3241639       (alloca       ) [ 011]
mux_case_3342643       (alloca       ) [ 011]
mux_case_3443647       (alloca       ) [ 011]
mux_case_3544651       (alloca       ) [ 011]
mux_case_3645655       (alloca       ) [ 011]
mux_case_3746659       (alloca       ) [ 011]
mux_case_3847663       (alloca       ) [ 011]
mux_case_3948667       (alloca       ) [ 011]
mux_case_4049671       (alloca       ) [ 011]
mux_case_4150675       (alloca       ) [ 011]
mux_case_4251679       (alloca       ) [ 011]
mux_case_4352683       (alloca       ) [ 011]
mux_case_4453687       (alloca       ) [ 011]
mux_case_4554691       (alloca       ) [ 011]
mux_case_4655695       (alloca       ) [ 011]
mux_case_4756699       (alloca       ) [ 011]
mux_case_4857703       (alloca       ) [ 011]
mux_case_4958707       (alloca       ) [ 011]
mux_case_5059711       (alloca       ) [ 011]
mux_case_5160715       (alloca       ) [ 011]
mux_case_5261719       (alloca       ) [ 011]
mux_case_5362723       (alloca       ) [ 011]
mux_case_5463727       (alloca       ) [ 011]
mux_case_5564731       (alloca       ) [ 011]
mux_case_5665735       (alloca       ) [ 011]
mux_case_5766739       (alloca       ) [ 011]
mux_case_5867743       (alloca       ) [ 011]
mux_case_5968747       (alloca       ) [ 011]
mux_case_6069751       (alloca       ) [ 011]
mux_case_6170755       (alloca       ) [ 011]
mux_case_6271759       (alloca       ) [ 011]
mux_case_6372763       (alloca       ) [ 011]
mux_case_6473767       (alloca       ) [ 011]
mux_case_6574771       (alloca       ) [ 011]
mux_case_6675775       (alloca       ) [ 011]
mux_case_6776779       (alloca       ) [ 011]
mux_case_6877783       (alloca       ) [ 011]
mux_case_6978787       (alloca       ) [ 011]
mux_case_7079791       (alloca       ) [ 011]
mux_case_7180795       (alloca       ) [ 011]
mux_case_7281799       (alloca       ) [ 011]
mux_case_7382803       (alloca       ) [ 011]
mux_case_7483807       (alloca       ) [ 011]
mux_case_7584811       (alloca       ) [ 011]
mux_case_7685815       (alloca       ) [ 011]
mux_case_7786819       (alloca       ) [ 011]
mux_case_7887823       (alloca       ) [ 011]
mux_case_7988827       (alloca       ) [ 011]
mux_case_8089831       (alloca       ) [ 011]
mux_case_8190835       (alloca       ) [ 011]
mux_case_8291839       (alloca       ) [ 011]
mux_case_8392843       (alloca       ) [ 011]
mux_case_8493847       (alloca       ) [ 011]
mux_case_8594851       (alloca       ) [ 011]
mux_case_8695855       (alloca       ) [ 011]
mux_case_8796859       (alloca       ) [ 011]
mux_case_8897863       (alloca       ) [ 011]
mux_case_8998867       (alloca       ) [ 011]
mux_case_9099871       (alloca       ) [ 011]
mux_case_91100875      (alloca       ) [ 011]
mux_case_92101879      (alloca       ) [ 011]
mux_case_93102883      (alloca       ) [ 011]
mux_case_94103887      (alloca       ) [ 011]
mux_case_95104891      (alloca       ) [ 011]
mux_case_96105895      (alloca       ) [ 011]
mux_case_97106899      (alloca       ) [ 011]
mux_case_98107903      (alloca       ) [ 011]
mux_case_99108907      (alloca       ) [ 011]
specinterface_ln0      (specinterface) [ 000]
atomLocationsSize_read (read         ) [ 000]
store_ln13             (store        ) [ 000]
br_ln0                 (br           ) [ 000]
i_2                    (load         ) [ 011]
zext_ln13_1            (zext         ) [ 000]
icmp_ln13              (icmp         ) [ 010]
add_ln13               (add          ) [ 000]
br_ln13                (br           ) [ 000]
zext_ln13              (zext         ) [ 000]
atomLocations_addr     (getelementptr) [ 011]
switch_ln15            (switch       ) [ 000]
store_ln13             (store        ) [ 000]
br_ln13                (br           ) [ 000]
specpipeline_ln14      (specpipeline ) [ 000]
specloopname_ln13      (specloopname ) [ 000]
atomLocations_load     (load         ) [ 000]
trunc_ln15             (trunc        ) [ 000]
local_atomLocations_x  (bitcast      ) [ 000]
trunc_ln15_1           (partselect   ) [ 000]
local_atomLocations_y  (bitcast      ) [ 000]
store_ln15             (store        ) [ 000]
store_ln15             (store        ) [ 000]
br_ln15                (br           ) [ 000]
store_ln15             (store        ) [ 000]
store_ln15             (store        ) [ 000]
br_ln15                (br           ) [ 000]
store_ln15             (store        ) [ 000]
store_ln15             (store        ) [ 000]
br_ln15                (br           ) [ 000]
store_ln15             (store        ) [ 000]
store_ln15             (store        ) [ 000]
br_ln15                (br           ) [ 000]
store_ln15             (store        ) [ 000]
store_ln15             (store        ) [ 000]
br_ln15                (br           ) [ 000]
store_ln15             (store        ) [ 000]
store_ln15             (store        ) [ 000]
br_ln15                (br           ) [ 000]
store_ln15             (store        ) [ 000]
store_ln15             (store        ) [ 000]
br_ln15                (br           ) [ 000]
store_ln15             (store        ) [ 000]
store_ln15             (store        ) [ 000]
br_ln15                (br           ) [ 000]
store_ln15             (store        ) [ 000]
store_ln15             (store        ) [ 000]
br_ln15                (br           ) [ 000]
store_ln15             (store        ) [ 000]
store_ln15             (store        ) [ 000]
br_ln15                (br           ) [ 000]
store_ln15             (store        ) [ 000]
store_ln15             (store        ) [ 000]
br_ln15                (br           ) [ 000]
store_ln15             (store        ) [ 000]
store_ln15             (store        ) [ 000]
br_ln15                (br           ) [ 000]
store_ln15             (store        ) [ 000]
store_ln15             (store        ) [ 000]
br_ln15                (br           ) [ 000]
store_ln15             (store        ) [ 000]
store_ln15             (store        ) [ 000]
br_ln15                (br           ) [ 000]
store_ln15             (store        ) [ 000]
store_ln15             (store        ) [ 000]
br_ln15                (br           ) [ 000]
store_ln15             (store        ) [ 000]
store_ln15             (store        ) [ 000]
br_ln15                (br           ) [ 000]
store_ln15             (store        ) [ 000]
store_ln15             (store        ) [ 000]
br_ln15                (br           ) [ 000]
store_ln15             (store        ) [ 000]
store_ln15             (store        ) [ 000]
br_ln15                (br           ) [ 000]
store_ln15             (store        ) [ 000]
store_ln15             (store        ) [ 000]
br_ln15                (br           ) [ 000]
store_ln15             (store        ) [ 000]
store_ln15             (store        ) [ 000]
br_ln15                (br           ) [ 000]
store_ln15             (store        ) [ 000]
store_ln15             (store        ) [ 000]
br_ln15                (br           ) [ 000]
store_ln15             (store        ) [ 000]
store_ln15             (store        ) [ 000]
br_ln15                (br           ) [ 000]
store_ln15             (store        ) [ 000]
store_ln15             (store        ) [ 000]
br_ln15                (br           ) [ 000]
store_ln15             (store        ) [ 000]
store_ln15             (store        ) [ 000]
br_ln15                (br           ) [ 000]
store_ln15             (store        ) [ 000]
store_ln15             (store        ) [ 000]
br_ln15                (br           ) [ 000]
store_ln15             (store        ) [ 000]
store_ln15             (store        ) [ 000]
br_ln15                (br           ) [ 000]
store_ln15             (store        ) [ 000]
store_ln15             (store        ) [ 000]
br_ln15                (br           ) [ 000]
store_ln15             (store        ) [ 000]
store_ln15             (store        ) [ 000]
br_ln15                (br           ) [ 000]
store_ln15             (store        ) [ 000]
store_ln15             (store        ) [ 000]
br_ln15                (br           ) [ 000]
store_ln15             (store        ) [ 000]
store_ln15             (store        ) [ 000]
br_ln15                (br           ) [ 000]
store_ln15             (store        ) [ 000]
store_ln15             (store        ) [ 000]
br_ln15                (br           ) [ 000]
store_ln15             (store        ) [ 000]
store_ln15             (store        ) [ 000]
br_ln15                (br           ) [ 000]
store_ln15             (store        ) [ 000]
store_ln15             (store        ) [ 000]
br_ln15                (br           ) [ 000]
store_ln15             (store        ) [ 000]
store_ln15             (store        ) [ 000]
br_ln15                (br           ) [ 000]
store_ln15             (store        ) [ 000]
store_ln15             (store        ) [ 000]
br_ln15                (br           ) [ 000]
store_ln15             (store        ) [ 000]
store_ln15             (store        ) [ 000]
br_ln15                (br           ) [ 000]
store_ln15             (store        ) [ 000]
store_ln15             (store        ) [ 000]
br_ln15                (br           ) [ 000]
store_ln15             (store        ) [ 000]
store_ln15             (store        ) [ 000]
br_ln15                (br           ) [ 000]
store_ln15             (store        ) [ 000]
store_ln15             (store        ) [ 000]
br_ln15                (br           ) [ 000]
store_ln15             (store        ) [ 000]
store_ln15             (store        ) [ 000]
br_ln15                (br           ) [ 000]
store_ln15             (store        ) [ 000]
store_ln15             (store        ) [ 000]
br_ln15                (br           ) [ 000]
store_ln15             (store        ) [ 000]
store_ln15             (store        ) [ 000]
br_ln15                (br           ) [ 000]
store_ln15             (store        ) [ 000]
store_ln15             (store        ) [ 000]
br_ln15                (br           ) [ 000]
store_ln15             (store        ) [ 000]
store_ln15             (store        ) [ 000]
br_ln15                (br           ) [ 000]
store_ln15             (store        ) [ 000]
store_ln15             (store        ) [ 000]
br_ln15                (br           ) [ 000]
store_ln15             (store        ) [ 000]
store_ln15             (store        ) [ 000]
br_ln15                (br           ) [ 000]
store_ln15             (store        ) [ 000]
store_ln15             (store        ) [ 000]
br_ln15                (br           ) [ 000]
store_ln15             (store        ) [ 000]
store_ln15             (store        ) [ 000]
br_ln15                (br           ) [ 000]
store_ln15             (store        ) [ 000]
store_ln15             (store        ) [ 000]
br_ln15                (br           ) [ 000]
store_ln15             (store        ) [ 000]
store_ln15             (store        ) [ 000]
br_ln15                (br           ) [ 000]
store_ln15             (store        ) [ 000]
store_ln15             (store        ) [ 000]
br_ln15                (br           ) [ 000]
store_ln15             (store        ) [ 000]
store_ln15             (store        ) [ 000]
br_ln15                (br           ) [ 000]
store_ln15             (store        ) [ 000]
store_ln15             (store        ) [ 000]
br_ln15                (br           ) [ 000]
store_ln15             (store        ) [ 000]
store_ln15             (store        ) [ 000]
br_ln15                (br           ) [ 000]
store_ln15             (store        ) [ 000]
store_ln15             (store        ) [ 000]
br_ln15                (br           ) [ 000]
store_ln15             (store        ) [ 000]
store_ln15             (store        ) [ 000]
br_ln15                (br           ) [ 000]
store_ln15             (store        ) [ 000]
store_ln15             (store        ) [ 000]
br_ln15                (br           ) [ 000]
store_ln15             (store        ) [ 000]
store_ln15             (store        ) [ 000]
br_ln15                (br           ) [ 000]
store_ln15             (store        ) [ 000]
store_ln15             (store        ) [ 000]
br_ln15                (br           ) [ 000]
store_ln15             (store        ) [ 000]
store_ln15             (store        ) [ 000]
br_ln15                (br           ) [ 000]
store_ln15             (store        ) [ 000]
store_ln15             (store        ) [ 000]
br_ln15                (br           ) [ 000]
store_ln15             (store        ) [ 000]
store_ln15             (store        ) [ 000]
br_ln15                (br           ) [ 000]
store_ln15             (store        ) [ 000]
store_ln15             (store        ) [ 000]
br_ln15                (br           ) [ 000]
store_ln15             (store        ) [ 000]
store_ln15             (store        ) [ 000]
br_ln15                (br           ) [ 000]
store_ln15             (store        ) [ 000]
store_ln15             (store        ) [ 000]
br_ln15                (br           ) [ 000]
store_ln15             (store        ) [ 000]
store_ln15             (store        ) [ 000]
br_ln15                (br           ) [ 000]
store_ln15             (store        ) [ 000]
store_ln15             (store        ) [ 000]
br_ln15                (br           ) [ 000]
store_ln15             (store        ) [ 000]
store_ln15             (store        ) [ 000]
br_ln15                (br           ) [ 000]
store_ln15             (store        ) [ 000]
store_ln15             (store        ) [ 000]
br_ln15                (br           ) [ 000]
store_ln15             (store        ) [ 000]
store_ln15             (store        ) [ 000]
br_ln15                (br           ) [ 000]
store_ln15             (store        ) [ 000]
store_ln15             (store        ) [ 000]
br_ln15                (br           ) [ 000]
store_ln15             (store        ) [ 000]
store_ln15             (store        ) [ 000]
br_ln15                (br           ) [ 000]
store_ln15             (store        ) [ 000]
store_ln15             (store        ) [ 000]
br_ln15                (br           ) [ 000]
store_ln15             (store        ) [ 000]
store_ln15             (store        ) [ 000]
br_ln15                (br           ) [ 000]
store_ln15             (store        ) [ 000]
store_ln15             (store        ) [ 000]
br_ln15                (br           ) [ 000]
store_ln15             (store        ) [ 000]
store_ln15             (store        ) [ 000]
br_ln15                (br           ) [ 000]
store_ln15             (store        ) [ 000]
store_ln15             (store        ) [ 000]
br_ln15                (br           ) [ 000]
store_ln15             (store        ) [ 000]
store_ln15             (store        ) [ 000]
br_ln15                (br           ) [ 000]
store_ln15             (store        ) [ 000]
store_ln15             (store        ) [ 000]
br_ln15                (br           ) [ 000]
store_ln15             (store        ) [ 000]
store_ln15             (store        ) [ 000]
br_ln15                (br           ) [ 000]
store_ln15             (store        ) [ 000]
store_ln15             (store        ) [ 000]
br_ln15                (br           ) [ 000]
store_ln15             (store        ) [ 000]
store_ln15             (store        ) [ 000]
br_ln15                (br           ) [ 000]
store_ln15             (store        ) [ 000]
store_ln15             (store        ) [ 000]
br_ln15                (br           ) [ 000]
store_ln15             (store        ) [ 000]
store_ln15             (store        ) [ 000]
br_ln15                (br           ) [ 000]
store_ln15             (store        ) [ 000]
store_ln15             (store        ) [ 000]
br_ln15                (br           ) [ 000]
store_ln15             (store        ) [ 000]
store_ln15             (store        ) [ 000]
br_ln15                (br           ) [ 000]
store_ln15             (store        ) [ 000]
store_ln15             (store        ) [ 000]
br_ln15                (br           ) [ 000]
store_ln15             (store        ) [ 000]
store_ln15             (store        ) [ 000]
br_ln15                (br           ) [ 000]
store_ln15             (store        ) [ 000]
store_ln15             (store        ) [ 000]
br_ln15                (br           ) [ 000]
store_ln15             (store        ) [ 000]
store_ln15             (store        ) [ 000]
br_ln15                (br           ) [ 000]
store_ln15             (store        ) [ 000]
store_ln15             (store        ) [ 000]
br_ln15                (br           ) [ 000]
store_ln15             (store        ) [ 000]
store_ln15             (store        ) [ 000]
br_ln15                (br           ) [ 000]
store_ln15             (store        ) [ 000]
store_ln15             (store        ) [ 000]
br_ln15                (br           ) [ 000]
store_ln15             (store        ) [ 000]
store_ln15             (store        ) [ 000]
br_ln15                (br           ) [ 000]
store_ln15             (store        ) [ 000]
store_ln15             (store        ) [ 000]
br_ln15                (br           ) [ 000]
store_ln15             (store        ) [ 000]
store_ln15             (store        ) [ 000]
br_ln15                (br           ) [ 000]
store_ln15             (store        ) [ 000]
store_ln15             (store        ) [ 000]
br_ln15                (br           ) [ 000]
store_ln15             (store        ) [ 000]
store_ln15             (store        ) [ 000]
br_ln15                (br           ) [ 000]
store_ln15             (store        ) [ 000]
store_ln15             (store        ) [ 000]
br_ln15                (br           ) [ 000]
store_ln15             (store        ) [ 000]
store_ln15             (store        ) [ 000]
br_ln15                (br           ) [ 000]
mux_case_0111_load     (load         ) [ 000]
mux_case_1115_load     (load         ) [ 000]
mux_case_2119_load     (load         ) [ 000]
mux_case_3123_load     (load         ) [ 000]
mux_case_4127_load     (load         ) [ 000]
mux_case_5131_load     (load         ) [ 000]
mux_case_6135_load     (load         ) [ 000]
mux_case_7139_load     (load         ) [ 000]
mux_case_8143_load     (load         ) [ 000]
mux_case_9147_load     (load         ) [ 000]
mux_case_10151_load    (load         ) [ 000]
mux_case_11155_load    (load         ) [ 000]
mux_case_12159_load    (load         ) [ 000]
mux_case_13163_load    (load         ) [ 000]
mux_case_14167_load    (load         ) [ 000]
mux_case_15171_load    (load         ) [ 000]
mux_case_16175_load    (load         ) [ 000]
mux_case_17179_load    (load         ) [ 000]
mux_case_18183_load    (load         ) [ 000]
mux_case_19187_load    (load         ) [ 000]
mux_case_20191_load    (load         ) [ 000]
mux_case_21195_load    (load         ) [ 000]
mux_case_22199_load    (load         ) [ 000]
mux_case_23203_load    (load         ) [ 000]
mux_case_24207_load    (load         ) [ 000]
mux_case_25211_load    (load         ) [ 000]
mux_case_26215_load    (load         ) [ 000]
mux_case_27219_load    (load         ) [ 000]
mux_case_28223_load    (load         ) [ 000]
mux_case_29227_load    (load         ) [ 000]
mux_case_30231_load    (load         ) [ 000]
mux_case_31235_load    (load         ) [ 000]
mux_case_32239_load    (load         ) [ 000]
mux_case_33243_load    (load         ) [ 000]
mux_case_34247_load    (load         ) [ 000]
mux_case_35251_load    (load         ) [ 000]
mux_case_36255_load    (load         ) [ 000]
mux_case_37259_load    (load         ) [ 000]
mux_case_38263_load    (load         ) [ 000]
mux_case_39267_load    (load         ) [ 000]
mux_case_40271_load    (load         ) [ 000]
mux_case_41275_load    (load         ) [ 000]
mux_case_42279_load    (load         ) [ 000]
mux_case_43283_load    (load         ) [ 000]
mux_case_44287_load    (load         ) [ 000]
mux_case_45291_load    (load         ) [ 000]
mux_case_46295_load    (load         ) [ 000]
mux_case_47299_load    (load         ) [ 000]
mux_case_48303_load    (load         ) [ 000]
mux_case_49307_load    (load         ) [ 000]
mux_case_50311_load    (load         ) [ 000]
mux_case_51315_load    (load         ) [ 000]
mux_case_52319_load    (load         ) [ 000]
mux_case_53323_load    (load         ) [ 000]
mux_case_54327_load    (load         ) [ 000]
mux_case_55331_load    (load         ) [ 000]
mux_case_56335_load    (load         ) [ 000]
mux_case_57339_load    (load         ) [ 000]
mux_case_58343_load    (load         ) [ 000]
mux_case_59347_load    (load         ) [ 000]
mux_case_60351_load    (load         ) [ 000]
mux_case_61355_load    (load         ) [ 000]
mux_case_62359_load    (load         ) [ 000]
mux_case_63363_load    (load         ) [ 000]
mux_case_64367_load    (load         ) [ 000]
mux_case_65371_load    (load         ) [ 000]
mux_case_66375_load    (load         ) [ 000]
mux_case_67379_load    (load         ) [ 000]
mux_case_68383_load    (load         ) [ 000]
mux_case_69387_load    (load         ) [ 000]
mux_case_70391_load    (load         ) [ 000]
mux_case_71395_load    (load         ) [ 000]
mux_case_72399_load    (load         ) [ 000]
mux_case_73403_load    (load         ) [ 000]
mux_case_74407_load    (load         ) [ 000]
mux_case_75411_load    (load         ) [ 000]
mux_case_76415_load    (load         ) [ 000]
mux_case_77419_load    (load         ) [ 000]
mux_case_78423_load    (load         ) [ 000]
mux_case_79427_load    (load         ) [ 000]
mux_case_80431_load    (load         ) [ 000]
mux_case_81435_load    (load         ) [ 000]
mux_case_82439_load    (load         ) [ 000]
mux_case_83443_load    (load         ) [ 000]
mux_case_84447_load    (load         ) [ 000]
mux_case_85451_load    (load         ) [ 000]
mux_case_86455_load    (load         ) [ 000]
mux_case_87459_load    (load         ) [ 000]
mux_case_88463_load    (load         ) [ 000]
mux_case_89467_load    (load         ) [ 000]
mux_case_90471_load    (load         ) [ 000]
mux_case_91475_load    (load         ) [ 000]
mux_case_92479_load    (load         ) [ 000]
mux_case_93483_load    (load         ) [ 000]
mux_case_94487_load    (load         ) [ 000]
mux_case_95491_load    (load         ) [ 000]
mux_case_96495_load    (load         ) [ 000]
mux_case_97499_load    (load         ) [ 000]
mux_case_98503_load    (load         ) [ 000]
mux_case_99507_load    (load         ) [ 000]
mux_case_03511_load    (load         ) [ 000]
mux_case_110515_load   (load         ) [ 000]
mux_case_211519_load   (load         ) [ 000]
mux_case_312523_load   (load         ) [ 000]
mux_case_413527_load   (load         ) [ 000]
mux_case_514531_load   (load         ) [ 000]
mux_case_615535_load   (load         ) [ 000]
mux_case_716539_load   (load         ) [ 000]
mux_case_817543_load   (load         ) [ 000]
mux_case_918547_load   (load         ) [ 000]
mux_case_1019551_load  (load         ) [ 000]
mux_case_1120555_load  (load         ) [ 000]
mux_case_1221559_load  (load         ) [ 000]
mux_case_1322563_load  (load         ) [ 000]
mux_case_1423567_load  (load         ) [ 000]
mux_case_1524571_load  (load         ) [ 000]
mux_case_1625575_load  (load         ) [ 000]
mux_case_1726579_load  (load         ) [ 000]
mux_case_1827583_load  (load         ) [ 000]
mux_case_1928587_load  (load         ) [ 000]
mux_case_2029591_load  (load         ) [ 000]
mux_case_2130595_load  (load         ) [ 000]
mux_case_2231599_load  (load         ) [ 000]
mux_case_2332603_load  (load         ) [ 000]
mux_case_2433607_load  (load         ) [ 000]
mux_case_2534611_load  (load         ) [ 000]
mux_case_2635615_load  (load         ) [ 000]
mux_case_2736619_load  (load         ) [ 000]
mux_case_2837623_load  (load         ) [ 000]
mux_case_2938627_load  (load         ) [ 000]
mux_case_3039631_load  (load         ) [ 000]
mux_case_3140635_load  (load         ) [ 000]
mux_case_3241639_load  (load         ) [ 000]
mux_case_3342643_load  (load         ) [ 000]
mux_case_3443647_load  (load         ) [ 000]
mux_case_3544651_load  (load         ) [ 000]
mux_case_3645655_load  (load         ) [ 000]
mux_case_3746659_load  (load         ) [ 000]
mux_case_3847663_load  (load         ) [ 000]
mux_case_3948667_load  (load         ) [ 000]
mux_case_4049671_load  (load         ) [ 000]
mux_case_4150675_load  (load         ) [ 000]
mux_case_4251679_load  (load         ) [ 000]
mux_case_4352683_load  (load         ) [ 000]
mux_case_4453687_load  (load         ) [ 000]
mux_case_4554691_load  (load         ) [ 000]
mux_case_4655695_load  (load         ) [ 000]
mux_case_4756699_load  (load         ) [ 000]
mux_case_4857703_load  (load         ) [ 000]
mux_case_4958707_load  (load         ) [ 000]
mux_case_5059711_load  (load         ) [ 000]
mux_case_5160715_load  (load         ) [ 000]
mux_case_5261719_load  (load         ) [ 000]
mux_case_5362723_load  (load         ) [ 000]
mux_case_5463727_load  (load         ) [ 000]
mux_case_5564731_load  (load         ) [ 000]
mux_case_5665735_load  (load         ) [ 000]
mux_case_5766739_load  (load         ) [ 000]
mux_case_5867743_load  (load         ) [ 000]
mux_case_5968747_load  (load         ) [ 000]
mux_case_6069751_load  (load         ) [ 000]
mux_case_6170755_load  (load         ) [ 000]
mux_case_6271759_load  (load         ) [ 000]
mux_case_6372763_load  (load         ) [ 000]
mux_case_6473767_load  (load         ) [ 000]
mux_case_6574771_load  (load         ) [ 000]
mux_case_6675775_load  (load         ) [ 000]
mux_case_6776779_load  (load         ) [ 000]
mux_case_6877783_load  (load         ) [ 000]
mux_case_6978787_load  (load         ) [ 000]
mux_case_7079791_load  (load         ) [ 000]
mux_case_7180795_load  (load         ) [ 000]
mux_case_7281799_load  (load         ) [ 000]
mux_case_7382803_load  (load         ) [ 000]
mux_case_7483807_load  (load         ) [ 000]
mux_case_7584811_load  (load         ) [ 000]
mux_case_7685815_load  (load         ) [ 000]
mux_case_7786819_load  (load         ) [ 000]
mux_case_7887823_load  (load         ) [ 000]
mux_case_7988827_load  (load         ) [ 000]
mux_case_8089831_load  (load         ) [ 000]
mux_case_8190835_load  (load         ) [ 000]
mux_case_8291839_load  (load         ) [ 000]
mux_case_8392843_load  (load         ) [ 000]
mux_case_8493847_load  (load         ) [ 000]
mux_case_8594851_load  (load         ) [ 000]
mux_case_8695855_load  (load         ) [ 000]
mux_case_8796859_load  (load         ) [ 000]
mux_case_8897863_load  (load         ) [ 000]
mux_case_8998867_load  (load         ) [ 000]
mux_case_9099871_load  (load         ) [ 000]
mux_case_91100875_load (load         ) [ 000]
mux_case_92101879_load (load         ) [ 000]
mux_case_93102883_load (load         ) [ 000]
mux_case_94103887_load (load         ) [ 000]
mux_case_95104891_load (load         ) [ 000]
mux_case_96105895_load (load         ) [ 000]
mux_case_97106899_load (load         ) [ 000]
mux_case_98107903_load (load         ) [ 000]
mux_case_99108907_load (load         ) [ 000]
write_ln0              (write        ) [ 000]
write_ln0              (write        ) [ 000]
write_ln0              (write        ) [ 000]
write_ln0              (write        ) [ 000]
write_ln0              (write        ) [ 000]
write_ln0              (write        ) [ 000]
write_ln0              (write        ) [ 000]
write_ln0              (write        ) [ 000]
write_ln0              (write        ) [ 000]
write_ln0              (write        ) [ 000]
write_ln0              (write        ) [ 000]
write_ln0              (write        ) [ 000]
write_ln0              (write        ) [ 000]
write_ln0              (write        ) [ 000]
write_ln0              (write        ) [ 000]
write_ln0              (write        ) [ 000]
write_ln0              (write        ) [ 000]
write_ln0              (write        ) [ 000]
write_ln0              (write        ) [ 000]
write_ln0              (write        ) [ 000]
write_ln0              (write        ) [ 000]
write_ln0              (write        ) [ 000]
write_ln0              (write        ) [ 000]
write_ln0              (write        ) [ 000]
write_ln0              (write        ) [ 000]
write_ln0              (write        ) [ 000]
write_ln0              (write        ) [ 000]
write_ln0              (write        ) [ 000]
write_ln0              (write        ) [ 000]
write_ln0              (write        ) [ 000]
write_ln0              (write        ) [ 000]
write_ln0              (write        ) [ 000]
write_ln0              (write        ) [ 000]
write_ln0              (write        ) [ 000]
write_ln0              (write        ) [ 000]
write_ln0              (write        ) [ 000]
write_ln0              (write        ) [ 000]
write_ln0              (write        ) [ 000]
write_ln0              (write        ) [ 000]
write_ln0              (write        ) [ 000]
write_ln0              (write        ) [ 000]
write_ln0              (write        ) [ 000]
write_ln0              (write        ) [ 000]
write_ln0              (write        ) [ 000]
write_ln0              (write        ) [ 000]
write_ln0              (write        ) [ 000]
write_ln0              (write        ) [ 000]
write_ln0              (write        ) [ 000]
write_ln0              (write        ) [ 000]
write_ln0              (write        ) [ 000]
write_ln0              (write        ) [ 000]
write_ln0              (write        ) [ 000]
write_ln0              (write        ) [ 000]
write_ln0              (write        ) [ 000]
write_ln0              (write        ) [ 000]
write_ln0              (write        ) [ 000]
write_ln0              (write        ) [ 000]
write_ln0              (write        ) [ 000]
write_ln0              (write        ) [ 000]
write_ln0              (write        ) [ 000]
write_ln0              (write        ) [ 000]
write_ln0              (write        ) [ 000]
write_ln0              (write        ) [ 000]
write_ln0              (write        ) [ 000]
write_ln0              (write        ) [ 000]
write_ln0              (write        ) [ 000]
write_ln0              (write        ) [ 000]
write_ln0              (write        ) [ 000]
write_ln0              (write        ) [ 000]
write_ln0              (write        ) [ 000]
write_ln0              (write        ) [ 000]
write_ln0              (write        ) [ 000]
write_ln0              (write        ) [ 000]
write_ln0              (write        ) [ 000]
write_ln0              (write        ) [ 000]
write_ln0              (write        ) [ 000]
write_ln0              (write        ) [ 000]
write_ln0              (write        ) [ 000]
write_ln0              (write        ) [ 000]
write_ln0              (write        ) [ 000]
write_ln0              (write        ) [ 000]
write_ln0              (write        ) [ 000]
write_ln0              (write        ) [ 000]
write_ln0              (write        ) [ 000]
write_ln0              (write        ) [ 000]
write_ln0              (write        ) [ 000]
write_ln0              (write        ) [ 000]
write_ln0              (write        ) [ 000]
write_ln0              (write        ) [ 000]
write_ln0              (write        ) [ 000]
write_ln0              (write        ) [ 000]
write_ln0              (write        ) [ 000]
write_ln0              (write        ) [ 000]
write_ln0              (write        ) [ 000]
write_ln0              (write        ) [ 000]
write_ln0              (write        ) [ 000]
write_ln0              (write        ) [ 000]
write_ln0              (write        ) [ 000]
write_ln0              (write        ) [ 000]
write_ln0              (write        ) [ 000]
write_ln0              (write        ) [ 000]
write_ln0              (write        ) [ 000]
write_ln0              (write        ) [ 000]
write_ln0              (write        ) [ 000]
write_ln0              (write        ) [ 000]
write_ln0              (write        ) [ 000]
write_ln0              (write        ) [ 000]
write_ln0              (write        ) [ 000]
write_ln0              (write        ) [ 000]
write_ln0              (write        ) [ 000]
write_ln0              (write        ) [ 000]
write_ln0              (write        ) [ 000]
write_ln0              (write        ) [ 000]
write_ln0              (write        ) [ 000]
write_ln0              (write        ) [ 000]
write_ln0              (write        ) [ 000]
write_ln0              (write        ) [ 000]
write_ln0              (write        ) [ 000]
write_ln0              (write        ) [ 000]
write_ln0              (write        ) [ 000]
write_ln0              (write        ) [ 000]
write_ln0              (write        ) [ 000]
write_ln0              (write        ) [ 000]
write_ln0              (write        ) [ 000]
write_ln0              (write        ) [ 000]
write_ln0              (write        ) [ 000]
write_ln0              (write        ) [ 000]
write_ln0              (write        ) [ 000]
write_ln0              (write        ) [ 000]
write_ln0              (write        ) [ 000]
write_ln0              (write        ) [ 000]
write_ln0              (write        ) [ 000]
write_ln0              (write        ) [ 000]
write_ln0              (write        ) [ 000]
write_ln0              (write        ) [ 000]
write_ln0              (write        ) [ 000]
write_ln0              (write        ) [ 000]
write_ln0              (write        ) [ 000]
write_ln0              (write        ) [ 000]
write_ln0              (write        ) [ 000]
write_ln0              (write        ) [ 000]
write_ln0              (write        ) [ 000]
write_ln0              (write        ) [ 000]
write_ln0              (write        ) [ 000]
write_ln0              (write        ) [ 000]
write_ln0              (write        ) [ 000]
write_ln0              (write        ) [ 000]
write_ln0              (write        ) [ 000]
write_ln0              (write        ) [ 000]
write_ln0              (write        ) [ 000]
write_ln0              (write        ) [ 000]
write_ln0              (write        ) [ 000]
write_ln0              (write        ) [ 000]
write_ln0              (write        ) [ 000]
write_ln0              (write        ) [ 000]
write_ln0              (write        ) [ 000]
write_ln0              (write        ) [ 000]
write_ln0              (write        ) [ 000]
write_ln0              (write        ) [ 000]
write_ln0              (write        ) [ 000]
write_ln0              (write        ) [ 000]
write_ln0              (write        ) [ 000]
write_ln0              (write        ) [ 000]
write_ln0              (write        ) [ 000]
write_ln0              (write        ) [ 000]
write_ln0              (write        ) [ 000]
write_ln0              (write        ) [ 000]
write_ln0              (write        ) [ 000]
write_ln0              (write        ) [ 000]
write_ln0              (write        ) [ 000]
write_ln0              (write        ) [ 000]
write_ln0              (write        ) [ 000]
write_ln0              (write        ) [ 000]
write_ln0              (write        ) [ 000]
write_ln0              (write        ) [ 000]
write_ln0              (write        ) [ 000]
write_ln0              (write        ) [ 000]
write_ln0              (write        ) [ 000]
write_ln0              (write        ) [ 000]
write_ln0              (write        ) [ 000]
write_ln0              (write        ) [ 000]
write_ln0              (write        ) [ 000]
write_ln0              (write        ) [ 000]
write_ln0              (write        ) [ 000]
write_ln0              (write        ) [ 000]
write_ln0              (write        ) [ 000]
write_ln0              (write        ) [ 000]
write_ln0              (write        ) [ 000]
write_ln0              (write        ) [ 000]
write_ln0              (write        ) [ 000]
write_ln0              (write        ) [ 000]
write_ln0              (write        ) [ 000]
write_ln0              (write        ) [ 000]
write_ln0              (write        ) [ 000]
write_ln0              (write        ) [ 000]
write_ln0              (write        ) [ 000]
write_ln0              (write        ) [ 000]
write_ln0              (write        ) [ 000]
write_ln0              (write        ) [ 000]
write_ln0              (write        ) [ 000]
ret_ln0                (ret          ) [ 000]
</LifeTime>

<model>

<comp_list>
<comp id="0" class="1000" name="atomLocationsSize">
<pin_list>
<pin id="1" dir="1" index="0" bw="1" slack="0"/>
</pin_list>
<bind>
<StgValue><ssdm name="atomLocationsSize"/></StgValue>
</bind>
</comp>

<comp id="2" class="1000" name="atomLocations">
<pin_list>
<pin id="3" dir="1" index="0" bw="1" slack="0"/>
</pin_list>
<bind>
<StgValue><ssdm name="atomLocations"/><MemPortTyVec>1 3 </MemPortTyVec>
</StgValue>
</bind>
</comp>

<comp id="4" class="1000" name="mux_case_99108907_out">
<pin_list>
<pin id="5" dir="1" index="0" bw="1" slack="0"/>
</pin_list>
<bind>
<StgValue><ssdm name="mux_case_99108907_out"/></StgValue>
</bind>
</comp>

<comp id="6" class="1000" name="mux_case_98107903_out">
<pin_list>
<pin id="7" dir="1" index="0" bw="1" slack="0"/>
</pin_list>
<bind>
<StgValue><ssdm name="mux_case_98107903_out"/></StgValue>
</bind>
</comp>

<comp id="8" class="1000" name="mux_case_97106899_out">
<pin_list>
<pin id="9" dir="1" index="0" bw="1" slack="0"/>
</pin_list>
<bind>
<StgValue><ssdm name="mux_case_97106899_out"/></StgValue>
</bind>
</comp>

<comp id="10" class="1000" name="mux_case_96105895_out">
<pin_list>
<pin id="11" dir="1" index="0" bw="1" slack="0"/>
</pin_list>
<bind>
<StgValue><ssdm name="mux_case_96105895_out"/></StgValue>
</bind>
</comp>

<comp id="12" class="1000" name="mux_case_95104891_out">
<pin_list>
<pin id="13" dir="1" index="0" bw="1" slack="0"/>
</pin_list>
<bind>
<StgValue><ssdm name="mux_case_95104891_out"/></StgValue>
</bind>
</comp>

<comp id="14" class="1000" name="mux_case_94103887_out">
<pin_list>
<pin id="15" dir="1" index="0" bw="1" slack="0"/>
</pin_list>
<bind>
<StgValue><ssdm name="mux_case_94103887_out"/></StgValue>
</bind>
</comp>

<comp id="16" class="1000" name="mux_case_93102883_out">
<pin_list>
<pin id="17" dir="1" index="0" bw="1" slack="0"/>
</pin_list>
<bind>
<StgValue><ssdm name="mux_case_93102883_out"/></StgValue>
</bind>
</comp>

<comp id="18" class="1000" name="mux_case_92101879_out">
<pin_list>
<pin id="19" dir="1" index="0" bw="1" slack="0"/>
</pin_list>
<bind>
<StgValue><ssdm name="mux_case_92101879_out"/></StgValue>
</bind>
</comp>

<comp id="20" class="1000" name="mux_case_91100875_out">
<pin_list>
<pin id="21" dir="1" index="0" bw="1" slack="0"/>
</pin_list>
<bind>
<StgValue><ssdm name="mux_case_91100875_out"/></StgValue>
</bind>
</comp>

<comp id="22" class="1000" name="mux_case_9099871_out">
<pin_list>
<pin id="23" dir="1" index="0" bw="1" slack="0"/>
</pin_list>
<bind>
<StgValue><ssdm name="mux_case_9099871_out"/></StgValue>
</bind>
</comp>

<comp id="24" class="1000" name="mux_case_8998867_out">
<pin_list>
<pin id="25" dir="1" index="0" bw="1" slack="0"/>
</pin_list>
<bind>
<StgValue><ssdm name="mux_case_8998867_out"/></StgValue>
</bind>
</comp>

<comp id="26" class="1000" name="mux_case_8897863_out">
<pin_list>
<pin id="27" dir="1" index="0" bw="1" slack="0"/>
</pin_list>
<bind>
<StgValue><ssdm name="mux_case_8897863_out"/></StgValue>
</bind>
</comp>

<comp id="28" class="1000" name="mux_case_8796859_out">
<pin_list>
<pin id="29" dir="1" index="0" bw="1" slack="0"/>
</pin_list>
<bind>
<StgValue><ssdm name="mux_case_8796859_out"/></StgValue>
</bind>
</comp>

<comp id="30" class="1000" name="mux_case_8695855_out">
<pin_list>
<pin id="31" dir="1" index="0" bw="1" slack="0"/>
</pin_list>
<bind>
<StgValue><ssdm name="mux_case_8695855_out"/></StgValue>
</bind>
</comp>

<comp id="32" class="1000" name="mux_case_8594851_out">
<pin_list>
<pin id="33" dir="1" index="0" bw="1" slack="0"/>
</pin_list>
<bind>
<StgValue><ssdm name="mux_case_8594851_out"/></StgValue>
</bind>
</comp>

<comp id="34" class="1000" name="mux_case_8493847_out">
<pin_list>
<pin id="35" dir="1" index="0" bw="1" slack="0"/>
</pin_list>
<bind>
<StgValue><ssdm name="mux_case_8493847_out"/></StgValue>
</bind>
</comp>

<comp id="36" class="1000" name="mux_case_8392843_out">
<pin_list>
<pin id="37" dir="1" index="0" bw="1" slack="0"/>
</pin_list>
<bind>
<StgValue><ssdm name="mux_case_8392843_out"/></StgValue>
</bind>
</comp>

<comp id="38" class="1000" name="mux_case_8291839_out">
<pin_list>
<pin id="39" dir="1" index="0" bw="1" slack="0"/>
</pin_list>
<bind>
<StgValue><ssdm name="mux_case_8291839_out"/></StgValue>
</bind>
</comp>

<comp id="40" class="1000" name="mux_case_8190835_out">
<pin_list>
<pin id="41" dir="1" index="0" bw="1" slack="0"/>
</pin_list>
<bind>
<StgValue><ssdm name="mux_case_8190835_out"/></StgValue>
</bind>
</comp>

<comp id="42" class="1000" name="mux_case_8089831_out">
<pin_list>
<pin id="43" dir="1" index="0" bw="1" slack="0"/>
</pin_list>
<bind>
<StgValue><ssdm name="mux_case_8089831_out"/></StgValue>
</bind>
</comp>

<comp id="44" class="1000" name="mux_case_7988827_out">
<pin_list>
<pin id="45" dir="1" index="0" bw="1" slack="0"/>
</pin_list>
<bind>
<StgValue><ssdm name="mux_case_7988827_out"/></StgValue>
</bind>
</comp>

<comp id="46" class="1000" name="mux_case_7887823_out">
<pin_list>
<pin id="47" dir="1" index="0" bw="1" slack="0"/>
</pin_list>
<bind>
<StgValue><ssdm name="mux_case_7887823_out"/></StgValue>
</bind>
</comp>

<comp id="48" class="1000" name="mux_case_7786819_out">
<pin_list>
<pin id="49" dir="1" index="0" bw="1" slack="0"/>
</pin_list>
<bind>
<StgValue><ssdm name="mux_case_7786819_out"/></StgValue>
</bind>
</comp>

<comp id="50" class="1000" name="mux_case_7685815_out">
<pin_list>
<pin id="51" dir="1" index="0" bw="1" slack="0"/>
</pin_list>
<bind>
<StgValue><ssdm name="mux_case_7685815_out"/></StgValue>
</bind>
</comp>

<comp id="52" class="1000" name="mux_case_7584811_out">
<pin_list>
<pin id="53" dir="1" index="0" bw="1" slack="0"/>
</pin_list>
<bind>
<StgValue><ssdm name="mux_case_7584811_out"/></StgValue>
</bind>
</comp>

<comp id="54" class="1000" name="mux_case_7483807_out">
<pin_list>
<pin id="55" dir="1" index="0" bw="1" slack="0"/>
</pin_list>
<bind>
<StgValue><ssdm name="mux_case_7483807_out"/></StgValue>
</bind>
</comp>

<comp id="56" class="1000" name="mux_case_7382803_out">
<pin_list>
<pin id="57" dir="1" index="0" bw="1" slack="0"/>
</pin_list>
<bind>
<StgValue><ssdm name="mux_case_7382803_out"/></StgValue>
</bind>
</comp>

<comp id="58" class="1000" name="mux_case_7281799_out">
<pin_list>
<pin id="59" dir="1" index="0" bw="1" slack="0"/>
</pin_list>
<bind>
<StgValue><ssdm name="mux_case_7281799_out"/></StgValue>
</bind>
</comp>

<comp id="60" class="1000" name="mux_case_7180795_out">
<pin_list>
<pin id="61" dir="1" index="0" bw="1" slack="0"/>
</pin_list>
<bind>
<StgValue><ssdm name="mux_case_7180795_out"/></StgValue>
</bind>
</comp>

<comp id="62" class="1000" name="mux_case_7079791_out">
<pin_list>
<pin id="63" dir="1" index="0" bw="1" slack="0"/>
</pin_list>
<bind>
<StgValue><ssdm name="mux_case_7079791_out"/></StgValue>
</bind>
</comp>

<comp id="64" class="1000" name="mux_case_6978787_out">
<pin_list>
<pin id="65" dir="1" index="0" bw="1" slack="0"/>
</pin_list>
<bind>
<StgValue><ssdm name="mux_case_6978787_out"/></StgValue>
</bind>
</comp>

<comp id="66" class="1000" name="mux_case_6877783_out">
<pin_list>
<pin id="67" dir="1" index="0" bw="1" slack="0"/>
</pin_list>
<bind>
<StgValue><ssdm name="mux_case_6877783_out"/></StgValue>
</bind>
</comp>

<comp id="68" class="1000" name="mux_case_6776779_out">
<pin_list>
<pin id="69" dir="1" index="0" bw="1" slack="0"/>
</pin_list>
<bind>
<StgValue><ssdm name="mux_case_6776779_out"/></StgValue>
</bind>
</comp>

<comp id="70" class="1000" name="mux_case_6675775_out">
<pin_list>
<pin id="71" dir="1" index="0" bw="1" slack="0"/>
</pin_list>
<bind>
<StgValue><ssdm name="mux_case_6675775_out"/></StgValue>
</bind>
</comp>

<comp id="72" class="1000" name="mux_case_6574771_out">
<pin_list>
<pin id="73" dir="1" index="0" bw="1" slack="0"/>
</pin_list>
<bind>
<StgValue><ssdm name="mux_case_6574771_out"/></StgValue>
</bind>
</comp>

<comp id="74" class="1000" name="mux_case_6473767_out">
<pin_list>
<pin id="75" dir="1" index="0" bw="1" slack="0"/>
</pin_list>
<bind>
<StgValue><ssdm name="mux_case_6473767_out"/></StgValue>
</bind>
</comp>

<comp id="76" class="1000" name="mux_case_6372763_out">
<pin_list>
<pin id="77" dir="1" index="0" bw="1" slack="0"/>
</pin_list>
<bind>
<StgValue><ssdm name="mux_case_6372763_out"/></StgValue>
</bind>
</comp>

<comp id="78" class="1000" name="mux_case_6271759_out">
<pin_list>
<pin id="79" dir="1" index="0" bw="1" slack="0"/>
</pin_list>
<bind>
<StgValue><ssdm name="mux_case_6271759_out"/></StgValue>
</bind>
</comp>

<comp id="80" class="1000" name="mux_case_6170755_out">
<pin_list>
<pin id="81" dir="1" index="0" bw="1" slack="0"/>
</pin_list>
<bind>
<StgValue><ssdm name="mux_case_6170755_out"/></StgValue>
</bind>
</comp>

<comp id="82" class="1000" name="mux_case_6069751_out">
<pin_list>
<pin id="83" dir="1" index="0" bw="1" slack="0"/>
</pin_list>
<bind>
<StgValue><ssdm name="mux_case_6069751_out"/></StgValue>
</bind>
</comp>

<comp id="84" class="1000" name="mux_case_5968747_out">
<pin_list>
<pin id="85" dir="1" index="0" bw="1" slack="0"/>
</pin_list>
<bind>
<StgValue><ssdm name="mux_case_5968747_out"/></StgValue>
</bind>
</comp>

<comp id="86" class="1000" name="mux_case_5867743_out">
<pin_list>
<pin id="87" dir="1" index="0" bw="1" slack="0"/>
</pin_list>
<bind>
<StgValue><ssdm name="mux_case_5867743_out"/></StgValue>
</bind>
</comp>

<comp id="88" class="1000" name="mux_case_5766739_out">
<pin_list>
<pin id="89" dir="1" index="0" bw="1" slack="0"/>
</pin_list>
<bind>
<StgValue><ssdm name="mux_case_5766739_out"/></StgValue>
</bind>
</comp>

<comp id="90" class="1000" name="mux_case_5665735_out">
<pin_list>
<pin id="91" dir="1" index="0" bw="1" slack="0"/>
</pin_list>
<bind>
<StgValue><ssdm name="mux_case_5665735_out"/></StgValue>
</bind>
</comp>

<comp id="92" class="1000" name="mux_case_5564731_out">
<pin_list>
<pin id="93" dir="1" index="0" bw="1" slack="0"/>
</pin_list>
<bind>
<StgValue><ssdm name="mux_case_5564731_out"/></StgValue>
</bind>
</comp>

<comp id="94" class="1000" name="mux_case_5463727_out">
<pin_list>
<pin id="95" dir="1" index="0" bw="1" slack="0"/>
</pin_list>
<bind>
<StgValue><ssdm name="mux_case_5463727_out"/></StgValue>
</bind>
</comp>

<comp id="96" class="1000" name="mux_case_5362723_out">
<pin_list>
<pin id="97" dir="1" index="0" bw="1" slack="0"/>
</pin_list>
<bind>
<StgValue><ssdm name="mux_case_5362723_out"/></StgValue>
</bind>
</comp>

<comp id="98" class="1000" name="mux_case_5261719_out">
<pin_list>
<pin id="99" dir="1" index="0" bw="1" slack="0"/>
</pin_list>
<bind>
<StgValue><ssdm name="mux_case_5261719_out"/></StgValue>
</bind>
</comp>

<comp id="100" class="1000" name="mux_case_5160715_out">
<pin_list>
<pin id="101" dir="1" index="0" bw="1" slack="0"/>
</pin_list>
<bind>
<StgValue><ssdm name="mux_case_5160715_out"/></StgValue>
</bind>
</comp>

<comp id="102" class="1000" name="mux_case_5059711_out">
<pin_list>
<pin id="103" dir="1" index="0" bw="1" slack="0"/>
</pin_list>
<bind>
<StgValue><ssdm name="mux_case_5059711_out"/></StgValue>
</bind>
</comp>

<comp id="104" class="1000" name="mux_case_4958707_out">
<pin_list>
<pin id="105" dir="1" index="0" bw="1" slack="0"/>
</pin_list>
<bind>
<StgValue><ssdm name="mux_case_4958707_out"/></StgValue>
</bind>
</comp>

<comp id="106" class="1000" name="mux_case_4857703_out">
<pin_list>
<pin id="107" dir="1" index="0" bw="1" slack="0"/>
</pin_list>
<bind>
<StgValue><ssdm name="mux_case_4857703_out"/></StgValue>
</bind>
</comp>

<comp id="108" class="1000" name="mux_case_4756699_out">
<pin_list>
<pin id="109" dir="1" index="0" bw="1" slack="0"/>
</pin_list>
<bind>
<StgValue><ssdm name="mux_case_4756699_out"/></StgValue>
</bind>
</comp>

<comp id="110" class="1000" name="mux_case_4655695_out">
<pin_list>
<pin id="111" dir="1" index="0" bw="1" slack="0"/>
</pin_list>
<bind>
<StgValue><ssdm name="mux_case_4655695_out"/></StgValue>
</bind>
</comp>

<comp id="112" class="1000" name="mux_case_4554691_out">
<pin_list>
<pin id="113" dir="1" index="0" bw="1" slack="0"/>
</pin_list>
<bind>
<StgValue><ssdm name="mux_case_4554691_out"/></StgValue>
</bind>
</comp>

<comp id="114" class="1000" name="mux_case_4453687_out">
<pin_list>
<pin id="115" dir="1" index="0" bw="1" slack="0"/>
</pin_list>
<bind>
<StgValue><ssdm name="mux_case_4453687_out"/></StgValue>
</bind>
</comp>

<comp id="116" class="1000" name="mux_case_4352683_out">
<pin_list>
<pin id="117" dir="1" index="0" bw="1" slack="0"/>
</pin_list>
<bind>
<StgValue><ssdm name="mux_case_4352683_out"/></StgValue>
</bind>
</comp>

<comp id="118" class="1000" name="mux_case_4251679_out">
<pin_list>
<pin id="119" dir="1" index="0" bw="1" slack="0"/>
</pin_list>
<bind>
<StgValue><ssdm name="mux_case_4251679_out"/></StgValue>
</bind>
</comp>

<comp id="120" class="1000" name="mux_case_4150675_out">
<pin_list>
<pin id="121" dir="1" index="0" bw="1" slack="0"/>
</pin_list>
<bind>
<StgValue><ssdm name="mux_case_4150675_out"/></StgValue>
</bind>
</comp>

<comp id="122" class="1000" name="mux_case_4049671_out">
<pin_list>
<pin id="123" dir="1" index="0" bw="1" slack="0"/>
</pin_list>
<bind>
<StgValue><ssdm name="mux_case_4049671_out"/></StgValue>
</bind>
</comp>

<comp id="124" class="1000" name="mux_case_3948667_out">
<pin_list>
<pin id="125" dir="1" index="0" bw="1" slack="0"/>
</pin_list>
<bind>
<StgValue><ssdm name="mux_case_3948667_out"/></StgValue>
</bind>
</comp>

<comp id="126" class="1000" name="mux_case_3847663_out">
<pin_list>
<pin id="127" dir="1" index="0" bw="1" slack="0"/>
</pin_list>
<bind>
<StgValue><ssdm name="mux_case_3847663_out"/></StgValue>
</bind>
</comp>

<comp id="128" class="1000" name="mux_case_3746659_out">
<pin_list>
<pin id="129" dir="1" index="0" bw="1" slack="0"/>
</pin_list>
<bind>
<StgValue><ssdm name="mux_case_3746659_out"/></StgValue>
</bind>
</comp>

<comp id="130" class="1000" name="mux_case_3645655_out">
<pin_list>
<pin id="131" dir="1" index="0" bw="1" slack="0"/>
</pin_list>
<bind>
<StgValue><ssdm name="mux_case_3645655_out"/></StgValue>
</bind>
</comp>

<comp id="132" class="1000" name="mux_case_3544651_out">
<pin_list>
<pin id="133" dir="1" index="0" bw="1" slack="0"/>
</pin_list>
<bind>
<StgValue><ssdm name="mux_case_3544651_out"/></StgValue>
</bind>
</comp>

<comp id="134" class="1000" name="mux_case_3443647_out">
<pin_list>
<pin id="135" dir="1" index="0" bw="1" slack="0"/>
</pin_list>
<bind>
<StgValue><ssdm name="mux_case_3443647_out"/></StgValue>
</bind>
</comp>

<comp id="136" class="1000" name="mux_case_3342643_out">
<pin_list>
<pin id="137" dir="1" index="0" bw="1" slack="0"/>
</pin_list>
<bind>
<StgValue><ssdm name="mux_case_3342643_out"/></StgValue>
</bind>
</comp>

<comp id="138" class="1000" name="mux_case_3241639_out">
<pin_list>
<pin id="139" dir="1" index="0" bw="1" slack="0"/>
</pin_list>
<bind>
<StgValue><ssdm name="mux_case_3241639_out"/></StgValue>
</bind>
</comp>

<comp id="140" class="1000" name="mux_case_3140635_out">
<pin_list>
<pin id="141" dir="1" index="0" bw="1" slack="0"/>
</pin_list>
<bind>
<StgValue><ssdm name="mux_case_3140635_out"/></StgValue>
</bind>
</comp>

<comp id="142" class="1000" name="mux_case_3039631_out">
<pin_list>
<pin id="143" dir="1" index="0" bw="1" slack="0"/>
</pin_list>
<bind>
<StgValue><ssdm name="mux_case_3039631_out"/></StgValue>
</bind>
</comp>

<comp id="144" class="1000" name="mux_case_2938627_out">
<pin_list>
<pin id="145" dir="1" index="0" bw="1" slack="0"/>
</pin_list>
<bind>
<StgValue><ssdm name="mux_case_2938627_out"/></StgValue>
</bind>
</comp>

<comp id="146" class="1000" name="mux_case_2837623_out">
<pin_list>
<pin id="147" dir="1" index="0" bw="1" slack="0"/>
</pin_list>
<bind>
<StgValue><ssdm name="mux_case_2837623_out"/></StgValue>
</bind>
</comp>

<comp id="148" class="1000" name="mux_case_2736619_out">
<pin_list>
<pin id="149" dir="1" index="0" bw="1" slack="0"/>
</pin_list>
<bind>
<StgValue><ssdm name="mux_case_2736619_out"/></StgValue>
</bind>
</comp>

<comp id="150" class="1000" name="mux_case_2635615_out">
<pin_list>
<pin id="151" dir="1" index="0" bw="1" slack="0"/>
</pin_list>
<bind>
<StgValue><ssdm name="mux_case_2635615_out"/></StgValue>
</bind>
</comp>

<comp id="152" class="1000" name="mux_case_2534611_out">
<pin_list>
<pin id="153" dir="1" index="0" bw="1" slack="0"/>
</pin_list>
<bind>
<StgValue><ssdm name="mux_case_2534611_out"/></StgValue>
</bind>
</comp>

<comp id="154" class="1000" name="mux_case_2433607_out">
<pin_list>
<pin id="155" dir="1" index="0" bw="1" slack="0"/>
</pin_list>
<bind>
<StgValue><ssdm name="mux_case_2433607_out"/></StgValue>
</bind>
</comp>

<comp id="156" class="1000" name="mux_case_2332603_out">
<pin_list>
<pin id="157" dir="1" index="0" bw="1" slack="0"/>
</pin_list>
<bind>
<StgValue><ssdm name="mux_case_2332603_out"/></StgValue>
</bind>
</comp>

<comp id="158" class="1000" name="mux_case_2231599_out">
<pin_list>
<pin id="159" dir="1" index="0" bw="1" slack="0"/>
</pin_list>
<bind>
<StgValue><ssdm name="mux_case_2231599_out"/></StgValue>
</bind>
</comp>

<comp id="160" class="1000" name="mux_case_2130595_out">
<pin_list>
<pin id="161" dir="1" index="0" bw="1" slack="0"/>
</pin_list>
<bind>
<StgValue><ssdm name="mux_case_2130595_out"/></StgValue>
</bind>
</comp>

<comp id="162" class="1000" name="mux_case_2029591_out">
<pin_list>
<pin id="163" dir="1" index="0" bw="1" slack="0"/>
</pin_list>
<bind>
<StgValue><ssdm name="mux_case_2029591_out"/></StgValue>
</bind>
</comp>

<comp id="164" class="1000" name="mux_case_1928587_out">
<pin_list>
<pin id="165" dir="1" index="0" bw="1" slack="0"/>
</pin_list>
<bind>
<StgValue><ssdm name="mux_case_1928587_out"/></StgValue>
</bind>
</comp>

<comp id="166" class="1000" name="mux_case_1827583_out">
<pin_list>
<pin id="167" dir="1" index="0" bw="1" slack="0"/>
</pin_list>
<bind>
<StgValue><ssdm name="mux_case_1827583_out"/></StgValue>
</bind>
</comp>

<comp id="168" class="1000" name="mux_case_1726579_out">
<pin_list>
<pin id="169" dir="1" index="0" bw="1" slack="0"/>
</pin_list>
<bind>
<StgValue><ssdm name="mux_case_1726579_out"/></StgValue>
</bind>
</comp>

<comp id="170" class="1000" name="mux_case_1625575_out">
<pin_list>
<pin id="171" dir="1" index="0" bw="1" slack="0"/>
</pin_list>
<bind>
<StgValue><ssdm name="mux_case_1625575_out"/></StgValue>
</bind>
</comp>

<comp id="172" class="1000" name="mux_case_1524571_out">
<pin_list>
<pin id="173" dir="1" index="0" bw="1" slack="0"/>
</pin_list>
<bind>
<StgValue><ssdm name="mux_case_1524571_out"/></StgValue>
</bind>
</comp>

<comp id="174" class="1000" name="mux_case_1423567_out">
<pin_list>
<pin id="175" dir="1" index="0" bw="1" slack="0"/>
</pin_list>
<bind>
<StgValue><ssdm name="mux_case_1423567_out"/></StgValue>
</bind>
</comp>

<comp id="176" class="1000" name="mux_case_1322563_out">
<pin_list>
<pin id="177" dir="1" index="0" bw="1" slack="0"/>
</pin_list>
<bind>
<StgValue><ssdm name="mux_case_1322563_out"/></StgValue>
</bind>
</comp>

<comp id="178" class="1000" name="mux_case_1221559_out">
<pin_list>
<pin id="179" dir="1" index="0" bw="1" slack="0"/>
</pin_list>
<bind>
<StgValue><ssdm name="mux_case_1221559_out"/></StgValue>
</bind>
</comp>

<comp id="180" class="1000" name="mux_case_1120555_out">
<pin_list>
<pin id="181" dir="1" index="0" bw="1" slack="0"/>
</pin_list>
<bind>
<StgValue><ssdm name="mux_case_1120555_out"/></StgValue>
</bind>
</comp>

<comp id="182" class="1000" name="mux_case_1019551_out">
<pin_list>
<pin id="183" dir="1" index="0" bw="1" slack="0"/>
</pin_list>
<bind>
<StgValue><ssdm name="mux_case_1019551_out"/></StgValue>
</bind>
</comp>

<comp id="184" class="1000" name="mux_case_918547_out">
<pin_list>
<pin id="185" dir="1" index="0" bw="1" slack="0"/>
</pin_list>
<bind>
<StgValue><ssdm name="mux_case_918547_out"/></StgValue>
</bind>
</comp>

<comp id="186" class="1000" name="mux_case_817543_out">
<pin_list>
<pin id="187" dir="1" index="0" bw="1" slack="0"/>
</pin_list>
<bind>
<StgValue><ssdm name="mux_case_817543_out"/></StgValue>
</bind>
</comp>

<comp id="188" class="1000" name="mux_case_716539_out">
<pin_list>
<pin id="189" dir="1" index="0" bw="1" slack="0"/>
</pin_list>
<bind>
<StgValue><ssdm name="mux_case_716539_out"/></StgValue>
</bind>
</comp>

<comp id="190" class="1000" name="mux_case_615535_out">
<pin_list>
<pin id="191" dir="1" index="0" bw="1" slack="0"/>
</pin_list>
<bind>
<StgValue><ssdm name="mux_case_615535_out"/></StgValue>
</bind>
</comp>

<comp id="192" class="1000" name="mux_case_514531_out">
<pin_list>
<pin id="193" dir="1" index="0" bw="1" slack="0"/>
</pin_list>
<bind>
<StgValue><ssdm name="mux_case_514531_out"/></StgValue>
</bind>
</comp>

<comp id="194" class="1000" name="mux_case_413527_out">
<pin_list>
<pin id="195" dir="1" index="0" bw="1" slack="0"/>
</pin_list>
<bind>
<StgValue><ssdm name="mux_case_413527_out"/></StgValue>
</bind>
</comp>

<comp id="196" class="1000" name="mux_case_312523_out">
<pin_list>
<pin id="197" dir="1" index="0" bw="1" slack="0"/>
</pin_list>
<bind>
<StgValue><ssdm name="mux_case_312523_out"/></StgValue>
</bind>
</comp>

<comp id="198" class="1000" name="mux_case_211519_out">
<pin_list>
<pin id="199" dir="1" index="0" bw="1" slack="0"/>
</pin_list>
<bind>
<StgValue><ssdm name="mux_case_211519_out"/></StgValue>
</bind>
</comp>

<comp id="200" class="1000" name="mux_case_110515_out">
<pin_list>
<pin id="201" dir="1" index="0" bw="1" slack="0"/>
</pin_list>
<bind>
<StgValue><ssdm name="mux_case_110515_out"/></StgValue>
</bind>
</comp>

<comp id="202" class="1000" name="mux_case_03511_out">
<pin_list>
<pin id="203" dir="1" index="0" bw="1" slack="0"/>
</pin_list>
<bind>
<StgValue><ssdm name="mux_case_03511_out"/></StgValue>
</bind>
</comp>

<comp id="204" class="1000" name="mux_case_99507_out">
<pin_list>
<pin id="205" dir="1" index="0" bw="1" slack="0"/>
</pin_list>
<bind>
<StgValue><ssdm name="mux_case_99507_out"/></StgValue>
</bind>
</comp>

<comp id="206" class="1000" name="mux_case_98503_out">
<pin_list>
<pin id="207" dir="1" index="0" bw="1" slack="0"/>
</pin_list>
<bind>
<StgValue><ssdm name="mux_case_98503_out"/></StgValue>
</bind>
</comp>

<comp id="208" class="1000" name="mux_case_97499_out">
<pin_list>
<pin id="209" dir="1" index="0" bw="1" slack="0"/>
</pin_list>
<bind>
<StgValue><ssdm name="mux_case_97499_out"/></StgValue>
</bind>
</comp>

<comp id="210" class="1000" name="mux_case_96495_out">
<pin_list>
<pin id="211" dir="1" index="0" bw="1" slack="0"/>
</pin_list>
<bind>
<StgValue><ssdm name="mux_case_96495_out"/></StgValue>
</bind>
</comp>

<comp id="212" class="1000" name="mux_case_95491_out">
<pin_list>
<pin id="213" dir="1" index="0" bw="1" slack="0"/>
</pin_list>
<bind>
<StgValue><ssdm name="mux_case_95491_out"/></StgValue>
</bind>
</comp>

<comp id="214" class="1000" name="mux_case_94487_out">
<pin_list>
<pin id="215" dir="1" index="0" bw="1" slack="0"/>
</pin_list>
<bind>
<StgValue><ssdm name="mux_case_94487_out"/></StgValue>
</bind>
</comp>

<comp id="216" class="1000" name="mux_case_93483_out">
<pin_list>
<pin id="217" dir="1" index="0" bw="1" slack="0"/>
</pin_list>
<bind>
<StgValue><ssdm name="mux_case_93483_out"/></StgValue>
</bind>
</comp>

<comp id="218" class="1000" name="mux_case_92479_out">
<pin_list>
<pin id="219" dir="1" index="0" bw="1" slack="0"/>
</pin_list>
<bind>
<StgValue><ssdm name="mux_case_92479_out"/></StgValue>
</bind>
</comp>

<comp id="220" class="1000" name="mux_case_91475_out">
<pin_list>
<pin id="221" dir="1" index="0" bw="1" slack="0"/>
</pin_list>
<bind>
<StgValue><ssdm name="mux_case_91475_out"/></StgValue>
</bind>
</comp>

<comp id="222" class="1000" name="mux_case_90471_out">
<pin_list>
<pin id="223" dir="1" index="0" bw="1" slack="0"/>
</pin_list>
<bind>
<StgValue><ssdm name="mux_case_90471_out"/></StgValue>
</bind>
</comp>

<comp id="224" class="1000" name="mux_case_89467_out">
<pin_list>
<pin id="225" dir="1" index="0" bw="1" slack="0"/>
</pin_list>
<bind>
<StgValue><ssdm name="mux_case_89467_out"/></StgValue>
</bind>
</comp>

<comp id="226" class="1000" name="mux_case_88463_out">
<pin_list>
<pin id="227" dir="1" index="0" bw="1" slack="0"/>
</pin_list>
<bind>
<StgValue><ssdm name="mux_case_88463_out"/></StgValue>
</bind>
</comp>

<comp id="228" class="1000" name="mux_case_87459_out">
<pin_list>
<pin id="229" dir="1" index="0" bw="1" slack="0"/>
</pin_list>
<bind>
<StgValue><ssdm name="mux_case_87459_out"/></StgValue>
</bind>
</comp>

<comp id="230" class="1000" name="mux_case_86455_out">
<pin_list>
<pin id="231" dir="1" index="0" bw="1" slack="0"/>
</pin_list>
<bind>
<StgValue><ssdm name="mux_case_86455_out"/></StgValue>
</bind>
</comp>

<comp id="232" class="1000" name="mux_case_85451_out">
<pin_list>
<pin id="233" dir="1" index="0" bw="1" slack="0"/>
</pin_list>
<bind>
<StgValue><ssdm name="mux_case_85451_out"/></StgValue>
</bind>
</comp>

<comp id="234" class="1000" name="mux_case_84447_out">
<pin_list>
<pin id="235" dir="1" index="0" bw="1" slack="0"/>
</pin_list>
<bind>
<StgValue><ssdm name="mux_case_84447_out"/></StgValue>
</bind>
</comp>

<comp id="236" class="1000" name="mux_case_83443_out">
<pin_list>
<pin id="237" dir="1" index="0" bw="1" slack="0"/>
</pin_list>
<bind>
<StgValue><ssdm name="mux_case_83443_out"/></StgValue>
</bind>
</comp>

<comp id="238" class="1000" name="mux_case_82439_out">
<pin_list>
<pin id="239" dir="1" index="0" bw="1" slack="0"/>
</pin_list>
<bind>
<StgValue><ssdm name="mux_case_82439_out"/></StgValue>
</bind>
</comp>

<comp id="240" class="1000" name="mux_case_81435_out">
<pin_list>
<pin id="241" dir="1" index="0" bw="1" slack="0"/>
</pin_list>
<bind>
<StgValue><ssdm name="mux_case_81435_out"/></StgValue>
</bind>
</comp>

<comp id="242" class="1000" name="mux_case_80431_out">
<pin_list>
<pin id="243" dir="1" index="0" bw="1" slack="0"/>
</pin_list>
<bind>
<StgValue><ssdm name="mux_case_80431_out"/></StgValue>
</bind>
</comp>

<comp id="244" class="1000" name="mux_case_79427_out">
<pin_list>
<pin id="245" dir="1" index="0" bw="1" slack="0"/>
</pin_list>
<bind>
<StgValue><ssdm name="mux_case_79427_out"/></StgValue>
</bind>
</comp>

<comp id="246" class="1000" name="mux_case_78423_out">
<pin_list>
<pin id="247" dir="1" index="0" bw="1" slack="0"/>
</pin_list>
<bind>
<StgValue><ssdm name="mux_case_78423_out"/></StgValue>
</bind>
</comp>

<comp id="248" class="1000" name="mux_case_77419_out">
<pin_list>
<pin id="249" dir="1" index="0" bw="1" slack="0"/>
</pin_list>
<bind>
<StgValue><ssdm name="mux_case_77419_out"/></StgValue>
</bind>
</comp>

<comp id="250" class="1000" name="mux_case_76415_out">
<pin_list>
<pin id="251" dir="1" index="0" bw="1" slack="0"/>
</pin_list>
<bind>
<StgValue><ssdm name="mux_case_76415_out"/></StgValue>
</bind>
</comp>

<comp id="252" class="1000" name="mux_case_75411_out">
<pin_list>
<pin id="253" dir="1" index="0" bw="1" slack="0"/>
</pin_list>
<bind>
<StgValue><ssdm name="mux_case_75411_out"/></StgValue>
</bind>
</comp>

<comp id="254" class="1000" name="mux_case_74407_out">
<pin_list>
<pin id="255" dir="1" index="0" bw="1" slack="0"/>
</pin_list>
<bind>
<StgValue><ssdm name="mux_case_74407_out"/></StgValue>
</bind>
</comp>

<comp id="256" class="1000" name="mux_case_73403_out">
<pin_list>
<pin id="257" dir="1" index="0" bw="1" slack="0"/>
</pin_list>
<bind>
<StgValue><ssdm name="mux_case_73403_out"/></StgValue>
</bind>
</comp>

<comp id="258" class="1000" name="mux_case_72399_out">
<pin_list>
<pin id="259" dir="1" index="0" bw="1" slack="0"/>
</pin_list>
<bind>
<StgValue><ssdm name="mux_case_72399_out"/></StgValue>
</bind>
</comp>

<comp id="260" class="1000" name="mux_case_71395_out">
<pin_list>
<pin id="261" dir="1" index="0" bw="1" slack="0"/>
</pin_list>
<bind>
<StgValue><ssdm name="mux_case_71395_out"/></StgValue>
</bind>
</comp>

<comp id="262" class="1000" name="mux_case_70391_out">
<pin_list>
<pin id="263" dir="1" index="0" bw="1" slack="0"/>
</pin_list>
<bind>
<StgValue><ssdm name="mux_case_70391_out"/></StgValue>
</bind>
</comp>

<comp id="264" class="1000" name="mux_case_69387_out">
<pin_list>
<pin id="265" dir="1" index="0" bw="1" slack="0"/>
</pin_list>
<bind>
<StgValue><ssdm name="mux_case_69387_out"/></StgValue>
</bind>
</comp>

<comp id="266" class="1000" name="mux_case_68383_out">
<pin_list>
<pin id="267" dir="1" index="0" bw="1" slack="0"/>
</pin_list>
<bind>
<StgValue><ssdm name="mux_case_68383_out"/></StgValue>
</bind>
</comp>

<comp id="268" class="1000" name="mux_case_67379_out">
<pin_list>
<pin id="269" dir="1" index="0" bw="1" slack="0"/>
</pin_list>
<bind>
<StgValue><ssdm name="mux_case_67379_out"/></StgValue>
</bind>
</comp>

<comp id="270" class="1000" name="mux_case_66375_out">
<pin_list>
<pin id="271" dir="1" index="0" bw="1" slack="0"/>
</pin_list>
<bind>
<StgValue><ssdm name="mux_case_66375_out"/></StgValue>
</bind>
</comp>

<comp id="272" class="1000" name="mux_case_65371_out">
<pin_list>
<pin id="273" dir="1" index="0" bw="1" slack="0"/>
</pin_list>
<bind>
<StgValue><ssdm name="mux_case_65371_out"/></StgValue>
</bind>
</comp>

<comp id="274" class="1000" name="mux_case_64367_out">
<pin_list>
<pin id="275" dir="1" index="0" bw="1" slack="0"/>
</pin_list>
<bind>
<StgValue><ssdm name="mux_case_64367_out"/></StgValue>
</bind>
</comp>

<comp id="276" class="1000" name="mux_case_63363_out">
<pin_list>
<pin id="277" dir="1" index="0" bw="1" slack="0"/>
</pin_list>
<bind>
<StgValue><ssdm name="mux_case_63363_out"/></StgValue>
</bind>
</comp>

<comp id="278" class="1000" name="mux_case_62359_out">
<pin_list>
<pin id="279" dir="1" index="0" bw="1" slack="0"/>
</pin_list>
<bind>
<StgValue><ssdm name="mux_case_62359_out"/></StgValue>
</bind>
</comp>

<comp id="280" class="1000" name="mux_case_61355_out">
<pin_list>
<pin id="281" dir="1" index="0" bw="1" slack="0"/>
</pin_list>
<bind>
<StgValue><ssdm name="mux_case_61355_out"/></StgValue>
</bind>
</comp>

<comp id="282" class="1000" name="mux_case_60351_out">
<pin_list>
<pin id="283" dir="1" index="0" bw="1" slack="0"/>
</pin_list>
<bind>
<StgValue><ssdm name="mux_case_60351_out"/></StgValue>
</bind>
</comp>

<comp id="284" class="1000" name="mux_case_59347_out">
<pin_list>
<pin id="285" dir="1" index="0" bw="1" slack="0"/>
</pin_list>
<bind>
<StgValue><ssdm name="mux_case_59347_out"/></StgValue>
</bind>
</comp>

<comp id="286" class="1000" name="mux_case_58343_out">
<pin_list>
<pin id="287" dir="1" index="0" bw="1" slack="0"/>
</pin_list>
<bind>
<StgValue><ssdm name="mux_case_58343_out"/></StgValue>
</bind>
</comp>

<comp id="288" class="1000" name="mux_case_57339_out">
<pin_list>
<pin id="289" dir="1" index="0" bw="1" slack="0"/>
</pin_list>
<bind>
<StgValue><ssdm name="mux_case_57339_out"/></StgValue>
</bind>
</comp>

<comp id="290" class="1000" name="mux_case_56335_out">
<pin_list>
<pin id="291" dir="1" index="0" bw="1" slack="0"/>
</pin_list>
<bind>
<StgValue><ssdm name="mux_case_56335_out"/></StgValue>
</bind>
</comp>

<comp id="292" class="1000" name="mux_case_55331_out">
<pin_list>
<pin id="293" dir="1" index="0" bw="1" slack="0"/>
</pin_list>
<bind>
<StgValue><ssdm name="mux_case_55331_out"/></StgValue>
</bind>
</comp>

<comp id="294" class="1000" name="mux_case_54327_out">
<pin_list>
<pin id="295" dir="1" index="0" bw="1" slack="0"/>
</pin_list>
<bind>
<StgValue><ssdm name="mux_case_54327_out"/></StgValue>
</bind>
</comp>

<comp id="296" class="1000" name="mux_case_53323_out">
<pin_list>
<pin id="297" dir="1" index="0" bw="1" slack="0"/>
</pin_list>
<bind>
<StgValue><ssdm name="mux_case_53323_out"/></StgValue>
</bind>
</comp>

<comp id="298" class="1000" name="mux_case_52319_out">
<pin_list>
<pin id="299" dir="1" index="0" bw="1" slack="0"/>
</pin_list>
<bind>
<StgValue><ssdm name="mux_case_52319_out"/></StgValue>
</bind>
</comp>

<comp id="300" class="1000" name="mux_case_51315_out">
<pin_list>
<pin id="301" dir="1" index="0" bw="1" slack="0"/>
</pin_list>
<bind>
<StgValue><ssdm name="mux_case_51315_out"/></StgValue>
</bind>
</comp>

<comp id="302" class="1000" name="mux_case_50311_out">
<pin_list>
<pin id="303" dir="1" index="0" bw="1" slack="0"/>
</pin_list>
<bind>
<StgValue><ssdm name="mux_case_50311_out"/></StgValue>
</bind>
</comp>

<comp id="304" class="1000" name="mux_case_49307_out">
<pin_list>
<pin id="305" dir="1" index="0" bw="1" slack="0"/>
</pin_list>
<bind>
<StgValue><ssdm name="mux_case_49307_out"/></StgValue>
</bind>
</comp>

<comp id="306" class="1000" name="mux_case_48303_out">
<pin_list>
<pin id="307" dir="1" index="0" bw="1" slack="0"/>
</pin_list>
<bind>
<StgValue><ssdm name="mux_case_48303_out"/></StgValue>
</bind>
</comp>

<comp id="308" class="1000" name="mux_case_47299_out">
<pin_list>
<pin id="309" dir="1" index="0" bw="1" slack="0"/>
</pin_list>
<bind>
<StgValue><ssdm name="mux_case_47299_out"/></StgValue>
</bind>
</comp>

<comp id="310" class="1000" name="mux_case_46295_out">
<pin_list>
<pin id="311" dir="1" index="0" bw="1" slack="0"/>
</pin_list>
<bind>
<StgValue><ssdm name="mux_case_46295_out"/></StgValue>
</bind>
</comp>

<comp id="312" class="1000" name="mux_case_45291_out">
<pin_list>
<pin id="313" dir="1" index="0" bw="1" slack="0"/>
</pin_list>
<bind>
<StgValue><ssdm name="mux_case_45291_out"/></StgValue>
</bind>
</comp>

<comp id="314" class="1000" name="mux_case_44287_out">
<pin_list>
<pin id="315" dir="1" index="0" bw="1" slack="0"/>
</pin_list>
<bind>
<StgValue><ssdm name="mux_case_44287_out"/></StgValue>
</bind>
</comp>

<comp id="316" class="1000" name="mux_case_43283_out">
<pin_list>
<pin id="317" dir="1" index="0" bw="1" slack="0"/>
</pin_list>
<bind>
<StgValue><ssdm name="mux_case_43283_out"/></StgValue>
</bind>
</comp>

<comp id="318" class="1000" name="mux_case_42279_out">
<pin_list>
<pin id="319" dir="1" index="0" bw="1" slack="0"/>
</pin_list>
<bind>
<StgValue><ssdm name="mux_case_42279_out"/></StgValue>
</bind>
</comp>

<comp id="320" class="1000" name="mux_case_41275_out">
<pin_list>
<pin id="321" dir="1" index="0" bw="1" slack="0"/>
</pin_list>
<bind>
<StgValue><ssdm name="mux_case_41275_out"/></StgValue>
</bind>
</comp>

<comp id="322" class="1000" name="mux_case_40271_out">
<pin_list>
<pin id="323" dir="1" index="0" bw="1" slack="0"/>
</pin_list>
<bind>
<StgValue><ssdm name="mux_case_40271_out"/></StgValue>
</bind>
</comp>

<comp id="324" class="1000" name="mux_case_39267_out">
<pin_list>
<pin id="325" dir="1" index="0" bw="1" slack="0"/>
</pin_list>
<bind>
<StgValue><ssdm name="mux_case_39267_out"/></StgValue>
</bind>
</comp>

<comp id="326" class="1000" name="mux_case_38263_out">
<pin_list>
<pin id="327" dir="1" index="0" bw="1" slack="0"/>
</pin_list>
<bind>
<StgValue><ssdm name="mux_case_38263_out"/></StgValue>
</bind>
</comp>

<comp id="328" class="1000" name="mux_case_37259_out">
<pin_list>
<pin id="329" dir="1" index="0" bw="1" slack="0"/>
</pin_list>
<bind>
<StgValue><ssdm name="mux_case_37259_out"/></StgValue>
</bind>
</comp>

<comp id="330" class="1000" name="mux_case_36255_out">
<pin_list>
<pin id="331" dir="1" index="0" bw="1" slack="0"/>
</pin_list>
<bind>
<StgValue><ssdm name="mux_case_36255_out"/></StgValue>
</bind>
</comp>

<comp id="332" class="1000" name="mux_case_35251_out">
<pin_list>
<pin id="333" dir="1" index="0" bw="1" slack="0"/>
</pin_list>
<bind>
<StgValue><ssdm name="mux_case_35251_out"/></StgValue>
</bind>
</comp>

<comp id="334" class="1000" name="mux_case_34247_out">
<pin_list>
<pin id="335" dir="1" index="0" bw="1" slack="0"/>
</pin_list>
<bind>
<StgValue><ssdm name="mux_case_34247_out"/></StgValue>
</bind>
</comp>

<comp id="336" class="1000" name="mux_case_33243_out">
<pin_list>
<pin id="337" dir="1" index="0" bw="1" slack="0"/>
</pin_list>
<bind>
<StgValue><ssdm name="mux_case_33243_out"/></StgValue>
</bind>
</comp>

<comp id="338" class="1000" name="mux_case_32239_out">
<pin_list>
<pin id="339" dir="1" index="0" bw="1" slack="0"/>
</pin_list>
<bind>
<StgValue><ssdm name="mux_case_32239_out"/></StgValue>
</bind>
</comp>

<comp id="340" class="1000" name="mux_case_31235_out">
<pin_list>
<pin id="341" dir="1" index="0" bw="1" slack="0"/>
</pin_list>
<bind>
<StgValue><ssdm name="mux_case_31235_out"/></StgValue>
</bind>
</comp>

<comp id="342" class="1000" name="mux_case_30231_out">
<pin_list>
<pin id="343" dir="1" index="0" bw="1" slack="0"/>
</pin_list>
<bind>
<StgValue><ssdm name="mux_case_30231_out"/></StgValue>
</bind>
</comp>

<comp id="344" class="1000" name="mux_case_29227_out">
<pin_list>
<pin id="345" dir="1" index="0" bw="1" slack="0"/>
</pin_list>
<bind>
<StgValue><ssdm name="mux_case_29227_out"/></StgValue>
</bind>
</comp>

<comp id="346" class="1000" name="mux_case_28223_out">
<pin_list>
<pin id="347" dir="1" index="0" bw="1" slack="0"/>
</pin_list>
<bind>
<StgValue><ssdm name="mux_case_28223_out"/></StgValue>
</bind>
</comp>

<comp id="348" class="1000" name="mux_case_27219_out">
<pin_list>
<pin id="349" dir="1" index="0" bw="1" slack="0"/>
</pin_list>
<bind>
<StgValue><ssdm name="mux_case_27219_out"/></StgValue>
</bind>
</comp>

<comp id="350" class="1000" name="mux_case_26215_out">
<pin_list>
<pin id="351" dir="1" index="0" bw="1" slack="0"/>
</pin_list>
<bind>
<StgValue><ssdm name="mux_case_26215_out"/></StgValue>
</bind>
</comp>

<comp id="352" class="1000" name="mux_case_25211_out">
<pin_list>
<pin id="353" dir="1" index="0" bw="1" slack="0"/>
</pin_list>
<bind>
<StgValue><ssdm name="mux_case_25211_out"/></StgValue>
</bind>
</comp>

<comp id="354" class="1000" name="mux_case_24207_out">
<pin_list>
<pin id="355" dir="1" index="0" bw="1" slack="0"/>
</pin_list>
<bind>
<StgValue><ssdm name="mux_case_24207_out"/></StgValue>
</bind>
</comp>

<comp id="356" class="1000" name="mux_case_23203_out">
<pin_list>
<pin id="357" dir="1" index="0" bw="1" slack="0"/>
</pin_list>
<bind>
<StgValue><ssdm name="mux_case_23203_out"/></StgValue>
</bind>
</comp>

<comp id="358" class="1000" name="mux_case_22199_out">
<pin_list>
<pin id="359" dir="1" index="0" bw="1" slack="0"/>
</pin_list>
<bind>
<StgValue><ssdm name="mux_case_22199_out"/></StgValue>
</bind>
</comp>

<comp id="360" class="1000" name="mux_case_21195_out">
<pin_list>
<pin id="361" dir="1" index="0" bw="1" slack="0"/>
</pin_list>
<bind>
<StgValue><ssdm name="mux_case_21195_out"/></StgValue>
</bind>
</comp>

<comp id="362" class="1000" name="mux_case_20191_out">
<pin_list>
<pin id="363" dir="1" index="0" bw="1" slack="0"/>
</pin_list>
<bind>
<StgValue><ssdm name="mux_case_20191_out"/></StgValue>
</bind>
</comp>

<comp id="364" class="1000" name="mux_case_19187_out">
<pin_list>
<pin id="365" dir="1" index="0" bw="1" slack="0"/>
</pin_list>
<bind>
<StgValue><ssdm name="mux_case_19187_out"/></StgValue>
</bind>
</comp>

<comp id="366" class="1000" name="mux_case_18183_out">
<pin_list>
<pin id="367" dir="1" index="0" bw="1" slack="0"/>
</pin_list>
<bind>
<StgValue><ssdm name="mux_case_18183_out"/></StgValue>
</bind>
</comp>

<comp id="368" class="1000" name="mux_case_17179_out">
<pin_list>
<pin id="369" dir="1" index="0" bw="1" slack="0"/>
</pin_list>
<bind>
<StgValue><ssdm name="mux_case_17179_out"/></StgValue>
</bind>
</comp>

<comp id="370" class="1000" name="mux_case_16175_out">
<pin_list>
<pin id="371" dir="1" index="0" bw="1" slack="0"/>
</pin_list>
<bind>
<StgValue><ssdm name="mux_case_16175_out"/></StgValue>
</bind>
</comp>

<comp id="372" class="1000" name="mux_case_15171_out">
<pin_list>
<pin id="373" dir="1" index="0" bw="1" slack="0"/>
</pin_list>
<bind>
<StgValue><ssdm name="mux_case_15171_out"/></StgValue>
</bind>
</comp>

<comp id="374" class="1000" name="mux_case_14167_out">
<pin_list>
<pin id="375" dir="1" index="0" bw="1" slack="0"/>
</pin_list>
<bind>
<StgValue><ssdm name="mux_case_14167_out"/></StgValue>
</bind>
</comp>

<comp id="376" class="1000" name="mux_case_13163_out">
<pin_list>
<pin id="377" dir="1" index="0" bw="1" slack="0"/>
</pin_list>
<bind>
<StgValue><ssdm name="mux_case_13163_out"/></StgValue>
</bind>
</comp>

<comp id="378" class="1000" name="mux_case_12159_out">
<pin_list>
<pin id="379" dir="1" index="0" bw="1" slack="0"/>
</pin_list>
<bind>
<StgValue><ssdm name="mux_case_12159_out"/></StgValue>
</bind>
</comp>

<comp id="380" class="1000" name="mux_case_11155_out">
<pin_list>
<pin id="381" dir="1" index="0" bw="1" slack="0"/>
</pin_list>
<bind>
<StgValue><ssdm name="mux_case_11155_out"/></StgValue>
</bind>
</comp>

<comp id="382" class="1000" name="mux_case_10151_out">
<pin_list>
<pin id="383" dir="1" index="0" bw="1" slack="0"/>
</pin_list>
<bind>
<StgValue><ssdm name="mux_case_10151_out"/></StgValue>
</bind>
</comp>

<comp id="384" class="1000" name="mux_case_9147_out">
<pin_list>
<pin id="385" dir="1" index="0" bw="1" slack="0"/>
</pin_list>
<bind>
<StgValue><ssdm name="mux_case_9147_out"/></StgValue>
</bind>
</comp>

<comp id="386" class="1000" name="mux_case_8143_out">
<pin_list>
<pin id="387" dir="1" index="0" bw="1" slack="0"/>
</pin_list>
<bind>
<StgValue><ssdm name="mux_case_8143_out"/></StgValue>
</bind>
</comp>

<comp id="388" class="1000" name="mux_case_7139_out">
<pin_list>
<pin id="389" dir="1" index="0" bw="1" slack="0"/>
</pin_list>
<bind>
<StgValue><ssdm name="mux_case_7139_out"/></StgValue>
</bind>
</comp>

<comp id="390" class="1000" name="mux_case_6135_out">
<pin_list>
<pin id="391" dir="1" index="0" bw="1" slack="0"/>
</pin_list>
<bind>
<StgValue><ssdm name="mux_case_6135_out"/></StgValue>
</bind>
</comp>

<comp id="392" class="1000" name="mux_case_5131_out">
<pin_list>
<pin id="393" dir="1" index="0" bw="1" slack="0"/>
</pin_list>
<bind>
<StgValue><ssdm name="mux_case_5131_out"/></StgValue>
</bind>
</comp>

<comp id="394" class="1000" name="mux_case_4127_out">
<pin_list>
<pin id="395" dir="1" index="0" bw="1" slack="0"/>
</pin_list>
<bind>
<StgValue><ssdm name="mux_case_4127_out"/></StgValue>
</bind>
</comp>

<comp id="396" class="1000" name="mux_case_3123_out">
<pin_list>
<pin id="397" dir="1" index="0" bw="1" slack="0"/>
</pin_list>
<bind>
<StgValue><ssdm name="mux_case_3123_out"/></StgValue>
</bind>
</comp>

<comp id="398" class="1000" name="mux_case_2119_out">
<pin_list>
<pin id="399" dir="1" index="0" bw="1" slack="0"/>
</pin_list>
<bind>
<StgValue><ssdm name="mux_case_2119_out"/></StgValue>
</bind>
</comp>

<comp id="400" class="1000" name="mux_case_1115_out">
<pin_list>
<pin id="401" dir="1" index="0" bw="1" slack="0"/>
</pin_list>
<bind>
<StgValue><ssdm name="mux_case_1115_out"/></StgValue>
</bind>
</comp>

<comp id="402" class="1000" name="mux_case_0111_out">
<pin_list>
<pin id="403" dir="1" index="0" bw="1" slack="0"/>
</pin_list>
<bind>
<StgValue><ssdm name="mux_case_0111_out"/></StgValue>
</bind>
</comp>

<comp id="404" class="1001" name="const_404">
<pin_list>
<pin id="405" dir="1" index="0" bw="1" slack="0"/>
</pin_list>
<bind>
<StgValue><ssdm name=""/></StgValue>
</bind>
</comp>

<comp id="406" class="1001" name="const_406">
<pin_list>
<pin id="407" dir="1" index="0" bw="1" slack="2147483647"/>
</pin_list>
<bind>
<StgValue><ssdm name="_ssdm_op_SpecInterface"/></StgValue>
</bind>
</comp>

<comp id="408" class="1001" name="const_408">
<pin_list>
<pin id="409" dir="1" index="0" bw="1" slack="2147483647"/>
</pin_list>
<bind>
<StgValue><ssdm name="empty_10"/></StgValue>
</bind>
</comp>

<comp id="410" class="1001" name="const_410">
<pin_list>
<pin id="411" dir="1" index="0" bw="1" slack="2147483647"/>
</pin_list>
<bind>
<StgValue><ssdm name=""/></StgValue>
</bind>
</comp>

<comp id="412" class="1001" name="const_412">
<pin_list>
<pin id="413" dir="1" index="0" bw="1" slack="2147483647"/>
</pin_list>
<bind>
<StgValue><ssdm name="empty_27"/></StgValue>
</bind>
</comp>

<comp id="414" class="1001" name="const_414">
<pin_list>
<pin id="415" dir="1" index="0" bw="1" slack="2147483647"/>
</pin_list>
<bind>
<StgValue><ssdm name=""/></StgValue>
</bind>
</comp>

<comp id="416" class="1001" name="const_416">
<pin_list>
<pin id="417" dir="1" index="0" bw="1" slack="0"/>
</pin_list>
<bind>
<StgValue><ssdm name="_ssdm_op_Read.ap_auto.i32"/></StgValue>
</bind>
</comp>

<comp id="418" class="1001" name="const_418">
<pin_list>
<pin id="419" dir="1" index="0" bw="1" slack="0"/>
</pin_list>
<bind>
<StgValue><ssdm name=""/></StgValue>
</bind>
</comp>

<comp id="420" class="1001" name="const_420">
<pin_list>
<pin id="421" dir="1" index="0" bw="1" slack="0"/>
</pin_list>
<bind>
<StgValue><ssdm name=""/></StgValue>
</bind>
</comp>

<comp id="422" class="1001" name="const_422">
<pin_list>
<pin id="423" dir="1" index="0" bw="1" slack="0"/>
</pin_list>
<bind>
<StgValue><ssdm name=""/></StgValue>
</bind>
</comp>

<comp id="424" class="1001" name="const_424">
<pin_list>
<pin id="425" dir="1" index="0" bw="1" slack="2147483647"/>
</pin_list>
<bind>
<StgValue><ssdm name=""/></StgValue>
</bind>
</comp>

<comp id="426" class="1001" name="const_426">
<pin_list>
<pin id="427" dir="1" index="0" bw="1" slack="2147483647"/>
</pin_list>
<bind>
<StgValue><ssdm name=""/></StgValue>
</bind>
</comp>

<comp id="428" class="1001" name="const_428">
<pin_list>
<pin id="429" dir="1" index="0" bw="1" slack="2147483647"/>
</pin_list>
<bind>
<StgValue><ssdm name=""/></StgValue>
</bind>
</comp>

<comp id="430" class="1001" name="const_430">
<pin_list>
<pin id="431" dir="1" index="0" bw="1" slack="2147483647"/>
</pin_list>
<bind>
<StgValue><ssdm name=""/></StgValue>
</bind>
</comp>

<comp id="432" class="1001" name="const_432">
<pin_list>
<pin id="433" dir="1" index="0" bw="1" slack="2147483647"/>
</pin_list>
<bind>
<StgValue><ssdm name=""/></StgValue>
</bind>
</comp>

<comp id="434" class="1001" name="const_434">
<pin_list>
<pin id="435" dir="1" index="0" bw="1" slack="2147483647"/>
</pin_list>
<bind>
<StgValue><ssdm name=""/></StgValue>
</bind>
</comp>

<comp id="436" class="1001" name="const_436">
<pin_list>
<pin id="437" dir="1" index="0" bw="1" slack="2147483647"/>
</pin_list>
<bind>
<StgValue><ssdm name=""/></StgValue>
</bind>
</comp>

<comp id="438" class="1001" name="const_438">
<pin_list>
<pin id="439" dir="1" index="0" bw="1" slack="2147483647"/>
</pin_list>
<bind>
<StgValue><ssdm name=""/></StgValue>
</bind>
</comp>

<comp id="440" class="1001" name="const_440">
<pin_list>
<pin id="441" dir="1" index="0" bw="1" slack="2147483647"/>
</pin_list>
<bind>
<StgValue><ssdm name=""/></StgValue>
</bind>
</comp>

<comp id="442" class="1001" name="const_442">
<pin_list>
<pin id="443" dir="1" index="0" bw="1" slack="2147483647"/>
</pin_list>
<bind>
<StgValue><ssdm name=""/></StgValue>
</bind>
</comp>

<comp id="444" class="1001" name="const_444">
<pin_list>
<pin id="445" dir="1" index="0" bw="1" slack="2147483647"/>
</pin_list>
<bind>
<StgValue><ssdm name=""/></StgValue>
</bind>
</comp>

<comp id="446" class="1001" name="const_446">
<pin_list>
<pin id="447" dir="1" index="0" bw="1" slack="2147483647"/>
</pin_list>
<bind>
<StgValue><ssdm name=""/></StgValue>
</bind>
</comp>

<comp id="448" class="1001" name="const_448">
<pin_list>
<pin id="449" dir="1" index="0" bw="1" slack="2147483647"/>
</pin_list>
<bind>
<StgValue><ssdm name=""/></StgValue>
</bind>
</comp>

<comp id="450" class="1001" name="const_450">
<pin_list>
<pin id="451" dir="1" index="0" bw="1" slack="2147483647"/>
</pin_list>
<bind>
<StgValue><ssdm name=""/></StgValue>
</bind>
</comp>

<comp id="452" class="1001" name="const_452">
<pin_list>
<pin id="453" dir="1" index="0" bw="1" slack="2147483647"/>
</pin_list>
<bind>
<StgValue><ssdm name=""/></StgValue>
</bind>
</comp>

<comp id="454" class="1001" name="const_454">
<pin_list>
<pin id="455" dir="1" index="0" bw="1" slack="2147483647"/>
</pin_list>
<bind>
<StgValue><ssdm name=""/></StgValue>
</bind>
</comp>

<comp id="456" class="1001" name="const_456">
<pin_list>
<pin id="457" dir="1" index="0" bw="1" slack="2147483647"/>
</pin_list>
<bind>
<StgValue><ssdm name=""/></StgValue>
</bind>
</comp>

<comp id="458" class="1001" name="const_458">
<pin_list>
<pin id="459" dir="1" index="0" bw="1" slack="2147483647"/>
</pin_list>
<bind>
<StgValue><ssdm name=""/></StgValue>
</bind>
</comp>

<comp id="460" class="1001" name="const_460">
<pin_list>
<pin id="461" dir="1" index="0" bw="1" slack="2147483647"/>
</pin_list>
<bind>
<StgValue><ssdm name=""/></StgValue>
</bind>
</comp>

<comp id="462" class="1001" name="const_462">
<pin_list>
<pin id="463" dir="1" index="0" bw="1" slack="2147483647"/>
</pin_list>
<bind>
<StgValue><ssdm name=""/></StgValue>
</bind>
</comp>

<comp id="464" class="1001" name="const_464">
<pin_list>
<pin id="465" dir="1" index="0" bw="1" slack="2147483647"/>
</pin_list>
<bind>
<StgValue><ssdm name=""/></StgValue>
</bind>
</comp>

<comp id="466" class="1001" name="const_466">
<pin_list>
<pin id="467" dir="1" index="0" bw="1" slack="2147483647"/>
</pin_list>
<bind>
<StgValue><ssdm name=""/></StgValue>
</bind>
</comp>

<comp id="468" class="1001" name="const_468">
<pin_list>
<pin id="469" dir="1" index="0" bw="1" slack="2147483647"/>
</pin_list>
<bind>
<StgValue><ssdm name=""/></StgValue>
</bind>
</comp>

<comp id="470" class="1001" name="const_470">
<pin_list>
<pin id="471" dir="1" index="0" bw="1" slack="2147483647"/>
</pin_list>
<bind>
<StgValue><ssdm name=""/></StgValue>
</bind>
</comp>

<comp id="472" class="1001" name="const_472">
<pin_list>
<pin id="473" dir="1" index="0" bw="1" slack="2147483647"/>
</pin_list>
<bind>
<StgValue><ssdm name=""/></StgValue>
</bind>
</comp>

<comp id="474" class="1001" name="const_474">
<pin_list>
<pin id="475" dir="1" index="0" bw="1" slack="2147483647"/>
</pin_list>
<bind>
<StgValue><ssdm name=""/></StgValue>
</bind>
</comp>

<comp id="476" class="1001" name="const_476">
<pin_list>
<pin id="477" dir="1" index="0" bw="1" slack="2147483647"/>
</pin_list>
<bind>
<StgValue><ssdm name=""/></StgValue>
</bind>
</comp>

<comp id="478" class="1001" name="const_478">
<pin_list>
<pin id="479" dir="1" index="0" bw="1" slack="2147483647"/>
</pin_list>
<bind>
<StgValue><ssdm name=""/></StgValue>
</bind>
</comp>

<comp id="480" class="1001" name="const_480">
<pin_list>
<pin id="481" dir="1" index="0" bw="1" slack="2147483647"/>
</pin_list>
<bind>
<StgValue><ssdm name=""/></StgValue>
</bind>
</comp>

<comp id="482" class="1001" name="const_482">
<pin_list>
<pin id="483" dir="1" index="0" bw="1" slack="2147483647"/>
</pin_list>
<bind>
<StgValue><ssdm name=""/></StgValue>
</bind>
</comp>

<comp id="484" class="1001" name="const_484">
<pin_list>
<pin id="485" dir="1" index="0" bw="1" slack="2147483647"/>
</pin_list>
<bind>
<StgValue><ssdm name=""/></StgValue>
</bind>
</comp>

<comp id="486" class="1001" name="const_486">
<pin_list>
<pin id="487" dir="1" index="0" bw="1" slack="2147483647"/>
</pin_list>
<bind>
<StgValue><ssdm name=""/></StgValue>
</bind>
</comp>

<comp id="488" class="1001" name="const_488">
<pin_list>
<pin id="489" dir="1" index="0" bw="1" slack="2147483647"/>
</pin_list>
<bind>
<StgValue><ssdm name=""/></StgValue>
</bind>
</comp>

<comp id="490" class="1001" name="const_490">
<pin_list>
<pin id="491" dir="1" index="0" bw="1" slack="2147483647"/>
</pin_list>
<bind>
<StgValue><ssdm name=""/></StgValue>
</bind>
</comp>

<comp id="492" class="1001" name="const_492">
<pin_list>
<pin id="493" dir="1" index="0" bw="1" slack="2147483647"/>
</pin_list>
<bind>
<StgValue><ssdm name=""/></StgValue>
</bind>
</comp>

<comp id="494" class="1001" name="const_494">
<pin_list>
<pin id="495" dir="1" index="0" bw="1" slack="2147483647"/>
</pin_list>
<bind>
<StgValue><ssdm name=""/></StgValue>
</bind>
</comp>

<comp id="496" class="1001" name="const_496">
<pin_list>
<pin id="497" dir="1" index="0" bw="1" slack="2147483647"/>
</pin_list>
<bind>
<StgValue><ssdm name=""/></StgValue>
</bind>
</comp>

<comp id="498" class="1001" name="const_498">
<pin_list>
<pin id="499" dir="1" index="0" bw="1" slack="2147483647"/>
</pin_list>
<bind>
<StgValue><ssdm name=""/></StgValue>
</bind>
</comp>

<comp id="500" class="1001" name="const_500">
<pin_list>
<pin id="501" dir="1" index="0" bw="1" slack="2147483647"/>
</pin_list>
<bind>
<StgValue><ssdm name=""/></StgValue>
</bind>
</comp>

<comp id="502" class="1001" name="const_502">
<pin_list>
<pin id="503" dir="1" index="0" bw="1" slack="2147483647"/>
</pin_list>
<bind>
<StgValue><ssdm name=""/></StgValue>
</bind>
</comp>

<comp id="504" class="1001" name="const_504">
<pin_list>
<pin id="505" dir="1" index="0" bw="1" slack="2147483647"/>
</pin_list>
<bind>
<StgValue><ssdm name=""/></StgValue>
</bind>
</comp>

<comp id="506" class="1001" name="const_506">
<pin_list>
<pin id="507" dir="1" index="0" bw="1" slack="2147483647"/>
</pin_list>
<bind>
<StgValue><ssdm name=""/></StgValue>
</bind>
</comp>

<comp id="508" class="1001" name="const_508">
<pin_list>
<pin id="509" dir="1" index="0" bw="1" slack="2147483647"/>
</pin_list>
<bind>
<StgValue><ssdm name=""/></StgValue>
</bind>
</comp>

<comp id="510" class="1001" name="const_510">
<pin_list>
<pin id="511" dir="1" index="0" bw="1" slack="2147483647"/>
</pin_list>
<bind>
<StgValue><ssdm name=""/></StgValue>
</bind>
</comp>

<comp id="512" class="1001" name="const_512">
<pin_list>
<pin id="513" dir="1" index="0" bw="1" slack="2147483647"/>
</pin_list>
<bind>
<StgValue><ssdm name=""/></StgValue>
</bind>
</comp>

<comp id="514" class="1001" name="const_514">
<pin_list>
<pin id="515" dir="1" index="0" bw="1" slack="2147483647"/>
</pin_list>
<bind>
<StgValue><ssdm name=""/></StgValue>
</bind>
</comp>

<comp id="516" class="1001" name="const_516">
<pin_list>
<pin id="517" dir="1" index="0" bw="1" slack="2147483647"/>
</pin_list>
<bind>
<StgValue><ssdm name=""/></StgValue>
</bind>
</comp>

<comp id="518" class="1001" name="const_518">
<pin_list>
<pin id="519" dir="1" index="0" bw="1" slack="2147483647"/>
</pin_list>
<bind>
<StgValue><ssdm name=""/></StgValue>
</bind>
</comp>

<comp id="520" class="1001" name="const_520">
<pin_list>
<pin id="521" dir="1" index="0" bw="1" slack="2147483647"/>
</pin_list>
<bind>
<StgValue><ssdm name=""/></StgValue>
</bind>
</comp>

<comp id="522" class="1001" name="const_522">
<pin_list>
<pin id="523" dir="1" index="0" bw="1" slack="2147483647"/>
</pin_list>
<bind>
<StgValue><ssdm name=""/></StgValue>
</bind>
</comp>

<comp id="524" class="1001" name="const_524">
<pin_list>
<pin id="525" dir="1" index="0" bw="1" slack="2147483647"/>
</pin_list>
<bind>
<StgValue><ssdm name=""/></StgValue>
</bind>
</comp>

<comp id="526" class="1001" name="const_526">
<pin_list>
<pin id="527" dir="1" index="0" bw="1" slack="2147483647"/>
</pin_list>
<bind>
<StgValue><ssdm name=""/></StgValue>
</bind>
</comp>

<comp id="528" class="1001" name="const_528">
<pin_list>
<pin id="529" dir="1" index="0" bw="1" slack="2147483647"/>
</pin_list>
<bind>
<StgValue><ssdm name=""/></StgValue>
</bind>
</comp>

<comp id="530" class="1001" name="const_530">
<pin_list>
<pin id="531" dir="1" index="0" bw="1" slack="2147483647"/>
</pin_list>
<bind>
<StgValue><ssdm name=""/></StgValue>
</bind>
</comp>

<comp id="532" class="1001" name="const_532">
<pin_list>
<pin id="533" dir="1" index="0" bw="1" slack="2147483647"/>
</pin_list>
<bind>
<StgValue><ssdm name=""/></StgValue>
</bind>
</comp>

<comp id="534" class="1001" name="const_534">
<pin_list>
<pin id="535" dir="1" index="0" bw="1" slack="2147483647"/>
</pin_list>
<bind>
<StgValue><ssdm name=""/></StgValue>
</bind>
</comp>

<comp id="536" class="1001" name="const_536">
<pin_list>
<pin id="537" dir="1" index="0" bw="1" slack="2147483647"/>
</pin_list>
<bind>
<StgValue><ssdm name=""/></StgValue>
</bind>
</comp>

<comp id="538" class="1001" name="const_538">
<pin_list>
<pin id="539" dir="1" index="0" bw="1" slack="2147483647"/>
</pin_list>
<bind>
<StgValue><ssdm name=""/></StgValue>
</bind>
</comp>

<comp id="540" class="1001" name="const_540">
<pin_list>
<pin id="541" dir="1" index="0" bw="1" slack="2147483647"/>
</pin_list>
<bind>
<StgValue><ssdm name=""/></StgValue>
</bind>
</comp>

<comp id="542" class="1001" name="const_542">
<pin_list>
<pin id="543" dir="1" index="0" bw="1" slack="2147483647"/>
</pin_list>
<bind>
<StgValue><ssdm name=""/></StgValue>
</bind>
</comp>

<comp id="544" class="1001" name="const_544">
<pin_list>
<pin id="545" dir="1" index="0" bw="1" slack="2147483647"/>
</pin_list>
<bind>
<StgValue><ssdm name=""/></StgValue>
</bind>
</comp>

<comp id="546" class="1001" name="const_546">
<pin_list>
<pin id="547" dir="1" index="0" bw="1" slack="2147483647"/>
</pin_list>
<bind>
<StgValue><ssdm name=""/></StgValue>
</bind>
</comp>

<comp id="548" class="1001" name="const_548">
<pin_list>
<pin id="549" dir="1" index="0" bw="1" slack="2147483647"/>
</pin_list>
<bind>
<StgValue><ssdm name=""/></StgValue>
</bind>
</comp>

<comp id="550" class="1001" name="const_550">
<pin_list>
<pin id="551" dir="1" index="0" bw="1" slack="2147483647"/>
</pin_list>
<bind>
<StgValue><ssdm name=""/></StgValue>
</bind>
</comp>

<comp id="552" class="1001" name="const_552">
<pin_list>
<pin id="553" dir="1" index="0" bw="1" slack="2147483647"/>
</pin_list>
<bind>
<StgValue><ssdm name=""/></StgValue>
</bind>
</comp>

<comp id="554" class="1001" name="const_554">
<pin_list>
<pin id="555" dir="1" index="0" bw="1" slack="2147483647"/>
</pin_list>
<bind>
<StgValue><ssdm name=""/></StgValue>
</bind>
</comp>

<comp id="556" class="1001" name="const_556">
<pin_list>
<pin id="557" dir="1" index="0" bw="1" slack="2147483647"/>
</pin_list>
<bind>
<StgValue><ssdm name=""/></StgValue>
</bind>
</comp>

<comp id="558" class="1001" name="const_558">
<pin_list>
<pin id="559" dir="1" index="0" bw="1" slack="2147483647"/>
</pin_list>
<bind>
<StgValue><ssdm name=""/></StgValue>
</bind>
</comp>

<comp id="560" class="1001" name="const_560">
<pin_list>
<pin id="561" dir="1" index="0" bw="1" slack="2147483647"/>
</pin_list>
<bind>
<StgValue><ssdm name=""/></StgValue>
</bind>
</comp>

<comp id="562" class="1001" name="const_562">
<pin_list>
<pin id="563" dir="1" index="0" bw="1" slack="2147483647"/>
</pin_list>
<bind>
<StgValue><ssdm name=""/></StgValue>
</bind>
</comp>

<comp id="564" class="1001" name="const_564">
<pin_list>
<pin id="565" dir="1" index="0" bw="1" slack="2147483647"/>
</pin_list>
<bind>
<StgValue><ssdm name=""/></StgValue>
</bind>
</comp>

<comp id="566" class="1001" name="const_566">
<pin_list>
<pin id="567" dir="1" index="0" bw="1" slack="2147483647"/>
</pin_list>
<bind>
<StgValue><ssdm name=""/></StgValue>
</bind>
</comp>

<comp id="568" class="1001" name="const_568">
<pin_list>
<pin id="569" dir="1" index="0" bw="1" slack="2147483647"/>
</pin_list>
<bind>
<StgValue><ssdm name=""/></StgValue>
</bind>
</comp>

<comp id="570" class="1001" name="const_570">
<pin_list>
<pin id="571" dir="1" index="0" bw="1" slack="2147483647"/>
</pin_list>
<bind>
<StgValue><ssdm name=""/></StgValue>
</bind>
</comp>

<comp id="572" class="1001" name="const_572">
<pin_list>
<pin id="573" dir="1" index="0" bw="1" slack="2147483647"/>
</pin_list>
<bind>
<StgValue><ssdm name=""/></StgValue>
</bind>
</comp>

<comp id="574" class="1001" name="const_574">
<pin_list>
<pin id="575" dir="1" index="0" bw="1" slack="2147483647"/>
</pin_list>
<bind>
<StgValue><ssdm name=""/></StgValue>
</bind>
</comp>

<comp id="576" class="1001" name="const_576">
<pin_list>
<pin id="577" dir="1" index="0" bw="1" slack="2147483647"/>
</pin_list>
<bind>
<StgValue><ssdm name=""/></StgValue>
</bind>
</comp>

<comp id="578" class="1001" name="const_578">
<pin_list>
<pin id="579" dir="1" index="0" bw="1" slack="2147483647"/>
</pin_list>
<bind>
<StgValue><ssdm name=""/></StgValue>
</bind>
</comp>

<comp id="580" class="1001" name="const_580">
<pin_list>
<pin id="581" dir="1" index="0" bw="1" slack="2147483647"/>
</pin_list>
<bind>
<StgValue><ssdm name=""/></StgValue>
</bind>
</comp>

<comp id="582" class="1001" name="const_582">
<pin_list>
<pin id="583" dir="1" index="0" bw="1" slack="2147483647"/>
</pin_list>
<bind>
<StgValue><ssdm name=""/></StgValue>
</bind>
</comp>

<comp id="584" class="1001" name="const_584">
<pin_list>
<pin id="585" dir="1" index="0" bw="1" slack="2147483647"/>
</pin_list>
<bind>
<StgValue><ssdm name=""/></StgValue>
</bind>
</comp>

<comp id="586" class="1001" name="const_586">
<pin_list>
<pin id="587" dir="1" index="0" bw="1" slack="2147483647"/>
</pin_list>
<bind>
<StgValue><ssdm name=""/></StgValue>
</bind>
</comp>

<comp id="588" class="1001" name="const_588">
<pin_list>
<pin id="589" dir="1" index="0" bw="1" slack="2147483647"/>
</pin_list>
<bind>
<StgValue><ssdm name=""/></StgValue>
</bind>
</comp>

<comp id="590" class="1001" name="const_590">
<pin_list>
<pin id="591" dir="1" index="0" bw="1" slack="2147483647"/>
</pin_list>
<bind>
<StgValue><ssdm name=""/></StgValue>
</bind>
</comp>

<comp id="592" class="1001" name="const_592">
<pin_list>
<pin id="593" dir="1" index="0" bw="1" slack="2147483647"/>
</pin_list>
<bind>
<StgValue><ssdm name=""/></StgValue>
</bind>
</comp>

<comp id="594" class="1001" name="const_594">
<pin_list>
<pin id="595" dir="1" index="0" bw="1" slack="2147483647"/>
</pin_list>
<bind>
<StgValue><ssdm name=""/></StgValue>
</bind>
</comp>

<comp id="596" class="1001" name="const_596">
<pin_list>
<pin id="597" dir="1" index="0" bw="1" slack="2147483647"/>
</pin_list>
<bind>
<StgValue><ssdm name=""/></StgValue>
</bind>
</comp>

<comp id="598" class="1001" name="const_598">
<pin_list>
<pin id="599" dir="1" index="0" bw="1" slack="2147483647"/>
</pin_list>
<bind>
<StgValue><ssdm name=""/></StgValue>
</bind>
</comp>

<comp id="600" class="1001" name="const_600">
<pin_list>
<pin id="601" dir="1" index="0" bw="1" slack="2147483647"/>
</pin_list>
<bind>
<StgValue><ssdm name=""/></StgValue>
</bind>
</comp>

<comp id="602" class="1001" name="const_602">
<pin_list>
<pin id="603" dir="1" index="0" bw="1" slack="2147483647"/>
</pin_list>
<bind>
<StgValue><ssdm name=""/></StgValue>
</bind>
</comp>

<comp id="604" class="1001" name="const_604">
<pin_list>
<pin id="605" dir="1" index="0" bw="1" slack="2147483647"/>
</pin_list>
<bind>
<StgValue><ssdm name=""/></StgValue>
</bind>
</comp>

<comp id="606" class="1001" name="const_606">
<pin_list>
<pin id="607" dir="1" index="0" bw="1" slack="2147483647"/>
</pin_list>
<bind>
<StgValue><ssdm name=""/></StgValue>
</bind>
</comp>

<comp id="608" class="1001" name="const_608">
<pin_list>
<pin id="609" dir="1" index="0" bw="1" slack="2147483647"/>
</pin_list>
<bind>
<StgValue><ssdm name=""/></StgValue>
</bind>
</comp>

<comp id="610" class="1001" name="const_610">
<pin_list>
<pin id="611" dir="1" index="0" bw="1" slack="2147483647"/>
</pin_list>
<bind>
<StgValue><ssdm name=""/></StgValue>
</bind>
</comp>

<comp id="612" class="1001" name="const_612">
<pin_list>
<pin id="613" dir="1" index="0" bw="1" slack="2147483647"/>
</pin_list>
<bind>
<StgValue><ssdm name=""/></StgValue>
</bind>
</comp>

<comp id="614" class="1001" name="const_614">
<pin_list>
<pin id="615" dir="1" index="0" bw="1" slack="2147483647"/>
</pin_list>
<bind>
<StgValue><ssdm name=""/></StgValue>
</bind>
</comp>

<comp id="616" class="1001" name="const_616">
<pin_list>
<pin id="617" dir="1" index="0" bw="1" slack="2147483647"/>
</pin_list>
<bind>
<StgValue><ssdm name=""/></StgValue>
</bind>
</comp>

<comp id="618" class="1001" name="const_618">
<pin_list>
<pin id="619" dir="1" index="0" bw="1" slack="2147483647"/>
</pin_list>
<bind>
<StgValue><ssdm name="_ssdm_op_SpecPipeline"/></StgValue>
</bind>
</comp>

<comp id="620" class="1001" name="const_620">
<pin_list>
<pin id="621" dir="1" index="0" bw="1" slack="2147483647"/>
</pin_list>
<bind>
<StgValue><ssdm name="_ssdm_op_SpecLoopName"/></StgValue>
</bind>
</comp>

<comp id="622" class="1001" name="const_622">
<pin_list>
<pin id="623" dir="1" index="0" bw="1" slack="2147483647"/>
</pin_list>
<bind>
<StgValue><ssdm name="empty_21"/></StgValue>
</bind>
</comp>

<comp id="624" class="1001" name="const_624">
<pin_list>
<pin id="625" dir="1" index="0" bw="1" slack="0"/>
</pin_list>
<bind>
<StgValue><ssdm name="_ssdm_op_PartSelect.i64.i128.i32.i32"/></StgValue>
</bind>
</comp>

<comp id="626" class="1001" name="const_626">
<pin_list>
<pin id="627" dir="1" index="0" bw="1" slack="0"/>
</pin_list>
<bind>
<StgValue><ssdm name=""/></StgValue>
</bind>
</comp>

<comp id="628" class="1001" name="const_628">
<pin_list>
<pin id="629" dir="1" index="0" bw="1" slack="0"/>
</pin_list>
<bind>
<StgValue><ssdm name=""/></StgValue>
</bind>
</comp>

<comp id="630" class="1001" name="const_630">
<pin_list>
<pin id="631" dir="1" index="0" bw="1" slack="0"/>
</pin_list>
<bind>
<StgValue><ssdm name="_ssdm_op_Write.ap_auto.doubleP0A"/></StgValue>
</bind>
</comp>

<comp id="632" class="1004" name="i_fu_632">
<pin_list>
<pin id="633" dir="0" index="0" bw="1" slack="0"/>
<pin id="634" dir="1" index="1" bw="7" slack="0"/>
</pin_list>
<bind>
<opcode="alloca(26) " fcode="alloca"/>
<opset="i/1 "/>
</bind>
</comp>

<comp id="636" class="1004" name="mux_case_0111_fu_636">
<pin_list>
<pin id="637" dir="0" index="0" bw="1" slack="0"/>
<pin id="638" dir="1" index="1" bw="64" slack="0"/>
</pin_list>
<bind>
<opcode="alloca(26) " fcode="alloca"/>
<opset="mux_case_0111/1 "/>
</bind>
</comp>

<comp id="640" class="1004" name="mux_case_1115_fu_640">
<pin_list>
<pin id="641" dir="0" index="0" bw="1" slack="0"/>
<pin id="642" dir="1" index="1" bw="64" slack="0"/>
</pin_list>
<bind>
<opcode="alloca(26) " fcode="alloca"/>
<opset="mux_case_1115/1 "/>
</bind>
</comp>

<comp id="644" class="1004" name="mux_case_2119_fu_644">
<pin_list>
<pin id="645" dir="0" index="0" bw="1" slack="0"/>
<pin id="646" dir="1" index="1" bw="64" slack="0"/>
</pin_list>
<bind>
<opcode="alloca(26) " fcode="alloca"/>
<opset="mux_case_2119/1 "/>
</bind>
</comp>

<comp id="648" class="1004" name="mux_case_3123_fu_648">
<pin_list>
<pin id="649" dir="0" index="0" bw="1" slack="0"/>
<pin id="650" dir="1" index="1" bw="64" slack="0"/>
</pin_list>
<bind>
<opcode="alloca(26) " fcode="alloca"/>
<opset="mux_case_3123/1 "/>
</bind>
</comp>

<comp id="652" class="1004" name="mux_case_4127_fu_652">
<pin_list>
<pin id="653" dir="0" index="0" bw="1" slack="0"/>
<pin id="654" dir="1" index="1" bw="64" slack="0"/>
</pin_list>
<bind>
<opcode="alloca(26) " fcode="alloca"/>
<opset="mux_case_4127/1 "/>
</bind>
</comp>

<comp id="656" class="1004" name="mux_case_5131_fu_656">
<pin_list>
<pin id="657" dir="0" index="0" bw="1" slack="0"/>
<pin id="658" dir="1" index="1" bw="64" slack="0"/>
</pin_list>
<bind>
<opcode="alloca(26) " fcode="alloca"/>
<opset="mux_case_5131/1 "/>
</bind>
</comp>

<comp id="660" class="1004" name="mux_case_6135_fu_660">
<pin_list>
<pin id="661" dir="0" index="0" bw="1" slack="0"/>
<pin id="662" dir="1" index="1" bw="64" slack="0"/>
</pin_list>
<bind>
<opcode="alloca(26) " fcode="alloca"/>
<opset="mux_case_6135/1 "/>
</bind>
</comp>

<comp id="664" class="1004" name="mux_case_7139_fu_664">
<pin_list>
<pin id="665" dir="0" index="0" bw="1" slack="0"/>
<pin id="666" dir="1" index="1" bw="64" slack="0"/>
</pin_list>
<bind>
<opcode="alloca(26) " fcode="alloca"/>
<opset="mux_case_7139/1 "/>
</bind>
</comp>

<comp id="668" class="1004" name="mux_case_8143_fu_668">
<pin_list>
<pin id="669" dir="0" index="0" bw="1" slack="0"/>
<pin id="670" dir="1" index="1" bw="64" slack="0"/>
</pin_list>
<bind>
<opcode="alloca(26) " fcode="alloca"/>
<opset="mux_case_8143/1 "/>
</bind>
</comp>

<comp id="672" class="1004" name="mux_case_9147_fu_672">
<pin_list>
<pin id="673" dir="0" index="0" bw="1" slack="0"/>
<pin id="674" dir="1" index="1" bw="64" slack="0"/>
</pin_list>
<bind>
<opcode="alloca(26) " fcode="alloca"/>
<opset="mux_case_9147/1 "/>
</bind>
</comp>

<comp id="676" class="1004" name="mux_case_10151_fu_676">
<pin_list>
<pin id="677" dir="0" index="0" bw="1" slack="0"/>
<pin id="678" dir="1" index="1" bw="64" slack="0"/>
</pin_list>
<bind>
<opcode="alloca(26) " fcode="alloca"/>
<opset="mux_case_10151/1 "/>
</bind>
</comp>

<comp id="680" class="1004" name="mux_case_11155_fu_680">
<pin_list>
<pin id="681" dir="0" index="0" bw="1" slack="0"/>
<pin id="682" dir="1" index="1" bw="64" slack="0"/>
</pin_list>
<bind>
<opcode="alloca(26) " fcode="alloca"/>
<opset="mux_case_11155/1 "/>
</bind>
</comp>

<comp id="684" class="1004" name="mux_case_12159_fu_684">
<pin_list>
<pin id="685" dir="0" index="0" bw="1" slack="0"/>
<pin id="686" dir="1" index="1" bw="64" slack="0"/>
</pin_list>
<bind>
<opcode="alloca(26) " fcode="alloca"/>
<opset="mux_case_12159/1 "/>
</bind>
</comp>

<comp id="688" class="1004" name="mux_case_13163_fu_688">
<pin_list>
<pin id="689" dir="0" index="0" bw="1" slack="0"/>
<pin id="690" dir="1" index="1" bw="64" slack="0"/>
</pin_list>
<bind>
<opcode="alloca(26) " fcode="alloca"/>
<opset="mux_case_13163/1 "/>
</bind>
</comp>

<comp id="692" class="1004" name="mux_case_14167_fu_692">
<pin_list>
<pin id="693" dir="0" index="0" bw="1" slack="0"/>
<pin id="694" dir="1" index="1" bw="64" slack="0"/>
</pin_list>
<bind>
<opcode="alloca(26) " fcode="alloca"/>
<opset="mux_case_14167/1 "/>
</bind>
</comp>

<comp id="696" class="1004" name="mux_case_15171_fu_696">
<pin_list>
<pin id="697" dir="0" index="0" bw="1" slack="0"/>
<pin id="698" dir="1" index="1" bw="64" slack="0"/>
</pin_list>
<bind>
<opcode="alloca(26) " fcode="alloca"/>
<opset="mux_case_15171/1 "/>
</bind>
</comp>

<comp id="700" class="1004" name="mux_case_16175_fu_700">
<pin_list>
<pin id="701" dir="0" index="0" bw="1" slack="0"/>
<pin id="702" dir="1" index="1" bw="64" slack="0"/>
</pin_list>
<bind>
<opcode="alloca(26) " fcode="alloca"/>
<opset="mux_case_16175/1 "/>
</bind>
</comp>

<comp id="704" class="1004" name="mux_case_17179_fu_704">
<pin_list>
<pin id="705" dir="0" index="0" bw="1" slack="0"/>
<pin id="706" dir="1" index="1" bw="64" slack="0"/>
</pin_list>
<bind>
<opcode="alloca(26) " fcode="alloca"/>
<opset="mux_case_17179/1 "/>
</bind>
</comp>

<comp id="708" class="1004" name="mux_case_18183_fu_708">
<pin_list>
<pin id="709" dir="0" index="0" bw="1" slack="0"/>
<pin id="710" dir="1" index="1" bw="64" slack="0"/>
</pin_list>
<bind>
<opcode="alloca(26) " fcode="alloca"/>
<opset="mux_case_18183/1 "/>
</bind>
</comp>

<comp id="712" class="1004" name="mux_case_19187_fu_712">
<pin_list>
<pin id="713" dir="0" index="0" bw="1" slack="0"/>
<pin id="714" dir="1" index="1" bw="64" slack="0"/>
</pin_list>
<bind>
<opcode="alloca(26) " fcode="alloca"/>
<opset="mux_case_19187/1 "/>
</bind>
</comp>

<comp id="716" class="1004" name="mux_case_20191_fu_716">
<pin_list>
<pin id="717" dir="0" index="0" bw="1" slack="0"/>
<pin id="718" dir="1" index="1" bw="64" slack="0"/>
</pin_list>
<bind>
<opcode="alloca(26) " fcode="alloca"/>
<opset="mux_case_20191/1 "/>
</bind>
</comp>

<comp id="720" class="1004" name="mux_case_21195_fu_720">
<pin_list>
<pin id="721" dir="0" index="0" bw="1" slack="0"/>
<pin id="722" dir="1" index="1" bw="64" slack="0"/>
</pin_list>
<bind>
<opcode="alloca(26) " fcode="alloca"/>
<opset="mux_case_21195/1 "/>
</bind>
</comp>

<comp id="724" class="1004" name="mux_case_22199_fu_724">
<pin_list>
<pin id="725" dir="0" index="0" bw="1" slack="0"/>
<pin id="726" dir="1" index="1" bw="64" slack="0"/>
</pin_list>
<bind>
<opcode="alloca(26) " fcode="alloca"/>
<opset="mux_case_22199/1 "/>
</bind>
</comp>

<comp id="728" class="1004" name="mux_case_23203_fu_728">
<pin_list>
<pin id="729" dir="0" index="0" bw="1" slack="0"/>
<pin id="730" dir="1" index="1" bw="64" slack="0"/>
</pin_list>
<bind>
<opcode="alloca(26) " fcode="alloca"/>
<opset="mux_case_23203/1 "/>
</bind>
</comp>

<comp id="732" class="1004" name="mux_case_24207_fu_732">
<pin_list>
<pin id="733" dir="0" index="0" bw="1" slack="0"/>
<pin id="734" dir="1" index="1" bw="64" slack="0"/>
</pin_list>
<bind>
<opcode="alloca(26) " fcode="alloca"/>
<opset="mux_case_24207/1 "/>
</bind>
</comp>

<comp id="736" class="1004" name="mux_case_25211_fu_736">
<pin_list>
<pin id="737" dir="0" index="0" bw="1" slack="0"/>
<pin id="738" dir="1" index="1" bw="64" slack="0"/>
</pin_list>
<bind>
<opcode="alloca(26) " fcode="alloca"/>
<opset="mux_case_25211/1 "/>
</bind>
</comp>

<comp id="740" class="1004" name="mux_case_26215_fu_740">
<pin_list>
<pin id="741" dir="0" index="0" bw="1" slack="0"/>
<pin id="742" dir="1" index="1" bw="64" slack="0"/>
</pin_list>
<bind>
<opcode="alloca(26) " fcode="alloca"/>
<opset="mux_case_26215/1 "/>
</bind>
</comp>

<comp id="744" class="1004" name="mux_case_27219_fu_744">
<pin_list>
<pin id="745" dir="0" index="0" bw="1" slack="0"/>
<pin id="746" dir="1" index="1" bw="64" slack="0"/>
</pin_list>
<bind>
<opcode="alloca(26) " fcode="alloca"/>
<opset="mux_case_27219/1 "/>
</bind>
</comp>

<comp id="748" class="1004" name="mux_case_28223_fu_748">
<pin_list>
<pin id="749" dir="0" index="0" bw="1" slack="0"/>
<pin id="750" dir="1" index="1" bw="64" slack="0"/>
</pin_list>
<bind>
<opcode="alloca(26) " fcode="alloca"/>
<opset="mux_case_28223/1 "/>
</bind>
</comp>

<comp id="752" class="1004" name="mux_case_29227_fu_752">
<pin_list>
<pin id="753" dir="0" index="0" bw="1" slack="0"/>
<pin id="754" dir="1" index="1" bw="64" slack="0"/>
</pin_list>
<bind>
<opcode="alloca(26) " fcode="alloca"/>
<opset="mux_case_29227/1 "/>
</bind>
</comp>

<comp id="756" class="1004" name="mux_case_30231_fu_756">
<pin_list>
<pin id="757" dir="0" index="0" bw="1" slack="0"/>
<pin id="758" dir="1" index="1" bw="64" slack="0"/>
</pin_list>
<bind>
<opcode="alloca(26) " fcode="alloca"/>
<opset="mux_case_30231/1 "/>
</bind>
</comp>

<comp id="760" class="1004" name="mux_case_31235_fu_760">
<pin_list>
<pin id="761" dir="0" index="0" bw="1" slack="0"/>
<pin id="762" dir="1" index="1" bw="64" slack="0"/>
</pin_list>
<bind>
<opcode="alloca(26) " fcode="alloca"/>
<opset="mux_case_31235/1 "/>
</bind>
</comp>

<comp id="764" class="1004" name="mux_case_32239_fu_764">
<pin_list>
<pin id="765" dir="0" index="0" bw="1" slack="0"/>
<pin id="766" dir="1" index="1" bw="64" slack="0"/>
</pin_list>
<bind>
<opcode="alloca(26) " fcode="alloca"/>
<opset="mux_case_32239/1 "/>
</bind>
</comp>

<comp id="768" class="1004" name="mux_case_33243_fu_768">
<pin_list>
<pin id="769" dir="0" index="0" bw="1" slack="0"/>
<pin id="770" dir="1" index="1" bw="64" slack="0"/>
</pin_list>
<bind>
<opcode="alloca(26) " fcode="alloca"/>
<opset="mux_case_33243/1 "/>
</bind>
</comp>

<comp id="772" class="1004" name="mux_case_34247_fu_772">
<pin_list>
<pin id="773" dir="0" index="0" bw="1" slack="0"/>
<pin id="774" dir="1" index="1" bw="64" slack="0"/>
</pin_list>
<bind>
<opcode="alloca(26) " fcode="alloca"/>
<opset="mux_case_34247/1 "/>
</bind>
</comp>

<comp id="776" class="1004" name="mux_case_35251_fu_776">
<pin_list>
<pin id="777" dir="0" index="0" bw="1" slack="0"/>
<pin id="778" dir="1" index="1" bw="64" slack="0"/>
</pin_list>
<bind>
<opcode="alloca(26) " fcode="alloca"/>
<opset="mux_case_35251/1 "/>
</bind>
</comp>

<comp id="780" class="1004" name="mux_case_36255_fu_780">
<pin_list>
<pin id="781" dir="0" index="0" bw="1" slack="0"/>
<pin id="782" dir="1" index="1" bw="64" slack="0"/>
</pin_list>
<bind>
<opcode="alloca(26) " fcode="alloca"/>
<opset="mux_case_36255/1 "/>
</bind>
</comp>

<comp id="784" class="1004" name="mux_case_37259_fu_784">
<pin_list>
<pin id="785" dir="0" index="0" bw="1" slack="0"/>
<pin id="786" dir="1" index="1" bw="64" slack="0"/>
</pin_list>
<bind>
<opcode="alloca(26) " fcode="alloca"/>
<opset="mux_case_37259/1 "/>
</bind>
</comp>

<comp id="788" class="1004" name="mux_case_38263_fu_788">
<pin_list>
<pin id="789" dir="0" index="0" bw="1" slack="0"/>
<pin id="790" dir="1" index="1" bw="64" slack="0"/>
</pin_list>
<bind>
<opcode="alloca(26) " fcode="alloca"/>
<opset="mux_case_38263/1 "/>
</bind>
</comp>

<comp id="792" class="1004" name="mux_case_39267_fu_792">
<pin_list>
<pin id="793" dir="0" index="0" bw="1" slack="0"/>
<pin id="794" dir="1" index="1" bw="64" slack="0"/>
</pin_list>
<bind>
<opcode="alloca(26) " fcode="alloca"/>
<opset="mux_case_39267/1 "/>
</bind>
</comp>

<comp id="796" class="1004" name="mux_case_40271_fu_796">
<pin_list>
<pin id="797" dir="0" index="0" bw="1" slack="0"/>
<pin id="798" dir="1" index="1" bw="64" slack="0"/>
</pin_list>
<bind>
<opcode="alloca(26) " fcode="alloca"/>
<opset="mux_case_40271/1 "/>
</bind>
</comp>

<comp id="800" class="1004" name="mux_case_41275_fu_800">
<pin_list>
<pin id="801" dir="0" index="0" bw="1" slack="0"/>
<pin id="802" dir="1" index="1" bw="64" slack="0"/>
</pin_list>
<bind>
<opcode="alloca(26) " fcode="alloca"/>
<opset="mux_case_41275/1 "/>
</bind>
</comp>

<comp id="804" class="1004" name="mux_case_42279_fu_804">
<pin_list>
<pin id="805" dir="0" index="0" bw="1" slack="0"/>
<pin id="806" dir="1" index="1" bw="64" slack="0"/>
</pin_list>
<bind>
<opcode="alloca(26) " fcode="alloca"/>
<opset="mux_case_42279/1 "/>
</bind>
</comp>

<comp id="808" class="1004" name="mux_case_43283_fu_808">
<pin_list>
<pin id="809" dir="0" index="0" bw="1" slack="0"/>
<pin id="810" dir="1" index="1" bw="64" slack="0"/>
</pin_list>
<bind>
<opcode="alloca(26) " fcode="alloca"/>
<opset="mux_case_43283/1 "/>
</bind>
</comp>

<comp id="812" class="1004" name="mux_case_44287_fu_812">
<pin_list>
<pin id="813" dir="0" index="0" bw="1" slack="0"/>
<pin id="814" dir="1" index="1" bw="64" slack="0"/>
</pin_list>
<bind>
<opcode="alloca(26) " fcode="alloca"/>
<opset="mux_case_44287/1 "/>
</bind>
</comp>

<comp id="816" class="1004" name="mux_case_45291_fu_816">
<pin_list>
<pin id="817" dir="0" index="0" bw="1" slack="0"/>
<pin id="818" dir="1" index="1" bw="64" slack="0"/>
</pin_list>
<bind>
<opcode="alloca(26) " fcode="alloca"/>
<opset="mux_case_45291/1 "/>
</bind>
</comp>

<comp id="820" class="1004" name="mux_case_46295_fu_820">
<pin_list>
<pin id="821" dir="0" index="0" bw="1" slack="0"/>
<pin id="822" dir="1" index="1" bw="64" slack="0"/>
</pin_list>
<bind>
<opcode="alloca(26) " fcode="alloca"/>
<opset="mux_case_46295/1 "/>
</bind>
</comp>

<comp id="824" class="1004" name="mux_case_47299_fu_824">
<pin_list>
<pin id="825" dir="0" index="0" bw="1" slack="0"/>
<pin id="826" dir="1" index="1" bw="64" slack="0"/>
</pin_list>
<bind>
<opcode="alloca(26) " fcode="alloca"/>
<opset="mux_case_47299/1 "/>
</bind>
</comp>

<comp id="828" class="1004" name="mux_case_48303_fu_828">
<pin_list>
<pin id="829" dir="0" index="0" bw="1" slack="0"/>
<pin id="830" dir="1" index="1" bw="64" slack="0"/>
</pin_list>
<bind>
<opcode="alloca(26) " fcode="alloca"/>
<opset="mux_case_48303/1 "/>
</bind>
</comp>

<comp id="832" class="1004" name="mux_case_49307_fu_832">
<pin_list>
<pin id="833" dir="0" index="0" bw="1" slack="0"/>
<pin id="834" dir="1" index="1" bw="64" slack="0"/>
</pin_list>
<bind>
<opcode="alloca(26) " fcode="alloca"/>
<opset="mux_case_49307/1 "/>
</bind>
</comp>

<comp id="836" class="1004" name="mux_case_50311_fu_836">
<pin_list>
<pin id="837" dir="0" index="0" bw="1" slack="0"/>
<pin id="838" dir="1" index="1" bw="64" slack="0"/>
</pin_list>
<bind>
<opcode="alloca(26) " fcode="alloca"/>
<opset="mux_case_50311/1 "/>
</bind>
</comp>

<comp id="840" class="1004" name="mux_case_51315_fu_840">
<pin_list>
<pin id="841" dir="0" index="0" bw="1" slack="0"/>
<pin id="842" dir="1" index="1" bw="64" slack="0"/>
</pin_list>
<bind>
<opcode="alloca(26) " fcode="alloca"/>
<opset="mux_case_51315/1 "/>
</bind>
</comp>

<comp id="844" class="1004" name="mux_case_52319_fu_844">
<pin_list>
<pin id="845" dir="0" index="0" bw="1" slack="0"/>
<pin id="846" dir="1" index="1" bw="64" slack="0"/>
</pin_list>
<bind>
<opcode="alloca(26) " fcode="alloca"/>
<opset="mux_case_52319/1 "/>
</bind>
</comp>

<comp id="848" class="1004" name="mux_case_53323_fu_848">
<pin_list>
<pin id="849" dir="0" index="0" bw="1" slack="0"/>
<pin id="850" dir="1" index="1" bw="64" slack="0"/>
</pin_list>
<bind>
<opcode="alloca(26) " fcode="alloca"/>
<opset="mux_case_53323/1 "/>
</bind>
</comp>

<comp id="852" class="1004" name="mux_case_54327_fu_852">
<pin_list>
<pin id="853" dir="0" index="0" bw="1" slack="0"/>
<pin id="854" dir="1" index="1" bw="64" slack="0"/>
</pin_list>
<bind>
<opcode="alloca(26) " fcode="alloca"/>
<opset="mux_case_54327/1 "/>
</bind>
</comp>

<comp id="856" class="1004" name="mux_case_55331_fu_856">
<pin_list>
<pin id="857" dir="0" index="0" bw="1" slack="0"/>
<pin id="858" dir="1" index="1" bw="64" slack="0"/>
</pin_list>
<bind>
<opcode="alloca(26) " fcode="alloca"/>
<opset="mux_case_55331/1 "/>
</bind>
</comp>

<comp id="860" class="1004" name="mux_case_56335_fu_860">
<pin_list>
<pin id="861" dir="0" index="0" bw="1" slack="0"/>
<pin id="862" dir="1" index="1" bw="64" slack="0"/>
</pin_list>
<bind>
<opcode="alloca(26) " fcode="alloca"/>
<opset="mux_case_56335/1 "/>
</bind>
</comp>

<comp id="864" class="1004" name="mux_case_57339_fu_864">
<pin_list>
<pin id="865" dir="0" index="0" bw="1" slack="0"/>
<pin id="866" dir="1" index="1" bw="64" slack="0"/>
</pin_list>
<bind>
<opcode="alloca(26) " fcode="alloca"/>
<opset="mux_case_57339/1 "/>
</bind>
</comp>

<comp id="868" class="1004" name="mux_case_58343_fu_868">
<pin_list>
<pin id="869" dir="0" index="0" bw="1" slack="0"/>
<pin id="870" dir="1" index="1" bw="64" slack="0"/>
</pin_list>
<bind>
<opcode="alloca(26) " fcode="alloca"/>
<opset="mux_case_58343/1 "/>
</bind>
</comp>

<comp id="872" class="1004" name="mux_case_59347_fu_872">
<pin_list>
<pin id="873" dir="0" index="0" bw="1" slack="0"/>
<pin id="874" dir="1" index="1" bw="64" slack="0"/>
</pin_list>
<bind>
<opcode="alloca(26) " fcode="alloca"/>
<opset="mux_case_59347/1 "/>
</bind>
</comp>

<comp id="876" class="1004" name="mux_case_60351_fu_876">
<pin_list>
<pin id="877" dir="0" index="0" bw="1" slack="0"/>
<pin id="878" dir="1" index="1" bw="64" slack="0"/>
</pin_list>
<bind>
<opcode="alloca(26) " fcode="alloca"/>
<opset="mux_case_60351/1 "/>
</bind>
</comp>

<comp id="880" class="1004" name="mux_case_61355_fu_880">
<pin_list>
<pin id="881" dir="0" index="0" bw="1" slack="0"/>
<pin id="882" dir="1" index="1" bw="64" slack="0"/>
</pin_list>
<bind>
<opcode="alloca(26) " fcode="alloca"/>
<opset="mux_case_61355/1 "/>
</bind>
</comp>

<comp id="884" class="1004" name="mux_case_62359_fu_884">
<pin_list>
<pin id="885" dir="0" index="0" bw="1" slack="0"/>
<pin id="886" dir="1" index="1" bw="64" slack="0"/>
</pin_list>
<bind>
<opcode="alloca(26) " fcode="alloca"/>
<opset="mux_case_62359/1 "/>
</bind>
</comp>

<comp id="888" class="1004" name="mux_case_63363_fu_888">
<pin_list>
<pin id="889" dir="0" index="0" bw="1" slack="0"/>
<pin id="890" dir="1" index="1" bw="64" slack="0"/>
</pin_list>
<bind>
<opcode="alloca(26) " fcode="alloca"/>
<opset="mux_case_63363/1 "/>
</bind>
</comp>

<comp id="892" class="1004" name="mux_case_64367_fu_892">
<pin_list>
<pin id="893" dir="0" index="0" bw="1" slack="0"/>
<pin id="894" dir="1" index="1" bw="64" slack="0"/>
</pin_list>
<bind>
<opcode="alloca(26) " fcode="alloca"/>
<opset="mux_case_64367/1 "/>
</bind>
</comp>

<comp id="896" class="1004" name="mux_case_65371_fu_896">
<pin_list>
<pin id="897" dir="0" index="0" bw="1" slack="0"/>
<pin id="898" dir="1" index="1" bw="64" slack="0"/>
</pin_list>
<bind>
<opcode="alloca(26) " fcode="alloca"/>
<opset="mux_case_65371/1 "/>
</bind>
</comp>

<comp id="900" class="1004" name="mux_case_66375_fu_900">
<pin_list>
<pin id="901" dir="0" index="0" bw="1" slack="0"/>
<pin id="902" dir="1" index="1" bw="64" slack="0"/>
</pin_list>
<bind>
<opcode="alloca(26) " fcode="alloca"/>
<opset="mux_case_66375/1 "/>
</bind>
</comp>

<comp id="904" class="1004" name="mux_case_67379_fu_904">
<pin_list>
<pin id="905" dir="0" index="0" bw="1" slack="0"/>
<pin id="906" dir="1" index="1" bw="64" slack="0"/>
</pin_list>
<bind>
<opcode="alloca(26) " fcode="alloca"/>
<opset="mux_case_67379/1 "/>
</bind>
</comp>

<comp id="908" class="1004" name="mux_case_68383_fu_908">
<pin_list>
<pin id="909" dir="0" index="0" bw="1" slack="0"/>
<pin id="910" dir="1" index="1" bw="64" slack="0"/>
</pin_list>
<bind>
<opcode="alloca(26) " fcode="alloca"/>
<opset="mux_case_68383/1 "/>
</bind>
</comp>

<comp id="912" class="1004" name="mux_case_69387_fu_912">
<pin_list>
<pin id="913" dir="0" index="0" bw="1" slack="0"/>
<pin id="914" dir="1" index="1" bw="64" slack="0"/>
</pin_list>
<bind>
<opcode="alloca(26) " fcode="alloca"/>
<opset="mux_case_69387/1 "/>
</bind>
</comp>

<comp id="916" class="1004" name="mux_case_70391_fu_916">
<pin_list>
<pin id="917" dir="0" index="0" bw="1" slack="0"/>
<pin id="918" dir="1" index="1" bw="64" slack="0"/>
</pin_list>
<bind>
<opcode="alloca(26) " fcode="alloca"/>
<opset="mux_case_70391/1 "/>
</bind>
</comp>

<comp id="920" class="1004" name="mux_case_71395_fu_920">
<pin_list>
<pin id="921" dir="0" index="0" bw="1" slack="0"/>
<pin id="922" dir="1" index="1" bw="64" slack="0"/>
</pin_list>
<bind>
<opcode="alloca(26) " fcode="alloca"/>
<opset="mux_case_71395/1 "/>
</bind>
</comp>

<comp id="924" class="1004" name="mux_case_72399_fu_924">
<pin_list>
<pin id="925" dir="0" index="0" bw="1" slack="0"/>
<pin id="926" dir="1" index="1" bw="64" slack="0"/>
</pin_list>
<bind>
<opcode="alloca(26) " fcode="alloca"/>
<opset="mux_case_72399/1 "/>
</bind>
</comp>

<comp id="928" class="1004" name="mux_case_73403_fu_928">
<pin_list>
<pin id="929" dir="0" index="0" bw="1" slack="0"/>
<pin id="930" dir="1" index="1" bw="64" slack="0"/>
</pin_list>
<bind>
<opcode="alloca(26) " fcode="alloca"/>
<opset="mux_case_73403/1 "/>
</bind>
</comp>

<comp id="932" class="1004" name="mux_case_74407_fu_932">
<pin_list>
<pin id="933" dir="0" index="0" bw="1" slack="0"/>
<pin id="934" dir="1" index="1" bw="64" slack="0"/>
</pin_list>
<bind>
<opcode="alloca(26) " fcode="alloca"/>
<opset="mux_case_74407/1 "/>
</bind>
</comp>

<comp id="936" class="1004" name="mux_case_75411_fu_936">
<pin_list>
<pin id="937" dir="0" index="0" bw="1" slack="0"/>
<pin id="938" dir="1" index="1" bw="64" slack="0"/>
</pin_list>
<bind>
<opcode="alloca(26) " fcode="alloca"/>
<opset="mux_case_75411/1 "/>
</bind>
</comp>

<comp id="940" class="1004" name="mux_case_76415_fu_940">
<pin_list>
<pin id="941" dir="0" index="0" bw="1" slack="0"/>
<pin id="942" dir="1" index="1" bw="64" slack="0"/>
</pin_list>
<bind>
<opcode="alloca(26) " fcode="alloca"/>
<opset="mux_case_76415/1 "/>
</bind>
</comp>

<comp id="944" class="1004" name="mux_case_77419_fu_944">
<pin_list>
<pin id="945" dir="0" index="0" bw="1" slack="0"/>
<pin id="946" dir="1" index="1" bw="64" slack="0"/>
</pin_list>
<bind>
<opcode="alloca(26) " fcode="alloca"/>
<opset="mux_case_77419/1 "/>
</bind>
</comp>

<comp id="948" class="1004" name="mux_case_78423_fu_948">
<pin_list>
<pin id="949" dir="0" index="0" bw="1" slack="0"/>
<pin id="950" dir="1" index="1" bw="64" slack="0"/>
</pin_list>
<bind>
<opcode="alloca(26) " fcode="alloca"/>
<opset="mux_case_78423/1 "/>
</bind>
</comp>

<comp id="952" class="1004" name="mux_case_79427_fu_952">
<pin_list>
<pin id="953" dir="0" index="0" bw="1" slack="0"/>
<pin id="954" dir="1" index="1" bw="64" slack="0"/>
</pin_list>
<bind>
<opcode="alloca(26) " fcode="alloca"/>
<opset="mux_case_79427/1 "/>
</bind>
</comp>

<comp id="956" class="1004" name="mux_case_80431_fu_956">
<pin_list>
<pin id="957" dir="0" index="0" bw="1" slack="0"/>
<pin id="958" dir="1" index="1" bw="64" slack="0"/>
</pin_list>
<bind>
<opcode="alloca(26) " fcode="alloca"/>
<opset="mux_case_80431/1 "/>
</bind>
</comp>

<comp id="960" class="1004" name="mux_case_81435_fu_960">
<pin_list>
<pin id="961" dir="0" index="0" bw="1" slack="0"/>
<pin id="962" dir="1" index="1" bw="64" slack="0"/>
</pin_list>
<bind>
<opcode="alloca(26) " fcode="alloca"/>
<opset="mux_case_81435/1 "/>
</bind>
</comp>

<comp id="964" class="1004" name="mux_case_82439_fu_964">
<pin_list>
<pin id="965" dir="0" index="0" bw="1" slack="0"/>
<pin id="966" dir="1" index="1" bw="64" slack="0"/>
</pin_list>
<bind>
<opcode="alloca(26) " fcode="alloca"/>
<opset="mux_case_82439/1 "/>
</bind>
</comp>

<comp id="968" class="1004" name="mux_case_83443_fu_968">
<pin_list>
<pin id="969" dir="0" index="0" bw="1" slack="0"/>
<pin id="970" dir="1" index="1" bw="64" slack="0"/>
</pin_list>
<bind>
<opcode="alloca(26) " fcode="alloca"/>
<opset="mux_case_83443/1 "/>
</bind>
</comp>

<comp id="972" class="1004" name="mux_case_84447_fu_972">
<pin_list>
<pin id="973" dir="0" index="0" bw="1" slack="0"/>
<pin id="974" dir="1" index="1" bw="64" slack="0"/>
</pin_list>
<bind>
<opcode="alloca(26) " fcode="alloca"/>
<opset="mux_case_84447/1 "/>
</bind>
</comp>

<comp id="976" class="1004" name="mux_case_85451_fu_976">
<pin_list>
<pin id="977" dir="0" index="0" bw="1" slack="0"/>
<pin id="978" dir="1" index="1" bw="64" slack="0"/>
</pin_list>
<bind>
<opcode="alloca(26) " fcode="alloca"/>
<opset="mux_case_85451/1 "/>
</bind>
</comp>

<comp id="980" class="1004" name="mux_case_86455_fu_980">
<pin_list>
<pin id="981" dir="0" index="0" bw="1" slack="0"/>
<pin id="982" dir="1" index="1" bw="64" slack="0"/>
</pin_list>
<bind>
<opcode="alloca(26) " fcode="alloca"/>
<opset="mux_case_86455/1 "/>
</bind>
</comp>

<comp id="984" class="1004" name="mux_case_87459_fu_984">
<pin_list>
<pin id="985" dir="0" index="0" bw="1" slack="0"/>
<pin id="986" dir="1" index="1" bw="64" slack="0"/>
</pin_list>
<bind>
<opcode="alloca(26) " fcode="alloca"/>
<opset="mux_case_87459/1 "/>
</bind>
</comp>

<comp id="988" class="1004" name="mux_case_88463_fu_988">
<pin_list>
<pin id="989" dir="0" index="0" bw="1" slack="0"/>
<pin id="990" dir="1" index="1" bw="64" slack="0"/>
</pin_list>
<bind>
<opcode="alloca(26) " fcode="alloca"/>
<opset="mux_case_88463/1 "/>
</bind>
</comp>

<comp id="992" class="1004" name="mux_case_89467_fu_992">
<pin_list>
<pin id="993" dir="0" index="0" bw="1" slack="0"/>
<pin id="994" dir="1" index="1" bw="64" slack="0"/>
</pin_list>
<bind>
<opcode="alloca(26) " fcode="alloca"/>
<opset="mux_case_89467/1 "/>
</bind>
</comp>

<comp id="996" class="1004" name="mux_case_90471_fu_996">
<pin_list>
<pin id="997" dir="0" index="0" bw="1" slack="0"/>
<pin id="998" dir="1" index="1" bw="64" slack="0"/>
</pin_list>
<bind>
<opcode="alloca(26) " fcode="alloca"/>
<opset="mux_case_90471/1 "/>
</bind>
</comp>

<comp id="1000" class="1004" name="mux_case_91475_fu_1000">
<pin_list>
<pin id="1001" dir="0" index="0" bw="1" slack="0"/>
<pin id="1002" dir="1" index="1" bw="64" slack="0"/>
</pin_list>
<bind>
<opcode="alloca(26) " fcode="alloca"/>
<opset="mux_case_91475/1 "/>
</bind>
</comp>

<comp id="1004" class="1004" name="mux_case_92479_fu_1004">
<pin_list>
<pin id="1005" dir="0" index="0" bw="1" slack="0"/>
<pin id="1006" dir="1" index="1" bw="64" slack="0"/>
</pin_list>
<bind>
<opcode="alloca(26) " fcode="alloca"/>
<opset="mux_case_92479/1 "/>
</bind>
</comp>

<comp id="1008" class="1004" name="mux_case_93483_fu_1008">
<pin_list>
<pin id="1009" dir="0" index="0" bw="1" slack="0"/>
<pin id="1010" dir="1" index="1" bw="64" slack="0"/>
</pin_list>
<bind>
<opcode="alloca(26) " fcode="alloca"/>
<opset="mux_case_93483/1 "/>
</bind>
</comp>

<comp id="1012" class="1004" name="mux_case_94487_fu_1012">
<pin_list>
<pin id="1013" dir="0" index="0" bw="1" slack="0"/>
<pin id="1014" dir="1" index="1" bw="64" slack="0"/>
</pin_list>
<bind>
<opcode="alloca(26) " fcode="alloca"/>
<opset="mux_case_94487/1 "/>
</bind>
</comp>

<comp id="1016" class="1004" name="mux_case_95491_fu_1016">
<pin_list>
<pin id="1017" dir="0" index="0" bw="1" slack="0"/>
<pin id="1018" dir="1" index="1" bw="64" slack="0"/>
</pin_list>
<bind>
<opcode="alloca(26) " fcode="alloca"/>
<opset="mux_case_95491/1 "/>
</bind>
</comp>

<comp id="1020" class="1004" name="mux_case_96495_fu_1020">
<pin_list>
<pin id="1021" dir="0" index="0" bw="1" slack="0"/>
<pin id="1022" dir="1" index="1" bw="64" slack="0"/>
</pin_list>
<bind>
<opcode="alloca(26) " fcode="alloca"/>
<opset="mux_case_96495/1 "/>
</bind>
</comp>

<comp id="1024" class="1004" name="mux_case_97499_fu_1024">
<pin_list>
<pin id="1025" dir="0" index="0" bw="1" slack="0"/>
<pin id="1026" dir="1" index="1" bw="64" slack="0"/>
</pin_list>
<bind>
<opcode="alloca(26) " fcode="alloca"/>
<opset="mux_case_97499/1 "/>
</bind>
</comp>

<comp id="1028" class="1004" name="mux_case_98503_fu_1028">
<pin_list>
<pin id="1029" dir="0" index="0" bw="1" slack="0"/>
<pin id="1030" dir="1" index="1" bw="64" slack="0"/>
</pin_list>
<bind>
<opcode="alloca(26) " fcode="alloca"/>
<opset="mux_case_98503/1 "/>
</bind>
</comp>

<comp id="1032" class="1004" name="mux_case_99507_fu_1032">
<pin_list>
<pin id="1033" dir="0" index="0" bw="1" slack="0"/>
<pin id="1034" dir="1" index="1" bw="64" slack="0"/>
</pin_list>
<bind>
<opcode="alloca(26) " fcode="alloca"/>
<opset="mux_case_99507/1 "/>
</bind>
</comp>

<comp id="1036" class="1004" name="mux_case_03511_fu_1036">
<pin_list>
<pin id="1037" dir="0" index="0" bw="1" slack="0"/>
<pin id="1038" dir="1" index="1" bw="64" slack="0"/>
</pin_list>
<bind>
<opcode="alloca(26) " fcode="alloca"/>
<opset="mux_case_03511/1 "/>
</bind>
</comp>

<comp id="1040" class="1004" name="mux_case_110515_fu_1040">
<pin_list>
<pin id="1041" dir="0" index="0" bw="1" slack="0"/>
<pin id="1042" dir="1" index="1" bw="64" slack="0"/>
</pin_list>
<bind>
<opcode="alloca(26) " fcode="alloca"/>
<opset="mux_case_110515/1 "/>
</bind>
</comp>

<comp id="1044" class="1004" name="mux_case_211519_fu_1044">
<pin_list>
<pin id="1045" dir="0" index="0" bw="1" slack="0"/>
<pin id="1046" dir="1" index="1" bw="64" slack="0"/>
</pin_list>
<bind>
<opcode="alloca(26) " fcode="alloca"/>
<opset="mux_case_211519/1 "/>
</bind>
</comp>

<comp id="1048" class="1004" name="mux_case_312523_fu_1048">
<pin_list>
<pin id="1049" dir="0" index="0" bw="1" slack="0"/>
<pin id="1050" dir="1" index="1" bw="64" slack="0"/>
</pin_list>
<bind>
<opcode="alloca(26) " fcode="alloca"/>
<opset="mux_case_312523/1 "/>
</bind>
</comp>

<comp id="1052" class="1004" name="mux_case_413527_fu_1052">
<pin_list>
<pin id="1053" dir="0" index="0" bw="1" slack="0"/>
<pin id="1054" dir="1" index="1" bw="64" slack="0"/>
</pin_list>
<bind>
<opcode="alloca(26) " fcode="alloca"/>
<opset="mux_case_413527/1 "/>
</bind>
</comp>

<comp id="1056" class="1004" name="mux_case_514531_fu_1056">
<pin_list>
<pin id="1057" dir="0" index="0" bw="1" slack="0"/>
<pin id="1058" dir="1" index="1" bw="64" slack="0"/>
</pin_list>
<bind>
<opcode="alloca(26) " fcode="alloca"/>
<opset="mux_case_514531/1 "/>
</bind>
</comp>

<comp id="1060" class="1004" name="mux_case_615535_fu_1060">
<pin_list>
<pin id="1061" dir="0" index="0" bw="1" slack="0"/>
<pin id="1062" dir="1" index="1" bw="64" slack="0"/>
</pin_list>
<bind>
<opcode="alloca(26) " fcode="alloca"/>
<opset="mux_case_615535/1 "/>
</bind>
</comp>

<comp id="1064" class="1004" name="mux_case_716539_fu_1064">
<pin_list>
<pin id="1065" dir="0" index="0" bw="1" slack="0"/>
<pin id="1066" dir="1" index="1" bw="64" slack="0"/>
</pin_list>
<bind>
<opcode="alloca(26) " fcode="alloca"/>
<opset="mux_case_716539/1 "/>
</bind>
</comp>

<comp id="1068" class="1004" name="mux_case_817543_fu_1068">
<pin_list>
<pin id="1069" dir="0" index="0" bw="1" slack="0"/>
<pin id="1070" dir="1" index="1" bw="64" slack="0"/>
</pin_list>
<bind>
<opcode="alloca(26) " fcode="alloca"/>
<opset="mux_case_817543/1 "/>
</bind>
</comp>

<comp id="1072" class="1004" name="mux_case_918547_fu_1072">
<pin_list>
<pin id="1073" dir="0" index="0" bw="1" slack="0"/>
<pin id="1074" dir="1" index="1" bw="64" slack="0"/>
</pin_list>
<bind>
<opcode="alloca(26) " fcode="alloca"/>
<opset="mux_case_918547/1 "/>
</bind>
</comp>

<comp id="1076" class="1004" name="mux_case_1019551_fu_1076">
<pin_list>
<pin id="1077" dir="0" index="0" bw="1" slack="0"/>
<pin id="1078" dir="1" index="1" bw="64" slack="0"/>
</pin_list>
<bind>
<opcode="alloca(26) " fcode="alloca"/>
<opset="mux_case_1019551/1 "/>
</bind>
</comp>

<comp id="1080" class="1004" name="mux_case_1120555_fu_1080">
<pin_list>
<pin id="1081" dir="0" index="0" bw="1" slack="0"/>
<pin id="1082" dir="1" index="1" bw="64" slack="0"/>
</pin_list>
<bind>
<opcode="alloca(26) " fcode="alloca"/>
<opset="mux_case_1120555/1 "/>
</bind>
</comp>

<comp id="1084" class="1004" name="mux_case_1221559_fu_1084">
<pin_list>
<pin id="1085" dir="0" index="0" bw="1" slack="0"/>
<pin id="1086" dir="1" index="1" bw="64" slack="0"/>
</pin_list>
<bind>
<opcode="alloca(26) " fcode="alloca"/>
<opset="mux_case_1221559/1 "/>
</bind>
</comp>

<comp id="1088" class="1004" name="mux_case_1322563_fu_1088">
<pin_list>
<pin id="1089" dir="0" index="0" bw="1" slack="0"/>
<pin id="1090" dir="1" index="1" bw="64" slack="0"/>
</pin_list>
<bind>
<opcode="alloca(26) " fcode="alloca"/>
<opset="mux_case_1322563/1 "/>
</bind>
</comp>

<comp id="1092" class="1004" name="mux_case_1423567_fu_1092">
<pin_list>
<pin id="1093" dir="0" index="0" bw="1" slack="0"/>
<pin id="1094" dir="1" index="1" bw="64" slack="0"/>
</pin_list>
<bind>
<opcode="alloca(26) " fcode="alloca"/>
<opset="mux_case_1423567/1 "/>
</bind>
</comp>

<comp id="1096" class="1004" name="mux_case_1524571_fu_1096">
<pin_list>
<pin id="1097" dir="0" index="0" bw="1" slack="0"/>
<pin id="1098" dir="1" index="1" bw="64" slack="0"/>
</pin_list>
<bind>
<opcode="alloca(26) " fcode="alloca"/>
<opset="mux_case_1524571/1 "/>
</bind>
</comp>

<comp id="1100" class="1004" name="mux_case_1625575_fu_1100">
<pin_list>
<pin id="1101" dir="0" index="0" bw="1" slack="0"/>
<pin id="1102" dir="1" index="1" bw="64" slack="0"/>
</pin_list>
<bind>
<opcode="alloca(26) " fcode="alloca"/>
<opset="mux_case_1625575/1 "/>
</bind>
</comp>

<comp id="1104" class="1004" name="mux_case_1726579_fu_1104">
<pin_list>
<pin id="1105" dir="0" index="0" bw="1" slack="0"/>
<pin id="1106" dir="1" index="1" bw="64" slack="0"/>
</pin_list>
<bind>
<opcode="alloca(26) " fcode="alloca"/>
<opset="mux_case_1726579/1 "/>
</bind>
</comp>

<comp id="1108" class="1004" name="mux_case_1827583_fu_1108">
<pin_list>
<pin id="1109" dir="0" index="0" bw="1" slack="0"/>
<pin id="1110" dir="1" index="1" bw="64" slack="0"/>
</pin_list>
<bind>
<opcode="alloca(26) " fcode="alloca"/>
<opset="mux_case_1827583/1 "/>
</bind>
</comp>

<comp id="1112" class="1004" name="mux_case_1928587_fu_1112">
<pin_list>
<pin id="1113" dir="0" index="0" bw="1" slack="0"/>
<pin id="1114" dir="1" index="1" bw="64" slack="0"/>
</pin_list>
<bind>
<opcode="alloca(26) " fcode="alloca"/>
<opset="mux_case_1928587/1 "/>
</bind>
</comp>

<comp id="1116" class="1004" name="mux_case_2029591_fu_1116">
<pin_list>
<pin id="1117" dir="0" index="0" bw="1" slack="0"/>
<pin id="1118" dir="1" index="1" bw="64" slack="0"/>
</pin_list>
<bind>
<opcode="alloca(26) " fcode="alloca"/>
<opset="mux_case_2029591/1 "/>
</bind>
</comp>

<comp id="1120" class="1004" name="mux_case_2130595_fu_1120">
<pin_list>
<pin id="1121" dir="0" index="0" bw="1" slack="0"/>
<pin id="1122" dir="1" index="1" bw="64" slack="0"/>
</pin_list>
<bind>
<opcode="alloca(26) " fcode="alloca"/>
<opset="mux_case_2130595/1 "/>
</bind>
</comp>

<comp id="1124" class="1004" name="mux_case_2231599_fu_1124">
<pin_list>
<pin id="1125" dir="0" index="0" bw="1" slack="0"/>
<pin id="1126" dir="1" index="1" bw="64" slack="0"/>
</pin_list>
<bind>
<opcode="alloca(26) " fcode="alloca"/>
<opset="mux_case_2231599/1 "/>
</bind>
</comp>

<comp id="1128" class="1004" name="mux_case_2332603_fu_1128">
<pin_list>
<pin id="1129" dir="0" index="0" bw="1" slack="0"/>
<pin id="1130" dir="1" index="1" bw="64" slack="0"/>
</pin_list>
<bind>
<opcode="alloca(26) " fcode="alloca"/>
<opset="mux_case_2332603/1 "/>
</bind>
</comp>

<comp id="1132" class="1004" name="mux_case_2433607_fu_1132">
<pin_list>
<pin id="1133" dir="0" index="0" bw="1" slack="0"/>
<pin id="1134" dir="1" index="1" bw="64" slack="0"/>
</pin_list>
<bind>
<opcode="alloca(26) " fcode="alloca"/>
<opset="mux_case_2433607/1 "/>
</bind>
</comp>

<comp id="1136" class="1004" name="mux_case_2534611_fu_1136">
<pin_list>
<pin id="1137" dir="0" index="0" bw="1" slack="0"/>
<pin id="1138" dir="1" index="1" bw="64" slack="0"/>
</pin_list>
<bind>
<opcode="alloca(26) " fcode="alloca"/>
<opset="mux_case_2534611/1 "/>
</bind>
</comp>

<comp id="1140" class="1004" name="mux_case_2635615_fu_1140">
<pin_list>
<pin id="1141" dir="0" index="0" bw="1" slack="0"/>
<pin id="1142" dir="1" index="1" bw="64" slack="0"/>
</pin_list>
<bind>
<opcode="alloca(26) " fcode="alloca"/>
<opset="mux_case_2635615/1 "/>
</bind>
</comp>

<comp id="1144" class="1004" name="mux_case_2736619_fu_1144">
<pin_list>
<pin id="1145" dir="0" index="0" bw="1" slack="0"/>
<pin id="1146" dir="1" index="1" bw="64" slack="0"/>
</pin_list>
<bind>
<opcode="alloca(26) " fcode="alloca"/>
<opset="mux_case_2736619/1 "/>
</bind>
</comp>

<comp id="1148" class="1004" name="mux_case_2837623_fu_1148">
<pin_list>
<pin id="1149" dir="0" index="0" bw="1" slack="0"/>
<pin id="1150" dir="1" index="1" bw="64" slack="0"/>
</pin_list>
<bind>
<opcode="alloca(26) " fcode="alloca"/>
<opset="mux_case_2837623/1 "/>
</bind>
</comp>

<comp id="1152" class="1004" name="mux_case_2938627_fu_1152">
<pin_list>
<pin id="1153" dir="0" index="0" bw="1" slack="0"/>
<pin id="1154" dir="1" index="1" bw="64" slack="0"/>
</pin_list>
<bind>
<opcode="alloca(26) " fcode="alloca"/>
<opset="mux_case_2938627/1 "/>
</bind>
</comp>

<comp id="1156" class="1004" name="mux_case_3039631_fu_1156">
<pin_list>
<pin id="1157" dir="0" index="0" bw="1" slack="0"/>
<pin id="1158" dir="1" index="1" bw="64" slack="0"/>
</pin_list>
<bind>
<opcode="alloca(26) " fcode="alloca"/>
<opset="mux_case_3039631/1 "/>
</bind>
</comp>

<comp id="1160" class="1004" name="mux_case_3140635_fu_1160">
<pin_list>
<pin id="1161" dir="0" index="0" bw="1" slack="0"/>
<pin id="1162" dir="1" index="1" bw="64" slack="0"/>
</pin_list>
<bind>
<opcode="alloca(26) " fcode="alloca"/>
<opset="mux_case_3140635/1 "/>
</bind>
</comp>

<comp id="1164" class="1004" name="mux_case_3241639_fu_1164">
<pin_list>
<pin id="1165" dir="0" index="0" bw="1" slack="0"/>
<pin id="1166" dir="1" index="1" bw="64" slack="0"/>
</pin_list>
<bind>
<opcode="alloca(26) " fcode="alloca"/>
<opset="mux_case_3241639/1 "/>
</bind>
</comp>

<comp id="1168" class="1004" name="mux_case_3342643_fu_1168">
<pin_list>
<pin id="1169" dir="0" index="0" bw="1" slack="0"/>
<pin id="1170" dir="1" index="1" bw="64" slack="0"/>
</pin_list>
<bind>
<opcode="alloca(26) " fcode="alloca"/>
<opset="mux_case_3342643/1 "/>
</bind>
</comp>

<comp id="1172" class="1004" name="mux_case_3443647_fu_1172">
<pin_list>
<pin id="1173" dir="0" index="0" bw="1" slack="0"/>
<pin id="1174" dir="1" index="1" bw="64" slack="0"/>
</pin_list>
<bind>
<opcode="alloca(26) " fcode="alloca"/>
<opset="mux_case_3443647/1 "/>
</bind>
</comp>

<comp id="1176" class="1004" name="mux_case_3544651_fu_1176">
<pin_list>
<pin id="1177" dir="0" index="0" bw="1" slack="0"/>
<pin id="1178" dir="1" index="1" bw="64" slack="0"/>
</pin_list>
<bind>
<opcode="alloca(26) " fcode="alloca"/>
<opset="mux_case_3544651/1 "/>
</bind>
</comp>

<comp id="1180" class="1004" name="mux_case_3645655_fu_1180">
<pin_list>
<pin id="1181" dir="0" index="0" bw="1" slack="0"/>
<pin id="1182" dir="1" index="1" bw="64" slack="0"/>
</pin_list>
<bind>
<opcode="alloca(26) " fcode="alloca"/>
<opset="mux_case_3645655/1 "/>
</bind>
</comp>

<comp id="1184" class="1004" name="mux_case_3746659_fu_1184">
<pin_list>
<pin id="1185" dir="0" index="0" bw="1" slack="0"/>
<pin id="1186" dir="1" index="1" bw="64" slack="0"/>
</pin_list>
<bind>
<opcode="alloca(26) " fcode="alloca"/>
<opset="mux_case_3746659/1 "/>
</bind>
</comp>

<comp id="1188" class="1004" name="mux_case_3847663_fu_1188">
<pin_list>
<pin id="1189" dir="0" index="0" bw="1" slack="0"/>
<pin id="1190" dir="1" index="1" bw="64" slack="0"/>
</pin_list>
<bind>
<opcode="alloca(26) " fcode="alloca"/>
<opset="mux_case_3847663/1 "/>
</bind>
</comp>

<comp id="1192" class="1004" name="mux_case_3948667_fu_1192">
<pin_list>
<pin id="1193" dir="0" index="0" bw="1" slack="0"/>
<pin id="1194" dir="1" index="1" bw="64" slack="0"/>
</pin_list>
<bind>
<opcode="alloca(26) " fcode="alloca"/>
<opset="mux_case_3948667/1 "/>
</bind>
</comp>

<comp id="1196" class="1004" name="mux_case_4049671_fu_1196">
<pin_list>
<pin id="1197" dir="0" index="0" bw="1" slack="0"/>
<pin id="1198" dir="1" index="1" bw="64" slack="0"/>
</pin_list>
<bind>
<opcode="alloca(26) " fcode="alloca"/>
<opset="mux_case_4049671/1 "/>
</bind>
</comp>

<comp id="1200" class="1004" name="mux_case_4150675_fu_1200">
<pin_list>
<pin id="1201" dir="0" index="0" bw="1" slack="0"/>
<pin id="1202" dir="1" index="1" bw="64" slack="0"/>
</pin_list>
<bind>
<opcode="alloca(26) " fcode="alloca"/>
<opset="mux_case_4150675/1 "/>
</bind>
</comp>

<comp id="1204" class="1004" name="mux_case_4251679_fu_1204">
<pin_list>
<pin id="1205" dir="0" index="0" bw="1" slack="0"/>
<pin id="1206" dir="1" index="1" bw="64" slack="0"/>
</pin_list>
<bind>
<opcode="alloca(26) " fcode="alloca"/>
<opset="mux_case_4251679/1 "/>
</bind>
</comp>

<comp id="1208" class="1004" name="mux_case_4352683_fu_1208">
<pin_list>
<pin id="1209" dir="0" index="0" bw="1" slack="0"/>
<pin id="1210" dir="1" index="1" bw="64" slack="0"/>
</pin_list>
<bind>
<opcode="alloca(26) " fcode="alloca"/>
<opset="mux_case_4352683/1 "/>
</bind>
</comp>

<comp id="1212" class="1004" name="mux_case_4453687_fu_1212">
<pin_list>
<pin id="1213" dir="0" index="0" bw="1" slack="0"/>
<pin id="1214" dir="1" index="1" bw="64" slack="0"/>
</pin_list>
<bind>
<opcode="alloca(26) " fcode="alloca"/>
<opset="mux_case_4453687/1 "/>
</bind>
</comp>

<comp id="1216" class="1004" name="mux_case_4554691_fu_1216">
<pin_list>
<pin id="1217" dir="0" index="0" bw="1" slack="0"/>
<pin id="1218" dir="1" index="1" bw="64" slack="0"/>
</pin_list>
<bind>
<opcode="alloca(26) " fcode="alloca"/>
<opset="mux_case_4554691/1 "/>
</bind>
</comp>

<comp id="1220" class="1004" name="mux_case_4655695_fu_1220">
<pin_list>
<pin id="1221" dir="0" index="0" bw="1" slack="0"/>
<pin id="1222" dir="1" index="1" bw="64" slack="0"/>
</pin_list>
<bind>
<opcode="alloca(26) " fcode="alloca"/>
<opset="mux_case_4655695/1 "/>
</bind>
</comp>

<comp id="1224" class="1004" name="mux_case_4756699_fu_1224">
<pin_list>
<pin id="1225" dir="0" index="0" bw="1" slack="0"/>
<pin id="1226" dir="1" index="1" bw="64" slack="0"/>
</pin_list>
<bind>
<opcode="alloca(26) " fcode="alloca"/>
<opset="mux_case_4756699/1 "/>
</bind>
</comp>

<comp id="1228" class="1004" name="mux_case_4857703_fu_1228">
<pin_list>
<pin id="1229" dir="0" index="0" bw="1" slack="0"/>
<pin id="1230" dir="1" index="1" bw="64" slack="0"/>
</pin_list>
<bind>
<opcode="alloca(26) " fcode="alloca"/>
<opset="mux_case_4857703/1 "/>
</bind>
</comp>

<comp id="1232" class="1004" name="mux_case_4958707_fu_1232">
<pin_list>
<pin id="1233" dir="0" index="0" bw="1" slack="0"/>
<pin id="1234" dir="1" index="1" bw="64" slack="0"/>
</pin_list>
<bind>
<opcode="alloca(26) " fcode="alloca"/>
<opset="mux_case_4958707/1 "/>
</bind>
</comp>

<comp id="1236" class="1004" name="mux_case_5059711_fu_1236">
<pin_list>
<pin id="1237" dir="0" index="0" bw="1" slack="0"/>
<pin id="1238" dir="1" index="1" bw="64" slack="0"/>
</pin_list>
<bind>
<opcode="alloca(26) " fcode="alloca"/>
<opset="mux_case_5059711/1 "/>
</bind>
</comp>

<comp id="1240" class="1004" name="mux_case_5160715_fu_1240">
<pin_list>
<pin id="1241" dir="0" index="0" bw="1" slack="0"/>
<pin id="1242" dir="1" index="1" bw="64" slack="0"/>
</pin_list>
<bind>
<opcode="alloca(26) " fcode="alloca"/>
<opset="mux_case_5160715/1 "/>
</bind>
</comp>

<comp id="1244" class="1004" name="mux_case_5261719_fu_1244">
<pin_list>
<pin id="1245" dir="0" index="0" bw="1" slack="0"/>
<pin id="1246" dir="1" index="1" bw="64" slack="0"/>
</pin_list>
<bind>
<opcode="alloca(26) " fcode="alloca"/>
<opset="mux_case_5261719/1 "/>
</bind>
</comp>

<comp id="1248" class="1004" name="mux_case_5362723_fu_1248">
<pin_list>
<pin id="1249" dir="0" index="0" bw="1" slack="0"/>
<pin id="1250" dir="1" index="1" bw="64" slack="0"/>
</pin_list>
<bind>
<opcode="alloca(26) " fcode="alloca"/>
<opset="mux_case_5362723/1 "/>
</bind>
</comp>

<comp id="1252" class="1004" name="mux_case_5463727_fu_1252">
<pin_list>
<pin id="1253" dir="0" index="0" bw="1" slack="0"/>
<pin id="1254" dir="1" index="1" bw="64" slack="0"/>
</pin_list>
<bind>
<opcode="alloca(26) " fcode="alloca"/>
<opset="mux_case_5463727/1 "/>
</bind>
</comp>

<comp id="1256" class="1004" name="mux_case_5564731_fu_1256">
<pin_list>
<pin id="1257" dir="0" index="0" bw="1" slack="0"/>
<pin id="1258" dir="1" index="1" bw="64" slack="0"/>
</pin_list>
<bind>
<opcode="alloca(26) " fcode="alloca"/>
<opset="mux_case_5564731/1 "/>
</bind>
</comp>

<comp id="1260" class="1004" name="mux_case_5665735_fu_1260">
<pin_list>
<pin id="1261" dir="0" index="0" bw="1" slack="0"/>
<pin id="1262" dir="1" index="1" bw="64" slack="0"/>
</pin_list>
<bind>
<opcode="alloca(26) " fcode="alloca"/>
<opset="mux_case_5665735/1 "/>
</bind>
</comp>

<comp id="1264" class="1004" name="mux_case_5766739_fu_1264">
<pin_list>
<pin id="1265" dir="0" index="0" bw="1" slack="0"/>
<pin id="1266" dir="1" index="1" bw="64" slack="0"/>
</pin_list>
<bind>
<opcode="alloca(26) " fcode="alloca"/>
<opset="mux_case_5766739/1 "/>
</bind>
</comp>

<comp id="1268" class="1004" name="mux_case_5867743_fu_1268">
<pin_list>
<pin id="1269" dir="0" index="0" bw="1" slack="0"/>
<pin id="1270" dir="1" index="1" bw="64" slack="0"/>
</pin_list>
<bind>
<opcode="alloca(26) " fcode="alloca"/>
<opset="mux_case_5867743/1 "/>
</bind>
</comp>

<comp id="1272" class="1004" name="mux_case_5968747_fu_1272">
<pin_list>
<pin id="1273" dir="0" index="0" bw="1" slack="0"/>
<pin id="1274" dir="1" index="1" bw="64" slack="0"/>
</pin_list>
<bind>
<opcode="alloca(26) " fcode="alloca"/>
<opset="mux_case_5968747/1 "/>
</bind>
</comp>

<comp id="1276" class="1004" name="mux_case_6069751_fu_1276">
<pin_list>
<pin id="1277" dir="0" index="0" bw="1" slack="0"/>
<pin id="1278" dir="1" index="1" bw="64" slack="0"/>
</pin_list>
<bind>
<opcode="alloca(26) " fcode="alloca"/>
<opset="mux_case_6069751/1 "/>
</bind>
</comp>

<comp id="1280" class="1004" name="mux_case_6170755_fu_1280">
<pin_list>
<pin id="1281" dir="0" index="0" bw="1" slack="0"/>
<pin id="1282" dir="1" index="1" bw="64" slack="0"/>
</pin_list>
<bind>
<opcode="alloca(26) " fcode="alloca"/>
<opset="mux_case_6170755/1 "/>
</bind>
</comp>

<comp id="1284" class="1004" name="mux_case_6271759_fu_1284">
<pin_list>
<pin id="1285" dir="0" index="0" bw="1" slack="0"/>
<pin id="1286" dir="1" index="1" bw="64" slack="0"/>
</pin_list>
<bind>
<opcode="alloca(26) " fcode="alloca"/>
<opset="mux_case_6271759/1 "/>
</bind>
</comp>

<comp id="1288" class="1004" name="mux_case_6372763_fu_1288">
<pin_list>
<pin id="1289" dir="0" index="0" bw="1" slack="0"/>
<pin id="1290" dir="1" index="1" bw="64" slack="0"/>
</pin_list>
<bind>
<opcode="alloca(26) " fcode="alloca"/>
<opset="mux_case_6372763/1 "/>
</bind>
</comp>

<comp id="1292" class="1004" name="mux_case_6473767_fu_1292">
<pin_list>
<pin id="1293" dir="0" index="0" bw="1" slack="0"/>
<pin id="1294" dir="1" index="1" bw="64" slack="0"/>
</pin_list>
<bind>
<opcode="alloca(26) " fcode="alloca"/>
<opset="mux_case_6473767/1 "/>
</bind>
</comp>

<comp id="1296" class="1004" name="mux_case_6574771_fu_1296">
<pin_list>
<pin id="1297" dir="0" index="0" bw="1" slack="0"/>
<pin id="1298" dir="1" index="1" bw="64" slack="0"/>
</pin_list>
<bind>
<opcode="alloca(26) " fcode="alloca"/>
<opset="mux_case_6574771/1 "/>
</bind>
</comp>

<comp id="1300" class="1004" name="mux_case_6675775_fu_1300">
<pin_list>
<pin id="1301" dir="0" index="0" bw="1" slack="0"/>
<pin id="1302" dir="1" index="1" bw="64" slack="0"/>
</pin_list>
<bind>
<opcode="alloca(26) " fcode="alloca"/>
<opset="mux_case_6675775/1 "/>
</bind>
</comp>

<comp id="1304" class="1004" name="mux_case_6776779_fu_1304">
<pin_list>
<pin id="1305" dir="0" index="0" bw="1" slack="0"/>
<pin id="1306" dir="1" index="1" bw="64" slack="0"/>
</pin_list>
<bind>
<opcode="alloca(26) " fcode="alloca"/>
<opset="mux_case_6776779/1 "/>
</bind>
</comp>

<comp id="1308" class="1004" name="mux_case_6877783_fu_1308">
<pin_list>
<pin id="1309" dir="0" index="0" bw="1" slack="0"/>
<pin id="1310" dir="1" index="1" bw="64" slack="0"/>
</pin_list>
<bind>
<opcode="alloca(26) " fcode="alloca"/>
<opset="mux_case_6877783/1 "/>
</bind>
</comp>

<comp id="1312" class="1004" name="mux_case_6978787_fu_1312">
<pin_list>
<pin id="1313" dir="0" index="0" bw="1" slack="0"/>
<pin id="1314" dir="1" index="1" bw="64" slack="0"/>
</pin_list>
<bind>
<opcode="alloca(26) " fcode="alloca"/>
<opset="mux_case_6978787/1 "/>
</bind>
</comp>

<comp id="1316" class="1004" name="mux_case_7079791_fu_1316">
<pin_list>
<pin id="1317" dir="0" index="0" bw="1" slack="0"/>
<pin id="1318" dir="1" index="1" bw="64" slack="0"/>
</pin_list>
<bind>
<opcode="alloca(26) " fcode="alloca"/>
<opset="mux_case_7079791/1 "/>
</bind>
</comp>

<comp id="1320" class="1004" name="mux_case_7180795_fu_1320">
<pin_list>
<pin id="1321" dir="0" index="0" bw="1" slack="0"/>
<pin id="1322" dir="1" index="1" bw="64" slack="0"/>
</pin_list>
<bind>
<opcode="alloca(26) " fcode="alloca"/>
<opset="mux_case_7180795/1 "/>
</bind>
</comp>

<comp id="1324" class="1004" name="mux_case_7281799_fu_1324">
<pin_list>
<pin id="1325" dir="0" index="0" bw="1" slack="0"/>
<pin id="1326" dir="1" index="1" bw="64" slack="0"/>
</pin_list>
<bind>
<opcode="alloca(26) " fcode="alloca"/>
<opset="mux_case_7281799/1 "/>
</bind>
</comp>

<comp id="1328" class="1004" name="mux_case_7382803_fu_1328">
<pin_list>
<pin id="1329" dir="0" index="0" bw="1" slack="0"/>
<pin id="1330" dir="1" index="1" bw="64" slack="0"/>
</pin_list>
<bind>
<opcode="alloca(26) " fcode="alloca"/>
<opset="mux_case_7382803/1 "/>
</bind>
</comp>

<comp id="1332" class="1004" name="mux_case_7483807_fu_1332">
<pin_list>
<pin id="1333" dir="0" index="0" bw="1" slack="0"/>
<pin id="1334" dir="1" index="1" bw="64" slack="0"/>
</pin_list>
<bind>
<opcode="alloca(26) " fcode="alloca"/>
<opset="mux_case_7483807/1 "/>
</bind>
</comp>

<comp id="1336" class="1004" name="mux_case_7584811_fu_1336">
<pin_list>
<pin id="1337" dir="0" index="0" bw="1" slack="0"/>
<pin id="1338" dir="1" index="1" bw="64" slack="0"/>
</pin_list>
<bind>
<opcode="alloca(26) " fcode="alloca"/>
<opset="mux_case_7584811/1 "/>
</bind>
</comp>

<comp id="1340" class="1004" name="mux_case_7685815_fu_1340">
<pin_list>
<pin id="1341" dir="0" index="0" bw="1" slack="0"/>
<pin id="1342" dir="1" index="1" bw="64" slack="0"/>
</pin_list>
<bind>
<opcode="alloca(26) " fcode="alloca"/>
<opset="mux_case_7685815/1 "/>
</bind>
</comp>

<comp id="1344" class="1004" name="mux_case_7786819_fu_1344">
<pin_list>
<pin id="1345" dir="0" index="0" bw="1" slack="0"/>
<pin id="1346" dir="1" index="1" bw="64" slack="0"/>
</pin_list>
<bind>
<opcode="alloca(26) " fcode="alloca"/>
<opset="mux_case_7786819/1 "/>
</bind>
</comp>

<comp id="1348" class="1004" name="mux_case_7887823_fu_1348">
<pin_list>
<pin id="1349" dir="0" index="0" bw="1" slack="0"/>
<pin id="1350" dir="1" index="1" bw="64" slack="0"/>
</pin_list>
<bind>
<opcode="alloca(26) " fcode="alloca"/>
<opset="mux_case_7887823/1 "/>
</bind>
</comp>

<comp id="1352" class="1004" name="mux_case_7988827_fu_1352">
<pin_list>
<pin id="1353" dir="0" index="0" bw="1" slack="0"/>
<pin id="1354" dir="1" index="1" bw="64" slack="0"/>
</pin_list>
<bind>
<opcode="alloca(26) " fcode="alloca"/>
<opset="mux_case_7988827/1 "/>
</bind>
</comp>

<comp id="1356" class="1004" name="mux_case_8089831_fu_1356">
<pin_list>
<pin id="1357" dir="0" index="0" bw="1" slack="0"/>
<pin id="1358" dir="1" index="1" bw="64" slack="0"/>
</pin_list>
<bind>
<opcode="alloca(26) " fcode="alloca"/>
<opset="mux_case_8089831/1 "/>
</bind>
</comp>

<comp id="1360" class="1004" name="mux_case_8190835_fu_1360">
<pin_list>
<pin id="1361" dir="0" index="0" bw="1" slack="0"/>
<pin id="1362" dir="1" index="1" bw="64" slack="0"/>
</pin_list>
<bind>
<opcode="alloca(26) " fcode="alloca"/>
<opset="mux_case_8190835/1 "/>
</bind>
</comp>

<comp id="1364" class="1004" name="mux_case_8291839_fu_1364">
<pin_list>
<pin id="1365" dir="0" index="0" bw="1" slack="0"/>
<pin id="1366" dir="1" index="1" bw="64" slack="0"/>
</pin_list>
<bind>
<opcode="alloca(26) " fcode="alloca"/>
<opset="mux_case_8291839/1 "/>
</bind>
</comp>

<comp id="1368" class="1004" name="mux_case_8392843_fu_1368">
<pin_list>
<pin id="1369" dir="0" index="0" bw="1" slack="0"/>
<pin id="1370" dir="1" index="1" bw="64" slack="0"/>
</pin_list>
<bind>
<opcode="alloca(26) " fcode="alloca"/>
<opset="mux_case_8392843/1 "/>
</bind>
</comp>

<comp id="1372" class="1004" name="mux_case_8493847_fu_1372">
<pin_list>
<pin id="1373" dir="0" index="0" bw="1" slack="0"/>
<pin id="1374" dir="1" index="1" bw="64" slack="0"/>
</pin_list>
<bind>
<opcode="alloca(26) " fcode="alloca"/>
<opset="mux_case_8493847/1 "/>
</bind>
</comp>

<comp id="1376" class="1004" name="mux_case_8594851_fu_1376">
<pin_list>
<pin id="1377" dir="0" index="0" bw="1" slack="0"/>
<pin id="1378" dir="1" index="1" bw="64" slack="0"/>
</pin_list>
<bind>
<opcode="alloca(26) " fcode="alloca"/>
<opset="mux_case_8594851/1 "/>
</bind>
</comp>

<comp id="1380" class="1004" name="mux_case_8695855_fu_1380">
<pin_list>
<pin id="1381" dir="0" index="0" bw="1" slack="0"/>
<pin id="1382" dir="1" index="1" bw="64" slack="0"/>
</pin_list>
<bind>
<opcode="alloca(26) " fcode="alloca"/>
<opset="mux_case_8695855/1 "/>
</bind>
</comp>

<comp id="1384" class="1004" name="mux_case_8796859_fu_1384">
<pin_list>
<pin id="1385" dir="0" index="0" bw="1" slack="0"/>
<pin id="1386" dir="1" index="1" bw="64" slack="0"/>
</pin_list>
<bind>
<opcode="alloca(26) " fcode="alloca"/>
<opset="mux_case_8796859/1 "/>
</bind>
</comp>

<comp id="1388" class="1004" name="mux_case_8897863_fu_1388">
<pin_list>
<pin id="1389" dir="0" index="0" bw="1" slack="0"/>
<pin id="1390" dir="1" index="1" bw="64" slack="0"/>
</pin_list>
<bind>
<opcode="alloca(26) " fcode="alloca"/>
<opset="mux_case_8897863/1 "/>
</bind>
</comp>

<comp id="1392" class="1004" name="mux_case_8998867_fu_1392">
<pin_list>
<pin id="1393" dir="0" index="0" bw="1" slack="0"/>
<pin id="1394" dir="1" index="1" bw="64" slack="0"/>
</pin_list>
<bind>
<opcode="alloca(26) " fcode="alloca"/>
<opset="mux_case_8998867/1 "/>
</bind>
</comp>

<comp id="1396" class="1004" name="mux_case_9099871_fu_1396">
<pin_list>
<pin id="1397" dir="0" index="0" bw="1" slack="0"/>
<pin id="1398" dir="1" index="1" bw="64" slack="0"/>
</pin_list>
<bind>
<opcode="alloca(26) " fcode="alloca"/>
<opset="mux_case_9099871/1 "/>
</bind>
</comp>

<comp id="1400" class="1004" name="mux_case_91100875_fu_1400">
<pin_list>
<pin id="1401" dir="0" index="0" bw="1" slack="0"/>
<pin id="1402" dir="1" index="1" bw="64" slack="0"/>
</pin_list>
<bind>
<opcode="alloca(26) " fcode="alloca"/>
<opset="mux_case_91100875/1 "/>
</bind>
</comp>

<comp id="1404" class="1004" name="mux_case_92101879_fu_1404">
<pin_list>
<pin id="1405" dir="0" index="0" bw="1" slack="0"/>
<pin id="1406" dir="1" index="1" bw="64" slack="0"/>
</pin_list>
<bind>
<opcode="alloca(26) " fcode="alloca"/>
<opset="mux_case_92101879/1 "/>
</bind>
</comp>

<comp id="1408" class="1004" name="mux_case_93102883_fu_1408">
<pin_list>
<pin id="1409" dir="0" index="0" bw="1" slack="0"/>
<pin id="1410" dir="1" index="1" bw="64" slack="0"/>
</pin_list>
<bind>
<opcode="alloca(26) " fcode="alloca"/>
<opset="mux_case_93102883/1 "/>
</bind>
</comp>

<comp id="1412" class="1004" name="mux_case_94103887_fu_1412">
<pin_list>
<pin id="1413" dir="0" index="0" bw="1" slack="0"/>
<pin id="1414" dir="1" index="1" bw="64" slack="0"/>
</pin_list>
<bind>
<opcode="alloca(26) " fcode="alloca"/>
<opset="mux_case_94103887/1 "/>
</bind>
</comp>

<comp id="1416" class="1004" name="mux_case_95104891_fu_1416">
<pin_list>
<pin id="1417" dir="0" index="0" bw="1" slack="0"/>
<pin id="1418" dir="1" index="1" bw="64" slack="0"/>
</pin_list>
<bind>
<opcode="alloca(26) " fcode="alloca"/>
<opset="mux_case_95104891/1 "/>
</bind>
</comp>

<comp id="1420" class="1004" name="mux_case_96105895_fu_1420">
<pin_list>
<pin id="1421" dir="0" index="0" bw="1" slack="0"/>
<pin id="1422" dir="1" index="1" bw="64" slack="0"/>
</pin_list>
<bind>
<opcode="alloca(26) " fcode="alloca"/>
<opset="mux_case_96105895/1 "/>
</bind>
</comp>

<comp id="1424" class="1004" name="mux_case_97106899_fu_1424">
<pin_list>
<pin id="1425" dir="0" index="0" bw="1" slack="0"/>
<pin id="1426" dir="1" index="1" bw="64" slack="0"/>
</pin_list>
<bind>
<opcode="alloca(26) " fcode="alloca"/>
<opset="mux_case_97106899/1 "/>
</bind>
</comp>

<comp id="1428" class="1004" name="mux_case_98107903_fu_1428">
<pin_list>
<pin id="1429" dir="0" index="0" bw="1" slack="0"/>
<pin id="1430" dir="1" index="1" bw="64" slack="0"/>
</pin_list>
<bind>
<opcode="alloca(26) " fcode="alloca"/>
<opset="mux_case_98107903/1 "/>
</bind>
</comp>

<comp id="1432" class="1004" name="mux_case_99108907_fu_1432">
<pin_list>
<pin id="1433" dir="0" index="0" bw="1" slack="0"/>
<pin id="1434" dir="1" index="1" bw="64" slack="0"/>
</pin_list>
<bind>
<opcode="alloca(26) " fcode="alloca"/>
<opset="mux_case_99108907/1 "/>
</bind>
</comp>

<comp id="1436" class="1004" name="atomLocationsSize_read_read_fu_1436">
<pin_list>
<pin id="1437" dir="0" index="0" bw="32" slack="0"/>
<pin id="1438" dir="0" index="1" bw="32" slack="0"/>
<pin id="1439" dir="1" index="2" bw="32" slack="0"/>
</pin_list>
<bind>
<opcode="read(1150) " fcode="read"/>
<opset="atomLocationsSize_read/1 "/>
</bind>
</comp>

<comp id="1442" class="1004" name="write_ln0_write_fu_1442">
<pin_list>
<pin id="1443" dir="0" index="0" bw="0" slack="0"/>
<pin id="1444" dir="0" index="1" bw="64" slack="0"/>
<pin id="1445" dir="0" index="2" bw="64" slack="0"/>
<pin id="1446" dir="1" index="3" bw="0" slack="2147483647"/>
</pin_list>
<bind>
<opcode="write(1151) " fcode="write"/>
<opset="write_ln0/1 "/>
</bind>
</comp>

<comp id="1449" class="1004" name="write_ln0_write_fu_1449">
<pin_list>
<pin id="1450" dir="0" index="0" bw="0" slack="0"/>
<pin id="1451" dir="0" index="1" bw="64" slack="0"/>
<pin id="1452" dir="0" index="2" bw="64" slack="0"/>
<pin id="1453" dir="1" index="3" bw="0" slack="2147483647"/>
</pin_list>
<bind>
<opcode="write(1151) " fcode="write"/>
<opset="write_ln0/1 "/>
</bind>
</comp>

<comp id="1456" class="1004" name="write_ln0_write_fu_1456">
<pin_list>
<pin id="1457" dir="0" index="0" bw="0" slack="0"/>
<pin id="1458" dir="0" index="1" bw="64" slack="0"/>
<pin id="1459" dir="0" index="2" bw="64" slack="0"/>
<pin id="1460" dir="1" index="3" bw="0" slack="2147483647"/>
</pin_list>
<bind>
<opcode="write(1151) " fcode="write"/>
<opset="write_ln0/1 "/>
</bind>
</comp>

<comp id="1463" class="1004" name="write_ln0_write_fu_1463">
<pin_list>
<pin id="1464" dir="0" index="0" bw="0" slack="0"/>
<pin id="1465" dir="0" index="1" bw="64" slack="0"/>
<pin id="1466" dir="0" index="2" bw="64" slack="0"/>
<pin id="1467" dir="1" index="3" bw="0" slack="2147483647"/>
</pin_list>
<bind>
<opcode="write(1151) " fcode="write"/>
<opset="write_ln0/1 "/>
</bind>
</comp>

<comp id="1470" class="1004" name="write_ln0_write_fu_1470">
<pin_list>
<pin id="1471" dir="0" index="0" bw="0" slack="0"/>
<pin id="1472" dir="0" index="1" bw="64" slack="0"/>
<pin id="1473" dir="0" index="2" bw="64" slack="0"/>
<pin id="1474" dir="1" index="3" bw="0" slack="2147483647"/>
</pin_list>
<bind>
<opcode="write(1151) " fcode="write"/>
<opset="write_ln0/1 "/>
</bind>
</comp>

<comp id="1477" class="1004" name="write_ln0_write_fu_1477">
<pin_list>
<pin id="1478" dir="0" index="0" bw="0" slack="0"/>
<pin id="1479" dir="0" index="1" bw="64" slack="0"/>
<pin id="1480" dir="0" index="2" bw="64" slack="0"/>
<pin id="1481" dir="1" index="3" bw="0" slack="2147483647"/>
</pin_list>
<bind>
<opcode="write(1151) " fcode="write"/>
<opset="write_ln0/1 "/>
</bind>
</comp>

<comp id="1484" class="1004" name="write_ln0_write_fu_1484">
<pin_list>
<pin id="1485" dir="0" index="0" bw="0" slack="0"/>
<pin id="1486" dir="0" index="1" bw="64" slack="0"/>
<pin id="1487" dir="0" index="2" bw="64" slack="0"/>
<pin id="1488" dir="1" index="3" bw="0" slack="2147483647"/>
</pin_list>
<bind>
<opcode="write(1151) " fcode="write"/>
<opset="write_ln0/1 "/>
</bind>
</comp>

<comp id="1491" class="1004" name="write_ln0_write_fu_1491">
<pin_list>
<pin id="1492" dir="0" index="0" bw="0" slack="0"/>
<pin id="1493" dir="0" index="1" bw="64" slack="0"/>
<pin id="1494" dir="0" index="2" bw="64" slack="0"/>
<pin id="1495" dir="1" index="3" bw="0" slack="2147483647"/>
</pin_list>
<bind>
<opcode="write(1151) " fcode="write"/>
<opset="write_ln0/1 "/>
</bind>
</comp>

<comp id="1498" class="1004" name="write_ln0_write_fu_1498">
<pin_list>
<pin id="1499" dir="0" index="0" bw="0" slack="0"/>
<pin id="1500" dir="0" index="1" bw="64" slack="0"/>
<pin id="1501" dir="0" index="2" bw="64" slack="0"/>
<pin id="1502" dir="1" index="3" bw="0" slack="2147483647"/>
</pin_list>
<bind>
<opcode="write(1151) " fcode="write"/>
<opset="write_ln0/1 "/>
</bind>
</comp>

<comp id="1505" class="1004" name="write_ln0_write_fu_1505">
<pin_list>
<pin id="1506" dir="0" index="0" bw="0" slack="0"/>
<pin id="1507" dir="0" index="1" bw="64" slack="0"/>
<pin id="1508" dir="0" index="2" bw="64" slack="0"/>
<pin id="1509" dir="1" index="3" bw="0" slack="2147483647"/>
</pin_list>
<bind>
<opcode="write(1151) " fcode="write"/>
<opset="write_ln0/1 "/>
</bind>
</comp>

<comp id="1512" class="1004" name="write_ln0_write_fu_1512">
<pin_list>
<pin id="1513" dir="0" index="0" bw="0" slack="0"/>
<pin id="1514" dir="0" index="1" bw="64" slack="0"/>
<pin id="1515" dir="0" index="2" bw="64" slack="0"/>
<pin id="1516" dir="1" index="3" bw="0" slack="2147483647"/>
</pin_list>
<bind>
<opcode="write(1151) " fcode="write"/>
<opset="write_ln0/1 "/>
</bind>
</comp>

<comp id="1519" class="1004" name="write_ln0_write_fu_1519">
<pin_list>
<pin id="1520" dir="0" index="0" bw="0" slack="0"/>
<pin id="1521" dir="0" index="1" bw="64" slack="0"/>
<pin id="1522" dir="0" index="2" bw="64" slack="0"/>
<pin id="1523" dir="1" index="3" bw="0" slack="2147483647"/>
</pin_list>
<bind>
<opcode="write(1151) " fcode="write"/>
<opset="write_ln0/1 "/>
</bind>
</comp>

<comp id="1526" class="1004" name="write_ln0_write_fu_1526">
<pin_list>
<pin id="1527" dir="0" index="0" bw="0" slack="0"/>
<pin id="1528" dir="0" index="1" bw="64" slack="0"/>
<pin id="1529" dir="0" index="2" bw="64" slack="0"/>
<pin id="1530" dir="1" index="3" bw="0" slack="2147483647"/>
</pin_list>
<bind>
<opcode="write(1151) " fcode="write"/>
<opset="write_ln0/1 "/>
</bind>
</comp>

<comp id="1533" class="1004" name="write_ln0_write_fu_1533">
<pin_list>
<pin id="1534" dir="0" index="0" bw="0" slack="0"/>
<pin id="1535" dir="0" index="1" bw="64" slack="0"/>
<pin id="1536" dir="0" index="2" bw="64" slack="0"/>
<pin id="1537" dir="1" index="3" bw="0" slack="2147483647"/>
</pin_list>
<bind>
<opcode="write(1151) " fcode="write"/>
<opset="write_ln0/1 "/>
</bind>
</comp>

<comp id="1540" class="1004" name="write_ln0_write_fu_1540">
<pin_list>
<pin id="1541" dir="0" index="0" bw="0" slack="0"/>
<pin id="1542" dir="0" index="1" bw="64" slack="0"/>
<pin id="1543" dir="0" index="2" bw="64" slack="0"/>
<pin id="1544" dir="1" index="3" bw="0" slack="2147483647"/>
</pin_list>
<bind>
<opcode="write(1151) " fcode="write"/>
<opset="write_ln0/1 "/>
</bind>
</comp>

<comp id="1547" class="1004" name="write_ln0_write_fu_1547">
<pin_list>
<pin id="1548" dir="0" index="0" bw="0" slack="0"/>
<pin id="1549" dir="0" index="1" bw="64" slack="0"/>
<pin id="1550" dir="0" index="2" bw="64" slack="0"/>
<pin id="1551" dir="1" index="3" bw="0" slack="2147483647"/>
</pin_list>
<bind>
<opcode="write(1151) " fcode="write"/>
<opset="write_ln0/1 "/>
</bind>
</comp>

<comp id="1554" class="1004" name="write_ln0_write_fu_1554">
<pin_list>
<pin id="1555" dir="0" index="0" bw="0" slack="0"/>
<pin id="1556" dir="0" index="1" bw="64" slack="0"/>
<pin id="1557" dir="0" index="2" bw="64" slack="0"/>
<pin id="1558" dir="1" index="3" bw="0" slack="2147483647"/>
</pin_list>
<bind>
<opcode="write(1151) " fcode="write"/>
<opset="write_ln0/1 "/>
</bind>
</comp>

<comp id="1561" class="1004" name="write_ln0_write_fu_1561">
<pin_list>
<pin id="1562" dir="0" index="0" bw="0" slack="0"/>
<pin id="1563" dir="0" index="1" bw="64" slack="0"/>
<pin id="1564" dir="0" index="2" bw="64" slack="0"/>
<pin id="1565" dir="1" index="3" bw="0" slack="2147483647"/>
</pin_list>
<bind>
<opcode="write(1151) " fcode="write"/>
<opset="write_ln0/1 "/>
</bind>
</comp>

<comp id="1568" class="1004" name="write_ln0_write_fu_1568">
<pin_list>
<pin id="1569" dir="0" index="0" bw="0" slack="0"/>
<pin id="1570" dir="0" index="1" bw="64" slack="0"/>
<pin id="1571" dir="0" index="2" bw="64" slack="0"/>
<pin id="1572" dir="1" index="3" bw="0" slack="2147483647"/>
</pin_list>
<bind>
<opcode="write(1151) " fcode="write"/>
<opset="write_ln0/1 "/>
</bind>
</comp>

<comp id="1575" class="1004" name="write_ln0_write_fu_1575">
<pin_list>
<pin id="1576" dir="0" index="0" bw="0" slack="0"/>
<pin id="1577" dir="0" index="1" bw="64" slack="0"/>
<pin id="1578" dir="0" index="2" bw="64" slack="0"/>
<pin id="1579" dir="1" index="3" bw="0" slack="2147483647"/>
</pin_list>
<bind>
<opcode="write(1151) " fcode="write"/>
<opset="write_ln0/1 "/>
</bind>
</comp>

<comp id="1582" class="1004" name="write_ln0_write_fu_1582">
<pin_list>
<pin id="1583" dir="0" index="0" bw="0" slack="0"/>
<pin id="1584" dir="0" index="1" bw="64" slack="0"/>
<pin id="1585" dir="0" index="2" bw="64" slack="0"/>
<pin id="1586" dir="1" index="3" bw="0" slack="2147483647"/>
</pin_list>
<bind>
<opcode="write(1151) " fcode="write"/>
<opset="write_ln0/1 "/>
</bind>
</comp>

<comp id="1589" class="1004" name="write_ln0_write_fu_1589">
<pin_list>
<pin id="1590" dir="0" index="0" bw="0" slack="0"/>
<pin id="1591" dir="0" index="1" bw="64" slack="0"/>
<pin id="1592" dir="0" index="2" bw="64" slack="0"/>
<pin id="1593" dir="1" index="3" bw="0" slack="2147483647"/>
</pin_list>
<bind>
<opcode="write(1151) " fcode="write"/>
<opset="write_ln0/1 "/>
</bind>
</comp>

<comp id="1596" class="1004" name="write_ln0_write_fu_1596">
<pin_list>
<pin id="1597" dir="0" index="0" bw="0" slack="0"/>
<pin id="1598" dir="0" index="1" bw="64" slack="0"/>
<pin id="1599" dir="0" index="2" bw="64" slack="0"/>
<pin id="1600" dir="1" index="3" bw="0" slack="2147483647"/>
</pin_list>
<bind>
<opcode="write(1151) " fcode="write"/>
<opset="write_ln0/1 "/>
</bind>
</comp>

<comp id="1603" class="1004" name="write_ln0_write_fu_1603">
<pin_list>
<pin id="1604" dir="0" index="0" bw="0" slack="0"/>
<pin id="1605" dir="0" index="1" bw="64" slack="0"/>
<pin id="1606" dir="0" index="2" bw="64" slack="0"/>
<pin id="1607" dir="1" index="3" bw="0" slack="2147483647"/>
</pin_list>
<bind>
<opcode="write(1151) " fcode="write"/>
<opset="write_ln0/1 "/>
</bind>
</comp>

<comp id="1610" class="1004" name="write_ln0_write_fu_1610">
<pin_list>
<pin id="1611" dir="0" index="0" bw="0" slack="0"/>
<pin id="1612" dir="0" index="1" bw="64" slack="0"/>
<pin id="1613" dir="0" index="2" bw="64" slack="0"/>
<pin id="1614" dir="1" index="3" bw="0" slack="2147483647"/>
</pin_list>
<bind>
<opcode="write(1151) " fcode="write"/>
<opset="write_ln0/1 "/>
</bind>
</comp>

<comp id="1617" class="1004" name="write_ln0_write_fu_1617">
<pin_list>
<pin id="1618" dir="0" index="0" bw="0" slack="0"/>
<pin id="1619" dir="0" index="1" bw="64" slack="0"/>
<pin id="1620" dir="0" index="2" bw="64" slack="0"/>
<pin id="1621" dir="1" index="3" bw="0" slack="2147483647"/>
</pin_list>
<bind>
<opcode="write(1151) " fcode="write"/>
<opset="write_ln0/1 "/>
</bind>
</comp>

<comp id="1624" class="1004" name="write_ln0_write_fu_1624">
<pin_list>
<pin id="1625" dir="0" index="0" bw="0" slack="0"/>
<pin id="1626" dir="0" index="1" bw="64" slack="0"/>
<pin id="1627" dir="0" index="2" bw="64" slack="0"/>
<pin id="1628" dir="1" index="3" bw="0" slack="2147483647"/>
</pin_list>
<bind>
<opcode="write(1151) " fcode="write"/>
<opset="write_ln0/1 "/>
</bind>
</comp>

<comp id="1631" class="1004" name="write_ln0_write_fu_1631">
<pin_list>
<pin id="1632" dir="0" index="0" bw="0" slack="0"/>
<pin id="1633" dir="0" index="1" bw="64" slack="0"/>
<pin id="1634" dir="0" index="2" bw="64" slack="0"/>
<pin id="1635" dir="1" index="3" bw="0" slack="2147483647"/>
</pin_list>
<bind>
<opcode="write(1151) " fcode="write"/>
<opset="write_ln0/1 "/>
</bind>
</comp>

<comp id="1638" class="1004" name="write_ln0_write_fu_1638">
<pin_list>
<pin id="1639" dir="0" index="0" bw="0" slack="0"/>
<pin id="1640" dir="0" index="1" bw="64" slack="0"/>
<pin id="1641" dir="0" index="2" bw="64" slack="0"/>
<pin id="1642" dir="1" index="3" bw="0" slack="2147483647"/>
</pin_list>
<bind>
<opcode="write(1151) " fcode="write"/>
<opset="write_ln0/1 "/>
</bind>
</comp>

<comp id="1645" class="1004" name="write_ln0_write_fu_1645">
<pin_list>
<pin id="1646" dir="0" index="0" bw="0" slack="0"/>
<pin id="1647" dir="0" index="1" bw="64" slack="0"/>
<pin id="1648" dir="0" index="2" bw="64" slack="0"/>
<pin id="1649" dir="1" index="3" bw="0" slack="2147483647"/>
</pin_list>
<bind>
<opcode="write(1151) " fcode="write"/>
<opset="write_ln0/1 "/>
</bind>
</comp>

<comp id="1652" class="1004" name="write_ln0_write_fu_1652">
<pin_list>
<pin id="1653" dir="0" index="0" bw="0" slack="0"/>
<pin id="1654" dir="0" index="1" bw="64" slack="0"/>
<pin id="1655" dir="0" index="2" bw="64" slack="0"/>
<pin id="1656" dir="1" index="3" bw="0" slack="2147483647"/>
</pin_list>
<bind>
<opcode="write(1151) " fcode="write"/>
<opset="write_ln0/1 "/>
</bind>
</comp>

<comp id="1659" class="1004" name="write_ln0_write_fu_1659">
<pin_list>
<pin id="1660" dir="0" index="0" bw="0" slack="0"/>
<pin id="1661" dir="0" index="1" bw="64" slack="0"/>
<pin id="1662" dir="0" index="2" bw="64" slack="0"/>
<pin id="1663" dir="1" index="3" bw="0" slack="2147483647"/>
</pin_list>
<bind>
<opcode="write(1151) " fcode="write"/>
<opset="write_ln0/1 "/>
</bind>
</comp>

<comp id="1666" class="1004" name="write_ln0_write_fu_1666">
<pin_list>
<pin id="1667" dir="0" index="0" bw="0" slack="0"/>
<pin id="1668" dir="0" index="1" bw="64" slack="0"/>
<pin id="1669" dir="0" index="2" bw="64" slack="0"/>
<pin id="1670" dir="1" index="3" bw="0" slack="2147483647"/>
</pin_list>
<bind>
<opcode="write(1151) " fcode="write"/>
<opset="write_ln0/1 "/>
</bind>
</comp>

<comp id="1673" class="1004" name="write_ln0_write_fu_1673">
<pin_list>
<pin id="1674" dir="0" index="0" bw="0" slack="0"/>
<pin id="1675" dir="0" index="1" bw="64" slack="0"/>
<pin id="1676" dir="0" index="2" bw="64" slack="0"/>
<pin id="1677" dir="1" index="3" bw="0" slack="2147483647"/>
</pin_list>
<bind>
<opcode="write(1151) " fcode="write"/>
<opset="write_ln0/1 "/>
</bind>
</comp>

<comp id="1680" class="1004" name="write_ln0_write_fu_1680">
<pin_list>
<pin id="1681" dir="0" index="0" bw="0" slack="0"/>
<pin id="1682" dir="0" index="1" bw="64" slack="0"/>
<pin id="1683" dir="0" index="2" bw="64" slack="0"/>
<pin id="1684" dir="1" index="3" bw="0" slack="2147483647"/>
</pin_list>
<bind>
<opcode="write(1151) " fcode="write"/>
<opset="write_ln0/1 "/>
</bind>
</comp>

<comp id="1687" class="1004" name="write_ln0_write_fu_1687">
<pin_list>
<pin id="1688" dir="0" index="0" bw="0" slack="0"/>
<pin id="1689" dir="0" index="1" bw="64" slack="0"/>
<pin id="1690" dir="0" index="2" bw="64" slack="0"/>
<pin id="1691" dir="1" index="3" bw="0" slack="2147483647"/>
</pin_list>
<bind>
<opcode="write(1151) " fcode="write"/>
<opset="write_ln0/1 "/>
</bind>
</comp>

<comp id="1694" class="1004" name="write_ln0_write_fu_1694">
<pin_list>
<pin id="1695" dir="0" index="0" bw="0" slack="0"/>
<pin id="1696" dir="0" index="1" bw="64" slack="0"/>
<pin id="1697" dir="0" index="2" bw="64" slack="0"/>
<pin id="1698" dir="1" index="3" bw="0" slack="2147483647"/>
</pin_list>
<bind>
<opcode="write(1151) " fcode="write"/>
<opset="write_ln0/1 "/>
</bind>
</comp>

<comp id="1701" class="1004" name="write_ln0_write_fu_1701">
<pin_list>
<pin id="1702" dir="0" index="0" bw="0" slack="0"/>
<pin id="1703" dir="0" index="1" bw="64" slack="0"/>
<pin id="1704" dir="0" index="2" bw="64" slack="0"/>
<pin id="1705" dir="1" index="3" bw="0" slack="2147483647"/>
</pin_list>
<bind>
<opcode="write(1151) " fcode="write"/>
<opset="write_ln0/1 "/>
</bind>
</comp>

<comp id="1708" class="1004" name="write_ln0_write_fu_1708">
<pin_list>
<pin id="1709" dir="0" index="0" bw="0" slack="0"/>
<pin id="1710" dir="0" index="1" bw="64" slack="0"/>
<pin id="1711" dir="0" index="2" bw="64" slack="0"/>
<pin id="1712" dir="1" index="3" bw="0" slack="2147483647"/>
</pin_list>
<bind>
<opcode="write(1151) " fcode="write"/>
<opset="write_ln0/1 "/>
</bind>
</comp>

<comp id="1715" class="1004" name="write_ln0_write_fu_1715">
<pin_list>
<pin id="1716" dir="0" index="0" bw="0" slack="0"/>
<pin id="1717" dir="0" index="1" bw="64" slack="0"/>
<pin id="1718" dir="0" index="2" bw="64" slack="0"/>
<pin id="1719" dir="1" index="3" bw="0" slack="2147483647"/>
</pin_list>
<bind>
<opcode="write(1151) " fcode="write"/>
<opset="write_ln0/1 "/>
</bind>
</comp>

<comp id="1722" class="1004" name="write_ln0_write_fu_1722">
<pin_list>
<pin id="1723" dir="0" index="0" bw="0" slack="0"/>
<pin id="1724" dir="0" index="1" bw="64" slack="0"/>
<pin id="1725" dir="0" index="2" bw="64" slack="0"/>
<pin id="1726" dir="1" index="3" bw="0" slack="2147483647"/>
</pin_list>
<bind>
<opcode="write(1151) " fcode="write"/>
<opset="write_ln0/1 "/>
</bind>
</comp>

<comp id="1729" class="1004" name="write_ln0_write_fu_1729">
<pin_list>
<pin id="1730" dir="0" index="0" bw="0" slack="0"/>
<pin id="1731" dir="0" index="1" bw="64" slack="0"/>
<pin id="1732" dir="0" index="2" bw="64" slack="0"/>
<pin id="1733" dir="1" index="3" bw="0" slack="2147483647"/>
</pin_list>
<bind>
<opcode="write(1151) " fcode="write"/>
<opset="write_ln0/1 "/>
</bind>
</comp>

<comp id="1736" class="1004" name="write_ln0_write_fu_1736">
<pin_list>
<pin id="1737" dir="0" index="0" bw="0" slack="0"/>
<pin id="1738" dir="0" index="1" bw="64" slack="0"/>
<pin id="1739" dir="0" index="2" bw="64" slack="0"/>
<pin id="1740" dir="1" index="3" bw="0" slack="2147483647"/>
</pin_list>
<bind>
<opcode="write(1151) " fcode="write"/>
<opset="write_ln0/1 "/>
</bind>
</comp>

<comp id="1743" class="1004" name="write_ln0_write_fu_1743">
<pin_list>
<pin id="1744" dir="0" index="0" bw="0" slack="0"/>
<pin id="1745" dir="0" index="1" bw="64" slack="0"/>
<pin id="1746" dir="0" index="2" bw="64" slack="0"/>
<pin id="1747" dir="1" index="3" bw="0" slack="2147483647"/>
</pin_list>
<bind>
<opcode="write(1151) " fcode="write"/>
<opset="write_ln0/1 "/>
</bind>
</comp>

<comp id="1750" class="1004" name="write_ln0_write_fu_1750">
<pin_list>
<pin id="1751" dir="0" index="0" bw="0" slack="0"/>
<pin id="1752" dir="0" index="1" bw="64" slack="0"/>
<pin id="1753" dir="0" index="2" bw="64" slack="0"/>
<pin id="1754" dir="1" index="3" bw="0" slack="2147483647"/>
</pin_list>
<bind>
<opcode="write(1151) " fcode="write"/>
<opset="write_ln0/1 "/>
</bind>
</comp>

<comp id="1757" class="1004" name="write_ln0_write_fu_1757">
<pin_list>
<pin id="1758" dir="0" index="0" bw="0" slack="0"/>
<pin id="1759" dir="0" index="1" bw="64" slack="0"/>
<pin id="1760" dir="0" index="2" bw="64" slack="0"/>
<pin id="1761" dir="1" index="3" bw="0" slack="2147483647"/>
</pin_list>
<bind>
<opcode="write(1151) " fcode="write"/>
<opset="write_ln0/1 "/>
</bind>
</comp>

<comp id="1764" class="1004" name="write_ln0_write_fu_1764">
<pin_list>
<pin id="1765" dir="0" index="0" bw="0" slack="0"/>
<pin id="1766" dir="0" index="1" bw="64" slack="0"/>
<pin id="1767" dir="0" index="2" bw="64" slack="0"/>
<pin id="1768" dir="1" index="3" bw="0" slack="2147483647"/>
</pin_list>
<bind>
<opcode="write(1151) " fcode="write"/>
<opset="write_ln0/1 "/>
</bind>
</comp>

<comp id="1771" class="1004" name="write_ln0_write_fu_1771">
<pin_list>
<pin id="1772" dir="0" index="0" bw="0" slack="0"/>
<pin id="1773" dir="0" index="1" bw="64" slack="0"/>
<pin id="1774" dir="0" index="2" bw="64" slack="0"/>
<pin id="1775" dir="1" index="3" bw="0" slack="2147483647"/>
</pin_list>
<bind>
<opcode="write(1151) " fcode="write"/>
<opset="write_ln0/1 "/>
</bind>
</comp>

<comp id="1778" class="1004" name="write_ln0_write_fu_1778">
<pin_list>
<pin id="1779" dir="0" index="0" bw="0" slack="0"/>
<pin id="1780" dir="0" index="1" bw="64" slack="0"/>
<pin id="1781" dir="0" index="2" bw="64" slack="0"/>
<pin id="1782" dir="1" index="3" bw="0" slack="2147483647"/>
</pin_list>
<bind>
<opcode="write(1151) " fcode="write"/>
<opset="write_ln0/1 "/>
</bind>
</comp>

<comp id="1785" class="1004" name="write_ln0_write_fu_1785">
<pin_list>
<pin id="1786" dir="0" index="0" bw="0" slack="0"/>
<pin id="1787" dir="0" index="1" bw="64" slack="0"/>
<pin id="1788" dir="0" index="2" bw="64" slack="0"/>
<pin id="1789" dir="1" index="3" bw="0" slack="2147483647"/>
</pin_list>
<bind>
<opcode="write(1151) " fcode="write"/>
<opset="write_ln0/1 "/>
</bind>
</comp>

<comp id="1792" class="1004" name="write_ln0_write_fu_1792">
<pin_list>
<pin id="1793" dir="0" index="0" bw="0" slack="0"/>
<pin id="1794" dir="0" index="1" bw="64" slack="0"/>
<pin id="1795" dir="0" index="2" bw="64" slack="0"/>
<pin id="1796" dir="1" index="3" bw="0" slack="2147483647"/>
</pin_list>
<bind>
<opcode="write(1151) " fcode="write"/>
<opset="write_ln0/1 "/>
</bind>
</comp>

<comp id="1799" class="1004" name="write_ln0_write_fu_1799">
<pin_list>
<pin id="1800" dir="0" index="0" bw="0" slack="0"/>
<pin id="1801" dir="0" index="1" bw="64" slack="0"/>
<pin id="1802" dir="0" index="2" bw="64" slack="0"/>
<pin id="1803" dir="1" index="3" bw="0" slack="2147483647"/>
</pin_list>
<bind>
<opcode="write(1151) " fcode="write"/>
<opset="write_ln0/1 "/>
</bind>
</comp>

<comp id="1806" class="1004" name="write_ln0_write_fu_1806">
<pin_list>
<pin id="1807" dir="0" index="0" bw="0" slack="0"/>
<pin id="1808" dir="0" index="1" bw="64" slack="0"/>
<pin id="1809" dir="0" index="2" bw="64" slack="0"/>
<pin id="1810" dir="1" index="3" bw="0" slack="2147483647"/>
</pin_list>
<bind>
<opcode="write(1151) " fcode="write"/>
<opset="write_ln0/1 "/>
</bind>
</comp>

<comp id="1813" class="1004" name="write_ln0_write_fu_1813">
<pin_list>
<pin id="1814" dir="0" index="0" bw="0" slack="0"/>
<pin id="1815" dir="0" index="1" bw="64" slack="0"/>
<pin id="1816" dir="0" index="2" bw="64" slack="0"/>
<pin id="1817" dir="1" index="3" bw="0" slack="2147483647"/>
</pin_list>
<bind>
<opcode="write(1151) " fcode="write"/>
<opset="write_ln0/1 "/>
</bind>
</comp>

<comp id="1820" class="1004" name="write_ln0_write_fu_1820">
<pin_list>
<pin id="1821" dir="0" index="0" bw="0" slack="0"/>
<pin id="1822" dir="0" index="1" bw="64" slack="0"/>
<pin id="1823" dir="0" index="2" bw="64" slack="0"/>
<pin id="1824" dir="1" index="3" bw="0" slack="2147483647"/>
</pin_list>
<bind>
<opcode="write(1151) " fcode="write"/>
<opset="write_ln0/1 "/>
</bind>
</comp>

<comp id="1827" class="1004" name="write_ln0_write_fu_1827">
<pin_list>
<pin id="1828" dir="0" index="0" bw="0" slack="0"/>
<pin id="1829" dir="0" index="1" bw="64" slack="0"/>
<pin id="1830" dir="0" index="2" bw="64" slack="0"/>
<pin id="1831" dir="1" index="3" bw="0" slack="2147483647"/>
</pin_list>
<bind>
<opcode="write(1151) " fcode="write"/>
<opset="write_ln0/1 "/>
</bind>
</comp>

<comp id="1834" class="1004" name="write_ln0_write_fu_1834">
<pin_list>
<pin id="1835" dir="0" index="0" bw="0" slack="0"/>
<pin id="1836" dir="0" index="1" bw="64" slack="0"/>
<pin id="1837" dir="0" index="2" bw="64" slack="0"/>
<pin id="1838" dir="1" index="3" bw="0" slack="2147483647"/>
</pin_list>
<bind>
<opcode="write(1151) " fcode="write"/>
<opset="write_ln0/1 "/>
</bind>
</comp>

<comp id="1841" class="1004" name="write_ln0_write_fu_1841">
<pin_list>
<pin id="1842" dir="0" index="0" bw="0" slack="0"/>
<pin id="1843" dir="0" index="1" bw="64" slack="0"/>
<pin id="1844" dir="0" index="2" bw="64" slack="0"/>
<pin id="1845" dir="1" index="3" bw="0" slack="2147483647"/>
</pin_list>
<bind>
<opcode="write(1151) " fcode="write"/>
<opset="write_ln0/1 "/>
</bind>
</comp>

<comp id="1848" class="1004" name="write_ln0_write_fu_1848">
<pin_list>
<pin id="1849" dir="0" index="0" bw="0" slack="0"/>
<pin id="1850" dir="0" index="1" bw="64" slack="0"/>
<pin id="1851" dir="0" index="2" bw="64" slack="0"/>
<pin id="1852" dir="1" index="3" bw="0" slack="2147483647"/>
</pin_list>
<bind>
<opcode="write(1151) " fcode="write"/>
<opset="write_ln0/1 "/>
</bind>
</comp>

<comp id="1855" class="1004" name="write_ln0_write_fu_1855">
<pin_list>
<pin id="1856" dir="0" index="0" bw="0" slack="0"/>
<pin id="1857" dir="0" index="1" bw="64" slack="0"/>
<pin id="1858" dir="0" index="2" bw="64" slack="0"/>
<pin id="1859" dir="1" index="3" bw="0" slack="2147483647"/>
</pin_list>
<bind>
<opcode="write(1151) " fcode="write"/>
<opset="write_ln0/1 "/>
</bind>
</comp>

<comp id="1862" class="1004" name="write_ln0_write_fu_1862">
<pin_list>
<pin id="1863" dir="0" index="0" bw="0" slack="0"/>
<pin id="1864" dir="0" index="1" bw="64" slack="0"/>
<pin id="1865" dir="0" index="2" bw="64" slack="0"/>
<pin id="1866" dir="1" index="3" bw="0" slack="2147483647"/>
</pin_list>
<bind>
<opcode="write(1151) " fcode="write"/>
<opset="write_ln0/1 "/>
</bind>
</comp>

<comp id="1869" class="1004" name="write_ln0_write_fu_1869">
<pin_list>
<pin id="1870" dir="0" index="0" bw="0" slack="0"/>
<pin id="1871" dir="0" index="1" bw="64" slack="0"/>
<pin id="1872" dir="0" index="2" bw="64" slack="0"/>
<pin id="1873" dir="1" index="3" bw="0" slack="2147483647"/>
</pin_list>
<bind>
<opcode="write(1151) " fcode="write"/>
<opset="write_ln0/1 "/>
</bind>
</comp>

<comp id="1876" class="1004" name="write_ln0_write_fu_1876">
<pin_list>
<pin id="1877" dir="0" index="0" bw="0" slack="0"/>
<pin id="1878" dir="0" index="1" bw="64" slack="0"/>
<pin id="1879" dir="0" index="2" bw="64" slack="0"/>
<pin id="1880" dir="1" index="3" bw="0" slack="2147483647"/>
</pin_list>
<bind>
<opcode="write(1151) " fcode="write"/>
<opset="write_ln0/1 "/>
</bind>
</comp>

<comp id="1883" class="1004" name="write_ln0_write_fu_1883">
<pin_list>
<pin id="1884" dir="0" index="0" bw="0" slack="0"/>
<pin id="1885" dir="0" index="1" bw="64" slack="0"/>
<pin id="1886" dir="0" index="2" bw="64" slack="0"/>
<pin id="1887" dir="1" index="3" bw="0" slack="2147483647"/>
</pin_list>
<bind>
<opcode="write(1151) " fcode="write"/>
<opset="write_ln0/1 "/>
</bind>
</comp>

<comp id="1890" class="1004" name="write_ln0_write_fu_1890">
<pin_list>
<pin id="1891" dir="0" index="0" bw="0" slack="0"/>
<pin id="1892" dir="0" index="1" bw="64" slack="0"/>
<pin id="1893" dir="0" index="2" bw="64" slack="0"/>
<pin id="1894" dir="1" index="3" bw="0" slack="2147483647"/>
</pin_list>
<bind>
<opcode="write(1151) " fcode="write"/>
<opset="write_ln0/1 "/>
</bind>
</comp>

<comp id="1897" class="1004" name="write_ln0_write_fu_1897">
<pin_list>
<pin id="1898" dir="0" index="0" bw="0" slack="0"/>
<pin id="1899" dir="0" index="1" bw="64" slack="0"/>
<pin id="1900" dir="0" index="2" bw="64" slack="0"/>
<pin id="1901" dir="1" index="3" bw="0" slack="2147483647"/>
</pin_list>
<bind>
<opcode="write(1151) " fcode="write"/>
<opset="write_ln0/1 "/>
</bind>
</comp>

<comp id="1904" class="1004" name="write_ln0_write_fu_1904">
<pin_list>
<pin id="1905" dir="0" index="0" bw="0" slack="0"/>
<pin id="1906" dir="0" index="1" bw="64" slack="0"/>
<pin id="1907" dir="0" index="2" bw="64" slack="0"/>
<pin id="1908" dir="1" index="3" bw="0" slack="2147483647"/>
</pin_list>
<bind>
<opcode="write(1151) " fcode="write"/>
<opset="write_ln0/1 "/>
</bind>
</comp>

<comp id="1911" class="1004" name="write_ln0_write_fu_1911">
<pin_list>
<pin id="1912" dir="0" index="0" bw="0" slack="0"/>
<pin id="1913" dir="0" index="1" bw="64" slack="0"/>
<pin id="1914" dir="0" index="2" bw="64" slack="0"/>
<pin id="1915" dir="1" index="3" bw="0" slack="2147483647"/>
</pin_list>
<bind>
<opcode="write(1151) " fcode="write"/>
<opset="write_ln0/1 "/>
</bind>
</comp>

<comp id="1918" class="1004" name="write_ln0_write_fu_1918">
<pin_list>
<pin id="1919" dir="0" index="0" bw="0" slack="0"/>
<pin id="1920" dir="0" index="1" bw="64" slack="0"/>
<pin id="1921" dir="0" index="2" bw="64" slack="0"/>
<pin id="1922" dir="1" index="3" bw="0" slack="2147483647"/>
</pin_list>
<bind>
<opcode="write(1151) " fcode="write"/>
<opset="write_ln0/1 "/>
</bind>
</comp>

<comp id="1925" class="1004" name="write_ln0_write_fu_1925">
<pin_list>
<pin id="1926" dir="0" index="0" bw="0" slack="0"/>
<pin id="1927" dir="0" index="1" bw="64" slack="0"/>
<pin id="1928" dir="0" index="2" bw="64" slack="0"/>
<pin id="1929" dir="1" index="3" bw="0" slack="2147483647"/>
</pin_list>
<bind>
<opcode="write(1151) " fcode="write"/>
<opset="write_ln0/1 "/>
</bind>
</comp>

<comp id="1932" class="1004" name="write_ln0_write_fu_1932">
<pin_list>
<pin id="1933" dir="0" index="0" bw="0" slack="0"/>
<pin id="1934" dir="0" index="1" bw="64" slack="0"/>
<pin id="1935" dir="0" index="2" bw="64" slack="0"/>
<pin id="1936" dir="1" index="3" bw="0" slack="2147483647"/>
</pin_list>
<bind>
<opcode="write(1151) " fcode="write"/>
<opset="write_ln0/1 "/>
</bind>
</comp>

<comp id="1939" class="1004" name="write_ln0_write_fu_1939">
<pin_list>
<pin id="1940" dir="0" index="0" bw="0" slack="0"/>
<pin id="1941" dir="0" index="1" bw="64" slack="0"/>
<pin id="1942" dir="0" index="2" bw="64" slack="0"/>
<pin id="1943" dir="1" index="3" bw="0" slack="2147483647"/>
</pin_list>
<bind>
<opcode="write(1151) " fcode="write"/>
<opset="write_ln0/1 "/>
</bind>
</comp>

<comp id="1946" class="1004" name="write_ln0_write_fu_1946">
<pin_list>
<pin id="1947" dir="0" index="0" bw="0" slack="0"/>
<pin id="1948" dir="0" index="1" bw="64" slack="0"/>
<pin id="1949" dir="0" index="2" bw="64" slack="0"/>
<pin id="1950" dir="1" index="3" bw="0" slack="2147483647"/>
</pin_list>
<bind>
<opcode="write(1151) " fcode="write"/>
<opset="write_ln0/1 "/>
</bind>
</comp>

<comp id="1953" class="1004" name="write_ln0_write_fu_1953">
<pin_list>
<pin id="1954" dir="0" index="0" bw="0" slack="0"/>
<pin id="1955" dir="0" index="1" bw="64" slack="0"/>
<pin id="1956" dir="0" index="2" bw="64" slack="0"/>
<pin id="1957" dir="1" index="3" bw="0" slack="2147483647"/>
</pin_list>
<bind>
<opcode="write(1151) " fcode="write"/>
<opset="write_ln0/1 "/>
</bind>
</comp>

<comp id="1960" class="1004" name="write_ln0_write_fu_1960">
<pin_list>
<pin id="1961" dir="0" index="0" bw="0" slack="0"/>
<pin id="1962" dir="0" index="1" bw="64" slack="0"/>
<pin id="1963" dir="0" index="2" bw="64" slack="0"/>
<pin id="1964" dir="1" index="3" bw="0" slack="2147483647"/>
</pin_list>
<bind>
<opcode="write(1151) " fcode="write"/>
<opset="write_ln0/1 "/>
</bind>
</comp>

<comp id="1967" class="1004" name="write_ln0_write_fu_1967">
<pin_list>
<pin id="1968" dir="0" index="0" bw="0" slack="0"/>
<pin id="1969" dir="0" index="1" bw="64" slack="0"/>
<pin id="1970" dir="0" index="2" bw="64" slack="0"/>
<pin id="1971" dir="1" index="3" bw="0" slack="2147483647"/>
</pin_list>
<bind>
<opcode="write(1151) " fcode="write"/>
<opset="write_ln0/1 "/>
</bind>
</comp>

<comp id="1974" class="1004" name="write_ln0_write_fu_1974">
<pin_list>
<pin id="1975" dir="0" index="0" bw="0" slack="0"/>
<pin id="1976" dir="0" index="1" bw="64" slack="0"/>
<pin id="1977" dir="0" index="2" bw="64" slack="0"/>
<pin id="1978" dir="1" index="3" bw="0" slack="2147483647"/>
</pin_list>
<bind>
<opcode="write(1151) " fcode="write"/>
<opset="write_ln0/1 "/>
</bind>
</comp>

<comp id="1981" class="1004" name="write_ln0_write_fu_1981">
<pin_list>
<pin id="1982" dir="0" index="0" bw="0" slack="0"/>
<pin id="1983" dir="0" index="1" bw="64" slack="0"/>
<pin id="1984" dir="0" index="2" bw="64" slack="0"/>
<pin id="1985" dir="1" index="3" bw="0" slack="2147483647"/>
</pin_list>
<bind>
<opcode="write(1151) " fcode="write"/>
<opset="write_ln0/1 "/>
</bind>
</comp>

<comp id="1988" class="1004" name="write_ln0_write_fu_1988">
<pin_list>
<pin id="1989" dir="0" index="0" bw="0" slack="0"/>
<pin id="1990" dir="0" index="1" bw="64" slack="0"/>
<pin id="1991" dir="0" index="2" bw="64" slack="0"/>
<pin id="1992" dir="1" index="3" bw="0" slack="2147483647"/>
</pin_list>
<bind>
<opcode="write(1151) " fcode="write"/>
<opset="write_ln0/1 "/>
</bind>
</comp>

<comp id="1995" class="1004" name="write_ln0_write_fu_1995">
<pin_list>
<pin id="1996" dir="0" index="0" bw="0" slack="0"/>
<pin id="1997" dir="0" index="1" bw="64" slack="0"/>
<pin id="1998" dir="0" index="2" bw="64" slack="0"/>
<pin id="1999" dir="1" index="3" bw="0" slack="2147483647"/>
</pin_list>
<bind>
<opcode="write(1151) " fcode="write"/>
<opset="write_ln0/1 "/>
</bind>
</comp>

<comp id="2002" class="1004" name="write_ln0_write_fu_2002">
<pin_list>
<pin id="2003" dir="0" index="0" bw="0" slack="0"/>
<pin id="2004" dir="0" index="1" bw="64" slack="0"/>
<pin id="2005" dir="0" index="2" bw="64" slack="0"/>
<pin id="2006" dir="1" index="3" bw="0" slack="2147483647"/>
</pin_list>
<bind>
<opcode="write(1151) " fcode="write"/>
<opset="write_ln0/1 "/>
</bind>
</comp>

<comp id="2009" class="1004" name="write_ln0_write_fu_2009">
<pin_list>
<pin id="2010" dir="0" index="0" bw="0" slack="0"/>
<pin id="2011" dir="0" index="1" bw="64" slack="0"/>
<pin id="2012" dir="0" index="2" bw="64" slack="0"/>
<pin id="2013" dir="1" index="3" bw="0" slack="2147483647"/>
</pin_list>
<bind>
<opcode="write(1151) " fcode="write"/>
<opset="write_ln0/1 "/>
</bind>
</comp>

<comp id="2016" class="1004" name="write_ln0_write_fu_2016">
<pin_list>
<pin id="2017" dir="0" index="0" bw="0" slack="0"/>
<pin id="2018" dir="0" index="1" bw="64" slack="0"/>
<pin id="2019" dir="0" index="2" bw="64" slack="0"/>
<pin id="2020" dir="1" index="3" bw="0" slack="2147483647"/>
</pin_list>
<bind>
<opcode="write(1151) " fcode="write"/>
<opset="write_ln0/1 "/>
</bind>
</comp>

<comp id="2023" class="1004" name="write_ln0_write_fu_2023">
<pin_list>
<pin id="2024" dir="0" index="0" bw="0" slack="0"/>
<pin id="2025" dir="0" index="1" bw="64" slack="0"/>
<pin id="2026" dir="0" index="2" bw="64" slack="0"/>
<pin id="2027" dir="1" index="3" bw="0" slack="2147483647"/>
</pin_list>
<bind>
<opcode="write(1151) " fcode="write"/>
<opset="write_ln0/1 "/>
</bind>
</comp>

<comp id="2030" class="1004" name="write_ln0_write_fu_2030">
<pin_list>
<pin id="2031" dir="0" index="0" bw="0" slack="0"/>
<pin id="2032" dir="0" index="1" bw="64" slack="0"/>
<pin id="2033" dir="0" index="2" bw="64" slack="0"/>
<pin id="2034" dir="1" index="3" bw="0" slack="2147483647"/>
</pin_list>
<bind>
<opcode="write(1151) " fcode="write"/>
<opset="write_ln0/1 "/>
</bind>
</comp>

<comp id="2037" class="1004" name="write_ln0_write_fu_2037">
<pin_list>
<pin id="2038" dir="0" index="0" bw="0" slack="0"/>
<pin id="2039" dir="0" index="1" bw="64" slack="0"/>
<pin id="2040" dir="0" index="2" bw="64" slack="0"/>
<pin id="2041" dir="1" index="3" bw="0" slack="2147483647"/>
</pin_list>
<bind>
<opcode="write(1151) " fcode="write"/>
<opset="write_ln0/1 "/>
</bind>
</comp>

<comp id="2044" class="1004" name="write_ln0_write_fu_2044">
<pin_list>
<pin id="2045" dir="0" index="0" bw="0" slack="0"/>
<pin id="2046" dir="0" index="1" bw="64" slack="0"/>
<pin id="2047" dir="0" index="2" bw="64" slack="0"/>
<pin id="2048" dir="1" index="3" bw="0" slack="2147483647"/>
</pin_list>
<bind>
<opcode="write(1151) " fcode="write"/>
<opset="write_ln0/1 "/>
</bind>
</comp>

<comp id="2051" class="1004" name="write_ln0_write_fu_2051">
<pin_list>
<pin id="2052" dir="0" index="0" bw="0" slack="0"/>
<pin id="2053" dir="0" index="1" bw="64" slack="0"/>
<pin id="2054" dir="0" index="2" bw="64" slack="0"/>
<pin id="2055" dir="1" index="3" bw="0" slack="2147483647"/>
</pin_list>
<bind>
<opcode="write(1151) " fcode="write"/>
<opset="write_ln0/1 "/>
</bind>
</comp>

<comp id="2058" class="1004" name="write_ln0_write_fu_2058">
<pin_list>
<pin id="2059" dir="0" index="0" bw="0" slack="0"/>
<pin id="2060" dir="0" index="1" bw="64" slack="0"/>
<pin id="2061" dir="0" index="2" bw="64" slack="0"/>
<pin id="2062" dir="1" index="3" bw="0" slack="2147483647"/>
</pin_list>
<bind>
<opcode="write(1151) " fcode="write"/>
<opset="write_ln0/1 "/>
</bind>
</comp>

<comp id="2065" class="1004" name="write_ln0_write_fu_2065">
<pin_list>
<pin id="2066" dir="0" index="0" bw="0" slack="0"/>
<pin id="2067" dir="0" index="1" bw="64" slack="0"/>
<pin id="2068" dir="0" index="2" bw="64" slack="0"/>
<pin id="2069" dir="1" index="3" bw="0" slack="2147483647"/>
</pin_list>
<bind>
<opcode="write(1151) " fcode="write"/>
<opset="write_ln0/1 "/>
</bind>
</comp>

<comp id="2072" class="1004" name="write_ln0_write_fu_2072">
<pin_list>
<pin id="2073" dir="0" index="0" bw="0" slack="0"/>
<pin id="2074" dir="0" index="1" bw="64" slack="0"/>
<pin id="2075" dir="0" index="2" bw="64" slack="0"/>
<pin id="2076" dir="1" index="3" bw="0" slack="2147483647"/>
</pin_list>
<bind>
<opcode="write(1151) " fcode="write"/>
<opset="write_ln0/1 "/>
</bind>
</comp>

<comp id="2079" class="1004" name="write_ln0_write_fu_2079">
<pin_list>
<pin id="2080" dir="0" index="0" bw="0" slack="0"/>
<pin id="2081" dir="0" index="1" bw="64" slack="0"/>
<pin id="2082" dir="0" index="2" bw="64" slack="0"/>
<pin id="2083" dir="1" index="3" bw="0" slack="2147483647"/>
</pin_list>
<bind>
<opcode="write(1151) " fcode="write"/>
<opset="write_ln0/1 "/>
</bind>
</comp>

<comp id="2086" class="1004" name="write_ln0_write_fu_2086">
<pin_list>
<pin id="2087" dir="0" index="0" bw="0" slack="0"/>
<pin id="2088" dir="0" index="1" bw="64" slack="0"/>
<pin id="2089" dir="0" index="2" bw="64" slack="0"/>
<pin id="2090" dir="1" index="3" bw="0" slack="2147483647"/>
</pin_list>
<bind>
<opcode="write(1151) " fcode="write"/>
<opset="write_ln0/1 "/>
</bind>
</comp>

<comp id="2093" class="1004" name="write_ln0_write_fu_2093">
<pin_list>
<pin id="2094" dir="0" index="0" bw="0" slack="0"/>
<pin id="2095" dir="0" index="1" bw="64" slack="0"/>
<pin id="2096" dir="0" index="2" bw="64" slack="0"/>
<pin id="2097" dir="1" index="3" bw="0" slack="2147483647"/>
</pin_list>
<bind>
<opcode="write(1151) " fcode="write"/>
<opset="write_ln0/1 "/>
</bind>
</comp>

<comp id="2100" class="1004" name="write_ln0_write_fu_2100">
<pin_list>
<pin id="2101" dir="0" index="0" bw="0" slack="0"/>
<pin id="2102" dir="0" index="1" bw="64" slack="0"/>
<pin id="2103" dir="0" index="2" bw="64" slack="0"/>
<pin id="2104" dir="1" index="3" bw="0" slack="2147483647"/>
</pin_list>
<bind>
<opcode="write(1151) " fcode="write"/>
<opset="write_ln0/1 "/>
</bind>
</comp>

<comp id="2107" class="1004" name="write_ln0_write_fu_2107">
<pin_list>
<pin id="2108" dir="0" index="0" bw="0" slack="0"/>
<pin id="2109" dir="0" index="1" bw="64" slack="0"/>
<pin id="2110" dir="0" index="2" bw="64" slack="0"/>
<pin id="2111" dir="1" index="3" bw="0" slack="2147483647"/>
</pin_list>
<bind>
<opcode="write(1151) " fcode="write"/>
<opset="write_ln0/1 "/>
</bind>
</comp>

<comp id="2114" class="1004" name="write_ln0_write_fu_2114">
<pin_list>
<pin id="2115" dir="0" index="0" bw="0" slack="0"/>
<pin id="2116" dir="0" index="1" bw="64" slack="0"/>
<pin id="2117" dir="0" index="2" bw="64" slack="0"/>
<pin id="2118" dir="1" index="3" bw="0" slack="2147483647"/>
</pin_list>
<bind>
<opcode="write(1151) " fcode="write"/>
<opset="write_ln0/1 "/>
</bind>
</comp>

<comp id="2121" class="1004" name="write_ln0_write_fu_2121">
<pin_list>
<pin id="2122" dir="0" index="0" bw="0" slack="0"/>
<pin id="2123" dir="0" index="1" bw="64" slack="0"/>
<pin id="2124" dir="0" index="2" bw="64" slack="0"/>
<pin id="2125" dir="1" index="3" bw="0" slack="2147483647"/>
</pin_list>
<bind>
<opcode="write(1151) " fcode="write"/>
<opset="write_ln0/1 "/>
</bind>
</comp>

<comp id="2128" class="1004" name="write_ln0_write_fu_2128">
<pin_list>
<pin id="2129" dir="0" index="0" bw="0" slack="0"/>
<pin id="2130" dir="0" index="1" bw="64" slack="0"/>
<pin id="2131" dir="0" index="2" bw="64" slack="0"/>
<pin id="2132" dir="1" index="3" bw="0" slack="2147483647"/>
</pin_list>
<bind>
<opcode="write(1151) " fcode="write"/>
<opset="write_ln0/1 "/>
</bind>
</comp>

<comp id="2135" class="1004" name="write_ln0_write_fu_2135">
<pin_list>
<pin id="2136" dir="0" index="0" bw="0" slack="0"/>
<pin id="2137" dir="0" index="1" bw="64" slack="0"/>
<pin id="2138" dir="0" index="2" bw="64" slack="0"/>
<pin id="2139" dir="1" index="3" bw="0" slack="2147483647"/>
</pin_list>
<bind>
<opcode="write(1151) " fcode="write"/>
<opset="write_ln0/1 "/>
</bind>
</comp>

<comp id="2142" class="1004" name="write_ln0_write_fu_2142">
<pin_list>
<pin id="2143" dir="0" index="0" bw="0" slack="0"/>
<pin id="2144" dir="0" index="1" bw="64" slack="0"/>
<pin id="2145" dir="0" index="2" bw="64" slack="0"/>
<pin id="2146" dir="1" index="3" bw="0" slack="2147483647"/>
</pin_list>
<bind>
<opcode="write(1151) " fcode="write"/>
<opset="write_ln0/1 "/>
</bind>
</comp>

<comp id="2149" class="1004" name="write_ln0_write_fu_2149">
<pin_list>
<pin id="2150" dir="0" index="0" bw="0" slack="0"/>
<pin id="2151" dir="0" index="1" bw="64" slack="0"/>
<pin id="2152" dir="0" index="2" bw="64" slack="0"/>
<pin id="2153" dir="1" index="3" bw="0" slack="2147483647"/>
</pin_list>
<bind>
<opcode="write(1151) " fcode="write"/>
<opset="write_ln0/1 "/>
</bind>
</comp>

<comp id="2156" class="1004" name="write_ln0_write_fu_2156">
<pin_list>
<pin id="2157" dir="0" index="0" bw="0" slack="0"/>
<pin id="2158" dir="0" index="1" bw="64" slack="0"/>
<pin id="2159" dir="0" index="2" bw="64" slack="0"/>
<pin id="2160" dir="1" index="3" bw="0" slack="2147483647"/>
</pin_list>
<bind>
<opcode="write(1151) " fcode="write"/>
<opset="write_ln0/1 "/>
</bind>
</comp>

<comp id="2163" class="1004" name="write_ln0_write_fu_2163">
<pin_list>
<pin id="2164" dir="0" index="0" bw="0" slack="0"/>
<pin id="2165" dir="0" index="1" bw="64" slack="0"/>
<pin id="2166" dir="0" index="2" bw="64" slack="0"/>
<pin id="2167" dir="1" index="3" bw="0" slack="2147483647"/>
</pin_list>
<bind>
<opcode="write(1151) " fcode="write"/>
<opset="write_ln0/1 "/>
</bind>
</comp>

<comp id="2170" class="1004" name="write_ln0_write_fu_2170">
<pin_list>
<pin id="2171" dir="0" index="0" bw="0" slack="0"/>
<pin id="2172" dir="0" index="1" bw="64" slack="0"/>
<pin id="2173" dir="0" index="2" bw="64" slack="0"/>
<pin id="2174" dir="1" index="3" bw="0" slack="2147483647"/>
</pin_list>
<bind>
<opcode="write(1151) " fcode="write"/>
<opset="write_ln0/1 "/>
</bind>
</comp>

<comp id="2177" class="1004" name="write_ln0_write_fu_2177">
<pin_list>
<pin id="2178" dir="0" index="0" bw="0" slack="0"/>
<pin id="2179" dir="0" index="1" bw="64" slack="0"/>
<pin id="2180" dir="0" index="2" bw="64" slack="0"/>
<pin id="2181" dir="1" index="3" bw="0" slack="2147483647"/>
</pin_list>
<bind>
<opcode="write(1151) " fcode="write"/>
<opset="write_ln0/1 "/>
</bind>
</comp>

<comp id="2184" class="1004" name="write_ln0_write_fu_2184">
<pin_list>
<pin id="2185" dir="0" index="0" bw="0" slack="0"/>
<pin id="2186" dir="0" index="1" bw="64" slack="0"/>
<pin id="2187" dir="0" index="2" bw="64" slack="0"/>
<pin id="2188" dir="1" index="3" bw="0" slack="2147483647"/>
</pin_list>
<bind>
<opcode="write(1151) " fcode="write"/>
<opset="write_ln0/1 "/>
</bind>
</comp>

<comp id="2191" class="1004" name="write_ln0_write_fu_2191">
<pin_list>
<pin id="2192" dir="0" index="0" bw="0" slack="0"/>
<pin id="2193" dir="0" index="1" bw="64" slack="0"/>
<pin id="2194" dir="0" index="2" bw="64" slack="0"/>
<pin id="2195" dir="1" index="3" bw="0" slack="2147483647"/>
</pin_list>
<bind>
<opcode="write(1151) " fcode="write"/>
<opset="write_ln0/1 "/>
</bind>
</comp>

<comp id="2198" class="1004" name="write_ln0_write_fu_2198">
<pin_list>
<pin id="2199" dir="0" index="0" bw="0" slack="0"/>
<pin id="2200" dir="0" index="1" bw="64" slack="0"/>
<pin id="2201" dir="0" index="2" bw="64" slack="0"/>
<pin id="2202" dir="1" index="3" bw="0" slack="2147483647"/>
</pin_list>
<bind>
<opcode="write(1151) " fcode="write"/>
<opset="write_ln0/1 "/>
</bind>
</comp>

<comp id="2205" class="1004" name="write_ln0_write_fu_2205">
<pin_list>
<pin id="2206" dir="0" index="0" bw="0" slack="0"/>
<pin id="2207" dir="0" index="1" bw="64" slack="0"/>
<pin id="2208" dir="0" index="2" bw="64" slack="0"/>
<pin id="2209" dir="1" index="3" bw="0" slack="2147483647"/>
</pin_list>
<bind>
<opcode="write(1151) " fcode="write"/>
<opset="write_ln0/1 "/>
</bind>
</comp>

<comp id="2212" class="1004" name="write_ln0_write_fu_2212">
<pin_list>
<pin id="2213" dir="0" index="0" bw="0" slack="0"/>
<pin id="2214" dir="0" index="1" bw="64" slack="0"/>
<pin id="2215" dir="0" index="2" bw="64" slack="0"/>
<pin id="2216" dir="1" index="3" bw="0" slack="2147483647"/>
</pin_list>
<bind>
<opcode="write(1151) " fcode="write"/>
<opset="write_ln0/1 "/>
</bind>
</comp>

<comp id="2219" class="1004" name="write_ln0_write_fu_2219">
<pin_list>
<pin id="2220" dir="0" index="0" bw="0" slack="0"/>
<pin id="2221" dir="0" index="1" bw="64" slack="0"/>
<pin id="2222" dir="0" index="2" bw="64" slack="0"/>
<pin id="2223" dir="1" index="3" bw="0" slack="2147483647"/>
</pin_list>
<bind>
<opcode="write(1151) " fcode="write"/>
<opset="write_ln0/1 "/>
</bind>
</comp>

<comp id="2226" class="1004" name="write_ln0_write_fu_2226">
<pin_list>
<pin id="2227" dir="0" index="0" bw="0" slack="0"/>
<pin id="2228" dir="0" index="1" bw="64" slack="0"/>
<pin id="2229" dir="0" index="2" bw="64" slack="0"/>
<pin id="2230" dir="1" index="3" bw="0" slack="2147483647"/>
</pin_list>
<bind>
<opcode="write(1151) " fcode="write"/>
<opset="write_ln0/1 "/>
</bind>
</comp>

<comp id="2233" class="1004" name="write_ln0_write_fu_2233">
<pin_list>
<pin id="2234" dir="0" index="0" bw="0" slack="0"/>
<pin id="2235" dir="0" index="1" bw="64" slack="0"/>
<pin id="2236" dir="0" index="2" bw="64" slack="0"/>
<pin id="2237" dir="1" index="3" bw="0" slack="2147483647"/>
</pin_list>
<bind>
<opcode="write(1151) " fcode="write"/>
<opset="write_ln0/1 "/>
</bind>
</comp>

<comp id="2240" class="1004" name="write_ln0_write_fu_2240">
<pin_list>
<pin id="2241" dir="0" index="0" bw="0" slack="0"/>
<pin id="2242" dir="0" index="1" bw="64" slack="0"/>
<pin id="2243" dir="0" index="2" bw="64" slack="0"/>
<pin id="2244" dir="1" index="3" bw="0" slack="2147483647"/>
</pin_list>
<bind>
<opcode="write(1151) " fcode="write"/>
<opset="write_ln0/1 "/>
</bind>
</comp>

<comp id="2247" class="1004" name="write_ln0_write_fu_2247">
<pin_list>
<pin id="2248" dir="0" index="0" bw="0" slack="0"/>
<pin id="2249" dir="0" index="1" bw="64" slack="0"/>
<pin id="2250" dir="0" index="2" bw="64" slack="0"/>
<pin id="2251" dir="1" index="3" bw="0" slack="2147483647"/>
</pin_list>
<bind>
<opcode="write(1151) " fcode="write"/>
<opset="write_ln0/1 "/>
</bind>
</comp>

<comp id="2254" class="1004" name="write_ln0_write_fu_2254">
<pin_list>
<pin id="2255" dir="0" index="0" bw="0" slack="0"/>
<pin id="2256" dir="0" index="1" bw="64" slack="0"/>
<pin id="2257" dir="0" index="2" bw="64" slack="0"/>
<pin id="2258" dir="1" index="3" bw="0" slack="2147483647"/>
</pin_list>
<bind>
<opcode="write(1151) " fcode="write"/>
<opset="write_ln0/1 "/>
</bind>
</comp>

<comp id="2261" class="1004" name="write_ln0_write_fu_2261">
<pin_list>
<pin id="2262" dir="0" index="0" bw="0" slack="0"/>
<pin id="2263" dir="0" index="1" bw="64" slack="0"/>
<pin id="2264" dir="0" index="2" bw="64" slack="0"/>
<pin id="2265" dir="1" index="3" bw="0" slack="2147483647"/>
</pin_list>
<bind>
<opcode="write(1151) " fcode="write"/>
<opset="write_ln0/1 "/>
</bind>
</comp>

<comp id="2268" class="1004" name="write_ln0_write_fu_2268">
<pin_list>
<pin id="2269" dir="0" index="0" bw="0" slack="0"/>
<pin id="2270" dir="0" index="1" bw="64" slack="0"/>
<pin id="2271" dir="0" index="2" bw="64" slack="0"/>
<pin id="2272" dir="1" index="3" bw="0" slack="2147483647"/>
</pin_list>
<bind>
<opcode="write(1151) " fcode="write"/>
<opset="write_ln0/1 "/>
</bind>
</comp>

<comp id="2275" class="1004" name="write_ln0_write_fu_2275">
<pin_list>
<pin id="2276" dir="0" index="0" bw="0" slack="0"/>
<pin id="2277" dir="0" index="1" bw="64" slack="0"/>
<pin id="2278" dir="0" index="2" bw="64" slack="0"/>
<pin id="2279" dir="1" index="3" bw="0" slack="2147483647"/>
</pin_list>
<bind>
<opcode="write(1151) " fcode="write"/>
<opset="write_ln0/1 "/>
</bind>
</comp>

<comp id="2282" class="1004" name="write_ln0_write_fu_2282">
<pin_list>
<pin id="2283" dir="0" index="0" bw="0" slack="0"/>
<pin id="2284" dir="0" index="1" bw="64" slack="0"/>
<pin id="2285" dir="0" index="2" bw="64" slack="0"/>
<pin id="2286" dir="1" index="3" bw="0" slack="2147483647"/>
</pin_list>
<bind>
<opcode="write(1151) " fcode="write"/>
<opset="write_ln0/1 "/>
</bind>
</comp>

<comp id="2289" class="1004" name="write_ln0_write_fu_2289">
<pin_list>
<pin id="2290" dir="0" index="0" bw="0" slack="0"/>
<pin id="2291" dir="0" index="1" bw="64" slack="0"/>
<pin id="2292" dir="0" index="2" bw="64" slack="0"/>
<pin id="2293" dir="1" index="3" bw="0" slack="2147483647"/>
</pin_list>
<bind>
<opcode="write(1151) " fcode="write"/>
<opset="write_ln0/1 "/>
</bind>
</comp>

<comp id="2296" class="1004" name="write_ln0_write_fu_2296">
<pin_list>
<pin id="2297" dir="0" index="0" bw="0" slack="0"/>
<pin id="2298" dir="0" index="1" bw="64" slack="0"/>
<pin id="2299" dir="0" index="2" bw="64" slack="0"/>
<pin id="2300" dir="1" index="3" bw="0" slack="2147483647"/>
</pin_list>
<bind>
<opcode="write(1151) " fcode="write"/>
<opset="write_ln0/1 "/>
</bind>
</comp>

<comp id="2303" class="1004" name="write_ln0_write_fu_2303">
<pin_list>
<pin id="2304" dir="0" index="0" bw="0" slack="0"/>
<pin id="2305" dir="0" index="1" bw="64" slack="0"/>
<pin id="2306" dir="0" index="2" bw="64" slack="0"/>
<pin id="2307" dir="1" index="3" bw="0" slack="2147483647"/>
</pin_list>
<bind>
<opcode="write(1151) " fcode="write"/>
<opset="write_ln0/1 "/>
</bind>
</comp>

<comp id="2310" class="1004" name="write_ln0_write_fu_2310">
<pin_list>
<pin id="2311" dir="0" index="0" bw="0" slack="0"/>
<pin id="2312" dir="0" index="1" bw="64" slack="0"/>
<pin id="2313" dir="0" index="2" bw="64" slack="0"/>
<pin id="2314" dir="1" index="3" bw="0" slack="2147483647"/>
</pin_list>
<bind>
<opcode="write(1151) " fcode="write"/>
<opset="write_ln0/1 "/>
</bind>
</comp>

<comp id="2317" class="1004" name="write_ln0_write_fu_2317">
<pin_list>
<pin id="2318" dir="0" index="0" bw="0" slack="0"/>
<pin id="2319" dir="0" index="1" bw="64" slack="0"/>
<pin id="2320" dir="0" index="2" bw="64" slack="0"/>
<pin id="2321" dir="1" index="3" bw="0" slack="2147483647"/>
</pin_list>
<bind>
<opcode="write(1151) " fcode="write"/>
<opset="write_ln0/1 "/>
</bind>
</comp>

<comp id="2324" class="1004" name="write_ln0_write_fu_2324">
<pin_list>
<pin id="2325" dir="0" index="0" bw="0" slack="0"/>
<pin id="2326" dir="0" index="1" bw="64" slack="0"/>
<pin id="2327" dir="0" index="2" bw="64" slack="0"/>
<pin id="2328" dir="1" index="3" bw="0" slack="2147483647"/>
</pin_list>
<bind>
<opcode="write(1151) " fcode="write"/>
<opset="write_ln0/1 "/>
</bind>
</comp>

<comp id="2331" class="1004" name="write_ln0_write_fu_2331">
<pin_list>
<pin id="2332" dir="0" index="0" bw="0" slack="0"/>
<pin id="2333" dir="0" index="1" bw="64" slack="0"/>
<pin id="2334" dir="0" index="2" bw="64" slack="0"/>
<pin id="2335" dir="1" index="3" bw="0" slack="2147483647"/>
</pin_list>
<bind>
<opcode="write(1151) " fcode="write"/>
<opset="write_ln0/1 "/>
</bind>
</comp>

<comp id="2338" class="1004" name="write_ln0_write_fu_2338">
<pin_list>
<pin id="2339" dir="0" index="0" bw="0" slack="0"/>
<pin id="2340" dir="0" index="1" bw="64" slack="0"/>
<pin id="2341" dir="0" index="2" bw="64" slack="0"/>
<pin id="2342" dir="1" index="3" bw="0" slack="2147483647"/>
</pin_list>
<bind>
<opcode="write(1151) " fcode="write"/>
<opset="write_ln0/1 "/>
</bind>
</comp>

<comp id="2345" class="1004" name="write_ln0_write_fu_2345">
<pin_list>
<pin id="2346" dir="0" index="0" bw="0" slack="0"/>
<pin id="2347" dir="0" index="1" bw="64" slack="0"/>
<pin id="2348" dir="0" index="2" bw="64" slack="0"/>
<pin id="2349" dir="1" index="3" bw="0" slack="2147483647"/>
</pin_list>
<bind>
<opcode="write(1151) " fcode="write"/>
<opset="write_ln0/1 "/>
</bind>
</comp>

<comp id="2352" class="1004" name="write_ln0_write_fu_2352">
<pin_list>
<pin id="2353" dir="0" index="0" bw="0" slack="0"/>
<pin id="2354" dir="0" index="1" bw="64" slack="0"/>
<pin id="2355" dir="0" index="2" bw="64" slack="0"/>
<pin id="2356" dir="1" index="3" bw="0" slack="2147483647"/>
</pin_list>
<bind>
<opcode="write(1151) " fcode="write"/>
<opset="write_ln0/1 "/>
</bind>
</comp>

<comp id="2359" class="1004" name="write_ln0_write_fu_2359">
<pin_list>
<pin id="2360" dir="0" index="0" bw="0" slack="0"/>
<pin id="2361" dir="0" index="1" bw="64" slack="0"/>
<pin id="2362" dir="0" index="2" bw="64" slack="0"/>
<pin id="2363" dir="1" index="3" bw="0" slack="2147483647"/>
</pin_list>
<bind>
<opcode="write(1151) " fcode="write"/>
<opset="write_ln0/1 "/>
</bind>
</comp>

<comp id="2366" class="1004" name="write_ln0_write_fu_2366">
<pin_list>
<pin id="2367" dir="0" index="0" bw="0" slack="0"/>
<pin id="2368" dir="0" index="1" bw="64" slack="0"/>
<pin id="2369" dir="0" index="2" bw="64" slack="0"/>
<pin id="2370" dir="1" index="3" bw="0" slack="2147483647"/>
</pin_list>
<bind>
<opcode="write(1151) " fcode="write"/>
<opset="write_ln0/1 "/>
</bind>
</comp>

<comp id="2373" class="1004" name="write_ln0_write_fu_2373">
<pin_list>
<pin id="2374" dir="0" index="0" bw="0" slack="0"/>
<pin id="2375" dir="0" index="1" bw="64" slack="0"/>
<pin id="2376" dir="0" index="2" bw="64" slack="0"/>
<pin id="2377" dir="1" index="3" bw="0" slack="2147483647"/>
</pin_list>
<bind>
<opcode="write(1151) " fcode="write"/>
<opset="write_ln0/1 "/>
</bind>
</comp>

<comp id="2380" class="1004" name="write_ln0_write_fu_2380">
<pin_list>
<pin id="2381" dir="0" index="0" bw="0" slack="0"/>
<pin id="2382" dir="0" index="1" bw="64" slack="0"/>
<pin id="2383" dir="0" index="2" bw="64" slack="0"/>
<pin id="2384" dir="1" index="3" bw="0" slack="2147483647"/>
</pin_list>
<bind>
<opcode="write(1151) " fcode="write"/>
<opset="write_ln0/1 "/>
</bind>
</comp>

<comp id="2387" class="1004" name="write_ln0_write_fu_2387">
<pin_list>
<pin id="2388" dir="0" index="0" bw="0" slack="0"/>
<pin id="2389" dir="0" index="1" bw="64" slack="0"/>
<pin id="2390" dir="0" index="2" bw="64" slack="0"/>
<pin id="2391" dir="1" index="3" bw="0" slack="2147483647"/>
</pin_list>
<bind>
<opcode="write(1151) " fcode="write"/>
<opset="write_ln0/1 "/>
</bind>
</comp>

<comp id="2394" class="1004" name="write_ln0_write_fu_2394">
<pin_list>
<pin id="2395" dir="0" index="0" bw="0" slack="0"/>
<pin id="2396" dir="0" index="1" bw="64" slack="0"/>
<pin id="2397" dir="0" index="2" bw="64" slack="0"/>
<pin id="2398" dir="1" index="3" bw="0" slack="2147483647"/>
</pin_list>
<bind>
<opcode="write(1151) " fcode="write"/>
<opset="write_ln0/1 "/>
</bind>
</comp>

<comp id="2401" class="1004" name="write_ln0_write_fu_2401">
<pin_list>
<pin id="2402" dir="0" index="0" bw="0" slack="0"/>
<pin id="2403" dir="0" index="1" bw="64" slack="0"/>
<pin id="2404" dir="0" index="2" bw="64" slack="0"/>
<pin id="2405" dir="1" index="3" bw="0" slack="2147483647"/>
</pin_list>
<bind>
<opcode="write(1151) " fcode="write"/>
<opset="write_ln0/1 "/>
</bind>
</comp>

<comp id="2408" class="1004" name="write_ln0_write_fu_2408">
<pin_list>
<pin id="2409" dir="0" index="0" bw="0" slack="0"/>
<pin id="2410" dir="0" index="1" bw="64" slack="0"/>
<pin id="2411" dir="0" index="2" bw="64" slack="0"/>
<pin id="2412" dir="1" index="3" bw="0" slack="2147483647"/>
</pin_list>
<bind>
<opcode="write(1151) " fcode="write"/>
<opset="write_ln0/1 "/>
</bind>
</comp>

<comp id="2415" class="1004" name="write_ln0_write_fu_2415">
<pin_list>
<pin id="2416" dir="0" index="0" bw="0" slack="0"/>
<pin id="2417" dir="0" index="1" bw="64" slack="0"/>
<pin id="2418" dir="0" index="2" bw="64" slack="0"/>
<pin id="2419" dir="1" index="3" bw="0" slack="2147483647"/>
</pin_list>
<bind>
<opcode="write(1151) " fcode="write"/>
<opset="write_ln0/1 "/>
</bind>
</comp>

<comp id="2422" class="1004" name="write_ln0_write_fu_2422">
<pin_list>
<pin id="2423" dir="0" index="0" bw="0" slack="0"/>
<pin id="2424" dir="0" index="1" bw="64" slack="0"/>
<pin id="2425" dir="0" index="2" bw="64" slack="0"/>
<pin id="2426" dir="1" index="3" bw="0" slack="2147483647"/>
</pin_list>
<bind>
<opcode="write(1151) " fcode="write"/>
<opset="write_ln0/1 "/>
</bind>
</comp>

<comp id="2429" class="1004" name="write_ln0_write_fu_2429">
<pin_list>
<pin id="2430" dir="0" index="0" bw="0" slack="0"/>
<pin id="2431" dir="0" index="1" bw="64" slack="0"/>
<pin id="2432" dir="0" index="2" bw="64" slack="0"/>
<pin id="2433" dir="1" index="3" bw="0" slack="2147483647"/>
</pin_list>
<bind>
<opcode="write(1151) " fcode="write"/>
<opset="write_ln0/1 "/>
</bind>
</comp>

<comp id="2436" class="1004" name="write_ln0_write_fu_2436">
<pin_list>
<pin id="2437" dir="0" index="0" bw="0" slack="0"/>
<pin id="2438" dir="0" index="1" bw="64" slack="0"/>
<pin id="2439" dir="0" index="2" bw="64" slack="0"/>
<pin id="2440" dir="1" index="3" bw="0" slack="2147483647"/>
</pin_list>
<bind>
<opcode="write(1151) " fcode="write"/>
<opset="write_ln0/1 "/>
</bind>
</comp>

<comp id="2443" class="1004" name="write_ln0_write_fu_2443">
<pin_list>
<pin id="2444" dir="0" index="0" bw="0" slack="0"/>
<pin id="2445" dir="0" index="1" bw="64" slack="0"/>
<pin id="2446" dir="0" index="2" bw="64" slack="0"/>
<pin id="2447" dir="1" index="3" bw="0" slack="2147483647"/>
</pin_list>
<bind>
<opcode="write(1151) " fcode="write"/>
<opset="write_ln0/1 "/>
</bind>
</comp>

<comp id="2450" class="1004" name="write_ln0_write_fu_2450">
<pin_list>
<pin id="2451" dir="0" index="0" bw="0" slack="0"/>
<pin id="2452" dir="0" index="1" bw="64" slack="0"/>
<pin id="2453" dir="0" index="2" bw="64" slack="0"/>
<pin id="2454" dir="1" index="3" bw="0" slack="2147483647"/>
</pin_list>
<bind>
<opcode="write(1151) " fcode="write"/>
<opset="write_ln0/1 "/>
</bind>
</comp>

<comp id="2457" class="1004" name="write_ln0_write_fu_2457">
<pin_list>
<pin id="2458" dir="0" index="0" bw="0" slack="0"/>
<pin id="2459" dir="0" index="1" bw="64" slack="0"/>
<pin id="2460" dir="0" index="2" bw="64" slack="0"/>
<pin id="2461" dir="1" index="3" bw="0" slack="2147483647"/>
</pin_list>
<bind>
<opcode="write(1151) " fcode="write"/>
<opset="write_ln0/1 "/>
</bind>
</comp>

<comp id="2464" class="1004" name="write_ln0_write_fu_2464">
<pin_list>
<pin id="2465" dir="0" index="0" bw="0" slack="0"/>
<pin id="2466" dir="0" index="1" bw="64" slack="0"/>
<pin id="2467" dir="0" index="2" bw="64" slack="0"/>
<pin id="2468" dir="1" index="3" bw="0" slack="2147483647"/>
</pin_list>
<bind>
<opcode="write(1151) " fcode="write"/>
<opset="write_ln0/1 "/>
</bind>
</comp>

<comp id="2471" class="1004" name="write_ln0_write_fu_2471">
<pin_list>
<pin id="2472" dir="0" index="0" bw="0" slack="0"/>
<pin id="2473" dir="0" index="1" bw="64" slack="0"/>
<pin id="2474" dir="0" index="2" bw="64" slack="0"/>
<pin id="2475" dir="1" index="3" bw="0" slack="2147483647"/>
</pin_list>
<bind>
<opcode="write(1151) " fcode="write"/>
<opset="write_ln0/1 "/>
</bind>
</comp>

<comp id="2478" class="1004" name="write_ln0_write_fu_2478">
<pin_list>
<pin id="2479" dir="0" index="0" bw="0" slack="0"/>
<pin id="2480" dir="0" index="1" bw="64" slack="0"/>
<pin id="2481" dir="0" index="2" bw="64" slack="0"/>
<pin id="2482" dir="1" index="3" bw="0" slack="2147483647"/>
</pin_list>
<bind>
<opcode="write(1151) " fcode="write"/>
<opset="write_ln0/1 "/>
</bind>
</comp>

<comp id="2485" class="1004" name="write_ln0_write_fu_2485">
<pin_list>
<pin id="2486" dir="0" index="0" bw="0" slack="0"/>
<pin id="2487" dir="0" index="1" bw="64" slack="0"/>
<pin id="2488" dir="0" index="2" bw="64" slack="0"/>
<pin id="2489" dir="1" index="3" bw="0" slack="2147483647"/>
</pin_list>
<bind>
<opcode="write(1151) " fcode="write"/>
<opset="write_ln0/1 "/>
</bind>
</comp>

<comp id="2492" class="1004" name="write_ln0_write_fu_2492">
<pin_list>
<pin id="2493" dir="0" index="0" bw="0" slack="0"/>
<pin id="2494" dir="0" index="1" bw="64" slack="0"/>
<pin id="2495" dir="0" index="2" bw="64" slack="0"/>
<pin id="2496" dir="1" index="3" bw="0" slack="2147483647"/>
</pin_list>
<bind>
<opcode="write(1151) " fcode="write"/>
<opset="write_ln0/1 "/>
</bind>
</comp>

<comp id="2499" class="1004" name="write_ln0_write_fu_2499">
<pin_list>
<pin id="2500" dir="0" index="0" bw="0" slack="0"/>
<pin id="2501" dir="0" index="1" bw="64" slack="0"/>
<pin id="2502" dir="0" index="2" bw="64" slack="0"/>
<pin id="2503" dir="1" index="3" bw="0" slack="2147483647"/>
</pin_list>
<bind>
<opcode="write(1151) " fcode="write"/>
<opset="write_ln0/1 "/>
</bind>
</comp>

<comp id="2506" class="1004" name="write_ln0_write_fu_2506">
<pin_list>
<pin id="2507" dir="0" index="0" bw="0" slack="0"/>
<pin id="2508" dir="0" index="1" bw="64" slack="0"/>
<pin id="2509" dir="0" index="2" bw="64" slack="0"/>
<pin id="2510" dir="1" index="3" bw="0" slack="2147483647"/>
</pin_list>
<bind>
<opcode="write(1151) " fcode="write"/>
<opset="write_ln0/1 "/>
</bind>
</comp>

<comp id="2513" class="1004" name="write_ln0_write_fu_2513">
<pin_list>
<pin id="2514" dir="0" index="0" bw="0" slack="0"/>
<pin id="2515" dir="0" index="1" bw="64" slack="0"/>
<pin id="2516" dir="0" index="2" bw="64" slack="0"/>
<pin id="2517" dir="1" index="3" bw="0" slack="2147483647"/>
</pin_list>
<bind>
<opcode="write(1151) " fcode="write"/>
<opset="write_ln0/1 "/>
</bind>
</comp>

<comp id="2520" class="1004" name="write_ln0_write_fu_2520">
<pin_list>
<pin id="2521" dir="0" index="0" bw="0" slack="0"/>
<pin id="2522" dir="0" index="1" bw="64" slack="0"/>
<pin id="2523" dir="0" index="2" bw="64" slack="0"/>
<pin id="2524" dir="1" index="3" bw="0" slack="2147483647"/>
</pin_list>
<bind>
<opcode="write(1151) " fcode="write"/>
<opset="write_ln0/1 "/>
</bind>
</comp>

<comp id="2527" class="1004" name="write_ln0_write_fu_2527">
<pin_list>
<pin id="2528" dir="0" index="0" bw="0" slack="0"/>
<pin id="2529" dir="0" index="1" bw="64" slack="0"/>
<pin id="2530" dir="0" index="2" bw="64" slack="0"/>
<pin id="2531" dir="1" index="3" bw="0" slack="2147483647"/>
</pin_list>
<bind>
<opcode="write(1151) " fcode="write"/>
<opset="write_ln0/1 "/>
</bind>
</comp>

<comp id="2534" class="1004" name="write_ln0_write_fu_2534">
<pin_list>
<pin id="2535" dir="0" index="0" bw="0" slack="0"/>
<pin id="2536" dir="0" index="1" bw="64" slack="0"/>
<pin id="2537" dir="0" index="2" bw="64" slack="0"/>
<pin id="2538" dir="1" index="3" bw="0" slack="2147483647"/>
</pin_list>
<bind>
<opcode="write(1151) " fcode="write"/>
<opset="write_ln0/1 "/>
</bind>
</comp>

<comp id="2541" class="1004" name="write_ln0_write_fu_2541">
<pin_list>
<pin id="2542" dir="0" index="0" bw="0" slack="0"/>
<pin id="2543" dir="0" index="1" bw="64" slack="0"/>
<pin id="2544" dir="0" index="2" bw="64" slack="0"/>
<pin id="2545" dir="1" index="3" bw="0" slack="2147483647"/>
</pin_list>
<bind>
<opcode="write(1151) " fcode="write"/>
<opset="write_ln0/1 "/>
</bind>
</comp>

<comp id="2548" class="1004" name="write_ln0_write_fu_2548">
<pin_list>
<pin id="2549" dir="0" index="0" bw="0" slack="0"/>
<pin id="2550" dir="0" index="1" bw="64" slack="0"/>
<pin id="2551" dir="0" index="2" bw="64" slack="0"/>
<pin id="2552" dir="1" index="3" bw="0" slack="2147483647"/>
</pin_list>
<bind>
<opcode="write(1151) " fcode="write"/>
<opset="write_ln0/1 "/>
</bind>
</comp>

<comp id="2555" class="1004" name="write_ln0_write_fu_2555">
<pin_list>
<pin id="2556" dir="0" index="0" bw="0" slack="0"/>
<pin id="2557" dir="0" index="1" bw="64" slack="0"/>
<pin id="2558" dir="0" index="2" bw="64" slack="0"/>
<pin id="2559" dir="1" index="3" bw="0" slack="2147483647"/>
</pin_list>
<bind>
<opcode="write(1151) " fcode="write"/>
<opset="write_ln0/1 "/>
</bind>
</comp>

<comp id="2562" class="1004" name="write_ln0_write_fu_2562">
<pin_list>
<pin id="2563" dir="0" index="0" bw="0" slack="0"/>
<pin id="2564" dir="0" index="1" bw="64" slack="0"/>
<pin id="2565" dir="0" index="2" bw="64" slack="0"/>
<pin id="2566" dir="1" index="3" bw="0" slack="2147483647"/>
</pin_list>
<bind>
<opcode="write(1151) " fcode="write"/>
<opset="write_ln0/1 "/>
</bind>
</comp>

<comp id="2569" class="1004" name="write_ln0_write_fu_2569">
<pin_list>
<pin id="2570" dir="0" index="0" bw="0" slack="0"/>
<pin id="2571" dir="0" index="1" bw="64" slack="0"/>
<pin id="2572" dir="0" index="2" bw="64" slack="0"/>
<pin id="2573" dir="1" index="3" bw="0" slack="2147483647"/>
</pin_list>
<bind>
<opcode="write(1151) " fcode="write"/>
<opset="write_ln0/1 "/>
</bind>
</comp>

<comp id="2576" class="1004" name="write_ln0_write_fu_2576">
<pin_list>
<pin id="2577" dir="0" index="0" bw="0" slack="0"/>
<pin id="2578" dir="0" index="1" bw="64" slack="0"/>
<pin id="2579" dir="0" index="2" bw="64" slack="0"/>
<pin id="2580" dir="1" index="3" bw="0" slack="2147483647"/>
</pin_list>
<bind>
<opcode="write(1151) " fcode="write"/>
<opset="write_ln0/1 "/>
</bind>
</comp>

<comp id="2583" class="1004" name="write_ln0_write_fu_2583">
<pin_list>
<pin id="2584" dir="0" index="0" bw="0" slack="0"/>
<pin id="2585" dir="0" index="1" bw="64" slack="0"/>
<pin id="2586" dir="0" index="2" bw="64" slack="0"/>
<pin id="2587" dir="1" index="3" bw="0" slack="2147483647"/>
</pin_list>
<bind>
<opcode="write(1151) " fcode="write"/>
<opset="write_ln0/1 "/>
</bind>
</comp>

<comp id="2590" class="1004" name="write_ln0_write_fu_2590">
<pin_list>
<pin id="2591" dir="0" index="0" bw="0" slack="0"/>
<pin id="2592" dir="0" index="1" bw="64" slack="0"/>
<pin id="2593" dir="0" index="2" bw="64" slack="0"/>
<pin id="2594" dir="1" index="3" bw="0" slack="2147483647"/>
</pin_list>
<bind>
<opcode="write(1151) " fcode="write"/>
<opset="write_ln0/1 "/>
</bind>
</comp>

<comp id="2597" class="1004" name="write_ln0_write_fu_2597">
<pin_list>
<pin id="2598" dir="0" index="0" bw="0" slack="0"/>
<pin id="2599" dir="0" index="1" bw="64" slack="0"/>
<pin id="2600" dir="0" index="2" bw="64" slack="0"/>
<pin id="2601" dir="1" index="3" bw="0" slack="2147483647"/>
</pin_list>
<bind>
<opcode="write(1151) " fcode="write"/>
<opset="write_ln0/1 "/>
</bind>
</comp>

<comp id="2604" class="1004" name="write_ln0_write_fu_2604">
<pin_list>
<pin id="2605" dir="0" index="0" bw="0" slack="0"/>
<pin id="2606" dir="0" index="1" bw="64" slack="0"/>
<pin id="2607" dir="0" index="2" bw="64" slack="0"/>
<pin id="2608" dir="1" index="3" bw="0" slack="2147483647"/>
</pin_list>
<bind>
<opcode="write(1151) " fcode="write"/>
<opset="write_ln0/1 "/>
</bind>
</comp>

<comp id="2611" class="1004" name="write_ln0_write_fu_2611">
<pin_list>
<pin id="2612" dir="0" index="0" bw="0" slack="0"/>
<pin id="2613" dir="0" index="1" bw="64" slack="0"/>
<pin id="2614" dir="0" index="2" bw="64" slack="0"/>
<pin id="2615" dir="1" index="3" bw="0" slack="2147483647"/>
</pin_list>
<bind>
<opcode="write(1151) " fcode="write"/>
<opset="write_ln0/1 "/>
</bind>
</comp>

<comp id="2618" class="1004" name="write_ln0_write_fu_2618">
<pin_list>
<pin id="2619" dir="0" index="0" bw="0" slack="0"/>
<pin id="2620" dir="0" index="1" bw="64" slack="0"/>
<pin id="2621" dir="0" index="2" bw="64" slack="0"/>
<pin id="2622" dir="1" index="3" bw="0" slack="2147483647"/>
</pin_list>
<bind>
<opcode="write(1151) " fcode="write"/>
<opset="write_ln0/1 "/>
</bind>
</comp>

<comp id="2625" class="1004" name="write_ln0_write_fu_2625">
<pin_list>
<pin id="2626" dir="0" index="0" bw="0" slack="0"/>
<pin id="2627" dir="0" index="1" bw="64" slack="0"/>
<pin id="2628" dir="0" index="2" bw="64" slack="0"/>
<pin id="2629" dir="1" index="3" bw="0" slack="2147483647"/>
</pin_list>
<bind>
<opcode="write(1151) " fcode="write"/>
<opset="write_ln0/1 "/>
</bind>
</comp>

<comp id="2632" class="1004" name="write_ln0_write_fu_2632">
<pin_list>
<pin id="2633" dir="0" index="0" bw="0" slack="0"/>
<pin id="2634" dir="0" index="1" bw="64" slack="0"/>
<pin id="2635" dir="0" index="2" bw="64" slack="0"/>
<pin id="2636" dir="1" index="3" bw="0" slack="2147483647"/>
</pin_list>
<bind>
<opcode="write(1151) " fcode="write"/>
<opset="write_ln0/1 "/>
</bind>
</comp>

<comp id="2639" class="1004" name="write_ln0_write_fu_2639">
<pin_list>
<pin id="2640" dir="0" index="0" bw="0" slack="0"/>
<pin id="2641" dir="0" index="1" bw="64" slack="0"/>
<pin id="2642" dir="0" index="2" bw="64" slack="0"/>
<pin id="2643" dir="1" index="3" bw="0" slack="2147483647"/>
</pin_list>
<bind>
<opcode="write(1151) " fcode="write"/>
<opset="write_ln0/1 "/>
</bind>
</comp>

<comp id="2646" class="1004" name="write_ln0_write_fu_2646">
<pin_list>
<pin id="2647" dir="0" index="0" bw="0" slack="0"/>
<pin id="2648" dir="0" index="1" bw="64" slack="0"/>
<pin id="2649" dir="0" index="2" bw="64" slack="0"/>
<pin id="2650" dir="1" index="3" bw="0" slack="2147483647"/>
</pin_list>
<bind>
<opcode="write(1151) " fcode="write"/>
<opset="write_ln0/1 "/>
</bind>
</comp>

<comp id="2653" class="1004" name="write_ln0_write_fu_2653">
<pin_list>
<pin id="2654" dir="0" index="0" bw="0" slack="0"/>
<pin id="2655" dir="0" index="1" bw="64" slack="0"/>
<pin id="2656" dir="0" index="2" bw="64" slack="0"/>
<pin id="2657" dir="1" index="3" bw="0" slack="2147483647"/>
</pin_list>
<bind>
<opcode="write(1151) " fcode="write"/>
<opset="write_ln0/1 "/>
</bind>
</comp>

<comp id="2660" class="1004" name="write_ln0_write_fu_2660">
<pin_list>
<pin id="2661" dir="0" index="0" bw="0" slack="0"/>
<pin id="2662" dir="0" index="1" bw="64" slack="0"/>
<pin id="2663" dir="0" index="2" bw="64" slack="0"/>
<pin id="2664" dir="1" index="3" bw="0" slack="2147483647"/>
</pin_list>
<bind>
<opcode="write(1151) " fcode="write"/>
<opset="write_ln0/1 "/>
</bind>
</comp>

<comp id="2667" class="1004" name="write_ln0_write_fu_2667">
<pin_list>
<pin id="2668" dir="0" index="0" bw="0" slack="0"/>
<pin id="2669" dir="0" index="1" bw="64" slack="0"/>
<pin id="2670" dir="0" index="2" bw="64" slack="0"/>
<pin id="2671" dir="1" index="3" bw="0" slack="2147483647"/>
</pin_list>
<bind>
<opcode="write(1151) " fcode="write"/>
<opset="write_ln0/1 "/>
</bind>
</comp>

<comp id="2674" class="1004" name="write_ln0_write_fu_2674">
<pin_list>
<pin id="2675" dir="0" index="0" bw="0" slack="0"/>
<pin id="2676" dir="0" index="1" bw="64" slack="0"/>
<pin id="2677" dir="0" index="2" bw="64" slack="0"/>
<pin id="2678" dir="1" index="3" bw="0" slack="2147483647"/>
</pin_list>
<bind>
<opcode="write(1151) " fcode="write"/>
<opset="write_ln0/1 "/>
</bind>
</comp>

<comp id="2681" class="1004" name="write_ln0_write_fu_2681">
<pin_list>
<pin id="2682" dir="0" index="0" bw="0" slack="0"/>
<pin id="2683" dir="0" index="1" bw="64" slack="0"/>
<pin id="2684" dir="0" index="2" bw="64" slack="0"/>
<pin id="2685" dir="1" index="3" bw="0" slack="2147483647"/>
</pin_list>
<bind>
<opcode="write(1151) " fcode="write"/>
<opset="write_ln0/1 "/>
</bind>
</comp>

<comp id="2688" class="1004" name="write_ln0_write_fu_2688">
<pin_list>
<pin id="2689" dir="0" index="0" bw="0" slack="0"/>
<pin id="2690" dir="0" index="1" bw="64" slack="0"/>
<pin id="2691" dir="0" index="2" bw="64" slack="0"/>
<pin id="2692" dir="1" index="3" bw="0" slack="2147483647"/>
</pin_list>
<bind>
<opcode="write(1151) " fcode="write"/>
<opset="write_ln0/1 "/>
</bind>
</comp>

<comp id="2695" class="1004" name="write_ln0_write_fu_2695">
<pin_list>
<pin id="2696" dir="0" index="0" bw="0" slack="0"/>
<pin id="2697" dir="0" index="1" bw="64" slack="0"/>
<pin id="2698" dir="0" index="2" bw="64" slack="0"/>
<pin id="2699" dir="1" index="3" bw="0" slack="2147483647"/>
</pin_list>
<bind>
<opcode="write(1151) " fcode="write"/>
<opset="write_ln0/1 "/>
</bind>
</comp>

<comp id="2702" class="1004" name="write_ln0_write_fu_2702">
<pin_list>
<pin id="2703" dir="0" index="0" bw="0" slack="0"/>
<pin id="2704" dir="0" index="1" bw="64" slack="0"/>
<pin id="2705" dir="0" index="2" bw="64" slack="0"/>
<pin id="2706" dir="1" index="3" bw="0" slack="2147483647"/>
</pin_list>
<bind>
<opcode="write(1151) " fcode="write"/>
<opset="write_ln0/1 "/>
</bind>
</comp>

<comp id="2709" class="1004" name="write_ln0_write_fu_2709">
<pin_list>
<pin id="2710" dir="0" index="0" bw="0" slack="0"/>
<pin id="2711" dir="0" index="1" bw="64" slack="0"/>
<pin id="2712" dir="0" index="2" bw="64" slack="0"/>
<pin id="2713" dir="1" index="3" bw="0" slack="2147483647"/>
</pin_list>
<bind>
<opcode="write(1151) " fcode="write"/>
<opset="write_ln0/1 "/>
</bind>
</comp>

<comp id="2716" class="1004" name="write_ln0_write_fu_2716">
<pin_list>
<pin id="2717" dir="0" index="0" bw="0" slack="0"/>
<pin id="2718" dir="0" index="1" bw="64" slack="0"/>
<pin id="2719" dir="0" index="2" bw="64" slack="0"/>
<pin id="2720" dir="1" index="3" bw="0" slack="2147483647"/>
</pin_list>
<bind>
<opcode="write(1151) " fcode="write"/>
<opset="write_ln0/1 "/>
</bind>
</comp>

<comp id="2723" class="1004" name="write_ln0_write_fu_2723">
<pin_list>
<pin id="2724" dir="0" index="0" bw="0" slack="0"/>
<pin id="2725" dir="0" index="1" bw="64" slack="0"/>
<pin id="2726" dir="0" index="2" bw="64" slack="0"/>
<pin id="2727" dir="1" index="3" bw="0" slack="2147483647"/>
</pin_list>
<bind>
<opcode="write(1151) " fcode="write"/>
<opset="write_ln0/1 "/>
</bind>
</comp>

<comp id="2730" class="1004" name="write_ln0_write_fu_2730">
<pin_list>
<pin id="2731" dir="0" index="0" bw="0" slack="0"/>
<pin id="2732" dir="0" index="1" bw="64" slack="0"/>
<pin id="2733" dir="0" index="2" bw="64" slack="0"/>
<pin id="2734" dir="1" index="3" bw="0" slack="2147483647"/>
</pin_list>
<bind>
<opcode="write(1151) " fcode="write"/>
<opset="write_ln0/1 "/>
</bind>
</comp>

<comp id="2737" class="1004" name="write_ln0_write_fu_2737">
<pin_list>
<pin id="2738" dir="0" index="0" bw="0" slack="0"/>
<pin id="2739" dir="0" index="1" bw="64" slack="0"/>
<pin id="2740" dir="0" index="2" bw="64" slack="0"/>
<pin id="2741" dir="1" index="3" bw="0" slack="2147483647"/>
</pin_list>
<bind>
<opcode="write(1151) " fcode="write"/>
<opset="write_ln0/1 "/>
</bind>
</comp>

<comp id="2744" class="1004" name="write_ln0_write_fu_2744">
<pin_list>
<pin id="2745" dir="0" index="0" bw="0" slack="0"/>
<pin id="2746" dir="0" index="1" bw="64" slack="0"/>
<pin id="2747" dir="0" index="2" bw="64" slack="0"/>
<pin id="2748" dir="1" index="3" bw="0" slack="2147483647"/>
</pin_list>
<bind>
<opcode="write(1151) " fcode="write"/>
<opset="write_ln0/1 "/>
</bind>
</comp>

<comp id="2751" class="1004" name="write_ln0_write_fu_2751">
<pin_list>
<pin id="2752" dir="0" index="0" bw="0" slack="0"/>
<pin id="2753" dir="0" index="1" bw="64" slack="0"/>
<pin id="2754" dir="0" index="2" bw="64" slack="0"/>
<pin id="2755" dir="1" index="3" bw="0" slack="2147483647"/>
</pin_list>
<bind>
<opcode="write(1151) " fcode="write"/>
<opset="write_ln0/1 "/>
</bind>
</comp>

<comp id="2758" class="1004" name="write_ln0_write_fu_2758">
<pin_list>
<pin id="2759" dir="0" index="0" bw="0" slack="0"/>
<pin id="2760" dir="0" index="1" bw="64" slack="0"/>
<pin id="2761" dir="0" index="2" bw="64" slack="0"/>
<pin id="2762" dir="1" index="3" bw="0" slack="2147483647"/>
</pin_list>
<bind>
<opcode="write(1151) " fcode="write"/>
<opset="write_ln0/1 "/>
</bind>
</comp>

<comp id="2765" class="1004" name="write_ln0_write_fu_2765">
<pin_list>
<pin id="2766" dir="0" index="0" bw="0" slack="0"/>
<pin id="2767" dir="0" index="1" bw="64" slack="0"/>
<pin id="2768" dir="0" index="2" bw="64" slack="0"/>
<pin id="2769" dir="1" index="3" bw="0" slack="2147483647"/>
</pin_list>
<bind>
<opcode="write(1151) " fcode="write"/>
<opset="write_ln0/1 "/>
</bind>
</comp>

<comp id="2772" class="1004" name="write_ln0_write_fu_2772">
<pin_list>
<pin id="2773" dir="0" index="0" bw="0" slack="0"/>
<pin id="2774" dir="0" index="1" bw="64" slack="0"/>
<pin id="2775" dir="0" index="2" bw="64" slack="0"/>
<pin id="2776" dir="1" index="3" bw="0" slack="2147483647"/>
</pin_list>
<bind>
<opcode="write(1151) " fcode="write"/>
<opset="write_ln0/1 "/>
</bind>
</comp>

<comp id="2779" class="1004" name="write_ln0_write_fu_2779">
<pin_list>
<pin id="2780" dir="0" index="0" bw="0" slack="0"/>
<pin id="2781" dir="0" index="1" bw="64" slack="0"/>
<pin id="2782" dir="0" index="2" bw="64" slack="0"/>
<pin id="2783" dir="1" index="3" bw="0" slack="2147483647"/>
</pin_list>
<bind>
<opcode="write(1151) " fcode="write"/>
<opset="write_ln0/1 "/>
</bind>
</comp>

<comp id="2786" class="1004" name="write_ln0_write_fu_2786">
<pin_list>
<pin id="2787" dir="0" index="0" bw="0" slack="0"/>
<pin id="2788" dir="0" index="1" bw="64" slack="0"/>
<pin id="2789" dir="0" index="2" bw="64" slack="0"/>
<pin id="2790" dir="1" index="3" bw="0" slack="2147483647"/>
</pin_list>
<bind>
<opcode="write(1151) " fcode="write"/>
<opset="write_ln0/1 "/>
</bind>
</comp>

<comp id="2793" class="1004" name="write_ln0_write_fu_2793">
<pin_list>
<pin id="2794" dir="0" index="0" bw="0" slack="0"/>
<pin id="2795" dir="0" index="1" bw="64" slack="0"/>
<pin id="2796" dir="0" index="2" bw="64" slack="0"/>
<pin id="2797" dir="1" index="3" bw="0" slack="2147483647"/>
</pin_list>
<bind>
<opcode="write(1151) " fcode="write"/>
<opset="write_ln0/1 "/>
</bind>
</comp>

<comp id="2800" class="1004" name="write_ln0_write_fu_2800">
<pin_list>
<pin id="2801" dir="0" index="0" bw="0" slack="0"/>
<pin id="2802" dir="0" index="1" bw="64" slack="0"/>
<pin id="2803" dir="0" index="2" bw="64" slack="0"/>
<pin id="2804" dir="1" index="3" bw="0" slack="2147483647"/>
</pin_list>
<bind>
<opcode="write(1151) " fcode="write"/>
<opset="write_ln0/1 "/>
</bind>
</comp>

<comp id="2807" class="1004" name="write_ln0_write_fu_2807">
<pin_list>
<pin id="2808" dir="0" index="0" bw="0" slack="0"/>
<pin id="2809" dir="0" index="1" bw="64" slack="0"/>
<pin id="2810" dir="0" index="2" bw="64" slack="0"/>
<pin id="2811" dir="1" index="3" bw="0" slack="2147483647"/>
</pin_list>
<bind>
<opcode="write(1151) " fcode="write"/>
<opset="write_ln0/1 "/>
</bind>
</comp>

<comp id="2814" class="1004" name="write_ln0_write_fu_2814">
<pin_list>
<pin id="2815" dir="0" index="0" bw="0" slack="0"/>
<pin id="2816" dir="0" index="1" bw="64" slack="0"/>
<pin id="2817" dir="0" index="2" bw="64" slack="0"/>
<pin id="2818" dir="1" index="3" bw="0" slack="2147483647"/>
</pin_list>
<bind>
<opcode="write(1151) " fcode="write"/>
<opset="write_ln0/1 "/>
</bind>
</comp>

<comp id="2821" class="1004" name="write_ln0_write_fu_2821">
<pin_list>
<pin id="2822" dir="0" index="0" bw="0" slack="0"/>
<pin id="2823" dir="0" index="1" bw="64" slack="0"/>
<pin id="2824" dir="0" index="2" bw="64" slack="0"/>
<pin id="2825" dir="1" index="3" bw="0" slack="2147483647"/>
</pin_list>
<bind>
<opcode="write(1151) " fcode="write"/>
<opset="write_ln0/1 "/>
</bind>
</comp>

<comp id="2828" class="1004" name="write_ln0_write_fu_2828">
<pin_list>
<pin id="2829" dir="0" index="0" bw="0" slack="0"/>
<pin id="2830" dir="0" index="1" bw="64" slack="0"/>
<pin id="2831" dir="0" index="2" bw="64" slack="0"/>
<pin id="2832" dir="1" index="3" bw="0" slack="2147483647"/>
</pin_list>
<bind>
<opcode="write(1151) " fcode="write"/>
<opset="write_ln0/1 "/>
</bind>
</comp>

<comp id="2835" class="1004" name="write_ln0_write_fu_2835">
<pin_list>
<pin id="2836" dir="0" index="0" bw="0" slack="0"/>
<pin id="2837" dir="0" index="1" bw="64" slack="0"/>
<pin id="2838" dir="0" index="2" bw="64" slack="0"/>
<pin id="2839" dir="1" index="3" bw="0" slack="2147483647"/>
</pin_list>
<bind>
<opcode="write(1151) " fcode="write"/>
<opset="write_ln0/1 "/>
</bind>
</comp>

<comp id="2842" class="1004" name="atomLocations_addr_gep_fu_2842">
<pin_list>
<pin id="2843" dir="0" index="0" bw="128" slack="0"/>
<pin id="2844" dir="0" index="1" bw="1" slack="0"/>
<pin id="2845" dir="0" index="2" bw="7" slack="0"/>
<pin id="2846" dir="1" index="3" bw="7" slack="0"/>
</pin_list>
<bind>
<opcode="getelementptr(29) " fcode="getelementptr"/>
<opset="atomLocations_addr/1 "/>
</bind>
</comp>

<comp id="2849" class="1004" name="grp_access_fu_2849">
<pin_list>
<pin id="2850" dir="0" index="0" bw="7" slack="0"/>
<pin id="2851" dir="0" index="1" bw="128" slack="2147483647"/>
<pin id="2852" dir="0" index="2" bw="0" slack="2147483647"/>
<pin id="2853" dir="1" index="3" bw="128" slack="0"/>
</pin_list>
<bind>
<opcode="load(27) " fcode="load"/>
<opset="atomLocations_load/1 "/>
</bind>
</comp>

<comp id="2855" class="1004" name="store_ln13_store_fu_2855">
<pin_list>
<pin id="2856" dir="0" index="0" bw="1" slack="0"/>
<pin id="2857" dir="0" index="1" bw="7" slack="0"/>
<pin id="2858" dir="1" index="2" bw="0" slack="2147483647"/>
</pin_list>
<bind>
<opcode="store(28) " fcode="store"/>
<opset="store_ln13/1 "/>
</bind>
</comp>

<comp id="2860" class="1004" name="i_2_load_fu_2860">
<pin_list>
<pin id="2861" dir="0" index="0" bw="7" slack="0"/>
<pin id="2862" dir="1" index="1" bw="7" slack="0"/>
</pin_list>
<bind>
<opcode="load(27) " fcode="load"/>
<opset="i_2/1 "/>
</bind>
</comp>

<comp id="2863" class="1004" name="zext_ln13_1_fu_2863">
<pin_list>
<pin id="2864" dir="0" index="0" bw="7" slack="0"/>
<pin id="2865" dir="1" index="1" bw="32" slack="0"/>
</pin_list>
<bind>
<opcode="zext(34) " fcode="zext"/>
<opset="zext_ln13_1/1 "/>
</bind>
</comp>

<comp id="2867" class="1004" name="icmp_ln13_fu_2867">
<pin_list>
<pin id="2868" dir="0" index="0" bw="7" slack="0"/>
<pin id="2869" dir="0" index="1" bw="32" slack="0"/>
<pin id="2870" dir="1" index="2" bw="1" slack="2147483647"/>
</pin_list>
<bind>
<opcode="icmp(45) " fcode="icmp"/>
<opset="icmp_ln13/1 "/>
</bind>
</comp>

<comp id="2873" class="1004" name="add_ln13_fu_2873">
<pin_list>
<pin id="2874" dir="0" index="0" bw="7" slack="0"/>
<pin id="2875" dir="0" index="1" bw="1" slack="0"/>
<pin id="2876" dir="1" index="2" bw="7" slack="0"/>
</pin_list>
<bind>
<opcode="add(8) " fcode="add"/>
<opset="add_ln13/1 "/>
</bind>
</comp>

<comp id="2879" class="1004" name="zext_ln13_fu_2879">
<pin_list>
<pin id="2880" dir="0" index="0" bw="7" slack="0"/>
<pin id="2881" dir="1" index="1" bw="64" slack="0"/>
</pin_list>
<bind>
<opcode="zext(34) " fcode="zext"/>
<opset="zext_ln13/1 "/>
</bind>
</comp>

<comp id="2884" class="1004" name="store_ln13_store_fu_2884">
<pin_list>
<pin id="2885" dir="0" index="0" bw="7" slack="0"/>
<pin id="2886" dir="0" index="1" bw="7" slack="0"/>
<pin id="2887" dir="1" index="2" bw="0" slack="2147483647"/>
</pin_list>
<bind>
<opcode="store(28) " fcode="store"/>
<opset="store_ln13/1 "/>
</bind>
</comp>

<comp id="2889" class="1004" name="trunc_ln15_fu_2889">
<pin_list>
<pin id="2890" dir="0" index="0" bw="128" slack="0"/>
<pin id="2891" dir="1" index="1" bw="64" slack="0"/>
</pin_list>
<bind>
<opcode="trunc(33) " fcode="trunc"/>
<opset="trunc_ln15/2 "/>
</bind>
</comp>

<comp id="2893" class="1004" name="local_atomLocations_x_fu_2893">
<pin_list>
<pin id="2894" dir="0" index="0" bw="64" slack="0"/>
<pin id="2895" dir="1" index="1" bw="64" slack="0"/>
</pin_list>
<bind>
<opcode="bitcast(44) " fcode="bitcast"/>
<opset="local_atomLocations_x/2 "/>
</bind>
</comp>

<comp id="2897" class="1004" name="trunc_ln15_1_fu_2897">
<pin_list>
<pin id="2898" dir="0" index="0" bw="64" slack="0"/>
<pin id="2899" dir="0" index="1" bw="128" slack="0"/>
<pin id="2900" dir="0" index="2" bw="8" slack="0"/>
<pin id="2901" dir="0" index="3" bw="8" slack="0"/>
<pin id="2902" dir="1" index="4" bw="64" slack="0"/>
</pin_list>
<bind>
<opcode="partselect(1002) " fcode="partselect"/>
<opset="trunc_ln15_1/2 "/>
</bind>
</comp>

<comp id="2907" class="1004" name="local_atomLocations_y_fu_2907">
<pin_list>
<pin id="2908" dir="0" index="0" bw="64" slack="0"/>
<pin id="2909" dir="1" index="1" bw="64" slack="0"/>
</pin_list>
<bind>
<opcode="bitcast(44) " fcode="bitcast"/>
<opset="local_atomLocations_y/2 "/>
</bind>
</comp>

<comp id="2911" class="1004" name="store_ln15_store_fu_2911">
<pin_list>
<pin id="2912" dir="0" index="0" bw="64" slack="0"/>
<pin id="2913" dir="0" index="1" bw="64" slack="1"/>
<pin id="2914" dir="1" index="2" bw="0" slack="2147483647"/>
</pin_list>
<bind>
<opcode="store(28) " fcode="store"/>
<opset="store_ln15/2 "/>
</bind>
</comp>

<comp id="2916" class="1004" name="store_ln15_store_fu_2916">
<pin_list>
<pin id="2917" dir="0" index="0" bw="64" slack="0"/>
<pin id="2918" dir="0" index="1" bw="64" slack="1"/>
<pin id="2919" dir="1" index="2" bw="0" slack="2147483647"/>
</pin_list>
<bind>
<opcode="store(28) " fcode="store"/>
<opset="store_ln15/2 "/>
</bind>
</comp>

<comp id="2921" class="1004" name="store_ln15_store_fu_2921">
<pin_list>
<pin id="2922" dir="0" index="0" bw="64" slack="0"/>
<pin id="2923" dir="0" index="1" bw="64" slack="1"/>
<pin id="2924" dir="1" index="2" bw="0" slack="2147483647"/>
</pin_list>
<bind>
<opcode="store(28) " fcode="store"/>
<opset="store_ln15/2 "/>
</bind>
</comp>

<comp id="2926" class="1004" name="store_ln15_store_fu_2926">
<pin_list>
<pin id="2927" dir="0" index="0" bw="64" slack="0"/>
<pin id="2928" dir="0" index="1" bw="64" slack="1"/>
<pin id="2929" dir="1" index="2" bw="0" slack="2147483647"/>
</pin_list>
<bind>
<opcode="store(28) " fcode="store"/>
<opset="store_ln15/2 "/>
</bind>
</comp>

<comp id="2931" class="1004" name="store_ln15_store_fu_2931">
<pin_list>
<pin id="2932" dir="0" index="0" bw="64" slack="0"/>
<pin id="2933" dir="0" index="1" bw="64" slack="1"/>
<pin id="2934" dir="1" index="2" bw="0" slack="2147483647"/>
</pin_list>
<bind>
<opcode="store(28) " fcode="store"/>
<opset="store_ln15/2 "/>
</bind>
</comp>

<comp id="2936" class="1004" name="store_ln15_store_fu_2936">
<pin_list>
<pin id="2937" dir="0" index="0" bw="64" slack="0"/>
<pin id="2938" dir="0" index="1" bw="64" slack="1"/>
<pin id="2939" dir="1" index="2" bw="0" slack="2147483647"/>
</pin_list>
<bind>
<opcode="store(28) " fcode="store"/>
<opset="store_ln15/2 "/>
</bind>
</comp>

<comp id="2941" class="1004" name="store_ln15_store_fu_2941">
<pin_list>
<pin id="2942" dir="0" index="0" bw="64" slack="0"/>
<pin id="2943" dir="0" index="1" bw="64" slack="1"/>
<pin id="2944" dir="1" index="2" bw="0" slack="2147483647"/>
</pin_list>
<bind>
<opcode="store(28) " fcode="store"/>
<opset="store_ln15/2 "/>
</bind>
</comp>

<comp id="2946" class="1004" name="store_ln15_store_fu_2946">
<pin_list>
<pin id="2947" dir="0" index="0" bw="64" slack="0"/>
<pin id="2948" dir="0" index="1" bw="64" slack="1"/>
<pin id="2949" dir="1" index="2" bw="0" slack="2147483647"/>
</pin_list>
<bind>
<opcode="store(28) " fcode="store"/>
<opset="store_ln15/2 "/>
</bind>
</comp>

<comp id="2951" class="1004" name="store_ln15_store_fu_2951">
<pin_list>
<pin id="2952" dir="0" index="0" bw="64" slack="0"/>
<pin id="2953" dir="0" index="1" bw="64" slack="1"/>
<pin id="2954" dir="1" index="2" bw="0" slack="2147483647"/>
</pin_list>
<bind>
<opcode="store(28) " fcode="store"/>
<opset="store_ln15/2 "/>
</bind>
</comp>

<comp id="2956" class="1004" name="store_ln15_store_fu_2956">
<pin_list>
<pin id="2957" dir="0" index="0" bw="64" slack="0"/>
<pin id="2958" dir="0" index="1" bw="64" slack="1"/>
<pin id="2959" dir="1" index="2" bw="0" slack="2147483647"/>
</pin_list>
<bind>
<opcode="store(28) " fcode="store"/>
<opset="store_ln15/2 "/>
</bind>
</comp>

<comp id="2961" class="1004" name="store_ln15_store_fu_2961">
<pin_list>
<pin id="2962" dir="0" index="0" bw="64" slack="0"/>
<pin id="2963" dir="0" index="1" bw="64" slack="1"/>
<pin id="2964" dir="1" index="2" bw="0" slack="2147483647"/>
</pin_list>
<bind>
<opcode="store(28) " fcode="store"/>
<opset="store_ln15/2 "/>
</bind>
</comp>

<comp id="2966" class="1004" name="store_ln15_store_fu_2966">
<pin_list>
<pin id="2967" dir="0" index="0" bw="64" slack="0"/>
<pin id="2968" dir="0" index="1" bw="64" slack="1"/>
<pin id="2969" dir="1" index="2" bw="0" slack="2147483647"/>
</pin_list>
<bind>
<opcode="store(28) " fcode="store"/>
<opset="store_ln15/2 "/>
</bind>
</comp>

<comp id="2971" class="1004" name="store_ln15_store_fu_2971">
<pin_list>
<pin id="2972" dir="0" index="0" bw="64" slack="0"/>
<pin id="2973" dir="0" index="1" bw="64" slack="1"/>
<pin id="2974" dir="1" index="2" bw="0" slack="2147483647"/>
</pin_list>
<bind>
<opcode="store(28) " fcode="store"/>
<opset="store_ln15/2 "/>
</bind>
</comp>

<comp id="2976" class="1004" name="store_ln15_store_fu_2976">
<pin_list>
<pin id="2977" dir="0" index="0" bw="64" slack="0"/>
<pin id="2978" dir="0" index="1" bw="64" slack="1"/>
<pin id="2979" dir="1" index="2" bw="0" slack="2147483647"/>
</pin_list>
<bind>
<opcode="store(28) " fcode="store"/>
<opset="store_ln15/2 "/>
</bind>
</comp>

<comp id="2981" class="1004" name="store_ln15_store_fu_2981">
<pin_list>
<pin id="2982" dir="0" index="0" bw="64" slack="0"/>
<pin id="2983" dir="0" index="1" bw="64" slack="1"/>
<pin id="2984" dir="1" index="2" bw="0" slack="2147483647"/>
</pin_list>
<bind>
<opcode="store(28) " fcode="store"/>
<opset="store_ln15/2 "/>
</bind>
</comp>

<comp id="2986" class="1004" name="store_ln15_store_fu_2986">
<pin_list>
<pin id="2987" dir="0" index="0" bw="64" slack="0"/>
<pin id="2988" dir="0" index="1" bw="64" slack="1"/>
<pin id="2989" dir="1" index="2" bw="0" slack="2147483647"/>
</pin_list>
<bind>
<opcode="store(28) " fcode="store"/>
<opset="store_ln15/2 "/>
</bind>
</comp>

<comp id="2991" class="1004" name="store_ln15_store_fu_2991">
<pin_list>
<pin id="2992" dir="0" index="0" bw="64" slack="0"/>
<pin id="2993" dir="0" index="1" bw="64" slack="1"/>
<pin id="2994" dir="1" index="2" bw="0" slack="2147483647"/>
</pin_list>
<bind>
<opcode="store(28) " fcode="store"/>
<opset="store_ln15/2 "/>
</bind>
</comp>

<comp id="2996" class="1004" name="store_ln15_store_fu_2996">
<pin_list>
<pin id="2997" dir="0" index="0" bw="64" slack="0"/>
<pin id="2998" dir="0" index="1" bw="64" slack="1"/>
<pin id="2999" dir="1" index="2" bw="0" slack="2147483647"/>
</pin_list>
<bind>
<opcode="store(28) " fcode="store"/>
<opset="store_ln15/2 "/>
</bind>
</comp>

<comp id="3001" class="1004" name="store_ln15_store_fu_3001">
<pin_list>
<pin id="3002" dir="0" index="0" bw="64" slack="0"/>
<pin id="3003" dir="0" index="1" bw="64" slack="1"/>
<pin id="3004" dir="1" index="2" bw="0" slack="2147483647"/>
</pin_list>
<bind>
<opcode="store(28) " fcode="store"/>
<opset="store_ln15/2 "/>
</bind>
</comp>

<comp id="3006" class="1004" name="store_ln15_store_fu_3006">
<pin_list>
<pin id="3007" dir="0" index="0" bw="64" slack="0"/>
<pin id="3008" dir="0" index="1" bw="64" slack="1"/>
<pin id="3009" dir="1" index="2" bw="0" slack="2147483647"/>
</pin_list>
<bind>
<opcode="store(28) " fcode="store"/>
<opset="store_ln15/2 "/>
</bind>
</comp>

<comp id="3011" class="1004" name="store_ln15_store_fu_3011">
<pin_list>
<pin id="3012" dir="0" index="0" bw="64" slack="0"/>
<pin id="3013" dir="0" index="1" bw="64" slack="1"/>
<pin id="3014" dir="1" index="2" bw="0" slack="2147483647"/>
</pin_list>
<bind>
<opcode="store(28) " fcode="store"/>
<opset="store_ln15/2 "/>
</bind>
</comp>

<comp id="3016" class="1004" name="store_ln15_store_fu_3016">
<pin_list>
<pin id="3017" dir="0" index="0" bw="64" slack="0"/>
<pin id="3018" dir="0" index="1" bw="64" slack="1"/>
<pin id="3019" dir="1" index="2" bw="0" slack="2147483647"/>
</pin_list>
<bind>
<opcode="store(28) " fcode="store"/>
<opset="store_ln15/2 "/>
</bind>
</comp>

<comp id="3021" class="1004" name="store_ln15_store_fu_3021">
<pin_list>
<pin id="3022" dir="0" index="0" bw="64" slack="0"/>
<pin id="3023" dir="0" index="1" bw="64" slack="1"/>
<pin id="3024" dir="1" index="2" bw="0" slack="2147483647"/>
</pin_list>
<bind>
<opcode="store(28) " fcode="store"/>
<opset="store_ln15/2 "/>
</bind>
</comp>

<comp id="3026" class="1004" name="store_ln15_store_fu_3026">
<pin_list>
<pin id="3027" dir="0" index="0" bw="64" slack="0"/>
<pin id="3028" dir="0" index="1" bw="64" slack="1"/>
<pin id="3029" dir="1" index="2" bw="0" slack="2147483647"/>
</pin_list>
<bind>
<opcode="store(28) " fcode="store"/>
<opset="store_ln15/2 "/>
</bind>
</comp>

<comp id="3031" class="1004" name="store_ln15_store_fu_3031">
<pin_list>
<pin id="3032" dir="0" index="0" bw="64" slack="0"/>
<pin id="3033" dir="0" index="1" bw="64" slack="1"/>
<pin id="3034" dir="1" index="2" bw="0" slack="2147483647"/>
</pin_list>
<bind>
<opcode="store(28) " fcode="store"/>
<opset="store_ln15/2 "/>
</bind>
</comp>

<comp id="3036" class="1004" name="store_ln15_store_fu_3036">
<pin_list>
<pin id="3037" dir="0" index="0" bw="64" slack="0"/>
<pin id="3038" dir="0" index="1" bw="64" slack="1"/>
<pin id="3039" dir="1" index="2" bw="0" slack="2147483647"/>
</pin_list>
<bind>
<opcode="store(28) " fcode="store"/>
<opset="store_ln15/2 "/>
</bind>
</comp>

<comp id="3041" class="1004" name="store_ln15_store_fu_3041">
<pin_list>
<pin id="3042" dir="0" index="0" bw="64" slack="0"/>
<pin id="3043" dir="0" index="1" bw="64" slack="1"/>
<pin id="3044" dir="1" index="2" bw="0" slack="2147483647"/>
</pin_list>
<bind>
<opcode="store(28) " fcode="store"/>
<opset="store_ln15/2 "/>
</bind>
</comp>

<comp id="3046" class="1004" name="store_ln15_store_fu_3046">
<pin_list>
<pin id="3047" dir="0" index="0" bw="64" slack="0"/>
<pin id="3048" dir="0" index="1" bw="64" slack="1"/>
<pin id="3049" dir="1" index="2" bw="0" slack="2147483647"/>
</pin_list>
<bind>
<opcode="store(28) " fcode="store"/>
<opset="store_ln15/2 "/>
</bind>
</comp>

<comp id="3051" class="1004" name="store_ln15_store_fu_3051">
<pin_list>
<pin id="3052" dir="0" index="0" bw="64" slack="0"/>
<pin id="3053" dir="0" index="1" bw="64" slack="1"/>
<pin id="3054" dir="1" index="2" bw="0" slack="2147483647"/>
</pin_list>
<bind>
<opcode="store(28) " fcode="store"/>
<opset="store_ln15/2 "/>
</bind>
</comp>

<comp id="3056" class="1004" name="store_ln15_store_fu_3056">
<pin_list>
<pin id="3057" dir="0" index="0" bw="64" slack="0"/>
<pin id="3058" dir="0" index="1" bw="64" slack="1"/>
<pin id="3059" dir="1" index="2" bw="0" slack="2147483647"/>
</pin_list>
<bind>
<opcode="store(28) " fcode="store"/>
<opset="store_ln15/2 "/>
</bind>
</comp>

<comp id="3061" class="1004" name="store_ln15_store_fu_3061">
<pin_list>
<pin id="3062" dir="0" index="0" bw="64" slack="0"/>
<pin id="3063" dir="0" index="1" bw="64" slack="1"/>
<pin id="3064" dir="1" index="2" bw="0" slack="2147483647"/>
</pin_list>
<bind>
<opcode="store(28) " fcode="store"/>
<opset="store_ln15/2 "/>
</bind>
</comp>

<comp id="3066" class="1004" name="store_ln15_store_fu_3066">
<pin_list>
<pin id="3067" dir="0" index="0" bw="64" slack="0"/>
<pin id="3068" dir="0" index="1" bw="64" slack="1"/>
<pin id="3069" dir="1" index="2" bw="0" slack="2147483647"/>
</pin_list>
<bind>
<opcode="store(28) " fcode="store"/>
<opset="store_ln15/2 "/>
</bind>
</comp>

<comp id="3071" class="1004" name="store_ln15_store_fu_3071">
<pin_list>
<pin id="3072" dir="0" index="0" bw="64" slack="0"/>
<pin id="3073" dir="0" index="1" bw="64" slack="1"/>
<pin id="3074" dir="1" index="2" bw="0" slack="2147483647"/>
</pin_list>
<bind>
<opcode="store(28) " fcode="store"/>
<opset="store_ln15/2 "/>
</bind>
</comp>

<comp id="3076" class="1004" name="store_ln15_store_fu_3076">
<pin_list>
<pin id="3077" dir="0" index="0" bw="64" slack="0"/>
<pin id="3078" dir="0" index="1" bw="64" slack="1"/>
<pin id="3079" dir="1" index="2" bw="0" slack="2147483647"/>
</pin_list>
<bind>
<opcode="store(28) " fcode="store"/>
<opset="store_ln15/2 "/>
</bind>
</comp>

<comp id="3081" class="1004" name="store_ln15_store_fu_3081">
<pin_list>
<pin id="3082" dir="0" index="0" bw="64" slack="0"/>
<pin id="3083" dir="0" index="1" bw="64" slack="1"/>
<pin id="3084" dir="1" index="2" bw="0" slack="2147483647"/>
</pin_list>
<bind>
<opcode="store(28) " fcode="store"/>
<opset="store_ln15/2 "/>
</bind>
</comp>

<comp id="3086" class="1004" name="store_ln15_store_fu_3086">
<pin_list>
<pin id="3087" dir="0" index="0" bw="64" slack="0"/>
<pin id="3088" dir="0" index="1" bw="64" slack="1"/>
<pin id="3089" dir="1" index="2" bw="0" slack="2147483647"/>
</pin_list>
<bind>
<opcode="store(28) " fcode="store"/>
<opset="store_ln15/2 "/>
</bind>
</comp>

<comp id="3091" class="1004" name="store_ln15_store_fu_3091">
<pin_list>
<pin id="3092" dir="0" index="0" bw="64" slack="0"/>
<pin id="3093" dir="0" index="1" bw="64" slack="1"/>
<pin id="3094" dir="1" index="2" bw="0" slack="2147483647"/>
</pin_list>
<bind>
<opcode="store(28) " fcode="store"/>
<opset="store_ln15/2 "/>
</bind>
</comp>

<comp id="3096" class="1004" name="store_ln15_store_fu_3096">
<pin_list>
<pin id="3097" dir="0" index="0" bw="64" slack="0"/>
<pin id="3098" dir="0" index="1" bw="64" slack="1"/>
<pin id="3099" dir="1" index="2" bw="0" slack="2147483647"/>
</pin_list>
<bind>
<opcode="store(28) " fcode="store"/>
<opset="store_ln15/2 "/>
</bind>
</comp>

<comp id="3101" class="1004" name="store_ln15_store_fu_3101">
<pin_list>
<pin id="3102" dir="0" index="0" bw="64" slack="0"/>
<pin id="3103" dir="0" index="1" bw="64" slack="1"/>
<pin id="3104" dir="1" index="2" bw="0" slack="2147483647"/>
</pin_list>
<bind>
<opcode="store(28) " fcode="store"/>
<opset="store_ln15/2 "/>
</bind>
</comp>

<comp id="3106" class="1004" name="store_ln15_store_fu_3106">
<pin_list>
<pin id="3107" dir="0" index="0" bw="64" slack="0"/>
<pin id="3108" dir="0" index="1" bw="64" slack="1"/>
<pin id="3109" dir="1" index="2" bw="0" slack="2147483647"/>
</pin_list>
<bind>
<opcode="store(28) " fcode="store"/>
<opset="store_ln15/2 "/>
</bind>
</comp>

<comp id="3111" class="1004" name="store_ln15_store_fu_3111">
<pin_list>
<pin id="3112" dir="0" index="0" bw="64" slack="0"/>
<pin id="3113" dir="0" index="1" bw="64" slack="1"/>
<pin id="3114" dir="1" index="2" bw="0" slack="2147483647"/>
</pin_list>
<bind>
<opcode="store(28) " fcode="store"/>
<opset="store_ln15/2 "/>
</bind>
</comp>

<comp id="3116" class="1004" name="store_ln15_store_fu_3116">
<pin_list>
<pin id="3117" dir="0" index="0" bw="64" slack="0"/>
<pin id="3118" dir="0" index="1" bw="64" slack="1"/>
<pin id="3119" dir="1" index="2" bw="0" slack="2147483647"/>
</pin_list>
<bind>
<opcode="store(28) " fcode="store"/>
<opset="store_ln15/2 "/>
</bind>
</comp>

<comp id="3121" class="1004" name="store_ln15_store_fu_3121">
<pin_list>
<pin id="3122" dir="0" index="0" bw="64" slack="0"/>
<pin id="3123" dir="0" index="1" bw="64" slack="1"/>
<pin id="3124" dir="1" index="2" bw="0" slack="2147483647"/>
</pin_list>
<bind>
<opcode="store(28) " fcode="store"/>
<opset="store_ln15/2 "/>
</bind>
</comp>

<comp id="3126" class="1004" name="store_ln15_store_fu_3126">
<pin_list>
<pin id="3127" dir="0" index="0" bw="64" slack="0"/>
<pin id="3128" dir="0" index="1" bw="64" slack="1"/>
<pin id="3129" dir="1" index="2" bw="0" slack="2147483647"/>
</pin_list>
<bind>
<opcode="store(28) " fcode="store"/>
<opset="store_ln15/2 "/>
</bind>
</comp>

<comp id="3131" class="1004" name="store_ln15_store_fu_3131">
<pin_list>
<pin id="3132" dir="0" index="0" bw="64" slack="0"/>
<pin id="3133" dir="0" index="1" bw="64" slack="1"/>
<pin id="3134" dir="1" index="2" bw="0" slack="2147483647"/>
</pin_list>
<bind>
<opcode="store(28) " fcode="store"/>
<opset="store_ln15/2 "/>
</bind>
</comp>

<comp id="3136" class="1004" name="store_ln15_store_fu_3136">
<pin_list>
<pin id="3137" dir="0" index="0" bw="64" slack="0"/>
<pin id="3138" dir="0" index="1" bw="64" slack="1"/>
<pin id="3139" dir="1" index="2" bw="0" slack="2147483647"/>
</pin_list>
<bind>
<opcode="store(28) " fcode="store"/>
<opset="store_ln15/2 "/>
</bind>
</comp>

<comp id="3141" class="1004" name="store_ln15_store_fu_3141">
<pin_list>
<pin id="3142" dir="0" index="0" bw="64" slack="0"/>
<pin id="3143" dir="0" index="1" bw="64" slack="1"/>
<pin id="3144" dir="1" index="2" bw="0" slack="2147483647"/>
</pin_list>
<bind>
<opcode="store(28) " fcode="store"/>
<opset="store_ln15/2 "/>
</bind>
</comp>

<comp id="3146" class="1004" name="store_ln15_store_fu_3146">
<pin_list>
<pin id="3147" dir="0" index="0" bw="64" slack="0"/>
<pin id="3148" dir="0" index="1" bw="64" slack="1"/>
<pin id="3149" dir="1" index="2" bw="0" slack="2147483647"/>
</pin_list>
<bind>
<opcode="store(28) " fcode="store"/>
<opset="store_ln15/2 "/>
</bind>
</comp>

<comp id="3151" class="1004" name="store_ln15_store_fu_3151">
<pin_list>
<pin id="3152" dir="0" index="0" bw="64" slack="0"/>
<pin id="3153" dir="0" index="1" bw="64" slack="1"/>
<pin id="3154" dir="1" index="2" bw="0" slack="2147483647"/>
</pin_list>
<bind>
<opcode="store(28) " fcode="store"/>
<opset="store_ln15/2 "/>
</bind>
</comp>

<comp id="3156" class="1004" name="store_ln15_store_fu_3156">
<pin_list>
<pin id="3157" dir="0" index="0" bw="64" slack="0"/>
<pin id="3158" dir="0" index="1" bw="64" slack="1"/>
<pin id="3159" dir="1" index="2" bw="0" slack="2147483647"/>
</pin_list>
<bind>
<opcode="store(28) " fcode="store"/>
<opset="store_ln15/2 "/>
</bind>
</comp>

<comp id="3161" class="1004" name="store_ln15_store_fu_3161">
<pin_list>
<pin id="3162" dir="0" index="0" bw="64" slack="0"/>
<pin id="3163" dir="0" index="1" bw="64" slack="1"/>
<pin id="3164" dir="1" index="2" bw="0" slack="2147483647"/>
</pin_list>
<bind>
<opcode="store(28) " fcode="store"/>
<opset="store_ln15/2 "/>
</bind>
</comp>

<comp id="3166" class="1004" name="store_ln15_store_fu_3166">
<pin_list>
<pin id="3167" dir="0" index="0" bw="64" slack="0"/>
<pin id="3168" dir="0" index="1" bw="64" slack="1"/>
<pin id="3169" dir="1" index="2" bw="0" slack="2147483647"/>
</pin_list>
<bind>
<opcode="store(28) " fcode="store"/>
<opset="store_ln15/2 "/>
</bind>
</comp>

<comp id="3171" class="1004" name="store_ln15_store_fu_3171">
<pin_list>
<pin id="3172" dir="0" index="0" bw="64" slack="0"/>
<pin id="3173" dir="0" index="1" bw="64" slack="1"/>
<pin id="3174" dir="1" index="2" bw="0" slack="2147483647"/>
</pin_list>
<bind>
<opcode="store(28) " fcode="store"/>
<opset="store_ln15/2 "/>
</bind>
</comp>

<comp id="3176" class="1004" name="store_ln15_store_fu_3176">
<pin_list>
<pin id="3177" dir="0" index="0" bw="64" slack="0"/>
<pin id="3178" dir="0" index="1" bw="64" slack="1"/>
<pin id="3179" dir="1" index="2" bw="0" slack="2147483647"/>
</pin_list>
<bind>
<opcode="store(28) " fcode="store"/>
<opset="store_ln15/2 "/>
</bind>
</comp>

<comp id="3181" class="1004" name="store_ln15_store_fu_3181">
<pin_list>
<pin id="3182" dir="0" index="0" bw="64" slack="0"/>
<pin id="3183" dir="0" index="1" bw="64" slack="1"/>
<pin id="3184" dir="1" index="2" bw="0" slack="2147483647"/>
</pin_list>
<bind>
<opcode="store(28) " fcode="store"/>
<opset="store_ln15/2 "/>
</bind>
</comp>

<comp id="3186" class="1004" name="store_ln15_store_fu_3186">
<pin_list>
<pin id="3187" dir="0" index="0" bw="64" slack="0"/>
<pin id="3188" dir="0" index="1" bw="64" slack="1"/>
<pin id="3189" dir="1" index="2" bw="0" slack="2147483647"/>
</pin_list>
<bind>
<opcode="store(28) " fcode="store"/>
<opset="store_ln15/2 "/>
</bind>
</comp>

<comp id="3191" class="1004" name="store_ln15_store_fu_3191">
<pin_list>
<pin id="3192" dir="0" index="0" bw="64" slack="0"/>
<pin id="3193" dir="0" index="1" bw="64" slack="1"/>
<pin id="3194" dir="1" index="2" bw="0" slack="2147483647"/>
</pin_list>
<bind>
<opcode="store(28) " fcode="store"/>
<opset="store_ln15/2 "/>
</bind>
</comp>

<comp id="3196" class="1004" name="store_ln15_store_fu_3196">
<pin_list>
<pin id="3197" dir="0" index="0" bw="64" slack="0"/>
<pin id="3198" dir="0" index="1" bw="64" slack="1"/>
<pin id="3199" dir="1" index="2" bw="0" slack="2147483647"/>
</pin_list>
<bind>
<opcode="store(28) " fcode="store"/>
<opset="store_ln15/2 "/>
</bind>
</comp>

<comp id="3201" class="1004" name="store_ln15_store_fu_3201">
<pin_list>
<pin id="3202" dir="0" index="0" bw="64" slack="0"/>
<pin id="3203" dir="0" index="1" bw="64" slack="1"/>
<pin id="3204" dir="1" index="2" bw="0" slack="2147483647"/>
</pin_list>
<bind>
<opcode="store(28) " fcode="store"/>
<opset="store_ln15/2 "/>
</bind>
</comp>

<comp id="3206" class="1004" name="store_ln15_store_fu_3206">
<pin_list>
<pin id="3207" dir="0" index="0" bw="64" slack="0"/>
<pin id="3208" dir="0" index="1" bw="64" slack="1"/>
<pin id="3209" dir="1" index="2" bw="0" slack="2147483647"/>
</pin_list>
<bind>
<opcode="store(28) " fcode="store"/>
<opset="store_ln15/2 "/>
</bind>
</comp>

<comp id="3211" class="1004" name="store_ln15_store_fu_3211">
<pin_list>
<pin id="3212" dir="0" index="0" bw="64" slack="0"/>
<pin id="3213" dir="0" index="1" bw="64" slack="1"/>
<pin id="3214" dir="1" index="2" bw="0" slack="2147483647"/>
</pin_list>
<bind>
<opcode="store(28) " fcode="store"/>
<opset="store_ln15/2 "/>
</bind>
</comp>

<comp id="3216" class="1004" name="store_ln15_store_fu_3216">
<pin_list>
<pin id="3217" dir="0" index="0" bw="64" slack="0"/>
<pin id="3218" dir="0" index="1" bw="64" slack="1"/>
<pin id="3219" dir="1" index="2" bw="0" slack="2147483647"/>
</pin_list>
<bind>
<opcode="store(28) " fcode="store"/>
<opset="store_ln15/2 "/>
</bind>
</comp>

<comp id="3221" class="1004" name="store_ln15_store_fu_3221">
<pin_list>
<pin id="3222" dir="0" index="0" bw="64" slack="0"/>
<pin id="3223" dir="0" index="1" bw="64" slack="1"/>
<pin id="3224" dir="1" index="2" bw="0" slack="2147483647"/>
</pin_list>
<bind>
<opcode="store(28) " fcode="store"/>
<opset="store_ln15/2 "/>
</bind>
</comp>

<comp id="3226" class="1004" name="store_ln15_store_fu_3226">
<pin_list>
<pin id="3227" dir="0" index="0" bw="64" slack="0"/>
<pin id="3228" dir="0" index="1" bw="64" slack="1"/>
<pin id="3229" dir="1" index="2" bw="0" slack="2147483647"/>
</pin_list>
<bind>
<opcode="store(28) " fcode="store"/>
<opset="store_ln15/2 "/>
</bind>
</comp>

<comp id="3231" class="1004" name="store_ln15_store_fu_3231">
<pin_list>
<pin id="3232" dir="0" index="0" bw="64" slack="0"/>
<pin id="3233" dir="0" index="1" bw="64" slack="1"/>
<pin id="3234" dir="1" index="2" bw="0" slack="2147483647"/>
</pin_list>
<bind>
<opcode="store(28) " fcode="store"/>
<opset="store_ln15/2 "/>
</bind>
</comp>

<comp id="3236" class="1004" name="store_ln15_store_fu_3236">
<pin_list>
<pin id="3237" dir="0" index="0" bw="64" slack="0"/>
<pin id="3238" dir="0" index="1" bw="64" slack="1"/>
<pin id="3239" dir="1" index="2" bw="0" slack="2147483647"/>
</pin_list>
<bind>
<opcode="store(28) " fcode="store"/>
<opset="store_ln15/2 "/>
</bind>
</comp>

<comp id="3241" class="1004" name="store_ln15_store_fu_3241">
<pin_list>
<pin id="3242" dir="0" index="0" bw="64" slack="0"/>
<pin id="3243" dir="0" index="1" bw="64" slack="1"/>
<pin id="3244" dir="1" index="2" bw="0" slack="2147483647"/>
</pin_list>
<bind>
<opcode="store(28) " fcode="store"/>
<opset="store_ln15/2 "/>
</bind>
</comp>

<comp id="3246" class="1004" name="store_ln15_store_fu_3246">
<pin_list>
<pin id="3247" dir="0" index="0" bw="64" slack="0"/>
<pin id="3248" dir="0" index="1" bw="64" slack="1"/>
<pin id="3249" dir="1" index="2" bw="0" slack="2147483647"/>
</pin_list>
<bind>
<opcode="store(28) " fcode="store"/>
<opset="store_ln15/2 "/>
</bind>
</comp>

<comp id="3251" class="1004" name="store_ln15_store_fu_3251">
<pin_list>
<pin id="3252" dir="0" index="0" bw="64" slack="0"/>
<pin id="3253" dir="0" index="1" bw="64" slack="1"/>
<pin id="3254" dir="1" index="2" bw="0" slack="2147483647"/>
</pin_list>
<bind>
<opcode="store(28) " fcode="store"/>
<opset="store_ln15/2 "/>
</bind>
</comp>

<comp id="3256" class="1004" name="store_ln15_store_fu_3256">
<pin_list>
<pin id="3257" dir="0" index="0" bw="64" slack="0"/>
<pin id="3258" dir="0" index="1" bw="64" slack="1"/>
<pin id="3259" dir="1" index="2" bw="0" slack="2147483647"/>
</pin_list>
<bind>
<opcode="store(28) " fcode="store"/>
<opset="store_ln15/2 "/>
</bind>
</comp>

<comp id="3261" class="1004" name="store_ln15_store_fu_3261">
<pin_list>
<pin id="3262" dir="0" index="0" bw="64" slack="0"/>
<pin id="3263" dir="0" index="1" bw="64" slack="1"/>
<pin id="3264" dir="1" index="2" bw="0" slack="2147483647"/>
</pin_list>
<bind>
<opcode="store(28) " fcode="store"/>
<opset="store_ln15/2 "/>
</bind>
</comp>

<comp id="3266" class="1004" name="store_ln15_store_fu_3266">
<pin_list>
<pin id="3267" dir="0" index="0" bw="64" slack="0"/>
<pin id="3268" dir="0" index="1" bw="64" slack="1"/>
<pin id="3269" dir="1" index="2" bw="0" slack="2147483647"/>
</pin_list>
<bind>
<opcode="store(28) " fcode="store"/>
<opset="store_ln15/2 "/>
</bind>
</comp>

<comp id="3271" class="1004" name="store_ln15_store_fu_3271">
<pin_list>
<pin id="3272" dir="0" index="0" bw="64" slack="0"/>
<pin id="3273" dir="0" index="1" bw="64" slack="1"/>
<pin id="3274" dir="1" index="2" bw="0" slack="2147483647"/>
</pin_list>
<bind>
<opcode="store(28) " fcode="store"/>
<opset="store_ln15/2 "/>
</bind>
</comp>

<comp id="3276" class="1004" name="store_ln15_store_fu_3276">
<pin_list>
<pin id="3277" dir="0" index="0" bw="64" slack="0"/>
<pin id="3278" dir="0" index="1" bw="64" slack="1"/>
<pin id="3279" dir="1" index="2" bw="0" slack="2147483647"/>
</pin_list>
<bind>
<opcode="store(28) " fcode="store"/>
<opset="store_ln15/2 "/>
</bind>
</comp>

<comp id="3281" class="1004" name="store_ln15_store_fu_3281">
<pin_list>
<pin id="3282" dir="0" index="0" bw="64" slack="0"/>
<pin id="3283" dir="0" index="1" bw="64" slack="1"/>
<pin id="3284" dir="1" index="2" bw="0" slack="2147483647"/>
</pin_list>
<bind>
<opcode="store(28) " fcode="store"/>
<opset="store_ln15/2 "/>
</bind>
</comp>

<comp id="3286" class="1004" name="store_ln15_store_fu_3286">
<pin_list>
<pin id="3287" dir="0" index="0" bw="64" slack="0"/>
<pin id="3288" dir="0" index="1" bw="64" slack="1"/>
<pin id="3289" dir="1" index="2" bw="0" slack="2147483647"/>
</pin_list>
<bind>
<opcode="store(28) " fcode="store"/>
<opset="store_ln15/2 "/>
</bind>
</comp>

<comp id="3291" class="1004" name="store_ln15_store_fu_3291">
<pin_list>
<pin id="3292" dir="0" index="0" bw="64" slack="0"/>
<pin id="3293" dir="0" index="1" bw="64" slack="1"/>
<pin id="3294" dir="1" index="2" bw="0" slack="2147483647"/>
</pin_list>
<bind>
<opcode="store(28) " fcode="store"/>
<opset="store_ln15/2 "/>
</bind>
</comp>

<comp id="3296" class="1004" name="store_ln15_store_fu_3296">
<pin_list>
<pin id="3297" dir="0" index="0" bw="64" slack="0"/>
<pin id="3298" dir="0" index="1" bw="64" slack="1"/>
<pin id="3299" dir="1" index="2" bw="0" slack="2147483647"/>
</pin_list>
<bind>
<opcode="store(28) " fcode="store"/>
<opset="store_ln15/2 "/>
</bind>
</comp>

<comp id="3301" class="1004" name="store_ln15_store_fu_3301">
<pin_list>
<pin id="3302" dir="0" index="0" bw="64" slack="0"/>
<pin id="3303" dir="0" index="1" bw="64" slack="1"/>
<pin id="3304" dir="1" index="2" bw="0" slack="2147483647"/>
</pin_list>
<bind>
<opcode="store(28) " fcode="store"/>
<opset="store_ln15/2 "/>
</bind>
</comp>

<comp id="3306" class="1004" name="store_ln15_store_fu_3306">
<pin_list>
<pin id="3307" dir="0" index="0" bw="64" slack="0"/>
<pin id="3308" dir="0" index="1" bw="64" slack="1"/>
<pin id="3309" dir="1" index="2" bw="0" slack="2147483647"/>
</pin_list>
<bind>
<opcode="store(28) " fcode="store"/>
<opset="store_ln15/2 "/>
</bind>
</comp>

<comp id="3311" class="1004" name="store_ln15_store_fu_3311">
<pin_list>
<pin id="3312" dir="0" index="0" bw="64" slack="0"/>
<pin id="3313" dir="0" index="1" bw="64" slack="1"/>
<pin id="3314" dir="1" index="2" bw="0" slack="2147483647"/>
</pin_list>
<bind>
<opcode="store(28) " fcode="store"/>
<opset="store_ln15/2 "/>
</bind>
</comp>

<comp id="3316" class="1004" name="store_ln15_store_fu_3316">
<pin_list>
<pin id="3317" dir="0" index="0" bw="64" slack="0"/>
<pin id="3318" dir="0" index="1" bw="64" slack="1"/>
<pin id="3319" dir="1" index="2" bw="0" slack="2147483647"/>
</pin_list>
<bind>
<opcode="store(28) " fcode="store"/>
<opset="store_ln15/2 "/>
</bind>
</comp>

<comp id="3321" class="1004" name="store_ln15_store_fu_3321">
<pin_list>
<pin id="3322" dir="0" index="0" bw="64" slack="0"/>
<pin id="3323" dir="0" index="1" bw="64" slack="1"/>
<pin id="3324" dir="1" index="2" bw="0" slack="2147483647"/>
</pin_list>
<bind>
<opcode="store(28) " fcode="store"/>
<opset="store_ln15/2 "/>
</bind>
</comp>

<comp id="3326" class="1004" name="store_ln15_store_fu_3326">
<pin_list>
<pin id="3327" dir="0" index="0" bw="64" slack="0"/>
<pin id="3328" dir="0" index="1" bw="64" slack="1"/>
<pin id="3329" dir="1" index="2" bw="0" slack="2147483647"/>
</pin_list>
<bind>
<opcode="store(28) " fcode="store"/>
<opset="store_ln15/2 "/>
</bind>
</comp>

<comp id="3331" class="1004" name="store_ln15_store_fu_3331">
<pin_list>
<pin id="3332" dir="0" index="0" bw="64" slack="0"/>
<pin id="3333" dir="0" index="1" bw="64" slack="1"/>
<pin id="3334" dir="1" index="2" bw="0" slack="2147483647"/>
</pin_list>
<bind>
<opcode="store(28) " fcode="store"/>
<opset="store_ln15/2 "/>
</bind>
</comp>

<comp id="3336" class="1004" name="store_ln15_store_fu_3336">
<pin_list>
<pin id="3337" dir="0" index="0" bw="64" slack="0"/>
<pin id="3338" dir="0" index="1" bw="64" slack="1"/>
<pin id="3339" dir="1" index="2" bw="0" slack="2147483647"/>
</pin_list>
<bind>
<opcode="store(28) " fcode="store"/>
<opset="store_ln15/2 "/>
</bind>
</comp>

<comp id="3341" class="1004" name="store_ln15_store_fu_3341">
<pin_list>
<pin id="3342" dir="0" index="0" bw="64" slack="0"/>
<pin id="3343" dir="0" index="1" bw="64" slack="1"/>
<pin id="3344" dir="1" index="2" bw="0" slack="2147483647"/>
</pin_list>
<bind>
<opcode="store(28) " fcode="store"/>
<opset="store_ln15/2 "/>
</bind>
</comp>

<comp id="3346" class="1004" name="store_ln15_store_fu_3346">
<pin_list>
<pin id="3347" dir="0" index="0" bw="64" slack="0"/>
<pin id="3348" dir="0" index="1" bw="64" slack="1"/>
<pin id="3349" dir="1" index="2" bw="0" slack="2147483647"/>
</pin_list>
<bind>
<opcode="store(28) " fcode="store"/>
<opset="store_ln15/2 "/>
</bind>
</comp>

<comp id="3351" class="1004" name="store_ln15_store_fu_3351">
<pin_list>
<pin id="3352" dir="0" index="0" bw="64" slack="0"/>
<pin id="3353" dir="0" index="1" bw="64" slack="1"/>
<pin id="3354" dir="1" index="2" bw="0" slack="2147483647"/>
</pin_list>
<bind>
<opcode="store(28) " fcode="store"/>
<opset="store_ln15/2 "/>
</bind>
</comp>

<comp id="3356" class="1004" name="store_ln15_store_fu_3356">
<pin_list>
<pin id="3357" dir="0" index="0" bw="64" slack="0"/>
<pin id="3358" dir="0" index="1" bw="64" slack="1"/>
<pin id="3359" dir="1" index="2" bw="0" slack="2147483647"/>
</pin_list>
<bind>
<opcode="store(28) " fcode="store"/>
<opset="store_ln15/2 "/>
</bind>
</comp>

<comp id="3361" class="1004" name="store_ln15_store_fu_3361">
<pin_list>
<pin id="3362" dir="0" index="0" bw="64" slack="0"/>
<pin id="3363" dir="0" index="1" bw="64" slack="1"/>
<pin id="3364" dir="1" index="2" bw="0" slack="2147483647"/>
</pin_list>
<bind>
<opcode="store(28) " fcode="store"/>
<opset="store_ln15/2 "/>
</bind>
</comp>

<comp id="3366" class="1004" name="store_ln15_store_fu_3366">
<pin_list>
<pin id="3367" dir="0" index="0" bw="64" slack="0"/>
<pin id="3368" dir="0" index="1" bw="64" slack="1"/>
<pin id="3369" dir="1" index="2" bw="0" slack="2147483647"/>
</pin_list>
<bind>
<opcode="store(28) " fcode="store"/>
<opset="store_ln15/2 "/>
</bind>
</comp>

<comp id="3371" class="1004" name="store_ln15_store_fu_3371">
<pin_list>
<pin id="3372" dir="0" index="0" bw="64" slack="0"/>
<pin id="3373" dir="0" index="1" bw="64" slack="1"/>
<pin id="3374" dir="1" index="2" bw="0" slack="2147483647"/>
</pin_list>
<bind>
<opcode="store(28) " fcode="store"/>
<opset="store_ln15/2 "/>
</bind>
</comp>

<comp id="3376" class="1004" name="store_ln15_store_fu_3376">
<pin_list>
<pin id="3377" dir="0" index="0" bw="64" slack="0"/>
<pin id="3378" dir="0" index="1" bw="64" slack="1"/>
<pin id="3379" dir="1" index="2" bw="0" slack="2147483647"/>
</pin_list>
<bind>
<opcode="store(28) " fcode="store"/>
<opset="store_ln15/2 "/>
</bind>
</comp>

<comp id="3381" class="1004" name="store_ln15_store_fu_3381">
<pin_list>
<pin id="3382" dir="0" index="0" bw="64" slack="0"/>
<pin id="3383" dir="0" index="1" bw="64" slack="1"/>
<pin id="3384" dir="1" index="2" bw="0" slack="2147483647"/>
</pin_list>
<bind>
<opcode="store(28) " fcode="store"/>
<opset="store_ln15/2 "/>
</bind>
</comp>

<comp id="3386" class="1004" name="store_ln15_store_fu_3386">
<pin_list>
<pin id="3387" dir="0" index="0" bw="64" slack="0"/>
<pin id="3388" dir="0" index="1" bw="64" slack="1"/>
<pin id="3389" dir="1" index="2" bw="0" slack="2147483647"/>
</pin_list>
<bind>
<opcode="store(28) " fcode="store"/>
<opset="store_ln15/2 "/>
</bind>
</comp>

<comp id="3391" class="1004" name="store_ln15_store_fu_3391">
<pin_list>
<pin id="3392" dir="0" index="0" bw="64" slack="0"/>
<pin id="3393" dir="0" index="1" bw="64" slack="1"/>
<pin id="3394" dir="1" index="2" bw="0" slack="2147483647"/>
</pin_list>
<bind>
<opcode="store(28) " fcode="store"/>
<opset="store_ln15/2 "/>
</bind>
</comp>

<comp id="3396" class="1004" name="store_ln15_store_fu_3396">
<pin_list>
<pin id="3397" dir="0" index="0" bw="64" slack="0"/>
<pin id="3398" dir="0" index="1" bw="64" slack="1"/>
<pin id="3399" dir="1" index="2" bw="0" slack="2147483647"/>
</pin_list>
<bind>
<opcode="store(28) " fcode="store"/>
<opset="store_ln15/2 "/>
</bind>
</comp>

<comp id="3401" class="1004" name="store_ln15_store_fu_3401">
<pin_list>
<pin id="3402" dir="0" index="0" bw="64" slack="0"/>
<pin id="3403" dir="0" index="1" bw="64" slack="1"/>
<pin id="3404" dir="1" index="2" bw="0" slack="2147483647"/>
</pin_list>
<bind>
<opcode="store(28) " fcode="store"/>
<opset="store_ln15/2 "/>
</bind>
</comp>

<comp id="3406" class="1004" name="store_ln15_store_fu_3406">
<pin_list>
<pin id="3407" dir="0" index="0" bw="64" slack="0"/>
<pin id="3408" dir="0" index="1" bw="64" slack="1"/>
<pin id="3409" dir="1" index="2" bw="0" slack="2147483647"/>
</pin_list>
<bind>
<opcode="store(28) " fcode="store"/>
<opset="store_ln15/2 "/>
</bind>
</comp>

<comp id="3411" class="1004" name="store_ln15_store_fu_3411">
<pin_list>
<pin id="3412" dir="0" index="0" bw="64" slack="0"/>
<pin id="3413" dir="0" index="1" bw="64" slack="1"/>
<pin id="3414" dir="1" index="2" bw="0" slack="2147483647"/>
</pin_list>
<bind>
<opcode="store(28) " fcode="store"/>
<opset="store_ln15/2 "/>
</bind>
</comp>

<comp id="3416" class="1004" name="store_ln15_store_fu_3416">
<pin_list>
<pin id="3417" dir="0" index="0" bw="64" slack="0"/>
<pin id="3418" dir="0" index="1" bw="64" slack="1"/>
<pin id="3419" dir="1" index="2" bw="0" slack="2147483647"/>
</pin_list>
<bind>
<opcode="store(28) " fcode="store"/>
<opset="store_ln15/2 "/>
</bind>
</comp>

<comp id="3421" class="1004" name="store_ln15_store_fu_3421">
<pin_list>
<pin id="3422" dir="0" index="0" bw="64" slack="0"/>
<pin id="3423" dir="0" index="1" bw="64" slack="1"/>
<pin id="3424" dir="1" index="2" bw="0" slack="2147483647"/>
</pin_list>
<bind>
<opcode="store(28) " fcode="store"/>
<opset="store_ln15/2 "/>
</bind>
</comp>

<comp id="3426" class="1004" name="store_ln15_store_fu_3426">
<pin_list>
<pin id="3427" dir="0" index="0" bw="64" slack="0"/>
<pin id="3428" dir="0" index="1" bw="64" slack="1"/>
<pin id="3429" dir="1" index="2" bw="0" slack="2147483647"/>
</pin_list>
<bind>
<opcode="store(28) " fcode="store"/>
<opset="store_ln15/2 "/>
</bind>
</comp>

<comp id="3431" class="1004" name="store_ln15_store_fu_3431">
<pin_list>
<pin id="3432" dir="0" index="0" bw="64" slack="0"/>
<pin id="3433" dir="0" index="1" bw="64" slack="1"/>
<pin id="3434" dir="1" index="2" bw="0" slack="2147483647"/>
</pin_list>
<bind>
<opcode="store(28) " fcode="store"/>
<opset="store_ln15/2 "/>
</bind>
</comp>

<comp id="3436" class="1004" name="store_ln15_store_fu_3436">
<pin_list>
<pin id="3437" dir="0" index="0" bw="64" slack="0"/>
<pin id="3438" dir="0" index="1" bw="64" slack="1"/>
<pin id="3439" dir="1" index="2" bw="0" slack="2147483647"/>
</pin_list>
<bind>
<opcode="store(28) " fcode="store"/>
<opset="store_ln15/2 "/>
</bind>
</comp>

<comp id="3441" class="1004" name="store_ln15_store_fu_3441">
<pin_list>
<pin id="3442" dir="0" index="0" bw="64" slack="0"/>
<pin id="3443" dir="0" index="1" bw="64" slack="1"/>
<pin id="3444" dir="1" index="2" bw="0" slack="2147483647"/>
</pin_list>
<bind>
<opcode="store(28) " fcode="store"/>
<opset="store_ln15/2 "/>
</bind>
</comp>

<comp id="3446" class="1004" name="store_ln15_store_fu_3446">
<pin_list>
<pin id="3447" dir="0" index="0" bw="64" slack="0"/>
<pin id="3448" dir="0" index="1" bw="64" slack="1"/>
<pin id="3449" dir="1" index="2" bw="0" slack="2147483647"/>
</pin_list>
<bind>
<opcode="store(28) " fcode="store"/>
<opset="store_ln15/2 "/>
</bind>
</comp>

<comp id="3451" class="1004" name="store_ln15_store_fu_3451">
<pin_list>
<pin id="3452" dir="0" index="0" bw="64" slack="0"/>
<pin id="3453" dir="0" index="1" bw="64" slack="1"/>
<pin id="3454" dir="1" index="2" bw="0" slack="2147483647"/>
</pin_list>
<bind>
<opcode="store(28) " fcode="store"/>
<opset="store_ln15/2 "/>
</bind>
</comp>

<comp id="3456" class="1004" name="store_ln15_store_fu_3456">
<pin_list>
<pin id="3457" dir="0" index="0" bw="64" slack="0"/>
<pin id="3458" dir="0" index="1" bw="64" slack="1"/>
<pin id="3459" dir="1" index="2" bw="0" slack="2147483647"/>
</pin_list>
<bind>
<opcode="store(28) " fcode="store"/>
<opset="store_ln15/2 "/>
</bind>
</comp>

<comp id="3461" class="1004" name="store_ln15_store_fu_3461">
<pin_list>
<pin id="3462" dir="0" index="0" bw="64" slack="0"/>
<pin id="3463" dir="0" index="1" bw="64" slack="1"/>
<pin id="3464" dir="1" index="2" bw="0" slack="2147483647"/>
</pin_list>
<bind>
<opcode="store(28) " fcode="store"/>
<opset="store_ln15/2 "/>
</bind>
</comp>

<comp id="3466" class="1004" name="store_ln15_store_fu_3466">
<pin_list>
<pin id="3467" dir="0" index="0" bw="64" slack="0"/>
<pin id="3468" dir="0" index="1" bw="64" slack="1"/>
<pin id="3469" dir="1" index="2" bw="0" slack="2147483647"/>
</pin_list>
<bind>
<opcode="store(28) " fcode="store"/>
<opset="store_ln15/2 "/>
</bind>
</comp>

<comp id="3471" class="1004" name="store_ln15_store_fu_3471">
<pin_list>
<pin id="3472" dir="0" index="0" bw="64" slack="0"/>
<pin id="3473" dir="0" index="1" bw="64" slack="1"/>
<pin id="3474" dir="1" index="2" bw="0" slack="2147483647"/>
</pin_list>
<bind>
<opcode="store(28) " fcode="store"/>
<opset="store_ln15/2 "/>
</bind>
</comp>

<comp id="3476" class="1004" name="store_ln15_store_fu_3476">
<pin_list>
<pin id="3477" dir="0" index="0" bw="64" slack="0"/>
<pin id="3478" dir="0" index="1" bw="64" slack="1"/>
<pin id="3479" dir="1" index="2" bw="0" slack="2147483647"/>
</pin_list>
<bind>
<opcode="store(28) " fcode="store"/>
<opset="store_ln15/2 "/>
</bind>
</comp>

<comp id="3481" class="1004" name="store_ln15_store_fu_3481">
<pin_list>
<pin id="3482" dir="0" index="0" bw="64" slack="0"/>
<pin id="3483" dir="0" index="1" bw="64" slack="1"/>
<pin id="3484" dir="1" index="2" bw="0" slack="2147483647"/>
</pin_list>
<bind>
<opcode="store(28) " fcode="store"/>
<opset="store_ln15/2 "/>
</bind>
</comp>

<comp id="3486" class="1004" name="store_ln15_store_fu_3486">
<pin_list>
<pin id="3487" dir="0" index="0" bw="64" slack="0"/>
<pin id="3488" dir="0" index="1" bw="64" slack="1"/>
<pin id="3489" dir="1" index="2" bw="0" slack="2147483647"/>
</pin_list>
<bind>
<opcode="store(28) " fcode="store"/>
<opset="store_ln15/2 "/>
</bind>
</comp>

<comp id="3491" class="1004" name="store_ln15_store_fu_3491">
<pin_list>
<pin id="3492" dir="0" index="0" bw="64" slack="0"/>
<pin id="3493" dir="0" index="1" bw="64" slack="1"/>
<pin id="3494" dir="1" index="2" bw="0" slack="2147483647"/>
</pin_list>
<bind>
<opcode="store(28) " fcode="store"/>
<opset="store_ln15/2 "/>
</bind>
</comp>

<comp id="3496" class="1004" name="store_ln15_store_fu_3496">
<pin_list>
<pin id="3497" dir="0" index="0" bw="64" slack="0"/>
<pin id="3498" dir="0" index="1" bw="64" slack="1"/>
<pin id="3499" dir="1" index="2" bw="0" slack="2147483647"/>
</pin_list>
<bind>
<opcode="store(28) " fcode="store"/>
<opset="store_ln15/2 "/>
</bind>
</comp>

<comp id="3501" class="1004" name="store_ln15_store_fu_3501">
<pin_list>
<pin id="3502" dir="0" index="0" bw="64" slack="0"/>
<pin id="3503" dir="0" index="1" bw="64" slack="1"/>
<pin id="3504" dir="1" index="2" bw="0" slack="2147483647"/>
</pin_list>
<bind>
<opcode="store(28) " fcode="store"/>
<opset="store_ln15/2 "/>
</bind>
</comp>

<comp id="3506" class="1004" name="store_ln15_store_fu_3506">
<pin_list>
<pin id="3507" dir="0" index="0" bw="64" slack="0"/>
<pin id="3508" dir="0" index="1" bw="64" slack="1"/>
<pin id="3509" dir="1" index="2" bw="0" slack="2147483647"/>
</pin_list>
<bind>
<opcode="store(28) " fcode="store"/>
<opset="store_ln15/2 "/>
</bind>
</comp>

<comp id="3511" class="1004" name="store_ln15_store_fu_3511">
<pin_list>
<pin id="3512" dir="0" index="0" bw="64" slack="0"/>
<pin id="3513" dir="0" index="1" bw="64" slack="1"/>
<pin id="3514" dir="1" index="2" bw="0" slack="2147483647"/>
</pin_list>
<bind>
<opcode="store(28) " fcode="store"/>
<opset="store_ln15/2 "/>
</bind>
</comp>

<comp id="3516" class="1004" name="store_ln15_store_fu_3516">
<pin_list>
<pin id="3517" dir="0" index="0" bw="64" slack="0"/>
<pin id="3518" dir="0" index="1" bw="64" slack="1"/>
<pin id="3519" dir="1" index="2" bw="0" slack="2147483647"/>
</pin_list>
<bind>
<opcode="store(28) " fcode="store"/>
<opset="store_ln15/2 "/>
</bind>
</comp>

<comp id="3521" class="1004" name="store_ln15_store_fu_3521">
<pin_list>
<pin id="3522" dir="0" index="0" bw="64" slack="0"/>
<pin id="3523" dir="0" index="1" bw="64" slack="1"/>
<pin id="3524" dir="1" index="2" bw="0" slack="2147483647"/>
</pin_list>
<bind>
<opcode="store(28) " fcode="store"/>
<opset="store_ln15/2 "/>
</bind>
</comp>

<comp id="3526" class="1004" name="store_ln15_store_fu_3526">
<pin_list>
<pin id="3527" dir="0" index="0" bw="64" slack="0"/>
<pin id="3528" dir="0" index="1" bw="64" slack="1"/>
<pin id="3529" dir="1" index="2" bw="0" slack="2147483647"/>
</pin_list>
<bind>
<opcode="store(28) " fcode="store"/>
<opset="store_ln15/2 "/>
</bind>
</comp>

<comp id="3531" class="1004" name="store_ln15_store_fu_3531">
<pin_list>
<pin id="3532" dir="0" index="0" bw="64" slack="0"/>
<pin id="3533" dir="0" index="1" bw="64" slack="1"/>
<pin id="3534" dir="1" index="2" bw="0" slack="2147483647"/>
</pin_list>
<bind>
<opcode="store(28) " fcode="store"/>
<opset="store_ln15/2 "/>
</bind>
</comp>

<comp id="3536" class="1004" name="store_ln15_store_fu_3536">
<pin_list>
<pin id="3537" dir="0" index="0" bw="64" slack="0"/>
<pin id="3538" dir="0" index="1" bw="64" slack="1"/>
<pin id="3539" dir="1" index="2" bw="0" slack="2147483647"/>
</pin_list>
<bind>
<opcode="store(28) " fcode="store"/>
<opset="store_ln15/2 "/>
</bind>
</comp>

<comp id="3541" class="1004" name="store_ln15_store_fu_3541">
<pin_list>
<pin id="3542" dir="0" index="0" bw="64" slack="0"/>
<pin id="3543" dir="0" index="1" bw="64" slack="1"/>
<pin id="3544" dir="1" index="2" bw="0" slack="2147483647"/>
</pin_list>
<bind>
<opcode="store(28) " fcode="store"/>
<opset="store_ln15/2 "/>
</bind>
</comp>

<comp id="3546" class="1004" name="store_ln15_store_fu_3546">
<pin_list>
<pin id="3547" dir="0" index="0" bw="64" slack="0"/>
<pin id="3548" dir="0" index="1" bw="64" slack="1"/>
<pin id="3549" dir="1" index="2" bw="0" slack="2147483647"/>
</pin_list>
<bind>
<opcode="store(28) " fcode="store"/>
<opset="store_ln15/2 "/>
</bind>
</comp>

<comp id="3551" class="1004" name="store_ln15_store_fu_3551">
<pin_list>
<pin id="3552" dir="0" index="0" bw="64" slack="0"/>
<pin id="3553" dir="0" index="1" bw="64" slack="1"/>
<pin id="3554" dir="1" index="2" bw="0" slack="2147483647"/>
</pin_list>
<bind>
<opcode="store(28) " fcode="store"/>
<opset="store_ln15/2 "/>
</bind>
</comp>

<comp id="3556" class="1004" name="store_ln15_store_fu_3556">
<pin_list>
<pin id="3557" dir="0" index="0" bw="64" slack="0"/>
<pin id="3558" dir="0" index="1" bw="64" slack="1"/>
<pin id="3559" dir="1" index="2" bw="0" slack="2147483647"/>
</pin_list>
<bind>
<opcode="store(28) " fcode="store"/>
<opset="store_ln15/2 "/>
</bind>
</comp>

<comp id="3561" class="1004" name="store_ln15_store_fu_3561">
<pin_list>
<pin id="3562" dir="0" index="0" bw="64" slack="0"/>
<pin id="3563" dir="0" index="1" bw="64" slack="1"/>
<pin id="3564" dir="1" index="2" bw="0" slack="2147483647"/>
</pin_list>
<bind>
<opcode="store(28) " fcode="store"/>
<opset="store_ln15/2 "/>
</bind>
</comp>

<comp id="3566" class="1004" name="store_ln15_store_fu_3566">
<pin_list>
<pin id="3567" dir="0" index="0" bw="64" slack="0"/>
<pin id="3568" dir="0" index="1" bw="64" slack="1"/>
<pin id="3569" dir="1" index="2" bw="0" slack="2147483647"/>
</pin_list>
<bind>
<opcode="store(28) " fcode="store"/>
<opset="store_ln15/2 "/>
</bind>
</comp>

<comp id="3571" class="1004" name="store_ln15_store_fu_3571">
<pin_list>
<pin id="3572" dir="0" index="0" bw="64" slack="0"/>
<pin id="3573" dir="0" index="1" bw="64" slack="1"/>
<pin id="3574" dir="1" index="2" bw="0" slack="2147483647"/>
</pin_list>
<bind>
<opcode="store(28) " fcode="store"/>
<opset="store_ln15/2 "/>
</bind>
</comp>

<comp id="3576" class="1004" name="store_ln15_store_fu_3576">
<pin_list>
<pin id="3577" dir="0" index="0" bw="64" slack="0"/>
<pin id="3578" dir="0" index="1" bw="64" slack="1"/>
<pin id="3579" dir="1" index="2" bw="0" slack="2147483647"/>
</pin_list>
<bind>
<opcode="store(28) " fcode="store"/>
<opset="store_ln15/2 "/>
</bind>
</comp>

<comp id="3581" class="1004" name="store_ln15_store_fu_3581">
<pin_list>
<pin id="3582" dir="0" index="0" bw="64" slack="0"/>
<pin id="3583" dir="0" index="1" bw="64" slack="1"/>
<pin id="3584" dir="1" index="2" bw="0" slack="2147483647"/>
</pin_list>
<bind>
<opcode="store(28) " fcode="store"/>
<opset="store_ln15/2 "/>
</bind>
</comp>

<comp id="3586" class="1004" name="store_ln15_store_fu_3586">
<pin_list>
<pin id="3587" dir="0" index="0" bw="64" slack="0"/>
<pin id="3588" dir="0" index="1" bw="64" slack="1"/>
<pin id="3589" dir="1" index="2" bw="0" slack="2147483647"/>
</pin_list>
<bind>
<opcode="store(28) " fcode="store"/>
<opset="store_ln15/2 "/>
</bind>
</comp>

<comp id="3591" class="1004" name="store_ln15_store_fu_3591">
<pin_list>
<pin id="3592" dir="0" index="0" bw="64" slack="0"/>
<pin id="3593" dir="0" index="1" bw="64" slack="1"/>
<pin id="3594" dir="1" index="2" bw="0" slack="2147483647"/>
</pin_list>
<bind>
<opcode="store(28) " fcode="store"/>
<opset="store_ln15/2 "/>
</bind>
</comp>

<comp id="3596" class="1004" name="store_ln15_store_fu_3596">
<pin_list>
<pin id="3597" dir="0" index="0" bw="64" slack="0"/>
<pin id="3598" dir="0" index="1" bw="64" slack="1"/>
<pin id="3599" dir="1" index="2" bw="0" slack="2147483647"/>
</pin_list>
<bind>
<opcode="store(28) " fcode="store"/>
<opset="store_ln15/2 "/>
</bind>
</comp>

<comp id="3601" class="1004" name="store_ln15_store_fu_3601">
<pin_list>
<pin id="3602" dir="0" index="0" bw="64" slack="0"/>
<pin id="3603" dir="0" index="1" bw="64" slack="1"/>
<pin id="3604" dir="1" index="2" bw="0" slack="2147483647"/>
</pin_list>
<bind>
<opcode="store(28) " fcode="store"/>
<opset="store_ln15/2 "/>
</bind>
</comp>

<comp id="3606" class="1004" name="store_ln15_store_fu_3606">
<pin_list>
<pin id="3607" dir="0" index="0" bw="64" slack="0"/>
<pin id="3608" dir="0" index="1" bw="64" slack="1"/>
<pin id="3609" dir="1" index="2" bw="0" slack="2147483647"/>
</pin_list>
<bind>
<opcode="store(28) " fcode="store"/>
<opset="store_ln15/2 "/>
</bind>
</comp>

<comp id="3611" class="1004" name="store_ln15_store_fu_3611">
<pin_list>
<pin id="3612" dir="0" index="0" bw="64" slack="0"/>
<pin id="3613" dir="0" index="1" bw="64" slack="1"/>
<pin id="3614" dir="1" index="2" bw="0" slack="2147483647"/>
</pin_list>
<bind>
<opcode="store(28) " fcode="store"/>
<opset="store_ln15/2 "/>
</bind>
</comp>

<comp id="3616" class="1004" name="store_ln15_store_fu_3616">
<pin_list>
<pin id="3617" dir="0" index="0" bw="64" slack="0"/>
<pin id="3618" dir="0" index="1" bw="64" slack="1"/>
<pin id="3619" dir="1" index="2" bw="0" slack="2147483647"/>
</pin_list>
<bind>
<opcode="store(28) " fcode="store"/>
<opset="store_ln15/2 "/>
</bind>
</comp>

<comp id="3621" class="1004" name="store_ln15_store_fu_3621">
<pin_list>
<pin id="3622" dir="0" index="0" bw="64" slack="0"/>
<pin id="3623" dir="0" index="1" bw="64" slack="1"/>
<pin id="3624" dir="1" index="2" bw="0" slack="2147483647"/>
</pin_list>
<bind>
<opcode="store(28) " fcode="store"/>
<opset="store_ln15/2 "/>
</bind>
</comp>

<comp id="3626" class="1004" name="store_ln15_store_fu_3626">
<pin_list>
<pin id="3627" dir="0" index="0" bw="64" slack="0"/>
<pin id="3628" dir="0" index="1" bw="64" slack="1"/>
<pin id="3629" dir="1" index="2" bw="0" slack="2147483647"/>
</pin_list>
<bind>
<opcode="store(28) " fcode="store"/>
<opset="store_ln15/2 "/>
</bind>
</comp>

<comp id="3631" class="1004" name="store_ln15_store_fu_3631">
<pin_list>
<pin id="3632" dir="0" index="0" bw="64" slack="0"/>
<pin id="3633" dir="0" index="1" bw="64" slack="1"/>
<pin id="3634" dir="1" index="2" bw="0" slack="2147483647"/>
</pin_list>
<bind>
<opcode="store(28) " fcode="store"/>
<opset="store_ln15/2 "/>
</bind>
</comp>

<comp id="3636" class="1004" name="store_ln15_store_fu_3636">
<pin_list>
<pin id="3637" dir="0" index="0" bw="64" slack="0"/>
<pin id="3638" dir="0" index="1" bw="64" slack="1"/>
<pin id="3639" dir="1" index="2" bw="0" slack="2147483647"/>
</pin_list>
<bind>
<opcode="store(28) " fcode="store"/>
<opset="store_ln15/2 "/>
</bind>
</comp>

<comp id="3641" class="1004" name="store_ln15_store_fu_3641">
<pin_list>
<pin id="3642" dir="0" index="0" bw="64" slack="0"/>
<pin id="3643" dir="0" index="1" bw="64" slack="1"/>
<pin id="3644" dir="1" index="2" bw="0" slack="2147483647"/>
</pin_list>
<bind>
<opcode="store(28) " fcode="store"/>
<opset="store_ln15/2 "/>
</bind>
</comp>

<comp id="3646" class="1004" name="store_ln15_store_fu_3646">
<pin_list>
<pin id="3647" dir="0" index="0" bw="64" slack="0"/>
<pin id="3648" dir="0" index="1" bw="64" slack="1"/>
<pin id="3649" dir="1" index="2" bw="0" slack="2147483647"/>
</pin_list>
<bind>
<opcode="store(28) " fcode="store"/>
<opset="store_ln15/2 "/>
</bind>
</comp>

<comp id="3651" class="1004" name="store_ln15_store_fu_3651">
<pin_list>
<pin id="3652" dir="0" index="0" bw="64" slack="0"/>
<pin id="3653" dir="0" index="1" bw="64" slack="1"/>
<pin id="3654" dir="1" index="2" bw="0" slack="2147483647"/>
</pin_list>
<bind>
<opcode="store(28) " fcode="store"/>
<opset="store_ln15/2 "/>
</bind>
</comp>

<comp id="3656" class="1004" name="store_ln15_store_fu_3656">
<pin_list>
<pin id="3657" dir="0" index="0" bw="64" slack="0"/>
<pin id="3658" dir="0" index="1" bw="64" slack="1"/>
<pin id="3659" dir="1" index="2" bw="0" slack="2147483647"/>
</pin_list>
<bind>
<opcode="store(28) " fcode="store"/>
<opset="store_ln15/2 "/>
</bind>
</comp>

<comp id="3661" class="1004" name="store_ln15_store_fu_3661">
<pin_list>
<pin id="3662" dir="0" index="0" bw="64" slack="0"/>
<pin id="3663" dir="0" index="1" bw="64" slack="1"/>
<pin id="3664" dir="1" index="2" bw="0" slack="2147483647"/>
</pin_list>
<bind>
<opcode="store(28) " fcode="store"/>
<opset="store_ln15/2 "/>
</bind>
</comp>

<comp id="3666" class="1004" name="store_ln15_store_fu_3666">
<pin_list>
<pin id="3667" dir="0" index="0" bw="64" slack="0"/>
<pin id="3668" dir="0" index="1" bw="64" slack="1"/>
<pin id="3669" dir="1" index="2" bw="0" slack="2147483647"/>
</pin_list>
<bind>
<opcode="store(28) " fcode="store"/>
<opset="store_ln15/2 "/>
</bind>
</comp>

<comp id="3671" class="1004" name="store_ln15_store_fu_3671">
<pin_list>
<pin id="3672" dir="0" index="0" bw="64" slack="0"/>
<pin id="3673" dir="0" index="1" bw="64" slack="1"/>
<pin id="3674" dir="1" index="2" bw="0" slack="2147483647"/>
</pin_list>
<bind>
<opcode="store(28) " fcode="store"/>
<opset="store_ln15/2 "/>
</bind>
</comp>

<comp id="3676" class="1004" name="store_ln15_store_fu_3676">
<pin_list>
<pin id="3677" dir="0" index="0" bw="64" slack="0"/>
<pin id="3678" dir="0" index="1" bw="64" slack="1"/>
<pin id="3679" dir="1" index="2" bw="0" slack="2147483647"/>
</pin_list>
<bind>
<opcode="store(28) " fcode="store"/>
<opset="store_ln15/2 "/>
</bind>
</comp>

<comp id="3681" class="1004" name="store_ln15_store_fu_3681">
<pin_list>
<pin id="3682" dir="0" index="0" bw="64" slack="0"/>
<pin id="3683" dir="0" index="1" bw="64" slack="1"/>
<pin id="3684" dir="1" index="2" bw="0" slack="2147483647"/>
</pin_list>
<bind>
<opcode="store(28) " fcode="store"/>
<opset="store_ln15/2 "/>
</bind>
</comp>

<comp id="3686" class="1004" name="store_ln15_store_fu_3686">
<pin_list>
<pin id="3687" dir="0" index="0" bw="64" slack="0"/>
<pin id="3688" dir="0" index="1" bw="64" slack="1"/>
<pin id="3689" dir="1" index="2" bw="0" slack="2147483647"/>
</pin_list>
<bind>
<opcode="store(28) " fcode="store"/>
<opset="store_ln15/2 "/>
</bind>
</comp>

<comp id="3691" class="1004" name="store_ln15_store_fu_3691">
<pin_list>
<pin id="3692" dir="0" index="0" bw="64" slack="0"/>
<pin id="3693" dir="0" index="1" bw="64" slack="1"/>
<pin id="3694" dir="1" index="2" bw="0" slack="2147483647"/>
</pin_list>
<bind>
<opcode="store(28) " fcode="store"/>
<opset="store_ln15/2 "/>
</bind>
</comp>

<comp id="3696" class="1004" name="store_ln15_store_fu_3696">
<pin_list>
<pin id="3697" dir="0" index="0" bw="64" slack="0"/>
<pin id="3698" dir="0" index="1" bw="64" slack="1"/>
<pin id="3699" dir="1" index="2" bw="0" slack="2147483647"/>
</pin_list>
<bind>
<opcode="store(28) " fcode="store"/>
<opset="store_ln15/2 "/>
</bind>
</comp>

<comp id="3701" class="1004" name="store_ln15_store_fu_3701">
<pin_list>
<pin id="3702" dir="0" index="0" bw="64" slack="0"/>
<pin id="3703" dir="0" index="1" bw="64" slack="1"/>
<pin id="3704" dir="1" index="2" bw="0" slack="2147483647"/>
</pin_list>
<bind>
<opcode="store(28) " fcode="store"/>
<opset="store_ln15/2 "/>
</bind>
</comp>

<comp id="3706" class="1004" name="store_ln15_store_fu_3706">
<pin_list>
<pin id="3707" dir="0" index="0" bw="64" slack="0"/>
<pin id="3708" dir="0" index="1" bw="64" slack="1"/>
<pin id="3709" dir="1" index="2" bw="0" slack="2147483647"/>
</pin_list>
<bind>
<opcode="store(28) " fcode="store"/>
<opset="store_ln15/2 "/>
</bind>
</comp>

<comp id="3711" class="1004" name="store_ln15_store_fu_3711">
<pin_list>
<pin id="3712" dir="0" index="0" bw="64" slack="0"/>
<pin id="3713" dir="0" index="1" bw="64" slack="1"/>
<pin id="3714" dir="1" index="2" bw="0" slack="2147483647"/>
</pin_list>
<bind>
<opcode="store(28) " fcode="store"/>
<opset="store_ln15/2 "/>
</bind>
</comp>

<comp id="3716" class="1004" name="store_ln15_store_fu_3716">
<pin_list>
<pin id="3717" dir="0" index="0" bw="64" slack="0"/>
<pin id="3718" dir="0" index="1" bw="64" slack="1"/>
<pin id="3719" dir="1" index="2" bw="0" slack="2147483647"/>
</pin_list>
<bind>
<opcode="store(28) " fcode="store"/>
<opset="store_ln15/2 "/>
</bind>
</comp>

<comp id="3721" class="1004" name="store_ln15_store_fu_3721">
<pin_list>
<pin id="3722" dir="0" index="0" bw="64" slack="0"/>
<pin id="3723" dir="0" index="1" bw="64" slack="1"/>
<pin id="3724" dir="1" index="2" bw="0" slack="2147483647"/>
</pin_list>
<bind>
<opcode="store(28) " fcode="store"/>
<opset="store_ln15/2 "/>
</bind>
</comp>

<comp id="3726" class="1004" name="store_ln15_store_fu_3726">
<pin_list>
<pin id="3727" dir="0" index="0" bw="64" slack="0"/>
<pin id="3728" dir="0" index="1" bw="64" slack="1"/>
<pin id="3729" dir="1" index="2" bw="0" slack="2147483647"/>
</pin_list>
<bind>
<opcode="store(28) " fcode="store"/>
<opset="store_ln15/2 "/>
</bind>
</comp>

<comp id="3731" class="1004" name="store_ln15_store_fu_3731">
<pin_list>
<pin id="3732" dir="0" index="0" bw="64" slack="0"/>
<pin id="3733" dir="0" index="1" bw="64" slack="1"/>
<pin id="3734" dir="1" index="2" bw="0" slack="2147483647"/>
</pin_list>
<bind>
<opcode="store(28) " fcode="store"/>
<opset="store_ln15/2 "/>
</bind>
</comp>

<comp id="3736" class="1004" name="store_ln15_store_fu_3736">
<pin_list>
<pin id="3737" dir="0" index="0" bw="64" slack="0"/>
<pin id="3738" dir="0" index="1" bw="64" slack="1"/>
<pin id="3739" dir="1" index="2" bw="0" slack="2147483647"/>
</pin_list>
<bind>
<opcode="store(28) " fcode="store"/>
<opset="store_ln15/2 "/>
</bind>
</comp>

<comp id="3741" class="1004" name="store_ln15_store_fu_3741">
<pin_list>
<pin id="3742" dir="0" index="0" bw="64" slack="0"/>
<pin id="3743" dir="0" index="1" bw="64" slack="1"/>
<pin id="3744" dir="1" index="2" bw="0" slack="2147483647"/>
</pin_list>
<bind>
<opcode="store(28) " fcode="store"/>
<opset="store_ln15/2 "/>
</bind>
</comp>

<comp id="3746" class="1004" name="store_ln15_store_fu_3746">
<pin_list>
<pin id="3747" dir="0" index="0" bw="64" slack="0"/>
<pin id="3748" dir="0" index="1" bw="64" slack="1"/>
<pin id="3749" dir="1" index="2" bw="0" slack="2147483647"/>
</pin_list>
<bind>
<opcode="store(28) " fcode="store"/>
<opset="store_ln15/2 "/>
</bind>
</comp>

<comp id="3751" class="1004" name="store_ln15_store_fu_3751">
<pin_list>
<pin id="3752" dir="0" index="0" bw="64" slack="0"/>
<pin id="3753" dir="0" index="1" bw="64" slack="1"/>
<pin id="3754" dir="1" index="2" bw="0" slack="2147483647"/>
</pin_list>
<bind>
<opcode="store(28) " fcode="store"/>
<opset="store_ln15/2 "/>
</bind>
</comp>

<comp id="3756" class="1004" name="store_ln15_store_fu_3756">
<pin_list>
<pin id="3757" dir="0" index="0" bw="64" slack="0"/>
<pin id="3758" dir="0" index="1" bw="64" slack="1"/>
<pin id="3759" dir="1" index="2" bw="0" slack="2147483647"/>
</pin_list>
<bind>
<opcode="store(28) " fcode="store"/>
<opset="store_ln15/2 "/>
</bind>
</comp>

<comp id="3761" class="1004" name="store_ln15_store_fu_3761">
<pin_list>
<pin id="3762" dir="0" index="0" bw="64" slack="0"/>
<pin id="3763" dir="0" index="1" bw="64" slack="1"/>
<pin id="3764" dir="1" index="2" bw="0" slack="2147483647"/>
</pin_list>
<bind>
<opcode="store(28) " fcode="store"/>
<opset="store_ln15/2 "/>
</bind>
</comp>

<comp id="3766" class="1004" name="store_ln15_store_fu_3766">
<pin_list>
<pin id="3767" dir="0" index="0" bw="64" slack="0"/>
<pin id="3768" dir="0" index="1" bw="64" slack="1"/>
<pin id="3769" dir="1" index="2" bw="0" slack="2147483647"/>
</pin_list>
<bind>
<opcode="store(28) " fcode="store"/>
<opset="store_ln15/2 "/>
</bind>
</comp>

<comp id="3771" class="1004" name="store_ln15_store_fu_3771">
<pin_list>
<pin id="3772" dir="0" index="0" bw="64" slack="0"/>
<pin id="3773" dir="0" index="1" bw="64" slack="1"/>
<pin id="3774" dir="1" index="2" bw="0" slack="2147483647"/>
</pin_list>
<bind>
<opcode="store(28) " fcode="store"/>
<opset="store_ln15/2 "/>
</bind>
</comp>

<comp id="3776" class="1004" name="store_ln15_store_fu_3776">
<pin_list>
<pin id="3777" dir="0" index="0" bw="64" slack="0"/>
<pin id="3778" dir="0" index="1" bw="64" slack="1"/>
<pin id="3779" dir="1" index="2" bw="0" slack="2147483647"/>
</pin_list>
<bind>
<opcode="store(28) " fcode="store"/>
<opset="store_ln15/2 "/>
</bind>
</comp>

<comp id="3781" class="1004" name="store_ln15_store_fu_3781">
<pin_list>
<pin id="3782" dir="0" index="0" bw="64" slack="0"/>
<pin id="3783" dir="0" index="1" bw="64" slack="1"/>
<pin id="3784" dir="1" index="2" bw="0" slack="2147483647"/>
</pin_list>
<bind>
<opcode="store(28) " fcode="store"/>
<opset="store_ln15/2 "/>
</bind>
</comp>

<comp id="3786" class="1004" name="store_ln15_store_fu_3786">
<pin_list>
<pin id="3787" dir="0" index="0" bw="64" slack="0"/>
<pin id="3788" dir="0" index="1" bw="64" slack="1"/>
<pin id="3789" dir="1" index="2" bw="0" slack="2147483647"/>
</pin_list>
<bind>
<opcode="store(28) " fcode="store"/>
<opset="store_ln15/2 "/>
</bind>
</comp>

<comp id="3791" class="1004" name="store_ln15_store_fu_3791">
<pin_list>
<pin id="3792" dir="0" index="0" bw="64" slack="0"/>
<pin id="3793" dir="0" index="1" bw="64" slack="1"/>
<pin id="3794" dir="1" index="2" bw="0" slack="2147483647"/>
</pin_list>
<bind>
<opcode="store(28) " fcode="store"/>
<opset="store_ln15/2 "/>
</bind>
</comp>

<comp id="3796" class="1004" name="store_ln15_store_fu_3796">
<pin_list>
<pin id="3797" dir="0" index="0" bw="64" slack="0"/>
<pin id="3798" dir="0" index="1" bw="64" slack="1"/>
<pin id="3799" dir="1" index="2" bw="0" slack="2147483647"/>
</pin_list>
<bind>
<opcode="store(28) " fcode="store"/>
<opset="store_ln15/2 "/>
</bind>
</comp>

<comp id="3801" class="1004" name="store_ln15_store_fu_3801">
<pin_list>
<pin id="3802" dir="0" index="0" bw="64" slack="0"/>
<pin id="3803" dir="0" index="1" bw="64" slack="1"/>
<pin id="3804" dir="1" index="2" bw="0" slack="2147483647"/>
</pin_list>
<bind>
<opcode="store(28) " fcode="store"/>
<opset="store_ln15/2 "/>
</bind>
</comp>

<comp id="3806" class="1004" name="store_ln15_store_fu_3806">
<pin_list>
<pin id="3807" dir="0" index="0" bw="64" slack="0"/>
<pin id="3808" dir="0" index="1" bw="64" slack="1"/>
<pin id="3809" dir="1" index="2" bw="0" slack="2147483647"/>
</pin_list>
<bind>
<opcode="store(28) " fcode="store"/>
<opset="store_ln15/2 "/>
</bind>
</comp>

<comp id="3811" class="1004" name="store_ln15_store_fu_3811">
<pin_list>
<pin id="3812" dir="0" index="0" bw="64" slack="0"/>
<pin id="3813" dir="0" index="1" bw="64" slack="1"/>
<pin id="3814" dir="1" index="2" bw="0" slack="2147483647"/>
</pin_list>
<bind>
<opcode="store(28) " fcode="store"/>
<opset="store_ln15/2 "/>
</bind>
</comp>

<comp id="3816" class="1004" name="store_ln15_store_fu_3816">
<pin_list>
<pin id="3817" dir="0" index="0" bw="64" slack="0"/>
<pin id="3818" dir="0" index="1" bw="64" slack="1"/>
<pin id="3819" dir="1" index="2" bw="0" slack="2147483647"/>
</pin_list>
<bind>
<opcode="store(28) " fcode="store"/>
<opset="store_ln15/2 "/>
</bind>
</comp>

<comp id="3821" class="1004" name="store_ln15_store_fu_3821">
<pin_list>
<pin id="3822" dir="0" index="0" bw="64" slack="0"/>
<pin id="3823" dir="0" index="1" bw="64" slack="1"/>
<pin id="3824" dir="1" index="2" bw="0" slack="2147483647"/>
</pin_list>
<bind>
<opcode="store(28) " fcode="store"/>
<opset="store_ln15/2 "/>
</bind>
</comp>

<comp id="3826" class="1004" name="store_ln15_store_fu_3826">
<pin_list>
<pin id="3827" dir="0" index="0" bw="64" slack="0"/>
<pin id="3828" dir="0" index="1" bw="64" slack="1"/>
<pin id="3829" dir="1" index="2" bw="0" slack="2147483647"/>
</pin_list>
<bind>
<opcode="store(28) " fcode="store"/>
<opset="store_ln15/2 "/>
</bind>
</comp>

<comp id="3831" class="1004" name="store_ln15_store_fu_3831">
<pin_list>
<pin id="3832" dir="0" index="0" bw="64" slack="0"/>
<pin id="3833" dir="0" index="1" bw="64" slack="1"/>
<pin id="3834" dir="1" index="2" bw="0" slack="2147483647"/>
</pin_list>
<bind>
<opcode="store(28) " fcode="store"/>
<opset="store_ln15/2 "/>
</bind>
</comp>

<comp id="3836" class="1004" name="store_ln15_store_fu_3836">
<pin_list>
<pin id="3837" dir="0" index="0" bw="64" slack="0"/>
<pin id="3838" dir="0" index="1" bw="64" slack="1"/>
<pin id="3839" dir="1" index="2" bw="0" slack="2147483647"/>
</pin_list>
<bind>
<opcode="store(28) " fcode="store"/>
<opset="store_ln15/2 "/>
</bind>
</comp>

<comp id="3841" class="1004" name="store_ln15_store_fu_3841">
<pin_list>
<pin id="3842" dir="0" index="0" bw="64" slack="0"/>
<pin id="3843" dir="0" index="1" bw="64" slack="1"/>
<pin id="3844" dir="1" index="2" bw="0" slack="2147483647"/>
</pin_list>
<bind>
<opcode="store(28) " fcode="store"/>
<opset="store_ln15/2 "/>
</bind>
</comp>

<comp id="3846" class="1004" name="store_ln15_store_fu_3846">
<pin_list>
<pin id="3847" dir="0" index="0" bw="64" slack="0"/>
<pin id="3848" dir="0" index="1" bw="64" slack="1"/>
<pin id="3849" dir="1" index="2" bw="0" slack="2147483647"/>
</pin_list>
<bind>
<opcode="store(28) " fcode="store"/>
<opset="store_ln15/2 "/>
</bind>
</comp>

<comp id="3851" class="1004" name="store_ln15_store_fu_3851">
<pin_list>
<pin id="3852" dir="0" index="0" bw="64" slack="0"/>
<pin id="3853" dir="0" index="1" bw="64" slack="1"/>
<pin id="3854" dir="1" index="2" bw="0" slack="2147483647"/>
</pin_list>
<bind>
<opcode="store(28) " fcode="store"/>
<opset="store_ln15/2 "/>
</bind>
</comp>

<comp id="3856" class="1004" name="store_ln15_store_fu_3856">
<pin_list>
<pin id="3857" dir="0" index="0" bw="64" slack="0"/>
<pin id="3858" dir="0" index="1" bw="64" slack="1"/>
<pin id="3859" dir="1" index="2" bw="0" slack="2147483647"/>
</pin_list>
<bind>
<opcode="store(28) " fcode="store"/>
<opset="store_ln15/2 "/>
</bind>
</comp>

<comp id="3861" class="1004" name="store_ln15_store_fu_3861">
<pin_list>
<pin id="3862" dir="0" index="0" bw="64" slack="0"/>
<pin id="3863" dir="0" index="1" bw="64" slack="1"/>
<pin id="3864" dir="1" index="2" bw="0" slack="2147483647"/>
</pin_list>
<bind>
<opcode="store(28) " fcode="store"/>
<opset="store_ln15/2 "/>
</bind>
</comp>

<comp id="3866" class="1004" name="store_ln15_store_fu_3866">
<pin_list>
<pin id="3867" dir="0" index="0" bw="64" slack="0"/>
<pin id="3868" dir="0" index="1" bw="64" slack="1"/>
<pin id="3869" dir="1" index="2" bw="0" slack="2147483647"/>
</pin_list>
<bind>
<opcode="store(28) " fcode="store"/>
<opset="store_ln15/2 "/>
</bind>
</comp>

<comp id="3871" class="1004" name="store_ln15_store_fu_3871">
<pin_list>
<pin id="3872" dir="0" index="0" bw="64" slack="0"/>
<pin id="3873" dir="0" index="1" bw="64" slack="1"/>
<pin id="3874" dir="1" index="2" bw="0" slack="2147483647"/>
</pin_list>
<bind>
<opcode="store(28) " fcode="store"/>
<opset="store_ln15/2 "/>
</bind>
</comp>

<comp id="3876" class="1004" name="store_ln15_store_fu_3876">
<pin_list>
<pin id="3877" dir="0" index="0" bw="64" slack="0"/>
<pin id="3878" dir="0" index="1" bw="64" slack="1"/>
<pin id="3879" dir="1" index="2" bw="0" slack="2147483647"/>
</pin_list>
<bind>
<opcode="store(28) " fcode="store"/>
<opset="store_ln15/2 "/>
</bind>
</comp>

<comp id="3881" class="1004" name="store_ln15_store_fu_3881">
<pin_list>
<pin id="3882" dir="0" index="0" bw="64" slack="0"/>
<pin id="3883" dir="0" index="1" bw="64" slack="1"/>
<pin id="3884" dir="1" index="2" bw="0" slack="2147483647"/>
</pin_list>
<bind>
<opcode="store(28) " fcode="store"/>
<opset="store_ln15/2 "/>
</bind>
</comp>

<comp id="3886" class="1004" name="store_ln15_store_fu_3886">
<pin_list>
<pin id="3887" dir="0" index="0" bw="64" slack="0"/>
<pin id="3888" dir="0" index="1" bw="64" slack="1"/>
<pin id="3889" dir="1" index="2" bw="0" slack="2147483647"/>
</pin_list>
<bind>
<opcode="store(28) " fcode="store"/>
<opset="store_ln15/2 "/>
</bind>
</comp>

<comp id="3891" class="1004" name="store_ln15_store_fu_3891">
<pin_list>
<pin id="3892" dir="0" index="0" bw="64" slack="0"/>
<pin id="3893" dir="0" index="1" bw="64" slack="1"/>
<pin id="3894" dir="1" index="2" bw="0" slack="2147483647"/>
</pin_list>
<bind>
<opcode="store(28) " fcode="store"/>
<opset="store_ln15/2 "/>
</bind>
</comp>

<comp id="3896" class="1004" name="store_ln15_store_fu_3896">
<pin_list>
<pin id="3897" dir="0" index="0" bw="64" slack="0"/>
<pin id="3898" dir="0" index="1" bw="64" slack="1"/>
<pin id="3899" dir="1" index="2" bw="0" slack="2147483647"/>
</pin_list>
<bind>
<opcode="store(28) " fcode="store"/>
<opset="store_ln15/2 "/>
</bind>
</comp>

<comp id="3901" class="1004" name="store_ln15_store_fu_3901">
<pin_list>
<pin id="3902" dir="0" index="0" bw="64" slack="0"/>
<pin id="3903" dir="0" index="1" bw="64" slack="1"/>
<pin id="3904" dir="1" index="2" bw="0" slack="2147483647"/>
</pin_list>
<bind>
<opcode="store(28) " fcode="store"/>
<opset="store_ln15/2 "/>
</bind>
</comp>

<comp id="3906" class="1004" name="store_ln15_store_fu_3906">
<pin_list>
<pin id="3907" dir="0" index="0" bw="64" slack="0"/>
<pin id="3908" dir="0" index="1" bw="64" slack="1"/>
<pin id="3909" dir="1" index="2" bw="0" slack="2147483647"/>
</pin_list>
<bind>
<opcode="store(28) " fcode="store"/>
<opset="store_ln15/2 "/>
</bind>
</comp>

<comp id="3911" class="1004" name="mux_case_0111_load_load_fu_3911">
<pin_list>
<pin id="3912" dir="0" index="0" bw="64" slack="0"/>
<pin id="3913" dir="1" index="1" bw="64" slack="0"/>
</pin_list>
<bind>
<opcode="load(27) " fcode="load"/>
<opset="mux_case_0111_load/1 "/>
</bind>
</comp>

<comp id="3915" class="1004" name="mux_case_1115_load_load_fu_3915">
<pin_list>
<pin id="3916" dir="0" index="0" bw="64" slack="0"/>
<pin id="3917" dir="1" index="1" bw="64" slack="0"/>
</pin_list>
<bind>
<opcode="load(27) " fcode="load"/>
<opset="mux_case_1115_load/1 "/>
</bind>
</comp>

<comp id="3919" class="1004" name="mux_case_2119_load_load_fu_3919">
<pin_list>
<pin id="3920" dir="0" index="0" bw="64" slack="0"/>
<pin id="3921" dir="1" index="1" bw="64" slack="0"/>
</pin_list>
<bind>
<opcode="load(27) " fcode="load"/>
<opset="mux_case_2119_load/1 "/>
</bind>
</comp>

<comp id="3923" class="1004" name="mux_case_3123_load_load_fu_3923">
<pin_list>
<pin id="3924" dir="0" index="0" bw="64" slack="0"/>
<pin id="3925" dir="1" index="1" bw="64" slack="0"/>
</pin_list>
<bind>
<opcode="load(27) " fcode="load"/>
<opset="mux_case_3123_load/1 "/>
</bind>
</comp>

<comp id="3927" class="1004" name="mux_case_4127_load_load_fu_3927">
<pin_list>
<pin id="3928" dir="0" index="0" bw="64" slack="0"/>
<pin id="3929" dir="1" index="1" bw="64" slack="0"/>
</pin_list>
<bind>
<opcode="load(27) " fcode="load"/>
<opset="mux_case_4127_load/1 "/>
</bind>
</comp>

<comp id="3931" class="1004" name="mux_case_5131_load_load_fu_3931">
<pin_list>
<pin id="3932" dir="0" index="0" bw="64" slack="0"/>
<pin id="3933" dir="1" index="1" bw="64" slack="0"/>
</pin_list>
<bind>
<opcode="load(27) " fcode="load"/>
<opset="mux_case_5131_load/1 "/>
</bind>
</comp>

<comp id="3935" class="1004" name="mux_case_6135_load_load_fu_3935">
<pin_list>
<pin id="3936" dir="0" index="0" bw="64" slack="0"/>
<pin id="3937" dir="1" index="1" bw="64" slack="0"/>
</pin_list>
<bind>
<opcode="load(27) " fcode="load"/>
<opset="mux_case_6135_load/1 "/>
</bind>
</comp>

<comp id="3939" class="1004" name="mux_case_7139_load_load_fu_3939">
<pin_list>
<pin id="3940" dir="0" index="0" bw="64" slack="0"/>
<pin id="3941" dir="1" index="1" bw="64" slack="0"/>
</pin_list>
<bind>
<opcode="load(27) " fcode="load"/>
<opset="mux_case_7139_load/1 "/>
</bind>
</comp>

<comp id="3943" class="1004" name="mux_case_8143_load_load_fu_3943">
<pin_list>
<pin id="3944" dir="0" index="0" bw="64" slack="0"/>
<pin id="3945" dir="1" index="1" bw="64" slack="0"/>
</pin_list>
<bind>
<opcode="load(27) " fcode="load"/>
<opset="mux_case_8143_load/1 "/>
</bind>
</comp>

<comp id="3947" class="1004" name="mux_case_9147_load_load_fu_3947">
<pin_list>
<pin id="3948" dir="0" index="0" bw="64" slack="0"/>
<pin id="3949" dir="1" index="1" bw="64" slack="0"/>
</pin_list>
<bind>
<opcode="load(27) " fcode="load"/>
<opset="mux_case_9147_load/1 "/>
</bind>
</comp>

<comp id="3951" class="1004" name="mux_case_10151_load_load_fu_3951">
<pin_list>
<pin id="3952" dir="0" index="0" bw="64" slack="0"/>
<pin id="3953" dir="1" index="1" bw="64" slack="0"/>
</pin_list>
<bind>
<opcode="load(27) " fcode="load"/>
<opset="mux_case_10151_load/1 "/>
</bind>
</comp>

<comp id="3955" class="1004" name="mux_case_11155_load_load_fu_3955">
<pin_list>
<pin id="3956" dir="0" index="0" bw="64" slack="0"/>
<pin id="3957" dir="1" index="1" bw="64" slack="0"/>
</pin_list>
<bind>
<opcode="load(27) " fcode="load"/>
<opset="mux_case_11155_load/1 "/>
</bind>
</comp>

<comp id="3959" class="1004" name="mux_case_12159_load_load_fu_3959">
<pin_list>
<pin id="3960" dir="0" index="0" bw="64" slack="0"/>
<pin id="3961" dir="1" index="1" bw="64" slack="0"/>
</pin_list>
<bind>
<opcode="load(27) " fcode="load"/>
<opset="mux_case_12159_load/1 "/>
</bind>
</comp>

<comp id="3963" class="1004" name="mux_case_13163_load_load_fu_3963">
<pin_list>
<pin id="3964" dir="0" index="0" bw="64" slack="0"/>
<pin id="3965" dir="1" index="1" bw="64" slack="0"/>
</pin_list>
<bind>
<opcode="load(27) " fcode="load"/>
<opset="mux_case_13163_load/1 "/>
</bind>
</comp>

<comp id="3967" class="1004" name="mux_case_14167_load_load_fu_3967">
<pin_list>
<pin id="3968" dir="0" index="0" bw="64" slack="0"/>
<pin id="3969" dir="1" index="1" bw="64" slack="0"/>
</pin_list>
<bind>
<opcode="load(27) " fcode="load"/>
<opset="mux_case_14167_load/1 "/>
</bind>
</comp>

<comp id="3971" class="1004" name="mux_case_15171_load_load_fu_3971">
<pin_list>
<pin id="3972" dir="0" index="0" bw="64" slack="0"/>
<pin id="3973" dir="1" index="1" bw="64" slack="0"/>
</pin_list>
<bind>
<opcode="load(27) " fcode="load"/>
<opset="mux_case_15171_load/1 "/>
</bind>
</comp>

<comp id="3975" class="1004" name="mux_case_16175_load_load_fu_3975">
<pin_list>
<pin id="3976" dir="0" index="0" bw="64" slack="0"/>
<pin id="3977" dir="1" index="1" bw="64" slack="0"/>
</pin_list>
<bind>
<opcode="load(27) " fcode="load"/>
<opset="mux_case_16175_load/1 "/>
</bind>
</comp>

<comp id="3979" class="1004" name="mux_case_17179_load_load_fu_3979">
<pin_list>
<pin id="3980" dir="0" index="0" bw="64" slack="0"/>
<pin id="3981" dir="1" index="1" bw="64" slack="0"/>
</pin_list>
<bind>
<opcode="load(27) " fcode="load"/>
<opset="mux_case_17179_load/1 "/>
</bind>
</comp>

<comp id="3983" class="1004" name="mux_case_18183_load_load_fu_3983">
<pin_list>
<pin id="3984" dir="0" index="0" bw="64" slack="0"/>
<pin id="3985" dir="1" index="1" bw="64" slack="0"/>
</pin_list>
<bind>
<opcode="load(27) " fcode="load"/>
<opset="mux_case_18183_load/1 "/>
</bind>
</comp>

<comp id="3987" class="1004" name="mux_case_19187_load_load_fu_3987">
<pin_list>
<pin id="3988" dir="0" index="0" bw="64" slack="0"/>
<pin id="3989" dir="1" index="1" bw="64" slack="0"/>
</pin_list>
<bind>
<opcode="load(27) " fcode="load"/>
<opset="mux_case_19187_load/1 "/>
</bind>
</comp>

<comp id="3991" class="1004" name="mux_case_20191_load_load_fu_3991">
<pin_list>
<pin id="3992" dir="0" index="0" bw="64" slack="0"/>
<pin id="3993" dir="1" index="1" bw="64" slack="0"/>
</pin_list>
<bind>
<opcode="load(27) " fcode="load"/>
<opset="mux_case_20191_load/1 "/>
</bind>
</comp>

<comp id="3995" class="1004" name="mux_case_21195_load_load_fu_3995">
<pin_list>
<pin id="3996" dir="0" index="0" bw="64" slack="0"/>
<pin id="3997" dir="1" index="1" bw="64" slack="0"/>
</pin_list>
<bind>
<opcode="load(27) " fcode="load"/>
<opset="mux_case_21195_load/1 "/>
</bind>
</comp>

<comp id="3999" class="1004" name="mux_case_22199_load_load_fu_3999">
<pin_list>
<pin id="4000" dir="0" index="0" bw="64" slack="0"/>
<pin id="4001" dir="1" index="1" bw="64" slack="0"/>
</pin_list>
<bind>
<opcode="load(27) " fcode="load"/>
<opset="mux_case_22199_load/1 "/>
</bind>
</comp>

<comp id="4003" class="1004" name="mux_case_23203_load_load_fu_4003">
<pin_list>
<pin id="4004" dir="0" index="0" bw="64" slack="0"/>
<pin id="4005" dir="1" index="1" bw="64" slack="0"/>
</pin_list>
<bind>
<opcode="load(27) " fcode="load"/>
<opset="mux_case_23203_load/1 "/>
</bind>
</comp>

<comp id="4007" class="1004" name="mux_case_24207_load_load_fu_4007">
<pin_list>
<pin id="4008" dir="0" index="0" bw="64" slack="0"/>
<pin id="4009" dir="1" index="1" bw="64" slack="0"/>
</pin_list>
<bind>
<opcode="load(27) " fcode="load"/>
<opset="mux_case_24207_load/1 "/>
</bind>
</comp>

<comp id="4011" class="1004" name="mux_case_25211_load_load_fu_4011">
<pin_list>
<pin id="4012" dir="0" index="0" bw="64" slack="0"/>
<pin id="4013" dir="1" index="1" bw="64" slack="0"/>
</pin_list>
<bind>
<opcode="load(27) " fcode="load"/>
<opset="mux_case_25211_load/1 "/>
</bind>
</comp>

<comp id="4015" class="1004" name="mux_case_26215_load_load_fu_4015">
<pin_list>
<pin id="4016" dir="0" index="0" bw="64" slack="0"/>
<pin id="4017" dir="1" index="1" bw="64" slack="0"/>
</pin_list>
<bind>
<opcode="load(27) " fcode="load"/>
<opset="mux_case_26215_load/1 "/>
</bind>
</comp>

<comp id="4019" class="1004" name="mux_case_27219_load_load_fu_4019">
<pin_list>
<pin id="4020" dir="0" index="0" bw="64" slack="0"/>
<pin id="4021" dir="1" index="1" bw="64" slack="0"/>
</pin_list>
<bind>
<opcode="load(27) " fcode="load"/>
<opset="mux_case_27219_load/1 "/>
</bind>
</comp>

<comp id="4023" class="1004" name="mux_case_28223_load_load_fu_4023">
<pin_list>
<pin id="4024" dir="0" index="0" bw="64" slack="0"/>
<pin id="4025" dir="1" index="1" bw="64" slack="0"/>
</pin_list>
<bind>
<opcode="load(27) " fcode="load"/>
<opset="mux_case_28223_load/1 "/>
</bind>
</comp>

<comp id="4027" class="1004" name="mux_case_29227_load_load_fu_4027">
<pin_list>
<pin id="4028" dir="0" index="0" bw="64" slack="0"/>
<pin id="4029" dir="1" index="1" bw="64" slack="0"/>
</pin_list>
<bind>
<opcode="load(27) " fcode="load"/>
<opset="mux_case_29227_load/1 "/>
</bind>
</comp>

<comp id="4031" class="1004" name="mux_case_30231_load_load_fu_4031">
<pin_list>
<pin id="4032" dir="0" index="0" bw="64" slack="0"/>
<pin id="4033" dir="1" index="1" bw="64" slack="0"/>
</pin_list>
<bind>
<opcode="load(27) " fcode="load"/>
<opset="mux_case_30231_load/1 "/>
</bind>
</comp>

<comp id="4035" class="1004" name="mux_case_31235_load_load_fu_4035">
<pin_list>
<pin id="4036" dir="0" index="0" bw="64" slack="0"/>
<pin id="4037" dir="1" index="1" bw="64" slack="0"/>
</pin_list>
<bind>
<opcode="load(27) " fcode="load"/>
<opset="mux_case_31235_load/1 "/>
</bind>
</comp>

<comp id="4039" class="1004" name="mux_case_32239_load_load_fu_4039">
<pin_list>
<pin id="4040" dir="0" index="0" bw="64" slack="0"/>
<pin id="4041" dir="1" index="1" bw="64" slack="0"/>
</pin_list>
<bind>
<opcode="load(27) " fcode="load"/>
<opset="mux_case_32239_load/1 "/>
</bind>
</comp>

<comp id="4043" class="1004" name="mux_case_33243_load_load_fu_4043">
<pin_list>
<pin id="4044" dir="0" index="0" bw="64" slack="0"/>
<pin id="4045" dir="1" index="1" bw="64" slack="0"/>
</pin_list>
<bind>
<opcode="load(27) " fcode="load"/>
<opset="mux_case_33243_load/1 "/>
</bind>
</comp>

<comp id="4047" class="1004" name="mux_case_34247_load_load_fu_4047">
<pin_list>
<pin id="4048" dir="0" index="0" bw="64" slack="0"/>
<pin id="4049" dir="1" index="1" bw="64" slack="0"/>
</pin_list>
<bind>
<opcode="load(27) " fcode="load"/>
<opset="mux_case_34247_load/1 "/>
</bind>
</comp>

<comp id="4051" class="1004" name="mux_case_35251_load_load_fu_4051">
<pin_list>
<pin id="4052" dir="0" index="0" bw="64" slack="0"/>
<pin id="4053" dir="1" index="1" bw="64" slack="0"/>
</pin_list>
<bind>
<opcode="load(27) " fcode="load"/>
<opset="mux_case_35251_load/1 "/>
</bind>
</comp>

<comp id="4055" class="1004" name="mux_case_36255_load_load_fu_4055">
<pin_list>
<pin id="4056" dir="0" index="0" bw="64" slack="0"/>
<pin id="4057" dir="1" index="1" bw="64" slack="0"/>
</pin_list>
<bind>
<opcode="load(27) " fcode="load"/>
<opset="mux_case_36255_load/1 "/>
</bind>
</comp>

<comp id="4059" class="1004" name="mux_case_37259_load_load_fu_4059">
<pin_list>
<pin id="4060" dir="0" index="0" bw="64" slack="0"/>
<pin id="4061" dir="1" index="1" bw="64" slack="0"/>
</pin_list>
<bind>
<opcode="load(27) " fcode="load"/>
<opset="mux_case_37259_load/1 "/>
</bind>
</comp>

<comp id="4063" class="1004" name="mux_case_38263_load_load_fu_4063">
<pin_list>
<pin id="4064" dir="0" index="0" bw="64" slack="0"/>
<pin id="4065" dir="1" index="1" bw="64" slack="0"/>
</pin_list>
<bind>
<opcode="load(27) " fcode="load"/>
<opset="mux_case_38263_load/1 "/>
</bind>
</comp>

<comp id="4067" class="1004" name="mux_case_39267_load_load_fu_4067">
<pin_list>
<pin id="4068" dir="0" index="0" bw="64" slack="0"/>
<pin id="4069" dir="1" index="1" bw="64" slack="0"/>
</pin_list>
<bind>
<opcode="load(27) " fcode="load"/>
<opset="mux_case_39267_load/1 "/>
</bind>
</comp>

<comp id="4071" class="1004" name="mux_case_40271_load_load_fu_4071">
<pin_list>
<pin id="4072" dir="0" index="0" bw="64" slack="0"/>
<pin id="4073" dir="1" index="1" bw="64" slack="0"/>
</pin_list>
<bind>
<opcode="load(27) " fcode="load"/>
<opset="mux_case_40271_load/1 "/>
</bind>
</comp>

<comp id="4075" class="1004" name="mux_case_41275_load_load_fu_4075">
<pin_list>
<pin id="4076" dir="0" index="0" bw="64" slack="0"/>
<pin id="4077" dir="1" index="1" bw="64" slack="0"/>
</pin_list>
<bind>
<opcode="load(27) " fcode="load"/>
<opset="mux_case_41275_load/1 "/>
</bind>
</comp>

<comp id="4079" class="1004" name="mux_case_42279_load_load_fu_4079">
<pin_list>
<pin id="4080" dir="0" index="0" bw="64" slack="0"/>
<pin id="4081" dir="1" index="1" bw="64" slack="0"/>
</pin_list>
<bind>
<opcode="load(27) " fcode="load"/>
<opset="mux_case_42279_load/1 "/>
</bind>
</comp>

<comp id="4083" class="1004" name="mux_case_43283_load_load_fu_4083">
<pin_list>
<pin id="4084" dir="0" index="0" bw="64" slack="0"/>
<pin id="4085" dir="1" index="1" bw="64" slack="0"/>
</pin_list>
<bind>
<opcode="load(27) " fcode="load"/>
<opset="mux_case_43283_load/1 "/>
</bind>
</comp>

<comp id="4087" class="1004" name="mux_case_44287_load_load_fu_4087">
<pin_list>
<pin id="4088" dir="0" index="0" bw="64" slack="0"/>
<pin id="4089" dir="1" index="1" bw="64" slack="0"/>
</pin_list>
<bind>
<opcode="load(27) " fcode="load"/>
<opset="mux_case_44287_load/1 "/>
</bind>
</comp>

<comp id="4091" class="1004" name="mux_case_45291_load_load_fu_4091">
<pin_list>
<pin id="4092" dir="0" index="0" bw="64" slack="0"/>
<pin id="4093" dir="1" index="1" bw="64" slack="0"/>
</pin_list>
<bind>
<opcode="load(27) " fcode="load"/>
<opset="mux_case_45291_load/1 "/>
</bind>
</comp>

<comp id="4095" class="1004" name="mux_case_46295_load_load_fu_4095">
<pin_list>
<pin id="4096" dir="0" index="0" bw="64" slack="0"/>
<pin id="4097" dir="1" index="1" bw="64" slack="0"/>
</pin_list>
<bind>
<opcode="load(27) " fcode="load"/>
<opset="mux_case_46295_load/1 "/>
</bind>
</comp>

<comp id="4099" class="1004" name="mux_case_47299_load_load_fu_4099">
<pin_list>
<pin id="4100" dir="0" index="0" bw="64" slack="0"/>
<pin id="4101" dir="1" index="1" bw="64" slack="0"/>
</pin_list>
<bind>
<opcode="load(27) " fcode="load"/>
<opset="mux_case_47299_load/1 "/>
</bind>
</comp>

<comp id="4103" class="1004" name="mux_case_48303_load_load_fu_4103">
<pin_list>
<pin id="4104" dir="0" index="0" bw="64" slack="0"/>
<pin id="4105" dir="1" index="1" bw="64" slack="0"/>
</pin_list>
<bind>
<opcode="load(27) " fcode="load"/>
<opset="mux_case_48303_load/1 "/>
</bind>
</comp>

<comp id="4107" class="1004" name="mux_case_49307_load_load_fu_4107">
<pin_list>
<pin id="4108" dir="0" index="0" bw="64" slack="0"/>
<pin id="4109" dir="1" index="1" bw="64" slack="0"/>
</pin_list>
<bind>
<opcode="load(27) " fcode="load"/>
<opset="mux_case_49307_load/1 "/>
</bind>
</comp>

<comp id="4111" class="1004" name="mux_case_50311_load_load_fu_4111">
<pin_list>
<pin id="4112" dir="0" index="0" bw="64" slack="0"/>
<pin id="4113" dir="1" index="1" bw="64" slack="0"/>
</pin_list>
<bind>
<opcode="load(27) " fcode="load"/>
<opset="mux_case_50311_load/1 "/>
</bind>
</comp>

<comp id="4115" class="1004" name="mux_case_51315_load_load_fu_4115">
<pin_list>
<pin id="4116" dir="0" index="0" bw="64" slack="0"/>
<pin id="4117" dir="1" index="1" bw="64" slack="0"/>
</pin_list>
<bind>
<opcode="load(27) " fcode="load"/>
<opset="mux_case_51315_load/1 "/>
</bind>
</comp>

<comp id="4119" class="1004" name="mux_case_52319_load_load_fu_4119">
<pin_list>
<pin id="4120" dir="0" index="0" bw="64" slack="0"/>
<pin id="4121" dir="1" index="1" bw="64" slack="0"/>
</pin_list>
<bind>
<opcode="load(27) " fcode="load"/>
<opset="mux_case_52319_load/1 "/>
</bind>
</comp>

<comp id="4123" class="1004" name="mux_case_53323_load_load_fu_4123">
<pin_list>
<pin id="4124" dir="0" index="0" bw="64" slack="0"/>
<pin id="4125" dir="1" index="1" bw="64" slack="0"/>
</pin_list>
<bind>
<opcode="load(27) " fcode="load"/>
<opset="mux_case_53323_load/1 "/>
</bind>
</comp>

<comp id="4127" class="1004" name="mux_case_54327_load_load_fu_4127">
<pin_list>
<pin id="4128" dir="0" index="0" bw="64" slack="0"/>
<pin id="4129" dir="1" index="1" bw="64" slack="0"/>
</pin_list>
<bind>
<opcode="load(27) " fcode="load"/>
<opset="mux_case_54327_load/1 "/>
</bind>
</comp>

<comp id="4131" class="1004" name="mux_case_55331_load_load_fu_4131">
<pin_list>
<pin id="4132" dir="0" index="0" bw="64" slack="0"/>
<pin id="4133" dir="1" index="1" bw="64" slack="0"/>
</pin_list>
<bind>
<opcode="load(27) " fcode="load"/>
<opset="mux_case_55331_load/1 "/>
</bind>
</comp>

<comp id="4135" class="1004" name="mux_case_56335_load_load_fu_4135">
<pin_list>
<pin id="4136" dir="0" index="0" bw="64" slack="0"/>
<pin id="4137" dir="1" index="1" bw="64" slack="0"/>
</pin_list>
<bind>
<opcode="load(27) " fcode="load"/>
<opset="mux_case_56335_load/1 "/>
</bind>
</comp>

<comp id="4139" class="1004" name="mux_case_57339_load_load_fu_4139">
<pin_list>
<pin id="4140" dir="0" index="0" bw="64" slack="0"/>
<pin id="4141" dir="1" index="1" bw="64" slack="0"/>
</pin_list>
<bind>
<opcode="load(27) " fcode="load"/>
<opset="mux_case_57339_load/1 "/>
</bind>
</comp>

<comp id="4143" class="1004" name="mux_case_58343_load_load_fu_4143">
<pin_list>
<pin id="4144" dir="0" index="0" bw="64" slack="0"/>
<pin id="4145" dir="1" index="1" bw="64" slack="0"/>
</pin_list>
<bind>
<opcode="load(27) " fcode="load"/>
<opset="mux_case_58343_load/1 "/>
</bind>
</comp>

<comp id="4147" class="1004" name="mux_case_59347_load_load_fu_4147">
<pin_list>
<pin id="4148" dir="0" index="0" bw="64" slack="0"/>
<pin id="4149" dir="1" index="1" bw="64" slack="0"/>
</pin_list>
<bind>
<opcode="load(27) " fcode="load"/>
<opset="mux_case_59347_load/1 "/>
</bind>
</comp>

<comp id="4151" class="1004" name="mux_case_60351_load_load_fu_4151">
<pin_list>
<pin id="4152" dir="0" index="0" bw="64" slack="0"/>
<pin id="4153" dir="1" index="1" bw="64" slack="0"/>
</pin_list>
<bind>
<opcode="load(27) " fcode="load"/>
<opset="mux_case_60351_load/1 "/>
</bind>
</comp>

<comp id="4155" class="1004" name="mux_case_61355_load_load_fu_4155">
<pin_list>
<pin id="4156" dir="0" index="0" bw="64" slack="0"/>
<pin id="4157" dir="1" index="1" bw="64" slack="0"/>
</pin_list>
<bind>
<opcode="load(27) " fcode="load"/>
<opset="mux_case_61355_load/1 "/>
</bind>
</comp>

<comp id="4159" class="1004" name="mux_case_62359_load_load_fu_4159">
<pin_list>
<pin id="4160" dir="0" index="0" bw="64" slack="0"/>
<pin id="4161" dir="1" index="1" bw="64" slack="0"/>
</pin_list>
<bind>
<opcode="load(27) " fcode="load"/>
<opset="mux_case_62359_load/1 "/>
</bind>
</comp>

<comp id="4163" class="1004" name="mux_case_63363_load_load_fu_4163">
<pin_list>
<pin id="4164" dir="0" index="0" bw="64" slack="0"/>
<pin id="4165" dir="1" index="1" bw="64" slack="0"/>
</pin_list>
<bind>
<opcode="load(27) " fcode="load"/>
<opset="mux_case_63363_load/1 "/>
</bind>
</comp>

<comp id="4167" class="1004" name="mux_case_64367_load_load_fu_4167">
<pin_list>
<pin id="4168" dir="0" index="0" bw="64" slack="0"/>
<pin id="4169" dir="1" index="1" bw="64" slack="0"/>
</pin_list>
<bind>
<opcode="load(27) " fcode="load"/>
<opset="mux_case_64367_load/1 "/>
</bind>
</comp>

<comp id="4171" class="1004" name="mux_case_65371_load_load_fu_4171">
<pin_list>
<pin id="4172" dir="0" index="0" bw="64" slack="0"/>
<pin id="4173" dir="1" index="1" bw="64" slack="0"/>
</pin_list>
<bind>
<opcode="load(27) " fcode="load"/>
<opset="mux_case_65371_load/1 "/>
</bind>
</comp>

<comp id="4175" class="1004" name="mux_case_66375_load_load_fu_4175">
<pin_list>
<pin id="4176" dir="0" index="0" bw="64" slack="0"/>
<pin id="4177" dir="1" index="1" bw="64" slack="0"/>
</pin_list>
<bind>
<opcode="load(27) " fcode="load"/>
<opset="mux_case_66375_load/1 "/>
</bind>
</comp>

<comp id="4179" class="1004" name="mux_case_67379_load_load_fu_4179">
<pin_list>
<pin id="4180" dir="0" index="0" bw="64" slack="0"/>
<pin id="4181" dir="1" index="1" bw="64" slack="0"/>
</pin_list>
<bind>
<opcode="load(27) " fcode="load"/>
<opset="mux_case_67379_load/1 "/>
</bind>
</comp>

<comp id="4183" class="1004" name="mux_case_68383_load_load_fu_4183">
<pin_list>
<pin id="4184" dir="0" index="0" bw="64" slack="0"/>
<pin id="4185" dir="1" index="1" bw="64" slack="0"/>
</pin_list>
<bind>
<opcode="load(27) " fcode="load"/>
<opset="mux_case_68383_load/1 "/>
</bind>
</comp>

<comp id="4187" class="1004" name="mux_case_69387_load_load_fu_4187">
<pin_list>
<pin id="4188" dir="0" index="0" bw="64" slack="0"/>
<pin id="4189" dir="1" index="1" bw="64" slack="0"/>
</pin_list>
<bind>
<opcode="load(27) " fcode="load"/>
<opset="mux_case_69387_load/1 "/>
</bind>
</comp>

<comp id="4191" class="1004" name="mux_case_70391_load_load_fu_4191">
<pin_list>
<pin id="4192" dir="0" index="0" bw="64" slack="0"/>
<pin id="4193" dir="1" index="1" bw="64" slack="0"/>
</pin_list>
<bind>
<opcode="load(27) " fcode="load"/>
<opset="mux_case_70391_load/1 "/>
</bind>
</comp>

<comp id="4195" class="1004" name="mux_case_71395_load_load_fu_4195">
<pin_list>
<pin id="4196" dir="0" index="0" bw="64" slack="0"/>
<pin id="4197" dir="1" index="1" bw="64" slack="0"/>
</pin_list>
<bind>
<opcode="load(27) " fcode="load"/>
<opset="mux_case_71395_load/1 "/>
</bind>
</comp>

<comp id="4199" class="1004" name="mux_case_72399_load_load_fu_4199">
<pin_list>
<pin id="4200" dir="0" index="0" bw="64" slack="0"/>
<pin id="4201" dir="1" index="1" bw="64" slack="0"/>
</pin_list>
<bind>
<opcode="load(27) " fcode="load"/>
<opset="mux_case_72399_load/1 "/>
</bind>
</comp>

<comp id="4203" class="1004" name="mux_case_73403_load_load_fu_4203">
<pin_list>
<pin id="4204" dir="0" index="0" bw="64" slack="0"/>
<pin id="4205" dir="1" index="1" bw="64" slack="0"/>
</pin_list>
<bind>
<opcode="load(27) " fcode="load"/>
<opset="mux_case_73403_load/1 "/>
</bind>
</comp>

<comp id="4207" class="1004" name="mux_case_74407_load_load_fu_4207">
<pin_list>
<pin id="4208" dir="0" index="0" bw="64" slack="0"/>
<pin id="4209" dir="1" index="1" bw="64" slack="0"/>
</pin_list>
<bind>
<opcode="load(27) " fcode="load"/>
<opset="mux_case_74407_load/1 "/>
</bind>
</comp>

<comp id="4211" class="1004" name="mux_case_75411_load_load_fu_4211">
<pin_list>
<pin id="4212" dir="0" index="0" bw="64" slack="0"/>
<pin id="4213" dir="1" index="1" bw="64" slack="0"/>
</pin_list>
<bind>
<opcode="load(27) " fcode="load"/>
<opset="mux_case_75411_load/1 "/>
</bind>
</comp>

<comp id="4215" class="1004" name="mux_case_76415_load_load_fu_4215">
<pin_list>
<pin id="4216" dir="0" index="0" bw="64" slack="0"/>
<pin id="4217" dir="1" index="1" bw="64" slack="0"/>
</pin_list>
<bind>
<opcode="load(27) " fcode="load"/>
<opset="mux_case_76415_load/1 "/>
</bind>
</comp>

<comp id="4219" class="1004" name="mux_case_77419_load_load_fu_4219">
<pin_list>
<pin id="4220" dir="0" index="0" bw="64" slack="0"/>
<pin id="4221" dir="1" index="1" bw="64" slack="0"/>
</pin_list>
<bind>
<opcode="load(27) " fcode="load"/>
<opset="mux_case_77419_load/1 "/>
</bind>
</comp>

<comp id="4223" class="1004" name="mux_case_78423_load_load_fu_4223">
<pin_list>
<pin id="4224" dir="0" index="0" bw="64" slack="0"/>
<pin id="4225" dir="1" index="1" bw="64" slack="0"/>
</pin_list>
<bind>
<opcode="load(27) " fcode="load"/>
<opset="mux_case_78423_load/1 "/>
</bind>
</comp>

<comp id="4227" class="1004" name="mux_case_79427_load_load_fu_4227">
<pin_list>
<pin id="4228" dir="0" index="0" bw="64" slack="0"/>
<pin id="4229" dir="1" index="1" bw="64" slack="0"/>
</pin_list>
<bind>
<opcode="load(27) " fcode="load"/>
<opset="mux_case_79427_load/1 "/>
</bind>
</comp>

<comp id="4231" class="1004" name="mux_case_80431_load_load_fu_4231">
<pin_list>
<pin id="4232" dir="0" index="0" bw="64" slack="0"/>
<pin id="4233" dir="1" index="1" bw="64" slack="0"/>
</pin_list>
<bind>
<opcode="load(27) " fcode="load"/>
<opset="mux_case_80431_load/1 "/>
</bind>
</comp>

<comp id="4235" class="1004" name="mux_case_81435_load_load_fu_4235">
<pin_list>
<pin id="4236" dir="0" index="0" bw="64" slack="0"/>
<pin id="4237" dir="1" index="1" bw="64" slack="0"/>
</pin_list>
<bind>
<opcode="load(27) " fcode="load"/>
<opset="mux_case_81435_load/1 "/>
</bind>
</comp>

<comp id="4239" class="1004" name="mux_case_82439_load_load_fu_4239">
<pin_list>
<pin id="4240" dir="0" index="0" bw="64" slack="0"/>
<pin id="4241" dir="1" index="1" bw="64" slack="0"/>
</pin_list>
<bind>
<opcode="load(27) " fcode="load"/>
<opset="mux_case_82439_load/1 "/>
</bind>
</comp>

<comp id="4243" class="1004" name="mux_case_83443_load_load_fu_4243">
<pin_list>
<pin id="4244" dir="0" index="0" bw="64" slack="0"/>
<pin id="4245" dir="1" index="1" bw="64" slack="0"/>
</pin_list>
<bind>
<opcode="load(27) " fcode="load"/>
<opset="mux_case_83443_load/1 "/>
</bind>
</comp>

<comp id="4247" class="1004" name="mux_case_84447_load_load_fu_4247">
<pin_list>
<pin id="4248" dir="0" index="0" bw="64" slack="0"/>
<pin id="4249" dir="1" index="1" bw="64" slack="0"/>
</pin_list>
<bind>
<opcode="load(27) " fcode="load"/>
<opset="mux_case_84447_load/1 "/>
</bind>
</comp>

<comp id="4251" class="1004" name="mux_case_85451_load_load_fu_4251">
<pin_list>
<pin id="4252" dir="0" index="0" bw="64" slack="0"/>
<pin id="4253" dir="1" index="1" bw="64" slack="0"/>
</pin_list>
<bind>
<opcode="load(27) " fcode="load"/>
<opset="mux_case_85451_load/1 "/>
</bind>
</comp>

<comp id="4255" class="1004" name="mux_case_86455_load_load_fu_4255">
<pin_list>
<pin id="4256" dir="0" index="0" bw="64" slack="0"/>
<pin id="4257" dir="1" index="1" bw="64" slack="0"/>
</pin_list>
<bind>
<opcode="load(27) " fcode="load"/>
<opset="mux_case_86455_load/1 "/>
</bind>
</comp>

<comp id="4259" class="1004" name="mux_case_87459_load_load_fu_4259">
<pin_list>
<pin id="4260" dir="0" index="0" bw="64" slack="0"/>
<pin id="4261" dir="1" index="1" bw="64" slack="0"/>
</pin_list>
<bind>
<opcode="load(27) " fcode="load"/>
<opset="mux_case_87459_load/1 "/>
</bind>
</comp>

<comp id="4263" class="1004" name="mux_case_88463_load_load_fu_4263">
<pin_list>
<pin id="4264" dir="0" index="0" bw="64" slack="0"/>
<pin id="4265" dir="1" index="1" bw="64" slack="0"/>
</pin_list>
<bind>
<opcode="load(27) " fcode="load"/>
<opset="mux_case_88463_load/1 "/>
</bind>
</comp>

<comp id="4267" class="1004" name="mux_case_89467_load_load_fu_4267">
<pin_list>
<pin id="4268" dir="0" index="0" bw="64" slack="0"/>
<pin id="4269" dir="1" index="1" bw="64" slack="0"/>
</pin_list>
<bind>
<opcode="load(27) " fcode="load"/>
<opset="mux_case_89467_load/1 "/>
</bind>
</comp>

<comp id="4271" class="1004" name="mux_case_90471_load_load_fu_4271">
<pin_list>
<pin id="4272" dir="0" index="0" bw="64" slack="0"/>
<pin id="4273" dir="1" index="1" bw="64" slack="0"/>
</pin_list>
<bind>
<opcode="load(27) " fcode="load"/>
<opset="mux_case_90471_load/1 "/>
</bind>
</comp>

<comp id="4275" class="1004" name="mux_case_91475_load_load_fu_4275">
<pin_list>
<pin id="4276" dir="0" index="0" bw="64" slack="0"/>
<pin id="4277" dir="1" index="1" bw="64" slack="0"/>
</pin_list>
<bind>
<opcode="load(27) " fcode="load"/>
<opset="mux_case_91475_load/1 "/>
</bind>
</comp>

<comp id="4279" class="1004" name="mux_case_92479_load_load_fu_4279">
<pin_list>
<pin id="4280" dir="0" index="0" bw="64" slack="0"/>
<pin id="4281" dir="1" index="1" bw="64" slack="0"/>
</pin_list>
<bind>
<opcode="load(27) " fcode="load"/>
<opset="mux_case_92479_load/1 "/>
</bind>
</comp>

<comp id="4283" class="1004" name="mux_case_93483_load_load_fu_4283">
<pin_list>
<pin id="4284" dir="0" index="0" bw="64" slack="0"/>
<pin id="4285" dir="1" index="1" bw="64" slack="0"/>
</pin_list>
<bind>
<opcode="load(27) " fcode="load"/>
<opset="mux_case_93483_load/1 "/>
</bind>
</comp>

<comp id="4287" class="1004" name="mux_case_94487_load_load_fu_4287">
<pin_list>
<pin id="4288" dir="0" index="0" bw="64" slack="0"/>
<pin id="4289" dir="1" index="1" bw="64" slack="0"/>
</pin_list>
<bind>
<opcode="load(27) " fcode="load"/>
<opset="mux_case_94487_load/1 "/>
</bind>
</comp>

<comp id="4291" class="1004" name="mux_case_95491_load_load_fu_4291">
<pin_list>
<pin id="4292" dir="0" index="0" bw="64" slack="0"/>
<pin id="4293" dir="1" index="1" bw="64" slack="0"/>
</pin_list>
<bind>
<opcode="load(27) " fcode="load"/>
<opset="mux_case_95491_load/1 "/>
</bind>
</comp>

<comp id="4295" class="1004" name="mux_case_96495_load_load_fu_4295">
<pin_list>
<pin id="4296" dir="0" index="0" bw="64" slack="0"/>
<pin id="4297" dir="1" index="1" bw="64" slack="0"/>
</pin_list>
<bind>
<opcode="load(27) " fcode="load"/>
<opset="mux_case_96495_load/1 "/>
</bind>
</comp>

<comp id="4299" class="1004" name="mux_case_97499_load_load_fu_4299">
<pin_list>
<pin id="4300" dir="0" index="0" bw="64" slack="0"/>
<pin id="4301" dir="1" index="1" bw="64" slack="0"/>
</pin_list>
<bind>
<opcode="load(27) " fcode="load"/>
<opset="mux_case_97499_load/1 "/>
</bind>
</comp>

<comp id="4303" class="1004" name="mux_case_98503_load_load_fu_4303">
<pin_list>
<pin id="4304" dir="0" index="0" bw="64" slack="0"/>
<pin id="4305" dir="1" index="1" bw="64" slack="0"/>
</pin_list>
<bind>
<opcode="load(27) " fcode="load"/>
<opset="mux_case_98503_load/1 "/>
</bind>
</comp>

<comp id="4307" class="1004" name="mux_case_99507_load_load_fu_4307">
<pin_list>
<pin id="4308" dir="0" index="0" bw="64" slack="0"/>
<pin id="4309" dir="1" index="1" bw="64" slack="0"/>
</pin_list>
<bind>
<opcode="load(27) " fcode="load"/>
<opset="mux_case_99507_load/1 "/>
</bind>
</comp>

<comp id="4311" class="1004" name="mux_case_03511_load_load_fu_4311">
<pin_list>
<pin id="4312" dir="0" index="0" bw="64" slack="0"/>
<pin id="4313" dir="1" index="1" bw="64" slack="0"/>
</pin_list>
<bind>
<opcode="load(27) " fcode="load"/>
<opset="mux_case_03511_load/1 "/>
</bind>
</comp>

<comp id="4315" class="1004" name="mux_case_110515_load_load_fu_4315">
<pin_list>
<pin id="4316" dir="0" index="0" bw="64" slack="0"/>
<pin id="4317" dir="1" index="1" bw="64" slack="0"/>
</pin_list>
<bind>
<opcode="load(27) " fcode="load"/>
<opset="mux_case_110515_load/1 "/>
</bind>
</comp>

<comp id="4319" class="1004" name="mux_case_211519_load_load_fu_4319">
<pin_list>
<pin id="4320" dir="0" index="0" bw="64" slack="0"/>
<pin id="4321" dir="1" index="1" bw="64" slack="0"/>
</pin_list>
<bind>
<opcode="load(27) " fcode="load"/>
<opset="mux_case_211519_load/1 "/>
</bind>
</comp>

<comp id="4323" class="1004" name="mux_case_312523_load_load_fu_4323">
<pin_list>
<pin id="4324" dir="0" index="0" bw="64" slack="0"/>
<pin id="4325" dir="1" index="1" bw="64" slack="0"/>
</pin_list>
<bind>
<opcode="load(27) " fcode="load"/>
<opset="mux_case_312523_load/1 "/>
</bind>
</comp>

<comp id="4327" class="1004" name="mux_case_413527_load_load_fu_4327">
<pin_list>
<pin id="4328" dir="0" index="0" bw="64" slack="0"/>
<pin id="4329" dir="1" index="1" bw="64" slack="0"/>
</pin_list>
<bind>
<opcode="load(27) " fcode="load"/>
<opset="mux_case_413527_load/1 "/>
</bind>
</comp>

<comp id="4331" class="1004" name="mux_case_514531_load_load_fu_4331">
<pin_list>
<pin id="4332" dir="0" index="0" bw="64" slack="0"/>
<pin id="4333" dir="1" index="1" bw="64" slack="0"/>
</pin_list>
<bind>
<opcode="load(27) " fcode="load"/>
<opset="mux_case_514531_load/1 "/>
</bind>
</comp>

<comp id="4335" class="1004" name="mux_case_615535_load_load_fu_4335">
<pin_list>
<pin id="4336" dir="0" index="0" bw="64" slack="0"/>
<pin id="4337" dir="1" index="1" bw="64" slack="0"/>
</pin_list>
<bind>
<opcode="load(27) " fcode="load"/>
<opset="mux_case_615535_load/1 "/>
</bind>
</comp>

<comp id="4339" class="1004" name="mux_case_716539_load_load_fu_4339">
<pin_list>
<pin id="4340" dir="0" index="0" bw="64" slack="0"/>
<pin id="4341" dir="1" index="1" bw="64" slack="0"/>
</pin_list>
<bind>
<opcode="load(27) " fcode="load"/>
<opset="mux_case_716539_load/1 "/>
</bind>
</comp>

<comp id="4343" class="1004" name="mux_case_817543_load_load_fu_4343">
<pin_list>
<pin id="4344" dir="0" index="0" bw="64" slack="0"/>
<pin id="4345" dir="1" index="1" bw="64" slack="0"/>
</pin_list>
<bind>
<opcode="load(27) " fcode="load"/>
<opset="mux_case_817543_load/1 "/>
</bind>
</comp>

<comp id="4347" class="1004" name="mux_case_918547_load_load_fu_4347">
<pin_list>
<pin id="4348" dir="0" index="0" bw="64" slack="0"/>
<pin id="4349" dir="1" index="1" bw="64" slack="0"/>
</pin_list>
<bind>
<opcode="load(27) " fcode="load"/>
<opset="mux_case_918547_load/1 "/>
</bind>
</comp>

<comp id="4351" class="1004" name="mux_case_1019551_load_load_fu_4351">
<pin_list>
<pin id="4352" dir="0" index="0" bw="64" slack="0"/>
<pin id="4353" dir="1" index="1" bw="64" slack="0"/>
</pin_list>
<bind>
<opcode="load(27) " fcode="load"/>
<opset="mux_case_1019551_load/1 "/>
</bind>
</comp>

<comp id="4355" class="1004" name="mux_case_1120555_load_load_fu_4355">
<pin_list>
<pin id="4356" dir="0" index="0" bw="64" slack="0"/>
<pin id="4357" dir="1" index="1" bw="64" slack="0"/>
</pin_list>
<bind>
<opcode="load(27) " fcode="load"/>
<opset="mux_case_1120555_load/1 "/>
</bind>
</comp>

<comp id="4359" class="1004" name="mux_case_1221559_load_load_fu_4359">
<pin_list>
<pin id="4360" dir="0" index="0" bw="64" slack="0"/>
<pin id="4361" dir="1" index="1" bw="64" slack="0"/>
</pin_list>
<bind>
<opcode="load(27) " fcode="load"/>
<opset="mux_case_1221559_load/1 "/>
</bind>
</comp>

<comp id="4363" class="1004" name="mux_case_1322563_load_load_fu_4363">
<pin_list>
<pin id="4364" dir="0" index="0" bw="64" slack="0"/>
<pin id="4365" dir="1" index="1" bw="64" slack="0"/>
</pin_list>
<bind>
<opcode="load(27) " fcode="load"/>
<opset="mux_case_1322563_load/1 "/>
</bind>
</comp>

<comp id="4367" class="1004" name="mux_case_1423567_load_load_fu_4367">
<pin_list>
<pin id="4368" dir="0" index="0" bw="64" slack="0"/>
<pin id="4369" dir="1" index="1" bw="64" slack="0"/>
</pin_list>
<bind>
<opcode="load(27) " fcode="load"/>
<opset="mux_case_1423567_load/1 "/>
</bind>
</comp>

<comp id="4371" class="1004" name="mux_case_1524571_load_load_fu_4371">
<pin_list>
<pin id="4372" dir="0" index="0" bw="64" slack="0"/>
<pin id="4373" dir="1" index="1" bw="64" slack="0"/>
</pin_list>
<bind>
<opcode="load(27) " fcode="load"/>
<opset="mux_case_1524571_load/1 "/>
</bind>
</comp>

<comp id="4375" class="1004" name="mux_case_1625575_load_load_fu_4375">
<pin_list>
<pin id="4376" dir="0" index="0" bw="64" slack="0"/>
<pin id="4377" dir="1" index="1" bw="64" slack="0"/>
</pin_list>
<bind>
<opcode="load(27) " fcode="load"/>
<opset="mux_case_1625575_load/1 "/>
</bind>
</comp>

<comp id="4379" class="1004" name="mux_case_1726579_load_load_fu_4379">
<pin_list>
<pin id="4380" dir="0" index="0" bw="64" slack="0"/>
<pin id="4381" dir="1" index="1" bw="64" slack="0"/>
</pin_list>
<bind>
<opcode="load(27) " fcode="load"/>
<opset="mux_case_1726579_load/1 "/>
</bind>
</comp>

<comp id="4383" class="1004" name="mux_case_1827583_load_load_fu_4383">
<pin_list>
<pin id="4384" dir="0" index="0" bw="64" slack="0"/>
<pin id="4385" dir="1" index="1" bw="64" slack="0"/>
</pin_list>
<bind>
<opcode="load(27) " fcode="load"/>
<opset="mux_case_1827583_load/1 "/>
</bind>
</comp>

<comp id="4387" class="1004" name="mux_case_1928587_load_load_fu_4387">
<pin_list>
<pin id="4388" dir="0" index="0" bw="64" slack="0"/>
<pin id="4389" dir="1" index="1" bw="64" slack="0"/>
</pin_list>
<bind>
<opcode="load(27) " fcode="load"/>
<opset="mux_case_1928587_load/1 "/>
</bind>
</comp>

<comp id="4391" class="1004" name="mux_case_2029591_load_load_fu_4391">
<pin_list>
<pin id="4392" dir="0" index="0" bw="64" slack="0"/>
<pin id="4393" dir="1" index="1" bw="64" slack="0"/>
</pin_list>
<bind>
<opcode="load(27) " fcode="load"/>
<opset="mux_case_2029591_load/1 "/>
</bind>
</comp>

<comp id="4395" class="1004" name="mux_case_2130595_load_load_fu_4395">
<pin_list>
<pin id="4396" dir="0" index="0" bw="64" slack="0"/>
<pin id="4397" dir="1" index="1" bw="64" slack="0"/>
</pin_list>
<bind>
<opcode="load(27) " fcode="load"/>
<opset="mux_case_2130595_load/1 "/>
</bind>
</comp>

<comp id="4399" class="1004" name="mux_case_2231599_load_load_fu_4399">
<pin_list>
<pin id="4400" dir="0" index="0" bw="64" slack="0"/>
<pin id="4401" dir="1" index="1" bw="64" slack="0"/>
</pin_list>
<bind>
<opcode="load(27) " fcode="load"/>
<opset="mux_case_2231599_load/1 "/>
</bind>
</comp>

<comp id="4403" class="1004" name="mux_case_2332603_load_load_fu_4403">
<pin_list>
<pin id="4404" dir="0" index="0" bw="64" slack="0"/>
<pin id="4405" dir="1" index="1" bw="64" slack="0"/>
</pin_list>
<bind>
<opcode="load(27) " fcode="load"/>
<opset="mux_case_2332603_load/1 "/>
</bind>
</comp>

<comp id="4407" class="1004" name="mux_case_2433607_load_load_fu_4407">
<pin_list>
<pin id="4408" dir="0" index="0" bw="64" slack="0"/>
<pin id="4409" dir="1" index="1" bw="64" slack="0"/>
</pin_list>
<bind>
<opcode="load(27) " fcode="load"/>
<opset="mux_case_2433607_load/1 "/>
</bind>
</comp>

<comp id="4411" class="1004" name="mux_case_2534611_load_load_fu_4411">
<pin_list>
<pin id="4412" dir="0" index="0" bw="64" slack="0"/>
<pin id="4413" dir="1" index="1" bw="64" slack="0"/>
</pin_list>
<bind>
<opcode="load(27) " fcode="load"/>
<opset="mux_case_2534611_load/1 "/>
</bind>
</comp>

<comp id="4415" class="1004" name="mux_case_2635615_load_load_fu_4415">
<pin_list>
<pin id="4416" dir="0" index="0" bw="64" slack="0"/>
<pin id="4417" dir="1" index="1" bw="64" slack="0"/>
</pin_list>
<bind>
<opcode="load(27) " fcode="load"/>
<opset="mux_case_2635615_load/1 "/>
</bind>
</comp>

<comp id="4419" class="1004" name="mux_case_2736619_load_load_fu_4419">
<pin_list>
<pin id="4420" dir="0" index="0" bw="64" slack="0"/>
<pin id="4421" dir="1" index="1" bw="64" slack="0"/>
</pin_list>
<bind>
<opcode="load(27) " fcode="load"/>
<opset="mux_case_2736619_load/1 "/>
</bind>
</comp>

<comp id="4423" class="1004" name="mux_case_2837623_load_load_fu_4423">
<pin_list>
<pin id="4424" dir="0" index="0" bw="64" slack="0"/>
<pin id="4425" dir="1" index="1" bw="64" slack="0"/>
</pin_list>
<bind>
<opcode="load(27) " fcode="load"/>
<opset="mux_case_2837623_load/1 "/>
</bind>
</comp>

<comp id="4427" class="1004" name="mux_case_2938627_load_load_fu_4427">
<pin_list>
<pin id="4428" dir="0" index="0" bw="64" slack="0"/>
<pin id="4429" dir="1" index="1" bw="64" slack="0"/>
</pin_list>
<bind>
<opcode="load(27) " fcode="load"/>
<opset="mux_case_2938627_load/1 "/>
</bind>
</comp>

<comp id="4431" class="1004" name="mux_case_3039631_load_load_fu_4431">
<pin_list>
<pin id="4432" dir="0" index="0" bw="64" slack="0"/>
<pin id="4433" dir="1" index="1" bw="64" slack="0"/>
</pin_list>
<bind>
<opcode="load(27) " fcode="load"/>
<opset="mux_case_3039631_load/1 "/>
</bind>
</comp>

<comp id="4435" class="1004" name="mux_case_3140635_load_load_fu_4435">
<pin_list>
<pin id="4436" dir="0" index="0" bw="64" slack="0"/>
<pin id="4437" dir="1" index="1" bw="64" slack="0"/>
</pin_list>
<bind>
<opcode="load(27) " fcode="load"/>
<opset="mux_case_3140635_load/1 "/>
</bind>
</comp>

<comp id="4439" class="1004" name="mux_case_3241639_load_load_fu_4439">
<pin_list>
<pin id="4440" dir="0" index="0" bw="64" slack="0"/>
<pin id="4441" dir="1" index="1" bw="64" slack="0"/>
</pin_list>
<bind>
<opcode="load(27) " fcode="load"/>
<opset="mux_case_3241639_load/1 "/>
</bind>
</comp>

<comp id="4443" class="1004" name="mux_case_3342643_load_load_fu_4443">
<pin_list>
<pin id="4444" dir="0" index="0" bw="64" slack="0"/>
<pin id="4445" dir="1" index="1" bw="64" slack="0"/>
</pin_list>
<bind>
<opcode="load(27) " fcode="load"/>
<opset="mux_case_3342643_load/1 "/>
</bind>
</comp>

<comp id="4447" class="1004" name="mux_case_3443647_load_load_fu_4447">
<pin_list>
<pin id="4448" dir="0" index="0" bw="64" slack="0"/>
<pin id="4449" dir="1" index="1" bw="64" slack="0"/>
</pin_list>
<bind>
<opcode="load(27) " fcode="load"/>
<opset="mux_case_3443647_load/1 "/>
</bind>
</comp>

<comp id="4451" class="1004" name="mux_case_3544651_load_load_fu_4451">
<pin_list>
<pin id="4452" dir="0" index="0" bw="64" slack="0"/>
<pin id="4453" dir="1" index="1" bw="64" slack="0"/>
</pin_list>
<bind>
<opcode="load(27) " fcode="load"/>
<opset="mux_case_3544651_load/1 "/>
</bind>
</comp>

<comp id="4455" class="1004" name="mux_case_3645655_load_load_fu_4455">
<pin_list>
<pin id="4456" dir="0" index="0" bw="64" slack="0"/>
<pin id="4457" dir="1" index="1" bw="64" slack="0"/>
</pin_list>
<bind>
<opcode="load(27) " fcode="load"/>
<opset="mux_case_3645655_load/1 "/>
</bind>
</comp>

<comp id="4459" class="1004" name="mux_case_3746659_load_load_fu_4459">
<pin_list>
<pin id="4460" dir="0" index="0" bw="64" slack="0"/>
<pin id="4461" dir="1" index="1" bw="64" slack="0"/>
</pin_list>
<bind>
<opcode="load(27) " fcode="load"/>
<opset="mux_case_3746659_load/1 "/>
</bind>
</comp>

<comp id="4463" class="1004" name="mux_case_3847663_load_load_fu_4463">
<pin_list>
<pin id="4464" dir="0" index="0" bw="64" slack="0"/>
<pin id="4465" dir="1" index="1" bw="64" slack="0"/>
</pin_list>
<bind>
<opcode="load(27) " fcode="load"/>
<opset="mux_case_3847663_load/1 "/>
</bind>
</comp>

<comp id="4467" class="1004" name="mux_case_3948667_load_load_fu_4467">
<pin_list>
<pin id="4468" dir="0" index="0" bw="64" slack="0"/>
<pin id="4469" dir="1" index="1" bw="64" slack="0"/>
</pin_list>
<bind>
<opcode="load(27) " fcode="load"/>
<opset="mux_case_3948667_load/1 "/>
</bind>
</comp>

<comp id="4471" class="1004" name="mux_case_4049671_load_load_fu_4471">
<pin_list>
<pin id="4472" dir="0" index="0" bw="64" slack="0"/>
<pin id="4473" dir="1" index="1" bw="64" slack="0"/>
</pin_list>
<bind>
<opcode="load(27) " fcode="load"/>
<opset="mux_case_4049671_load/1 "/>
</bind>
</comp>

<comp id="4475" class="1004" name="mux_case_4150675_load_load_fu_4475">
<pin_list>
<pin id="4476" dir="0" index="0" bw="64" slack="0"/>
<pin id="4477" dir="1" index="1" bw="64" slack="0"/>
</pin_list>
<bind>
<opcode="load(27) " fcode="load"/>
<opset="mux_case_4150675_load/1 "/>
</bind>
</comp>

<comp id="4479" class="1004" name="mux_case_4251679_load_load_fu_4479">
<pin_list>
<pin id="4480" dir="0" index="0" bw="64" slack="0"/>
<pin id="4481" dir="1" index="1" bw="64" slack="0"/>
</pin_list>
<bind>
<opcode="load(27) " fcode="load"/>
<opset="mux_case_4251679_load/1 "/>
</bind>
</comp>

<comp id="4483" class="1004" name="mux_case_4352683_load_load_fu_4483">
<pin_list>
<pin id="4484" dir="0" index="0" bw="64" slack="0"/>
<pin id="4485" dir="1" index="1" bw="64" slack="0"/>
</pin_list>
<bind>
<opcode="load(27) " fcode="load"/>
<opset="mux_case_4352683_load/1 "/>
</bind>
</comp>

<comp id="4487" class="1004" name="mux_case_4453687_load_load_fu_4487">
<pin_list>
<pin id="4488" dir="0" index="0" bw="64" slack="0"/>
<pin id="4489" dir="1" index="1" bw="64" slack="0"/>
</pin_list>
<bind>
<opcode="load(27) " fcode="load"/>
<opset="mux_case_4453687_load/1 "/>
</bind>
</comp>

<comp id="4491" class="1004" name="mux_case_4554691_load_load_fu_4491">
<pin_list>
<pin id="4492" dir="0" index="0" bw="64" slack="0"/>
<pin id="4493" dir="1" index="1" bw="64" slack="0"/>
</pin_list>
<bind>
<opcode="load(27) " fcode="load"/>
<opset="mux_case_4554691_load/1 "/>
</bind>
</comp>

<comp id="4495" class="1004" name="mux_case_4655695_load_load_fu_4495">
<pin_list>
<pin id="4496" dir="0" index="0" bw="64" slack="0"/>
<pin id="4497" dir="1" index="1" bw="64" slack="0"/>
</pin_list>
<bind>
<opcode="load(27) " fcode="load"/>
<opset="mux_case_4655695_load/1 "/>
</bind>
</comp>

<comp id="4499" class="1004" name="mux_case_4756699_load_load_fu_4499">
<pin_list>
<pin id="4500" dir="0" index="0" bw="64" slack="0"/>
<pin id="4501" dir="1" index="1" bw="64" slack="0"/>
</pin_list>
<bind>
<opcode="load(27) " fcode="load"/>
<opset="mux_case_4756699_load/1 "/>
</bind>
</comp>

<comp id="4503" class="1004" name="mux_case_4857703_load_load_fu_4503">
<pin_list>
<pin id="4504" dir="0" index="0" bw="64" slack="0"/>
<pin id="4505" dir="1" index="1" bw="64" slack="0"/>
</pin_list>
<bind>
<opcode="load(27) " fcode="load"/>
<opset="mux_case_4857703_load/1 "/>
</bind>
</comp>

<comp id="4507" class="1004" name="mux_case_4958707_load_load_fu_4507">
<pin_list>
<pin id="4508" dir="0" index="0" bw="64" slack="0"/>
<pin id="4509" dir="1" index="1" bw="64" slack="0"/>
</pin_list>
<bind>
<opcode="load(27) " fcode="load"/>
<opset="mux_case_4958707_load/1 "/>
</bind>
</comp>

<comp id="4511" class="1004" name="mux_case_5059711_load_load_fu_4511">
<pin_list>
<pin id="4512" dir="0" index="0" bw="64" slack="0"/>
<pin id="4513" dir="1" index="1" bw="64" slack="0"/>
</pin_list>
<bind>
<opcode="load(27) " fcode="load"/>
<opset="mux_case_5059711_load/1 "/>
</bind>
</comp>

<comp id="4515" class="1004" name="mux_case_5160715_load_load_fu_4515">
<pin_list>
<pin id="4516" dir="0" index="0" bw="64" slack="0"/>
<pin id="4517" dir="1" index="1" bw="64" slack="0"/>
</pin_list>
<bind>
<opcode="load(27) " fcode="load"/>
<opset="mux_case_5160715_load/1 "/>
</bind>
</comp>

<comp id="4519" class="1004" name="mux_case_5261719_load_load_fu_4519">
<pin_list>
<pin id="4520" dir="0" index="0" bw="64" slack="0"/>
<pin id="4521" dir="1" index="1" bw="64" slack="0"/>
</pin_list>
<bind>
<opcode="load(27) " fcode="load"/>
<opset="mux_case_5261719_load/1 "/>
</bind>
</comp>

<comp id="4523" class="1004" name="mux_case_5362723_load_load_fu_4523">
<pin_list>
<pin id="4524" dir="0" index="0" bw="64" slack="0"/>
<pin id="4525" dir="1" index="1" bw="64" slack="0"/>
</pin_list>
<bind>
<opcode="load(27) " fcode="load"/>
<opset="mux_case_5362723_load/1 "/>
</bind>
</comp>

<comp id="4527" class="1004" name="mux_case_5463727_load_load_fu_4527">
<pin_list>
<pin id="4528" dir="0" index="0" bw="64" slack="0"/>
<pin id="4529" dir="1" index="1" bw="64" slack="0"/>
</pin_list>
<bind>
<opcode="load(27) " fcode="load"/>
<opset="mux_case_5463727_load/1 "/>
</bind>
</comp>

<comp id="4531" class="1004" name="mux_case_5564731_load_load_fu_4531">
<pin_list>
<pin id="4532" dir="0" index="0" bw="64" slack="0"/>
<pin id="4533" dir="1" index="1" bw="64" slack="0"/>
</pin_list>
<bind>
<opcode="load(27) " fcode="load"/>
<opset="mux_case_5564731_load/1 "/>
</bind>
</comp>

<comp id="4535" class="1004" name="mux_case_5665735_load_load_fu_4535">
<pin_list>
<pin id="4536" dir="0" index="0" bw="64" slack="0"/>
<pin id="4537" dir="1" index="1" bw="64" slack="0"/>
</pin_list>
<bind>
<opcode="load(27) " fcode="load"/>
<opset="mux_case_5665735_load/1 "/>
</bind>
</comp>

<comp id="4539" class="1004" name="mux_case_5766739_load_load_fu_4539">
<pin_list>
<pin id="4540" dir="0" index="0" bw="64" slack="0"/>
<pin id="4541" dir="1" index="1" bw="64" slack="0"/>
</pin_list>
<bind>
<opcode="load(27) " fcode="load"/>
<opset="mux_case_5766739_load/1 "/>
</bind>
</comp>

<comp id="4543" class="1004" name="mux_case_5867743_load_load_fu_4543">
<pin_list>
<pin id="4544" dir="0" index="0" bw="64" slack="0"/>
<pin id="4545" dir="1" index="1" bw="64" slack="0"/>
</pin_list>
<bind>
<opcode="load(27) " fcode="load"/>
<opset="mux_case_5867743_load/1 "/>
</bind>
</comp>

<comp id="4547" class="1004" name="mux_case_5968747_load_load_fu_4547">
<pin_list>
<pin id="4548" dir="0" index="0" bw="64" slack="0"/>
<pin id="4549" dir="1" index="1" bw="64" slack="0"/>
</pin_list>
<bind>
<opcode="load(27) " fcode="load"/>
<opset="mux_case_5968747_load/1 "/>
</bind>
</comp>

<comp id="4551" class="1004" name="mux_case_6069751_load_load_fu_4551">
<pin_list>
<pin id="4552" dir="0" index="0" bw="64" slack="0"/>
<pin id="4553" dir="1" index="1" bw="64" slack="0"/>
</pin_list>
<bind>
<opcode="load(27) " fcode="load"/>
<opset="mux_case_6069751_load/1 "/>
</bind>
</comp>

<comp id="4555" class="1004" name="mux_case_6170755_load_load_fu_4555">
<pin_list>
<pin id="4556" dir="0" index="0" bw="64" slack="0"/>
<pin id="4557" dir="1" index="1" bw="64" slack="0"/>
</pin_list>
<bind>
<opcode="load(27) " fcode="load"/>
<opset="mux_case_6170755_load/1 "/>
</bind>
</comp>

<comp id="4559" class="1004" name="mux_case_6271759_load_load_fu_4559">
<pin_list>
<pin id="4560" dir="0" index="0" bw="64" slack="0"/>
<pin id="4561" dir="1" index="1" bw="64" slack="0"/>
</pin_list>
<bind>
<opcode="load(27) " fcode="load"/>
<opset="mux_case_6271759_load/1 "/>
</bind>
</comp>

<comp id="4563" class="1004" name="mux_case_6372763_load_load_fu_4563">
<pin_list>
<pin id="4564" dir="0" index="0" bw="64" slack="0"/>
<pin id="4565" dir="1" index="1" bw="64" slack="0"/>
</pin_list>
<bind>
<opcode="load(27) " fcode="load"/>
<opset="mux_case_6372763_load/1 "/>
</bind>
</comp>

<comp id="4567" class="1004" name="mux_case_6473767_load_load_fu_4567">
<pin_list>
<pin id="4568" dir="0" index="0" bw="64" slack="0"/>
<pin id="4569" dir="1" index="1" bw="64" slack="0"/>
</pin_list>
<bind>
<opcode="load(27) " fcode="load"/>
<opset="mux_case_6473767_load/1 "/>
</bind>
</comp>

<comp id="4571" class="1004" name="mux_case_6574771_load_load_fu_4571">
<pin_list>
<pin id="4572" dir="0" index="0" bw="64" slack="0"/>
<pin id="4573" dir="1" index="1" bw="64" slack="0"/>
</pin_list>
<bind>
<opcode="load(27) " fcode="load"/>
<opset="mux_case_6574771_load/1 "/>
</bind>
</comp>

<comp id="4575" class="1004" name="mux_case_6675775_load_load_fu_4575">
<pin_list>
<pin id="4576" dir="0" index="0" bw="64" slack="0"/>
<pin id="4577" dir="1" index="1" bw="64" slack="0"/>
</pin_list>
<bind>
<opcode="load(27) " fcode="load"/>
<opset="mux_case_6675775_load/1 "/>
</bind>
</comp>

<comp id="4579" class="1004" name="mux_case_6776779_load_load_fu_4579">
<pin_list>
<pin id="4580" dir="0" index="0" bw="64" slack="0"/>
<pin id="4581" dir="1" index="1" bw="64" slack="0"/>
</pin_list>
<bind>
<opcode="load(27) " fcode="load"/>
<opset="mux_case_6776779_load/1 "/>
</bind>
</comp>

<comp id="4583" class="1004" name="mux_case_6877783_load_load_fu_4583">
<pin_list>
<pin id="4584" dir="0" index="0" bw="64" slack="0"/>
<pin id="4585" dir="1" index="1" bw="64" slack="0"/>
</pin_list>
<bind>
<opcode="load(27) " fcode="load"/>
<opset="mux_case_6877783_load/1 "/>
</bind>
</comp>

<comp id="4587" class="1004" name="mux_case_6978787_load_load_fu_4587">
<pin_list>
<pin id="4588" dir="0" index="0" bw="64" slack="0"/>
<pin id="4589" dir="1" index="1" bw="64" slack="0"/>
</pin_list>
<bind>
<opcode="load(27) " fcode="load"/>
<opset="mux_case_6978787_load/1 "/>
</bind>
</comp>

<comp id="4591" class="1004" name="mux_case_7079791_load_load_fu_4591">
<pin_list>
<pin id="4592" dir="0" index="0" bw="64" slack="0"/>
<pin id="4593" dir="1" index="1" bw="64" slack="0"/>
</pin_list>
<bind>
<opcode="load(27) " fcode="load"/>
<opset="mux_case_7079791_load/1 "/>
</bind>
</comp>

<comp id="4595" class="1004" name="mux_case_7180795_load_load_fu_4595">
<pin_list>
<pin id="4596" dir="0" index="0" bw="64" slack="0"/>
<pin id="4597" dir="1" index="1" bw="64" slack="0"/>
</pin_list>
<bind>
<opcode="load(27) " fcode="load"/>
<opset="mux_case_7180795_load/1 "/>
</bind>
</comp>

<comp id="4599" class="1004" name="mux_case_7281799_load_load_fu_4599">
<pin_list>
<pin id="4600" dir="0" index="0" bw="64" slack="0"/>
<pin id="4601" dir="1" index="1" bw="64" slack="0"/>
</pin_list>
<bind>
<opcode="load(27) " fcode="load"/>
<opset="mux_case_7281799_load/1 "/>
</bind>
</comp>

<comp id="4603" class="1004" name="mux_case_7382803_load_load_fu_4603">
<pin_list>
<pin id="4604" dir="0" index="0" bw="64" slack="0"/>
<pin id="4605" dir="1" index="1" bw="64" slack="0"/>
</pin_list>
<bind>
<opcode="load(27) " fcode="load"/>
<opset="mux_case_7382803_load/1 "/>
</bind>
</comp>

<comp id="4607" class="1004" name="mux_case_7483807_load_load_fu_4607">
<pin_list>
<pin id="4608" dir="0" index="0" bw="64" slack="0"/>
<pin id="4609" dir="1" index="1" bw="64" slack="0"/>
</pin_list>
<bind>
<opcode="load(27) " fcode="load"/>
<opset="mux_case_7483807_load/1 "/>
</bind>
</comp>

<comp id="4611" class="1004" name="mux_case_7584811_load_load_fu_4611">
<pin_list>
<pin id="4612" dir="0" index="0" bw="64" slack="0"/>
<pin id="4613" dir="1" index="1" bw="64" slack="0"/>
</pin_list>
<bind>
<opcode="load(27) " fcode="load"/>
<opset="mux_case_7584811_load/1 "/>
</bind>
</comp>

<comp id="4615" class="1004" name="mux_case_7685815_load_load_fu_4615">
<pin_list>
<pin id="4616" dir="0" index="0" bw="64" slack="0"/>
<pin id="4617" dir="1" index="1" bw="64" slack="0"/>
</pin_list>
<bind>
<opcode="load(27) " fcode="load"/>
<opset="mux_case_7685815_load/1 "/>
</bind>
</comp>

<comp id="4619" class="1004" name="mux_case_7786819_load_load_fu_4619">
<pin_list>
<pin id="4620" dir="0" index="0" bw="64" slack="0"/>
<pin id="4621" dir="1" index="1" bw="64" slack="0"/>
</pin_list>
<bind>
<opcode="load(27) " fcode="load"/>
<opset="mux_case_7786819_load/1 "/>
</bind>
</comp>

<comp id="4623" class="1004" name="mux_case_7887823_load_load_fu_4623">
<pin_list>
<pin id="4624" dir="0" index="0" bw="64" slack="0"/>
<pin id="4625" dir="1" index="1" bw="64" slack="0"/>
</pin_list>
<bind>
<opcode="load(27) " fcode="load"/>
<opset="mux_case_7887823_load/1 "/>
</bind>
</comp>

<comp id="4627" class="1004" name="mux_case_7988827_load_load_fu_4627">
<pin_list>
<pin id="4628" dir="0" index="0" bw="64" slack="0"/>
<pin id="4629" dir="1" index="1" bw="64" slack="0"/>
</pin_list>
<bind>
<opcode="load(27) " fcode="load"/>
<opset="mux_case_7988827_load/1 "/>
</bind>
</comp>

<comp id="4631" class="1004" name="mux_case_8089831_load_load_fu_4631">
<pin_list>
<pin id="4632" dir="0" index="0" bw="64" slack="0"/>
<pin id="4633" dir="1" index="1" bw="64" slack="0"/>
</pin_list>
<bind>
<opcode="load(27) " fcode="load"/>
<opset="mux_case_8089831_load/1 "/>
</bind>
</comp>

<comp id="4635" class="1004" name="mux_case_8190835_load_load_fu_4635">
<pin_list>
<pin id="4636" dir="0" index="0" bw="64" slack="0"/>
<pin id="4637" dir="1" index="1" bw="64" slack="0"/>
</pin_list>
<bind>
<opcode="load(27) " fcode="load"/>
<opset="mux_case_8190835_load/1 "/>
</bind>
</comp>

<comp id="4639" class="1004" name="mux_case_8291839_load_load_fu_4639">
<pin_list>
<pin id="4640" dir="0" index="0" bw="64" slack="0"/>
<pin id="4641" dir="1" index="1" bw="64" slack="0"/>
</pin_list>
<bind>
<opcode="load(27) " fcode="load"/>
<opset="mux_case_8291839_load/1 "/>
</bind>
</comp>

<comp id="4643" class="1004" name="mux_case_8392843_load_load_fu_4643">
<pin_list>
<pin id="4644" dir="0" index="0" bw="64" slack="0"/>
<pin id="4645" dir="1" index="1" bw="64" slack="0"/>
</pin_list>
<bind>
<opcode="load(27) " fcode="load"/>
<opset="mux_case_8392843_load/1 "/>
</bind>
</comp>

<comp id="4647" class="1004" name="mux_case_8493847_load_load_fu_4647">
<pin_list>
<pin id="4648" dir="0" index="0" bw="64" slack="0"/>
<pin id="4649" dir="1" index="1" bw="64" slack="0"/>
</pin_list>
<bind>
<opcode="load(27) " fcode="load"/>
<opset="mux_case_8493847_load/1 "/>
</bind>
</comp>

<comp id="4651" class="1004" name="mux_case_8594851_load_load_fu_4651">
<pin_list>
<pin id="4652" dir="0" index="0" bw="64" slack="0"/>
<pin id="4653" dir="1" index="1" bw="64" slack="0"/>
</pin_list>
<bind>
<opcode="load(27) " fcode="load"/>
<opset="mux_case_8594851_load/1 "/>
</bind>
</comp>

<comp id="4655" class="1004" name="mux_case_8695855_load_load_fu_4655">
<pin_list>
<pin id="4656" dir="0" index="0" bw="64" slack="0"/>
<pin id="4657" dir="1" index="1" bw="64" slack="0"/>
</pin_list>
<bind>
<opcode="load(27) " fcode="load"/>
<opset="mux_case_8695855_load/1 "/>
</bind>
</comp>

<comp id="4659" class="1004" name="mux_case_8796859_load_load_fu_4659">
<pin_list>
<pin id="4660" dir="0" index="0" bw="64" slack="0"/>
<pin id="4661" dir="1" index="1" bw="64" slack="0"/>
</pin_list>
<bind>
<opcode="load(27) " fcode="load"/>
<opset="mux_case_8796859_load/1 "/>
</bind>
</comp>

<comp id="4663" class="1004" name="mux_case_8897863_load_load_fu_4663">
<pin_list>
<pin id="4664" dir="0" index="0" bw="64" slack="0"/>
<pin id="4665" dir="1" index="1" bw="64" slack="0"/>
</pin_list>
<bind>
<opcode="load(27) " fcode="load"/>
<opset="mux_case_8897863_load/1 "/>
</bind>
</comp>

<comp id="4667" class="1004" name="mux_case_8998867_load_load_fu_4667">
<pin_list>
<pin id="4668" dir="0" index="0" bw="64" slack="0"/>
<pin id="4669" dir="1" index="1" bw="64" slack="0"/>
</pin_list>
<bind>
<opcode="load(27) " fcode="load"/>
<opset="mux_case_8998867_load/1 "/>
</bind>
</comp>

<comp id="4671" class="1004" name="mux_case_9099871_load_load_fu_4671">
<pin_list>
<pin id="4672" dir="0" index="0" bw="64" slack="0"/>
<pin id="4673" dir="1" index="1" bw="64" slack="0"/>
</pin_list>
<bind>
<opcode="load(27) " fcode="load"/>
<opset="mux_case_9099871_load/1 "/>
</bind>
</comp>

<comp id="4675" class="1004" name="mux_case_91100875_load_load_fu_4675">
<pin_list>
<pin id="4676" dir="0" index="0" bw="64" slack="0"/>
<pin id="4677" dir="1" index="1" bw="64" slack="0"/>
</pin_list>
<bind>
<opcode="load(27) " fcode="load"/>
<opset="mux_case_91100875_load/1 "/>
</bind>
</comp>

<comp id="4679" class="1004" name="mux_case_92101879_load_load_fu_4679">
<pin_list>
<pin id="4680" dir="0" index="0" bw="64" slack="0"/>
<pin id="4681" dir="1" index="1" bw="64" slack="0"/>
</pin_list>
<bind>
<opcode="load(27) " fcode="load"/>
<opset="mux_case_92101879_load/1 "/>
</bind>
</comp>

<comp id="4683" class="1004" name="mux_case_93102883_load_load_fu_4683">
<pin_list>
<pin id="4684" dir="0" index="0" bw="64" slack="0"/>
<pin id="4685" dir="1" index="1" bw="64" slack="0"/>
</pin_list>
<bind>
<opcode="load(27) " fcode="load"/>
<opset="mux_case_93102883_load/1 "/>
</bind>
</comp>

<comp id="4687" class="1004" name="mux_case_94103887_load_load_fu_4687">
<pin_list>
<pin id="4688" dir="0" index="0" bw="64" slack="0"/>
<pin id="4689" dir="1" index="1" bw="64" slack="0"/>
</pin_list>
<bind>
<opcode="load(27) " fcode="load"/>
<opset="mux_case_94103887_load/1 "/>
</bind>
</comp>

<comp id="4691" class="1004" name="mux_case_95104891_load_load_fu_4691">
<pin_list>
<pin id="4692" dir="0" index="0" bw="64" slack="0"/>
<pin id="4693" dir="1" index="1" bw="64" slack="0"/>
</pin_list>
<bind>
<opcode="load(27) " fcode="load"/>
<opset="mux_case_95104891_load/1 "/>
</bind>
</comp>

<comp id="4695" class="1004" name="mux_case_96105895_load_load_fu_4695">
<pin_list>
<pin id="4696" dir="0" index="0" bw="64" slack="0"/>
<pin id="4697" dir="1" index="1" bw="64" slack="0"/>
</pin_list>
<bind>
<opcode="load(27) " fcode="load"/>
<opset="mux_case_96105895_load/1 "/>
</bind>
</comp>

<comp id="4699" class="1004" name="mux_case_97106899_load_load_fu_4699">
<pin_list>
<pin id="4700" dir="0" index="0" bw="64" slack="0"/>
<pin id="4701" dir="1" index="1" bw="64" slack="0"/>
</pin_list>
<bind>
<opcode="load(27) " fcode="load"/>
<opset="mux_case_97106899_load/1 "/>
</bind>
</comp>

<comp id="4703" class="1004" name="mux_case_98107903_load_load_fu_4703">
<pin_list>
<pin id="4704" dir="0" index="0" bw="64" slack="0"/>
<pin id="4705" dir="1" index="1" bw="64" slack="0"/>
</pin_list>
<bind>
<opcode="load(27) " fcode="load"/>
<opset="mux_case_98107903_load/1 "/>
</bind>
</comp>

<comp id="4707" class="1004" name="mux_case_99108907_load_load_fu_4707">
<pin_list>
<pin id="4708" dir="0" index="0" bw="64" slack="0"/>
<pin id="4709" dir="1" index="1" bw="64" slack="0"/>
</pin_list>
<bind>
<opcode="load(27) " fcode="load"/>
<opset="mux_case_99108907_load/1 "/>
</bind>
</comp>

<comp id="4711" class="1005" name="i_reg_4711">
<pin_list>
<pin id="4712" dir="0" index="0" bw="7" slack="0"/>
<pin id="4713" dir="1" index="1" bw="7" slack="0"/>
</pin_list>
<bind>
<opset="i "/>
</bind>
</comp>

<comp id="4718" class="1005" name="mux_case_0111_reg_4718">
<pin_list>
<pin id="4719" dir="0" index="0" bw="64" slack="0"/>
<pin id="4720" dir="1" index="1" bw="64" slack="0"/>
</pin_list>
<bind>
<opset="mux_case_0111 "/>
</bind>
</comp>

<comp id="4724" class="1005" name="mux_case_1115_reg_4724">
<pin_list>
<pin id="4725" dir="0" index="0" bw="64" slack="0"/>
<pin id="4726" dir="1" index="1" bw="64" slack="0"/>
</pin_list>
<bind>
<opset="mux_case_1115 "/>
</bind>
</comp>

<comp id="4730" class="1005" name="mux_case_2119_reg_4730">
<pin_list>
<pin id="4731" dir="0" index="0" bw="64" slack="0"/>
<pin id="4732" dir="1" index="1" bw="64" slack="0"/>
</pin_list>
<bind>
<opset="mux_case_2119 "/>
</bind>
</comp>

<comp id="4736" class="1005" name="mux_case_3123_reg_4736">
<pin_list>
<pin id="4737" dir="0" index="0" bw="64" slack="0"/>
<pin id="4738" dir="1" index="1" bw="64" slack="0"/>
</pin_list>
<bind>
<opset="mux_case_3123 "/>
</bind>
</comp>

<comp id="4742" class="1005" name="mux_case_4127_reg_4742">
<pin_list>
<pin id="4743" dir="0" index="0" bw="64" slack="0"/>
<pin id="4744" dir="1" index="1" bw="64" slack="0"/>
</pin_list>
<bind>
<opset="mux_case_4127 "/>
</bind>
</comp>

<comp id="4748" class="1005" name="mux_case_5131_reg_4748">
<pin_list>
<pin id="4749" dir="0" index="0" bw="64" slack="0"/>
<pin id="4750" dir="1" index="1" bw="64" slack="0"/>
</pin_list>
<bind>
<opset="mux_case_5131 "/>
</bind>
</comp>

<comp id="4754" class="1005" name="mux_case_6135_reg_4754">
<pin_list>
<pin id="4755" dir="0" index="0" bw="64" slack="0"/>
<pin id="4756" dir="1" index="1" bw="64" slack="0"/>
</pin_list>
<bind>
<opset="mux_case_6135 "/>
</bind>
</comp>

<comp id="4760" class="1005" name="mux_case_7139_reg_4760">
<pin_list>
<pin id="4761" dir="0" index="0" bw="64" slack="0"/>
<pin id="4762" dir="1" index="1" bw="64" slack="0"/>
</pin_list>
<bind>
<opset="mux_case_7139 "/>
</bind>
</comp>

<comp id="4766" class="1005" name="mux_case_8143_reg_4766">
<pin_list>
<pin id="4767" dir="0" index="0" bw="64" slack="0"/>
<pin id="4768" dir="1" index="1" bw="64" slack="0"/>
</pin_list>
<bind>
<opset="mux_case_8143 "/>
</bind>
</comp>

<comp id="4772" class="1005" name="mux_case_9147_reg_4772">
<pin_list>
<pin id="4773" dir="0" index="0" bw="64" slack="0"/>
<pin id="4774" dir="1" index="1" bw="64" slack="0"/>
</pin_list>
<bind>
<opset="mux_case_9147 "/>
</bind>
</comp>

<comp id="4778" class="1005" name="mux_case_10151_reg_4778">
<pin_list>
<pin id="4779" dir="0" index="0" bw="64" slack="0"/>
<pin id="4780" dir="1" index="1" bw="64" slack="0"/>
</pin_list>
<bind>
<opset="mux_case_10151 "/>
</bind>
</comp>

<comp id="4784" class="1005" name="mux_case_11155_reg_4784">
<pin_list>
<pin id="4785" dir="0" index="0" bw="64" slack="0"/>
<pin id="4786" dir="1" index="1" bw="64" slack="0"/>
</pin_list>
<bind>
<opset="mux_case_11155 "/>
</bind>
</comp>

<comp id="4790" class="1005" name="mux_case_12159_reg_4790">
<pin_list>
<pin id="4791" dir="0" index="0" bw="64" slack="0"/>
<pin id="4792" dir="1" index="1" bw="64" slack="0"/>
</pin_list>
<bind>
<opset="mux_case_12159 "/>
</bind>
</comp>

<comp id="4796" class="1005" name="mux_case_13163_reg_4796">
<pin_list>
<pin id="4797" dir="0" index="0" bw="64" slack="0"/>
<pin id="4798" dir="1" index="1" bw="64" slack="0"/>
</pin_list>
<bind>
<opset="mux_case_13163 "/>
</bind>
</comp>

<comp id="4802" class="1005" name="mux_case_14167_reg_4802">
<pin_list>
<pin id="4803" dir="0" index="0" bw="64" slack="0"/>
<pin id="4804" dir="1" index="1" bw="64" slack="0"/>
</pin_list>
<bind>
<opset="mux_case_14167 "/>
</bind>
</comp>

<comp id="4808" class="1005" name="mux_case_15171_reg_4808">
<pin_list>
<pin id="4809" dir="0" index="0" bw="64" slack="0"/>
<pin id="4810" dir="1" index="1" bw="64" slack="0"/>
</pin_list>
<bind>
<opset="mux_case_15171 "/>
</bind>
</comp>

<comp id="4814" class="1005" name="mux_case_16175_reg_4814">
<pin_list>
<pin id="4815" dir="0" index="0" bw="64" slack="0"/>
<pin id="4816" dir="1" index="1" bw="64" slack="0"/>
</pin_list>
<bind>
<opset="mux_case_16175 "/>
</bind>
</comp>

<comp id="4820" class="1005" name="mux_case_17179_reg_4820">
<pin_list>
<pin id="4821" dir="0" index="0" bw="64" slack="0"/>
<pin id="4822" dir="1" index="1" bw="64" slack="0"/>
</pin_list>
<bind>
<opset="mux_case_17179 "/>
</bind>
</comp>

<comp id="4826" class="1005" name="mux_case_18183_reg_4826">
<pin_list>
<pin id="4827" dir="0" index="0" bw="64" slack="0"/>
<pin id="4828" dir="1" index="1" bw="64" slack="0"/>
</pin_list>
<bind>
<opset="mux_case_18183 "/>
</bind>
</comp>

<comp id="4832" class="1005" name="mux_case_19187_reg_4832">
<pin_list>
<pin id="4833" dir="0" index="0" bw="64" slack="0"/>
<pin id="4834" dir="1" index="1" bw="64" slack="0"/>
</pin_list>
<bind>
<opset="mux_case_19187 "/>
</bind>
</comp>

<comp id="4838" class="1005" name="mux_case_20191_reg_4838">
<pin_list>
<pin id="4839" dir="0" index="0" bw="64" slack="0"/>
<pin id="4840" dir="1" index="1" bw="64" slack="0"/>
</pin_list>
<bind>
<opset="mux_case_20191 "/>
</bind>
</comp>

<comp id="4844" class="1005" name="mux_case_21195_reg_4844">
<pin_list>
<pin id="4845" dir="0" index="0" bw="64" slack="0"/>
<pin id="4846" dir="1" index="1" bw="64" slack="0"/>
</pin_list>
<bind>
<opset="mux_case_21195 "/>
</bind>
</comp>

<comp id="4850" class="1005" name="mux_case_22199_reg_4850">
<pin_list>
<pin id="4851" dir="0" index="0" bw="64" slack="0"/>
<pin id="4852" dir="1" index="1" bw="64" slack="0"/>
</pin_list>
<bind>
<opset="mux_case_22199 "/>
</bind>
</comp>

<comp id="4856" class="1005" name="mux_case_23203_reg_4856">
<pin_list>
<pin id="4857" dir="0" index="0" bw="64" slack="0"/>
<pin id="4858" dir="1" index="1" bw="64" slack="0"/>
</pin_list>
<bind>
<opset="mux_case_23203 "/>
</bind>
</comp>

<comp id="4862" class="1005" name="mux_case_24207_reg_4862">
<pin_list>
<pin id="4863" dir="0" index="0" bw="64" slack="0"/>
<pin id="4864" dir="1" index="1" bw="64" slack="0"/>
</pin_list>
<bind>
<opset="mux_case_24207 "/>
</bind>
</comp>

<comp id="4868" class="1005" name="mux_case_25211_reg_4868">
<pin_list>
<pin id="4869" dir="0" index="0" bw="64" slack="0"/>
<pin id="4870" dir="1" index="1" bw="64" slack="0"/>
</pin_list>
<bind>
<opset="mux_case_25211 "/>
</bind>
</comp>

<comp id="4874" class="1005" name="mux_case_26215_reg_4874">
<pin_list>
<pin id="4875" dir="0" index="0" bw="64" slack="0"/>
<pin id="4876" dir="1" index="1" bw="64" slack="0"/>
</pin_list>
<bind>
<opset="mux_case_26215 "/>
</bind>
</comp>

<comp id="4880" class="1005" name="mux_case_27219_reg_4880">
<pin_list>
<pin id="4881" dir="0" index="0" bw="64" slack="0"/>
<pin id="4882" dir="1" index="1" bw="64" slack="0"/>
</pin_list>
<bind>
<opset="mux_case_27219 "/>
</bind>
</comp>

<comp id="4886" class="1005" name="mux_case_28223_reg_4886">
<pin_list>
<pin id="4887" dir="0" index="0" bw="64" slack="0"/>
<pin id="4888" dir="1" index="1" bw="64" slack="0"/>
</pin_list>
<bind>
<opset="mux_case_28223 "/>
</bind>
</comp>

<comp id="4892" class="1005" name="mux_case_29227_reg_4892">
<pin_list>
<pin id="4893" dir="0" index="0" bw="64" slack="0"/>
<pin id="4894" dir="1" index="1" bw="64" slack="0"/>
</pin_list>
<bind>
<opset="mux_case_29227 "/>
</bind>
</comp>

<comp id="4898" class="1005" name="mux_case_30231_reg_4898">
<pin_list>
<pin id="4899" dir="0" index="0" bw="64" slack="0"/>
<pin id="4900" dir="1" index="1" bw="64" slack="0"/>
</pin_list>
<bind>
<opset="mux_case_30231 "/>
</bind>
</comp>

<comp id="4904" class="1005" name="mux_case_31235_reg_4904">
<pin_list>
<pin id="4905" dir="0" index="0" bw="64" slack="0"/>
<pin id="4906" dir="1" index="1" bw="64" slack="0"/>
</pin_list>
<bind>
<opset="mux_case_31235 "/>
</bind>
</comp>

<comp id="4910" class="1005" name="mux_case_32239_reg_4910">
<pin_list>
<pin id="4911" dir="0" index="0" bw="64" slack="0"/>
<pin id="4912" dir="1" index="1" bw="64" slack="0"/>
</pin_list>
<bind>
<opset="mux_case_32239 "/>
</bind>
</comp>

<comp id="4916" class="1005" name="mux_case_33243_reg_4916">
<pin_list>
<pin id="4917" dir="0" index="0" bw="64" slack="0"/>
<pin id="4918" dir="1" index="1" bw="64" slack="0"/>
</pin_list>
<bind>
<opset="mux_case_33243 "/>
</bind>
</comp>

<comp id="4922" class="1005" name="mux_case_34247_reg_4922">
<pin_list>
<pin id="4923" dir="0" index="0" bw="64" slack="0"/>
<pin id="4924" dir="1" index="1" bw="64" slack="0"/>
</pin_list>
<bind>
<opset="mux_case_34247 "/>
</bind>
</comp>

<comp id="4928" class="1005" name="mux_case_35251_reg_4928">
<pin_list>
<pin id="4929" dir="0" index="0" bw="64" slack="0"/>
<pin id="4930" dir="1" index="1" bw="64" slack="0"/>
</pin_list>
<bind>
<opset="mux_case_35251 "/>
</bind>
</comp>

<comp id="4934" class="1005" name="mux_case_36255_reg_4934">
<pin_list>
<pin id="4935" dir="0" index="0" bw="64" slack="0"/>
<pin id="4936" dir="1" index="1" bw="64" slack="0"/>
</pin_list>
<bind>
<opset="mux_case_36255 "/>
</bind>
</comp>

<comp id="4940" class="1005" name="mux_case_37259_reg_4940">
<pin_list>
<pin id="4941" dir="0" index="0" bw="64" slack="0"/>
<pin id="4942" dir="1" index="1" bw="64" slack="0"/>
</pin_list>
<bind>
<opset="mux_case_37259 "/>
</bind>
</comp>

<comp id="4946" class="1005" name="mux_case_38263_reg_4946">
<pin_list>
<pin id="4947" dir="0" index="0" bw="64" slack="0"/>
<pin id="4948" dir="1" index="1" bw="64" slack="0"/>
</pin_list>
<bind>
<opset="mux_case_38263 "/>
</bind>
</comp>

<comp id="4952" class="1005" name="mux_case_39267_reg_4952">
<pin_list>
<pin id="4953" dir="0" index="0" bw="64" slack="0"/>
<pin id="4954" dir="1" index="1" bw="64" slack="0"/>
</pin_list>
<bind>
<opset="mux_case_39267 "/>
</bind>
</comp>

<comp id="4958" class="1005" name="mux_case_40271_reg_4958">
<pin_list>
<pin id="4959" dir="0" index="0" bw="64" slack="0"/>
<pin id="4960" dir="1" index="1" bw="64" slack="0"/>
</pin_list>
<bind>
<opset="mux_case_40271 "/>
</bind>
</comp>

<comp id="4964" class="1005" name="mux_case_41275_reg_4964">
<pin_list>
<pin id="4965" dir="0" index="0" bw="64" slack="0"/>
<pin id="4966" dir="1" index="1" bw="64" slack="0"/>
</pin_list>
<bind>
<opset="mux_case_41275 "/>
</bind>
</comp>

<comp id="4970" class="1005" name="mux_case_42279_reg_4970">
<pin_list>
<pin id="4971" dir="0" index="0" bw="64" slack="0"/>
<pin id="4972" dir="1" index="1" bw="64" slack="0"/>
</pin_list>
<bind>
<opset="mux_case_42279 "/>
</bind>
</comp>

<comp id="4976" class="1005" name="mux_case_43283_reg_4976">
<pin_list>
<pin id="4977" dir="0" index="0" bw="64" slack="0"/>
<pin id="4978" dir="1" index="1" bw="64" slack="0"/>
</pin_list>
<bind>
<opset="mux_case_43283 "/>
</bind>
</comp>

<comp id="4982" class="1005" name="mux_case_44287_reg_4982">
<pin_list>
<pin id="4983" dir="0" index="0" bw="64" slack="0"/>
<pin id="4984" dir="1" index="1" bw="64" slack="0"/>
</pin_list>
<bind>
<opset="mux_case_44287 "/>
</bind>
</comp>

<comp id="4988" class="1005" name="mux_case_45291_reg_4988">
<pin_list>
<pin id="4989" dir="0" index="0" bw="64" slack="0"/>
<pin id="4990" dir="1" index="1" bw="64" slack="0"/>
</pin_list>
<bind>
<opset="mux_case_45291 "/>
</bind>
</comp>

<comp id="4994" class="1005" name="mux_case_46295_reg_4994">
<pin_list>
<pin id="4995" dir="0" index="0" bw="64" slack="0"/>
<pin id="4996" dir="1" index="1" bw="64" slack="0"/>
</pin_list>
<bind>
<opset="mux_case_46295 "/>
</bind>
</comp>

<comp id="5000" class="1005" name="mux_case_47299_reg_5000">
<pin_list>
<pin id="5001" dir="0" index="0" bw="64" slack="0"/>
<pin id="5002" dir="1" index="1" bw="64" slack="0"/>
</pin_list>
<bind>
<opset="mux_case_47299 "/>
</bind>
</comp>

<comp id="5006" class="1005" name="mux_case_48303_reg_5006">
<pin_list>
<pin id="5007" dir="0" index="0" bw="64" slack="0"/>
<pin id="5008" dir="1" index="1" bw="64" slack="0"/>
</pin_list>
<bind>
<opset="mux_case_48303 "/>
</bind>
</comp>

<comp id="5012" class="1005" name="mux_case_49307_reg_5012">
<pin_list>
<pin id="5013" dir="0" index="0" bw="64" slack="0"/>
<pin id="5014" dir="1" index="1" bw="64" slack="0"/>
</pin_list>
<bind>
<opset="mux_case_49307 "/>
</bind>
</comp>

<comp id="5018" class="1005" name="mux_case_50311_reg_5018">
<pin_list>
<pin id="5019" dir="0" index="0" bw="64" slack="0"/>
<pin id="5020" dir="1" index="1" bw="64" slack="0"/>
</pin_list>
<bind>
<opset="mux_case_50311 "/>
</bind>
</comp>

<comp id="5024" class="1005" name="mux_case_51315_reg_5024">
<pin_list>
<pin id="5025" dir="0" index="0" bw="64" slack="0"/>
<pin id="5026" dir="1" index="1" bw="64" slack="0"/>
</pin_list>
<bind>
<opset="mux_case_51315 "/>
</bind>
</comp>

<comp id="5030" class="1005" name="mux_case_52319_reg_5030">
<pin_list>
<pin id="5031" dir="0" index="0" bw="64" slack="0"/>
<pin id="5032" dir="1" index="1" bw="64" slack="0"/>
</pin_list>
<bind>
<opset="mux_case_52319 "/>
</bind>
</comp>

<comp id="5036" class="1005" name="mux_case_53323_reg_5036">
<pin_list>
<pin id="5037" dir="0" index="0" bw="64" slack="0"/>
<pin id="5038" dir="1" index="1" bw="64" slack="0"/>
</pin_list>
<bind>
<opset="mux_case_53323 "/>
</bind>
</comp>

<comp id="5042" class="1005" name="mux_case_54327_reg_5042">
<pin_list>
<pin id="5043" dir="0" index="0" bw="64" slack="0"/>
<pin id="5044" dir="1" index="1" bw="64" slack="0"/>
</pin_list>
<bind>
<opset="mux_case_54327 "/>
</bind>
</comp>

<comp id="5048" class="1005" name="mux_case_55331_reg_5048">
<pin_list>
<pin id="5049" dir="0" index="0" bw="64" slack="0"/>
<pin id="5050" dir="1" index="1" bw="64" slack="0"/>
</pin_list>
<bind>
<opset="mux_case_55331 "/>
</bind>
</comp>

<comp id="5054" class="1005" name="mux_case_56335_reg_5054">
<pin_list>
<pin id="5055" dir="0" index="0" bw="64" slack="0"/>
<pin id="5056" dir="1" index="1" bw="64" slack="0"/>
</pin_list>
<bind>
<opset="mux_case_56335 "/>
</bind>
</comp>

<comp id="5060" class="1005" name="mux_case_57339_reg_5060">
<pin_list>
<pin id="5061" dir="0" index="0" bw="64" slack="0"/>
<pin id="5062" dir="1" index="1" bw="64" slack="0"/>
</pin_list>
<bind>
<opset="mux_case_57339 "/>
</bind>
</comp>

<comp id="5066" class="1005" name="mux_case_58343_reg_5066">
<pin_list>
<pin id="5067" dir="0" index="0" bw="64" slack="0"/>
<pin id="5068" dir="1" index="1" bw="64" slack="0"/>
</pin_list>
<bind>
<opset="mux_case_58343 "/>
</bind>
</comp>

<comp id="5072" class="1005" name="mux_case_59347_reg_5072">
<pin_list>
<pin id="5073" dir="0" index="0" bw="64" slack="0"/>
<pin id="5074" dir="1" index="1" bw="64" slack="0"/>
</pin_list>
<bind>
<opset="mux_case_59347 "/>
</bind>
</comp>

<comp id="5078" class="1005" name="mux_case_60351_reg_5078">
<pin_list>
<pin id="5079" dir="0" index="0" bw="64" slack="0"/>
<pin id="5080" dir="1" index="1" bw="64" slack="0"/>
</pin_list>
<bind>
<opset="mux_case_60351 "/>
</bind>
</comp>

<comp id="5084" class="1005" name="mux_case_61355_reg_5084">
<pin_list>
<pin id="5085" dir="0" index="0" bw="64" slack="0"/>
<pin id="5086" dir="1" index="1" bw="64" slack="0"/>
</pin_list>
<bind>
<opset="mux_case_61355 "/>
</bind>
</comp>

<comp id="5090" class="1005" name="mux_case_62359_reg_5090">
<pin_list>
<pin id="5091" dir="0" index="0" bw="64" slack="0"/>
<pin id="5092" dir="1" index="1" bw="64" slack="0"/>
</pin_list>
<bind>
<opset="mux_case_62359 "/>
</bind>
</comp>

<comp id="5096" class="1005" name="mux_case_63363_reg_5096">
<pin_list>
<pin id="5097" dir="0" index="0" bw="64" slack="0"/>
<pin id="5098" dir="1" index="1" bw="64" slack="0"/>
</pin_list>
<bind>
<opset="mux_case_63363 "/>
</bind>
</comp>

<comp id="5102" class="1005" name="mux_case_64367_reg_5102">
<pin_list>
<pin id="5103" dir="0" index="0" bw="64" slack="0"/>
<pin id="5104" dir="1" index="1" bw="64" slack="0"/>
</pin_list>
<bind>
<opset="mux_case_64367 "/>
</bind>
</comp>

<comp id="5108" class="1005" name="mux_case_65371_reg_5108">
<pin_list>
<pin id="5109" dir="0" index="0" bw="64" slack="0"/>
<pin id="5110" dir="1" index="1" bw="64" slack="0"/>
</pin_list>
<bind>
<opset="mux_case_65371 "/>
</bind>
</comp>

<comp id="5114" class="1005" name="mux_case_66375_reg_5114">
<pin_list>
<pin id="5115" dir="0" index="0" bw="64" slack="0"/>
<pin id="5116" dir="1" index="1" bw="64" slack="0"/>
</pin_list>
<bind>
<opset="mux_case_66375 "/>
</bind>
</comp>

<comp id="5120" class="1005" name="mux_case_67379_reg_5120">
<pin_list>
<pin id="5121" dir="0" index="0" bw="64" slack="0"/>
<pin id="5122" dir="1" index="1" bw="64" slack="0"/>
</pin_list>
<bind>
<opset="mux_case_67379 "/>
</bind>
</comp>

<comp id="5126" class="1005" name="mux_case_68383_reg_5126">
<pin_list>
<pin id="5127" dir="0" index="0" bw="64" slack="0"/>
<pin id="5128" dir="1" index="1" bw="64" slack="0"/>
</pin_list>
<bind>
<opset="mux_case_68383 "/>
</bind>
</comp>

<comp id="5132" class="1005" name="mux_case_69387_reg_5132">
<pin_list>
<pin id="5133" dir="0" index="0" bw="64" slack="0"/>
<pin id="5134" dir="1" index="1" bw="64" slack="0"/>
</pin_list>
<bind>
<opset="mux_case_69387 "/>
</bind>
</comp>

<comp id="5138" class="1005" name="mux_case_70391_reg_5138">
<pin_list>
<pin id="5139" dir="0" index="0" bw="64" slack="0"/>
<pin id="5140" dir="1" index="1" bw="64" slack="0"/>
</pin_list>
<bind>
<opset="mux_case_70391 "/>
</bind>
</comp>

<comp id="5144" class="1005" name="mux_case_71395_reg_5144">
<pin_list>
<pin id="5145" dir="0" index="0" bw="64" slack="0"/>
<pin id="5146" dir="1" index="1" bw="64" slack="0"/>
</pin_list>
<bind>
<opset="mux_case_71395 "/>
</bind>
</comp>

<comp id="5150" class="1005" name="mux_case_72399_reg_5150">
<pin_list>
<pin id="5151" dir="0" index="0" bw="64" slack="0"/>
<pin id="5152" dir="1" index="1" bw="64" slack="0"/>
</pin_list>
<bind>
<opset="mux_case_72399 "/>
</bind>
</comp>

<comp id="5156" class="1005" name="mux_case_73403_reg_5156">
<pin_list>
<pin id="5157" dir="0" index="0" bw="64" slack="0"/>
<pin id="5158" dir="1" index="1" bw="64" slack="0"/>
</pin_list>
<bind>
<opset="mux_case_73403 "/>
</bind>
</comp>

<comp id="5162" class="1005" name="mux_case_74407_reg_5162">
<pin_list>
<pin id="5163" dir="0" index="0" bw="64" slack="0"/>
<pin id="5164" dir="1" index="1" bw="64" slack="0"/>
</pin_list>
<bind>
<opset="mux_case_74407 "/>
</bind>
</comp>

<comp id="5168" class="1005" name="mux_case_75411_reg_5168">
<pin_list>
<pin id="5169" dir="0" index="0" bw="64" slack="0"/>
<pin id="5170" dir="1" index="1" bw="64" slack="0"/>
</pin_list>
<bind>
<opset="mux_case_75411 "/>
</bind>
</comp>

<comp id="5174" class="1005" name="mux_case_76415_reg_5174">
<pin_list>
<pin id="5175" dir="0" index="0" bw="64" slack="0"/>
<pin id="5176" dir="1" index="1" bw="64" slack="0"/>
</pin_list>
<bind>
<opset="mux_case_76415 "/>
</bind>
</comp>

<comp id="5180" class="1005" name="mux_case_77419_reg_5180">
<pin_list>
<pin id="5181" dir="0" index="0" bw="64" slack="0"/>
<pin id="5182" dir="1" index="1" bw="64" slack="0"/>
</pin_list>
<bind>
<opset="mux_case_77419 "/>
</bind>
</comp>

<comp id="5186" class="1005" name="mux_case_78423_reg_5186">
<pin_list>
<pin id="5187" dir="0" index="0" bw="64" slack="0"/>
<pin id="5188" dir="1" index="1" bw="64" slack="0"/>
</pin_list>
<bind>
<opset="mux_case_78423 "/>
</bind>
</comp>

<comp id="5192" class="1005" name="mux_case_79427_reg_5192">
<pin_list>
<pin id="5193" dir="0" index="0" bw="64" slack="0"/>
<pin id="5194" dir="1" index="1" bw="64" slack="0"/>
</pin_list>
<bind>
<opset="mux_case_79427 "/>
</bind>
</comp>

<comp id="5198" class="1005" name="mux_case_80431_reg_5198">
<pin_list>
<pin id="5199" dir="0" index="0" bw="64" slack="0"/>
<pin id="5200" dir="1" index="1" bw="64" slack="0"/>
</pin_list>
<bind>
<opset="mux_case_80431 "/>
</bind>
</comp>

<comp id="5204" class="1005" name="mux_case_81435_reg_5204">
<pin_list>
<pin id="5205" dir="0" index="0" bw="64" slack="0"/>
<pin id="5206" dir="1" index="1" bw="64" slack="0"/>
</pin_list>
<bind>
<opset="mux_case_81435 "/>
</bind>
</comp>

<comp id="5210" class="1005" name="mux_case_82439_reg_5210">
<pin_list>
<pin id="5211" dir="0" index="0" bw="64" slack="0"/>
<pin id="5212" dir="1" index="1" bw="64" slack="0"/>
</pin_list>
<bind>
<opset="mux_case_82439 "/>
</bind>
</comp>

<comp id="5216" class="1005" name="mux_case_83443_reg_5216">
<pin_list>
<pin id="5217" dir="0" index="0" bw="64" slack="0"/>
<pin id="5218" dir="1" index="1" bw="64" slack="0"/>
</pin_list>
<bind>
<opset="mux_case_83443 "/>
</bind>
</comp>

<comp id="5222" class="1005" name="mux_case_84447_reg_5222">
<pin_list>
<pin id="5223" dir="0" index="0" bw="64" slack="0"/>
<pin id="5224" dir="1" index="1" bw="64" slack="0"/>
</pin_list>
<bind>
<opset="mux_case_84447 "/>
</bind>
</comp>

<comp id="5228" class="1005" name="mux_case_85451_reg_5228">
<pin_list>
<pin id="5229" dir="0" index="0" bw="64" slack="0"/>
<pin id="5230" dir="1" index="1" bw="64" slack="0"/>
</pin_list>
<bind>
<opset="mux_case_85451 "/>
</bind>
</comp>

<comp id="5234" class="1005" name="mux_case_86455_reg_5234">
<pin_list>
<pin id="5235" dir="0" index="0" bw="64" slack="0"/>
<pin id="5236" dir="1" index="1" bw="64" slack="0"/>
</pin_list>
<bind>
<opset="mux_case_86455 "/>
</bind>
</comp>

<comp id="5240" class="1005" name="mux_case_87459_reg_5240">
<pin_list>
<pin id="5241" dir="0" index="0" bw="64" slack="0"/>
<pin id="5242" dir="1" index="1" bw="64" slack="0"/>
</pin_list>
<bind>
<opset="mux_case_87459 "/>
</bind>
</comp>

<comp id="5246" class="1005" name="mux_case_88463_reg_5246">
<pin_list>
<pin id="5247" dir="0" index="0" bw="64" slack="0"/>
<pin id="5248" dir="1" index="1" bw="64" slack="0"/>
</pin_list>
<bind>
<opset="mux_case_88463 "/>
</bind>
</comp>

<comp id="5252" class="1005" name="mux_case_89467_reg_5252">
<pin_list>
<pin id="5253" dir="0" index="0" bw="64" slack="0"/>
<pin id="5254" dir="1" index="1" bw="64" slack="0"/>
</pin_list>
<bind>
<opset="mux_case_89467 "/>
</bind>
</comp>

<comp id="5258" class="1005" name="mux_case_90471_reg_5258">
<pin_list>
<pin id="5259" dir="0" index="0" bw="64" slack="0"/>
<pin id="5260" dir="1" index="1" bw="64" slack="0"/>
</pin_list>
<bind>
<opset="mux_case_90471 "/>
</bind>
</comp>

<comp id="5264" class="1005" name="mux_case_91475_reg_5264">
<pin_list>
<pin id="5265" dir="0" index="0" bw="64" slack="0"/>
<pin id="5266" dir="1" index="1" bw="64" slack="0"/>
</pin_list>
<bind>
<opset="mux_case_91475 "/>
</bind>
</comp>

<comp id="5270" class="1005" name="mux_case_92479_reg_5270">
<pin_list>
<pin id="5271" dir="0" index="0" bw="64" slack="0"/>
<pin id="5272" dir="1" index="1" bw="64" slack="0"/>
</pin_list>
<bind>
<opset="mux_case_92479 "/>
</bind>
</comp>

<comp id="5276" class="1005" name="mux_case_93483_reg_5276">
<pin_list>
<pin id="5277" dir="0" index="0" bw="64" slack="0"/>
<pin id="5278" dir="1" index="1" bw="64" slack="0"/>
</pin_list>
<bind>
<opset="mux_case_93483 "/>
</bind>
</comp>

<comp id="5282" class="1005" name="mux_case_94487_reg_5282">
<pin_list>
<pin id="5283" dir="0" index="0" bw="64" slack="0"/>
<pin id="5284" dir="1" index="1" bw="64" slack="0"/>
</pin_list>
<bind>
<opset="mux_case_94487 "/>
</bind>
</comp>

<comp id="5288" class="1005" name="mux_case_95491_reg_5288">
<pin_list>
<pin id="5289" dir="0" index="0" bw="64" slack="0"/>
<pin id="5290" dir="1" index="1" bw="64" slack="0"/>
</pin_list>
<bind>
<opset="mux_case_95491 "/>
</bind>
</comp>

<comp id="5294" class="1005" name="mux_case_96495_reg_5294">
<pin_list>
<pin id="5295" dir="0" index="0" bw="64" slack="0"/>
<pin id="5296" dir="1" index="1" bw="64" slack="0"/>
</pin_list>
<bind>
<opset="mux_case_96495 "/>
</bind>
</comp>

<comp id="5300" class="1005" name="mux_case_97499_reg_5300">
<pin_list>
<pin id="5301" dir="0" index="0" bw="64" slack="0"/>
<pin id="5302" dir="1" index="1" bw="64" slack="0"/>
</pin_list>
<bind>
<opset="mux_case_97499 "/>
</bind>
</comp>

<comp id="5306" class="1005" name="mux_case_98503_reg_5306">
<pin_list>
<pin id="5307" dir="0" index="0" bw="64" slack="0"/>
<pin id="5308" dir="1" index="1" bw="64" slack="0"/>
</pin_list>
<bind>
<opset="mux_case_98503 "/>
</bind>
</comp>

<comp id="5312" class="1005" name="mux_case_99507_reg_5312">
<pin_list>
<pin id="5313" dir="0" index="0" bw="64" slack="0"/>
<pin id="5314" dir="1" index="1" bw="64" slack="0"/>
</pin_list>
<bind>
<opset="mux_case_99507 "/>
</bind>
</comp>

<comp id="5318" class="1005" name="mux_case_03511_reg_5318">
<pin_list>
<pin id="5319" dir="0" index="0" bw="64" slack="0"/>
<pin id="5320" dir="1" index="1" bw="64" slack="0"/>
</pin_list>
<bind>
<opset="mux_case_03511 "/>
</bind>
</comp>

<comp id="5324" class="1005" name="mux_case_110515_reg_5324">
<pin_list>
<pin id="5325" dir="0" index="0" bw="64" slack="0"/>
<pin id="5326" dir="1" index="1" bw="64" slack="0"/>
</pin_list>
<bind>
<opset="mux_case_110515 "/>
</bind>
</comp>

<comp id="5330" class="1005" name="mux_case_211519_reg_5330">
<pin_list>
<pin id="5331" dir="0" index="0" bw="64" slack="0"/>
<pin id="5332" dir="1" index="1" bw="64" slack="0"/>
</pin_list>
<bind>
<opset="mux_case_211519 "/>
</bind>
</comp>

<comp id="5336" class="1005" name="mux_case_312523_reg_5336">
<pin_list>
<pin id="5337" dir="0" index="0" bw="64" slack="0"/>
<pin id="5338" dir="1" index="1" bw="64" slack="0"/>
</pin_list>
<bind>
<opset="mux_case_312523 "/>
</bind>
</comp>

<comp id="5342" class="1005" name="mux_case_413527_reg_5342">
<pin_list>
<pin id="5343" dir="0" index="0" bw="64" slack="0"/>
<pin id="5344" dir="1" index="1" bw="64" slack="0"/>
</pin_list>
<bind>
<opset="mux_case_413527 "/>
</bind>
</comp>

<comp id="5348" class="1005" name="mux_case_514531_reg_5348">
<pin_list>
<pin id="5349" dir="0" index="0" bw="64" slack="0"/>
<pin id="5350" dir="1" index="1" bw="64" slack="0"/>
</pin_list>
<bind>
<opset="mux_case_514531 "/>
</bind>
</comp>

<comp id="5354" class="1005" name="mux_case_615535_reg_5354">
<pin_list>
<pin id="5355" dir="0" index="0" bw="64" slack="0"/>
<pin id="5356" dir="1" index="1" bw="64" slack="0"/>
</pin_list>
<bind>
<opset="mux_case_615535 "/>
</bind>
</comp>

<comp id="5360" class="1005" name="mux_case_716539_reg_5360">
<pin_list>
<pin id="5361" dir="0" index="0" bw="64" slack="0"/>
<pin id="5362" dir="1" index="1" bw="64" slack="0"/>
</pin_list>
<bind>
<opset="mux_case_716539 "/>
</bind>
</comp>

<comp id="5366" class="1005" name="mux_case_817543_reg_5366">
<pin_list>
<pin id="5367" dir="0" index="0" bw="64" slack="0"/>
<pin id="5368" dir="1" index="1" bw="64" slack="0"/>
</pin_list>
<bind>
<opset="mux_case_817543 "/>
</bind>
</comp>

<comp id="5372" class="1005" name="mux_case_918547_reg_5372">
<pin_list>
<pin id="5373" dir="0" index="0" bw="64" slack="0"/>
<pin id="5374" dir="1" index="1" bw="64" slack="0"/>
</pin_list>
<bind>
<opset="mux_case_918547 "/>
</bind>
</comp>

<comp id="5378" class="1005" name="mux_case_1019551_reg_5378">
<pin_list>
<pin id="5379" dir="0" index="0" bw="64" slack="0"/>
<pin id="5380" dir="1" index="1" bw="64" slack="0"/>
</pin_list>
<bind>
<opset="mux_case_1019551 "/>
</bind>
</comp>

<comp id="5384" class="1005" name="mux_case_1120555_reg_5384">
<pin_list>
<pin id="5385" dir="0" index="0" bw="64" slack="0"/>
<pin id="5386" dir="1" index="1" bw="64" slack="0"/>
</pin_list>
<bind>
<opset="mux_case_1120555 "/>
</bind>
</comp>

<comp id="5390" class="1005" name="mux_case_1221559_reg_5390">
<pin_list>
<pin id="5391" dir="0" index="0" bw="64" slack="0"/>
<pin id="5392" dir="1" index="1" bw="64" slack="0"/>
</pin_list>
<bind>
<opset="mux_case_1221559 "/>
</bind>
</comp>

<comp id="5396" class="1005" name="mux_case_1322563_reg_5396">
<pin_list>
<pin id="5397" dir="0" index="0" bw="64" slack="0"/>
<pin id="5398" dir="1" index="1" bw="64" slack="0"/>
</pin_list>
<bind>
<opset="mux_case_1322563 "/>
</bind>
</comp>

<comp id="5402" class="1005" name="mux_case_1423567_reg_5402">
<pin_list>
<pin id="5403" dir="0" index="0" bw="64" slack="0"/>
<pin id="5404" dir="1" index="1" bw="64" slack="0"/>
</pin_list>
<bind>
<opset="mux_case_1423567 "/>
</bind>
</comp>

<comp id="5408" class="1005" name="mux_case_1524571_reg_5408">
<pin_list>
<pin id="5409" dir="0" index="0" bw="64" slack="0"/>
<pin id="5410" dir="1" index="1" bw="64" slack="0"/>
</pin_list>
<bind>
<opset="mux_case_1524571 "/>
</bind>
</comp>

<comp id="5414" class="1005" name="mux_case_1625575_reg_5414">
<pin_list>
<pin id="5415" dir="0" index="0" bw="64" slack="0"/>
<pin id="5416" dir="1" index="1" bw="64" slack="0"/>
</pin_list>
<bind>
<opset="mux_case_1625575 "/>
</bind>
</comp>

<comp id="5420" class="1005" name="mux_case_1726579_reg_5420">
<pin_list>
<pin id="5421" dir="0" index="0" bw="64" slack="0"/>
<pin id="5422" dir="1" index="1" bw="64" slack="0"/>
</pin_list>
<bind>
<opset="mux_case_1726579 "/>
</bind>
</comp>

<comp id="5426" class="1005" name="mux_case_1827583_reg_5426">
<pin_list>
<pin id="5427" dir="0" index="0" bw="64" slack="0"/>
<pin id="5428" dir="1" index="1" bw="64" slack="0"/>
</pin_list>
<bind>
<opset="mux_case_1827583 "/>
</bind>
</comp>

<comp id="5432" class="1005" name="mux_case_1928587_reg_5432">
<pin_list>
<pin id="5433" dir="0" index="0" bw="64" slack="0"/>
<pin id="5434" dir="1" index="1" bw="64" slack="0"/>
</pin_list>
<bind>
<opset="mux_case_1928587 "/>
</bind>
</comp>

<comp id="5438" class="1005" name="mux_case_2029591_reg_5438">
<pin_list>
<pin id="5439" dir="0" index="0" bw="64" slack="0"/>
<pin id="5440" dir="1" index="1" bw="64" slack="0"/>
</pin_list>
<bind>
<opset="mux_case_2029591 "/>
</bind>
</comp>

<comp id="5444" class="1005" name="mux_case_2130595_reg_5444">
<pin_list>
<pin id="5445" dir="0" index="0" bw="64" slack="0"/>
<pin id="5446" dir="1" index="1" bw="64" slack="0"/>
</pin_list>
<bind>
<opset="mux_case_2130595 "/>
</bind>
</comp>

<comp id="5450" class="1005" name="mux_case_2231599_reg_5450">
<pin_list>
<pin id="5451" dir="0" index="0" bw="64" slack="0"/>
<pin id="5452" dir="1" index="1" bw="64" slack="0"/>
</pin_list>
<bind>
<opset="mux_case_2231599 "/>
</bind>
</comp>

<comp id="5456" class="1005" name="mux_case_2332603_reg_5456">
<pin_list>
<pin id="5457" dir="0" index="0" bw="64" slack="0"/>
<pin id="5458" dir="1" index="1" bw="64" slack="0"/>
</pin_list>
<bind>
<opset="mux_case_2332603 "/>
</bind>
</comp>

<comp id="5462" class="1005" name="mux_case_2433607_reg_5462">
<pin_list>
<pin id="5463" dir="0" index="0" bw="64" slack="0"/>
<pin id="5464" dir="1" index="1" bw="64" slack="0"/>
</pin_list>
<bind>
<opset="mux_case_2433607 "/>
</bind>
</comp>

<comp id="5468" class="1005" name="mux_case_2534611_reg_5468">
<pin_list>
<pin id="5469" dir="0" index="0" bw="64" slack="0"/>
<pin id="5470" dir="1" index="1" bw="64" slack="0"/>
</pin_list>
<bind>
<opset="mux_case_2534611 "/>
</bind>
</comp>

<comp id="5474" class="1005" name="mux_case_2635615_reg_5474">
<pin_list>
<pin id="5475" dir="0" index="0" bw="64" slack="0"/>
<pin id="5476" dir="1" index="1" bw="64" slack="0"/>
</pin_list>
<bind>
<opset="mux_case_2635615 "/>
</bind>
</comp>

<comp id="5480" class="1005" name="mux_case_2736619_reg_5480">
<pin_list>
<pin id="5481" dir="0" index="0" bw="64" slack="0"/>
<pin id="5482" dir="1" index="1" bw="64" slack="0"/>
</pin_list>
<bind>
<opset="mux_case_2736619 "/>
</bind>
</comp>

<comp id="5486" class="1005" name="mux_case_2837623_reg_5486">
<pin_list>
<pin id="5487" dir="0" index="0" bw="64" slack="0"/>
<pin id="5488" dir="1" index="1" bw="64" slack="0"/>
</pin_list>
<bind>
<opset="mux_case_2837623 "/>
</bind>
</comp>

<comp id="5492" class="1005" name="mux_case_2938627_reg_5492">
<pin_list>
<pin id="5493" dir="0" index="0" bw="64" slack="0"/>
<pin id="5494" dir="1" index="1" bw="64" slack="0"/>
</pin_list>
<bind>
<opset="mux_case_2938627 "/>
</bind>
</comp>

<comp id="5498" class="1005" name="mux_case_3039631_reg_5498">
<pin_list>
<pin id="5499" dir="0" index="0" bw="64" slack="0"/>
<pin id="5500" dir="1" index="1" bw="64" slack="0"/>
</pin_list>
<bind>
<opset="mux_case_3039631 "/>
</bind>
</comp>

<comp id="5504" class="1005" name="mux_case_3140635_reg_5504">
<pin_list>
<pin id="5505" dir="0" index="0" bw="64" slack="0"/>
<pin id="5506" dir="1" index="1" bw="64" slack="0"/>
</pin_list>
<bind>
<opset="mux_case_3140635 "/>
</bind>
</comp>

<comp id="5510" class="1005" name="mux_case_3241639_reg_5510">
<pin_list>
<pin id="5511" dir="0" index="0" bw="64" slack="0"/>
<pin id="5512" dir="1" index="1" bw="64" slack="0"/>
</pin_list>
<bind>
<opset="mux_case_3241639 "/>
</bind>
</comp>

<comp id="5516" class="1005" name="mux_case_3342643_reg_5516">
<pin_list>
<pin id="5517" dir="0" index="0" bw="64" slack="0"/>
<pin id="5518" dir="1" index="1" bw="64" slack="0"/>
</pin_list>
<bind>
<opset="mux_case_3342643 "/>
</bind>
</comp>

<comp id="5522" class="1005" name="mux_case_3443647_reg_5522">
<pin_list>
<pin id="5523" dir="0" index="0" bw="64" slack="0"/>
<pin id="5524" dir="1" index="1" bw="64" slack="0"/>
</pin_list>
<bind>
<opset="mux_case_3443647 "/>
</bind>
</comp>

<comp id="5528" class="1005" name="mux_case_3544651_reg_5528">
<pin_list>
<pin id="5529" dir="0" index="0" bw="64" slack="0"/>
<pin id="5530" dir="1" index="1" bw="64" slack="0"/>
</pin_list>
<bind>
<opset="mux_case_3544651 "/>
</bind>
</comp>

<comp id="5534" class="1005" name="mux_case_3645655_reg_5534">
<pin_list>
<pin id="5535" dir="0" index="0" bw="64" slack="0"/>
<pin id="5536" dir="1" index="1" bw="64" slack="0"/>
</pin_list>
<bind>
<opset="mux_case_3645655 "/>
</bind>
</comp>

<comp id="5540" class="1005" name="mux_case_3746659_reg_5540">
<pin_list>
<pin id="5541" dir="0" index="0" bw="64" slack="0"/>
<pin id="5542" dir="1" index="1" bw="64" slack="0"/>
</pin_list>
<bind>
<opset="mux_case_3746659 "/>
</bind>
</comp>

<comp id="5546" class="1005" name="mux_case_3847663_reg_5546">
<pin_list>
<pin id="5547" dir="0" index="0" bw="64" slack="0"/>
<pin id="5548" dir="1" index="1" bw="64" slack="0"/>
</pin_list>
<bind>
<opset="mux_case_3847663 "/>
</bind>
</comp>

<comp id="5552" class="1005" name="mux_case_3948667_reg_5552">
<pin_list>
<pin id="5553" dir="0" index="0" bw="64" slack="0"/>
<pin id="5554" dir="1" index="1" bw="64" slack="0"/>
</pin_list>
<bind>
<opset="mux_case_3948667 "/>
</bind>
</comp>

<comp id="5558" class="1005" name="mux_case_4049671_reg_5558">
<pin_list>
<pin id="5559" dir="0" index="0" bw="64" slack="0"/>
<pin id="5560" dir="1" index="1" bw="64" slack="0"/>
</pin_list>
<bind>
<opset="mux_case_4049671 "/>
</bind>
</comp>

<comp id="5564" class="1005" name="mux_case_4150675_reg_5564">
<pin_list>
<pin id="5565" dir="0" index="0" bw="64" slack="0"/>
<pin id="5566" dir="1" index="1" bw="64" slack="0"/>
</pin_list>
<bind>
<opset="mux_case_4150675 "/>
</bind>
</comp>

<comp id="5570" class="1005" name="mux_case_4251679_reg_5570">
<pin_list>
<pin id="5571" dir="0" index="0" bw="64" slack="0"/>
<pin id="5572" dir="1" index="1" bw="64" slack="0"/>
</pin_list>
<bind>
<opset="mux_case_4251679 "/>
</bind>
</comp>

<comp id="5576" class="1005" name="mux_case_4352683_reg_5576">
<pin_list>
<pin id="5577" dir="0" index="0" bw="64" slack="0"/>
<pin id="5578" dir="1" index="1" bw="64" slack="0"/>
</pin_list>
<bind>
<opset="mux_case_4352683 "/>
</bind>
</comp>

<comp id="5582" class="1005" name="mux_case_4453687_reg_5582">
<pin_list>
<pin id="5583" dir="0" index="0" bw="64" slack="0"/>
<pin id="5584" dir="1" index="1" bw="64" slack="0"/>
</pin_list>
<bind>
<opset="mux_case_4453687 "/>
</bind>
</comp>

<comp id="5588" class="1005" name="mux_case_4554691_reg_5588">
<pin_list>
<pin id="5589" dir="0" index="0" bw="64" slack="0"/>
<pin id="5590" dir="1" index="1" bw="64" slack="0"/>
</pin_list>
<bind>
<opset="mux_case_4554691 "/>
</bind>
</comp>

<comp id="5594" class="1005" name="mux_case_4655695_reg_5594">
<pin_list>
<pin id="5595" dir="0" index="0" bw="64" slack="0"/>
<pin id="5596" dir="1" index="1" bw="64" slack="0"/>
</pin_list>
<bind>
<opset="mux_case_4655695 "/>
</bind>
</comp>

<comp id="5600" class="1005" name="mux_case_4756699_reg_5600">
<pin_list>
<pin id="5601" dir="0" index="0" bw="64" slack="0"/>
<pin id="5602" dir="1" index="1" bw="64" slack="0"/>
</pin_list>
<bind>
<opset="mux_case_4756699 "/>
</bind>
</comp>

<comp id="5606" class="1005" name="mux_case_4857703_reg_5606">
<pin_list>
<pin id="5607" dir="0" index="0" bw="64" slack="0"/>
<pin id="5608" dir="1" index="1" bw="64" slack="0"/>
</pin_list>
<bind>
<opset="mux_case_4857703 "/>
</bind>
</comp>

<comp id="5612" class="1005" name="mux_case_4958707_reg_5612">
<pin_list>
<pin id="5613" dir="0" index="0" bw="64" slack="0"/>
<pin id="5614" dir="1" index="1" bw="64" slack="0"/>
</pin_list>
<bind>
<opset="mux_case_4958707 "/>
</bind>
</comp>

<comp id="5618" class="1005" name="mux_case_5059711_reg_5618">
<pin_list>
<pin id="5619" dir="0" index="0" bw="64" slack="0"/>
<pin id="5620" dir="1" index="1" bw="64" slack="0"/>
</pin_list>
<bind>
<opset="mux_case_5059711 "/>
</bind>
</comp>

<comp id="5624" class="1005" name="mux_case_5160715_reg_5624">
<pin_list>
<pin id="5625" dir="0" index="0" bw="64" slack="0"/>
<pin id="5626" dir="1" index="1" bw="64" slack="0"/>
</pin_list>
<bind>
<opset="mux_case_5160715 "/>
</bind>
</comp>

<comp id="5630" class="1005" name="mux_case_5261719_reg_5630">
<pin_list>
<pin id="5631" dir="0" index="0" bw="64" slack="0"/>
<pin id="5632" dir="1" index="1" bw="64" slack="0"/>
</pin_list>
<bind>
<opset="mux_case_5261719 "/>
</bind>
</comp>

<comp id="5636" class="1005" name="mux_case_5362723_reg_5636">
<pin_list>
<pin id="5637" dir="0" index="0" bw="64" slack="0"/>
<pin id="5638" dir="1" index="1" bw="64" slack="0"/>
</pin_list>
<bind>
<opset="mux_case_5362723 "/>
</bind>
</comp>

<comp id="5642" class="1005" name="mux_case_5463727_reg_5642">
<pin_list>
<pin id="5643" dir="0" index="0" bw="64" slack="0"/>
<pin id="5644" dir="1" index="1" bw="64" slack="0"/>
</pin_list>
<bind>
<opset="mux_case_5463727 "/>
</bind>
</comp>

<comp id="5648" class="1005" name="mux_case_5564731_reg_5648">
<pin_list>
<pin id="5649" dir="0" index="0" bw="64" slack="0"/>
<pin id="5650" dir="1" index="1" bw="64" slack="0"/>
</pin_list>
<bind>
<opset="mux_case_5564731 "/>
</bind>
</comp>

<comp id="5654" class="1005" name="mux_case_5665735_reg_5654">
<pin_list>
<pin id="5655" dir="0" index="0" bw="64" slack="0"/>
<pin id="5656" dir="1" index="1" bw="64" slack="0"/>
</pin_list>
<bind>
<opset="mux_case_5665735 "/>
</bind>
</comp>

<comp id="5660" class="1005" name="mux_case_5766739_reg_5660">
<pin_list>
<pin id="5661" dir="0" index="0" bw="64" slack="0"/>
<pin id="5662" dir="1" index="1" bw="64" slack="0"/>
</pin_list>
<bind>
<opset="mux_case_5766739 "/>
</bind>
</comp>

<comp id="5666" class="1005" name="mux_case_5867743_reg_5666">
<pin_list>
<pin id="5667" dir="0" index="0" bw="64" slack="0"/>
<pin id="5668" dir="1" index="1" bw="64" slack="0"/>
</pin_list>
<bind>
<opset="mux_case_5867743 "/>
</bind>
</comp>

<comp id="5672" class="1005" name="mux_case_5968747_reg_5672">
<pin_list>
<pin id="5673" dir="0" index="0" bw="64" slack="0"/>
<pin id="5674" dir="1" index="1" bw="64" slack="0"/>
</pin_list>
<bind>
<opset="mux_case_5968747 "/>
</bind>
</comp>

<comp id="5678" class="1005" name="mux_case_6069751_reg_5678">
<pin_list>
<pin id="5679" dir="0" index="0" bw="64" slack="0"/>
<pin id="5680" dir="1" index="1" bw="64" slack="0"/>
</pin_list>
<bind>
<opset="mux_case_6069751 "/>
</bind>
</comp>

<comp id="5684" class="1005" name="mux_case_6170755_reg_5684">
<pin_list>
<pin id="5685" dir="0" index="0" bw="64" slack="0"/>
<pin id="5686" dir="1" index="1" bw="64" slack="0"/>
</pin_list>
<bind>
<opset="mux_case_6170755 "/>
</bind>
</comp>

<comp id="5690" class="1005" name="mux_case_6271759_reg_5690">
<pin_list>
<pin id="5691" dir="0" index="0" bw="64" slack="0"/>
<pin id="5692" dir="1" index="1" bw="64" slack="0"/>
</pin_list>
<bind>
<opset="mux_case_6271759 "/>
</bind>
</comp>

<comp id="5696" class="1005" name="mux_case_6372763_reg_5696">
<pin_list>
<pin id="5697" dir="0" index="0" bw="64" slack="0"/>
<pin id="5698" dir="1" index="1" bw="64" slack="0"/>
</pin_list>
<bind>
<opset="mux_case_6372763 "/>
</bind>
</comp>

<comp id="5702" class="1005" name="mux_case_6473767_reg_5702">
<pin_list>
<pin id="5703" dir="0" index="0" bw="64" slack="0"/>
<pin id="5704" dir="1" index="1" bw="64" slack="0"/>
</pin_list>
<bind>
<opset="mux_case_6473767 "/>
</bind>
</comp>

<comp id="5708" class="1005" name="mux_case_6574771_reg_5708">
<pin_list>
<pin id="5709" dir="0" index="0" bw="64" slack="0"/>
<pin id="5710" dir="1" index="1" bw="64" slack="0"/>
</pin_list>
<bind>
<opset="mux_case_6574771 "/>
</bind>
</comp>

<comp id="5714" class="1005" name="mux_case_6675775_reg_5714">
<pin_list>
<pin id="5715" dir="0" index="0" bw="64" slack="0"/>
<pin id="5716" dir="1" index="1" bw="64" slack="0"/>
</pin_list>
<bind>
<opset="mux_case_6675775 "/>
</bind>
</comp>

<comp id="5720" class="1005" name="mux_case_6776779_reg_5720">
<pin_list>
<pin id="5721" dir="0" index="0" bw="64" slack="0"/>
<pin id="5722" dir="1" index="1" bw="64" slack="0"/>
</pin_list>
<bind>
<opset="mux_case_6776779 "/>
</bind>
</comp>

<comp id="5726" class="1005" name="mux_case_6877783_reg_5726">
<pin_list>
<pin id="5727" dir="0" index="0" bw="64" slack="0"/>
<pin id="5728" dir="1" index="1" bw="64" slack="0"/>
</pin_list>
<bind>
<opset="mux_case_6877783 "/>
</bind>
</comp>

<comp id="5732" class="1005" name="mux_case_6978787_reg_5732">
<pin_list>
<pin id="5733" dir="0" index="0" bw="64" slack="0"/>
<pin id="5734" dir="1" index="1" bw="64" slack="0"/>
</pin_list>
<bind>
<opset="mux_case_6978787 "/>
</bind>
</comp>

<comp id="5738" class="1005" name="mux_case_7079791_reg_5738">
<pin_list>
<pin id="5739" dir="0" index="0" bw="64" slack="0"/>
<pin id="5740" dir="1" index="1" bw="64" slack="0"/>
</pin_list>
<bind>
<opset="mux_case_7079791 "/>
</bind>
</comp>

<comp id="5744" class="1005" name="mux_case_7180795_reg_5744">
<pin_list>
<pin id="5745" dir="0" index="0" bw="64" slack="0"/>
<pin id="5746" dir="1" index="1" bw="64" slack="0"/>
</pin_list>
<bind>
<opset="mux_case_7180795 "/>
</bind>
</comp>

<comp id="5750" class="1005" name="mux_case_7281799_reg_5750">
<pin_list>
<pin id="5751" dir="0" index="0" bw="64" slack="0"/>
<pin id="5752" dir="1" index="1" bw="64" slack="0"/>
</pin_list>
<bind>
<opset="mux_case_7281799 "/>
</bind>
</comp>

<comp id="5756" class="1005" name="mux_case_7382803_reg_5756">
<pin_list>
<pin id="5757" dir="0" index="0" bw="64" slack="0"/>
<pin id="5758" dir="1" index="1" bw="64" slack="0"/>
</pin_list>
<bind>
<opset="mux_case_7382803 "/>
</bind>
</comp>

<comp id="5762" class="1005" name="mux_case_7483807_reg_5762">
<pin_list>
<pin id="5763" dir="0" index="0" bw="64" slack="0"/>
<pin id="5764" dir="1" index="1" bw="64" slack="0"/>
</pin_list>
<bind>
<opset="mux_case_7483807 "/>
</bind>
</comp>

<comp id="5768" class="1005" name="mux_case_7584811_reg_5768">
<pin_list>
<pin id="5769" dir="0" index="0" bw="64" slack="0"/>
<pin id="5770" dir="1" index="1" bw="64" slack="0"/>
</pin_list>
<bind>
<opset="mux_case_7584811 "/>
</bind>
</comp>

<comp id="5774" class="1005" name="mux_case_7685815_reg_5774">
<pin_list>
<pin id="5775" dir="0" index="0" bw="64" slack="0"/>
<pin id="5776" dir="1" index="1" bw="64" slack="0"/>
</pin_list>
<bind>
<opset="mux_case_7685815 "/>
</bind>
</comp>

<comp id="5780" class="1005" name="mux_case_7786819_reg_5780">
<pin_list>
<pin id="5781" dir="0" index="0" bw="64" slack="0"/>
<pin id="5782" dir="1" index="1" bw="64" slack="0"/>
</pin_list>
<bind>
<opset="mux_case_7786819 "/>
</bind>
</comp>

<comp id="5786" class="1005" name="mux_case_7887823_reg_5786">
<pin_list>
<pin id="5787" dir="0" index="0" bw="64" slack="0"/>
<pin id="5788" dir="1" index="1" bw="64" slack="0"/>
</pin_list>
<bind>
<opset="mux_case_7887823 "/>
</bind>
</comp>

<comp id="5792" class="1005" name="mux_case_7988827_reg_5792">
<pin_list>
<pin id="5793" dir="0" index="0" bw="64" slack="0"/>
<pin id="5794" dir="1" index="1" bw="64" slack="0"/>
</pin_list>
<bind>
<opset="mux_case_7988827 "/>
</bind>
</comp>

<comp id="5798" class="1005" name="mux_case_8089831_reg_5798">
<pin_list>
<pin id="5799" dir="0" index="0" bw="64" slack="0"/>
<pin id="5800" dir="1" index="1" bw="64" slack="0"/>
</pin_list>
<bind>
<opset="mux_case_8089831 "/>
</bind>
</comp>

<comp id="5804" class="1005" name="mux_case_8190835_reg_5804">
<pin_list>
<pin id="5805" dir="0" index="0" bw="64" slack="0"/>
<pin id="5806" dir="1" index="1" bw="64" slack="0"/>
</pin_list>
<bind>
<opset="mux_case_8190835 "/>
</bind>
</comp>

<comp id="5810" class="1005" name="mux_case_8291839_reg_5810">
<pin_list>
<pin id="5811" dir="0" index="0" bw="64" slack="0"/>
<pin id="5812" dir="1" index="1" bw="64" slack="0"/>
</pin_list>
<bind>
<opset="mux_case_8291839 "/>
</bind>
</comp>

<comp id="5816" class="1005" name="mux_case_8392843_reg_5816">
<pin_list>
<pin id="5817" dir="0" index="0" bw="64" slack="0"/>
<pin id="5818" dir="1" index="1" bw="64" slack="0"/>
</pin_list>
<bind>
<opset="mux_case_8392843 "/>
</bind>
</comp>

<comp id="5822" class="1005" name="mux_case_8493847_reg_5822">
<pin_list>
<pin id="5823" dir="0" index="0" bw="64" slack="0"/>
<pin id="5824" dir="1" index="1" bw="64" slack="0"/>
</pin_list>
<bind>
<opset="mux_case_8493847 "/>
</bind>
</comp>

<comp id="5828" class="1005" name="mux_case_8594851_reg_5828">
<pin_list>
<pin id="5829" dir="0" index="0" bw="64" slack="0"/>
<pin id="5830" dir="1" index="1" bw="64" slack="0"/>
</pin_list>
<bind>
<opset="mux_case_8594851 "/>
</bind>
</comp>

<comp id="5834" class="1005" name="mux_case_8695855_reg_5834">
<pin_list>
<pin id="5835" dir="0" index="0" bw="64" slack="0"/>
<pin id="5836" dir="1" index="1" bw="64" slack="0"/>
</pin_list>
<bind>
<opset="mux_case_8695855 "/>
</bind>
</comp>

<comp id="5840" class="1005" name="mux_case_8796859_reg_5840">
<pin_list>
<pin id="5841" dir="0" index="0" bw="64" slack="0"/>
<pin id="5842" dir="1" index="1" bw="64" slack="0"/>
</pin_list>
<bind>
<opset="mux_case_8796859 "/>
</bind>
</comp>

<comp id="5846" class="1005" name="mux_case_8897863_reg_5846">
<pin_list>
<pin id="5847" dir="0" index="0" bw="64" slack="0"/>
<pin id="5848" dir="1" index="1" bw="64" slack="0"/>
</pin_list>
<bind>
<opset="mux_case_8897863 "/>
</bind>
</comp>

<comp id="5852" class="1005" name="mux_case_8998867_reg_5852">
<pin_list>
<pin id="5853" dir="0" index="0" bw="64" slack="0"/>
<pin id="5854" dir="1" index="1" bw="64" slack="0"/>
</pin_list>
<bind>
<opset="mux_case_8998867 "/>
</bind>
</comp>

<comp id="5858" class="1005" name="mux_case_9099871_reg_5858">
<pin_list>
<pin id="5859" dir="0" index="0" bw="64" slack="0"/>
<pin id="5860" dir="1" index="1" bw="64" slack="0"/>
</pin_list>
<bind>
<opset="mux_case_9099871 "/>
</bind>
</comp>

<comp id="5864" class="1005" name="mux_case_91100875_reg_5864">
<pin_list>
<pin id="5865" dir="0" index="0" bw="64" slack="0"/>
<pin id="5866" dir="1" index="1" bw="64" slack="0"/>
</pin_list>
<bind>
<opset="mux_case_91100875 "/>
</bind>
</comp>

<comp id="5870" class="1005" name="mux_case_92101879_reg_5870">
<pin_list>
<pin id="5871" dir="0" index="0" bw="64" slack="0"/>
<pin id="5872" dir="1" index="1" bw="64" slack="0"/>
</pin_list>
<bind>
<opset="mux_case_92101879 "/>
</bind>
</comp>

<comp id="5876" class="1005" name="mux_case_93102883_reg_5876">
<pin_list>
<pin id="5877" dir="0" index="0" bw="64" slack="0"/>
<pin id="5878" dir="1" index="1" bw="64" slack="0"/>
</pin_list>
<bind>
<opset="mux_case_93102883 "/>
</bind>
</comp>

<comp id="5882" class="1005" name="mux_case_94103887_reg_5882">
<pin_list>
<pin id="5883" dir="0" index="0" bw="64" slack="0"/>
<pin id="5884" dir="1" index="1" bw="64" slack="0"/>
</pin_list>
<bind>
<opset="mux_case_94103887 "/>
</bind>
</comp>

<comp id="5888" class="1005" name="mux_case_95104891_reg_5888">
<pin_list>
<pin id="5889" dir="0" index="0" bw="64" slack="0"/>
<pin id="5890" dir="1" index="1" bw="64" slack="0"/>
</pin_list>
<bind>
<opset="mux_case_95104891 "/>
</bind>
</comp>

<comp id="5894" class="1005" name="mux_case_96105895_reg_5894">
<pin_list>
<pin id="5895" dir="0" index="0" bw="64" slack="0"/>
<pin id="5896" dir="1" index="1" bw="64" slack="0"/>
</pin_list>
<bind>
<opset="mux_case_96105895 "/>
</bind>
</comp>

<comp id="5900" class="1005" name="mux_case_97106899_reg_5900">
<pin_list>
<pin id="5901" dir="0" index="0" bw="64" slack="0"/>
<pin id="5902" dir="1" index="1" bw="64" slack="0"/>
</pin_list>
<bind>
<opset="mux_case_97106899 "/>
</bind>
</comp>

<comp id="5906" class="1005" name="mux_case_98107903_reg_5906">
<pin_list>
<pin id="5907" dir="0" index="0" bw="64" slack="0"/>
<pin id="5908" dir="1" index="1" bw="64" slack="0"/>
</pin_list>
<bind>
<opset="mux_case_98107903 "/>
</bind>
</comp>

<comp id="5912" class="1005" name="mux_case_99108907_reg_5912">
<pin_list>
<pin id="5913" dir="0" index="0" bw="64" slack="0"/>
<pin id="5914" dir="1" index="1" bw="64" slack="0"/>
</pin_list>
<bind>
<opset="mux_case_99108907 "/>
</bind>
</comp>

<comp id="5918" class="1005" name="i_2_reg_5918">
<pin_list>
<pin id="5919" dir="0" index="0" bw="7" slack="1"/>
<pin id="5920" dir="1" index="1" bw="7" slack="2147483647"/>
</pin_list>
<bind>
<opset="i_2 "/>
</bind>
</comp>

<comp id="5925" class="1005" name="atomLocations_addr_reg_5925">
<pin_list>
<pin id="5926" dir="0" index="0" bw="7" slack="1"/>
<pin id="5927" dir="1" index="1" bw="7" slack="1"/>
</pin_list>
<bind>
<opset="atomLocations_addr "/>
</bind>
</comp>

</comp_list>

<net_list>
<net id="635"><net_src comp="404" pin="0"/><net_sink comp="632" pin=0"/></net>

<net id="639"><net_src comp="404" pin="0"/><net_sink comp="636" pin=0"/></net>

<net id="643"><net_src comp="404" pin="0"/><net_sink comp="640" pin=0"/></net>

<net id="647"><net_src comp="404" pin="0"/><net_sink comp="644" pin=0"/></net>

<net id="651"><net_src comp="404" pin="0"/><net_sink comp="648" pin=0"/></net>

<net id="655"><net_src comp="404" pin="0"/><net_sink comp="652" pin=0"/></net>

<net id="659"><net_src comp="404" pin="0"/><net_sink comp="656" pin=0"/></net>

<net id="663"><net_src comp="404" pin="0"/><net_sink comp="660" pin=0"/></net>

<net id="667"><net_src comp="404" pin="0"/><net_sink comp="664" pin=0"/></net>

<net id="671"><net_src comp="404" pin="0"/><net_sink comp="668" pin=0"/></net>

<net id="675"><net_src comp="404" pin="0"/><net_sink comp="672" pin=0"/></net>

<net id="679"><net_src comp="404" pin="0"/><net_sink comp="676" pin=0"/></net>

<net id="683"><net_src comp="404" pin="0"/><net_sink comp="680" pin=0"/></net>

<net id="687"><net_src comp="404" pin="0"/><net_sink comp="684" pin=0"/></net>

<net id="691"><net_src comp="404" pin="0"/><net_sink comp="688" pin=0"/></net>

<net id="695"><net_src comp="404" pin="0"/><net_sink comp="692" pin=0"/></net>

<net id="699"><net_src comp="404" pin="0"/><net_sink comp="696" pin=0"/></net>

<net id="703"><net_src comp="404" pin="0"/><net_sink comp="700" pin=0"/></net>

<net id="707"><net_src comp="404" pin="0"/><net_sink comp="704" pin=0"/></net>

<net id="711"><net_src comp="404" pin="0"/><net_sink comp="708" pin=0"/></net>

<net id="715"><net_src comp="404" pin="0"/><net_sink comp="712" pin=0"/></net>

<net id="719"><net_src comp="404" pin="0"/><net_sink comp="716" pin=0"/></net>

<net id="723"><net_src comp="404" pin="0"/><net_sink comp="720" pin=0"/></net>

<net id="727"><net_src comp="404" pin="0"/><net_sink comp="724" pin=0"/></net>

<net id="731"><net_src comp="404" pin="0"/><net_sink comp="728" pin=0"/></net>

<net id="735"><net_src comp="404" pin="0"/><net_sink comp="732" pin=0"/></net>

<net id="739"><net_src comp="404" pin="0"/><net_sink comp="736" pin=0"/></net>

<net id="743"><net_src comp="404" pin="0"/><net_sink comp="740" pin=0"/></net>

<net id="747"><net_src comp="404" pin="0"/><net_sink comp="744" pin=0"/></net>

<net id="751"><net_src comp="404" pin="0"/><net_sink comp="748" pin=0"/></net>

<net id="755"><net_src comp="404" pin="0"/><net_sink comp="752" pin=0"/></net>

<net id="759"><net_src comp="404" pin="0"/><net_sink comp="756" pin=0"/></net>

<net id="763"><net_src comp="404" pin="0"/><net_sink comp="760" pin=0"/></net>

<net id="767"><net_src comp="404" pin="0"/><net_sink comp="764" pin=0"/></net>

<net id="771"><net_src comp="404" pin="0"/><net_sink comp="768" pin=0"/></net>

<net id="775"><net_src comp="404" pin="0"/><net_sink comp="772" pin=0"/></net>

<net id="779"><net_src comp="404" pin="0"/><net_sink comp="776" pin=0"/></net>

<net id="783"><net_src comp="404" pin="0"/><net_sink comp="780" pin=0"/></net>

<net id="787"><net_src comp="404" pin="0"/><net_sink comp="784" pin=0"/></net>

<net id="791"><net_src comp="404" pin="0"/><net_sink comp="788" pin=0"/></net>

<net id="795"><net_src comp="404" pin="0"/><net_sink comp="792" pin=0"/></net>

<net id="799"><net_src comp="404" pin="0"/><net_sink comp="796" pin=0"/></net>

<net id="803"><net_src comp="404" pin="0"/><net_sink comp="800" pin=0"/></net>

<net id="807"><net_src comp="404" pin="0"/><net_sink comp="804" pin=0"/></net>

<net id="811"><net_src comp="404" pin="0"/><net_sink comp="808" pin=0"/></net>

<net id="815"><net_src comp="404" pin="0"/><net_sink comp="812" pin=0"/></net>

<net id="819"><net_src comp="404" pin="0"/><net_sink comp="816" pin=0"/></net>

<net id="823"><net_src comp="404" pin="0"/><net_sink comp="820" pin=0"/></net>

<net id="827"><net_src comp="404" pin="0"/><net_sink comp="824" pin=0"/></net>

<net id="831"><net_src comp="404" pin="0"/><net_sink comp="828" pin=0"/></net>

<net id="835"><net_src comp="404" pin="0"/><net_sink comp="832" pin=0"/></net>

<net id="839"><net_src comp="404" pin="0"/><net_sink comp="836" pin=0"/></net>

<net id="843"><net_src comp="404" pin="0"/><net_sink comp="840" pin=0"/></net>

<net id="847"><net_src comp="404" pin="0"/><net_sink comp="844" pin=0"/></net>

<net id="851"><net_src comp="404" pin="0"/><net_sink comp="848" pin=0"/></net>

<net id="855"><net_src comp="404" pin="0"/><net_sink comp="852" pin=0"/></net>

<net id="859"><net_src comp="404" pin="0"/><net_sink comp="856" pin=0"/></net>

<net id="863"><net_src comp="404" pin="0"/><net_sink comp="860" pin=0"/></net>

<net id="867"><net_src comp="404" pin="0"/><net_sink comp="864" pin=0"/></net>

<net id="871"><net_src comp="404" pin="0"/><net_sink comp="868" pin=0"/></net>

<net id="875"><net_src comp="404" pin="0"/><net_sink comp="872" pin=0"/></net>

<net id="879"><net_src comp="404" pin="0"/><net_sink comp="876" pin=0"/></net>

<net id="883"><net_src comp="404" pin="0"/><net_sink comp="880" pin=0"/></net>

<net id="887"><net_src comp="404" pin="0"/><net_sink comp="884" pin=0"/></net>

<net id="891"><net_src comp="404" pin="0"/><net_sink comp="888" pin=0"/></net>

<net id="895"><net_src comp="404" pin="0"/><net_sink comp="892" pin=0"/></net>

<net id="899"><net_src comp="404" pin="0"/><net_sink comp="896" pin=0"/></net>

<net id="903"><net_src comp="404" pin="0"/><net_sink comp="900" pin=0"/></net>

<net id="907"><net_src comp="404" pin="0"/><net_sink comp="904" pin=0"/></net>

<net id="911"><net_src comp="404" pin="0"/><net_sink comp="908" pin=0"/></net>

<net id="915"><net_src comp="404" pin="0"/><net_sink comp="912" pin=0"/></net>

<net id="919"><net_src comp="404" pin="0"/><net_sink comp="916" pin=0"/></net>

<net id="923"><net_src comp="404" pin="0"/><net_sink comp="920" pin=0"/></net>

<net id="927"><net_src comp="404" pin="0"/><net_sink comp="924" pin=0"/></net>

<net id="931"><net_src comp="404" pin="0"/><net_sink comp="928" pin=0"/></net>

<net id="935"><net_src comp="404" pin="0"/><net_sink comp="932" pin=0"/></net>

<net id="939"><net_src comp="404" pin="0"/><net_sink comp="936" pin=0"/></net>

<net id="943"><net_src comp="404" pin="0"/><net_sink comp="940" pin=0"/></net>

<net id="947"><net_src comp="404" pin="0"/><net_sink comp="944" pin=0"/></net>

<net id="951"><net_src comp="404" pin="0"/><net_sink comp="948" pin=0"/></net>

<net id="955"><net_src comp="404" pin="0"/><net_sink comp="952" pin=0"/></net>

<net id="959"><net_src comp="404" pin="0"/><net_sink comp="956" pin=0"/></net>

<net id="963"><net_src comp="404" pin="0"/><net_sink comp="960" pin=0"/></net>

<net id="967"><net_src comp="404" pin="0"/><net_sink comp="964" pin=0"/></net>

<net id="971"><net_src comp="404" pin="0"/><net_sink comp="968" pin=0"/></net>

<net id="975"><net_src comp="404" pin="0"/><net_sink comp="972" pin=0"/></net>

<net id="979"><net_src comp="404" pin="0"/><net_sink comp="976" pin=0"/></net>

<net id="983"><net_src comp="404" pin="0"/><net_sink comp="980" pin=0"/></net>

<net id="987"><net_src comp="404" pin="0"/><net_sink comp="984" pin=0"/></net>

<net id="991"><net_src comp="404" pin="0"/><net_sink comp="988" pin=0"/></net>

<net id="995"><net_src comp="404" pin="0"/><net_sink comp="992" pin=0"/></net>

<net id="999"><net_src comp="404" pin="0"/><net_sink comp="996" pin=0"/></net>

<net id="1003"><net_src comp="404" pin="0"/><net_sink comp="1000" pin=0"/></net>

<net id="1007"><net_src comp="404" pin="0"/><net_sink comp="1004" pin=0"/></net>

<net id="1011"><net_src comp="404" pin="0"/><net_sink comp="1008" pin=0"/></net>

<net id="1015"><net_src comp="404" pin="0"/><net_sink comp="1012" pin=0"/></net>

<net id="1019"><net_src comp="404" pin="0"/><net_sink comp="1016" pin=0"/></net>

<net id="1023"><net_src comp="404" pin="0"/><net_sink comp="1020" pin=0"/></net>

<net id="1027"><net_src comp="404" pin="0"/><net_sink comp="1024" pin=0"/></net>

<net id="1031"><net_src comp="404" pin="0"/><net_sink comp="1028" pin=0"/></net>

<net id="1035"><net_src comp="404" pin="0"/><net_sink comp="1032" pin=0"/></net>

<net id="1039"><net_src comp="404" pin="0"/><net_sink comp="1036" pin=0"/></net>

<net id="1043"><net_src comp="404" pin="0"/><net_sink comp="1040" pin=0"/></net>

<net id="1047"><net_src comp="404" pin="0"/><net_sink comp="1044" pin=0"/></net>

<net id="1051"><net_src comp="404" pin="0"/><net_sink comp="1048" pin=0"/></net>

<net id="1055"><net_src comp="404" pin="0"/><net_sink comp="1052" pin=0"/></net>

<net id="1059"><net_src comp="404" pin="0"/><net_sink comp="1056" pin=0"/></net>

<net id="1063"><net_src comp="404" pin="0"/><net_sink comp="1060" pin=0"/></net>

<net id="1067"><net_src comp="404" pin="0"/><net_sink comp="1064" pin=0"/></net>

<net id="1071"><net_src comp="404" pin="0"/><net_sink comp="1068" pin=0"/></net>

<net id="1075"><net_src comp="404" pin="0"/><net_sink comp="1072" pin=0"/></net>

<net id="1079"><net_src comp="404" pin="0"/><net_sink comp="1076" pin=0"/></net>

<net id="1083"><net_src comp="404" pin="0"/><net_sink comp="1080" pin=0"/></net>

<net id="1087"><net_src comp="404" pin="0"/><net_sink comp="1084" pin=0"/></net>

<net id="1091"><net_src comp="404" pin="0"/><net_sink comp="1088" pin=0"/></net>

<net id="1095"><net_src comp="404" pin="0"/><net_sink comp="1092" pin=0"/></net>

<net id="1099"><net_src comp="404" pin="0"/><net_sink comp="1096" pin=0"/></net>

<net id="1103"><net_src comp="404" pin="0"/><net_sink comp="1100" pin=0"/></net>

<net id="1107"><net_src comp="404" pin="0"/><net_sink comp="1104" pin=0"/></net>

<net id="1111"><net_src comp="404" pin="0"/><net_sink comp="1108" pin=0"/></net>

<net id="1115"><net_src comp="404" pin="0"/><net_sink comp="1112" pin=0"/></net>

<net id="1119"><net_src comp="404" pin="0"/><net_sink comp="1116" pin=0"/></net>

<net id="1123"><net_src comp="404" pin="0"/><net_sink comp="1120" pin=0"/></net>

<net id="1127"><net_src comp="404" pin="0"/><net_sink comp="1124" pin=0"/></net>

<net id="1131"><net_src comp="404" pin="0"/><net_sink comp="1128" pin=0"/></net>

<net id="1135"><net_src comp="404" pin="0"/><net_sink comp="1132" pin=0"/></net>

<net id="1139"><net_src comp="404" pin="0"/><net_sink comp="1136" pin=0"/></net>

<net id="1143"><net_src comp="404" pin="0"/><net_sink comp="1140" pin=0"/></net>

<net id="1147"><net_src comp="404" pin="0"/><net_sink comp="1144" pin=0"/></net>

<net id="1151"><net_src comp="404" pin="0"/><net_sink comp="1148" pin=0"/></net>

<net id="1155"><net_src comp="404" pin="0"/><net_sink comp="1152" pin=0"/></net>

<net id="1159"><net_src comp="404" pin="0"/><net_sink comp="1156" pin=0"/></net>

<net id="1163"><net_src comp="404" pin="0"/><net_sink comp="1160" pin=0"/></net>

<net id="1167"><net_src comp="404" pin="0"/><net_sink comp="1164" pin=0"/></net>

<net id="1171"><net_src comp="404" pin="0"/><net_sink comp="1168" pin=0"/></net>

<net id="1175"><net_src comp="404" pin="0"/><net_sink comp="1172" pin=0"/></net>

<net id="1179"><net_src comp="404" pin="0"/><net_sink comp="1176" pin=0"/></net>

<net id="1183"><net_src comp="404" pin="0"/><net_sink comp="1180" pin=0"/></net>

<net id="1187"><net_src comp="404" pin="0"/><net_sink comp="1184" pin=0"/></net>

<net id="1191"><net_src comp="404" pin="0"/><net_sink comp="1188" pin=0"/></net>

<net id="1195"><net_src comp="404" pin="0"/><net_sink comp="1192" pin=0"/></net>

<net id="1199"><net_src comp="404" pin="0"/><net_sink comp="1196" pin=0"/></net>

<net id="1203"><net_src comp="404" pin="0"/><net_sink comp="1200" pin=0"/></net>

<net id="1207"><net_src comp="404" pin="0"/><net_sink comp="1204" pin=0"/></net>

<net id="1211"><net_src comp="404" pin="0"/><net_sink comp="1208" pin=0"/></net>

<net id="1215"><net_src comp="404" pin="0"/><net_sink comp="1212" pin=0"/></net>

<net id="1219"><net_src comp="404" pin="0"/><net_sink comp="1216" pin=0"/></net>

<net id="1223"><net_src comp="404" pin="0"/><net_sink comp="1220" pin=0"/></net>

<net id="1227"><net_src comp="404" pin="0"/><net_sink comp="1224" pin=0"/></net>

<net id="1231"><net_src comp="404" pin="0"/><net_sink comp="1228" pin=0"/></net>

<net id="1235"><net_src comp="404" pin="0"/><net_sink comp="1232" pin=0"/></net>

<net id="1239"><net_src comp="404" pin="0"/><net_sink comp="1236" pin=0"/></net>

<net id="1243"><net_src comp="404" pin="0"/><net_sink comp="1240" pin=0"/></net>

<net id="1247"><net_src comp="404" pin="0"/><net_sink comp="1244" pin=0"/></net>

<net id="1251"><net_src comp="404" pin="0"/><net_sink comp="1248" pin=0"/></net>

<net id="1255"><net_src comp="404" pin="0"/><net_sink comp="1252" pin=0"/></net>

<net id="1259"><net_src comp="404" pin="0"/><net_sink comp="1256" pin=0"/></net>

<net id="1263"><net_src comp="404" pin="0"/><net_sink comp="1260" pin=0"/></net>

<net id="1267"><net_src comp="404" pin="0"/><net_sink comp="1264" pin=0"/></net>

<net id="1271"><net_src comp="404" pin="0"/><net_sink comp="1268" pin=0"/></net>

<net id="1275"><net_src comp="404" pin="0"/><net_sink comp="1272" pin=0"/></net>

<net id="1279"><net_src comp="404" pin="0"/><net_sink comp="1276" pin=0"/></net>

<net id="1283"><net_src comp="404" pin="0"/><net_sink comp="1280" pin=0"/></net>

<net id="1287"><net_src comp="404" pin="0"/><net_sink comp="1284" pin=0"/></net>

<net id="1291"><net_src comp="404" pin="0"/><net_sink comp="1288" pin=0"/></net>

<net id="1295"><net_src comp="404" pin="0"/><net_sink comp="1292" pin=0"/></net>

<net id="1299"><net_src comp="404" pin="0"/><net_sink comp="1296" pin=0"/></net>

<net id="1303"><net_src comp="404" pin="0"/><net_sink comp="1300" pin=0"/></net>

<net id="1307"><net_src comp="404" pin="0"/><net_sink comp="1304" pin=0"/></net>

<net id="1311"><net_src comp="404" pin="0"/><net_sink comp="1308" pin=0"/></net>

<net id="1315"><net_src comp="404" pin="0"/><net_sink comp="1312" pin=0"/></net>

<net id="1319"><net_src comp="404" pin="0"/><net_sink comp="1316" pin=0"/></net>

<net id="1323"><net_src comp="404" pin="0"/><net_sink comp="1320" pin=0"/></net>

<net id="1327"><net_src comp="404" pin="0"/><net_sink comp="1324" pin=0"/></net>

<net id="1331"><net_src comp="404" pin="0"/><net_sink comp="1328" pin=0"/></net>

<net id="1335"><net_src comp="404" pin="0"/><net_sink comp="1332" pin=0"/></net>

<net id="1339"><net_src comp="404" pin="0"/><net_sink comp="1336" pin=0"/></net>

<net id="1343"><net_src comp="404" pin="0"/><net_sink comp="1340" pin=0"/></net>

<net id="1347"><net_src comp="404" pin="0"/><net_sink comp="1344" pin=0"/></net>

<net id="1351"><net_src comp="404" pin="0"/><net_sink comp="1348" pin=0"/></net>

<net id="1355"><net_src comp="404" pin="0"/><net_sink comp="1352" pin=0"/></net>

<net id="1359"><net_src comp="404" pin="0"/><net_sink comp="1356" pin=0"/></net>

<net id="1363"><net_src comp="404" pin="0"/><net_sink comp="1360" pin=0"/></net>

<net id="1367"><net_src comp="404" pin="0"/><net_sink comp="1364" pin=0"/></net>

<net id="1371"><net_src comp="404" pin="0"/><net_sink comp="1368" pin=0"/></net>

<net id="1375"><net_src comp="404" pin="0"/><net_sink comp="1372" pin=0"/></net>

<net id="1379"><net_src comp="404" pin="0"/><net_sink comp="1376" pin=0"/></net>

<net id="1383"><net_src comp="404" pin="0"/><net_sink comp="1380" pin=0"/></net>

<net id="1387"><net_src comp="404" pin="0"/><net_sink comp="1384" pin=0"/></net>

<net id="1391"><net_src comp="404" pin="0"/><net_sink comp="1388" pin=0"/></net>

<net id="1395"><net_src comp="404" pin="0"/><net_sink comp="1392" pin=0"/></net>

<net id="1399"><net_src comp="404" pin="0"/><net_sink comp="1396" pin=0"/></net>

<net id="1403"><net_src comp="404" pin="0"/><net_sink comp="1400" pin=0"/></net>

<net id="1407"><net_src comp="404" pin="0"/><net_sink comp="1404" pin=0"/></net>

<net id="1411"><net_src comp="404" pin="0"/><net_sink comp="1408" pin=0"/></net>

<net id="1415"><net_src comp="404" pin="0"/><net_sink comp="1412" pin=0"/></net>

<net id="1419"><net_src comp="404" pin="0"/><net_sink comp="1416" pin=0"/></net>

<net id="1423"><net_src comp="404" pin="0"/><net_sink comp="1420" pin=0"/></net>

<net id="1427"><net_src comp="404" pin="0"/><net_sink comp="1424" pin=0"/></net>

<net id="1431"><net_src comp="404" pin="0"/><net_sink comp="1428" pin=0"/></net>

<net id="1435"><net_src comp="404" pin="0"/><net_sink comp="1432" pin=0"/></net>

<net id="1440"><net_src comp="416" pin="0"/><net_sink comp="1436" pin=0"/></net>

<net id="1441"><net_src comp="0" pin="0"/><net_sink comp="1436" pin=1"/></net>

<net id="1447"><net_src comp="630" pin="0"/><net_sink comp="1442" pin=0"/></net>

<net id="1448"><net_src comp="4" pin="0"/><net_sink comp="1442" pin=1"/></net>

<net id="1454"><net_src comp="630" pin="0"/><net_sink comp="1449" pin=0"/></net>

<net id="1455"><net_src comp="6" pin="0"/><net_sink comp="1449" pin=1"/></net>

<net id="1461"><net_src comp="630" pin="0"/><net_sink comp="1456" pin=0"/></net>

<net id="1462"><net_src comp="8" pin="0"/><net_sink comp="1456" pin=1"/></net>

<net id="1468"><net_src comp="630" pin="0"/><net_sink comp="1463" pin=0"/></net>

<net id="1469"><net_src comp="10" pin="0"/><net_sink comp="1463" pin=1"/></net>

<net id="1475"><net_src comp="630" pin="0"/><net_sink comp="1470" pin=0"/></net>

<net id="1476"><net_src comp="12" pin="0"/><net_sink comp="1470" pin=1"/></net>

<net id="1482"><net_src comp="630" pin="0"/><net_sink comp="1477" pin=0"/></net>

<net id="1483"><net_src comp="14" pin="0"/><net_sink comp="1477" pin=1"/></net>

<net id="1489"><net_src comp="630" pin="0"/><net_sink comp="1484" pin=0"/></net>

<net id="1490"><net_src comp="16" pin="0"/><net_sink comp="1484" pin=1"/></net>

<net id="1496"><net_src comp="630" pin="0"/><net_sink comp="1491" pin=0"/></net>

<net id="1497"><net_src comp="18" pin="0"/><net_sink comp="1491" pin=1"/></net>

<net id="1503"><net_src comp="630" pin="0"/><net_sink comp="1498" pin=0"/></net>

<net id="1504"><net_src comp="20" pin="0"/><net_sink comp="1498" pin=1"/></net>

<net id="1510"><net_src comp="630" pin="0"/><net_sink comp="1505" pin=0"/></net>

<net id="1511"><net_src comp="22" pin="0"/><net_sink comp="1505" pin=1"/></net>

<net id="1517"><net_src comp="630" pin="0"/><net_sink comp="1512" pin=0"/></net>

<net id="1518"><net_src comp="24" pin="0"/><net_sink comp="1512" pin=1"/></net>

<net id="1524"><net_src comp="630" pin="0"/><net_sink comp="1519" pin=0"/></net>

<net id="1525"><net_src comp="26" pin="0"/><net_sink comp="1519" pin=1"/></net>

<net id="1531"><net_src comp="630" pin="0"/><net_sink comp="1526" pin=0"/></net>

<net id="1532"><net_src comp="28" pin="0"/><net_sink comp="1526" pin=1"/></net>

<net id="1538"><net_src comp="630" pin="0"/><net_sink comp="1533" pin=0"/></net>

<net id="1539"><net_src comp="30" pin="0"/><net_sink comp="1533" pin=1"/></net>

<net id="1545"><net_src comp="630" pin="0"/><net_sink comp="1540" pin=0"/></net>

<net id="1546"><net_src comp="32" pin="0"/><net_sink comp="1540" pin=1"/></net>

<net id="1552"><net_src comp="630" pin="0"/><net_sink comp="1547" pin=0"/></net>

<net id="1553"><net_src comp="34" pin="0"/><net_sink comp="1547" pin=1"/></net>

<net id="1559"><net_src comp="630" pin="0"/><net_sink comp="1554" pin=0"/></net>

<net id="1560"><net_src comp="36" pin="0"/><net_sink comp="1554" pin=1"/></net>

<net id="1566"><net_src comp="630" pin="0"/><net_sink comp="1561" pin=0"/></net>

<net id="1567"><net_src comp="38" pin="0"/><net_sink comp="1561" pin=1"/></net>

<net id="1573"><net_src comp="630" pin="0"/><net_sink comp="1568" pin=0"/></net>

<net id="1574"><net_src comp="40" pin="0"/><net_sink comp="1568" pin=1"/></net>

<net id="1580"><net_src comp="630" pin="0"/><net_sink comp="1575" pin=0"/></net>

<net id="1581"><net_src comp="42" pin="0"/><net_sink comp="1575" pin=1"/></net>

<net id="1587"><net_src comp="630" pin="0"/><net_sink comp="1582" pin=0"/></net>

<net id="1588"><net_src comp="44" pin="0"/><net_sink comp="1582" pin=1"/></net>

<net id="1594"><net_src comp="630" pin="0"/><net_sink comp="1589" pin=0"/></net>

<net id="1595"><net_src comp="46" pin="0"/><net_sink comp="1589" pin=1"/></net>

<net id="1601"><net_src comp="630" pin="0"/><net_sink comp="1596" pin=0"/></net>

<net id="1602"><net_src comp="48" pin="0"/><net_sink comp="1596" pin=1"/></net>

<net id="1608"><net_src comp="630" pin="0"/><net_sink comp="1603" pin=0"/></net>

<net id="1609"><net_src comp="50" pin="0"/><net_sink comp="1603" pin=1"/></net>

<net id="1615"><net_src comp="630" pin="0"/><net_sink comp="1610" pin=0"/></net>

<net id="1616"><net_src comp="52" pin="0"/><net_sink comp="1610" pin=1"/></net>

<net id="1622"><net_src comp="630" pin="0"/><net_sink comp="1617" pin=0"/></net>

<net id="1623"><net_src comp="54" pin="0"/><net_sink comp="1617" pin=1"/></net>

<net id="1629"><net_src comp="630" pin="0"/><net_sink comp="1624" pin=0"/></net>

<net id="1630"><net_src comp="56" pin="0"/><net_sink comp="1624" pin=1"/></net>

<net id="1636"><net_src comp="630" pin="0"/><net_sink comp="1631" pin=0"/></net>

<net id="1637"><net_src comp="58" pin="0"/><net_sink comp="1631" pin=1"/></net>

<net id="1643"><net_src comp="630" pin="0"/><net_sink comp="1638" pin=0"/></net>

<net id="1644"><net_src comp="60" pin="0"/><net_sink comp="1638" pin=1"/></net>

<net id="1650"><net_src comp="630" pin="0"/><net_sink comp="1645" pin=0"/></net>

<net id="1651"><net_src comp="62" pin="0"/><net_sink comp="1645" pin=1"/></net>

<net id="1657"><net_src comp="630" pin="0"/><net_sink comp="1652" pin=0"/></net>

<net id="1658"><net_src comp="64" pin="0"/><net_sink comp="1652" pin=1"/></net>

<net id="1664"><net_src comp="630" pin="0"/><net_sink comp="1659" pin=0"/></net>

<net id="1665"><net_src comp="66" pin="0"/><net_sink comp="1659" pin=1"/></net>

<net id="1671"><net_src comp="630" pin="0"/><net_sink comp="1666" pin=0"/></net>

<net id="1672"><net_src comp="68" pin="0"/><net_sink comp="1666" pin=1"/></net>

<net id="1678"><net_src comp="630" pin="0"/><net_sink comp="1673" pin=0"/></net>

<net id="1679"><net_src comp="70" pin="0"/><net_sink comp="1673" pin=1"/></net>

<net id="1685"><net_src comp="630" pin="0"/><net_sink comp="1680" pin=0"/></net>

<net id="1686"><net_src comp="72" pin="0"/><net_sink comp="1680" pin=1"/></net>

<net id="1692"><net_src comp="630" pin="0"/><net_sink comp="1687" pin=0"/></net>

<net id="1693"><net_src comp="74" pin="0"/><net_sink comp="1687" pin=1"/></net>

<net id="1699"><net_src comp="630" pin="0"/><net_sink comp="1694" pin=0"/></net>

<net id="1700"><net_src comp="76" pin="0"/><net_sink comp="1694" pin=1"/></net>

<net id="1706"><net_src comp="630" pin="0"/><net_sink comp="1701" pin=0"/></net>

<net id="1707"><net_src comp="78" pin="0"/><net_sink comp="1701" pin=1"/></net>

<net id="1713"><net_src comp="630" pin="0"/><net_sink comp="1708" pin=0"/></net>

<net id="1714"><net_src comp="80" pin="0"/><net_sink comp="1708" pin=1"/></net>

<net id="1720"><net_src comp="630" pin="0"/><net_sink comp="1715" pin=0"/></net>

<net id="1721"><net_src comp="82" pin="0"/><net_sink comp="1715" pin=1"/></net>

<net id="1727"><net_src comp="630" pin="0"/><net_sink comp="1722" pin=0"/></net>

<net id="1728"><net_src comp="84" pin="0"/><net_sink comp="1722" pin=1"/></net>

<net id="1734"><net_src comp="630" pin="0"/><net_sink comp="1729" pin=0"/></net>

<net id="1735"><net_src comp="86" pin="0"/><net_sink comp="1729" pin=1"/></net>

<net id="1741"><net_src comp="630" pin="0"/><net_sink comp="1736" pin=0"/></net>

<net id="1742"><net_src comp="88" pin="0"/><net_sink comp="1736" pin=1"/></net>

<net id="1748"><net_src comp="630" pin="0"/><net_sink comp="1743" pin=0"/></net>

<net id="1749"><net_src comp="90" pin="0"/><net_sink comp="1743" pin=1"/></net>

<net id="1755"><net_src comp="630" pin="0"/><net_sink comp="1750" pin=0"/></net>

<net id="1756"><net_src comp="92" pin="0"/><net_sink comp="1750" pin=1"/></net>

<net id="1762"><net_src comp="630" pin="0"/><net_sink comp="1757" pin=0"/></net>

<net id="1763"><net_src comp="94" pin="0"/><net_sink comp="1757" pin=1"/></net>

<net id="1769"><net_src comp="630" pin="0"/><net_sink comp="1764" pin=0"/></net>

<net id="1770"><net_src comp="96" pin="0"/><net_sink comp="1764" pin=1"/></net>

<net id="1776"><net_src comp="630" pin="0"/><net_sink comp="1771" pin=0"/></net>

<net id="1777"><net_src comp="98" pin="0"/><net_sink comp="1771" pin=1"/></net>

<net id="1783"><net_src comp="630" pin="0"/><net_sink comp="1778" pin=0"/></net>

<net id="1784"><net_src comp="100" pin="0"/><net_sink comp="1778" pin=1"/></net>

<net id="1790"><net_src comp="630" pin="0"/><net_sink comp="1785" pin=0"/></net>

<net id="1791"><net_src comp="102" pin="0"/><net_sink comp="1785" pin=1"/></net>

<net id="1797"><net_src comp="630" pin="0"/><net_sink comp="1792" pin=0"/></net>

<net id="1798"><net_src comp="104" pin="0"/><net_sink comp="1792" pin=1"/></net>

<net id="1804"><net_src comp="630" pin="0"/><net_sink comp="1799" pin=0"/></net>

<net id="1805"><net_src comp="106" pin="0"/><net_sink comp="1799" pin=1"/></net>

<net id="1811"><net_src comp="630" pin="0"/><net_sink comp="1806" pin=0"/></net>

<net id="1812"><net_src comp="108" pin="0"/><net_sink comp="1806" pin=1"/></net>

<net id="1818"><net_src comp="630" pin="0"/><net_sink comp="1813" pin=0"/></net>

<net id="1819"><net_src comp="110" pin="0"/><net_sink comp="1813" pin=1"/></net>

<net id="1825"><net_src comp="630" pin="0"/><net_sink comp="1820" pin=0"/></net>

<net id="1826"><net_src comp="112" pin="0"/><net_sink comp="1820" pin=1"/></net>

<net id="1832"><net_src comp="630" pin="0"/><net_sink comp="1827" pin=0"/></net>

<net id="1833"><net_src comp="114" pin="0"/><net_sink comp="1827" pin=1"/></net>

<net id="1839"><net_src comp="630" pin="0"/><net_sink comp="1834" pin=0"/></net>

<net id="1840"><net_src comp="116" pin="0"/><net_sink comp="1834" pin=1"/></net>

<net id="1846"><net_src comp="630" pin="0"/><net_sink comp="1841" pin=0"/></net>

<net id="1847"><net_src comp="118" pin="0"/><net_sink comp="1841" pin=1"/></net>

<net id="1853"><net_src comp="630" pin="0"/><net_sink comp="1848" pin=0"/></net>

<net id="1854"><net_src comp="120" pin="0"/><net_sink comp="1848" pin=1"/></net>

<net id="1860"><net_src comp="630" pin="0"/><net_sink comp="1855" pin=0"/></net>

<net id="1861"><net_src comp="122" pin="0"/><net_sink comp="1855" pin=1"/></net>

<net id="1867"><net_src comp="630" pin="0"/><net_sink comp="1862" pin=0"/></net>

<net id="1868"><net_src comp="124" pin="0"/><net_sink comp="1862" pin=1"/></net>

<net id="1874"><net_src comp="630" pin="0"/><net_sink comp="1869" pin=0"/></net>

<net id="1875"><net_src comp="126" pin="0"/><net_sink comp="1869" pin=1"/></net>

<net id="1881"><net_src comp="630" pin="0"/><net_sink comp="1876" pin=0"/></net>

<net id="1882"><net_src comp="128" pin="0"/><net_sink comp="1876" pin=1"/></net>

<net id="1888"><net_src comp="630" pin="0"/><net_sink comp="1883" pin=0"/></net>

<net id="1889"><net_src comp="130" pin="0"/><net_sink comp="1883" pin=1"/></net>

<net id="1895"><net_src comp="630" pin="0"/><net_sink comp="1890" pin=0"/></net>

<net id="1896"><net_src comp="132" pin="0"/><net_sink comp="1890" pin=1"/></net>

<net id="1902"><net_src comp="630" pin="0"/><net_sink comp="1897" pin=0"/></net>

<net id="1903"><net_src comp="134" pin="0"/><net_sink comp="1897" pin=1"/></net>

<net id="1909"><net_src comp="630" pin="0"/><net_sink comp="1904" pin=0"/></net>

<net id="1910"><net_src comp="136" pin="0"/><net_sink comp="1904" pin=1"/></net>

<net id="1916"><net_src comp="630" pin="0"/><net_sink comp="1911" pin=0"/></net>

<net id="1917"><net_src comp="138" pin="0"/><net_sink comp="1911" pin=1"/></net>

<net id="1923"><net_src comp="630" pin="0"/><net_sink comp="1918" pin=0"/></net>

<net id="1924"><net_src comp="140" pin="0"/><net_sink comp="1918" pin=1"/></net>

<net id="1930"><net_src comp="630" pin="0"/><net_sink comp="1925" pin=0"/></net>

<net id="1931"><net_src comp="142" pin="0"/><net_sink comp="1925" pin=1"/></net>

<net id="1937"><net_src comp="630" pin="0"/><net_sink comp="1932" pin=0"/></net>

<net id="1938"><net_src comp="144" pin="0"/><net_sink comp="1932" pin=1"/></net>

<net id="1944"><net_src comp="630" pin="0"/><net_sink comp="1939" pin=0"/></net>

<net id="1945"><net_src comp="146" pin="0"/><net_sink comp="1939" pin=1"/></net>

<net id="1951"><net_src comp="630" pin="0"/><net_sink comp="1946" pin=0"/></net>

<net id="1952"><net_src comp="148" pin="0"/><net_sink comp="1946" pin=1"/></net>

<net id="1958"><net_src comp="630" pin="0"/><net_sink comp="1953" pin=0"/></net>

<net id="1959"><net_src comp="150" pin="0"/><net_sink comp="1953" pin=1"/></net>

<net id="1965"><net_src comp="630" pin="0"/><net_sink comp="1960" pin=0"/></net>

<net id="1966"><net_src comp="152" pin="0"/><net_sink comp="1960" pin=1"/></net>

<net id="1972"><net_src comp="630" pin="0"/><net_sink comp="1967" pin=0"/></net>

<net id="1973"><net_src comp="154" pin="0"/><net_sink comp="1967" pin=1"/></net>

<net id="1979"><net_src comp="630" pin="0"/><net_sink comp="1974" pin=0"/></net>

<net id="1980"><net_src comp="156" pin="0"/><net_sink comp="1974" pin=1"/></net>

<net id="1986"><net_src comp="630" pin="0"/><net_sink comp="1981" pin=0"/></net>

<net id="1987"><net_src comp="158" pin="0"/><net_sink comp="1981" pin=1"/></net>

<net id="1993"><net_src comp="630" pin="0"/><net_sink comp="1988" pin=0"/></net>

<net id="1994"><net_src comp="160" pin="0"/><net_sink comp="1988" pin=1"/></net>

<net id="2000"><net_src comp="630" pin="0"/><net_sink comp="1995" pin=0"/></net>

<net id="2001"><net_src comp="162" pin="0"/><net_sink comp="1995" pin=1"/></net>

<net id="2007"><net_src comp="630" pin="0"/><net_sink comp="2002" pin=0"/></net>

<net id="2008"><net_src comp="164" pin="0"/><net_sink comp="2002" pin=1"/></net>

<net id="2014"><net_src comp="630" pin="0"/><net_sink comp="2009" pin=0"/></net>

<net id="2015"><net_src comp="166" pin="0"/><net_sink comp="2009" pin=1"/></net>

<net id="2021"><net_src comp="630" pin="0"/><net_sink comp="2016" pin=0"/></net>

<net id="2022"><net_src comp="168" pin="0"/><net_sink comp="2016" pin=1"/></net>

<net id="2028"><net_src comp="630" pin="0"/><net_sink comp="2023" pin=0"/></net>

<net id="2029"><net_src comp="170" pin="0"/><net_sink comp="2023" pin=1"/></net>

<net id="2035"><net_src comp="630" pin="0"/><net_sink comp="2030" pin=0"/></net>

<net id="2036"><net_src comp="172" pin="0"/><net_sink comp="2030" pin=1"/></net>

<net id="2042"><net_src comp="630" pin="0"/><net_sink comp="2037" pin=0"/></net>

<net id="2043"><net_src comp="174" pin="0"/><net_sink comp="2037" pin=1"/></net>

<net id="2049"><net_src comp="630" pin="0"/><net_sink comp="2044" pin=0"/></net>

<net id="2050"><net_src comp="176" pin="0"/><net_sink comp="2044" pin=1"/></net>

<net id="2056"><net_src comp="630" pin="0"/><net_sink comp="2051" pin=0"/></net>

<net id="2057"><net_src comp="178" pin="0"/><net_sink comp="2051" pin=1"/></net>

<net id="2063"><net_src comp="630" pin="0"/><net_sink comp="2058" pin=0"/></net>

<net id="2064"><net_src comp="180" pin="0"/><net_sink comp="2058" pin=1"/></net>

<net id="2070"><net_src comp="630" pin="0"/><net_sink comp="2065" pin=0"/></net>

<net id="2071"><net_src comp="182" pin="0"/><net_sink comp="2065" pin=1"/></net>

<net id="2077"><net_src comp="630" pin="0"/><net_sink comp="2072" pin=0"/></net>

<net id="2078"><net_src comp="184" pin="0"/><net_sink comp="2072" pin=1"/></net>

<net id="2084"><net_src comp="630" pin="0"/><net_sink comp="2079" pin=0"/></net>

<net id="2085"><net_src comp="186" pin="0"/><net_sink comp="2079" pin=1"/></net>

<net id="2091"><net_src comp="630" pin="0"/><net_sink comp="2086" pin=0"/></net>

<net id="2092"><net_src comp="188" pin="0"/><net_sink comp="2086" pin=1"/></net>

<net id="2098"><net_src comp="630" pin="0"/><net_sink comp="2093" pin=0"/></net>

<net id="2099"><net_src comp="190" pin="0"/><net_sink comp="2093" pin=1"/></net>

<net id="2105"><net_src comp="630" pin="0"/><net_sink comp="2100" pin=0"/></net>

<net id="2106"><net_src comp="192" pin="0"/><net_sink comp="2100" pin=1"/></net>

<net id="2112"><net_src comp="630" pin="0"/><net_sink comp="2107" pin=0"/></net>

<net id="2113"><net_src comp="194" pin="0"/><net_sink comp="2107" pin=1"/></net>

<net id="2119"><net_src comp="630" pin="0"/><net_sink comp="2114" pin=0"/></net>

<net id="2120"><net_src comp="196" pin="0"/><net_sink comp="2114" pin=1"/></net>

<net id="2126"><net_src comp="630" pin="0"/><net_sink comp="2121" pin=0"/></net>

<net id="2127"><net_src comp="198" pin="0"/><net_sink comp="2121" pin=1"/></net>

<net id="2133"><net_src comp="630" pin="0"/><net_sink comp="2128" pin=0"/></net>

<net id="2134"><net_src comp="200" pin="0"/><net_sink comp="2128" pin=1"/></net>

<net id="2140"><net_src comp="630" pin="0"/><net_sink comp="2135" pin=0"/></net>

<net id="2141"><net_src comp="202" pin="0"/><net_sink comp="2135" pin=1"/></net>

<net id="2147"><net_src comp="630" pin="0"/><net_sink comp="2142" pin=0"/></net>

<net id="2148"><net_src comp="204" pin="0"/><net_sink comp="2142" pin=1"/></net>

<net id="2154"><net_src comp="630" pin="0"/><net_sink comp="2149" pin=0"/></net>

<net id="2155"><net_src comp="206" pin="0"/><net_sink comp="2149" pin=1"/></net>

<net id="2161"><net_src comp="630" pin="0"/><net_sink comp="2156" pin=0"/></net>

<net id="2162"><net_src comp="208" pin="0"/><net_sink comp="2156" pin=1"/></net>

<net id="2168"><net_src comp="630" pin="0"/><net_sink comp="2163" pin=0"/></net>

<net id="2169"><net_src comp="210" pin="0"/><net_sink comp="2163" pin=1"/></net>

<net id="2175"><net_src comp="630" pin="0"/><net_sink comp="2170" pin=0"/></net>

<net id="2176"><net_src comp="212" pin="0"/><net_sink comp="2170" pin=1"/></net>

<net id="2182"><net_src comp="630" pin="0"/><net_sink comp="2177" pin=0"/></net>

<net id="2183"><net_src comp="214" pin="0"/><net_sink comp="2177" pin=1"/></net>

<net id="2189"><net_src comp="630" pin="0"/><net_sink comp="2184" pin=0"/></net>

<net id="2190"><net_src comp="216" pin="0"/><net_sink comp="2184" pin=1"/></net>

<net id="2196"><net_src comp="630" pin="0"/><net_sink comp="2191" pin=0"/></net>

<net id="2197"><net_src comp="218" pin="0"/><net_sink comp="2191" pin=1"/></net>

<net id="2203"><net_src comp="630" pin="0"/><net_sink comp="2198" pin=0"/></net>

<net id="2204"><net_src comp="220" pin="0"/><net_sink comp="2198" pin=1"/></net>

<net id="2210"><net_src comp="630" pin="0"/><net_sink comp="2205" pin=0"/></net>

<net id="2211"><net_src comp="222" pin="0"/><net_sink comp="2205" pin=1"/></net>

<net id="2217"><net_src comp="630" pin="0"/><net_sink comp="2212" pin=0"/></net>

<net id="2218"><net_src comp="224" pin="0"/><net_sink comp="2212" pin=1"/></net>

<net id="2224"><net_src comp="630" pin="0"/><net_sink comp="2219" pin=0"/></net>

<net id="2225"><net_src comp="226" pin="0"/><net_sink comp="2219" pin=1"/></net>

<net id="2231"><net_src comp="630" pin="0"/><net_sink comp="2226" pin=0"/></net>

<net id="2232"><net_src comp="228" pin="0"/><net_sink comp="2226" pin=1"/></net>

<net id="2238"><net_src comp="630" pin="0"/><net_sink comp="2233" pin=0"/></net>

<net id="2239"><net_src comp="230" pin="0"/><net_sink comp="2233" pin=1"/></net>

<net id="2245"><net_src comp="630" pin="0"/><net_sink comp="2240" pin=0"/></net>

<net id="2246"><net_src comp="232" pin="0"/><net_sink comp="2240" pin=1"/></net>

<net id="2252"><net_src comp="630" pin="0"/><net_sink comp="2247" pin=0"/></net>

<net id="2253"><net_src comp="234" pin="0"/><net_sink comp="2247" pin=1"/></net>

<net id="2259"><net_src comp="630" pin="0"/><net_sink comp="2254" pin=0"/></net>

<net id="2260"><net_src comp="236" pin="0"/><net_sink comp="2254" pin=1"/></net>

<net id="2266"><net_src comp="630" pin="0"/><net_sink comp="2261" pin=0"/></net>

<net id="2267"><net_src comp="238" pin="0"/><net_sink comp="2261" pin=1"/></net>

<net id="2273"><net_src comp="630" pin="0"/><net_sink comp="2268" pin=0"/></net>

<net id="2274"><net_src comp="240" pin="0"/><net_sink comp="2268" pin=1"/></net>

<net id="2280"><net_src comp="630" pin="0"/><net_sink comp="2275" pin=0"/></net>

<net id="2281"><net_src comp="242" pin="0"/><net_sink comp="2275" pin=1"/></net>

<net id="2287"><net_src comp="630" pin="0"/><net_sink comp="2282" pin=0"/></net>

<net id="2288"><net_src comp="244" pin="0"/><net_sink comp="2282" pin=1"/></net>

<net id="2294"><net_src comp="630" pin="0"/><net_sink comp="2289" pin=0"/></net>

<net id="2295"><net_src comp="246" pin="0"/><net_sink comp="2289" pin=1"/></net>

<net id="2301"><net_src comp="630" pin="0"/><net_sink comp="2296" pin=0"/></net>

<net id="2302"><net_src comp="248" pin="0"/><net_sink comp="2296" pin=1"/></net>

<net id="2308"><net_src comp="630" pin="0"/><net_sink comp="2303" pin=0"/></net>

<net id="2309"><net_src comp="250" pin="0"/><net_sink comp="2303" pin=1"/></net>

<net id="2315"><net_src comp="630" pin="0"/><net_sink comp="2310" pin=0"/></net>

<net id="2316"><net_src comp="252" pin="0"/><net_sink comp="2310" pin=1"/></net>

<net id="2322"><net_src comp="630" pin="0"/><net_sink comp="2317" pin=0"/></net>

<net id="2323"><net_src comp="254" pin="0"/><net_sink comp="2317" pin=1"/></net>

<net id="2329"><net_src comp="630" pin="0"/><net_sink comp="2324" pin=0"/></net>

<net id="2330"><net_src comp="256" pin="0"/><net_sink comp="2324" pin=1"/></net>

<net id="2336"><net_src comp="630" pin="0"/><net_sink comp="2331" pin=0"/></net>

<net id="2337"><net_src comp="258" pin="0"/><net_sink comp="2331" pin=1"/></net>

<net id="2343"><net_src comp="630" pin="0"/><net_sink comp="2338" pin=0"/></net>

<net id="2344"><net_src comp="260" pin="0"/><net_sink comp="2338" pin=1"/></net>

<net id="2350"><net_src comp="630" pin="0"/><net_sink comp="2345" pin=0"/></net>

<net id="2351"><net_src comp="262" pin="0"/><net_sink comp="2345" pin=1"/></net>

<net id="2357"><net_src comp="630" pin="0"/><net_sink comp="2352" pin=0"/></net>

<net id="2358"><net_src comp="264" pin="0"/><net_sink comp="2352" pin=1"/></net>

<net id="2364"><net_src comp="630" pin="0"/><net_sink comp="2359" pin=0"/></net>

<net id="2365"><net_src comp="266" pin="0"/><net_sink comp="2359" pin=1"/></net>

<net id="2371"><net_src comp="630" pin="0"/><net_sink comp="2366" pin=0"/></net>

<net id="2372"><net_src comp="268" pin="0"/><net_sink comp="2366" pin=1"/></net>

<net id="2378"><net_src comp="630" pin="0"/><net_sink comp="2373" pin=0"/></net>

<net id="2379"><net_src comp="270" pin="0"/><net_sink comp="2373" pin=1"/></net>

<net id="2385"><net_src comp="630" pin="0"/><net_sink comp="2380" pin=0"/></net>

<net id="2386"><net_src comp="272" pin="0"/><net_sink comp="2380" pin=1"/></net>

<net id="2392"><net_src comp="630" pin="0"/><net_sink comp="2387" pin=0"/></net>

<net id="2393"><net_src comp="274" pin="0"/><net_sink comp="2387" pin=1"/></net>

<net id="2399"><net_src comp="630" pin="0"/><net_sink comp="2394" pin=0"/></net>

<net id="2400"><net_src comp="276" pin="0"/><net_sink comp="2394" pin=1"/></net>

<net id="2406"><net_src comp="630" pin="0"/><net_sink comp="2401" pin=0"/></net>

<net id="2407"><net_src comp="278" pin="0"/><net_sink comp="2401" pin=1"/></net>

<net id="2413"><net_src comp="630" pin="0"/><net_sink comp="2408" pin=0"/></net>

<net id="2414"><net_src comp="280" pin="0"/><net_sink comp="2408" pin=1"/></net>

<net id="2420"><net_src comp="630" pin="0"/><net_sink comp="2415" pin=0"/></net>

<net id="2421"><net_src comp="282" pin="0"/><net_sink comp="2415" pin=1"/></net>

<net id="2427"><net_src comp="630" pin="0"/><net_sink comp="2422" pin=0"/></net>

<net id="2428"><net_src comp="284" pin="0"/><net_sink comp="2422" pin=1"/></net>

<net id="2434"><net_src comp="630" pin="0"/><net_sink comp="2429" pin=0"/></net>

<net id="2435"><net_src comp="286" pin="0"/><net_sink comp="2429" pin=1"/></net>

<net id="2441"><net_src comp="630" pin="0"/><net_sink comp="2436" pin=0"/></net>

<net id="2442"><net_src comp="288" pin="0"/><net_sink comp="2436" pin=1"/></net>

<net id="2448"><net_src comp="630" pin="0"/><net_sink comp="2443" pin=0"/></net>

<net id="2449"><net_src comp="290" pin="0"/><net_sink comp="2443" pin=1"/></net>

<net id="2455"><net_src comp="630" pin="0"/><net_sink comp="2450" pin=0"/></net>

<net id="2456"><net_src comp="292" pin="0"/><net_sink comp="2450" pin=1"/></net>

<net id="2462"><net_src comp="630" pin="0"/><net_sink comp="2457" pin=0"/></net>

<net id="2463"><net_src comp="294" pin="0"/><net_sink comp="2457" pin=1"/></net>

<net id="2469"><net_src comp="630" pin="0"/><net_sink comp="2464" pin=0"/></net>

<net id="2470"><net_src comp="296" pin="0"/><net_sink comp="2464" pin=1"/></net>

<net id="2476"><net_src comp="630" pin="0"/><net_sink comp="2471" pin=0"/></net>

<net id="2477"><net_src comp="298" pin="0"/><net_sink comp="2471" pin=1"/></net>

<net id="2483"><net_src comp="630" pin="0"/><net_sink comp="2478" pin=0"/></net>

<net id="2484"><net_src comp="300" pin="0"/><net_sink comp="2478" pin=1"/></net>

<net id="2490"><net_src comp="630" pin="0"/><net_sink comp="2485" pin=0"/></net>

<net id="2491"><net_src comp="302" pin="0"/><net_sink comp="2485" pin=1"/></net>

<net id="2497"><net_src comp="630" pin="0"/><net_sink comp="2492" pin=0"/></net>

<net id="2498"><net_src comp="304" pin="0"/><net_sink comp="2492" pin=1"/></net>

<net id="2504"><net_src comp="630" pin="0"/><net_sink comp="2499" pin=0"/></net>

<net id="2505"><net_src comp="306" pin="0"/><net_sink comp="2499" pin=1"/></net>

<net id="2511"><net_src comp="630" pin="0"/><net_sink comp="2506" pin=0"/></net>

<net id="2512"><net_src comp="308" pin="0"/><net_sink comp="2506" pin=1"/></net>

<net id="2518"><net_src comp="630" pin="0"/><net_sink comp="2513" pin=0"/></net>

<net id="2519"><net_src comp="310" pin="0"/><net_sink comp="2513" pin=1"/></net>

<net id="2525"><net_src comp="630" pin="0"/><net_sink comp="2520" pin=0"/></net>

<net id="2526"><net_src comp="312" pin="0"/><net_sink comp="2520" pin=1"/></net>

<net id="2532"><net_src comp="630" pin="0"/><net_sink comp="2527" pin=0"/></net>

<net id="2533"><net_src comp="314" pin="0"/><net_sink comp="2527" pin=1"/></net>

<net id="2539"><net_src comp="630" pin="0"/><net_sink comp="2534" pin=0"/></net>

<net id="2540"><net_src comp="316" pin="0"/><net_sink comp="2534" pin=1"/></net>

<net id="2546"><net_src comp="630" pin="0"/><net_sink comp="2541" pin=0"/></net>

<net id="2547"><net_src comp="318" pin="0"/><net_sink comp="2541" pin=1"/></net>

<net id="2553"><net_src comp="630" pin="0"/><net_sink comp="2548" pin=0"/></net>

<net id="2554"><net_src comp="320" pin="0"/><net_sink comp="2548" pin=1"/></net>

<net id="2560"><net_src comp="630" pin="0"/><net_sink comp="2555" pin=0"/></net>

<net id="2561"><net_src comp="322" pin="0"/><net_sink comp="2555" pin=1"/></net>

<net id="2567"><net_src comp="630" pin="0"/><net_sink comp="2562" pin=0"/></net>

<net id="2568"><net_src comp="324" pin="0"/><net_sink comp="2562" pin=1"/></net>

<net id="2574"><net_src comp="630" pin="0"/><net_sink comp="2569" pin=0"/></net>

<net id="2575"><net_src comp="326" pin="0"/><net_sink comp="2569" pin=1"/></net>

<net id="2581"><net_src comp="630" pin="0"/><net_sink comp="2576" pin=0"/></net>

<net id="2582"><net_src comp="328" pin="0"/><net_sink comp="2576" pin=1"/></net>

<net id="2588"><net_src comp="630" pin="0"/><net_sink comp="2583" pin=0"/></net>

<net id="2589"><net_src comp="330" pin="0"/><net_sink comp="2583" pin=1"/></net>

<net id="2595"><net_src comp="630" pin="0"/><net_sink comp="2590" pin=0"/></net>

<net id="2596"><net_src comp="332" pin="0"/><net_sink comp="2590" pin=1"/></net>

<net id="2602"><net_src comp="630" pin="0"/><net_sink comp="2597" pin=0"/></net>

<net id="2603"><net_src comp="334" pin="0"/><net_sink comp="2597" pin=1"/></net>

<net id="2609"><net_src comp="630" pin="0"/><net_sink comp="2604" pin=0"/></net>

<net id="2610"><net_src comp="336" pin="0"/><net_sink comp="2604" pin=1"/></net>

<net id="2616"><net_src comp="630" pin="0"/><net_sink comp="2611" pin=0"/></net>

<net id="2617"><net_src comp="338" pin="0"/><net_sink comp="2611" pin=1"/></net>

<net id="2623"><net_src comp="630" pin="0"/><net_sink comp="2618" pin=0"/></net>

<net id="2624"><net_src comp="340" pin="0"/><net_sink comp="2618" pin=1"/></net>

<net id="2630"><net_src comp="630" pin="0"/><net_sink comp="2625" pin=0"/></net>

<net id="2631"><net_src comp="342" pin="0"/><net_sink comp="2625" pin=1"/></net>

<net id="2637"><net_src comp="630" pin="0"/><net_sink comp="2632" pin=0"/></net>

<net id="2638"><net_src comp="344" pin="0"/><net_sink comp="2632" pin=1"/></net>

<net id="2644"><net_src comp="630" pin="0"/><net_sink comp="2639" pin=0"/></net>

<net id="2645"><net_src comp="346" pin="0"/><net_sink comp="2639" pin=1"/></net>

<net id="2651"><net_src comp="630" pin="0"/><net_sink comp="2646" pin=0"/></net>

<net id="2652"><net_src comp="348" pin="0"/><net_sink comp="2646" pin=1"/></net>

<net id="2658"><net_src comp="630" pin="0"/><net_sink comp="2653" pin=0"/></net>

<net id="2659"><net_src comp="350" pin="0"/><net_sink comp="2653" pin=1"/></net>

<net id="2665"><net_src comp="630" pin="0"/><net_sink comp="2660" pin=0"/></net>

<net id="2666"><net_src comp="352" pin="0"/><net_sink comp="2660" pin=1"/></net>

<net id="2672"><net_src comp="630" pin="0"/><net_sink comp="2667" pin=0"/></net>

<net id="2673"><net_src comp="354" pin="0"/><net_sink comp="2667" pin=1"/></net>

<net id="2679"><net_src comp="630" pin="0"/><net_sink comp="2674" pin=0"/></net>

<net id="2680"><net_src comp="356" pin="0"/><net_sink comp="2674" pin=1"/></net>

<net id="2686"><net_src comp="630" pin="0"/><net_sink comp="2681" pin=0"/></net>

<net id="2687"><net_src comp="358" pin="0"/><net_sink comp="2681" pin=1"/></net>

<net id="2693"><net_src comp="630" pin="0"/><net_sink comp="2688" pin=0"/></net>

<net id="2694"><net_src comp="360" pin="0"/><net_sink comp="2688" pin=1"/></net>

<net id="2700"><net_src comp="630" pin="0"/><net_sink comp="2695" pin=0"/></net>

<net id="2701"><net_src comp="362" pin="0"/><net_sink comp="2695" pin=1"/></net>

<net id="2707"><net_src comp="630" pin="0"/><net_sink comp="2702" pin=0"/></net>

<net id="2708"><net_src comp="364" pin="0"/><net_sink comp="2702" pin=1"/></net>

<net id="2714"><net_src comp="630" pin="0"/><net_sink comp="2709" pin=0"/></net>

<net id="2715"><net_src comp="366" pin="0"/><net_sink comp="2709" pin=1"/></net>

<net id="2721"><net_src comp="630" pin="0"/><net_sink comp="2716" pin=0"/></net>

<net id="2722"><net_src comp="368" pin="0"/><net_sink comp="2716" pin=1"/></net>

<net id="2728"><net_src comp="630" pin="0"/><net_sink comp="2723" pin=0"/></net>

<net id="2729"><net_src comp="370" pin="0"/><net_sink comp="2723" pin=1"/></net>

<net id="2735"><net_src comp="630" pin="0"/><net_sink comp="2730" pin=0"/></net>

<net id="2736"><net_src comp="372" pin="0"/><net_sink comp="2730" pin=1"/></net>

<net id="2742"><net_src comp="630" pin="0"/><net_sink comp="2737" pin=0"/></net>

<net id="2743"><net_src comp="374" pin="0"/><net_sink comp="2737" pin=1"/></net>

<net id="2749"><net_src comp="630" pin="0"/><net_sink comp="2744" pin=0"/></net>

<net id="2750"><net_src comp="376" pin="0"/><net_sink comp="2744" pin=1"/></net>

<net id="2756"><net_src comp="630" pin="0"/><net_sink comp="2751" pin=0"/></net>

<net id="2757"><net_src comp="378" pin="0"/><net_sink comp="2751" pin=1"/></net>

<net id="2763"><net_src comp="630" pin="0"/><net_sink comp="2758" pin=0"/></net>

<net id="2764"><net_src comp="380" pin="0"/><net_sink comp="2758" pin=1"/></net>

<net id="2770"><net_src comp="630" pin="0"/><net_sink comp="2765" pin=0"/></net>

<net id="2771"><net_src comp="382" pin="0"/><net_sink comp="2765" pin=1"/></net>

<net id="2777"><net_src comp="630" pin="0"/><net_sink comp="2772" pin=0"/></net>

<net id="2778"><net_src comp="384" pin="0"/><net_sink comp="2772" pin=1"/></net>

<net id="2784"><net_src comp="630" pin="0"/><net_sink comp="2779" pin=0"/></net>

<net id="2785"><net_src comp="386" pin="0"/><net_sink comp="2779" pin=1"/></net>

<net id="2791"><net_src comp="630" pin="0"/><net_sink comp="2786" pin=0"/></net>

<net id="2792"><net_src comp="388" pin="0"/><net_sink comp="2786" pin=1"/></net>

<net id="2798"><net_src comp="630" pin="0"/><net_sink comp="2793" pin=0"/></net>

<net id="2799"><net_src comp="390" pin="0"/><net_sink comp="2793" pin=1"/></net>

<net id="2805"><net_src comp="630" pin="0"/><net_sink comp="2800" pin=0"/></net>

<net id="2806"><net_src comp="392" pin="0"/><net_sink comp="2800" pin=1"/></net>

<net id="2812"><net_src comp="630" pin="0"/><net_sink comp="2807" pin=0"/></net>

<net id="2813"><net_src comp="394" pin="0"/><net_sink comp="2807" pin=1"/></net>

<net id="2819"><net_src comp="630" pin="0"/><net_sink comp="2814" pin=0"/></net>

<net id="2820"><net_src comp="396" pin="0"/><net_sink comp="2814" pin=1"/></net>

<net id="2826"><net_src comp="630" pin="0"/><net_sink comp="2821" pin=0"/></net>

<net id="2827"><net_src comp="398" pin="0"/><net_sink comp="2821" pin=1"/></net>

<net id="2833"><net_src comp="630" pin="0"/><net_sink comp="2828" pin=0"/></net>

<net id="2834"><net_src comp="400" pin="0"/><net_sink comp="2828" pin=1"/></net>

<net id="2840"><net_src comp="630" pin="0"/><net_sink comp="2835" pin=0"/></net>

<net id="2841"><net_src comp="402" pin="0"/><net_sink comp="2835" pin=1"/></net>

<net id="2847"><net_src comp="2" pin="0"/><net_sink comp="2842" pin=0"/></net>

<net id="2848"><net_src comp="422" pin="0"/><net_sink comp="2842" pin=1"/></net>

<net id="2854"><net_src comp="2842" pin="3"/><net_sink comp="2849" pin=0"/></net>

<net id="2859"><net_src comp="418" pin="0"/><net_sink comp="2855" pin=0"/></net>

<net id="2866"><net_src comp="2860" pin="1"/><net_sink comp="2863" pin=0"/></net>

<net id="2871"><net_src comp="2863" pin="1"/><net_sink comp="2867" pin=0"/></net>

<net id="2872"><net_src comp="1436" pin="2"/><net_sink comp="2867" pin=1"/></net>

<net id="2877"><net_src comp="2860" pin="1"/><net_sink comp="2873" pin=0"/></net>

<net id="2878"><net_src comp="420" pin="0"/><net_sink comp="2873" pin=1"/></net>

<net id="2882"><net_src comp="2860" pin="1"/><net_sink comp="2879" pin=0"/></net>

<net id="2883"><net_src comp="2879" pin="1"/><net_sink comp="2842" pin=2"/></net>

<net id="2888"><net_src comp="2873" pin="2"/><net_sink comp="2884" pin=0"/></net>

<net id="2892"><net_src comp="2849" pin="3"/><net_sink comp="2889" pin=0"/></net>

<net id="2896"><net_src comp="2889" pin="1"/><net_sink comp="2893" pin=0"/></net>

<net id="2903"><net_src comp="624" pin="0"/><net_sink comp="2897" pin=0"/></net>

<net id="2904"><net_src comp="2849" pin="3"/><net_sink comp="2897" pin=1"/></net>

<net id="2905"><net_src comp="626" pin="0"/><net_sink comp="2897" pin=2"/></net>

<net id="2906"><net_src comp="628" pin="0"/><net_sink comp="2897" pin=3"/></net>

<net id="2910"><net_src comp="2897" pin="4"/><net_sink comp="2907" pin=0"/></net>

<net id="2915"><net_src comp="2907" pin="1"/><net_sink comp="2911" pin=0"/></net>

<net id="2920"><net_src comp="2893" pin="1"/><net_sink comp="2916" pin=0"/></net>

<net id="2925"><net_src comp="2907" pin="1"/><net_sink comp="2921" pin=0"/></net>

<net id="2930"><net_src comp="2893" pin="1"/><net_sink comp="2926" pin=0"/></net>

<net id="2935"><net_src comp="2907" pin="1"/><net_sink comp="2931" pin=0"/></net>

<net id="2940"><net_src comp="2893" pin="1"/><net_sink comp="2936" pin=0"/></net>

<net id="2945"><net_src comp="2907" pin="1"/><net_sink comp="2941" pin=0"/></net>

<net id="2950"><net_src comp="2893" pin="1"/><net_sink comp="2946" pin=0"/></net>

<net id="2955"><net_src comp="2907" pin="1"/><net_sink comp="2951" pin=0"/></net>

<net id="2960"><net_src comp="2893" pin="1"/><net_sink comp="2956" pin=0"/></net>

<net id="2965"><net_src comp="2907" pin="1"/><net_sink comp="2961" pin=0"/></net>

<net id="2970"><net_src comp="2893" pin="1"/><net_sink comp="2966" pin=0"/></net>

<net id="2975"><net_src comp="2907" pin="1"/><net_sink comp="2971" pin=0"/></net>

<net id="2980"><net_src comp="2893" pin="1"/><net_sink comp="2976" pin=0"/></net>

<net id="2985"><net_src comp="2907" pin="1"/><net_sink comp="2981" pin=0"/></net>

<net id="2990"><net_src comp="2893" pin="1"/><net_sink comp="2986" pin=0"/></net>

<net id="2995"><net_src comp="2907" pin="1"/><net_sink comp="2991" pin=0"/></net>

<net id="3000"><net_src comp="2893" pin="1"/><net_sink comp="2996" pin=0"/></net>

<net id="3005"><net_src comp="2907" pin="1"/><net_sink comp="3001" pin=0"/></net>

<net id="3010"><net_src comp="2893" pin="1"/><net_sink comp="3006" pin=0"/></net>

<net id="3015"><net_src comp="2907" pin="1"/><net_sink comp="3011" pin=0"/></net>

<net id="3020"><net_src comp="2893" pin="1"/><net_sink comp="3016" pin=0"/></net>

<net id="3025"><net_src comp="2907" pin="1"/><net_sink comp="3021" pin=0"/></net>

<net id="3030"><net_src comp="2893" pin="1"/><net_sink comp="3026" pin=0"/></net>

<net id="3035"><net_src comp="2907" pin="1"/><net_sink comp="3031" pin=0"/></net>

<net id="3040"><net_src comp="2893" pin="1"/><net_sink comp="3036" pin=0"/></net>

<net id="3045"><net_src comp="2907" pin="1"/><net_sink comp="3041" pin=0"/></net>

<net id="3050"><net_src comp="2893" pin="1"/><net_sink comp="3046" pin=0"/></net>

<net id="3055"><net_src comp="2907" pin="1"/><net_sink comp="3051" pin=0"/></net>

<net id="3060"><net_src comp="2893" pin="1"/><net_sink comp="3056" pin=0"/></net>

<net id="3065"><net_src comp="2907" pin="1"/><net_sink comp="3061" pin=0"/></net>

<net id="3070"><net_src comp="2893" pin="1"/><net_sink comp="3066" pin=0"/></net>

<net id="3075"><net_src comp="2907" pin="1"/><net_sink comp="3071" pin=0"/></net>

<net id="3080"><net_src comp="2893" pin="1"/><net_sink comp="3076" pin=0"/></net>

<net id="3085"><net_src comp="2907" pin="1"/><net_sink comp="3081" pin=0"/></net>

<net id="3090"><net_src comp="2893" pin="1"/><net_sink comp="3086" pin=0"/></net>

<net id="3095"><net_src comp="2907" pin="1"/><net_sink comp="3091" pin=0"/></net>

<net id="3100"><net_src comp="2893" pin="1"/><net_sink comp="3096" pin=0"/></net>

<net id="3105"><net_src comp="2907" pin="1"/><net_sink comp="3101" pin=0"/></net>

<net id="3110"><net_src comp="2893" pin="1"/><net_sink comp="3106" pin=0"/></net>

<net id="3115"><net_src comp="2907" pin="1"/><net_sink comp="3111" pin=0"/></net>

<net id="3120"><net_src comp="2893" pin="1"/><net_sink comp="3116" pin=0"/></net>

<net id="3125"><net_src comp="2907" pin="1"/><net_sink comp="3121" pin=0"/></net>

<net id="3130"><net_src comp="2893" pin="1"/><net_sink comp="3126" pin=0"/></net>

<net id="3135"><net_src comp="2907" pin="1"/><net_sink comp="3131" pin=0"/></net>

<net id="3140"><net_src comp="2893" pin="1"/><net_sink comp="3136" pin=0"/></net>

<net id="3145"><net_src comp="2907" pin="1"/><net_sink comp="3141" pin=0"/></net>

<net id="3150"><net_src comp="2893" pin="1"/><net_sink comp="3146" pin=0"/></net>

<net id="3155"><net_src comp="2907" pin="1"/><net_sink comp="3151" pin=0"/></net>

<net id="3160"><net_src comp="2893" pin="1"/><net_sink comp="3156" pin=0"/></net>

<net id="3165"><net_src comp="2907" pin="1"/><net_sink comp="3161" pin=0"/></net>

<net id="3170"><net_src comp="2893" pin="1"/><net_sink comp="3166" pin=0"/></net>

<net id="3175"><net_src comp="2907" pin="1"/><net_sink comp="3171" pin=0"/></net>

<net id="3180"><net_src comp="2893" pin="1"/><net_sink comp="3176" pin=0"/></net>

<net id="3185"><net_src comp="2907" pin="1"/><net_sink comp="3181" pin=0"/></net>

<net id="3190"><net_src comp="2893" pin="1"/><net_sink comp="3186" pin=0"/></net>

<net id="3195"><net_src comp="2907" pin="1"/><net_sink comp="3191" pin=0"/></net>

<net id="3200"><net_src comp="2893" pin="1"/><net_sink comp="3196" pin=0"/></net>

<net id="3205"><net_src comp="2907" pin="1"/><net_sink comp="3201" pin=0"/></net>

<net id="3210"><net_src comp="2893" pin="1"/><net_sink comp="3206" pin=0"/></net>

<net id="3215"><net_src comp="2907" pin="1"/><net_sink comp="3211" pin=0"/></net>

<net id="3220"><net_src comp="2893" pin="1"/><net_sink comp="3216" pin=0"/></net>

<net id="3225"><net_src comp="2907" pin="1"/><net_sink comp="3221" pin=0"/></net>

<net id="3230"><net_src comp="2893" pin="1"/><net_sink comp="3226" pin=0"/></net>

<net id="3235"><net_src comp="2907" pin="1"/><net_sink comp="3231" pin=0"/></net>

<net id="3240"><net_src comp="2893" pin="1"/><net_sink comp="3236" pin=0"/></net>

<net id="3245"><net_src comp="2907" pin="1"/><net_sink comp="3241" pin=0"/></net>

<net id="3250"><net_src comp="2893" pin="1"/><net_sink comp="3246" pin=0"/></net>

<net id="3255"><net_src comp="2907" pin="1"/><net_sink comp="3251" pin=0"/></net>

<net id="3260"><net_src comp="2893" pin="1"/><net_sink comp="3256" pin=0"/></net>

<net id="3265"><net_src comp="2907" pin="1"/><net_sink comp="3261" pin=0"/></net>

<net id="3270"><net_src comp="2893" pin="1"/><net_sink comp="3266" pin=0"/></net>

<net id="3275"><net_src comp="2907" pin="1"/><net_sink comp="3271" pin=0"/></net>

<net id="3280"><net_src comp="2893" pin="1"/><net_sink comp="3276" pin=0"/></net>

<net id="3285"><net_src comp="2907" pin="1"/><net_sink comp="3281" pin=0"/></net>

<net id="3290"><net_src comp="2893" pin="1"/><net_sink comp="3286" pin=0"/></net>

<net id="3295"><net_src comp="2907" pin="1"/><net_sink comp="3291" pin=0"/></net>

<net id="3300"><net_src comp="2893" pin="1"/><net_sink comp="3296" pin=0"/></net>

<net id="3305"><net_src comp="2907" pin="1"/><net_sink comp="3301" pin=0"/></net>

<net id="3310"><net_src comp="2893" pin="1"/><net_sink comp="3306" pin=0"/></net>

<net id="3315"><net_src comp="2907" pin="1"/><net_sink comp="3311" pin=0"/></net>

<net id="3320"><net_src comp="2893" pin="1"/><net_sink comp="3316" pin=0"/></net>

<net id="3325"><net_src comp="2907" pin="1"/><net_sink comp="3321" pin=0"/></net>

<net id="3330"><net_src comp="2893" pin="1"/><net_sink comp="3326" pin=0"/></net>

<net id="3335"><net_src comp="2907" pin="1"/><net_sink comp="3331" pin=0"/></net>

<net id="3340"><net_src comp="2893" pin="1"/><net_sink comp="3336" pin=0"/></net>

<net id="3345"><net_src comp="2907" pin="1"/><net_sink comp="3341" pin=0"/></net>

<net id="3350"><net_src comp="2893" pin="1"/><net_sink comp="3346" pin=0"/></net>

<net id="3355"><net_src comp="2907" pin="1"/><net_sink comp="3351" pin=0"/></net>

<net id="3360"><net_src comp="2893" pin="1"/><net_sink comp="3356" pin=0"/></net>

<net id="3365"><net_src comp="2907" pin="1"/><net_sink comp="3361" pin=0"/></net>

<net id="3370"><net_src comp="2893" pin="1"/><net_sink comp="3366" pin=0"/></net>

<net id="3375"><net_src comp="2907" pin="1"/><net_sink comp="3371" pin=0"/></net>

<net id="3380"><net_src comp="2893" pin="1"/><net_sink comp="3376" pin=0"/></net>

<net id="3385"><net_src comp="2907" pin="1"/><net_sink comp="3381" pin=0"/></net>

<net id="3390"><net_src comp="2893" pin="1"/><net_sink comp="3386" pin=0"/></net>

<net id="3395"><net_src comp="2907" pin="1"/><net_sink comp="3391" pin=0"/></net>

<net id="3400"><net_src comp="2893" pin="1"/><net_sink comp="3396" pin=0"/></net>

<net id="3405"><net_src comp="2907" pin="1"/><net_sink comp="3401" pin=0"/></net>

<net id="3410"><net_src comp="2893" pin="1"/><net_sink comp="3406" pin=0"/></net>

<net id="3415"><net_src comp="2907" pin="1"/><net_sink comp="3411" pin=0"/></net>

<net id="3420"><net_src comp="2893" pin="1"/><net_sink comp="3416" pin=0"/></net>

<net id="3425"><net_src comp="2907" pin="1"/><net_sink comp="3421" pin=0"/></net>

<net id="3430"><net_src comp="2893" pin="1"/><net_sink comp="3426" pin=0"/></net>

<net id="3435"><net_src comp="2907" pin="1"/><net_sink comp="3431" pin=0"/></net>

<net id="3440"><net_src comp="2893" pin="1"/><net_sink comp="3436" pin=0"/></net>

<net id="3445"><net_src comp="2907" pin="1"/><net_sink comp="3441" pin=0"/></net>

<net id="3450"><net_src comp="2893" pin="1"/><net_sink comp="3446" pin=0"/></net>

<net id="3455"><net_src comp="2907" pin="1"/><net_sink comp="3451" pin=0"/></net>

<net id="3460"><net_src comp="2893" pin="1"/><net_sink comp="3456" pin=0"/></net>

<net id="3465"><net_src comp="2907" pin="1"/><net_sink comp="3461" pin=0"/></net>

<net id="3470"><net_src comp="2893" pin="1"/><net_sink comp="3466" pin=0"/></net>

<net id="3475"><net_src comp="2907" pin="1"/><net_sink comp="3471" pin=0"/></net>

<net id="3480"><net_src comp="2893" pin="1"/><net_sink comp="3476" pin=0"/></net>

<net id="3485"><net_src comp="2907" pin="1"/><net_sink comp="3481" pin=0"/></net>

<net id="3490"><net_src comp="2893" pin="1"/><net_sink comp="3486" pin=0"/></net>

<net id="3495"><net_src comp="2907" pin="1"/><net_sink comp="3491" pin=0"/></net>

<net id="3500"><net_src comp="2893" pin="1"/><net_sink comp="3496" pin=0"/></net>

<net id="3505"><net_src comp="2907" pin="1"/><net_sink comp="3501" pin=0"/></net>

<net id="3510"><net_src comp="2893" pin="1"/><net_sink comp="3506" pin=0"/></net>

<net id="3515"><net_src comp="2907" pin="1"/><net_sink comp="3511" pin=0"/></net>

<net id="3520"><net_src comp="2893" pin="1"/><net_sink comp="3516" pin=0"/></net>

<net id="3525"><net_src comp="2907" pin="1"/><net_sink comp="3521" pin=0"/></net>

<net id="3530"><net_src comp="2893" pin="1"/><net_sink comp="3526" pin=0"/></net>

<net id="3535"><net_src comp="2907" pin="1"/><net_sink comp="3531" pin=0"/></net>

<net id="3540"><net_src comp="2893" pin="1"/><net_sink comp="3536" pin=0"/></net>

<net id="3545"><net_src comp="2907" pin="1"/><net_sink comp="3541" pin=0"/></net>

<net id="3550"><net_src comp="2893" pin="1"/><net_sink comp="3546" pin=0"/></net>

<net id="3555"><net_src comp="2907" pin="1"/><net_sink comp="3551" pin=0"/></net>

<net id="3560"><net_src comp="2893" pin="1"/><net_sink comp="3556" pin=0"/></net>

<net id="3565"><net_src comp="2907" pin="1"/><net_sink comp="3561" pin=0"/></net>

<net id="3570"><net_src comp="2893" pin="1"/><net_sink comp="3566" pin=0"/></net>

<net id="3575"><net_src comp="2907" pin="1"/><net_sink comp="3571" pin=0"/></net>

<net id="3580"><net_src comp="2893" pin="1"/><net_sink comp="3576" pin=0"/></net>

<net id="3585"><net_src comp="2907" pin="1"/><net_sink comp="3581" pin=0"/></net>

<net id="3590"><net_src comp="2893" pin="1"/><net_sink comp="3586" pin=0"/></net>

<net id="3595"><net_src comp="2907" pin="1"/><net_sink comp="3591" pin=0"/></net>

<net id="3600"><net_src comp="2893" pin="1"/><net_sink comp="3596" pin=0"/></net>

<net id="3605"><net_src comp="2907" pin="1"/><net_sink comp="3601" pin=0"/></net>

<net id="3610"><net_src comp="2893" pin="1"/><net_sink comp="3606" pin=0"/></net>

<net id="3615"><net_src comp="2907" pin="1"/><net_sink comp="3611" pin=0"/></net>

<net id="3620"><net_src comp="2893" pin="1"/><net_sink comp="3616" pin=0"/></net>

<net id="3625"><net_src comp="2907" pin="1"/><net_sink comp="3621" pin=0"/></net>

<net id="3630"><net_src comp="2893" pin="1"/><net_sink comp="3626" pin=0"/></net>

<net id="3635"><net_src comp="2907" pin="1"/><net_sink comp="3631" pin=0"/></net>

<net id="3640"><net_src comp="2893" pin="1"/><net_sink comp="3636" pin=0"/></net>

<net id="3645"><net_src comp="2907" pin="1"/><net_sink comp="3641" pin=0"/></net>

<net id="3650"><net_src comp="2893" pin="1"/><net_sink comp="3646" pin=0"/></net>

<net id="3655"><net_src comp="2907" pin="1"/><net_sink comp="3651" pin=0"/></net>

<net id="3660"><net_src comp="2893" pin="1"/><net_sink comp="3656" pin=0"/></net>

<net id="3665"><net_src comp="2907" pin="1"/><net_sink comp="3661" pin=0"/></net>

<net id="3670"><net_src comp="2893" pin="1"/><net_sink comp="3666" pin=0"/></net>

<net id="3675"><net_src comp="2907" pin="1"/><net_sink comp="3671" pin=0"/></net>

<net id="3680"><net_src comp="2893" pin="1"/><net_sink comp="3676" pin=0"/></net>

<net id="3685"><net_src comp="2907" pin="1"/><net_sink comp="3681" pin=0"/></net>

<net id="3690"><net_src comp="2893" pin="1"/><net_sink comp="3686" pin=0"/></net>

<net id="3695"><net_src comp="2907" pin="1"/><net_sink comp="3691" pin=0"/></net>

<net id="3700"><net_src comp="2893" pin="1"/><net_sink comp="3696" pin=0"/></net>

<net id="3705"><net_src comp="2907" pin="1"/><net_sink comp="3701" pin=0"/></net>

<net id="3710"><net_src comp="2893" pin="1"/><net_sink comp="3706" pin=0"/></net>

<net id="3715"><net_src comp="2907" pin="1"/><net_sink comp="3711" pin=0"/></net>

<net id="3720"><net_src comp="2893" pin="1"/><net_sink comp="3716" pin=0"/></net>

<net id="3725"><net_src comp="2907" pin="1"/><net_sink comp="3721" pin=0"/></net>

<net id="3730"><net_src comp="2893" pin="1"/><net_sink comp="3726" pin=0"/></net>

<net id="3735"><net_src comp="2907" pin="1"/><net_sink comp="3731" pin=0"/></net>

<net id="3740"><net_src comp="2893" pin="1"/><net_sink comp="3736" pin=0"/></net>

<net id="3745"><net_src comp="2907" pin="1"/><net_sink comp="3741" pin=0"/></net>

<net id="3750"><net_src comp="2893" pin="1"/><net_sink comp="3746" pin=0"/></net>

<net id="3755"><net_src comp="2907" pin="1"/><net_sink comp="3751" pin=0"/></net>

<net id="3760"><net_src comp="2893" pin="1"/><net_sink comp="3756" pin=0"/></net>

<net id="3765"><net_src comp="2907" pin="1"/><net_sink comp="3761" pin=0"/></net>

<net id="3770"><net_src comp="2893" pin="1"/><net_sink comp="3766" pin=0"/></net>

<net id="3775"><net_src comp="2907" pin="1"/><net_sink comp="3771" pin=0"/></net>

<net id="3780"><net_src comp="2893" pin="1"/><net_sink comp="3776" pin=0"/></net>

<net id="3785"><net_src comp="2907" pin="1"/><net_sink comp="3781" pin=0"/></net>

<net id="3790"><net_src comp="2893" pin="1"/><net_sink comp="3786" pin=0"/></net>

<net id="3795"><net_src comp="2907" pin="1"/><net_sink comp="3791" pin=0"/></net>

<net id="3800"><net_src comp="2893" pin="1"/><net_sink comp="3796" pin=0"/></net>

<net id="3805"><net_src comp="2907" pin="1"/><net_sink comp="3801" pin=0"/></net>

<net id="3810"><net_src comp="2893" pin="1"/><net_sink comp="3806" pin=0"/></net>

<net id="3815"><net_src comp="2907" pin="1"/><net_sink comp="3811" pin=0"/></net>

<net id="3820"><net_src comp="2893" pin="1"/><net_sink comp="3816" pin=0"/></net>

<net id="3825"><net_src comp="2907" pin="1"/><net_sink comp="3821" pin=0"/></net>

<net id="3830"><net_src comp="2893" pin="1"/><net_sink comp="3826" pin=0"/></net>

<net id="3835"><net_src comp="2907" pin="1"/><net_sink comp="3831" pin=0"/></net>

<net id="3840"><net_src comp="2893" pin="1"/><net_sink comp="3836" pin=0"/></net>

<net id="3845"><net_src comp="2907" pin="1"/><net_sink comp="3841" pin=0"/></net>

<net id="3850"><net_src comp="2893" pin="1"/><net_sink comp="3846" pin=0"/></net>

<net id="3855"><net_src comp="2907" pin="1"/><net_sink comp="3851" pin=0"/></net>

<net id="3860"><net_src comp="2893" pin="1"/><net_sink comp="3856" pin=0"/></net>

<net id="3865"><net_src comp="2907" pin="1"/><net_sink comp="3861" pin=0"/></net>

<net id="3870"><net_src comp="2893" pin="1"/><net_sink comp="3866" pin=0"/></net>

<net id="3875"><net_src comp="2907" pin="1"/><net_sink comp="3871" pin=0"/></net>

<net id="3880"><net_src comp="2893" pin="1"/><net_sink comp="3876" pin=0"/></net>

<net id="3885"><net_src comp="2907" pin="1"/><net_sink comp="3881" pin=0"/></net>

<net id="3890"><net_src comp="2893" pin="1"/><net_sink comp="3886" pin=0"/></net>

<net id="3895"><net_src comp="2907" pin="1"/><net_sink comp="3891" pin=0"/></net>

<net id="3900"><net_src comp="2893" pin="1"/><net_sink comp="3896" pin=0"/></net>

<net id="3905"><net_src comp="2907" pin="1"/><net_sink comp="3901" pin=0"/></net>

<net id="3910"><net_src comp="2893" pin="1"/><net_sink comp="3906" pin=0"/></net>

<net id="3914"><net_src comp="3911" pin="1"/><net_sink comp="2835" pin=2"/></net>

<net id="3918"><net_src comp="3915" pin="1"/><net_sink comp="2828" pin=2"/></net>

<net id="3922"><net_src comp="3919" pin="1"/><net_sink comp="2821" pin=2"/></net>

<net id="3926"><net_src comp="3923" pin="1"/><net_sink comp="2814" pin=2"/></net>

<net id="3930"><net_src comp="3927" pin="1"/><net_sink comp="2807" pin=2"/></net>

<net id="3934"><net_src comp="3931" pin="1"/><net_sink comp="2800" pin=2"/></net>

<net id="3938"><net_src comp="3935" pin="1"/><net_sink comp="2793" pin=2"/></net>

<net id="3942"><net_src comp="3939" pin="1"/><net_sink comp="2786" pin=2"/></net>

<net id="3946"><net_src comp="3943" pin="1"/><net_sink comp="2779" pin=2"/></net>

<net id="3950"><net_src comp="3947" pin="1"/><net_sink comp="2772" pin=2"/></net>

<net id="3954"><net_src comp="3951" pin="1"/><net_sink comp="2765" pin=2"/></net>

<net id="3958"><net_src comp="3955" pin="1"/><net_sink comp="2758" pin=2"/></net>

<net id="3962"><net_src comp="3959" pin="1"/><net_sink comp="2751" pin=2"/></net>

<net id="3966"><net_src comp="3963" pin="1"/><net_sink comp="2744" pin=2"/></net>

<net id="3970"><net_src comp="3967" pin="1"/><net_sink comp="2737" pin=2"/></net>

<net id="3974"><net_src comp="3971" pin="1"/><net_sink comp="2730" pin=2"/></net>

<net id="3978"><net_src comp="3975" pin="1"/><net_sink comp="2723" pin=2"/></net>

<net id="3982"><net_src comp="3979" pin="1"/><net_sink comp="2716" pin=2"/></net>

<net id="3986"><net_src comp="3983" pin="1"/><net_sink comp="2709" pin=2"/></net>

<net id="3990"><net_src comp="3987" pin="1"/><net_sink comp="2702" pin=2"/></net>

<net id="3994"><net_src comp="3991" pin="1"/><net_sink comp="2695" pin=2"/></net>

<net id="3998"><net_src comp="3995" pin="1"/><net_sink comp="2688" pin=2"/></net>

<net id="4002"><net_src comp="3999" pin="1"/><net_sink comp="2681" pin=2"/></net>

<net id="4006"><net_src comp="4003" pin="1"/><net_sink comp="2674" pin=2"/></net>

<net id="4010"><net_src comp="4007" pin="1"/><net_sink comp="2667" pin=2"/></net>

<net id="4014"><net_src comp="4011" pin="1"/><net_sink comp="2660" pin=2"/></net>

<net id="4018"><net_src comp="4015" pin="1"/><net_sink comp="2653" pin=2"/></net>

<net id="4022"><net_src comp="4019" pin="1"/><net_sink comp="2646" pin=2"/></net>

<net id="4026"><net_src comp="4023" pin="1"/><net_sink comp="2639" pin=2"/></net>

<net id="4030"><net_src comp="4027" pin="1"/><net_sink comp="2632" pin=2"/></net>

<net id="4034"><net_src comp="4031" pin="1"/><net_sink comp="2625" pin=2"/></net>

<net id="4038"><net_src comp="4035" pin="1"/><net_sink comp="2618" pin=2"/></net>

<net id="4042"><net_src comp="4039" pin="1"/><net_sink comp="2611" pin=2"/></net>

<net id="4046"><net_src comp="4043" pin="1"/><net_sink comp="2604" pin=2"/></net>

<net id="4050"><net_src comp="4047" pin="1"/><net_sink comp="2597" pin=2"/></net>

<net id="4054"><net_src comp="4051" pin="1"/><net_sink comp="2590" pin=2"/></net>

<net id="4058"><net_src comp="4055" pin="1"/><net_sink comp="2583" pin=2"/></net>

<net id="4062"><net_src comp="4059" pin="1"/><net_sink comp="2576" pin=2"/></net>

<net id="4066"><net_src comp="4063" pin="1"/><net_sink comp="2569" pin=2"/></net>

<net id="4070"><net_src comp="4067" pin="1"/><net_sink comp="2562" pin=2"/></net>

<net id="4074"><net_src comp="4071" pin="1"/><net_sink comp="2555" pin=2"/></net>

<net id="4078"><net_src comp="4075" pin="1"/><net_sink comp="2548" pin=2"/></net>

<net id="4082"><net_src comp="4079" pin="1"/><net_sink comp="2541" pin=2"/></net>

<net id="4086"><net_src comp="4083" pin="1"/><net_sink comp="2534" pin=2"/></net>

<net id="4090"><net_src comp="4087" pin="1"/><net_sink comp="2527" pin=2"/></net>

<net id="4094"><net_src comp="4091" pin="1"/><net_sink comp="2520" pin=2"/></net>

<net id="4098"><net_src comp="4095" pin="1"/><net_sink comp="2513" pin=2"/></net>

<net id="4102"><net_src comp="4099" pin="1"/><net_sink comp="2506" pin=2"/></net>

<net id="4106"><net_src comp="4103" pin="1"/><net_sink comp="2499" pin=2"/></net>

<net id="4110"><net_src comp="4107" pin="1"/><net_sink comp="2492" pin=2"/></net>

<net id="4114"><net_src comp="4111" pin="1"/><net_sink comp="2485" pin=2"/></net>

<net id="4118"><net_src comp="4115" pin="1"/><net_sink comp="2478" pin=2"/></net>

<net id="4122"><net_src comp="4119" pin="1"/><net_sink comp="2471" pin=2"/></net>

<net id="4126"><net_src comp="4123" pin="1"/><net_sink comp="2464" pin=2"/></net>

<net id="4130"><net_src comp="4127" pin="1"/><net_sink comp="2457" pin=2"/></net>

<net id="4134"><net_src comp="4131" pin="1"/><net_sink comp="2450" pin=2"/></net>

<net id="4138"><net_src comp="4135" pin="1"/><net_sink comp="2443" pin=2"/></net>

<net id="4142"><net_src comp="4139" pin="1"/><net_sink comp="2436" pin=2"/></net>

<net id="4146"><net_src comp="4143" pin="1"/><net_sink comp="2429" pin=2"/></net>

<net id="4150"><net_src comp="4147" pin="1"/><net_sink comp="2422" pin=2"/></net>

<net id="4154"><net_src comp="4151" pin="1"/><net_sink comp="2415" pin=2"/></net>

<net id="4158"><net_src comp="4155" pin="1"/><net_sink comp="2408" pin=2"/></net>

<net id="4162"><net_src comp="4159" pin="1"/><net_sink comp="2401" pin=2"/></net>

<net id="4166"><net_src comp="4163" pin="1"/><net_sink comp="2394" pin=2"/></net>

<net id="4170"><net_src comp="4167" pin="1"/><net_sink comp="2387" pin=2"/></net>

<net id="4174"><net_src comp="4171" pin="1"/><net_sink comp="2380" pin=2"/></net>

<net id="4178"><net_src comp="4175" pin="1"/><net_sink comp="2373" pin=2"/></net>

<net id="4182"><net_src comp="4179" pin="1"/><net_sink comp="2366" pin=2"/></net>

<net id="4186"><net_src comp="4183" pin="1"/><net_sink comp="2359" pin=2"/></net>

<net id="4190"><net_src comp="4187" pin="1"/><net_sink comp="2352" pin=2"/></net>

<net id="4194"><net_src comp="4191" pin="1"/><net_sink comp="2345" pin=2"/></net>

<net id="4198"><net_src comp="4195" pin="1"/><net_sink comp="2338" pin=2"/></net>

<net id="4202"><net_src comp="4199" pin="1"/><net_sink comp="2331" pin=2"/></net>

<net id="4206"><net_src comp="4203" pin="1"/><net_sink comp="2324" pin=2"/></net>

<net id="4210"><net_src comp="4207" pin="1"/><net_sink comp="2317" pin=2"/></net>

<net id="4214"><net_src comp="4211" pin="1"/><net_sink comp="2310" pin=2"/></net>

<net id="4218"><net_src comp="4215" pin="1"/><net_sink comp="2303" pin=2"/></net>

<net id="4222"><net_src comp="4219" pin="1"/><net_sink comp="2296" pin=2"/></net>

<net id="4226"><net_src comp="4223" pin="1"/><net_sink comp="2289" pin=2"/></net>

<net id="4230"><net_src comp="4227" pin="1"/><net_sink comp="2282" pin=2"/></net>

<net id="4234"><net_src comp="4231" pin="1"/><net_sink comp="2275" pin=2"/></net>

<net id="4238"><net_src comp="4235" pin="1"/><net_sink comp="2268" pin=2"/></net>

<net id="4242"><net_src comp="4239" pin="1"/><net_sink comp="2261" pin=2"/></net>

<net id="4246"><net_src comp="4243" pin="1"/><net_sink comp="2254" pin=2"/></net>

<net id="4250"><net_src comp="4247" pin="1"/><net_sink comp="2247" pin=2"/></net>

<net id="4254"><net_src comp="4251" pin="1"/><net_sink comp="2240" pin=2"/></net>

<net id="4258"><net_src comp="4255" pin="1"/><net_sink comp="2233" pin=2"/></net>

<net id="4262"><net_src comp="4259" pin="1"/><net_sink comp="2226" pin=2"/></net>

<net id="4266"><net_src comp="4263" pin="1"/><net_sink comp="2219" pin=2"/></net>

<net id="4270"><net_src comp="4267" pin="1"/><net_sink comp="2212" pin=2"/></net>

<net id="4274"><net_src comp="4271" pin="1"/><net_sink comp="2205" pin=2"/></net>

<net id="4278"><net_src comp="4275" pin="1"/><net_sink comp="2198" pin=2"/></net>

<net id="4282"><net_src comp="4279" pin="1"/><net_sink comp="2191" pin=2"/></net>

<net id="4286"><net_src comp="4283" pin="1"/><net_sink comp="2184" pin=2"/></net>

<net id="4290"><net_src comp="4287" pin="1"/><net_sink comp="2177" pin=2"/></net>

<net id="4294"><net_src comp="4291" pin="1"/><net_sink comp="2170" pin=2"/></net>

<net id="4298"><net_src comp="4295" pin="1"/><net_sink comp="2163" pin=2"/></net>

<net id="4302"><net_src comp="4299" pin="1"/><net_sink comp="2156" pin=2"/></net>

<net id="4306"><net_src comp="4303" pin="1"/><net_sink comp="2149" pin=2"/></net>

<net id="4310"><net_src comp="4307" pin="1"/><net_sink comp="2142" pin=2"/></net>

<net id="4314"><net_src comp="4311" pin="1"/><net_sink comp="2135" pin=2"/></net>

<net id="4318"><net_src comp="4315" pin="1"/><net_sink comp="2128" pin=2"/></net>

<net id="4322"><net_src comp="4319" pin="1"/><net_sink comp="2121" pin=2"/></net>

<net id="4326"><net_src comp="4323" pin="1"/><net_sink comp="2114" pin=2"/></net>

<net id="4330"><net_src comp="4327" pin="1"/><net_sink comp="2107" pin=2"/></net>

<net id="4334"><net_src comp="4331" pin="1"/><net_sink comp="2100" pin=2"/></net>

<net id="4338"><net_src comp="4335" pin="1"/><net_sink comp="2093" pin=2"/></net>

<net id="4342"><net_src comp="4339" pin="1"/><net_sink comp="2086" pin=2"/></net>

<net id="4346"><net_src comp="4343" pin="1"/><net_sink comp="2079" pin=2"/></net>

<net id="4350"><net_src comp="4347" pin="1"/><net_sink comp="2072" pin=2"/></net>

<net id="4354"><net_src comp="4351" pin="1"/><net_sink comp="2065" pin=2"/></net>

<net id="4358"><net_src comp="4355" pin="1"/><net_sink comp="2058" pin=2"/></net>

<net id="4362"><net_src comp="4359" pin="1"/><net_sink comp="2051" pin=2"/></net>

<net id="4366"><net_src comp="4363" pin="1"/><net_sink comp="2044" pin=2"/></net>

<net id="4370"><net_src comp="4367" pin="1"/><net_sink comp="2037" pin=2"/></net>

<net id="4374"><net_src comp="4371" pin="1"/><net_sink comp="2030" pin=2"/></net>

<net id="4378"><net_src comp="4375" pin="1"/><net_sink comp="2023" pin=2"/></net>

<net id="4382"><net_src comp="4379" pin="1"/><net_sink comp="2016" pin=2"/></net>

<net id="4386"><net_src comp="4383" pin="1"/><net_sink comp="2009" pin=2"/></net>

<net id="4390"><net_src comp="4387" pin="1"/><net_sink comp="2002" pin=2"/></net>

<net id="4394"><net_src comp="4391" pin="1"/><net_sink comp="1995" pin=2"/></net>

<net id="4398"><net_src comp="4395" pin="1"/><net_sink comp="1988" pin=2"/></net>

<net id="4402"><net_src comp="4399" pin="1"/><net_sink comp="1981" pin=2"/></net>

<net id="4406"><net_src comp="4403" pin="1"/><net_sink comp="1974" pin=2"/></net>

<net id="4410"><net_src comp="4407" pin="1"/><net_sink comp="1967" pin=2"/></net>

<net id="4414"><net_src comp="4411" pin="1"/><net_sink comp="1960" pin=2"/></net>

<net id="4418"><net_src comp="4415" pin="1"/><net_sink comp="1953" pin=2"/></net>

<net id="4422"><net_src comp="4419" pin="1"/><net_sink comp="1946" pin=2"/></net>

<net id="4426"><net_src comp="4423" pin="1"/><net_sink comp="1939" pin=2"/></net>

<net id="4430"><net_src comp="4427" pin="1"/><net_sink comp="1932" pin=2"/></net>

<net id="4434"><net_src comp="4431" pin="1"/><net_sink comp="1925" pin=2"/></net>

<net id="4438"><net_src comp="4435" pin="1"/><net_sink comp="1918" pin=2"/></net>

<net id="4442"><net_src comp="4439" pin="1"/><net_sink comp="1911" pin=2"/></net>

<net id="4446"><net_src comp="4443" pin="1"/><net_sink comp="1904" pin=2"/></net>

<net id="4450"><net_src comp="4447" pin="1"/><net_sink comp="1897" pin=2"/></net>

<net id="4454"><net_src comp="4451" pin="1"/><net_sink comp="1890" pin=2"/></net>

<net id="4458"><net_src comp="4455" pin="1"/><net_sink comp="1883" pin=2"/></net>

<net id="4462"><net_src comp="4459" pin="1"/><net_sink comp="1876" pin=2"/></net>

<net id="4466"><net_src comp="4463" pin="1"/><net_sink comp="1869" pin=2"/></net>

<net id="4470"><net_src comp="4467" pin="1"/><net_sink comp="1862" pin=2"/></net>

<net id="4474"><net_src comp="4471" pin="1"/><net_sink comp="1855" pin=2"/></net>

<net id="4478"><net_src comp="4475" pin="1"/><net_sink comp="1848" pin=2"/></net>

<net id="4482"><net_src comp="4479" pin="1"/><net_sink comp="1841" pin=2"/></net>

<net id="4486"><net_src comp="4483" pin="1"/><net_sink comp="1834" pin=2"/></net>

<net id="4490"><net_src comp="4487" pin="1"/><net_sink comp="1827" pin=2"/></net>

<net id="4494"><net_src comp="4491" pin="1"/><net_sink comp="1820" pin=2"/></net>

<net id="4498"><net_src comp="4495" pin="1"/><net_sink comp="1813" pin=2"/></net>

<net id="4502"><net_src comp="4499" pin="1"/><net_sink comp="1806" pin=2"/></net>

<net id="4506"><net_src comp="4503" pin="1"/><net_sink comp="1799" pin=2"/></net>

<net id="4510"><net_src comp="4507" pin="1"/><net_sink comp="1792" pin=2"/></net>

<net id="4514"><net_src comp="4511" pin="1"/><net_sink comp="1785" pin=2"/></net>

<net id="4518"><net_src comp="4515" pin="1"/><net_sink comp="1778" pin=2"/></net>

<net id="4522"><net_src comp="4519" pin="1"/><net_sink comp="1771" pin=2"/></net>

<net id="4526"><net_src comp="4523" pin="1"/><net_sink comp="1764" pin=2"/></net>

<net id="4530"><net_src comp="4527" pin="1"/><net_sink comp="1757" pin=2"/></net>

<net id="4534"><net_src comp="4531" pin="1"/><net_sink comp="1750" pin=2"/></net>

<net id="4538"><net_src comp="4535" pin="1"/><net_sink comp="1743" pin=2"/></net>

<net id="4542"><net_src comp="4539" pin="1"/><net_sink comp="1736" pin=2"/></net>

<net id="4546"><net_src comp="4543" pin="1"/><net_sink comp="1729" pin=2"/></net>

<net id="4550"><net_src comp="4547" pin="1"/><net_sink comp="1722" pin=2"/></net>

<net id="4554"><net_src comp="4551" pin="1"/><net_sink comp="1715" pin=2"/></net>

<net id="4558"><net_src comp="4555" pin="1"/><net_sink comp="1708" pin=2"/></net>

<net id="4562"><net_src comp="4559" pin="1"/><net_sink comp="1701" pin=2"/></net>

<net id="4566"><net_src comp="4563" pin="1"/><net_sink comp="1694" pin=2"/></net>

<net id="4570"><net_src comp="4567" pin="1"/><net_sink comp="1687" pin=2"/></net>

<net id="4574"><net_src comp="4571" pin="1"/><net_sink comp="1680" pin=2"/></net>

<net id="4578"><net_src comp="4575" pin="1"/><net_sink comp="1673" pin=2"/></net>

<net id="4582"><net_src comp="4579" pin="1"/><net_sink comp="1666" pin=2"/></net>

<net id="4586"><net_src comp="4583" pin="1"/><net_sink comp="1659" pin=2"/></net>

<net id="4590"><net_src comp="4587" pin="1"/><net_sink comp="1652" pin=2"/></net>

<net id="4594"><net_src comp="4591" pin="1"/><net_sink comp="1645" pin=2"/></net>

<net id="4598"><net_src comp="4595" pin="1"/><net_sink comp="1638" pin=2"/></net>

<net id="4602"><net_src comp="4599" pin="1"/><net_sink comp="1631" pin=2"/></net>

<net id="4606"><net_src comp="4603" pin="1"/><net_sink comp="1624" pin=2"/></net>

<net id="4610"><net_src comp="4607" pin="1"/><net_sink comp="1617" pin=2"/></net>

<net id="4614"><net_src comp="4611" pin="1"/><net_sink comp="1610" pin=2"/></net>

<net id="4618"><net_src comp="4615" pin="1"/><net_sink comp="1603" pin=2"/></net>

<net id="4622"><net_src comp="4619" pin="1"/><net_sink comp="1596" pin=2"/></net>

<net id="4626"><net_src comp="4623" pin="1"/><net_sink comp="1589" pin=2"/></net>

<net id="4630"><net_src comp="4627" pin="1"/><net_sink comp="1582" pin=2"/></net>

<net id="4634"><net_src comp="4631" pin="1"/><net_sink comp="1575" pin=2"/></net>

<net id="4638"><net_src comp="4635" pin="1"/><net_sink comp="1568" pin=2"/></net>

<net id="4642"><net_src comp="4639" pin="1"/><net_sink comp="1561" pin=2"/></net>

<net id="4646"><net_src comp="4643" pin="1"/><net_sink comp="1554" pin=2"/></net>

<net id="4650"><net_src comp="4647" pin="1"/><net_sink comp="1547" pin=2"/></net>

<net id="4654"><net_src comp="4651" pin="1"/><net_sink comp="1540" pin=2"/></net>

<net id="4658"><net_src comp="4655" pin="1"/><net_sink comp="1533" pin=2"/></net>

<net id="4662"><net_src comp="4659" pin="1"/><net_sink comp="1526" pin=2"/></net>

<net id="4666"><net_src comp="4663" pin="1"/><net_sink comp="1519" pin=2"/></net>

<net id="4670"><net_src comp="4667" pin="1"/><net_sink comp="1512" pin=2"/></net>

<net id="4674"><net_src comp="4671" pin="1"/><net_sink comp="1505" pin=2"/></net>

<net id="4678"><net_src comp="4675" pin="1"/><net_sink comp="1498" pin=2"/></net>

<net id="4682"><net_src comp="4679" pin="1"/><net_sink comp="1491" pin=2"/></net>

<net id="4686"><net_src comp="4683" pin="1"/><net_sink comp="1484" pin=2"/></net>

<net id="4690"><net_src comp="4687" pin="1"/><net_sink comp="1477" pin=2"/></net>

<net id="4694"><net_src comp="4691" pin="1"/><net_sink comp="1470" pin=2"/></net>

<net id="4698"><net_src comp="4695" pin="1"/><net_sink comp="1463" pin=2"/></net>

<net id="4702"><net_src comp="4699" pin="1"/><net_sink comp="1456" pin=2"/></net>

<net id="4706"><net_src comp="4703" pin="1"/><net_sink comp="1449" pin=2"/></net>

<net id="4710"><net_src comp="4707" pin="1"/><net_sink comp="1442" pin=2"/></net>

<net id="4714"><net_src comp="632" pin="1"/><net_sink comp="4711" pin=0"/></net>

<net id="4715"><net_src comp="4711" pin="1"/><net_sink comp="2855" pin=1"/></net>

<net id="4716"><net_src comp="4711" pin="1"/><net_sink comp="2860" pin=0"/></net>

<net id="4717"><net_src comp="4711" pin="1"/><net_sink comp="2884" pin=1"/></net>

<net id="4721"><net_src comp="636" pin="1"/><net_sink comp="4718" pin=0"/></net>

<net id="4722"><net_src comp="4718" pin="1"/><net_sink comp="3896" pin=1"/></net>

<net id="4723"><net_src comp="4718" pin="1"/><net_sink comp="3911" pin=0"/></net>

<net id="4727"><net_src comp="640" pin="1"/><net_sink comp="4724" pin=0"/></net>

<net id="4728"><net_src comp="4724" pin="1"/><net_sink comp="3886" pin=1"/></net>

<net id="4729"><net_src comp="4724" pin="1"/><net_sink comp="3915" pin=0"/></net>

<net id="4733"><net_src comp="644" pin="1"/><net_sink comp="4730" pin=0"/></net>

<net id="4734"><net_src comp="4730" pin="1"/><net_sink comp="3876" pin=1"/></net>

<net id="4735"><net_src comp="4730" pin="1"/><net_sink comp="3919" pin=0"/></net>

<net id="4739"><net_src comp="648" pin="1"/><net_sink comp="4736" pin=0"/></net>

<net id="4740"><net_src comp="4736" pin="1"/><net_sink comp="3866" pin=1"/></net>

<net id="4741"><net_src comp="4736" pin="1"/><net_sink comp="3923" pin=0"/></net>

<net id="4745"><net_src comp="652" pin="1"/><net_sink comp="4742" pin=0"/></net>

<net id="4746"><net_src comp="4742" pin="1"/><net_sink comp="3856" pin=1"/></net>

<net id="4747"><net_src comp="4742" pin="1"/><net_sink comp="3927" pin=0"/></net>

<net id="4751"><net_src comp="656" pin="1"/><net_sink comp="4748" pin=0"/></net>

<net id="4752"><net_src comp="4748" pin="1"/><net_sink comp="3846" pin=1"/></net>

<net id="4753"><net_src comp="4748" pin="1"/><net_sink comp="3931" pin=0"/></net>

<net id="4757"><net_src comp="660" pin="1"/><net_sink comp="4754" pin=0"/></net>

<net id="4758"><net_src comp="4754" pin="1"/><net_sink comp="3836" pin=1"/></net>

<net id="4759"><net_src comp="4754" pin="1"/><net_sink comp="3935" pin=0"/></net>

<net id="4763"><net_src comp="664" pin="1"/><net_sink comp="4760" pin=0"/></net>

<net id="4764"><net_src comp="4760" pin="1"/><net_sink comp="3826" pin=1"/></net>

<net id="4765"><net_src comp="4760" pin="1"/><net_sink comp="3939" pin=0"/></net>

<net id="4769"><net_src comp="668" pin="1"/><net_sink comp="4766" pin=0"/></net>

<net id="4770"><net_src comp="4766" pin="1"/><net_sink comp="3816" pin=1"/></net>

<net id="4771"><net_src comp="4766" pin="1"/><net_sink comp="3943" pin=0"/></net>

<net id="4775"><net_src comp="672" pin="1"/><net_sink comp="4772" pin=0"/></net>

<net id="4776"><net_src comp="4772" pin="1"/><net_sink comp="3806" pin=1"/></net>

<net id="4777"><net_src comp="4772" pin="1"/><net_sink comp="3947" pin=0"/></net>

<net id="4781"><net_src comp="676" pin="1"/><net_sink comp="4778" pin=0"/></net>

<net id="4782"><net_src comp="4778" pin="1"/><net_sink comp="3796" pin=1"/></net>

<net id="4783"><net_src comp="4778" pin="1"/><net_sink comp="3951" pin=0"/></net>

<net id="4787"><net_src comp="680" pin="1"/><net_sink comp="4784" pin=0"/></net>

<net id="4788"><net_src comp="4784" pin="1"/><net_sink comp="3786" pin=1"/></net>

<net id="4789"><net_src comp="4784" pin="1"/><net_sink comp="3955" pin=0"/></net>

<net id="4793"><net_src comp="684" pin="1"/><net_sink comp="4790" pin=0"/></net>

<net id="4794"><net_src comp="4790" pin="1"/><net_sink comp="3776" pin=1"/></net>

<net id="4795"><net_src comp="4790" pin="1"/><net_sink comp="3959" pin=0"/></net>

<net id="4799"><net_src comp="688" pin="1"/><net_sink comp="4796" pin=0"/></net>

<net id="4800"><net_src comp="4796" pin="1"/><net_sink comp="3766" pin=1"/></net>

<net id="4801"><net_src comp="4796" pin="1"/><net_sink comp="3963" pin=0"/></net>

<net id="4805"><net_src comp="692" pin="1"/><net_sink comp="4802" pin=0"/></net>

<net id="4806"><net_src comp="4802" pin="1"/><net_sink comp="3756" pin=1"/></net>

<net id="4807"><net_src comp="4802" pin="1"/><net_sink comp="3967" pin=0"/></net>

<net id="4811"><net_src comp="696" pin="1"/><net_sink comp="4808" pin=0"/></net>

<net id="4812"><net_src comp="4808" pin="1"/><net_sink comp="3746" pin=1"/></net>

<net id="4813"><net_src comp="4808" pin="1"/><net_sink comp="3971" pin=0"/></net>

<net id="4817"><net_src comp="700" pin="1"/><net_sink comp="4814" pin=0"/></net>

<net id="4818"><net_src comp="4814" pin="1"/><net_sink comp="3736" pin=1"/></net>

<net id="4819"><net_src comp="4814" pin="1"/><net_sink comp="3975" pin=0"/></net>

<net id="4823"><net_src comp="704" pin="1"/><net_sink comp="4820" pin=0"/></net>

<net id="4824"><net_src comp="4820" pin="1"/><net_sink comp="3726" pin=1"/></net>

<net id="4825"><net_src comp="4820" pin="1"/><net_sink comp="3979" pin=0"/></net>

<net id="4829"><net_src comp="708" pin="1"/><net_sink comp="4826" pin=0"/></net>

<net id="4830"><net_src comp="4826" pin="1"/><net_sink comp="3716" pin=1"/></net>

<net id="4831"><net_src comp="4826" pin="1"/><net_sink comp="3983" pin=0"/></net>

<net id="4835"><net_src comp="712" pin="1"/><net_sink comp="4832" pin=0"/></net>

<net id="4836"><net_src comp="4832" pin="1"/><net_sink comp="3706" pin=1"/></net>

<net id="4837"><net_src comp="4832" pin="1"/><net_sink comp="3987" pin=0"/></net>

<net id="4841"><net_src comp="716" pin="1"/><net_sink comp="4838" pin=0"/></net>

<net id="4842"><net_src comp="4838" pin="1"/><net_sink comp="3696" pin=1"/></net>

<net id="4843"><net_src comp="4838" pin="1"/><net_sink comp="3991" pin=0"/></net>

<net id="4847"><net_src comp="720" pin="1"/><net_sink comp="4844" pin=0"/></net>

<net id="4848"><net_src comp="4844" pin="1"/><net_sink comp="3686" pin=1"/></net>

<net id="4849"><net_src comp="4844" pin="1"/><net_sink comp="3995" pin=0"/></net>

<net id="4853"><net_src comp="724" pin="1"/><net_sink comp="4850" pin=0"/></net>

<net id="4854"><net_src comp="4850" pin="1"/><net_sink comp="3676" pin=1"/></net>

<net id="4855"><net_src comp="4850" pin="1"/><net_sink comp="3999" pin=0"/></net>

<net id="4859"><net_src comp="728" pin="1"/><net_sink comp="4856" pin=0"/></net>

<net id="4860"><net_src comp="4856" pin="1"/><net_sink comp="3666" pin=1"/></net>

<net id="4861"><net_src comp="4856" pin="1"/><net_sink comp="4003" pin=0"/></net>

<net id="4865"><net_src comp="732" pin="1"/><net_sink comp="4862" pin=0"/></net>

<net id="4866"><net_src comp="4862" pin="1"/><net_sink comp="3656" pin=1"/></net>

<net id="4867"><net_src comp="4862" pin="1"/><net_sink comp="4007" pin=0"/></net>

<net id="4871"><net_src comp="736" pin="1"/><net_sink comp="4868" pin=0"/></net>

<net id="4872"><net_src comp="4868" pin="1"/><net_sink comp="3646" pin=1"/></net>

<net id="4873"><net_src comp="4868" pin="1"/><net_sink comp="4011" pin=0"/></net>

<net id="4877"><net_src comp="740" pin="1"/><net_sink comp="4874" pin=0"/></net>

<net id="4878"><net_src comp="4874" pin="1"/><net_sink comp="3636" pin=1"/></net>

<net id="4879"><net_src comp="4874" pin="1"/><net_sink comp="4015" pin=0"/></net>

<net id="4883"><net_src comp="744" pin="1"/><net_sink comp="4880" pin=0"/></net>

<net id="4884"><net_src comp="4880" pin="1"/><net_sink comp="3626" pin=1"/></net>

<net id="4885"><net_src comp="4880" pin="1"/><net_sink comp="4019" pin=0"/></net>

<net id="4889"><net_src comp="748" pin="1"/><net_sink comp="4886" pin=0"/></net>

<net id="4890"><net_src comp="4886" pin="1"/><net_sink comp="3616" pin=1"/></net>

<net id="4891"><net_src comp="4886" pin="1"/><net_sink comp="4023" pin=0"/></net>

<net id="4895"><net_src comp="752" pin="1"/><net_sink comp="4892" pin=0"/></net>

<net id="4896"><net_src comp="4892" pin="1"/><net_sink comp="3606" pin=1"/></net>

<net id="4897"><net_src comp="4892" pin="1"/><net_sink comp="4027" pin=0"/></net>

<net id="4901"><net_src comp="756" pin="1"/><net_sink comp="4898" pin=0"/></net>

<net id="4902"><net_src comp="4898" pin="1"/><net_sink comp="3596" pin=1"/></net>

<net id="4903"><net_src comp="4898" pin="1"/><net_sink comp="4031" pin=0"/></net>

<net id="4907"><net_src comp="760" pin="1"/><net_sink comp="4904" pin=0"/></net>

<net id="4908"><net_src comp="4904" pin="1"/><net_sink comp="3586" pin=1"/></net>

<net id="4909"><net_src comp="4904" pin="1"/><net_sink comp="4035" pin=0"/></net>

<net id="4913"><net_src comp="764" pin="1"/><net_sink comp="4910" pin=0"/></net>

<net id="4914"><net_src comp="4910" pin="1"/><net_sink comp="3576" pin=1"/></net>

<net id="4915"><net_src comp="4910" pin="1"/><net_sink comp="4039" pin=0"/></net>

<net id="4919"><net_src comp="768" pin="1"/><net_sink comp="4916" pin=0"/></net>

<net id="4920"><net_src comp="4916" pin="1"/><net_sink comp="3566" pin=1"/></net>

<net id="4921"><net_src comp="4916" pin="1"/><net_sink comp="4043" pin=0"/></net>

<net id="4925"><net_src comp="772" pin="1"/><net_sink comp="4922" pin=0"/></net>

<net id="4926"><net_src comp="4922" pin="1"/><net_sink comp="3556" pin=1"/></net>

<net id="4927"><net_src comp="4922" pin="1"/><net_sink comp="4047" pin=0"/></net>

<net id="4931"><net_src comp="776" pin="1"/><net_sink comp="4928" pin=0"/></net>

<net id="4932"><net_src comp="4928" pin="1"/><net_sink comp="3546" pin=1"/></net>

<net id="4933"><net_src comp="4928" pin="1"/><net_sink comp="4051" pin=0"/></net>

<net id="4937"><net_src comp="780" pin="1"/><net_sink comp="4934" pin=0"/></net>

<net id="4938"><net_src comp="4934" pin="1"/><net_sink comp="3536" pin=1"/></net>

<net id="4939"><net_src comp="4934" pin="1"/><net_sink comp="4055" pin=0"/></net>

<net id="4943"><net_src comp="784" pin="1"/><net_sink comp="4940" pin=0"/></net>

<net id="4944"><net_src comp="4940" pin="1"/><net_sink comp="3526" pin=1"/></net>

<net id="4945"><net_src comp="4940" pin="1"/><net_sink comp="4059" pin=0"/></net>

<net id="4949"><net_src comp="788" pin="1"/><net_sink comp="4946" pin=0"/></net>

<net id="4950"><net_src comp="4946" pin="1"/><net_sink comp="3516" pin=1"/></net>

<net id="4951"><net_src comp="4946" pin="1"/><net_sink comp="4063" pin=0"/></net>

<net id="4955"><net_src comp="792" pin="1"/><net_sink comp="4952" pin=0"/></net>

<net id="4956"><net_src comp="4952" pin="1"/><net_sink comp="3506" pin=1"/></net>

<net id="4957"><net_src comp="4952" pin="1"/><net_sink comp="4067" pin=0"/></net>

<net id="4961"><net_src comp="796" pin="1"/><net_sink comp="4958" pin=0"/></net>

<net id="4962"><net_src comp="4958" pin="1"/><net_sink comp="3496" pin=1"/></net>

<net id="4963"><net_src comp="4958" pin="1"/><net_sink comp="4071" pin=0"/></net>

<net id="4967"><net_src comp="800" pin="1"/><net_sink comp="4964" pin=0"/></net>

<net id="4968"><net_src comp="4964" pin="1"/><net_sink comp="3486" pin=1"/></net>

<net id="4969"><net_src comp="4964" pin="1"/><net_sink comp="4075" pin=0"/></net>

<net id="4973"><net_src comp="804" pin="1"/><net_sink comp="4970" pin=0"/></net>

<net id="4974"><net_src comp="4970" pin="1"/><net_sink comp="3476" pin=1"/></net>

<net id="4975"><net_src comp="4970" pin="1"/><net_sink comp="4079" pin=0"/></net>

<net id="4979"><net_src comp="808" pin="1"/><net_sink comp="4976" pin=0"/></net>

<net id="4980"><net_src comp="4976" pin="1"/><net_sink comp="3466" pin=1"/></net>

<net id="4981"><net_src comp="4976" pin="1"/><net_sink comp="4083" pin=0"/></net>

<net id="4985"><net_src comp="812" pin="1"/><net_sink comp="4982" pin=0"/></net>

<net id="4986"><net_src comp="4982" pin="1"/><net_sink comp="3456" pin=1"/></net>

<net id="4987"><net_src comp="4982" pin="1"/><net_sink comp="4087" pin=0"/></net>

<net id="4991"><net_src comp="816" pin="1"/><net_sink comp="4988" pin=0"/></net>

<net id="4992"><net_src comp="4988" pin="1"/><net_sink comp="3446" pin=1"/></net>

<net id="4993"><net_src comp="4988" pin="1"/><net_sink comp="4091" pin=0"/></net>

<net id="4997"><net_src comp="820" pin="1"/><net_sink comp="4994" pin=0"/></net>

<net id="4998"><net_src comp="4994" pin="1"/><net_sink comp="3436" pin=1"/></net>

<net id="4999"><net_src comp="4994" pin="1"/><net_sink comp="4095" pin=0"/></net>

<net id="5003"><net_src comp="824" pin="1"/><net_sink comp="5000" pin=0"/></net>

<net id="5004"><net_src comp="5000" pin="1"/><net_sink comp="3426" pin=1"/></net>

<net id="5005"><net_src comp="5000" pin="1"/><net_sink comp="4099" pin=0"/></net>

<net id="5009"><net_src comp="828" pin="1"/><net_sink comp="5006" pin=0"/></net>

<net id="5010"><net_src comp="5006" pin="1"/><net_sink comp="3416" pin=1"/></net>

<net id="5011"><net_src comp="5006" pin="1"/><net_sink comp="4103" pin=0"/></net>

<net id="5015"><net_src comp="832" pin="1"/><net_sink comp="5012" pin=0"/></net>

<net id="5016"><net_src comp="5012" pin="1"/><net_sink comp="3406" pin=1"/></net>

<net id="5017"><net_src comp="5012" pin="1"/><net_sink comp="4107" pin=0"/></net>

<net id="5021"><net_src comp="836" pin="1"/><net_sink comp="5018" pin=0"/></net>

<net id="5022"><net_src comp="5018" pin="1"/><net_sink comp="3396" pin=1"/></net>

<net id="5023"><net_src comp="5018" pin="1"/><net_sink comp="4111" pin=0"/></net>

<net id="5027"><net_src comp="840" pin="1"/><net_sink comp="5024" pin=0"/></net>

<net id="5028"><net_src comp="5024" pin="1"/><net_sink comp="3386" pin=1"/></net>

<net id="5029"><net_src comp="5024" pin="1"/><net_sink comp="4115" pin=0"/></net>

<net id="5033"><net_src comp="844" pin="1"/><net_sink comp="5030" pin=0"/></net>

<net id="5034"><net_src comp="5030" pin="1"/><net_sink comp="3376" pin=1"/></net>

<net id="5035"><net_src comp="5030" pin="1"/><net_sink comp="4119" pin=0"/></net>

<net id="5039"><net_src comp="848" pin="1"/><net_sink comp="5036" pin=0"/></net>

<net id="5040"><net_src comp="5036" pin="1"/><net_sink comp="3366" pin=1"/></net>

<net id="5041"><net_src comp="5036" pin="1"/><net_sink comp="4123" pin=0"/></net>

<net id="5045"><net_src comp="852" pin="1"/><net_sink comp="5042" pin=0"/></net>

<net id="5046"><net_src comp="5042" pin="1"/><net_sink comp="3356" pin=1"/></net>

<net id="5047"><net_src comp="5042" pin="1"/><net_sink comp="4127" pin=0"/></net>

<net id="5051"><net_src comp="856" pin="1"/><net_sink comp="5048" pin=0"/></net>

<net id="5052"><net_src comp="5048" pin="1"/><net_sink comp="3346" pin=1"/></net>

<net id="5053"><net_src comp="5048" pin="1"/><net_sink comp="4131" pin=0"/></net>

<net id="5057"><net_src comp="860" pin="1"/><net_sink comp="5054" pin=0"/></net>

<net id="5058"><net_src comp="5054" pin="1"/><net_sink comp="3336" pin=1"/></net>

<net id="5059"><net_src comp="5054" pin="1"/><net_sink comp="4135" pin=0"/></net>

<net id="5063"><net_src comp="864" pin="1"/><net_sink comp="5060" pin=0"/></net>

<net id="5064"><net_src comp="5060" pin="1"/><net_sink comp="3326" pin=1"/></net>

<net id="5065"><net_src comp="5060" pin="1"/><net_sink comp="4139" pin=0"/></net>

<net id="5069"><net_src comp="868" pin="1"/><net_sink comp="5066" pin=0"/></net>

<net id="5070"><net_src comp="5066" pin="1"/><net_sink comp="3316" pin=1"/></net>

<net id="5071"><net_src comp="5066" pin="1"/><net_sink comp="4143" pin=0"/></net>

<net id="5075"><net_src comp="872" pin="1"/><net_sink comp="5072" pin=0"/></net>

<net id="5076"><net_src comp="5072" pin="1"/><net_sink comp="3306" pin=1"/></net>

<net id="5077"><net_src comp="5072" pin="1"/><net_sink comp="4147" pin=0"/></net>

<net id="5081"><net_src comp="876" pin="1"/><net_sink comp="5078" pin=0"/></net>

<net id="5082"><net_src comp="5078" pin="1"/><net_sink comp="3296" pin=1"/></net>

<net id="5083"><net_src comp="5078" pin="1"/><net_sink comp="4151" pin=0"/></net>

<net id="5087"><net_src comp="880" pin="1"/><net_sink comp="5084" pin=0"/></net>

<net id="5088"><net_src comp="5084" pin="1"/><net_sink comp="3286" pin=1"/></net>

<net id="5089"><net_src comp="5084" pin="1"/><net_sink comp="4155" pin=0"/></net>

<net id="5093"><net_src comp="884" pin="1"/><net_sink comp="5090" pin=0"/></net>

<net id="5094"><net_src comp="5090" pin="1"/><net_sink comp="3276" pin=1"/></net>

<net id="5095"><net_src comp="5090" pin="1"/><net_sink comp="4159" pin=0"/></net>

<net id="5099"><net_src comp="888" pin="1"/><net_sink comp="5096" pin=0"/></net>

<net id="5100"><net_src comp="5096" pin="1"/><net_sink comp="3266" pin=1"/></net>

<net id="5101"><net_src comp="5096" pin="1"/><net_sink comp="4163" pin=0"/></net>

<net id="5105"><net_src comp="892" pin="1"/><net_sink comp="5102" pin=0"/></net>

<net id="5106"><net_src comp="5102" pin="1"/><net_sink comp="3256" pin=1"/></net>

<net id="5107"><net_src comp="5102" pin="1"/><net_sink comp="4167" pin=0"/></net>

<net id="5111"><net_src comp="896" pin="1"/><net_sink comp="5108" pin=0"/></net>

<net id="5112"><net_src comp="5108" pin="1"/><net_sink comp="3246" pin=1"/></net>

<net id="5113"><net_src comp="5108" pin="1"/><net_sink comp="4171" pin=0"/></net>

<net id="5117"><net_src comp="900" pin="1"/><net_sink comp="5114" pin=0"/></net>

<net id="5118"><net_src comp="5114" pin="1"/><net_sink comp="3236" pin=1"/></net>

<net id="5119"><net_src comp="5114" pin="1"/><net_sink comp="4175" pin=0"/></net>

<net id="5123"><net_src comp="904" pin="1"/><net_sink comp="5120" pin=0"/></net>

<net id="5124"><net_src comp="5120" pin="1"/><net_sink comp="3226" pin=1"/></net>

<net id="5125"><net_src comp="5120" pin="1"/><net_sink comp="4179" pin=0"/></net>

<net id="5129"><net_src comp="908" pin="1"/><net_sink comp="5126" pin=0"/></net>

<net id="5130"><net_src comp="5126" pin="1"/><net_sink comp="3216" pin=1"/></net>

<net id="5131"><net_src comp="5126" pin="1"/><net_sink comp="4183" pin=0"/></net>

<net id="5135"><net_src comp="912" pin="1"/><net_sink comp="5132" pin=0"/></net>

<net id="5136"><net_src comp="5132" pin="1"/><net_sink comp="3206" pin=1"/></net>

<net id="5137"><net_src comp="5132" pin="1"/><net_sink comp="4187" pin=0"/></net>

<net id="5141"><net_src comp="916" pin="1"/><net_sink comp="5138" pin=0"/></net>

<net id="5142"><net_src comp="5138" pin="1"/><net_sink comp="3196" pin=1"/></net>

<net id="5143"><net_src comp="5138" pin="1"/><net_sink comp="4191" pin=0"/></net>

<net id="5147"><net_src comp="920" pin="1"/><net_sink comp="5144" pin=0"/></net>

<net id="5148"><net_src comp="5144" pin="1"/><net_sink comp="3186" pin=1"/></net>

<net id="5149"><net_src comp="5144" pin="1"/><net_sink comp="4195" pin=0"/></net>

<net id="5153"><net_src comp="924" pin="1"/><net_sink comp="5150" pin=0"/></net>

<net id="5154"><net_src comp="5150" pin="1"/><net_sink comp="3176" pin=1"/></net>

<net id="5155"><net_src comp="5150" pin="1"/><net_sink comp="4199" pin=0"/></net>

<net id="5159"><net_src comp="928" pin="1"/><net_sink comp="5156" pin=0"/></net>

<net id="5160"><net_src comp="5156" pin="1"/><net_sink comp="3166" pin=1"/></net>

<net id="5161"><net_src comp="5156" pin="1"/><net_sink comp="4203" pin=0"/></net>

<net id="5165"><net_src comp="932" pin="1"/><net_sink comp="5162" pin=0"/></net>

<net id="5166"><net_src comp="5162" pin="1"/><net_sink comp="3156" pin=1"/></net>

<net id="5167"><net_src comp="5162" pin="1"/><net_sink comp="4207" pin=0"/></net>

<net id="5171"><net_src comp="936" pin="1"/><net_sink comp="5168" pin=0"/></net>

<net id="5172"><net_src comp="5168" pin="1"/><net_sink comp="3146" pin=1"/></net>

<net id="5173"><net_src comp="5168" pin="1"/><net_sink comp="4211" pin=0"/></net>

<net id="5177"><net_src comp="940" pin="1"/><net_sink comp="5174" pin=0"/></net>

<net id="5178"><net_src comp="5174" pin="1"/><net_sink comp="3136" pin=1"/></net>

<net id="5179"><net_src comp="5174" pin="1"/><net_sink comp="4215" pin=0"/></net>

<net id="5183"><net_src comp="944" pin="1"/><net_sink comp="5180" pin=0"/></net>

<net id="5184"><net_src comp="5180" pin="1"/><net_sink comp="3126" pin=1"/></net>

<net id="5185"><net_src comp="5180" pin="1"/><net_sink comp="4219" pin=0"/></net>

<net id="5189"><net_src comp="948" pin="1"/><net_sink comp="5186" pin=0"/></net>

<net id="5190"><net_src comp="5186" pin="1"/><net_sink comp="3116" pin=1"/></net>

<net id="5191"><net_src comp="5186" pin="1"/><net_sink comp="4223" pin=0"/></net>

<net id="5195"><net_src comp="952" pin="1"/><net_sink comp="5192" pin=0"/></net>

<net id="5196"><net_src comp="5192" pin="1"/><net_sink comp="3106" pin=1"/></net>

<net id="5197"><net_src comp="5192" pin="1"/><net_sink comp="4227" pin=0"/></net>

<net id="5201"><net_src comp="956" pin="1"/><net_sink comp="5198" pin=0"/></net>

<net id="5202"><net_src comp="5198" pin="1"/><net_sink comp="3096" pin=1"/></net>

<net id="5203"><net_src comp="5198" pin="1"/><net_sink comp="4231" pin=0"/></net>

<net id="5207"><net_src comp="960" pin="1"/><net_sink comp="5204" pin=0"/></net>

<net id="5208"><net_src comp="5204" pin="1"/><net_sink comp="3086" pin=1"/></net>

<net id="5209"><net_src comp="5204" pin="1"/><net_sink comp="4235" pin=0"/></net>

<net id="5213"><net_src comp="964" pin="1"/><net_sink comp="5210" pin=0"/></net>

<net id="5214"><net_src comp="5210" pin="1"/><net_sink comp="3076" pin=1"/></net>

<net id="5215"><net_src comp="5210" pin="1"/><net_sink comp="4239" pin=0"/></net>

<net id="5219"><net_src comp="968" pin="1"/><net_sink comp="5216" pin=0"/></net>

<net id="5220"><net_src comp="5216" pin="1"/><net_sink comp="3066" pin=1"/></net>

<net id="5221"><net_src comp="5216" pin="1"/><net_sink comp="4243" pin=0"/></net>

<net id="5225"><net_src comp="972" pin="1"/><net_sink comp="5222" pin=0"/></net>

<net id="5226"><net_src comp="5222" pin="1"/><net_sink comp="3056" pin=1"/></net>

<net id="5227"><net_src comp="5222" pin="1"/><net_sink comp="4247" pin=0"/></net>

<net id="5231"><net_src comp="976" pin="1"/><net_sink comp="5228" pin=0"/></net>

<net id="5232"><net_src comp="5228" pin="1"/><net_sink comp="3046" pin=1"/></net>

<net id="5233"><net_src comp="5228" pin="1"/><net_sink comp="4251" pin=0"/></net>

<net id="5237"><net_src comp="980" pin="1"/><net_sink comp="5234" pin=0"/></net>

<net id="5238"><net_src comp="5234" pin="1"/><net_sink comp="3036" pin=1"/></net>

<net id="5239"><net_src comp="5234" pin="1"/><net_sink comp="4255" pin=0"/></net>

<net id="5243"><net_src comp="984" pin="1"/><net_sink comp="5240" pin=0"/></net>

<net id="5244"><net_src comp="5240" pin="1"/><net_sink comp="3026" pin=1"/></net>

<net id="5245"><net_src comp="5240" pin="1"/><net_sink comp="4259" pin=0"/></net>

<net id="5249"><net_src comp="988" pin="1"/><net_sink comp="5246" pin=0"/></net>

<net id="5250"><net_src comp="5246" pin="1"/><net_sink comp="3016" pin=1"/></net>

<net id="5251"><net_src comp="5246" pin="1"/><net_sink comp="4263" pin=0"/></net>

<net id="5255"><net_src comp="992" pin="1"/><net_sink comp="5252" pin=0"/></net>

<net id="5256"><net_src comp="5252" pin="1"/><net_sink comp="3006" pin=1"/></net>

<net id="5257"><net_src comp="5252" pin="1"/><net_sink comp="4267" pin=0"/></net>

<net id="5261"><net_src comp="996" pin="1"/><net_sink comp="5258" pin=0"/></net>

<net id="5262"><net_src comp="5258" pin="1"/><net_sink comp="2996" pin=1"/></net>

<net id="5263"><net_src comp="5258" pin="1"/><net_sink comp="4271" pin=0"/></net>

<net id="5267"><net_src comp="1000" pin="1"/><net_sink comp="5264" pin=0"/></net>

<net id="5268"><net_src comp="5264" pin="1"/><net_sink comp="2986" pin=1"/></net>

<net id="5269"><net_src comp="5264" pin="1"/><net_sink comp="4275" pin=0"/></net>

<net id="5273"><net_src comp="1004" pin="1"/><net_sink comp="5270" pin=0"/></net>

<net id="5274"><net_src comp="5270" pin="1"/><net_sink comp="2976" pin=1"/></net>

<net id="5275"><net_src comp="5270" pin="1"/><net_sink comp="4279" pin=0"/></net>

<net id="5279"><net_src comp="1008" pin="1"/><net_sink comp="5276" pin=0"/></net>

<net id="5280"><net_src comp="5276" pin="1"/><net_sink comp="2966" pin=1"/></net>

<net id="5281"><net_src comp="5276" pin="1"/><net_sink comp="4283" pin=0"/></net>

<net id="5285"><net_src comp="1012" pin="1"/><net_sink comp="5282" pin=0"/></net>

<net id="5286"><net_src comp="5282" pin="1"/><net_sink comp="2956" pin=1"/></net>

<net id="5287"><net_src comp="5282" pin="1"/><net_sink comp="4287" pin=0"/></net>

<net id="5291"><net_src comp="1016" pin="1"/><net_sink comp="5288" pin=0"/></net>

<net id="5292"><net_src comp="5288" pin="1"/><net_sink comp="2946" pin=1"/></net>

<net id="5293"><net_src comp="5288" pin="1"/><net_sink comp="4291" pin=0"/></net>

<net id="5297"><net_src comp="1020" pin="1"/><net_sink comp="5294" pin=0"/></net>

<net id="5298"><net_src comp="5294" pin="1"/><net_sink comp="2936" pin=1"/></net>

<net id="5299"><net_src comp="5294" pin="1"/><net_sink comp="4295" pin=0"/></net>

<net id="5303"><net_src comp="1024" pin="1"/><net_sink comp="5300" pin=0"/></net>

<net id="5304"><net_src comp="5300" pin="1"/><net_sink comp="2926" pin=1"/></net>

<net id="5305"><net_src comp="5300" pin="1"/><net_sink comp="4299" pin=0"/></net>

<net id="5309"><net_src comp="1028" pin="1"/><net_sink comp="5306" pin=0"/></net>

<net id="5310"><net_src comp="5306" pin="1"/><net_sink comp="2916" pin=1"/></net>

<net id="5311"><net_src comp="5306" pin="1"/><net_sink comp="4303" pin=0"/></net>

<net id="5315"><net_src comp="1032" pin="1"/><net_sink comp="5312" pin=0"/></net>

<net id="5316"><net_src comp="5312" pin="1"/><net_sink comp="3906" pin=1"/></net>

<net id="5317"><net_src comp="5312" pin="1"/><net_sink comp="4307" pin=0"/></net>

<net id="5321"><net_src comp="1036" pin="1"/><net_sink comp="5318" pin=0"/></net>

<net id="5322"><net_src comp="5318" pin="1"/><net_sink comp="3891" pin=1"/></net>

<net id="5323"><net_src comp="5318" pin="1"/><net_sink comp="4311" pin=0"/></net>

<net id="5327"><net_src comp="1040" pin="1"/><net_sink comp="5324" pin=0"/></net>

<net id="5328"><net_src comp="5324" pin="1"/><net_sink comp="3881" pin=1"/></net>

<net id="5329"><net_src comp="5324" pin="1"/><net_sink comp="4315" pin=0"/></net>

<net id="5333"><net_src comp="1044" pin="1"/><net_sink comp="5330" pin=0"/></net>

<net id="5334"><net_src comp="5330" pin="1"/><net_sink comp="3871" pin=1"/></net>

<net id="5335"><net_src comp="5330" pin="1"/><net_sink comp="4319" pin=0"/></net>

<net id="5339"><net_src comp="1048" pin="1"/><net_sink comp="5336" pin=0"/></net>

<net id="5340"><net_src comp="5336" pin="1"/><net_sink comp="3861" pin=1"/></net>

<net id="5341"><net_src comp="5336" pin="1"/><net_sink comp="4323" pin=0"/></net>

<net id="5345"><net_src comp="1052" pin="1"/><net_sink comp="5342" pin=0"/></net>

<net id="5346"><net_src comp="5342" pin="1"/><net_sink comp="3851" pin=1"/></net>

<net id="5347"><net_src comp="5342" pin="1"/><net_sink comp="4327" pin=0"/></net>

<net id="5351"><net_src comp="1056" pin="1"/><net_sink comp="5348" pin=0"/></net>

<net id="5352"><net_src comp="5348" pin="1"/><net_sink comp="3841" pin=1"/></net>

<net id="5353"><net_src comp="5348" pin="1"/><net_sink comp="4331" pin=0"/></net>

<net id="5357"><net_src comp="1060" pin="1"/><net_sink comp="5354" pin=0"/></net>

<net id="5358"><net_src comp="5354" pin="1"/><net_sink comp="3831" pin=1"/></net>

<net id="5359"><net_src comp="5354" pin="1"/><net_sink comp="4335" pin=0"/></net>

<net id="5363"><net_src comp="1064" pin="1"/><net_sink comp="5360" pin=0"/></net>

<net id="5364"><net_src comp="5360" pin="1"/><net_sink comp="3821" pin=1"/></net>

<net id="5365"><net_src comp="5360" pin="1"/><net_sink comp="4339" pin=0"/></net>

<net id="5369"><net_src comp="1068" pin="1"/><net_sink comp="5366" pin=0"/></net>

<net id="5370"><net_src comp="5366" pin="1"/><net_sink comp="3811" pin=1"/></net>

<net id="5371"><net_src comp="5366" pin="1"/><net_sink comp="4343" pin=0"/></net>

<net id="5375"><net_src comp="1072" pin="1"/><net_sink comp="5372" pin=0"/></net>

<net id="5376"><net_src comp="5372" pin="1"/><net_sink comp="3801" pin=1"/></net>

<net id="5377"><net_src comp="5372" pin="1"/><net_sink comp="4347" pin=0"/></net>

<net id="5381"><net_src comp="1076" pin="1"/><net_sink comp="5378" pin=0"/></net>

<net id="5382"><net_src comp="5378" pin="1"/><net_sink comp="3791" pin=1"/></net>

<net id="5383"><net_src comp="5378" pin="1"/><net_sink comp="4351" pin=0"/></net>

<net id="5387"><net_src comp="1080" pin="1"/><net_sink comp="5384" pin=0"/></net>

<net id="5388"><net_src comp="5384" pin="1"/><net_sink comp="3781" pin=1"/></net>

<net id="5389"><net_src comp="5384" pin="1"/><net_sink comp="4355" pin=0"/></net>

<net id="5393"><net_src comp="1084" pin="1"/><net_sink comp="5390" pin=0"/></net>

<net id="5394"><net_src comp="5390" pin="1"/><net_sink comp="3771" pin=1"/></net>

<net id="5395"><net_src comp="5390" pin="1"/><net_sink comp="4359" pin=0"/></net>

<net id="5399"><net_src comp="1088" pin="1"/><net_sink comp="5396" pin=0"/></net>

<net id="5400"><net_src comp="5396" pin="1"/><net_sink comp="3761" pin=1"/></net>

<net id="5401"><net_src comp="5396" pin="1"/><net_sink comp="4363" pin=0"/></net>

<net id="5405"><net_src comp="1092" pin="1"/><net_sink comp="5402" pin=0"/></net>

<net id="5406"><net_src comp="5402" pin="1"/><net_sink comp="3751" pin=1"/></net>

<net id="5407"><net_src comp="5402" pin="1"/><net_sink comp="4367" pin=0"/></net>

<net id="5411"><net_src comp="1096" pin="1"/><net_sink comp="5408" pin=0"/></net>

<net id="5412"><net_src comp="5408" pin="1"/><net_sink comp="3741" pin=1"/></net>

<net id="5413"><net_src comp="5408" pin="1"/><net_sink comp="4371" pin=0"/></net>

<net id="5417"><net_src comp="1100" pin="1"/><net_sink comp="5414" pin=0"/></net>

<net id="5418"><net_src comp="5414" pin="1"/><net_sink comp="3731" pin=1"/></net>

<net id="5419"><net_src comp="5414" pin="1"/><net_sink comp="4375" pin=0"/></net>

<net id="5423"><net_src comp="1104" pin="1"/><net_sink comp="5420" pin=0"/></net>

<net id="5424"><net_src comp="5420" pin="1"/><net_sink comp="3721" pin=1"/></net>

<net id="5425"><net_src comp="5420" pin="1"/><net_sink comp="4379" pin=0"/></net>

<net id="5429"><net_src comp="1108" pin="1"/><net_sink comp="5426" pin=0"/></net>

<net id="5430"><net_src comp="5426" pin="1"/><net_sink comp="3711" pin=1"/></net>

<net id="5431"><net_src comp="5426" pin="1"/><net_sink comp="4383" pin=0"/></net>

<net id="5435"><net_src comp="1112" pin="1"/><net_sink comp="5432" pin=0"/></net>

<net id="5436"><net_src comp="5432" pin="1"/><net_sink comp="3701" pin=1"/></net>

<net id="5437"><net_src comp="5432" pin="1"/><net_sink comp="4387" pin=0"/></net>

<net id="5441"><net_src comp="1116" pin="1"/><net_sink comp="5438" pin=0"/></net>

<net id="5442"><net_src comp="5438" pin="1"/><net_sink comp="3691" pin=1"/></net>

<net id="5443"><net_src comp="5438" pin="1"/><net_sink comp="4391" pin=0"/></net>

<net id="5447"><net_src comp="1120" pin="1"/><net_sink comp="5444" pin=0"/></net>

<net id="5448"><net_src comp="5444" pin="1"/><net_sink comp="3681" pin=1"/></net>

<net id="5449"><net_src comp="5444" pin="1"/><net_sink comp="4395" pin=0"/></net>

<net id="5453"><net_src comp="1124" pin="1"/><net_sink comp="5450" pin=0"/></net>

<net id="5454"><net_src comp="5450" pin="1"/><net_sink comp="3671" pin=1"/></net>

<net id="5455"><net_src comp="5450" pin="1"/><net_sink comp="4399" pin=0"/></net>

<net id="5459"><net_src comp="1128" pin="1"/><net_sink comp="5456" pin=0"/></net>

<net id="5460"><net_src comp="5456" pin="1"/><net_sink comp="3661" pin=1"/></net>

<net id="5461"><net_src comp="5456" pin="1"/><net_sink comp="4403" pin=0"/></net>

<net id="5465"><net_src comp="1132" pin="1"/><net_sink comp="5462" pin=0"/></net>

<net id="5466"><net_src comp="5462" pin="1"/><net_sink comp="3651" pin=1"/></net>

<net id="5467"><net_src comp="5462" pin="1"/><net_sink comp="4407" pin=0"/></net>

<net id="5471"><net_src comp="1136" pin="1"/><net_sink comp="5468" pin=0"/></net>

<net id="5472"><net_src comp="5468" pin="1"/><net_sink comp="3641" pin=1"/></net>

<net id="5473"><net_src comp="5468" pin="1"/><net_sink comp="4411" pin=0"/></net>

<net id="5477"><net_src comp="1140" pin="1"/><net_sink comp="5474" pin=0"/></net>

<net id="5478"><net_src comp="5474" pin="1"/><net_sink comp="3631" pin=1"/></net>

<net id="5479"><net_src comp="5474" pin="1"/><net_sink comp="4415" pin=0"/></net>

<net id="5483"><net_src comp="1144" pin="1"/><net_sink comp="5480" pin=0"/></net>

<net id="5484"><net_src comp="5480" pin="1"/><net_sink comp="3621" pin=1"/></net>

<net id="5485"><net_src comp="5480" pin="1"/><net_sink comp="4419" pin=0"/></net>

<net id="5489"><net_src comp="1148" pin="1"/><net_sink comp="5486" pin=0"/></net>

<net id="5490"><net_src comp="5486" pin="1"/><net_sink comp="3611" pin=1"/></net>

<net id="5491"><net_src comp="5486" pin="1"/><net_sink comp="4423" pin=0"/></net>

<net id="5495"><net_src comp="1152" pin="1"/><net_sink comp="5492" pin=0"/></net>

<net id="5496"><net_src comp="5492" pin="1"/><net_sink comp="3601" pin=1"/></net>

<net id="5497"><net_src comp="5492" pin="1"/><net_sink comp="4427" pin=0"/></net>

<net id="5501"><net_src comp="1156" pin="1"/><net_sink comp="5498" pin=0"/></net>

<net id="5502"><net_src comp="5498" pin="1"/><net_sink comp="3591" pin=1"/></net>

<net id="5503"><net_src comp="5498" pin="1"/><net_sink comp="4431" pin=0"/></net>

<net id="5507"><net_src comp="1160" pin="1"/><net_sink comp="5504" pin=0"/></net>

<net id="5508"><net_src comp="5504" pin="1"/><net_sink comp="3581" pin=1"/></net>

<net id="5509"><net_src comp="5504" pin="1"/><net_sink comp="4435" pin=0"/></net>

<net id="5513"><net_src comp="1164" pin="1"/><net_sink comp="5510" pin=0"/></net>

<net id="5514"><net_src comp="5510" pin="1"/><net_sink comp="3571" pin=1"/></net>

<net id="5515"><net_src comp="5510" pin="1"/><net_sink comp="4439" pin=0"/></net>

<net id="5519"><net_src comp="1168" pin="1"/><net_sink comp="5516" pin=0"/></net>

<net id="5520"><net_src comp="5516" pin="1"/><net_sink comp="3561" pin=1"/></net>

<net id="5521"><net_src comp="5516" pin="1"/><net_sink comp="4443" pin=0"/></net>

<net id="5525"><net_src comp="1172" pin="1"/><net_sink comp="5522" pin=0"/></net>

<net id="5526"><net_src comp="5522" pin="1"/><net_sink comp="3551" pin=1"/></net>

<net id="5527"><net_src comp="5522" pin="1"/><net_sink comp="4447" pin=0"/></net>

<net id="5531"><net_src comp="1176" pin="1"/><net_sink comp="5528" pin=0"/></net>

<net id="5532"><net_src comp="5528" pin="1"/><net_sink comp="3541" pin=1"/></net>

<net id="5533"><net_src comp="5528" pin="1"/><net_sink comp="4451" pin=0"/></net>

<net id="5537"><net_src comp="1180" pin="1"/><net_sink comp="5534" pin=0"/></net>

<net id="5538"><net_src comp="5534" pin="1"/><net_sink comp="3531" pin=1"/></net>

<net id="5539"><net_src comp="5534" pin="1"/><net_sink comp="4455" pin=0"/></net>

<net id="5543"><net_src comp="1184" pin="1"/><net_sink comp="5540" pin=0"/></net>

<net id="5544"><net_src comp="5540" pin="1"/><net_sink comp="3521" pin=1"/></net>

<net id="5545"><net_src comp="5540" pin="1"/><net_sink comp="4459" pin=0"/></net>

<net id="5549"><net_src comp="1188" pin="1"/><net_sink comp="5546" pin=0"/></net>

<net id="5550"><net_src comp="5546" pin="1"/><net_sink comp="3511" pin=1"/></net>

<net id="5551"><net_src comp="5546" pin="1"/><net_sink comp="4463" pin=0"/></net>

<net id="5555"><net_src comp="1192" pin="1"/><net_sink comp="5552" pin=0"/></net>

<net id="5556"><net_src comp="5552" pin="1"/><net_sink comp="3501" pin=1"/></net>

<net id="5557"><net_src comp="5552" pin="1"/><net_sink comp="4467" pin=0"/></net>

<net id="5561"><net_src comp="1196" pin="1"/><net_sink comp="5558" pin=0"/></net>

<net id="5562"><net_src comp="5558" pin="1"/><net_sink comp="3491" pin=1"/></net>

<net id="5563"><net_src comp="5558" pin="1"/><net_sink comp="4471" pin=0"/></net>

<net id="5567"><net_src comp="1200" pin="1"/><net_sink comp="5564" pin=0"/></net>

<net id="5568"><net_src comp="5564" pin="1"/><net_sink comp="3481" pin=1"/></net>

<net id="5569"><net_src comp="5564" pin="1"/><net_sink comp="4475" pin=0"/></net>

<net id="5573"><net_src comp="1204" pin="1"/><net_sink comp="5570" pin=0"/></net>

<net id="5574"><net_src comp="5570" pin="1"/><net_sink comp="3471" pin=1"/></net>

<net id="5575"><net_src comp="5570" pin="1"/><net_sink comp="4479" pin=0"/></net>

<net id="5579"><net_src comp="1208" pin="1"/><net_sink comp="5576" pin=0"/></net>

<net id="5580"><net_src comp="5576" pin="1"/><net_sink comp="3461" pin=1"/></net>

<net id="5581"><net_src comp="5576" pin="1"/><net_sink comp="4483" pin=0"/></net>

<net id="5585"><net_src comp="1212" pin="1"/><net_sink comp="5582" pin=0"/></net>

<net id="5586"><net_src comp="5582" pin="1"/><net_sink comp="3451" pin=1"/></net>

<net id="5587"><net_src comp="5582" pin="1"/><net_sink comp="4487" pin=0"/></net>

<net id="5591"><net_src comp="1216" pin="1"/><net_sink comp="5588" pin=0"/></net>

<net id="5592"><net_src comp="5588" pin="1"/><net_sink comp="3441" pin=1"/></net>

<net id="5593"><net_src comp="5588" pin="1"/><net_sink comp="4491" pin=0"/></net>

<net id="5597"><net_src comp="1220" pin="1"/><net_sink comp="5594" pin=0"/></net>

<net id="5598"><net_src comp="5594" pin="1"/><net_sink comp="3431" pin=1"/></net>

<net id="5599"><net_src comp="5594" pin="1"/><net_sink comp="4495" pin=0"/></net>

<net id="5603"><net_src comp="1224" pin="1"/><net_sink comp="5600" pin=0"/></net>

<net id="5604"><net_src comp="5600" pin="1"/><net_sink comp="3421" pin=1"/></net>

<net id="5605"><net_src comp="5600" pin="1"/><net_sink comp="4499" pin=0"/></net>

<net id="5609"><net_src comp="1228" pin="1"/><net_sink comp="5606" pin=0"/></net>

<net id="5610"><net_src comp="5606" pin="1"/><net_sink comp="3411" pin=1"/></net>

<net id="5611"><net_src comp="5606" pin="1"/><net_sink comp="4503" pin=0"/></net>

<net id="5615"><net_src comp="1232" pin="1"/><net_sink comp="5612" pin=0"/></net>

<net id="5616"><net_src comp="5612" pin="1"/><net_sink comp="3401" pin=1"/></net>

<net id="5617"><net_src comp="5612" pin="1"/><net_sink comp="4507" pin=0"/></net>

<net id="5621"><net_src comp="1236" pin="1"/><net_sink comp="5618" pin=0"/></net>

<net id="5622"><net_src comp="5618" pin="1"/><net_sink comp="3391" pin=1"/></net>

<net id="5623"><net_src comp="5618" pin="1"/><net_sink comp="4511" pin=0"/></net>

<net id="5627"><net_src comp="1240" pin="1"/><net_sink comp="5624" pin=0"/></net>

<net id="5628"><net_src comp="5624" pin="1"/><net_sink comp="3381" pin=1"/></net>

<net id="5629"><net_src comp="5624" pin="1"/><net_sink comp="4515" pin=0"/></net>

<net id="5633"><net_src comp="1244" pin="1"/><net_sink comp="5630" pin=0"/></net>

<net id="5634"><net_src comp="5630" pin="1"/><net_sink comp="3371" pin=1"/></net>

<net id="5635"><net_src comp="5630" pin="1"/><net_sink comp="4519" pin=0"/></net>

<net id="5639"><net_src comp="1248" pin="1"/><net_sink comp="5636" pin=0"/></net>

<net id="5640"><net_src comp="5636" pin="1"/><net_sink comp="3361" pin=1"/></net>

<net id="5641"><net_src comp="5636" pin="1"/><net_sink comp="4523" pin=0"/></net>

<net id="5645"><net_src comp="1252" pin="1"/><net_sink comp="5642" pin=0"/></net>

<net id="5646"><net_src comp="5642" pin="1"/><net_sink comp="3351" pin=1"/></net>

<net id="5647"><net_src comp="5642" pin="1"/><net_sink comp="4527" pin=0"/></net>

<net id="5651"><net_src comp="1256" pin="1"/><net_sink comp="5648" pin=0"/></net>

<net id="5652"><net_src comp="5648" pin="1"/><net_sink comp="3341" pin=1"/></net>

<net id="5653"><net_src comp="5648" pin="1"/><net_sink comp="4531" pin=0"/></net>

<net id="5657"><net_src comp="1260" pin="1"/><net_sink comp="5654" pin=0"/></net>

<net id="5658"><net_src comp="5654" pin="1"/><net_sink comp="3331" pin=1"/></net>

<net id="5659"><net_src comp="5654" pin="1"/><net_sink comp="4535" pin=0"/></net>

<net id="5663"><net_src comp="1264" pin="1"/><net_sink comp="5660" pin=0"/></net>

<net id="5664"><net_src comp="5660" pin="1"/><net_sink comp="3321" pin=1"/></net>

<net id="5665"><net_src comp="5660" pin="1"/><net_sink comp="4539" pin=0"/></net>

<net id="5669"><net_src comp="1268" pin="1"/><net_sink comp="5666" pin=0"/></net>

<net id="5670"><net_src comp="5666" pin="1"/><net_sink comp="3311" pin=1"/></net>

<net id="5671"><net_src comp="5666" pin="1"/><net_sink comp="4543" pin=0"/></net>

<net id="5675"><net_src comp="1272" pin="1"/><net_sink comp="5672" pin=0"/></net>

<net id="5676"><net_src comp="5672" pin="1"/><net_sink comp="3301" pin=1"/></net>

<net id="5677"><net_src comp="5672" pin="1"/><net_sink comp="4547" pin=0"/></net>

<net id="5681"><net_src comp="1276" pin="1"/><net_sink comp="5678" pin=0"/></net>

<net id="5682"><net_src comp="5678" pin="1"/><net_sink comp="3291" pin=1"/></net>

<net id="5683"><net_src comp="5678" pin="1"/><net_sink comp="4551" pin=0"/></net>

<net id="5687"><net_src comp="1280" pin="1"/><net_sink comp="5684" pin=0"/></net>

<net id="5688"><net_src comp="5684" pin="1"/><net_sink comp="3281" pin=1"/></net>

<net id="5689"><net_src comp="5684" pin="1"/><net_sink comp="4555" pin=0"/></net>

<net id="5693"><net_src comp="1284" pin="1"/><net_sink comp="5690" pin=0"/></net>

<net id="5694"><net_src comp="5690" pin="1"/><net_sink comp="3271" pin=1"/></net>

<net id="5695"><net_src comp="5690" pin="1"/><net_sink comp="4559" pin=0"/></net>

<net id="5699"><net_src comp="1288" pin="1"/><net_sink comp="5696" pin=0"/></net>

<net id="5700"><net_src comp="5696" pin="1"/><net_sink comp="3261" pin=1"/></net>

<net id="5701"><net_src comp="5696" pin="1"/><net_sink comp="4563" pin=0"/></net>

<net id="5705"><net_src comp="1292" pin="1"/><net_sink comp="5702" pin=0"/></net>

<net id="5706"><net_src comp="5702" pin="1"/><net_sink comp="3251" pin=1"/></net>

<net id="5707"><net_src comp="5702" pin="1"/><net_sink comp="4567" pin=0"/></net>

<net id="5711"><net_src comp="1296" pin="1"/><net_sink comp="5708" pin=0"/></net>

<net id="5712"><net_src comp="5708" pin="1"/><net_sink comp="3241" pin=1"/></net>

<net id="5713"><net_src comp="5708" pin="1"/><net_sink comp="4571" pin=0"/></net>

<net id="5717"><net_src comp="1300" pin="1"/><net_sink comp="5714" pin=0"/></net>

<net id="5718"><net_src comp="5714" pin="1"/><net_sink comp="3231" pin=1"/></net>

<net id="5719"><net_src comp="5714" pin="1"/><net_sink comp="4575" pin=0"/></net>

<net id="5723"><net_src comp="1304" pin="1"/><net_sink comp="5720" pin=0"/></net>

<net id="5724"><net_src comp="5720" pin="1"/><net_sink comp="3221" pin=1"/></net>

<net id="5725"><net_src comp="5720" pin="1"/><net_sink comp="4579" pin=0"/></net>

<net id="5729"><net_src comp="1308" pin="1"/><net_sink comp="5726" pin=0"/></net>

<net id="5730"><net_src comp="5726" pin="1"/><net_sink comp="3211" pin=1"/></net>

<net id="5731"><net_src comp="5726" pin="1"/><net_sink comp="4583" pin=0"/></net>

<net id="5735"><net_src comp="1312" pin="1"/><net_sink comp="5732" pin=0"/></net>

<net id="5736"><net_src comp="5732" pin="1"/><net_sink comp="3201" pin=1"/></net>

<net id="5737"><net_src comp="5732" pin="1"/><net_sink comp="4587" pin=0"/></net>

<net id="5741"><net_src comp="1316" pin="1"/><net_sink comp="5738" pin=0"/></net>

<net id="5742"><net_src comp="5738" pin="1"/><net_sink comp="3191" pin=1"/></net>

<net id="5743"><net_src comp="5738" pin="1"/><net_sink comp="4591" pin=0"/></net>

<net id="5747"><net_src comp="1320" pin="1"/><net_sink comp="5744" pin=0"/></net>

<net id="5748"><net_src comp="5744" pin="1"/><net_sink comp="3181" pin=1"/></net>

<net id="5749"><net_src comp="5744" pin="1"/><net_sink comp="4595" pin=0"/></net>

<net id="5753"><net_src comp="1324" pin="1"/><net_sink comp="5750" pin=0"/></net>

<net id="5754"><net_src comp="5750" pin="1"/><net_sink comp="3171" pin=1"/></net>

<net id="5755"><net_src comp="5750" pin="1"/><net_sink comp="4599" pin=0"/></net>

<net id="5759"><net_src comp="1328" pin="1"/><net_sink comp="5756" pin=0"/></net>

<net id="5760"><net_src comp="5756" pin="1"/><net_sink comp="3161" pin=1"/></net>

<net id="5761"><net_src comp="5756" pin="1"/><net_sink comp="4603" pin=0"/></net>

<net id="5765"><net_src comp="1332" pin="1"/><net_sink comp="5762" pin=0"/></net>

<net id="5766"><net_src comp="5762" pin="1"/><net_sink comp="3151" pin=1"/></net>

<net id="5767"><net_src comp="5762" pin="1"/><net_sink comp="4607" pin=0"/></net>

<net id="5771"><net_src comp="1336" pin="1"/><net_sink comp="5768" pin=0"/></net>

<net id="5772"><net_src comp="5768" pin="1"/><net_sink comp="3141" pin=1"/></net>

<net id="5773"><net_src comp="5768" pin="1"/><net_sink comp="4611" pin=0"/></net>

<net id="5777"><net_src comp="1340" pin="1"/><net_sink comp="5774" pin=0"/></net>

<net id="5778"><net_src comp="5774" pin="1"/><net_sink comp="3131" pin=1"/></net>

<net id="5779"><net_src comp="5774" pin="1"/><net_sink comp="4615" pin=0"/></net>

<net id="5783"><net_src comp="1344" pin="1"/><net_sink comp="5780" pin=0"/></net>

<net id="5784"><net_src comp="5780" pin="1"/><net_sink comp="3121" pin=1"/></net>

<net id="5785"><net_src comp="5780" pin="1"/><net_sink comp="4619" pin=0"/></net>

<net id="5789"><net_src comp="1348" pin="1"/><net_sink comp="5786" pin=0"/></net>

<net id="5790"><net_src comp="5786" pin="1"/><net_sink comp="3111" pin=1"/></net>

<net id="5791"><net_src comp="5786" pin="1"/><net_sink comp="4623" pin=0"/></net>

<net id="5795"><net_src comp="1352" pin="1"/><net_sink comp="5792" pin=0"/></net>

<net id="5796"><net_src comp="5792" pin="1"/><net_sink comp="3101" pin=1"/></net>

<net id="5797"><net_src comp="5792" pin="1"/><net_sink comp="4627" pin=0"/></net>

<net id="5801"><net_src comp="1356" pin="1"/><net_sink comp="5798" pin=0"/></net>

<net id="5802"><net_src comp="5798" pin="1"/><net_sink comp="3091" pin=1"/></net>

<net id="5803"><net_src comp="5798" pin="1"/><net_sink comp="4631" pin=0"/></net>

<net id="5807"><net_src comp="1360" pin="1"/><net_sink comp="5804" pin=0"/></net>

<net id="5808"><net_src comp="5804" pin="1"/><net_sink comp="3081" pin=1"/></net>

<net id="5809"><net_src comp="5804" pin="1"/><net_sink comp="4635" pin=0"/></net>

<net id="5813"><net_src comp="1364" pin="1"/><net_sink comp="5810" pin=0"/></net>

<net id="5814"><net_src comp="5810" pin="1"/><net_sink comp="3071" pin=1"/></net>

<net id="5815"><net_src comp="5810" pin="1"/><net_sink comp="4639" pin=0"/></net>

<net id="5819"><net_src comp="1368" pin="1"/><net_sink comp="5816" pin=0"/></net>

<net id="5820"><net_src comp="5816" pin="1"/><net_sink comp="3061" pin=1"/></net>

<net id="5821"><net_src comp="5816" pin="1"/><net_sink comp="4643" pin=0"/></net>

<net id="5825"><net_src comp="1372" pin="1"/><net_sink comp="5822" pin=0"/></net>

<net id="5826"><net_src comp="5822" pin="1"/><net_sink comp="3051" pin=1"/></net>

<net id="5827"><net_src comp="5822" pin="1"/><net_sink comp="4647" pin=0"/></net>

<net id="5831"><net_src comp="1376" pin="1"/><net_sink comp="5828" pin=0"/></net>

<net id="5832"><net_src comp="5828" pin="1"/><net_sink comp="3041" pin=1"/></net>

<net id="5833"><net_src comp="5828" pin="1"/><net_sink comp="4651" pin=0"/></net>

<net id="5837"><net_src comp="1380" pin="1"/><net_sink comp="5834" pin=0"/></net>

<net id="5838"><net_src comp="5834" pin="1"/><net_sink comp="3031" pin=1"/></net>

<net id="5839"><net_src comp="5834" pin="1"/><net_sink comp="4655" pin=0"/></net>

<net id="5843"><net_src comp="1384" pin="1"/><net_sink comp="5840" pin=0"/></net>

<net id="5844"><net_src comp="5840" pin="1"/><net_sink comp="3021" pin=1"/></net>

<net id="5845"><net_src comp="5840" pin="1"/><net_sink comp="4659" pin=0"/></net>

<net id="5849"><net_src comp="1388" pin="1"/><net_sink comp="5846" pin=0"/></net>

<net id="5850"><net_src comp="5846" pin="1"/><net_sink comp="3011" pin=1"/></net>

<net id="5851"><net_src comp="5846" pin="1"/><net_sink comp="4663" pin=0"/></net>

<net id="5855"><net_src comp="1392" pin="1"/><net_sink comp="5852" pin=0"/></net>

<net id="5856"><net_src comp="5852" pin="1"/><net_sink comp="3001" pin=1"/></net>

<net id="5857"><net_src comp="5852" pin="1"/><net_sink comp="4667" pin=0"/></net>

<net id="5861"><net_src comp="1396" pin="1"/><net_sink comp="5858" pin=0"/></net>

<net id="5862"><net_src comp="5858" pin="1"/><net_sink comp="2991" pin=1"/></net>

<net id="5863"><net_src comp="5858" pin="1"/><net_sink comp="4671" pin=0"/></net>

<net id="5867"><net_src comp="1400" pin="1"/><net_sink comp="5864" pin=0"/></net>

<net id="5868"><net_src comp="5864" pin="1"/><net_sink comp="2981" pin=1"/></net>

<net id="5869"><net_src comp="5864" pin="1"/><net_sink comp="4675" pin=0"/></net>

<net id="5873"><net_src comp="1404" pin="1"/><net_sink comp="5870" pin=0"/></net>

<net id="5874"><net_src comp="5870" pin="1"/><net_sink comp="2971" pin=1"/></net>

<net id="5875"><net_src comp="5870" pin="1"/><net_sink comp="4679" pin=0"/></net>

<net id="5879"><net_src comp="1408" pin="1"/><net_sink comp="5876" pin=0"/></net>

<net id="5880"><net_src comp="5876" pin="1"/><net_sink comp="2961" pin=1"/></net>

<net id="5881"><net_src comp="5876" pin="1"/><net_sink comp="4683" pin=0"/></net>

<net id="5885"><net_src comp="1412" pin="1"/><net_sink comp="5882" pin=0"/></net>

<net id="5886"><net_src comp="5882" pin="1"/><net_sink comp="2951" pin=1"/></net>

<net id="5887"><net_src comp="5882" pin="1"/><net_sink comp="4687" pin=0"/></net>

<net id="5891"><net_src comp="1416" pin="1"/><net_sink comp="5888" pin=0"/></net>

<net id="5892"><net_src comp="5888" pin="1"/><net_sink comp="2941" pin=1"/></net>

<net id="5893"><net_src comp="5888" pin="1"/><net_sink comp="4691" pin=0"/></net>

<net id="5897"><net_src comp="1420" pin="1"/><net_sink comp="5894" pin=0"/></net>

<net id="5898"><net_src comp="5894" pin="1"/><net_sink comp="2931" pin=1"/></net>

<net id="5899"><net_src comp="5894" pin="1"/><net_sink comp="4695" pin=0"/></net>

<net id="5903"><net_src comp="1424" pin="1"/><net_sink comp="5900" pin=0"/></net>

<net id="5904"><net_src comp="5900" pin="1"/><net_sink comp="2921" pin=1"/></net>

<net id="5905"><net_src comp="5900" pin="1"/><net_sink comp="4699" pin=0"/></net>

<net id="5909"><net_src comp="1428" pin="1"/><net_sink comp="5906" pin=0"/></net>

<net id="5910"><net_src comp="5906" pin="1"/><net_sink comp="2911" pin=1"/></net>

<net id="5911"><net_src comp="5906" pin="1"/><net_sink comp="4703" pin=0"/></net>

<net id="5915"><net_src comp="1432" pin="1"/><net_sink comp="5912" pin=0"/></net>

<net id="5916"><net_src comp="5912" pin="1"/><net_sink comp="3901" pin=1"/></net>

<net id="5917"><net_src comp="5912" pin="1"/><net_sink comp="4707" pin=0"/></net>

<net id="5921"><net_src comp="2860" pin="1"/><net_sink comp="5918" pin=0"/></net>

<net id="5928"><net_src comp="2842" pin="3"/><net_sink comp="5925" pin=0"/></net>

<net id="5929"><net_src comp="5925" pin="1"/><net_sink comp="2849" pin=0"/></net>

</net_list>

</model> 
---------------- Datapath Model END ------------------

* FSMD analyzer results:
  - Output states:
	Port: mux_case_99108907_out | {1 }
	Port: mux_case_98107903_out | {1 }
	Port: mux_case_97106899_out | {1 }
	Port: mux_case_96105895_out | {1 }
	Port: mux_case_95104891_out | {1 }
	Port: mux_case_94103887_out | {1 }
	Port: mux_case_93102883_out | {1 }
	Port: mux_case_92101879_out | {1 }
	Port: mux_case_91100875_out | {1 }
	Port: mux_case_9099871_out | {1 }
	Port: mux_case_8998867_out | {1 }
	Port: mux_case_8897863_out | {1 }
	Port: mux_case_8796859_out | {1 }
	Port: mux_case_8695855_out | {1 }
	Port: mux_case_8594851_out | {1 }
	Port: mux_case_8493847_out | {1 }
	Port: mux_case_8392843_out | {1 }
	Port: mux_case_8291839_out | {1 }
	Port: mux_case_8190835_out | {1 }
	Port: mux_case_8089831_out | {1 }
	Port: mux_case_7988827_out | {1 }
	Port: mux_case_7887823_out | {1 }
	Port: mux_case_7786819_out | {1 }
	Port: mux_case_7685815_out | {1 }
	Port: mux_case_7584811_out | {1 }
	Port: mux_case_7483807_out | {1 }
	Port: mux_case_7382803_out | {1 }
	Port: mux_case_7281799_out | {1 }
	Port: mux_case_7180795_out | {1 }
	Port: mux_case_7079791_out | {1 }
	Port: mux_case_6978787_out | {1 }
	Port: mux_case_6877783_out | {1 }
	Port: mux_case_6776779_out | {1 }
	Port: mux_case_6675775_out | {1 }
	Port: mux_case_6574771_out | {1 }
	Port: mux_case_6473767_out | {1 }
	Port: mux_case_6372763_out | {1 }
	Port: mux_case_6271759_out | {1 }
	Port: mux_case_6170755_out | {1 }
	Port: mux_case_6069751_out | {1 }
	Port: mux_case_5968747_out | {1 }
	Port: mux_case_5867743_out | {1 }
	Port: mux_case_5766739_out | {1 }
	Port: mux_case_5665735_out | {1 }
	Port: mux_case_5564731_out | {1 }
	Port: mux_case_5463727_out | {1 }
	Port: mux_case_5362723_out | {1 }
	Port: mux_case_5261719_out | {1 }
	Port: mux_case_5160715_out | {1 }
	Port: mux_case_5059711_out | {1 }
	Port: mux_case_4958707_out | {1 }
	Port: mux_case_4857703_out | {1 }
	Port: mux_case_4756699_out | {1 }
	Port: mux_case_4655695_out | {1 }
	Port: mux_case_4554691_out | {1 }
	Port: mux_case_4453687_out | {1 }
	Port: mux_case_4352683_out | {1 }
	Port: mux_case_4251679_out | {1 }
	Port: mux_case_4150675_out | {1 }
	Port: mux_case_4049671_out | {1 }
	Port: mux_case_3948667_out | {1 }
	Port: mux_case_3847663_out | {1 }
	Port: mux_case_3746659_out | {1 }
	Port: mux_case_3645655_out | {1 }
	Port: mux_case_3544651_out | {1 }
	Port: mux_case_3443647_out | {1 }
	Port: mux_case_3342643_out | {1 }
	Port: mux_case_3241639_out | {1 }
	Port: mux_case_3140635_out | {1 }
	Port: mux_case_3039631_out | {1 }
	Port: mux_case_2938627_out | {1 }
	Port: mux_case_2837623_out | {1 }
	Port: mux_case_2736619_out | {1 }
	Port: mux_case_2635615_out | {1 }
	Port: mux_case_2534611_out | {1 }
	Port: mux_case_2433607_out | {1 }
	Port: mux_case_2332603_out | {1 }
	Port: mux_case_2231599_out | {1 }
	Port: mux_case_2130595_out | {1 }
	Port: mux_case_2029591_out | {1 }
	Port: mux_case_1928587_out | {1 }
	Port: mux_case_1827583_out | {1 }
	Port: mux_case_1726579_out | {1 }
	Port: mux_case_1625575_out | {1 }
	Port: mux_case_1524571_out | {1 }
	Port: mux_case_1423567_out | {1 }
	Port: mux_case_1322563_out | {1 }
	Port: mux_case_1221559_out | {1 }
	Port: mux_case_1120555_out | {1 }
	Port: mux_case_1019551_out | {1 }
	Port: mux_case_918547_out | {1 }
	Port: mux_case_817543_out | {1 }
	Port: mux_case_716539_out | {1 }
	Port: mux_case_615535_out | {1 }
	Port: mux_case_514531_out | {1 }
	Port: mux_case_413527_out | {1 }
	Port: mux_case_312523_out | {1 }
	Port: mux_case_211519_out | {1 }
	Port: mux_case_110515_out | {1 }
	Port: mux_case_03511_out | {1 }
	Port: mux_case_99507_out | {1 }
	Port: mux_case_98503_out | {1 }
	Port: mux_case_97499_out | {1 }
	Port: mux_case_96495_out | {1 }
	Port: mux_case_95491_out | {1 }
	Port: mux_case_94487_out | {1 }
	Port: mux_case_93483_out | {1 }
	Port: mux_case_92479_out | {1 }
	Port: mux_case_91475_out | {1 }
	Port: mux_case_90471_out | {1 }
	Port: mux_case_89467_out | {1 }
	Port: mux_case_88463_out | {1 }
	Port: mux_case_87459_out | {1 }
	Port: mux_case_86455_out | {1 }
	Port: mux_case_85451_out | {1 }
	Port: mux_case_84447_out | {1 }
	Port: mux_case_83443_out | {1 }
	Port: mux_case_82439_out | {1 }
	Port: mux_case_81435_out | {1 }
	Port: mux_case_80431_out | {1 }
	Port: mux_case_79427_out | {1 }
	Port: mux_case_78423_out | {1 }
	Port: mux_case_77419_out | {1 }
	Port: mux_case_76415_out | {1 }
	Port: mux_case_75411_out | {1 }
	Port: mux_case_74407_out | {1 }
	Port: mux_case_73403_out | {1 }
	Port: mux_case_72399_out | {1 }
	Port: mux_case_71395_out | {1 }
	Port: mux_case_70391_out | {1 }
	Port: mux_case_69387_out | {1 }
	Port: mux_case_68383_out | {1 }
	Port: mux_case_67379_out | {1 }
	Port: mux_case_66375_out | {1 }
	Port: mux_case_65371_out | {1 }
	Port: mux_case_64367_out | {1 }
	Port: mux_case_63363_out | {1 }
	Port: mux_case_62359_out | {1 }
	Port: mux_case_61355_out | {1 }
	Port: mux_case_60351_out | {1 }
	Port: mux_case_59347_out | {1 }
	Port: mux_case_58343_out | {1 }
	Port: mux_case_57339_out | {1 }
	Port: mux_case_56335_out | {1 }
	Port: mux_case_55331_out | {1 }
	Port: mux_case_54327_out | {1 }
	Port: mux_case_53323_out | {1 }
	Port: mux_case_52319_out | {1 }
	Port: mux_case_51315_out | {1 }
	Port: mux_case_50311_out | {1 }
	Port: mux_case_49307_out | {1 }
	Port: mux_case_48303_out | {1 }
	Port: mux_case_47299_out | {1 }
	Port: mux_case_46295_out | {1 }
	Port: mux_case_45291_out | {1 }
	Port: mux_case_44287_out | {1 }
	Port: mux_case_43283_out | {1 }
	Port: mux_case_42279_out | {1 }
	Port: mux_case_41275_out | {1 }
	Port: mux_case_40271_out | {1 }
	Port: mux_case_39267_out | {1 }
	Port: mux_case_38263_out | {1 }
	Port: mux_case_37259_out | {1 }
	Port: mux_case_36255_out | {1 }
	Port: mux_case_35251_out | {1 }
	Port: mux_case_34247_out | {1 }
	Port: mux_case_33243_out | {1 }
	Port: mux_case_32239_out | {1 }
	Port: mux_case_31235_out | {1 }
	Port: mux_case_30231_out | {1 }
	Port: mux_case_29227_out | {1 }
	Port: mux_case_28223_out | {1 }
	Port: mux_case_27219_out | {1 }
	Port: mux_case_26215_out | {1 }
	Port: mux_case_25211_out | {1 }
	Port: mux_case_24207_out | {1 }
	Port: mux_case_23203_out | {1 }
	Port: mux_case_22199_out | {1 }
	Port: mux_case_21195_out | {1 }
	Port: mux_case_20191_out | {1 }
	Port: mux_case_19187_out | {1 }
	Port: mux_case_18183_out | {1 }
	Port: mux_case_17179_out | {1 }
	Port: mux_case_16175_out | {1 }
	Port: mux_case_15171_out | {1 }
	Port: mux_case_14167_out | {1 }
	Port: mux_case_13163_out | {1 }
	Port: mux_case_12159_out | {1 }
	Port: mux_case_11155_out | {1 }
	Port: mux_case_10151_out | {1 }
	Port: mux_case_9147_out | {1 }
	Port: mux_case_8143_out | {1 }
	Port: mux_case_7139_out | {1 }
	Port: mux_case_6135_out | {1 }
	Port: mux_case_5131_out | {1 }
	Port: mux_case_4127_out | {1 }
	Port: mux_case_3123_out | {1 }
	Port: mux_case_2119_out | {1 }
	Port: mux_case_1115_out | {1 }
	Port: mux_case_0111_out | {1 }
 - Input state : 
	Port: getLocalImages_Pipeline_copy_loop : atomLocationsSize | {1 }
	Port: getLocalImages_Pipeline_copy_loop : atomLocations | {1 2 }
  - Chain level:
	State 1
		store_ln13 : 1
		i_2 : 1
		zext_ln13_1 : 2
		icmp_ln13 : 3
		add_ln13 : 2
		br_ln13 : 4
		zext_ln13 : 2
		atomLocations_addr : 3
		atomLocations_load : 4
		switch_ln15 : 2
		store_ln13 : 3
		mux_case_0111_load : 1
		mux_case_1115_load : 1
		mux_case_2119_load : 1
		mux_case_3123_load : 1
		mux_case_4127_load : 1
		mux_case_5131_load : 1
		mux_case_6135_load : 1
		mux_case_7139_load : 1
		mux_case_8143_load : 1
		mux_case_9147_load : 1
		mux_case_10151_load : 1
		mux_case_11155_load : 1
		mux_case_12159_load : 1
		mux_case_13163_load : 1
		mux_case_14167_load : 1
		mux_case_15171_load : 1
		mux_case_16175_load : 1
		mux_case_17179_load : 1
		mux_case_18183_load : 1
		mux_case_19187_load : 1
		mux_case_20191_load : 1
		mux_case_21195_load : 1
		mux_case_22199_load : 1
		mux_case_23203_load : 1
		mux_case_24207_load : 1
		mux_case_25211_load : 1
		mux_case_26215_load : 1
		mux_case_27219_load : 1
		mux_case_28223_load : 1
		mux_case_29227_load : 1
		mux_case_30231_load : 1
		mux_case_31235_load : 1
		mux_case_32239_load : 1
		mux_case_33243_load : 1
		mux_case_34247_load : 1
		mux_case_35251_load : 1
		mux_case_36255_load : 1
		mux_case_37259_load : 1
		mux_case_38263_load : 1
		mux_case_39267_load : 1
		mux_case_40271_load : 1
		mux_case_41275_load : 1
		mux_case_42279_load : 1
		mux_case_43283_load : 1
		mux_case_44287_load : 1
		mux_case_45291_load : 1
		mux_case_46295_load : 1
		mux_case_47299_load : 1
		mux_case_48303_load : 1
		mux_case_49307_load : 1
		mux_case_50311_load : 1
		mux_case_51315_load : 1
		mux_case_52319_load : 1
		mux_case_53323_load : 1
		mux_case_54327_load : 1
		mux_case_55331_load : 1
		mux_case_56335_load : 1
		mux_case_57339_load : 1
		mux_case_58343_load : 1
		mux_case_59347_load : 1
		mux_case_60351_load : 1
		mux_case_61355_load : 1
		mux_case_62359_load : 1
		mux_case_63363_load : 1
		mux_case_64367_load : 1
		mux_case_65371_load : 1
		mux_case_66375_load : 1
		mux_case_67379_load : 1
		mux_case_68383_load : 1
		mux_case_69387_load : 1
		mux_case_70391_load : 1
		mux_case_71395_load : 1
		mux_case_72399_load : 1
		mux_case_73403_load : 1
		mux_case_74407_load : 1
		mux_case_75411_load : 1
		mux_case_76415_load : 1
		mux_case_77419_load : 1
		mux_case_78423_load : 1
		mux_case_79427_load : 1
		mux_case_80431_load : 1
		mux_case_81435_load : 1
		mux_case_82439_load : 1
		mux_case_83443_load : 1
		mux_case_84447_load : 1
		mux_case_85451_load : 1
		mux_case_86455_load : 1
		mux_case_87459_load : 1
		mux_case_88463_load : 1
		mux_case_89467_load : 1
		mux_case_90471_load : 1
		mux_case_91475_load : 1
		mux_case_92479_load : 1
		mux_case_93483_load : 1
		mux_case_94487_load : 1
		mux_case_95491_load : 1
		mux_case_96495_load : 1
		mux_case_97499_load : 1
		mux_case_98503_load : 1
		mux_case_99507_load : 1
		mux_case_03511_load : 1
		mux_case_110515_load : 1
		mux_case_211519_load : 1
		mux_case_312523_load : 1
		mux_case_413527_load : 1
		mux_case_514531_load : 1
		mux_case_615535_load : 1
		mux_case_716539_load : 1
		mux_case_817543_load : 1
		mux_case_918547_load : 1
		mux_case_1019551_load : 1
		mux_case_1120555_load : 1
		mux_case_1221559_load : 1
		mux_case_1322563_load : 1
		mux_case_1423567_load : 1
		mux_case_1524571_load : 1
		mux_case_1625575_load : 1
		mux_case_1726579_load : 1
		mux_case_1827583_load : 1
		mux_case_1928587_load : 1
		mux_case_2029591_load : 1
		mux_case_2130595_load : 1
		mux_case_2231599_load : 1
		mux_case_2332603_load : 1
		mux_case_2433607_load : 1
		mux_case_2534611_load : 1
		mux_case_2635615_load : 1
		mux_case_2736619_load : 1
		mux_case_2837623_load : 1
		mux_case_2938627_load : 1
		mux_case_3039631_load : 1
		mux_case_3140635_load : 1
		mux_case_3241639_load : 1
		mux_case_3342643_load : 1
		mux_case_3443647_load : 1
		mux_case_3544651_load : 1
		mux_case_3645655_load : 1
		mux_case_3746659_load : 1
		mux_case_3847663_load : 1
		mux_case_3948667_load : 1
		mux_case_4049671_load : 1
		mux_case_4150675_load : 1
		mux_case_4251679_load : 1
		mux_case_4352683_load : 1
		mux_case_4453687_load : 1
		mux_case_4554691_load : 1
		mux_case_4655695_load : 1
		mux_case_4756699_load : 1
		mux_case_4857703_load : 1
		mux_case_4958707_load : 1
		mux_case_5059711_load : 1
		mux_case_5160715_load : 1
		mux_case_5261719_load : 1
		mux_case_5362723_load : 1
		mux_case_5463727_load : 1
		mux_case_5564731_load : 1
		mux_case_5665735_load : 1
		mux_case_5766739_load : 1
		mux_case_5867743_load : 1
		mux_case_5968747_load : 1
		mux_case_6069751_load : 1
		mux_case_6170755_load : 1
		mux_case_6271759_load : 1
		mux_case_6372763_load : 1
		mux_case_6473767_load : 1
		mux_case_6574771_load : 1
		mux_case_6675775_load : 1
		mux_case_6776779_load : 1
		mux_case_6877783_load : 1
		mux_case_6978787_load : 1
		mux_case_7079791_load : 1
		mux_case_7180795_load : 1
		mux_case_7281799_load : 1
		mux_case_7382803_load : 1
		mux_case_7483807_load : 1
		mux_case_7584811_load : 1
		mux_case_7685815_load : 1
		mux_case_7786819_load : 1
		mux_case_7887823_load : 1
		mux_case_7988827_load : 1
		mux_case_8089831_load : 1
		mux_case_8190835_load : 1
		mux_case_8291839_load : 1
		mux_case_8392843_load : 1
		mux_case_8493847_load : 1
		mux_case_8594851_load : 1
		mux_case_8695855_load : 1
		mux_case_8796859_load : 1
		mux_case_8897863_load : 1
		mux_case_8998867_load : 1
		mux_case_9099871_load : 1
		mux_case_91100875_load : 1
		mux_case_92101879_load : 1
		mux_case_93102883_load : 1
		mux_case_94103887_load : 1
		mux_case_95104891_load : 1
		mux_case_96105895_load : 1
		mux_case_97106899_load : 1
		mux_case_98107903_load : 1
		mux_case_99108907_load : 1
		write_ln0 : 2
		write_ln0 : 2
		write_ln0 : 2
		write_ln0 : 2
		write_ln0 : 2
		write_ln0 : 2
		write_ln0 : 2
		write_ln0 : 2
		write_ln0 : 2
		write_ln0 : 2
		write_ln0 : 2
		write_ln0 : 2
		write_ln0 : 2
		write_ln0 : 2
		write_ln0 : 2
		write_ln0 : 2
		write_ln0 : 2
		write_ln0 : 2
		write_ln0 : 2
		write_ln0 : 2
		write_ln0 : 2
		write_ln0 : 2
		write_ln0 : 2
		write_ln0 : 2
		write_ln0 : 2
		write_ln0 : 2
		write_ln0 : 2
		write_ln0 : 2
		write_ln0 : 2
		write_ln0 : 2
		write_ln0 : 2
		write_ln0 : 2
		write_ln0 : 2
		write_ln0 : 2
		write_ln0 : 2
		write_ln0 : 2
		write_ln0 : 2
		write_ln0 : 2
		write_ln0 : 2
		write_ln0 : 2
		write_ln0 : 2
		write_ln0 : 2
		write_ln0 : 2
		write_ln0 : 2
		write_ln0 : 2
		write_ln0 : 2
		write_ln0 : 2
		write_ln0 : 2
		write_ln0 : 2
		write_ln0 : 2
		write_ln0 : 2
		write_ln0 : 2
		write_ln0 : 2
		write_ln0 : 2
		write_ln0 : 2
		write_ln0 : 2
		write_ln0 : 2
		write_ln0 : 2
		write_ln0 : 2
		write_ln0 : 2
		write_ln0 : 2
		write_ln0 : 2
		write_ln0 : 2
		write_ln0 : 2
		write_ln0 : 2
		write_ln0 : 2
		write_ln0 : 2
		write_ln0 : 2
		write_ln0 : 2
		write_ln0 : 2
		write_ln0 : 2
		write_ln0 : 2
		write_ln0 : 2
		write_ln0 : 2
		write_ln0 : 2
		write_ln0 : 2
		write_ln0 : 2
		write_ln0 : 2
		write_ln0 : 2
		write_ln0 : 2
		write_ln0 : 2
		write_ln0 : 2
		write_ln0 : 2
		write_ln0 : 2
		write_ln0 : 2
		write_ln0 : 2
		write_ln0 : 2
		write_ln0 : 2
		write_ln0 : 2
		write_ln0 : 2
		write_ln0 : 2
		write_ln0 : 2
		write_ln0 : 2
		write_ln0 : 2
		write_ln0 : 2
		write_ln0 : 2
		write_ln0 : 2
		write_ln0 : 2
		write_ln0 : 2
		write_ln0 : 2
		write_ln0 : 2
		write_ln0 : 2
		write_ln0 : 2
		write_ln0 : 2
		write_ln0 : 2
		write_ln0 : 2
		write_ln0 : 2
		write_ln0 : 2
		write_ln0 : 2
		write_ln0 : 2
		write_ln0 : 2
		write_ln0 : 2
		write_ln0 : 2
		write_ln0 : 2
		write_ln0 : 2
		write_ln0 : 2
		write_ln0 : 2
		write_ln0 : 2
		write_ln0 : 2
		write_ln0 : 2
		write_ln0 : 2
		write_ln0 : 2
		write_ln0 : 2
		write_ln0 : 2
		write_ln0 : 2
		write_ln0 : 2
		write_ln0 : 2
		write_ln0 : 2
		write_ln0 : 2
		write_ln0 : 2
		write_ln0 : 2
		write_ln0 : 2
		write_ln0 : 2
		write_ln0 : 2
		write_ln0 : 2
		write_ln0 : 2
		write_ln0 : 2
		write_ln0 : 2
		write_ln0 : 2
		write_ln0 : 2
		write_ln0 : 2
		write_ln0 : 2
		write_ln0 : 2
		write_ln0 : 2
		write_ln0 : 2
		write_ln0 : 2
		write_ln0 : 2
		write_ln0 : 2
		write_ln0 : 2
		write_ln0 : 2
		write_ln0 : 2
		write_ln0 : 2
		write_ln0 : 2
		write_ln0 : 2
		write_ln0 : 2
		write_ln0 : 2
		write_ln0 : 2
		write_ln0 : 2
		write_ln0 : 2
		write_ln0 : 2
		write_ln0 : 2
		write_ln0 : 2
		write_ln0 : 2
		write_ln0 : 2
		write_ln0 : 2
		write_ln0 : 2
		write_ln0 : 2
		write_ln0 : 2
		write_ln0 : 2
		write_ln0 : 2
		write_ln0 : 2
		write_ln0 : 2
		write_ln0 : 2
		write_ln0 : 2
		write_ln0 : 2
		write_ln0 : 2
		write_ln0 : 2
		write_ln0 : 2
		write_ln0 : 2
		write_ln0 : 2
		write_ln0 : 2
		write_ln0 : 2
		write_ln0 : 2
		write_ln0 : 2
		write_ln0 : 2
		write_ln0 : 2
		write_ln0 : 2
		write_ln0 : 2
		write_ln0 : 2
		write_ln0 : 2
		write_ln0 : 2
		write_ln0 : 2
		write_ln0 : 2
		write_ln0 : 2
		write_ln0 : 2
		write_ln0 : 2
		write_ln0 : 2
		write_ln0 : 2
		write_ln0 : 2
		write_ln0 : 2
	State 2
		trunc_ln15 : 1
		local_atomLocations_x : 2
		trunc_ln15_1 : 1
		local_atomLocations_y : 2
		store_ln15 : 3
		store_ln15 : 3
		store_ln15 : 3
		store_ln15 : 3
		store_ln15 : 3
		store_ln15 : 3
		store_ln15 : 3
		store_ln15 : 3
		store_ln15 : 3
		store_ln15 : 3
		store_ln15 : 3
		store_ln15 : 3
		store_ln15 : 3
		store_ln15 : 3
		store_ln15 : 3
		store_ln15 : 3
		store_ln15 : 3
		store_ln15 : 3
		store_ln15 : 3
		store_ln15 : 3
		store_ln15 : 3
		store_ln15 : 3
		store_ln15 : 3
		store_ln15 : 3
		store_ln15 : 3
		store_ln15 : 3
		store_ln15 : 3
		store_ln15 : 3
		store_ln15 : 3
		store_ln15 : 3
		store_ln15 : 3
		store_ln15 : 3
		store_ln15 : 3
		store_ln15 : 3
		store_ln15 : 3
		store_ln15 : 3
		store_ln15 : 3
		store_ln15 : 3
		store_ln15 : 3
		store_ln15 : 3
		store_ln15 : 3
		store_ln15 : 3
		store_ln15 : 3
		store_ln15 : 3
		store_ln15 : 3
		store_ln15 : 3
		store_ln15 : 3
		store_ln15 : 3
		store_ln15 : 3
		store_ln15 : 3
		store_ln15 : 3
		store_ln15 : 3
		store_ln15 : 3
		store_ln15 : 3
		store_ln15 : 3
		store_ln15 : 3
		store_ln15 : 3
		store_ln15 : 3
		store_ln15 : 3
		store_ln15 : 3
		store_ln15 : 3
		store_ln15 : 3
		store_ln15 : 3
		store_ln15 : 3
		store_ln15 : 3
		store_ln15 : 3
		store_ln15 : 3
		store_ln15 : 3
		store_ln15 : 3
		store_ln15 : 3
		store_ln15 : 3
		store_ln15 : 3
		store_ln15 : 3
		store_ln15 : 3
		store_ln15 : 3
		store_ln15 : 3
		store_ln15 : 3
		store_ln15 : 3
		store_ln15 : 3
		store_ln15 : 3
		store_ln15 : 3
		store_ln15 : 3
		store_ln15 : 3
		store_ln15 : 3
		store_ln15 : 3
		store_ln15 : 3
		store_ln15 : 3
		store_ln15 : 3
		store_ln15 : 3
		store_ln15 : 3
		store_ln15 : 3
		store_ln15 : 3
		store_ln15 : 3
		store_ln15 : 3
		store_ln15 : 3
		store_ln15 : 3
		store_ln15 : 3
		store_ln15 : 3
		store_ln15 : 3
		store_ln15 : 3
		store_ln15 : 3
		store_ln15 : 3
		store_ln15 : 3
		store_ln15 : 3
		store_ln15 : 3
		store_ln15 : 3
		store_ln15 : 3
		store_ln15 : 3
		store_ln15 : 3
		store_ln15 : 3
		store_ln15 : 3
		store_ln15 : 3
		store_ln15 : 3
		store_ln15 : 3
		store_ln15 : 3
		store_ln15 : 3
		store_ln15 : 3
		store_ln15 : 3
		store_ln15 : 3
		store_ln15 : 3
		store_ln15 : 3
		store_ln15 : 3
		store_ln15 : 3
		store_ln15 : 3
		store_ln15 : 3
		store_ln15 : 3
		store_ln15 : 3
		store_ln15 : 3
		store_ln15 : 3
		store_ln15 : 3
		store_ln15 : 3
		store_ln15 : 3
		store_ln15 : 3
		store_ln15 : 3
		store_ln15 : 3
		store_ln15 : 3
		store_ln15 : 3
		store_ln15 : 3
		store_ln15 : 3
		store_ln15 : 3
		store_ln15 : 3
		store_ln15 : 3
		store_ln15 : 3
		store_ln15 : 3
		store_ln15 : 3
		store_ln15 : 3
		store_ln15 : 3
		store_ln15 : 3
		store_ln15 : 3
		store_ln15 : 3
		store_ln15 : 3
		store_ln15 : 3
		store_ln15 : 3
		store_ln15 : 3
		store_ln15 : 3
		store_ln15 : 3
		store_ln15 : 3
		store_ln15 : 3
		store_ln15 : 3
		store_ln15 : 3
		store_ln15 : 3
		store_ln15 : 3
		store_ln15 : 3
		store_ln15 : 3
		store_ln15 : 3
		store_ln15 : 3
		store_ln15 : 3
		store_ln15 : 3
		store_ln15 : 3
		store_ln15 : 3
		store_ln15 : 3
		store_ln15 : 3
		store_ln15 : 3
		store_ln15 : 3
		store_ln15 : 3
		store_ln15 : 3
		store_ln15 : 3
		store_ln15 : 3
		store_ln15 : 3
		store_ln15 : 3
		store_ln15 : 3
		store_ln15 : 3
		store_ln15 : 3
		store_ln15 : 3
		store_ln15 : 3
		store_ln15 : 3
		store_ln15 : 3
		store_ln15 : 3
		store_ln15 : 3
		store_ln15 : 3
		store_ln15 : 3
		store_ln15 : 3
		store_ln15 : 3
		store_ln15 : 3
		store_ln15 : 3
		store_ln15 : 3
		store_ln15 : 3
		store_ln15 : 3
		store_ln15 : 3
		store_ln15 : 3


============================================================
+ Verbose Summary: Datapath Resource usage 
============================================================

* Functional unit list:
|----------|-------------------------------------|---------|---------|
| Operation|           Functional Unit           |    FF   |   LUT   |
|----------|-------------------------------------|---------|---------|
|   icmp   |          icmp_ln13_fu_2867          |    0    |    39   |
|----------|-------------------------------------|---------|---------|
|    add   |           add_ln13_fu_2873          |    0    |    14   |
|----------|-------------------------------------|---------|---------|
|   read   | atomLocationsSize_read_read_fu_1436 |    0    |    0    |
|----------|-------------------------------------|---------|---------|
|          |       write_ln0_write_fu_1442       |    0    |    0    |
|          |       write_ln0_write_fu_1449       |    0    |    0    |
|          |       write_ln0_write_fu_1456       |    0    |    0    |
|          |       write_ln0_write_fu_1463       |    0    |    0    |
|          |       write_ln0_write_fu_1470       |    0    |    0    |
|          |       write_ln0_write_fu_1477       |    0    |    0    |
|          |       write_ln0_write_fu_1484       |    0    |    0    |
|          |       write_ln0_write_fu_1491       |    0    |    0    |
|          |       write_ln0_write_fu_1498       |    0    |    0    |
|          |       write_ln0_write_fu_1505       |    0    |    0    |
|          |       write_ln0_write_fu_1512       |    0    |    0    |
|          |       write_ln0_write_fu_1519       |    0    |    0    |
|          |       write_ln0_write_fu_1526       |    0    |    0    |
|          |       write_ln0_write_fu_1533       |    0    |    0    |
|          |       write_ln0_write_fu_1540       |    0    |    0    |
|          |       write_ln0_write_fu_1547       |    0    |    0    |
|          |       write_ln0_write_fu_1554       |    0    |    0    |
|          |       write_ln0_write_fu_1561       |    0    |    0    |
|          |       write_ln0_write_fu_1568       |    0    |    0    |
|          |       write_ln0_write_fu_1575       |    0    |    0    |
|          |       write_ln0_write_fu_1582       |    0    |    0    |
|          |       write_ln0_write_fu_1589       |    0    |    0    |
|          |       write_ln0_write_fu_1596       |    0    |    0    |
|          |       write_ln0_write_fu_1603       |    0    |    0    |
|          |       write_ln0_write_fu_1610       |    0    |    0    |
|          |       write_ln0_write_fu_1617       |    0    |    0    |
|          |       write_ln0_write_fu_1624       |    0    |    0    |
|          |       write_ln0_write_fu_1631       |    0    |    0    |
|          |       write_ln0_write_fu_1638       |    0    |    0    |
|          |       write_ln0_write_fu_1645       |    0    |    0    |
|          |       write_ln0_write_fu_1652       |    0    |    0    |
|          |       write_ln0_write_fu_1659       |    0    |    0    |
|          |       write_ln0_write_fu_1666       |    0    |    0    |
|          |       write_ln0_write_fu_1673       |    0    |    0    |
|          |       write_ln0_write_fu_1680       |    0    |    0    |
|          |       write_ln0_write_fu_1687       |    0    |    0    |
|          |       write_ln0_write_fu_1694       |    0    |    0    |
|          |       write_ln0_write_fu_1701       |    0    |    0    |
|          |       write_ln0_write_fu_1708       |    0    |    0    |
|          |       write_ln0_write_fu_1715       |    0    |    0    |
|          |       write_ln0_write_fu_1722       |    0    |    0    |
|          |       write_ln0_write_fu_1729       |    0    |    0    |
|          |       write_ln0_write_fu_1736       |    0    |    0    |
|          |       write_ln0_write_fu_1743       |    0    |    0    |
|          |       write_ln0_write_fu_1750       |    0    |    0    |
|          |       write_ln0_write_fu_1757       |    0    |    0    |
|          |       write_ln0_write_fu_1764       |    0    |    0    |
|          |       write_ln0_write_fu_1771       |    0    |    0    |
|          |       write_ln0_write_fu_1778       |    0    |    0    |
|          |       write_ln0_write_fu_1785       |    0    |    0    |
|          |       write_ln0_write_fu_1792       |    0    |    0    |
|          |       write_ln0_write_fu_1799       |    0    |    0    |
|          |       write_ln0_write_fu_1806       |    0    |    0    |
|          |       write_ln0_write_fu_1813       |    0    |    0    |
|          |       write_ln0_write_fu_1820       |    0    |    0    |
|          |       write_ln0_write_fu_1827       |    0    |    0    |
|          |       write_ln0_write_fu_1834       |    0    |    0    |
|          |       write_ln0_write_fu_1841       |    0    |    0    |
|          |       write_ln0_write_fu_1848       |    0    |    0    |
|          |       write_ln0_write_fu_1855       |    0    |    0    |
|          |       write_ln0_write_fu_1862       |    0    |    0    |
|          |       write_ln0_write_fu_1869       |    0    |    0    |
|          |       write_ln0_write_fu_1876       |    0    |    0    |
|          |       write_ln0_write_fu_1883       |    0    |    0    |
|          |       write_ln0_write_fu_1890       |    0    |    0    |
|          |       write_ln0_write_fu_1897       |    0    |    0    |
|          |       write_ln0_write_fu_1904       |    0    |    0    |
|          |       write_ln0_write_fu_1911       |    0    |    0    |
|          |       write_ln0_write_fu_1918       |    0    |    0    |
|          |       write_ln0_write_fu_1925       |    0    |    0    |
|          |       write_ln0_write_fu_1932       |    0    |    0    |
|          |       write_ln0_write_fu_1939       |    0    |    0    |
|          |       write_ln0_write_fu_1946       |    0    |    0    |
|          |       write_ln0_write_fu_1953       |    0    |    0    |
|          |       write_ln0_write_fu_1960       |    0    |    0    |
|          |       write_ln0_write_fu_1967       |    0    |    0    |
|          |       write_ln0_write_fu_1974       |    0    |    0    |
|          |       write_ln0_write_fu_1981       |    0    |    0    |
|          |       write_ln0_write_fu_1988       |    0    |    0    |
|          |       write_ln0_write_fu_1995       |    0    |    0    |
|          |       write_ln0_write_fu_2002       |    0    |    0    |
|          |       write_ln0_write_fu_2009       |    0    |    0    |
|          |       write_ln0_write_fu_2016       |    0    |    0    |
|          |       write_ln0_write_fu_2023       |    0    |    0    |
|          |       write_ln0_write_fu_2030       |    0    |    0    |
|          |       write_ln0_write_fu_2037       |    0    |    0    |
|          |       write_ln0_write_fu_2044       |    0    |    0    |
|          |       write_ln0_write_fu_2051       |    0    |    0    |
|          |       write_ln0_write_fu_2058       |    0    |    0    |
|          |       write_ln0_write_fu_2065       |    0    |    0    |
|          |       write_ln0_write_fu_2072       |    0    |    0    |
|          |       write_ln0_write_fu_2079       |    0    |    0    |
|          |       write_ln0_write_fu_2086       |    0    |    0    |
|          |       write_ln0_write_fu_2093       |    0    |    0    |
|          |       write_ln0_write_fu_2100       |    0    |    0    |
|          |       write_ln0_write_fu_2107       |    0    |    0    |
|          |       write_ln0_write_fu_2114       |    0    |    0    |
|          |       write_ln0_write_fu_2121       |    0    |    0    |
|          |       write_ln0_write_fu_2128       |    0    |    0    |
|   write  |       write_ln0_write_fu_2135       |    0    |    0    |
|          |       write_ln0_write_fu_2142       |    0    |    0    |
|          |       write_ln0_write_fu_2149       |    0    |    0    |
|          |       write_ln0_write_fu_2156       |    0    |    0    |
|          |       write_ln0_write_fu_2163       |    0    |    0    |
|          |       write_ln0_write_fu_2170       |    0    |    0    |
|          |       write_ln0_write_fu_2177       |    0    |    0    |
|          |       write_ln0_write_fu_2184       |    0    |    0    |
|          |       write_ln0_write_fu_2191       |    0    |    0    |
|          |       write_ln0_write_fu_2198       |    0    |    0    |
|          |       write_ln0_write_fu_2205       |    0    |    0    |
|          |       write_ln0_write_fu_2212       |    0    |    0    |
|          |       write_ln0_write_fu_2219       |    0    |    0    |
|          |       write_ln0_write_fu_2226       |    0    |    0    |
|          |       write_ln0_write_fu_2233       |    0    |    0    |
|          |       write_ln0_write_fu_2240       |    0    |    0    |
|          |       write_ln0_write_fu_2247       |    0    |    0    |
|          |       write_ln0_write_fu_2254       |    0    |    0    |
|          |       write_ln0_write_fu_2261       |    0    |    0    |
|          |       write_ln0_write_fu_2268       |    0    |    0    |
|          |       write_ln0_write_fu_2275       |    0    |    0    |
|          |       write_ln0_write_fu_2282       |    0    |    0    |
|          |       write_ln0_write_fu_2289       |    0    |    0    |
|          |       write_ln0_write_fu_2296       |    0    |    0    |
|          |       write_ln0_write_fu_2303       |    0    |    0    |
|          |       write_ln0_write_fu_2310       |    0    |    0    |
|          |       write_ln0_write_fu_2317       |    0    |    0    |
|          |       write_ln0_write_fu_2324       |    0    |    0    |
|          |       write_ln0_write_fu_2331       |    0    |    0    |
|          |       write_ln0_write_fu_2338       |    0    |    0    |
|          |       write_ln0_write_fu_2345       |    0    |    0    |
|          |       write_ln0_write_fu_2352       |    0    |    0    |
|          |       write_ln0_write_fu_2359       |    0    |    0    |
|          |       write_ln0_write_fu_2366       |    0    |    0    |
|          |       write_ln0_write_fu_2373       |    0    |    0    |
|          |       write_ln0_write_fu_2380       |    0    |    0    |
|          |       write_ln0_write_fu_2387       |    0    |    0    |
|          |       write_ln0_write_fu_2394       |    0    |    0    |
|          |       write_ln0_write_fu_2401       |    0    |    0    |
|          |       write_ln0_write_fu_2408       |    0    |    0    |
|          |       write_ln0_write_fu_2415       |    0    |    0    |
|          |       write_ln0_write_fu_2422       |    0    |    0    |
|          |       write_ln0_write_fu_2429       |    0    |    0    |
|          |       write_ln0_write_fu_2436       |    0    |    0    |
|          |       write_ln0_write_fu_2443       |    0    |    0    |
|          |       write_ln0_write_fu_2450       |    0    |    0    |
|          |       write_ln0_write_fu_2457       |    0    |    0    |
|          |       write_ln0_write_fu_2464       |    0    |    0    |
|          |       write_ln0_write_fu_2471       |    0    |    0    |
|          |       write_ln0_write_fu_2478       |    0    |    0    |
|          |       write_ln0_write_fu_2485       |    0    |    0    |
|          |       write_ln0_write_fu_2492       |    0    |    0    |
|          |       write_ln0_write_fu_2499       |    0    |    0    |
|          |       write_ln0_write_fu_2506       |    0    |    0    |
|          |       write_ln0_write_fu_2513       |    0    |    0    |
|          |       write_ln0_write_fu_2520       |    0    |    0    |
|          |       write_ln0_write_fu_2527       |    0    |    0    |
|          |       write_ln0_write_fu_2534       |    0    |    0    |
|          |       write_ln0_write_fu_2541       |    0    |    0    |
|          |       write_ln0_write_fu_2548       |    0    |    0    |
|          |       write_ln0_write_fu_2555       |    0    |    0    |
|          |       write_ln0_write_fu_2562       |    0    |    0    |
|          |       write_ln0_write_fu_2569       |    0    |    0    |
|          |       write_ln0_write_fu_2576       |    0    |    0    |
|          |       write_ln0_write_fu_2583       |    0    |    0    |
|          |       write_ln0_write_fu_2590       |    0    |    0    |
|          |       write_ln0_write_fu_2597       |    0    |    0    |
|          |       write_ln0_write_fu_2604       |    0    |    0    |
|          |       write_ln0_write_fu_2611       |    0    |    0    |
|          |       write_ln0_write_fu_2618       |    0    |    0    |
|          |       write_ln0_write_fu_2625       |    0    |    0    |
|          |       write_ln0_write_fu_2632       |    0    |    0    |
|          |       write_ln0_write_fu_2639       |    0    |    0    |
|          |       write_ln0_write_fu_2646       |    0    |    0    |
|          |       write_ln0_write_fu_2653       |    0    |    0    |
|          |       write_ln0_write_fu_2660       |    0    |    0    |
|          |       write_ln0_write_fu_2667       |    0    |    0    |
|          |       write_ln0_write_fu_2674       |    0    |    0    |
|          |       write_ln0_write_fu_2681       |    0    |    0    |
|          |       write_ln0_write_fu_2688       |    0    |    0    |
|          |       write_ln0_write_fu_2695       |    0    |    0    |
|          |       write_ln0_write_fu_2702       |    0    |    0    |
|          |       write_ln0_write_fu_2709       |    0    |    0    |
|          |       write_ln0_write_fu_2716       |    0    |    0    |
|          |       write_ln0_write_fu_2723       |    0    |    0    |
|          |       write_ln0_write_fu_2730       |    0    |    0    |
|          |       write_ln0_write_fu_2737       |    0    |    0    |
|          |       write_ln0_write_fu_2744       |    0    |    0    |
|          |       write_ln0_write_fu_2751       |    0    |    0    |
|          |       write_ln0_write_fu_2758       |    0    |    0    |
|          |       write_ln0_write_fu_2765       |    0    |    0    |
|          |       write_ln0_write_fu_2772       |    0    |    0    |
|          |       write_ln0_write_fu_2779       |    0    |    0    |
|          |       write_ln0_write_fu_2786       |    0    |    0    |
|          |       write_ln0_write_fu_2793       |    0    |    0    |
|          |       write_ln0_write_fu_2800       |    0    |    0    |
|          |       write_ln0_write_fu_2807       |    0    |    0    |
|          |       write_ln0_write_fu_2814       |    0    |    0    |
|          |       write_ln0_write_fu_2821       |    0    |    0    |
|          |       write_ln0_write_fu_2828       |    0    |    0    |
|          |       write_ln0_write_fu_2835       |    0    |    0    |
|----------|-------------------------------------|---------|---------|
|   zext   |         zext_ln13_1_fu_2863         |    0    |    0    |
|          |          zext_ln13_fu_2879          |    0    |    0    |
|----------|-------------------------------------|---------|---------|
|   trunc  |          trunc_ln15_fu_2889         |    0    |    0    |
|----------|-------------------------------------|---------|---------|
|partselect|         trunc_ln15_1_fu_2897        |    0    |    0    |
|----------|-------------------------------------|---------|---------|
|   Total  |                                     |    0    |    53   |
|----------|-------------------------------------|---------|---------|

Memories:
N/A

* Register list:
+---------------------------+--------+
|                           |   FF   |
+---------------------------+--------+
|atomLocations_addr_reg_5925|    7   |
|        i_2_reg_5918       |    7   |
|         i_reg_4711        |    7   |
|   mux_case_0111_reg_4718  |   64   |
|  mux_case_03511_reg_5318  |   64   |
|  mux_case_10151_reg_4778  |   64   |
| mux_case_1019551_reg_5378 |   64   |
|  mux_case_110515_reg_5324 |   64   |
|  mux_case_11155_reg_4784  |   64   |
|   mux_case_1115_reg_4724  |   64   |
| mux_case_1120555_reg_5384 |   64   |
|  mux_case_12159_reg_4790  |   64   |
| mux_case_1221559_reg_5390 |   64   |
|  mux_case_13163_reg_4796  |   64   |
| mux_case_1322563_reg_5396 |   64   |
|  mux_case_14167_reg_4802  |   64   |
| mux_case_1423567_reg_5402 |   64   |
|  mux_case_15171_reg_4808  |   64   |
| mux_case_1524571_reg_5408 |   64   |
|  mux_case_16175_reg_4814  |   64   |
| mux_case_1625575_reg_5414 |   64   |
|  mux_case_17179_reg_4820  |   64   |
| mux_case_1726579_reg_5420 |   64   |
|  mux_case_18183_reg_4826  |   64   |
| mux_case_1827583_reg_5426 |   64   |
|  mux_case_19187_reg_4832  |   64   |
| mux_case_1928587_reg_5432 |   64   |
|  mux_case_20191_reg_4838  |   64   |
| mux_case_2029591_reg_5438 |   64   |
|  mux_case_211519_reg_5330 |   64   |
|  mux_case_21195_reg_4844  |   64   |
|   mux_case_2119_reg_4730  |   64   |
| mux_case_2130595_reg_5444 |   64   |
|  mux_case_22199_reg_4850  |   64   |
| mux_case_2231599_reg_5450 |   64   |
|  mux_case_23203_reg_4856  |   64   |
| mux_case_2332603_reg_5456 |   64   |
|  mux_case_24207_reg_4862  |   64   |
| mux_case_2433607_reg_5462 |   64   |
|  mux_case_25211_reg_4868  |   64   |
| mux_case_2534611_reg_5468 |   64   |
|  mux_case_26215_reg_4874  |   64   |
| mux_case_2635615_reg_5474 |   64   |
|  mux_case_27219_reg_4880  |   64   |
| mux_case_2736619_reg_5480 |   64   |
|  mux_case_28223_reg_4886  |   64   |
| mux_case_2837623_reg_5486 |   64   |
|  mux_case_29227_reg_4892  |   64   |
| mux_case_2938627_reg_5492 |   64   |
|  mux_case_30231_reg_4898  |   64   |
| mux_case_3039631_reg_5498 |   64   |
|  mux_case_31235_reg_4904  |   64   |
|   mux_case_3123_reg_4736  |   64   |
|  mux_case_312523_reg_5336 |   64   |
| mux_case_3140635_reg_5504 |   64   |
|  mux_case_32239_reg_4910  |   64   |
| mux_case_3241639_reg_5510 |   64   |
|  mux_case_33243_reg_4916  |   64   |
| mux_case_3342643_reg_5516 |   64   |
|  mux_case_34247_reg_4922  |   64   |
| mux_case_3443647_reg_5522 |   64   |
|  mux_case_35251_reg_4928  |   64   |
| mux_case_3544651_reg_5528 |   64   |
|  mux_case_36255_reg_4934  |   64   |
| mux_case_3645655_reg_5534 |   64   |
|  mux_case_37259_reg_4940  |   64   |
| mux_case_3746659_reg_5540 |   64   |
|  mux_case_38263_reg_4946  |   64   |
| mux_case_3847663_reg_5546 |   64   |
|  mux_case_39267_reg_4952  |   64   |
| mux_case_3948667_reg_5552 |   64   |
|  mux_case_40271_reg_4958  |   64   |
| mux_case_4049671_reg_5558 |   64   |
|  mux_case_41275_reg_4964  |   64   |
|   mux_case_4127_reg_4742  |   64   |
|  mux_case_413527_reg_5342 |   64   |
| mux_case_4150675_reg_5564 |   64   |
|  mux_case_42279_reg_4970  |   64   |
| mux_case_4251679_reg_5570 |   64   |
|  mux_case_43283_reg_4976  |   64   |
| mux_case_4352683_reg_5576 |   64   |
|  mux_case_44287_reg_4982  |   64   |
| mux_case_4453687_reg_5582 |   64   |
|  mux_case_45291_reg_4988  |   64   |
| mux_case_4554691_reg_5588 |   64   |
|  mux_case_46295_reg_4994  |   64   |
| mux_case_4655695_reg_5594 |   64   |
|  mux_case_47299_reg_5000  |   64   |
| mux_case_4756699_reg_5600 |   64   |
|  mux_case_48303_reg_5006  |   64   |
| mux_case_4857703_reg_5606 |   64   |
|  mux_case_49307_reg_5012  |   64   |
| mux_case_4958707_reg_5612 |   64   |
|  mux_case_50311_reg_5018  |   64   |
| mux_case_5059711_reg_5618 |   64   |
|  mux_case_51315_reg_5024  |   64   |
|   mux_case_5131_reg_4748  |   64   |
|  mux_case_514531_reg_5348 |   64   |
| mux_case_5160715_reg_5624 |   64   |
|  mux_case_52319_reg_5030  |   64   |
| mux_case_5261719_reg_5630 |   64   |
|  mux_case_53323_reg_5036  |   64   |
| mux_case_5362723_reg_5636 |   64   |
|  mux_case_54327_reg_5042  |   64   |
| mux_case_5463727_reg_5642 |   64   |
|  mux_case_55331_reg_5048  |   64   |
| mux_case_5564731_reg_5648 |   64   |
|  mux_case_56335_reg_5054  |   64   |
| mux_case_5665735_reg_5654 |   64   |
|  mux_case_57339_reg_5060  |   64   |
| mux_case_5766739_reg_5660 |   64   |
|  mux_case_58343_reg_5066  |   64   |
| mux_case_5867743_reg_5666 |   64   |
|  mux_case_59347_reg_5072  |   64   |
| mux_case_5968747_reg_5672 |   64   |
|  mux_case_60351_reg_5078  |   64   |
| mux_case_6069751_reg_5678 |   64   |
|  mux_case_61355_reg_5084  |   64   |
|   mux_case_6135_reg_4754  |   64   |
|  mux_case_615535_reg_5354 |   64   |
| mux_case_6170755_reg_5684 |   64   |
|  mux_case_62359_reg_5090  |   64   |
| mux_case_6271759_reg_5690 |   64   |
|  mux_case_63363_reg_5096  |   64   |
| mux_case_6372763_reg_5696 |   64   |
|  mux_case_64367_reg_5102  |   64   |
| mux_case_6473767_reg_5702 |   64   |
|  mux_case_65371_reg_5108  |   64   |
| mux_case_6574771_reg_5708 |   64   |
|  mux_case_66375_reg_5114  |   64   |
| mux_case_6675775_reg_5714 |   64   |
|  mux_case_67379_reg_5120  |   64   |
| mux_case_6776779_reg_5720 |   64   |
|  mux_case_68383_reg_5126  |   64   |
| mux_case_6877783_reg_5726 |   64   |
|  mux_case_69387_reg_5132  |   64   |
| mux_case_6978787_reg_5732 |   64   |
|  mux_case_70391_reg_5138  |   64   |
| mux_case_7079791_reg_5738 |   64   |
|  mux_case_71395_reg_5144  |   64   |
|   mux_case_7139_reg_4760  |   64   |
|  mux_case_716539_reg_5360 |   64   |
| mux_case_7180795_reg_5744 |   64   |
|  mux_case_72399_reg_5150  |   64   |
| mux_case_7281799_reg_5750 |   64   |
|  mux_case_73403_reg_5156  |   64   |
| mux_case_7382803_reg_5756 |   64   |
|  mux_case_74407_reg_5162  |   64   |
| mux_case_7483807_reg_5762 |   64   |
|  mux_case_75411_reg_5168  |   64   |
| mux_case_7584811_reg_5768 |   64   |
|  mux_case_76415_reg_5174  |   64   |
| mux_case_7685815_reg_5774 |   64   |
|  mux_case_77419_reg_5180  |   64   |
| mux_case_7786819_reg_5780 |   64   |
|  mux_case_78423_reg_5186  |   64   |
| mux_case_7887823_reg_5786 |   64   |
|  mux_case_79427_reg_5192  |   64   |
| mux_case_7988827_reg_5792 |   64   |
|  mux_case_80431_reg_5198  |   64   |
| mux_case_8089831_reg_5798 |   64   |
|  mux_case_81435_reg_5204  |   64   |
|   mux_case_8143_reg_4766  |   64   |
|  mux_case_817543_reg_5366 |   64   |
| mux_case_8190835_reg_5804 |   64   |
|  mux_case_82439_reg_5210  |   64   |
| mux_case_8291839_reg_5810 |   64   |
|  mux_case_83443_reg_5216  |   64   |
| mux_case_8392843_reg_5816 |   64   |
|  mux_case_84447_reg_5222  |   64   |
| mux_case_8493847_reg_5822 |   64   |
|  mux_case_85451_reg_5228  |   64   |
| mux_case_8594851_reg_5828 |   64   |
|  mux_case_86455_reg_5234  |   64   |
| mux_case_8695855_reg_5834 |   64   |
|  mux_case_87459_reg_5240  |   64   |
| mux_case_8796859_reg_5840 |   64   |
|  mux_case_88463_reg_5246  |   64   |
| mux_case_8897863_reg_5846 |   64   |
|  mux_case_89467_reg_5252  |   64   |
| mux_case_8998867_reg_5852 |   64   |
|  mux_case_90471_reg_5258  |   64   |
| mux_case_9099871_reg_5858 |   64   |
| mux_case_91100875_reg_5864|   64   |
|  mux_case_91475_reg_5264  |   64   |
|   mux_case_9147_reg_4772  |   64   |
|  mux_case_918547_reg_5372 |   64   |
| mux_case_92101879_reg_5870|   64   |
|  mux_case_92479_reg_5270  |   64   |
| mux_case_93102883_reg_5876|   64   |
|  mux_case_93483_reg_5276  |   64   |
| mux_case_94103887_reg_5882|   64   |
|  mux_case_94487_reg_5282  |   64   |
| mux_case_95104891_reg_5888|   64   |
|  mux_case_95491_reg_5288  |   64   |
| mux_case_96105895_reg_5894|   64   |
|  mux_case_96495_reg_5294  |   64   |
| mux_case_97106899_reg_5900|   64   |
|  mux_case_97499_reg_5300  |   64   |
| mux_case_98107903_reg_5906|   64   |
|  mux_case_98503_reg_5306  |   64   |
| mux_case_99108907_reg_5912|   64   |
|  mux_case_99507_reg_5312  |   64   |
+---------------------------+--------+
|           Total           |  12821 |
+---------------------------+--------+

* Multiplexer (MUX) list: 
|--------------------|------|------|------|--------||---------||---------||---------|
|        Comp        |  Pin | Size |  BW  | S x BW ||  Delay  ||    FF   ||   LUT   |
|--------------------|------|------|------|--------||---------||---------||---------|
| grp_access_fu_2849 |  p0  |   2  |   7  |   14   ||    0    ||    9    |
|--------------------|------|------|------|--------||---------||---------||---------|
|        Total       |      |      |      |   14   ||  1.588  ||    0    ||    9    |
|--------------------|------|------|------|--------||---------||---------||---------|



* Summary:
+-----------+--------+--------+--------+
|           |  Delay |   FF   |   LUT  |
+-----------+--------+--------+--------+
|  Function |    -   |    0   |   53   |
|   Memory  |    -   |    -   |    -   |
|Multiplexer|    1   |    0   |    9   |
|  Register |    -   |  12821 |    -   |
+-----------+--------+--------+--------+
|   Total   |    1   |  12821 |   62   |
+-----------+--------+--------+--------+
