

================================================================
== Vitis HLS Report for 'conv_kernel_Pipeline_VITIS_LOOP_101_1'
================================================================
* Date:           Mon Jun 30 08:25:59 2025

* Version:        2024.2 (Build 5238294 on Nov  8 2024)
* Project:        reconstruct
* Solution:       hls (Vivado IP Flow Target)
* Product family: zynquplusRFSOC
* Target device:  xczu49dr-ffvf1760-2-e


================================================================
== Performance Estimates
================================================================
+ Timing: 
    * Summary: 
    +--------+----------+----------+------------+
    |  Clock |  Target  | Estimated| Uncertainty|
    +--------+----------+----------+------------+
    |ap_clk  |  10.00 ns|  7.705 ns|     2.70 ns|
    +--------+----------+----------+------------+

+ Latency: 
    * Summary: 
    +---------+---------+-----------+-----------+------+------+------------------------------------------------+
    |  Latency (cycles) |   Latency (absolute)  |   Interval  |                    Pipeline                    |
    |   min   |   max   |    min    |    max    |  min |  max |                      Type                      |
    +---------+---------+-----------+-----------+------+------+------------------------------------------------+
    |     3849|     3849|  38.490 us|  38.490 us|  3844|  3844|  loop auto-rewind stp (delay=0 clock cycles(s))|
    +---------+---------+-----------+-----------+------+------+------------------------------------------------+

    + Detail: 
        * Instance: 
        N/A

        * Loop: 
        +--------------------+---------+---------+----------+-----------+-----------+------+----------+
        |                    |  Latency (cycles) | Iteration|  Initiation Interval  | Trip |          |
        |      Loop Name     |   min   |   max   |  Latency |  achieved |   target  | Count| Pipelined|
        +--------------------+---------+---------+----------+-----------+-----------+------+----------+
        |- VITIS_LOOP_101_1  |     3847|     3847|       128|        124|          1|    31|       yes|
        +--------------------+---------+---------+----------+-----------+-----------+------+----------+



================================================================
== Utilization Estimates
================================================================
* Summary: 
+-----------------+---------+------+--------+--------+-----+
|       Name      | BRAM_18K|  DSP |   FF   |   LUT  | URAM|
+-----------------+---------+------+--------+--------+-----+
|DSP              |        -|     -|       -|       -|    -|
|Expression       |        -|     -|       0|      26|    -|
|FIFO             |        -|     -|       -|       -|    -|
|Instance         |        -|     5|     355|    9339|    -|
|Memory           |        -|     -|       -|       -|    -|
|Multiplexer      |        -|     -|       0|    1293|    -|
|Register         |        -|     -|    3020|       -|    -|
+-----------------+---------+------+--------+--------+-----+
|Total            |        0|     5|    3375|   10658|    0|
+-----------------+---------+------+--------+--------+-----+
|Available        |     2160|  4272|  850560|  425280|   80|
+-----------------+---------+------+--------+--------+-----+
|Utilization (%)  |        0|    ~0|      ~0|       2|    0|
+-----------------+---------+------+--------+--------+-----+

+ Detail: 
    * Instance: 
    +-------------------------------------+--------------------------------+---------+----+-----+-----+-----+
    |               Instance              |             Module             | BRAM_18K| DSP|  FF | LUT | URAM|
    +-------------------------------------+--------------------------------+---------+----+-----+-----+-----+
    |fadd_32ns_32ns_32_4_full_dsp_1_U163  |fadd_32ns_32ns_32_4_full_dsp_1  |        0|   2|  227|  214|    0|
    |fmul_32ns_32ns_32_3_max_dsp_1_U164   |fmul_32ns_32ns_32_3_max_dsp_1   |        0|   3|  128|  135|    0|
    |sparsemux_63_5_32_1_1_U165           |sparsemux_63_5_32_1_1           |        0|   0|    0|  145|    0|
    |sparsemux_63_5_32_1_1_U166           |sparsemux_63_5_32_1_1           |        0|   0|    0|  145|    0|
    |sparsemux_63_5_32_1_1_U167           |sparsemux_63_5_32_1_1           |        0|   0|    0|  145|    0|
    |sparsemux_63_5_32_1_1_U168           |sparsemux_63_5_32_1_1           |        0|   0|    0|  145|    0|
    |sparsemux_63_5_32_1_1_U169           |sparsemux_63_5_32_1_1           |        0|   0|    0|  145|    0|
    |sparsemux_63_5_32_1_1_U170           |sparsemux_63_5_32_1_1           |        0|   0|    0|  145|    0|
    |sparsemux_63_5_32_1_1_U171           |sparsemux_63_5_32_1_1           |        0|   0|    0|  145|    0|
    |sparsemux_63_5_32_1_1_U172           |sparsemux_63_5_32_1_1           |        0|   0|    0|  145|    0|
    |sparsemux_63_5_32_1_1_U173           |sparsemux_63_5_32_1_1           |        0|   0|    0|  145|    0|
    |sparsemux_63_5_32_1_1_U174           |sparsemux_63_5_32_1_1           |        0|   0|    0|  145|    0|
    |sparsemux_63_5_32_1_1_U175           |sparsemux_63_5_32_1_1           |        0|   0|    0|  145|    0|
    |sparsemux_63_5_32_1_1_U176           |sparsemux_63_5_32_1_1           |        0|   0|    0|  145|    0|
    |sparsemux_63_5_32_1_1_U177           |sparsemux_63_5_32_1_1           |        0|   0|    0|  145|    0|
    |sparsemux_63_5_32_1_1_U178           |sparsemux_63_5_32_1_1           |        0|   0|    0|  145|    0|
    |sparsemux_63_5_32_1_1_U179           |sparsemux_63_5_32_1_1           |        0|   0|    0|  145|    0|
    |sparsemux_63_5_32_1_1_U180           |sparsemux_63_5_32_1_1           |        0|   0|    0|  145|    0|
    |sparsemux_63_5_32_1_1_U181           |sparsemux_63_5_32_1_1           |        0|   0|    0|  145|    0|
    |sparsemux_63_5_32_1_1_U182           |sparsemux_63_5_32_1_1           |        0|   0|    0|  145|    0|
    |sparsemux_63_5_32_1_1_U183           |sparsemux_63_5_32_1_1           |        0|   0|    0|  145|    0|
    |sparsemux_63_5_32_1_1_U184           |sparsemux_63_5_32_1_1           |        0|   0|    0|  145|    0|
    |sparsemux_63_5_32_1_1_U185           |sparsemux_63_5_32_1_1           |        0|   0|    0|  145|    0|
    |sparsemux_63_5_32_1_1_U186           |sparsemux_63_5_32_1_1           |        0|   0|    0|  145|    0|
    |sparsemux_63_5_32_1_1_U187           |sparsemux_63_5_32_1_1           |        0|   0|    0|  145|    0|
    |sparsemux_63_5_32_1_1_U188           |sparsemux_63_5_32_1_1           |        0|   0|    0|  145|    0|
    |sparsemux_63_5_32_1_1_U189           |sparsemux_63_5_32_1_1           |        0|   0|    0|  145|    0|
    |sparsemux_63_5_32_1_1_U190           |sparsemux_63_5_32_1_1           |        0|   0|    0|  145|    0|
    |sparsemux_63_5_32_1_1_U191           |sparsemux_63_5_32_1_1           |        0|   0|    0|  145|    0|
    |sparsemux_63_5_32_1_1_U192           |sparsemux_63_5_32_1_1           |        0|   0|    0|  145|    0|
    |sparsemux_63_5_32_1_1_U193           |sparsemux_63_5_32_1_1           |        0|   0|    0|  145|    0|
    |sparsemux_63_5_32_1_1_U194           |sparsemux_63_5_32_1_1           |        0|   0|    0|  145|    0|
    |sparsemux_63_5_32_1_1_U195           |sparsemux_63_5_32_1_1           |        0|   0|    0|  145|    0|
    |sparsemux_63_5_32_1_1_U196           |sparsemux_63_5_32_1_1           |        0|   0|    0|  145|    0|
    |sparsemux_63_5_32_1_1_U197           |sparsemux_63_5_32_1_1           |        0|   0|    0|  145|    0|
    |sparsemux_63_5_32_1_1_U198           |sparsemux_63_5_32_1_1           |        0|   0|    0|  145|    0|
    |sparsemux_63_5_32_1_1_U199           |sparsemux_63_5_32_1_1           |        0|   0|    0|  145|    0|
    |sparsemux_63_5_32_1_1_U200           |sparsemux_63_5_32_1_1           |        0|   0|    0|  145|    0|
    |sparsemux_63_5_32_1_1_U201           |sparsemux_63_5_32_1_1           |        0|   0|    0|  145|    0|
    |sparsemux_63_5_32_1_1_U202           |sparsemux_63_5_32_1_1           |        0|   0|    0|  145|    0|
    |sparsemux_63_5_32_1_1_U203           |sparsemux_63_5_32_1_1           |        0|   0|    0|  145|    0|
    |sparsemux_63_5_32_1_1_U204           |sparsemux_63_5_32_1_1           |        0|   0|    0|  145|    0|
    |sparsemux_63_5_32_1_1_U205           |sparsemux_63_5_32_1_1           |        0|   0|    0|  145|    0|
    |sparsemux_63_5_32_1_1_U206           |sparsemux_63_5_32_1_1           |        0|   0|    0|  145|    0|
    |sparsemux_63_5_32_1_1_U207           |sparsemux_63_5_32_1_1           |        0|   0|    0|  145|    0|
    |sparsemux_63_5_32_1_1_U208           |sparsemux_63_5_32_1_1           |        0|   0|    0|  145|    0|
    |sparsemux_63_5_32_1_1_U209           |sparsemux_63_5_32_1_1           |        0|   0|    0|  145|    0|
    |sparsemux_63_5_32_1_1_U210           |sparsemux_63_5_32_1_1           |        0|   0|    0|  145|    0|
    |sparsemux_63_5_32_1_1_U211           |sparsemux_63_5_32_1_1           |        0|   0|    0|  145|    0|
    |sparsemux_63_5_32_1_1_U212           |sparsemux_63_5_32_1_1           |        0|   0|    0|  145|    0|
    |sparsemux_63_5_32_1_1_U213           |sparsemux_63_5_32_1_1           |        0|   0|    0|  145|    0|
    |sparsemux_63_5_32_1_1_U214           |sparsemux_63_5_32_1_1           |        0|   0|    0|  145|    0|
    |sparsemux_63_5_32_1_1_U215           |sparsemux_63_5_32_1_1           |        0|   0|    0|  145|    0|
    |sparsemux_63_5_32_1_1_U216           |sparsemux_63_5_32_1_1           |        0|   0|    0|  145|    0|
    |sparsemux_63_5_32_1_1_U217           |sparsemux_63_5_32_1_1           |        0|   0|    0|  145|    0|
    |sparsemux_63_5_32_1_1_U218           |sparsemux_63_5_32_1_1           |        0|   0|    0|  145|    0|
    |sparsemux_63_5_32_1_1_U219           |sparsemux_63_5_32_1_1           |        0|   0|    0|  145|    0|
    |sparsemux_63_5_32_1_1_U220           |sparsemux_63_5_32_1_1           |        0|   0|    0|  145|    0|
    |sparsemux_63_5_32_1_1_U221           |sparsemux_63_5_32_1_1           |        0|   0|    0|  145|    0|
    |sparsemux_63_5_32_1_1_U222           |sparsemux_63_5_32_1_1           |        0|   0|    0|  145|    0|
    |sparsemux_63_5_32_1_1_U223           |sparsemux_63_5_32_1_1           |        0|   0|    0|  145|    0|
    |sparsemux_63_5_32_1_1_U224           |sparsemux_63_5_32_1_1           |        0|   0|    0|  145|    0|
    |sparsemux_63_5_32_1_1_U225           |sparsemux_63_5_32_1_1           |        0|   0|    0|  145|    0|
    |sparsemux_63_5_32_1_1_U226           |sparsemux_63_5_32_1_1           |        0|   0|    0|  145|    0|
    +-------------------------------------+--------------------------------+---------+----+-----+-----+-----+
    |Total                                |                                |        0|   5|  355| 9339|    0|
    +-------------------------------------+--------------------------------+---------+----+-----+-----+-----+

    * DSP: 
    N/A

    * Memory: 
    N/A

    * FIFO: 
    N/A

    * Expression: 
    +------------------------+----------+----+---+----+------------+------------+
    |      Variable Name     | Operation| DSP| FF| LUT| Bitwidth P0| Bitwidth P1|
    +------------------------+----------+----+---+----+------------+------------+
    |i_fu_23762_p2           |         +|   0|  0|  12|           5|           1|
    |icmp_ln101_fu_23748_p2  |      icmp|   0|  0|  12|           5|           3|
    |ap_enable_pp0           |       xor|   0|  0|   2|           1|           2|
    +------------------------+----------+----+---+----+------------+------------+
    |Total                   |          |   0|  0|  26|          11|           6|
    +------------------------+----------+----+---+----+------------+------------+

    * Multiplexer: 
    +----------------------------------+-----+-----------+-----+-----------+
    |               Name               | LUT | Input Size| Bits| Total Bits|
    +----------------------------------+-----+-----------+-----+-----------+
    |ap_NS_fsm                         |  653|        125|    1|        125|
    |ap_done_int                       |    9|          2|    1|          2|
    |ap_enable_reg_pp0_iter0           |    9|          2|    1|          2|
    |ap_enable_reg_pp0_iter1           |    9|          2|    1|          2|
    |ap_loop_exit_ready_pp0_iter1_reg  |    9|          2|    1|          2|
    |ap_sig_allocacmp_i11529_load      |    9|          2|    5|         10|
    |grp_fu_15496_p0                   |   26|          5|   32|        160|
    |grp_fu_15496_p1                   |  246|         56|   32|       1792|
    |grp_fu_15501_p0                   |  148|         32|   32|       1024|
    |grp_fu_15501_p1                   |  148|         32|   32|       1024|
    |i11529_fu_3938                    |    9|          2|    5|         10|
    |projSumUsed_out_011530_fu_3942    |    9|          2|   32|         64|
    |sum_out_011532_fu_3946            |    9|          2|   32|         64|
    +----------------------------------+-----+-----------+-----+-----------+
    |Total                             | 1293|        266|  207|       4281|
    +----------------------------------+-----+-----------+-----+-----------+

    * Register: 
    +------------------------------------+-----+----+-----+-----------+
    |                Name                |  FF | LUT| Bits| Const Bits|
    +------------------------------------+-----+----+-----+-----------+
    |ap_CS_fsm                           |  124|   0|  124|          0|
    |ap_done_reg                         |    1|   0|    1|          0|
    |ap_enable_reg_pp0_iter0_reg         |    1|   0|    1|          0|
    |ap_enable_reg_pp0_iter1             |    1|   0|    1|          0|
    |ap_loop_exit_ready_pp0_iter1_reg    |    1|   0|    1|          0|
    |i11529_fu_3938                      |    5|   0|    5|          0|
    |i11529_load_reg_23803               |    5|   0|    5|          0|
    |icmp_ln101_reg_24149                |    1|   0|    1|          0|
    |icmp_ln101_reg_24149_pp0_iter1_reg  |    1|   0|    1|          0|
    |mul_10_reg_24178                    |   32|   0|   32|          0|
    |mul_12_reg_24183                    |   32|   0|   32|          0|
    |mul_13_reg_24188                    |   32|   0|   32|          0|
    |mul_14_reg_24193                    |   32|   0|   32|          0|
    |mul_16_reg_24198                    |   32|   0|   32|          0|
    |mul_17_reg_24203                    |   32|   0|   32|          0|
    |mul_18_reg_24208                    |   32|   0|   32|          0|
    |mul_20_reg_24213                    |   32|   0|   32|          0|
    |mul_21_reg_24218                    |   32|   0|   32|          0|
    |mul_22_reg_24223                    |   32|   0|   32|          0|
    |mul_24_reg_24228                    |   32|   0|   32|          0|
    |mul_25_reg_24233                    |   32|   0|   32|          0|
    |mul_26_reg_24238                    |   32|   0|   32|          0|
    |mul_28_reg_24243                    |   32|   0|   32|          0|
    |mul_29_reg_24248                    |   32|   0|   32|          0|
    |mul_7_reg_24163                     |   32|   0|   32|          0|
    |mul_9_reg_24168                     |   32|   0|   32|          0|
    |mul_s_reg_24173                     |   32|   0|   32|          0|
    |projSumUsed_out_011530_fu_3942      |   32|   0|   32|          0|
    |reg_15505                           |   32|   0|   32|          0|
    |reg_15510                           |   32|   0|   32|          0|
    |reg_15516                           |   32|   0|   32|          0|
    |reg_15521                           |   32|   0|   32|          0|
    |reg_15526                           |   32|   0|   32|          0|
    |reg_15531                           |   32|   0|   32|          0|
    |reg_15536                           |   32|   0|   32|          0|
    |reg_15541                           |   32|   0|   32|          0|
    |sum_out_011532_fu_3946              |   32|   0|   32|          0|
    |tmp_10_reg_23868                    |   32|   0|   32|          0|
    |tmp_11_reg_23874                    |   32|   0|   32|          0|
    |tmp_12_reg_23879                    |   32|   0|   32|          0|
    |tmp_13_reg_23885                    |   32|   0|   32|          0|
    |tmp_14_reg_23890                    |   32|   0|   32|          0|
    |tmp_15_reg_23896                    |   32|   0|   32|          0|
    |tmp_16_reg_23901                    |   32|   0|   32|          0|
    |tmp_17_reg_23907                    |   32|   0|   32|          0|
    |tmp_18_reg_23912                    |   32|   0|   32|          0|
    |tmp_19_reg_23918                    |   32|   0|   32|          0|
    |tmp_1_reg_23819                     |   32|   0|   32|          0|
    |tmp_20_reg_23923                    |   32|   0|   32|          0|
    |tmp_21_reg_23929                    |   32|   0|   32|          0|
    |tmp_22_reg_23934                    |   32|   0|   32|          0|
    |tmp_23_reg_23940                    |   32|   0|   32|          0|
    |tmp_24_reg_23945                    |   32|   0|   32|          0|
    |tmp_25_reg_23951                    |   32|   0|   32|          0|
    |tmp_26_reg_23956                    |   32|   0|   32|          0|
    |tmp_27_reg_23962                    |   32|   0|   32|          0|
    |tmp_28_reg_23967                    |   32|   0|   32|          0|
    |tmp_29_reg_23973                    |   32|   0|   32|          0|
    |tmp_2_reg_23824                     |   32|   0|   32|          0|
    |tmp_30_reg_23978                    |   32|   0|   32|          0|
    |tmp_31_reg_23984                    |   32|   0|   32|          0|
    |tmp_32_reg_23989                    |   32|   0|   32|          0|
    |tmp_33_reg_23995                    |   32|   0|   32|          0|
    |tmp_34_reg_24000                    |   32|   0|   32|          0|
    |tmp_35_reg_24006                    |   32|   0|   32|          0|
    |tmp_36_reg_24011                    |   32|   0|   32|          0|
    |tmp_37_reg_24017                    |   32|   0|   32|          0|
    |tmp_38_reg_24022                    |   32|   0|   32|          0|
    |tmp_39_reg_24028                    |   32|   0|   32|          0|
    |tmp_3_reg_23830                     |   32|   0|   32|          0|
    |tmp_40_reg_24033                    |   32|   0|   32|          0|
    |tmp_41_reg_24039                    |   32|   0|   32|          0|
    |tmp_42_reg_24044                    |   32|   0|   32|          0|
    |tmp_43_reg_24050                    |   32|   0|   32|          0|
    |tmp_44_reg_24055                    |   32|   0|   32|          0|
    |tmp_45_reg_24061                    |   32|   0|   32|          0|
    |tmp_46_reg_24066                    |   32|   0|   32|          0|
    |tmp_47_reg_24072                    |   32|   0|   32|          0|
    |tmp_48_reg_24077                    |   32|   0|   32|          0|
    |tmp_49_reg_24083                    |   32|   0|   32|          0|
    |tmp_4_reg_23835                     |   32|   0|   32|          0|
    |tmp_50_reg_24088                    |   32|   0|   32|          0|
    |tmp_51_reg_24094                    |   32|   0|   32|          0|
    |tmp_52_reg_24099                    |   32|   0|   32|          0|
    |tmp_53_reg_24105                    |   32|   0|   32|          0|
    |tmp_54_reg_24110                    |   32|   0|   32|          0|
    |tmp_55_reg_24116                    |   32|   0|   32|          0|
    |tmp_56_reg_24121                    |   32|   0|   32|          0|
    |tmp_57_reg_24127                    |   32|   0|   32|          0|
    |tmp_58_reg_24132                    |   32|   0|   32|          0|
    |tmp_59_reg_24138                    |   32|   0|   32|          0|
    |tmp_5_reg_23841                     |   32|   0|   32|          0|
    |tmp_60_reg_24143                    |   32|   0|   32|          0|
    |tmp_6_reg_23846                     |   32|   0|   32|          0|
    |tmp_7_reg_23852                     |   32|   0|   32|          0|
    |tmp_8_reg_23857                     |   32|   0|   32|          0|
    |tmp_9_reg_23863                     |   32|   0|   32|          0|
    |tmp_reg_23808                       |   32|   0|   32|          0|
    |tmp_s_reg_23813                     |   32|   0|   32|          0|
    +------------------------------------+-----+----+-----+-----------+
    |Total                               | 3020|   0| 3020|          0|
    +------------------------------------+-----+----+-----+-----------+



================================================================
== Interface
================================================================
* Summary: 
+----------------------------+-----+-----+------------+---------------------------------------+--------------+
|          RTL Ports         | Dir | Bits|  Protocol  |             Source Object             |    C Type    |
+----------------------------+-----+-----+------------+---------------------------------------+--------------+
|ap_clk                      |   in|    1|  ap_ctrl_hs|  conv_kernel_Pipeline_VITIS_LOOP_101_1|  return value|
|ap_rst                      |   in|    1|  ap_ctrl_hs|  conv_kernel_Pipeline_VITIS_LOOP_101_1|  return value|
|ap_start                    |   in|    1|  ap_ctrl_hs|  conv_kernel_Pipeline_VITIS_LOOP_101_1|  return value|
|ap_done                     |  out|    1|  ap_ctrl_hs|  conv_kernel_Pipeline_VITIS_LOOP_101_1|  return value|
|ap_idle                     |  out|    1|  ap_ctrl_hs|  conv_kernel_Pipeline_VITIS_LOOP_101_1|  return value|
|ap_ready                    |  out|    1|  ap_ctrl_hs|  conv_kernel_Pipeline_VITIS_LOOP_101_1|  return value|
|curr_fullImage_0_load       |   in|   32|     ap_none|                  curr_fullImage_0_load|        scalar|
|curr_fullImage_1_load       |   in|   32|     ap_none|                  curr_fullImage_1_load|        scalar|
|curr_fullImage_2_load       |   in|   32|     ap_none|                  curr_fullImage_2_load|        scalar|
|curr_fullImage_3_load       |   in|   32|     ap_none|                  curr_fullImage_3_load|        scalar|
|curr_fullImage_4_load       |   in|   32|     ap_none|                  curr_fullImage_4_load|        scalar|
|curr_fullImage_5_load       |   in|   32|     ap_none|                  curr_fullImage_5_load|        scalar|
|curr_fullImage_6_load       |   in|   32|     ap_none|                  curr_fullImage_6_load|        scalar|
|curr_fullImage_7_load       |   in|   32|     ap_none|                  curr_fullImage_7_load|        scalar|
|curr_fullImage_8_load       |   in|   32|     ap_none|                  curr_fullImage_8_load|        scalar|
|curr_fullImage_9_load       |   in|   32|     ap_none|                  curr_fullImage_9_load|        scalar|
|curr_fullImage_10_load      |   in|   32|     ap_none|                 curr_fullImage_10_load|        scalar|
|curr_fullImage_11_load      |   in|   32|     ap_none|                 curr_fullImage_11_load|        scalar|
|curr_fullImage_12_load      |   in|   32|     ap_none|                 curr_fullImage_12_load|        scalar|
|curr_fullImage_13_load      |   in|   32|     ap_none|                 curr_fullImage_13_load|        scalar|
|curr_fullImage_14_load      |   in|   32|     ap_none|                 curr_fullImage_14_load|        scalar|
|curr_fullImage_15_load      |   in|   32|     ap_none|                 curr_fullImage_15_load|        scalar|
|curr_fullImage_16_load      |   in|   32|     ap_none|                 curr_fullImage_16_load|        scalar|
|curr_fullImage_17_load      |   in|   32|     ap_none|                 curr_fullImage_17_load|        scalar|
|curr_fullImage_18_load      |   in|   32|     ap_none|                 curr_fullImage_18_load|        scalar|
|curr_fullImage_19_load      |   in|   32|     ap_none|                 curr_fullImage_19_load|        scalar|
|curr_fullImage_20_load      |   in|   32|     ap_none|                 curr_fullImage_20_load|        scalar|
|curr_fullImage_21_load      |   in|   32|     ap_none|                 curr_fullImage_21_load|        scalar|
|curr_fullImage_22_load      |   in|   32|     ap_none|                 curr_fullImage_22_load|        scalar|
|curr_fullImage_23_load      |   in|   32|     ap_none|                 curr_fullImage_23_load|        scalar|
|curr_fullImage_24_load      |   in|   32|     ap_none|                 curr_fullImage_24_load|        scalar|
|curr_fullImage_25_load      |   in|   32|     ap_none|                 curr_fullImage_25_load|        scalar|
|curr_fullImage_26_load      |   in|   32|     ap_none|                 curr_fullImage_26_load|        scalar|
|curr_fullImage_27_load      |   in|   32|     ap_none|                 curr_fullImage_27_load|        scalar|
|curr_fullImage_28_load      |   in|   32|     ap_none|                 curr_fullImage_28_load|        scalar|
|curr_fullImage_29_load      |   in|   32|     ap_none|                 curr_fullImage_29_load|        scalar|
|curr_fullImage_30_load      |   in|   32|     ap_none|                 curr_fullImage_30_load|        scalar|
|curr_localImage_0_load      |   in|   32|     ap_none|                 curr_localImage_0_load|        scalar|
|curr_localImage_1_load      |   in|   32|     ap_none|                 curr_localImage_1_load|        scalar|
|curr_localImage_2_load      |   in|   32|     ap_none|                 curr_localImage_2_load|        scalar|
|curr_localImage_3_load      |   in|   32|     ap_none|                 curr_localImage_3_load|        scalar|
|curr_localImage_4_load      |   in|   32|     ap_none|                 curr_localImage_4_load|        scalar|
|curr_localImage_5_load      |   in|   32|     ap_none|                 curr_localImage_5_load|        scalar|
|curr_localImage_6_load      |   in|   32|     ap_none|                 curr_localImage_6_load|        scalar|
|curr_localImage_7_load      |   in|   32|     ap_none|                 curr_localImage_7_load|        scalar|
|curr_localImage_8_load      |   in|   32|     ap_none|                 curr_localImage_8_load|        scalar|
|curr_localImage_9_load      |   in|   32|     ap_none|                 curr_localImage_9_load|        scalar|
|curr_localImage_10_load     |   in|   32|     ap_none|                curr_localImage_10_load|        scalar|
|curr_localImage_11_load     |   in|   32|     ap_none|                curr_localImage_11_load|        scalar|
|curr_localImage_12_load     |   in|   32|     ap_none|                curr_localImage_12_load|        scalar|
|curr_localImage_13_load     |   in|   32|     ap_none|                curr_localImage_13_load|        scalar|
|curr_localImage_14_load     |   in|   32|     ap_none|                curr_localImage_14_load|        scalar|
|curr_localImage_15_load     |   in|   32|     ap_none|                curr_localImage_15_load|        scalar|
|curr_localImage_16_load     |   in|   32|     ap_none|                curr_localImage_16_load|        scalar|
|curr_localImage_17_load     |   in|   32|     ap_none|                curr_localImage_17_load|        scalar|
|curr_localImage_18_load     |   in|   32|     ap_none|                curr_localImage_18_load|        scalar|
|curr_localImage_19_load     |   in|   32|     ap_none|                curr_localImage_19_load|        scalar|
|curr_localImage_20_load     |   in|   32|     ap_none|                curr_localImage_20_load|        scalar|
|curr_localImage_21_load     |   in|   32|     ap_none|                curr_localImage_21_load|        scalar|
|curr_localImage_22_load     |   in|   32|     ap_none|                curr_localImage_22_load|        scalar|
|curr_localImage_23_load     |   in|   32|     ap_none|                curr_localImage_23_load|        scalar|
|curr_localImage_24_load     |   in|   32|     ap_none|                curr_localImage_24_load|        scalar|
|curr_localImage_25_load     |   in|   32|     ap_none|                curr_localImage_25_load|        scalar|
|curr_localImage_26_load     |   in|   32|     ap_none|                curr_localImage_26_load|        scalar|
|curr_localImage_27_load     |   in|   32|     ap_none|                curr_localImage_27_load|        scalar|
|curr_localImage_28_load     |   in|   32|     ap_none|                curr_localImage_28_load|        scalar|
|curr_localImage_29_load     |   in|   32|     ap_none|                curr_localImage_29_load|        scalar|
|curr_localImage_30_load     |   in|   32|     ap_none|                curr_localImage_30_load|        scalar|
|curr_fullImage_0_load_1     |   in|   32|     ap_none|                curr_fullImage_0_load_1|        scalar|
|curr_fullImage_1_load_1     |   in|   32|     ap_none|                curr_fullImage_1_load_1|        scalar|
|curr_fullImage_2_load_1     |   in|   32|     ap_none|                curr_fullImage_2_load_1|        scalar|
|curr_fullImage_3_load_1     |   in|   32|     ap_none|                curr_fullImage_3_load_1|        scalar|
|curr_fullImage_4_load_1     |   in|   32|     ap_none|                curr_fullImage_4_load_1|        scalar|
|curr_fullImage_5_load_1     |   in|   32|     ap_none|                curr_fullImage_5_load_1|        scalar|
|curr_fullImage_6_load_1     |   in|   32|     ap_none|                curr_fullImage_6_load_1|        scalar|
|curr_fullImage_7_load_1     |   in|   32|     ap_none|                curr_fullImage_7_load_1|        scalar|
|curr_fullImage_8_load_1     |   in|   32|     ap_none|                curr_fullImage_8_load_1|        scalar|
|curr_fullImage_9_load_1     |   in|   32|     ap_none|                curr_fullImage_9_load_1|        scalar|
|curr_fullImage_10_load_1    |   in|   32|     ap_none|               curr_fullImage_10_load_1|        scalar|
|curr_fullImage_11_load_1    |   in|   32|     ap_none|               curr_fullImage_11_load_1|        scalar|
|curr_fullImage_12_load_1    |   in|   32|     ap_none|               curr_fullImage_12_load_1|        scalar|
|curr_fullImage_13_load_1    |   in|   32|     ap_none|               curr_fullImage_13_load_1|        scalar|
|curr_fullImage_14_load_1    |   in|   32|     ap_none|               curr_fullImage_14_load_1|        scalar|
|curr_fullImage_15_load_1    |   in|   32|     ap_none|               curr_fullImage_15_load_1|        scalar|
|curr_fullImage_16_load_1    |   in|   32|     ap_none|               curr_fullImage_16_load_1|        scalar|
|curr_fullImage_17_load_1    |   in|   32|     ap_none|               curr_fullImage_17_load_1|        scalar|
|curr_fullImage_18_load_1    |   in|   32|     ap_none|               curr_fullImage_18_load_1|        scalar|
|curr_fullImage_19_load_1    |   in|   32|     ap_none|               curr_fullImage_19_load_1|        scalar|
|curr_fullImage_20_load_1    |   in|   32|     ap_none|               curr_fullImage_20_load_1|        scalar|
|curr_fullImage_21_load_1    |   in|   32|     ap_none|               curr_fullImage_21_load_1|        scalar|
|curr_fullImage_22_load_1    |   in|   32|     ap_none|               curr_fullImage_22_load_1|        scalar|
|curr_fullImage_23_load_1    |   in|   32|     ap_none|               curr_fullImage_23_load_1|        scalar|
|curr_fullImage_24_load_1    |   in|   32|     ap_none|               curr_fullImage_24_load_1|        scalar|
|curr_fullImage_25_load_1    |   in|   32|     ap_none|               curr_fullImage_25_load_1|        scalar|
|curr_fullImage_26_load_1    |   in|   32|     ap_none|               curr_fullImage_26_load_1|        scalar|
|curr_fullImage_27_load_1    |   in|   32|     ap_none|               curr_fullImage_27_load_1|        scalar|
|curr_fullImage_28_load_1    |   in|   32|     ap_none|               curr_fullImage_28_load_1|        scalar|
|curr_fullImage_29_load_1    |   in|   32|     ap_none|               curr_fullImage_29_load_1|        scalar|
|curr_fullImage_30_load_1    |   in|   32|     ap_none|               curr_fullImage_30_load_1|        scalar|
|curr_localImage_0_load_1    |   in|   32|     ap_none|               curr_localImage_0_load_1|        scalar|
|curr_localImage_1_load_1    |   in|   32|     ap_none|               curr_localImage_1_load_1|        scalar|
|curr_localImage_2_load_1    |   in|   32|     ap_none|               curr_localImage_2_load_1|        scalar|
|curr_localImage_3_load_1    |   in|   32|     ap_none|               curr_localImage_3_load_1|        scalar|
|curr_localImage_4_load_1    |   in|   32|     ap_none|               curr_localImage_4_load_1|        scalar|
|curr_localImage_5_load_1    |   in|   32|     ap_none|               curr_localImage_5_load_1|        scalar|
|curr_localImage_6_load_1    |   in|   32|     ap_none|               curr_localImage_6_load_1|        scalar|
|curr_localImage_7_load_1    |   in|   32|     ap_none|               curr_localImage_7_load_1|        scalar|
|curr_localImage_8_load_1    |   in|   32|     ap_none|               curr_localImage_8_load_1|        scalar|
|curr_localImage_9_load_1    |   in|   32|     ap_none|               curr_localImage_9_load_1|        scalar|
|curr_localImage_10_load_1   |   in|   32|     ap_none|              curr_localImage_10_load_1|        scalar|
|curr_localImage_11_load_1   |   in|   32|     ap_none|              curr_localImage_11_load_1|        scalar|
|curr_localImage_12_load_1   |   in|   32|     ap_none|              curr_localImage_12_load_1|        scalar|
|curr_localImage_13_load_1   |   in|   32|     ap_none|              curr_localImage_13_load_1|        scalar|
|curr_localImage_14_load_1   |   in|   32|     ap_none|              curr_localImage_14_load_1|        scalar|
|curr_localImage_15_load_1   |   in|   32|     ap_none|              curr_localImage_15_load_1|        scalar|
|curr_localImage_16_load_1   |   in|   32|     ap_none|              curr_localImage_16_load_1|        scalar|
|curr_localImage_17_load_1   |   in|   32|     ap_none|              curr_localImage_17_load_1|        scalar|
|curr_localImage_18_load_1   |   in|   32|     ap_none|              curr_localImage_18_load_1|        scalar|
|curr_localImage_19_load_1   |   in|   32|     ap_none|              curr_localImage_19_load_1|        scalar|
|curr_localImage_20_load_1   |   in|   32|     ap_none|              curr_localImage_20_load_1|        scalar|
|curr_localImage_21_load_1   |   in|   32|     ap_none|              curr_localImage_21_load_1|        scalar|
|curr_localImage_22_load_1   |   in|   32|     ap_none|              curr_localImage_22_load_1|        scalar|
|curr_localImage_23_load_1   |   in|   32|     ap_none|              curr_localImage_23_load_1|        scalar|
|curr_localImage_24_load_1   |   in|   32|     ap_none|              curr_localImage_24_load_1|        scalar|
|curr_localImage_25_load_1   |   in|   32|     ap_none|              curr_localImage_25_load_1|        scalar|
|curr_localImage_26_load_1   |   in|   32|     ap_none|              curr_localImage_26_load_1|        scalar|
|curr_localImage_27_load_1   |   in|   32|     ap_none|              curr_localImage_27_load_1|        scalar|
|curr_localImage_28_load_1   |   in|   32|     ap_none|              curr_localImage_28_load_1|        scalar|
|curr_localImage_29_load_1   |   in|   32|     ap_none|              curr_localImage_29_load_1|        scalar|
|curr_localImage_30_load_1   |   in|   32|     ap_none|              curr_localImage_30_load_1|        scalar|
|curr_fullImage_0_load_2     |   in|   32|     ap_none|                curr_fullImage_0_load_2|        scalar|
|curr_fullImage_1_load_2     |   in|   32|     ap_none|                curr_fullImage_1_load_2|        scalar|
|curr_fullImage_2_load_2     |   in|   32|     ap_none|                curr_fullImage_2_load_2|        scalar|
|curr_fullImage_3_load_2     |   in|   32|     ap_none|                curr_fullImage_3_load_2|        scalar|
|curr_fullImage_4_load_2     |   in|   32|     ap_none|                curr_fullImage_4_load_2|        scalar|
|curr_fullImage_5_load_2     |   in|   32|     ap_none|                curr_fullImage_5_load_2|        scalar|
|curr_fullImage_6_load_2     |   in|   32|     ap_none|                curr_fullImage_6_load_2|        scalar|
|curr_fullImage_7_load_2     |   in|   32|     ap_none|                curr_fullImage_7_load_2|        scalar|
|curr_fullImage_8_load_2     |   in|   32|     ap_none|                curr_fullImage_8_load_2|        scalar|
|curr_fullImage_9_load_2     |   in|   32|     ap_none|                curr_fullImage_9_load_2|        scalar|
|curr_fullImage_10_load_2    |   in|   32|     ap_none|               curr_fullImage_10_load_2|        scalar|
|curr_fullImage_11_load_2    |   in|   32|     ap_none|               curr_fullImage_11_load_2|        scalar|
|curr_fullImage_12_load_2    |   in|   32|     ap_none|               curr_fullImage_12_load_2|        scalar|
|curr_fullImage_13_load_2    |   in|   32|     ap_none|               curr_fullImage_13_load_2|        scalar|
|curr_fullImage_14_load_2    |   in|   32|     ap_none|               curr_fullImage_14_load_2|        scalar|
|curr_fullImage_15_load_2    |   in|   32|     ap_none|               curr_fullImage_15_load_2|        scalar|
|curr_fullImage_16_load_2    |   in|   32|     ap_none|               curr_fullImage_16_load_2|        scalar|
|curr_fullImage_17_load_2    |   in|   32|     ap_none|               curr_fullImage_17_load_2|        scalar|
|curr_fullImage_18_load_2    |   in|   32|     ap_none|               curr_fullImage_18_load_2|        scalar|
|curr_fullImage_19_load_2    |   in|   32|     ap_none|               curr_fullImage_19_load_2|        scalar|
|curr_fullImage_20_load_2    |   in|   32|     ap_none|               curr_fullImage_20_load_2|        scalar|
|curr_fullImage_21_load_2    |   in|   32|     ap_none|               curr_fullImage_21_load_2|        scalar|
|curr_fullImage_22_load_2    |   in|   32|     ap_none|               curr_fullImage_22_load_2|        scalar|
|curr_fullImage_23_load_2    |   in|   32|     ap_none|               curr_fullImage_23_load_2|        scalar|
|curr_fullImage_24_load_2    |   in|   32|     ap_none|               curr_fullImage_24_load_2|        scalar|
|curr_fullImage_25_load_2    |   in|   32|     ap_none|               curr_fullImage_25_load_2|        scalar|
|curr_fullImage_26_load_2    |   in|   32|     ap_none|               curr_fullImage_26_load_2|        scalar|
|curr_fullImage_27_load_2    |   in|   32|     ap_none|               curr_fullImage_27_load_2|        scalar|
|curr_fullImage_28_load_2    |   in|   32|     ap_none|               curr_fullImage_28_load_2|        scalar|
|curr_fullImage_29_load_2    |   in|   32|     ap_none|               curr_fullImage_29_load_2|        scalar|
|curr_fullImage_30_load_2    |   in|   32|     ap_none|               curr_fullImage_30_load_2|        scalar|
|curr_localImage_0_load_2    |   in|   32|     ap_none|               curr_localImage_0_load_2|        scalar|
|curr_localImage_1_load_2    |   in|   32|     ap_none|               curr_localImage_1_load_2|        scalar|
|curr_localImage_2_load_2    |   in|   32|     ap_none|               curr_localImage_2_load_2|        scalar|
|curr_localImage_3_load_2    |   in|   32|     ap_none|               curr_localImage_3_load_2|        scalar|
|curr_localImage_4_load_2    |   in|   32|     ap_none|               curr_localImage_4_load_2|        scalar|
|curr_localImage_5_load_2    |   in|   32|     ap_none|               curr_localImage_5_load_2|        scalar|
|curr_localImage_6_load_2    |   in|   32|     ap_none|               curr_localImage_6_load_2|        scalar|
|curr_localImage_7_load_2    |   in|   32|     ap_none|               curr_localImage_7_load_2|        scalar|
|curr_localImage_8_load_2    |   in|   32|     ap_none|               curr_localImage_8_load_2|        scalar|
|curr_localImage_9_load_2    |   in|   32|     ap_none|               curr_localImage_9_load_2|        scalar|
|curr_localImage_10_load_2   |   in|   32|     ap_none|              curr_localImage_10_load_2|        scalar|
|curr_localImage_11_load_2   |   in|   32|     ap_none|              curr_localImage_11_load_2|        scalar|
|curr_localImage_12_load_2   |   in|   32|     ap_none|              curr_localImage_12_load_2|        scalar|
|curr_localImage_13_load_2   |   in|   32|     ap_none|              curr_localImage_13_load_2|        scalar|
|curr_localImage_14_load_2   |   in|   32|     ap_none|              curr_localImage_14_load_2|        scalar|
|curr_localImage_15_load_2   |   in|   32|     ap_none|              curr_localImage_15_load_2|        scalar|
|curr_localImage_16_load_2   |   in|   32|     ap_none|              curr_localImage_16_load_2|        scalar|
|curr_localImage_17_load_2   |   in|   32|     ap_none|              curr_localImage_17_load_2|        scalar|
|curr_localImage_18_load_2   |   in|   32|     ap_none|              curr_localImage_18_load_2|        scalar|
|curr_localImage_19_load_2   |   in|   32|     ap_none|              curr_localImage_19_load_2|        scalar|
|curr_localImage_20_load_2   |   in|   32|     ap_none|              curr_localImage_20_load_2|        scalar|
|curr_localImage_21_load_2   |   in|   32|     ap_none|              curr_localImage_21_load_2|        scalar|
|curr_localImage_22_load_2   |   in|   32|     ap_none|              curr_localImage_22_load_2|        scalar|
|curr_localImage_23_load_2   |   in|   32|     ap_none|              curr_localImage_23_load_2|        scalar|
|curr_localImage_24_load_2   |   in|   32|     ap_none|              curr_localImage_24_load_2|        scalar|
|curr_localImage_25_load_2   |   in|   32|     ap_none|              curr_localImage_25_load_2|        scalar|
|curr_localImage_26_load_2   |   in|   32|     ap_none|              curr_localImage_26_load_2|        scalar|
|curr_localImage_27_load_2   |   in|   32|     ap_none|              curr_localImage_27_load_2|        scalar|
|curr_localImage_28_load_2   |   in|   32|     ap_none|              curr_localImage_28_load_2|        scalar|
|curr_localImage_29_load_2   |   in|   32|     ap_none|              curr_localImage_29_load_2|        scalar|
|curr_localImage_30_load_2   |   in|   32|     ap_none|              curr_localImage_30_load_2|        scalar|
|curr_fullImage_0_load_3     |   in|   32|     ap_none|                curr_fullImage_0_load_3|        scalar|
|curr_fullImage_1_load_3     |   in|   32|     ap_none|                curr_fullImage_1_load_3|        scalar|
|curr_fullImage_2_load_3     |   in|   32|     ap_none|                curr_fullImage_2_load_3|        scalar|
|curr_fullImage_3_load_3     |   in|   32|     ap_none|                curr_fullImage_3_load_3|        scalar|
|curr_fullImage_4_load_3     |   in|   32|     ap_none|                curr_fullImage_4_load_3|        scalar|
|curr_fullImage_5_load_3     |   in|   32|     ap_none|                curr_fullImage_5_load_3|        scalar|
|curr_fullImage_6_load_3     |   in|   32|     ap_none|                curr_fullImage_6_load_3|        scalar|
|curr_fullImage_7_load_3     |   in|   32|     ap_none|                curr_fullImage_7_load_3|        scalar|
|curr_fullImage_8_load_3     |   in|   32|     ap_none|                curr_fullImage_8_load_3|        scalar|
|curr_fullImage_9_load_3     |   in|   32|     ap_none|                curr_fullImage_9_load_3|        scalar|
|curr_fullImage_10_load_3    |   in|   32|     ap_none|               curr_fullImage_10_load_3|        scalar|
|curr_fullImage_11_load_3    |   in|   32|     ap_none|               curr_fullImage_11_load_3|        scalar|
|curr_fullImage_12_load_3    |   in|   32|     ap_none|               curr_fullImage_12_load_3|        scalar|
|curr_fullImage_13_load_3    |   in|   32|     ap_none|               curr_fullImage_13_load_3|        scalar|
|curr_fullImage_14_load_3    |   in|   32|     ap_none|               curr_fullImage_14_load_3|        scalar|
|curr_fullImage_15_load_3    |   in|   32|     ap_none|               curr_fullImage_15_load_3|        scalar|
|curr_fullImage_16_load_3    |   in|   32|     ap_none|               curr_fullImage_16_load_3|        scalar|
|curr_fullImage_17_load_3    |   in|   32|     ap_none|               curr_fullImage_17_load_3|        scalar|
|curr_fullImage_18_load_3    |   in|   32|     ap_none|               curr_fullImage_18_load_3|        scalar|
|curr_fullImage_19_load_3    |   in|   32|     ap_none|               curr_fullImage_19_load_3|        scalar|
|curr_fullImage_20_load_3    |   in|   32|     ap_none|               curr_fullImage_20_load_3|        scalar|
|curr_fullImage_21_load_3    |   in|   32|     ap_none|               curr_fullImage_21_load_3|        scalar|
|curr_fullImage_22_load_3    |   in|   32|     ap_none|               curr_fullImage_22_load_3|        scalar|
|curr_fullImage_23_load_3    |   in|   32|     ap_none|               curr_fullImage_23_load_3|        scalar|
|curr_fullImage_24_load_3    |   in|   32|     ap_none|               curr_fullImage_24_load_3|        scalar|
|curr_fullImage_25_load_3    |   in|   32|     ap_none|               curr_fullImage_25_load_3|        scalar|
|curr_fullImage_26_load_3    |   in|   32|     ap_none|               curr_fullImage_26_load_3|        scalar|
|curr_fullImage_27_load_3    |   in|   32|     ap_none|               curr_fullImage_27_load_3|        scalar|
|curr_fullImage_28_load_3    |   in|   32|     ap_none|               curr_fullImage_28_load_3|        scalar|
|curr_fullImage_29_load_3    |   in|   32|     ap_none|               curr_fullImage_29_load_3|        scalar|
|curr_fullImage_30_load_3    |   in|   32|     ap_none|               curr_fullImage_30_load_3|        scalar|
|curr_localImage_0_load_3    |   in|   32|     ap_none|               curr_localImage_0_load_3|        scalar|
|curr_localImage_1_load_3    |   in|   32|     ap_none|               curr_localImage_1_load_3|        scalar|
|curr_localImage_2_load_3    |   in|   32|     ap_none|               curr_localImage_2_load_3|        scalar|
|curr_localImage_3_load_3    |   in|   32|     ap_none|               curr_localImage_3_load_3|        scalar|
|curr_localImage_4_load_3    |   in|   32|     ap_none|               curr_localImage_4_load_3|        scalar|
|curr_localImage_5_load_3    |   in|   32|     ap_none|               curr_localImage_5_load_3|        scalar|
|curr_localImage_6_load_3    |   in|   32|     ap_none|               curr_localImage_6_load_3|        scalar|
|curr_localImage_7_load_3    |   in|   32|     ap_none|               curr_localImage_7_load_3|        scalar|
|curr_localImage_8_load_3    |   in|   32|     ap_none|               curr_localImage_8_load_3|        scalar|
|curr_localImage_9_load_3    |   in|   32|     ap_none|               curr_localImage_9_load_3|        scalar|
|curr_localImage_10_load_3   |   in|   32|     ap_none|              curr_localImage_10_load_3|        scalar|
|curr_localImage_11_load_3   |   in|   32|     ap_none|              curr_localImage_11_load_3|        scalar|
|curr_localImage_12_load_3   |   in|   32|     ap_none|              curr_localImage_12_load_3|        scalar|
|curr_localImage_13_load_3   |   in|   32|     ap_none|              curr_localImage_13_load_3|        scalar|
|curr_localImage_14_load_3   |   in|   32|     ap_none|              curr_localImage_14_load_3|        scalar|
|curr_localImage_15_load_3   |   in|   32|     ap_none|              curr_localImage_15_load_3|        scalar|
|curr_localImage_16_load_3   |   in|   32|     ap_none|              curr_localImage_16_load_3|        scalar|
|curr_localImage_17_load_3   |   in|   32|     ap_none|              curr_localImage_17_load_3|        scalar|
|curr_localImage_18_load_3   |   in|   32|     ap_none|              curr_localImage_18_load_3|        scalar|
|curr_localImage_19_load_3   |   in|   32|     ap_none|              curr_localImage_19_load_3|        scalar|
|curr_localImage_20_load_3   |   in|   32|     ap_none|              curr_localImage_20_load_3|        scalar|
|curr_localImage_21_load_3   |   in|   32|     ap_none|              curr_localImage_21_load_3|        scalar|
|curr_localImage_22_load_3   |   in|   32|     ap_none|              curr_localImage_22_load_3|        scalar|
|curr_localImage_23_load_3   |   in|   32|     ap_none|              curr_localImage_23_load_3|        scalar|
|curr_localImage_24_load_3   |   in|   32|     ap_none|              curr_localImage_24_load_3|        scalar|
|curr_localImage_25_load_3   |   in|   32|     ap_none|              curr_localImage_25_load_3|        scalar|
|curr_localImage_26_load_3   |   in|   32|     ap_none|              curr_localImage_26_load_3|        scalar|
|curr_localImage_27_load_3   |   in|   32|     ap_none|              curr_localImage_27_load_3|        scalar|
|curr_localImage_28_load_3   |   in|   32|     ap_none|              curr_localImage_28_load_3|        scalar|
|curr_localImage_29_load_3   |   in|   32|     ap_none|              curr_localImage_29_load_3|        scalar|
|curr_localImage_30_load_3   |   in|   32|     ap_none|              curr_localImage_30_load_3|        scalar|
|curr_fullImage_0_load_4     |   in|   32|     ap_none|                curr_fullImage_0_load_4|        scalar|
|curr_fullImage_1_load_4     |   in|   32|     ap_none|                curr_fullImage_1_load_4|        scalar|
|curr_fullImage_2_load_4     |   in|   32|     ap_none|                curr_fullImage_2_load_4|        scalar|
|curr_fullImage_3_load_4     |   in|   32|     ap_none|                curr_fullImage_3_load_4|        scalar|
|curr_fullImage_4_load_4     |   in|   32|     ap_none|                curr_fullImage_4_load_4|        scalar|
|curr_fullImage_5_load_4     |   in|   32|     ap_none|                curr_fullImage_5_load_4|        scalar|
|curr_fullImage_6_load_4     |   in|   32|     ap_none|                curr_fullImage_6_load_4|        scalar|
|curr_fullImage_7_load_4     |   in|   32|     ap_none|                curr_fullImage_7_load_4|        scalar|
|curr_fullImage_8_load_4     |   in|   32|     ap_none|                curr_fullImage_8_load_4|        scalar|
|curr_fullImage_9_load_4     |   in|   32|     ap_none|                curr_fullImage_9_load_4|        scalar|
|curr_fullImage_10_load_4    |   in|   32|     ap_none|               curr_fullImage_10_load_4|        scalar|
|curr_fullImage_11_load_4    |   in|   32|     ap_none|               curr_fullImage_11_load_4|        scalar|
|curr_fullImage_12_load_4    |   in|   32|     ap_none|               curr_fullImage_12_load_4|        scalar|
|curr_fullImage_13_load_4    |   in|   32|     ap_none|               curr_fullImage_13_load_4|        scalar|
|curr_fullImage_14_load_4    |   in|   32|     ap_none|               curr_fullImage_14_load_4|        scalar|
|curr_fullImage_15_load_4    |   in|   32|     ap_none|               curr_fullImage_15_load_4|        scalar|
|curr_fullImage_16_load_4    |   in|   32|     ap_none|               curr_fullImage_16_load_4|        scalar|
|curr_fullImage_17_load_4    |   in|   32|     ap_none|               curr_fullImage_17_load_4|        scalar|
|curr_fullImage_18_load_4    |   in|   32|     ap_none|               curr_fullImage_18_load_4|        scalar|
|curr_fullImage_19_load_4    |   in|   32|     ap_none|               curr_fullImage_19_load_4|        scalar|
|curr_fullImage_20_load_4    |   in|   32|     ap_none|               curr_fullImage_20_load_4|        scalar|
|curr_fullImage_21_load_4    |   in|   32|     ap_none|               curr_fullImage_21_load_4|        scalar|
|curr_fullImage_22_load_4    |   in|   32|     ap_none|               curr_fullImage_22_load_4|        scalar|
|curr_fullImage_23_load_4    |   in|   32|     ap_none|               curr_fullImage_23_load_4|        scalar|
|curr_fullImage_24_load_4    |   in|   32|     ap_none|               curr_fullImage_24_load_4|        scalar|
|curr_fullImage_25_load_4    |   in|   32|     ap_none|               curr_fullImage_25_load_4|        scalar|
|curr_fullImage_26_load_4    |   in|   32|     ap_none|               curr_fullImage_26_load_4|        scalar|
|curr_fullImage_27_load_4    |   in|   32|     ap_none|               curr_fullImage_27_load_4|        scalar|
|curr_fullImage_28_load_4    |   in|   32|     ap_none|               curr_fullImage_28_load_4|        scalar|
|curr_fullImage_29_load_4    |   in|   32|     ap_none|               curr_fullImage_29_load_4|        scalar|
|curr_fullImage_30_load_4    |   in|   32|     ap_none|               curr_fullImage_30_load_4|        scalar|
|curr_localImage_0_load_4    |   in|   32|     ap_none|               curr_localImage_0_load_4|        scalar|
|curr_localImage_1_load_4    |   in|   32|     ap_none|               curr_localImage_1_load_4|        scalar|
|curr_localImage_2_load_4    |   in|   32|     ap_none|               curr_localImage_2_load_4|        scalar|
|curr_localImage_3_load_4    |   in|   32|     ap_none|               curr_localImage_3_load_4|        scalar|
|curr_localImage_4_load_4    |   in|   32|     ap_none|               curr_localImage_4_load_4|        scalar|
|curr_localImage_5_load_4    |   in|   32|     ap_none|               curr_localImage_5_load_4|        scalar|
|curr_localImage_6_load_4    |   in|   32|     ap_none|               curr_localImage_6_load_4|        scalar|
|curr_localImage_7_load_4    |   in|   32|     ap_none|               curr_localImage_7_load_4|        scalar|
|curr_localImage_8_load_4    |   in|   32|     ap_none|               curr_localImage_8_load_4|        scalar|
|curr_localImage_9_load_4    |   in|   32|     ap_none|               curr_localImage_9_load_4|        scalar|
|curr_localImage_10_load_4   |   in|   32|     ap_none|              curr_localImage_10_load_4|        scalar|
|curr_localImage_11_load_4   |   in|   32|     ap_none|              curr_localImage_11_load_4|        scalar|
|curr_localImage_12_load_4   |   in|   32|     ap_none|              curr_localImage_12_load_4|        scalar|
|curr_localImage_13_load_4   |   in|   32|     ap_none|              curr_localImage_13_load_4|        scalar|
|curr_localImage_14_load_4   |   in|   32|     ap_none|              curr_localImage_14_load_4|        scalar|
|curr_localImage_15_load_4   |   in|   32|     ap_none|              curr_localImage_15_load_4|        scalar|
|curr_localImage_16_load_4   |   in|   32|     ap_none|              curr_localImage_16_load_4|        scalar|
|curr_localImage_17_load_4   |   in|   32|     ap_none|              curr_localImage_17_load_4|        scalar|
|curr_localImage_18_load_4   |   in|   32|     ap_none|              curr_localImage_18_load_4|        scalar|
|curr_localImage_19_load_4   |   in|   32|     ap_none|              curr_localImage_19_load_4|        scalar|
|curr_localImage_20_load_4   |   in|   32|     ap_none|              curr_localImage_20_load_4|        scalar|
|curr_localImage_21_load_4   |   in|   32|     ap_none|              curr_localImage_21_load_4|        scalar|
|curr_localImage_22_load_4   |   in|   32|     ap_none|              curr_localImage_22_load_4|        scalar|
|curr_localImage_23_load_4   |   in|   32|     ap_none|              curr_localImage_23_load_4|        scalar|
|curr_localImage_24_load_4   |   in|   32|     ap_none|              curr_localImage_24_load_4|        scalar|
|curr_localImage_25_load_4   |   in|   32|     ap_none|              curr_localImage_25_load_4|        scalar|
|curr_localImage_26_load_4   |   in|   32|     ap_none|              curr_localImage_26_load_4|        scalar|
|curr_localImage_27_load_4   |   in|   32|     ap_none|              curr_localImage_27_load_4|        scalar|
|curr_localImage_28_load_4   |   in|   32|     ap_none|              curr_localImage_28_load_4|        scalar|
|curr_localImage_29_load_4   |   in|   32|     ap_none|              curr_localImage_29_load_4|        scalar|
|curr_localImage_30_load_4   |   in|   32|     ap_none|              curr_localImage_30_load_4|        scalar|
|curr_fullImage_0_load_5     |   in|   32|     ap_none|                curr_fullImage_0_load_5|        scalar|
|curr_fullImage_1_load_5     |   in|   32|     ap_none|                curr_fullImage_1_load_5|        scalar|
|curr_fullImage_2_load_5     |   in|   32|     ap_none|                curr_fullImage_2_load_5|        scalar|
|curr_fullImage_3_load_5     |   in|   32|     ap_none|                curr_fullImage_3_load_5|        scalar|
|curr_fullImage_4_load_5     |   in|   32|     ap_none|                curr_fullImage_4_load_5|        scalar|
|curr_fullImage_5_load_5     |   in|   32|     ap_none|                curr_fullImage_5_load_5|        scalar|
|curr_fullImage_6_load_5     |   in|   32|     ap_none|                curr_fullImage_6_load_5|        scalar|
|curr_fullImage_7_load_5     |   in|   32|     ap_none|                curr_fullImage_7_load_5|        scalar|
|curr_fullImage_8_load_5     |   in|   32|     ap_none|                curr_fullImage_8_load_5|        scalar|
|curr_fullImage_9_load_5     |   in|   32|     ap_none|                curr_fullImage_9_load_5|        scalar|
|curr_fullImage_10_load_5    |   in|   32|     ap_none|               curr_fullImage_10_load_5|        scalar|
|curr_fullImage_11_load_5    |   in|   32|     ap_none|               curr_fullImage_11_load_5|        scalar|
|curr_fullImage_12_load_5    |   in|   32|     ap_none|               curr_fullImage_12_load_5|        scalar|
|curr_fullImage_13_load_5    |   in|   32|     ap_none|               curr_fullImage_13_load_5|        scalar|
|curr_fullImage_14_load_5    |   in|   32|     ap_none|               curr_fullImage_14_load_5|        scalar|
|curr_fullImage_15_load_5    |   in|   32|     ap_none|               curr_fullImage_15_load_5|        scalar|
|curr_fullImage_16_load_5    |   in|   32|     ap_none|               curr_fullImage_16_load_5|        scalar|
|curr_fullImage_17_load_5    |   in|   32|     ap_none|               curr_fullImage_17_load_5|        scalar|
|curr_fullImage_18_load_5    |   in|   32|     ap_none|               curr_fullImage_18_load_5|        scalar|
|curr_fullImage_19_load_5    |   in|   32|     ap_none|               curr_fullImage_19_load_5|        scalar|
|curr_fullImage_20_load_5    |   in|   32|     ap_none|               curr_fullImage_20_load_5|        scalar|
|curr_fullImage_21_load_5    |   in|   32|     ap_none|               curr_fullImage_21_load_5|        scalar|
|curr_fullImage_22_load_5    |   in|   32|     ap_none|               curr_fullImage_22_load_5|        scalar|
|curr_fullImage_23_load_5    |   in|   32|     ap_none|               curr_fullImage_23_load_5|        scalar|
|curr_fullImage_24_load_5    |   in|   32|     ap_none|               curr_fullImage_24_load_5|        scalar|
|curr_fullImage_25_load_5    |   in|   32|     ap_none|               curr_fullImage_25_load_5|        scalar|
|curr_fullImage_26_load_5    |   in|   32|     ap_none|               curr_fullImage_26_load_5|        scalar|
|curr_fullImage_27_load_5    |   in|   32|     ap_none|               curr_fullImage_27_load_5|        scalar|
|curr_fullImage_28_load_5    |   in|   32|     ap_none|               curr_fullImage_28_load_5|        scalar|
|curr_fullImage_29_load_5    |   in|   32|     ap_none|               curr_fullImage_29_load_5|        scalar|
|curr_fullImage_30_load_5    |   in|   32|     ap_none|               curr_fullImage_30_load_5|        scalar|
|curr_localImage_0_load_5    |   in|   32|     ap_none|               curr_localImage_0_load_5|        scalar|
|curr_localImage_1_load_5    |   in|   32|     ap_none|               curr_localImage_1_load_5|        scalar|
|curr_localImage_2_load_5    |   in|   32|     ap_none|               curr_localImage_2_load_5|        scalar|
|curr_localImage_3_load_5    |   in|   32|     ap_none|               curr_localImage_3_load_5|        scalar|
|curr_localImage_4_load_5    |   in|   32|     ap_none|               curr_localImage_4_load_5|        scalar|
|curr_localImage_5_load_5    |   in|   32|     ap_none|               curr_localImage_5_load_5|        scalar|
|curr_localImage_6_load_5    |   in|   32|     ap_none|               curr_localImage_6_load_5|        scalar|
|curr_localImage_7_load_5    |   in|   32|     ap_none|               curr_localImage_7_load_5|        scalar|
|curr_localImage_8_load_5    |   in|   32|     ap_none|               curr_localImage_8_load_5|        scalar|
|curr_localImage_9_load_5    |   in|   32|     ap_none|               curr_localImage_9_load_5|        scalar|
|curr_localImage_10_load_5   |   in|   32|     ap_none|              curr_localImage_10_load_5|        scalar|
|curr_localImage_11_load_5   |   in|   32|     ap_none|              curr_localImage_11_load_5|        scalar|
|curr_localImage_12_load_5   |   in|   32|     ap_none|              curr_localImage_12_load_5|        scalar|
|curr_localImage_13_load_5   |   in|   32|     ap_none|              curr_localImage_13_load_5|        scalar|
|curr_localImage_14_load_5   |   in|   32|     ap_none|              curr_localImage_14_load_5|        scalar|
|curr_localImage_15_load_5   |   in|   32|     ap_none|              curr_localImage_15_load_5|        scalar|
|curr_localImage_16_load_5   |   in|   32|     ap_none|              curr_localImage_16_load_5|        scalar|
|curr_localImage_17_load_5   |   in|   32|     ap_none|              curr_localImage_17_load_5|        scalar|
|curr_localImage_18_load_5   |   in|   32|     ap_none|              curr_localImage_18_load_5|        scalar|
|curr_localImage_19_load_5   |   in|   32|     ap_none|              curr_localImage_19_load_5|        scalar|
|curr_localImage_20_load_5   |   in|   32|     ap_none|              curr_localImage_20_load_5|        scalar|
|curr_localImage_21_load_5   |   in|   32|     ap_none|              curr_localImage_21_load_5|        scalar|
|curr_localImage_22_load_5   |   in|   32|     ap_none|              curr_localImage_22_load_5|        scalar|
|curr_localImage_23_load_5   |   in|   32|     ap_none|              curr_localImage_23_load_5|        scalar|
|curr_localImage_24_load_5   |   in|   32|     ap_none|              curr_localImage_24_load_5|        scalar|
|curr_localImage_25_load_5   |   in|   32|     ap_none|              curr_localImage_25_load_5|        scalar|
|curr_localImage_26_load_5   |   in|   32|     ap_none|              curr_localImage_26_load_5|        scalar|
|curr_localImage_27_load_5   |   in|   32|     ap_none|              curr_localImage_27_load_5|        scalar|
|curr_localImage_28_load_5   |   in|   32|     ap_none|              curr_localImage_28_load_5|        scalar|
|curr_localImage_29_load_5   |   in|   32|     ap_none|              curr_localImage_29_load_5|        scalar|
|curr_localImage_30_load_5   |   in|   32|     ap_none|              curr_localImage_30_load_5|        scalar|
|curr_fullImage_0_load_6     |   in|   32|     ap_none|                curr_fullImage_0_load_6|        scalar|
|curr_fullImage_1_load_6     |   in|   32|     ap_none|                curr_fullImage_1_load_6|        scalar|
|curr_fullImage_2_load_6     |   in|   32|     ap_none|                curr_fullImage_2_load_6|        scalar|
|curr_fullImage_3_load_6     |   in|   32|     ap_none|                curr_fullImage_3_load_6|        scalar|
|curr_fullImage_4_load_6     |   in|   32|     ap_none|                curr_fullImage_4_load_6|        scalar|
|curr_fullImage_5_load_6     |   in|   32|     ap_none|                curr_fullImage_5_load_6|        scalar|
|curr_fullImage_6_load_6     |   in|   32|     ap_none|                curr_fullImage_6_load_6|        scalar|
|curr_fullImage_7_load_6     |   in|   32|     ap_none|                curr_fullImage_7_load_6|        scalar|
|curr_fullImage_8_load_6     |   in|   32|     ap_none|                curr_fullImage_8_load_6|        scalar|
|curr_fullImage_9_load_6     |   in|   32|     ap_none|                curr_fullImage_9_load_6|        scalar|
|curr_fullImage_10_load_6    |   in|   32|     ap_none|               curr_fullImage_10_load_6|        scalar|
|curr_fullImage_11_load_6    |   in|   32|     ap_none|               curr_fullImage_11_load_6|        scalar|
|curr_fullImage_12_load_6    |   in|   32|     ap_none|               curr_fullImage_12_load_6|        scalar|
|curr_fullImage_13_load_6    |   in|   32|     ap_none|               curr_fullImage_13_load_6|        scalar|
|curr_fullImage_14_load_6    |   in|   32|     ap_none|               curr_fullImage_14_load_6|        scalar|
|curr_fullImage_15_load_6    |   in|   32|     ap_none|               curr_fullImage_15_load_6|        scalar|
|curr_fullImage_16_load_6    |   in|   32|     ap_none|               curr_fullImage_16_load_6|        scalar|
|curr_fullImage_17_load_6    |   in|   32|     ap_none|               curr_fullImage_17_load_6|        scalar|
|curr_fullImage_18_load_6    |   in|   32|     ap_none|               curr_fullImage_18_load_6|        scalar|
|curr_fullImage_19_load_6    |   in|   32|     ap_none|               curr_fullImage_19_load_6|        scalar|
|curr_fullImage_20_load_6    |   in|   32|     ap_none|               curr_fullImage_20_load_6|        scalar|
|curr_fullImage_21_load_6    |   in|   32|     ap_none|               curr_fullImage_21_load_6|        scalar|
|curr_fullImage_22_load_6    |   in|   32|     ap_none|               curr_fullImage_22_load_6|        scalar|
|curr_fullImage_23_load_6    |   in|   32|     ap_none|               curr_fullImage_23_load_6|        scalar|
|curr_fullImage_24_load_6    |   in|   32|     ap_none|               curr_fullImage_24_load_6|        scalar|
|curr_fullImage_25_load_6    |   in|   32|     ap_none|               curr_fullImage_25_load_6|        scalar|
|curr_fullImage_26_load_6    |   in|   32|     ap_none|               curr_fullImage_26_load_6|        scalar|
|curr_fullImage_27_load_6    |   in|   32|     ap_none|               curr_fullImage_27_load_6|        scalar|
|curr_fullImage_28_load_6    |   in|   32|     ap_none|               curr_fullImage_28_load_6|        scalar|
|curr_fullImage_29_load_6    |   in|   32|     ap_none|               curr_fullImage_29_load_6|        scalar|
|curr_fullImage_30_load_6    |   in|   32|     ap_none|               curr_fullImage_30_load_6|        scalar|
|curr_localImage_0_load_6    |   in|   32|     ap_none|               curr_localImage_0_load_6|        scalar|
|curr_localImage_1_load_6    |   in|   32|     ap_none|               curr_localImage_1_load_6|        scalar|
|curr_localImage_2_load_6    |   in|   32|     ap_none|               curr_localImage_2_load_6|        scalar|
|curr_localImage_3_load_6    |   in|   32|     ap_none|               curr_localImage_3_load_6|        scalar|
|curr_localImage_4_load_6    |   in|   32|     ap_none|               curr_localImage_4_load_6|        scalar|
|curr_localImage_5_load_6    |   in|   32|     ap_none|               curr_localImage_5_load_6|        scalar|
|curr_localImage_6_load_6    |   in|   32|     ap_none|               curr_localImage_6_load_6|        scalar|
|curr_localImage_7_load_6    |   in|   32|     ap_none|               curr_localImage_7_load_6|        scalar|
|curr_localImage_8_load_6    |   in|   32|     ap_none|               curr_localImage_8_load_6|        scalar|
|curr_localImage_9_load_6    |   in|   32|     ap_none|               curr_localImage_9_load_6|        scalar|
|curr_localImage_10_load_6   |   in|   32|     ap_none|              curr_localImage_10_load_6|        scalar|
|curr_localImage_11_load_6   |   in|   32|     ap_none|              curr_localImage_11_load_6|        scalar|
|curr_localImage_12_load_6   |   in|   32|     ap_none|              curr_localImage_12_load_6|        scalar|
|curr_localImage_13_load_6   |   in|   32|     ap_none|              curr_localImage_13_load_6|        scalar|
|curr_localImage_14_load_6   |   in|   32|     ap_none|              curr_localImage_14_load_6|        scalar|
|curr_localImage_15_load_6   |   in|   32|     ap_none|              curr_localImage_15_load_6|        scalar|
|curr_localImage_16_load_6   |   in|   32|     ap_none|              curr_localImage_16_load_6|        scalar|
|curr_localImage_17_load_6   |   in|   32|     ap_none|              curr_localImage_17_load_6|        scalar|
|curr_localImage_18_load_6   |   in|   32|     ap_none|              curr_localImage_18_load_6|        scalar|
|curr_localImage_19_load_6   |   in|   32|     ap_none|              curr_localImage_19_load_6|        scalar|
|curr_localImage_20_load_6   |   in|   32|     ap_none|              curr_localImage_20_load_6|        scalar|
|curr_localImage_21_load_6   |   in|   32|     ap_none|              curr_localImage_21_load_6|        scalar|
|curr_localImage_22_load_6   |   in|   32|     ap_none|              curr_localImage_22_load_6|        scalar|
|curr_localImage_23_load_6   |   in|   32|     ap_none|              curr_localImage_23_load_6|        scalar|
|curr_localImage_24_load_6   |   in|   32|     ap_none|              curr_localImage_24_load_6|        scalar|
|curr_localImage_25_load_6   |   in|   32|     ap_none|              curr_localImage_25_load_6|        scalar|
|curr_localImage_26_load_6   |   in|   32|     ap_none|              curr_localImage_26_load_6|        scalar|
|curr_localImage_27_load_6   |   in|   32|     ap_none|              curr_localImage_27_load_6|        scalar|
|curr_localImage_28_load_6   |   in|   32|     ap_none|              curr_localImage_28_load_6|        scalar|
|curr_localImage_29_load_6   |   in|   32|     ap_none|              curr_localImage_29_load_6|        scalar|
|curr_localImage_30_load_6   |   in|   32|     ap_none|              curr_localImage_30_load_6|        scalar|
|curr_fullImage_0_load_7     |   in|   32|     ap_none|                curr_fullImage_0_load_7|        scalar|
|curr_fullImage_1_load_7     |   in|   32|     ap_none|                curr_fullImage_1_load_7|        scalar|
|curr_fullImage_2_load_7     |   in|   32|     ap_none|                curr_fullImage_2_load_7|        scalar|
|curr_fullImage_3_load_7     |   in|   32|     ap_none|                curr_fullImage_3_load_7|        scalar|
|curr_fullImage_4_load_7     |   in|   32|     ap_none|                curr_fullImage_4_load_7|        scalar|
|curr_fullImage_5_load_7     |   in|   32|     ap_none|                curr_fullImage_5_load_7|        scalar|
|curr_fullImage_6_load_7     |   in|   32|     ap_none|                curr_fullImage_6_load_7|        scalar|
|curr_fullImage_7_load_7     |   in|   32|     ap_none|                curr_fullImage_7_load_7|        scalar|
|curr_fullImage_8_load_7     |   in|   32|     ap_none|                curr_fullImage_8_load_7|        scalar|
|curr_fullImage_9_load_7     |   in|   32|     ap_none|                curr_fullImage_9_load_7|        scalar|
|curr_fullImage_10_load_7    |   in|   32|     ap_none|               curr_fullImage_10_load_7|        scalar|
|curr_fullImage_11_load_7    |   in|   32|     ap_none|               curr_fullImage_11_load_7|        scalar|
|curr_fullImage_12_load_7    |   in|   32|     ap_none|               curr_fullImage_12_load_7|        scalar|
|curr_fullImage_13_load_7    |   in|   32|     ap_none|               curr_fullImage_13_load_7|        scalar|
|curr_fullImage_14_load_7    |   in|   32|     ap_none|               curr_fullImage_14_load_7|        scalar|
|curr_fullImage_15_load_7    |   in|   32|     ap_none|               curr_fullImage_15_load_7|        scalar|
|curr_fullImage_16_load_7    |   in|   32|     ap_none|               curr_fullImage_16_load_7|        scalar|
|curr_fullImage_17_load_7    |   in|   32|     ap_none|               curr_fullImage_17_load_7|        scalar|
|curr_fullImage_18_load_7    |   in|   32|     ap_none|               curr_fullImage_18_load_7|        scalar|
|curr_fullImage_19_load_7    |   in|   32|     ap_none|               curr_fullImage_19_load_7|        scalar|
|curr_fullImage_20_load_7    |   in|   32|     ap_none|               curr_fullImage_20_load_7|        scalar|
|curr_fullImage_21_load_7    |   in|   32|     ap_none|               curr_fullImage_21_load_7|        scalar|
|curr_fullImage_22_load_7    |   in|   32|     ap_none|               curr_fullImage_22_load_7|        scalar|
|curr_fullImage_23_load_7    |   in|   32|     ap_none|               curr_fullImage_23_load_7|        scalar|
|curr_fullImage_24_load_7    |   in|   32|     ap_none|               curr_fullImage_24_load_7|        scalar|
|curr_fullImage_25_load_7    |   in|   32|     ap_none|               curr_fullImage_25_load_7|        scalar|
|curr_fullImage_26_load_7    |   in|   32|     ap_none|               curr_fullImage_26_load_7|        scalar|
|curr_fullImage_27_load_7    |   in|   32|     ap_none|               curr_fullImage_27_load_7|        scalar|
|curr_fullImage_28_load_7    |   in|   32|     ap_none|               curr_fullImage_28_load_7|        scalar|
|curr_fullImage_29_load_7    |   in|   32|     ap_none|               curr_fullImage_29_load_7|        scalar|
|curr_fullImage_30_load_7    |   in|   32|     ap_none|               curr_fullImage_30_load_7|        scalar|
|curr_localImage_0_load_7    |   in|   32|     ap_none|               curr_localImage_0_load_7|        scalar|
|curr_localImage_1_load_7    |   in|   32|     ap_none|               curr_localImage_1_load_7|        scalar|
|curr_localImage_2_load_7    |   in|   32|     ap_none|               curr_localImage_2_load_7|        scalar|
|curr_localImage_3_load_7    |   in|   32|     ap_none|               curr_localImage_3_load_7|        scalar|
|curr_localImage_4_load_7    |   in|   32|     ap_none|               curr_localImage_4_load_7|        scalar|
|curr_localImage_5_load_7    |   in|   32|     ap_none|               curr_localImage_5_load_7|        scalar|
|curr_localImage_6_load_7    |   in|   32|     ap_none|               curr_localImage_6_load_7|        scalar|
|curr_localImage_7_load_7    |   in|   32|     ap_none|               curr_localImage_7_load_7|        scalar|
|curr_localImage_8_load_7    |   in|   32|     ap_none|               curr_localImage_8_load_7|        scalar|
|curr_localImage_9_load_7    |   in|   32|     ap_none|               curr_localImage_9_load_7|        scalar|
|curr_localImage_10_load_7   |   in|   32|     ap_none|              curr_localImage_10_load_7|        scalar|
|curr_localImage_11_load_7   |   in|   32|     ap_none|              curr_localImage_11_load_7|        scalar|
|curr_localImage_12_load_7   |   in|   32|     ap_none|              curr_localImage_12_load_7|        scalar|
|curr_localImage_13_load_7   |   in|   32|     ap_none|              curr_localImage_13_load_7|        scalar|
|curr_localImage_14_load_7   |   in|   32|     ap_none|              curr_localImage_14_load_7|        scalar|
|curr_localImage_15_load_7   |   in|   32|     ap_none|              curr_localImage_15_load_7|        scalar|
|curr_localImage_16_load_7   |   in|   32|     ap_none|              curr_localImage_16_load_7|        scalar|
|curr_localImage_17_load_7   |   in|   32|     ap_none|              curr_localImage_17_load_7|        scalar|
|curr_localImage_18_load_7   |   in|   32|     ap_none|              curr_localImage_18_load_7|        scalar|
|curr_localImage_19_load_7   |   in|   32|     ap_none|              curr_localImage_19_load_7|        scalar|
|curr_localImage_20_load_7   |   in|   32|     ap_none|              curr_localImage_20_load_7|        scalar|
|curr_localImage_21_load_7   |   in|   32|     ap_none|              curr_localImage_21_load_7|        scalar|
|curr_localImage_22_load_7   |   in|   32|     ap_none|              curr_localImage_22_load_7|        scalar|
|curr_localImage_23_load_7   |   in|   32|     ap_none|              curr_localImage_23_load_7|        scalar|
|curr_localImage_24_load_7   |   in|   32|     ap_none|              curr_localImage_24_load_7|        scalar|
|curr_localImage_25_load_7   |   in|   32|     ap_none|              curr_localImage_25_load_7|        scalar|
|curr_localImage_26_load_7   |   in|   32|     ap_none|              curr_localImage_26_load_7|        scalar|
|curr_localImage_27_load_7   |   in|   32|     ap_none|              curr_localImage_27_load_7|        scalar|
|curr_localImage_28_load_7   |   in|   32|     ap_none|              curr_localImage_28_load_7|        scalar|
|curr_localImage_29_load_7   |   in|   32|     ap_none|              curr_localImage_29_load_7|        scalar|
|curr_localImage_30_load_7   |   in|   32|     ap_none|              curr_localImage_30_load_7|        scalar|
|curr_fullImage_0_load_8     |   in|   32|     ap_none|                curr_fullImage_0_load_8|        scalar|
|curr_fullImage_1_load_8     |   in|   32|     ap_none|                curr_fullImage_1_load_8|        scalar|
|curr_fullImage_2_load_8     |   in|   32|     ap_none|                curr_fullImage_2_load_8|        scalar|
|curr_fullImage_3_load_8     |   in|   32|     ap_none|                curr_fullImage_3_load_8|        scalar|
|curr_fullImage_4_load_8     |   in|   32|     ap_none|                curr_fullImage_4_load_8|        scalar|
|curr_fullImage_5_load_8     |   in|   32|     ap_none|                curr_fullImage_5_load_8|        scalar|
|curr_fullImage_6_load_8     |   in|   32|     ap_none|                curr_fullImage_6_load_8|        scalar|
|curr_fullImage_7_load_8     |   in|   32|     ap_none|                curr_fullImage_7_load_8|        scalar|
|curr_fullImage_8_load_8     |   in|   32|     ap_none|                curr_fullImage_8_load_8|        scalar|
|curr_fullImage_9_load_8     |   in|   32|     ap_none|                curr_fullImage_9_load_8|        scalar|
|curr_fullImage_10_load_8    |   in|   32|     ap_none|               curr_fullImage_10_load_8|        scalar|
|curr_fullImage_11_load_8    |   in|   32|     ap_none|               curr_fullImage_11_load_8|        scalar|
|curr_fullImage_12_load_8    |   in|   32|     ap_none|               curr_fullImage_12_load_8|        scalar|
|curr_fullImage_13_load_8    |   in|   32|     ap_none|               curr_fullImage_13_load_8|        scalar|
|curr_fullImage_14_load_8    |   in|   32|     ap_none|               curr_fullImage_14_load_8|        scalar|
|curr_fullImage_15_load_8    |   in|   32|     ap_none|               curr_fullImage_15_load_8|        scalar|
|curr_fullImage_16_load_8    |   in|   32|     ap_none|               curr_fullImage_16_load_8|        scalar|
|curr_fullImage_17_load_8    |   in|   32|     ap_none|               curr_fullImage_17_load_8|        scalar|
|curr_fullImage_18_load_8    |   in|   32|     ap_none|               curr_fullImage_18_load_8|        scalar|
|curr_fullImage_19_load_8    |   in|   32|     ap_none|               curr_fullImage_19_load_8|        scalar|
|curr_fullImage_20_load_8    |   in|   32|     ap_none|               curr_fullImage_20_load_8|        scalar|
|curr_fullImage_21_load_8    |   in|   32|     ap_none|               curr_fullImage_21_load_8|        scalar|
|curr_fullImage_22_load_8    |   in|   32|     ap_none|               curr_fullImage_22_load_8|        scalar|
|curr_fullImage_23_load_8    |   in|   32|     ap_none|               curr_fullImage_23_load_8|        scalar|
|curr_fullImage_24_load_8    |   in|   32|     ap_none|               curr_fullImage_24_load_8|        scalar|
|curr_fullImage_25_load_8    |   in|   32|     ap_none|               curr_fullImage_25_load_8|        scalar|
|curr_fullImage_26_load_8    |   in|   32|     ap_none|               curr_fullImage_26_load_8|        scalar|
|curr_fullImage_27_load_8    |   in|   32|     ap_none|               curr_fullImage_27_load_8|        scalar|
|curr_fullImage_28_load_8    |   in|   32|     ap_none|               curr_fullImage_28_load_8|        scalar|
|curr_fullImage_29_load_8    |   in|   32|     ap_none|               curr_fullImage_29_load_8|        scalar|
|curr_fullImage_30_load_8    |   in|   32|     ap_none|               curr_fullImage_30_load_8|        scalar|
|curr_localImage_0_load_8    |   in|   32|     ap_none|               curr_localImage_0_load_8|        scalar|
|curr_localImage_1_load_8    |   in|   32|     ap_none|               curr_localImage_1_load_8|        scalar|
|curr_localImage_2_load_8    |   in|   32|     ap_none|               curr_localImage_2_load_8|        scalar|
|curr_localImage_3_load_8    |   in|   32|     ap_none|               curr_localImage_3_load_8|        scalar|
|curr_localImage_4_load_8    |   in|   32|     ap_none|               curr_localImage_4_load_8|        scalar|
|curr_localImage_5_load_8    |   in|   32|     ap_none|               curr_localImage_5_load_8|        scalar|
|curr_localImage_6_load_8    |   in|   32|     ap_none|               curr_localImage_6_load_8|        scalar|
|curr_localImage_7_load_8    |   in|   32|     ap_none|               curr_localImage_7_load_8|        scalar|
|curr_localImage_8_load_8    |   in|   32|     ap_none|               curr_localImage_8_load_8|        scalar|
|curr_localImage_9_load_8    |   in|   32|     ap_none|               curr_localImage_9_load_8|        scalar|
|curr_localImage_10_load_8   |   in|   32|     ap_none|              curr_localImage_10_load_8|        scalar|
|curr_localImage_11_load_8   |   in|   32|     ap_none|              curr_localImage_11_load_8|        scalar|
|curr_localImage_12_load_8   |   in|   32|     ap_none|              curr_localImage_12_load_8|        scalar|
|curr_localImage_13_load_8   |   in|   32|     ap_none|              curr_localImage_13_load_8|        scalar|
|curr_localImage_14_load_8   |   in|   32|     ap_none|              curr_localImage_14_load_8|        scalar|
|curr_localImage_15_load_8   |   in|   32|     ap_none|              curr_localImage_15_load_8|        scalar|
|curr_localImage_16_load_8   |   in|   32|     ap_none|              curr_localImage_16_load_8|        scalar|
|curr_localImage_17_load_8   |   in|   32|     ap_none|              curr_localImage_17_load_8|        scalar|
|curr_localImage_18_load_8   |   in|   32|     ap_none|              curr_localImage_18_load_8|        scalar|
|curr_localImage_19_load_8   |   in|   32|     ap_none|              curr_localImage_19_load_8|        scalar|
|curr_localImage_20_load_8   |   in|   32|     ap_none|              curr_localImage_20_load_8|        scalar|
|curr_localImage_21_load_8   |   in|   32|     ap_none|              curr_localImage_21_load_8|        scalar|
|curr_localImage_22_load_8   |   in|   32|     ap_none|              curr_localImage_22_load_8|        scalar|
|curr_localImage_23_load_8   |   in|   32|     ap_none|              curr_localImage_23_load_8|        scalar|
|curr_localImage_24_load_8   |   in|   32|     ap_none|              curr_localImage_24_load_8|        scalar|
|curr_localImage_25_load_8   |   in|   32|     ap_none|              curr_localImage_25_load_8|        scalar|
|curr_localImage_26_load_8   |   in|   32|     ap_none|              curr_localImage_26_load_8|        scalar|
|curr_localImage_27_load_8   |   in|   32|     ap_none|              curr_localImage_27_load_8|        scalar|
|curr_localImage_28_load_8   |   in|   32|     ap_none|              curr_localImage_28_load_8|        scalar|
|curr_localImage_29_load_8   |   in|   32|     ap_none|              curr_localImage_29_load_8|        scalar|
|curr_localImage_30_load_8   |   in|   32|     ap_none|              curr_localImage_30_load_8|        scalar|
|curr_fullImage_0_load_9     |   in|   32|     ap_none|                curr_fullImage_0_load_9|        scalar|
|curr_fullImage_1_load_9     |   in|   32|     ap_none|                curr_fullImage_1_load_9|        scalar|
|curr_fullImage_2_load_9     |   in|   32|     ap_none|                curr_fullImage_2_load_9|        scalar|
|curr_fullImage_3_load_9     |   in|   32|     ap_none|                curr_fullImage_3_load_9|        scalar|
|curr_fullImage_4_load_9     |   in|   32|     ap_none|                curr_fullImage_4_load_9|        scalar|
|curr_fullImage_5_load_9     |   in|   32|     ap_none|                curr_fullImage_5_load_9|        scalar|
|curr_fullImage_6_load_9     |   in|   32|     ap_none|                curr_fullImage_6_load_9|        scalar|
|curr_fullImage_7_load_9     |   in|   32|     ap_none|                curr_fullImage_7_load_9|        scalar|
|curr_fullImage_8_load_9     |   in|   32|     ap_none|                curr_fullImage_8_load_9|        scalar|
|curr_fullImage_9_load_9     |   in|   32|     ap_none|                curr_fullImage_9_load_9|        scalar|
|curr_fullImage_10_load_9    |   in|   32|     ap_none|               curr_fullImage_10_load_9|        scalar|
|curr_fullImage_11_load_9    |   in|   32|     ap_none|               curr_fullImage_11_load_9|        scalar|
|curr_fullImage_12_load_9    |   in|   32|     ap_none|               curr_fullImage_12_load_9|        scalar|
|curr_fullImage_13_load_9    |   in|   32|     ap_none|               curr_fullImage_13_load_9|        scalar|
|curr_fullImage_14_load_9    |   in|   32|     ap_none|               curr_fullImage_14_load_9|        scalar|
|curr_fullImage_15_load_9    |   in|   32|     ap_none|               curr_fullImage_15_load_9|        scalar|
|curr_fullImage_16_load_9    |   in|   32|     ap_none|               curr_fullImage_16_load_9|        scalar|
|curr_fullImage_17_load_9    |   in|   32|     ap_none|               curr_fullImage_17_load_9|        scalar|
|curr_fullImage_18_load_9    |   in|   32|     ap_none|               curr_fullImage_18_load_9|        scalar|
|curr_fullImage_19_load_9    |   in|   32|     ap_none|               curr_fullImage_19_load_9|        scalar|
|curr_fullImage_20_load_9    |   in|   32|     ap_none|               curr_fullImage_20_load_9|        scalar|
|curr_fullImage_21_load_9    |   in|   32|     ap_none|               curr_fullImage_21_load_9|        scalar|
|curr_fullImage_22_load_9    |   in|   32|     ap_none|               curr_fullImage_22_load_9|        scalar|
|curr_fullImage_23_load_9    |   in|   32|     ap_none|               curr_fullImage_23_load_9|        scalar|
|curr_fullImage_24_load_9    |   in|   32|     ap_none|               curr_fullImage_24_load_9|        scalar|
|curr_fullImage_25_load_9    |   in|   32|     ap_none|               curr_fullImage_25_load_9|        scalar|
|curr_fullImage_26_load_9    |   in|   32|     ap_none|               curr_fullImage_26_load_9|        scalar|
|curr_fullImage_27_load_9    |   in|   32|     ap_none|               curr_fullImage_27_load_9|        scalar|
|curr_fullImage_28_load_9    |   in|   32|     ap_none|               curr_fullImage_28_load_9|        scalar|
|curr_fullImage_29_load_9    |   in|   32|     ap_none|               curr_fullImage_29_load_9|        scalar|
|curr_fullImage_30_load_9    |   in|   32|     ap_none|               curr_fullImage_30_load_9|        scalar|
|curr_localImage_0_load_9    |   in|   32|     ap_none|               curr_localImage_0_load_9|        scalar|
|curr_localImage_1_load_9    |   in|   32|     ap_none|               curr_localImage_1_load_9|        scalar|
|curr_localImage_2_load_9    |   in|   32|     ap_none|               curr_localImage_2_load_9|        scalar|
|curr_localImage_3_load_9    |   in|   32|     ap_none|               curr_localImage_3_load_9|        scalar|
|curr_localImage_4_load_9    |   in|   32|     ap_none|               curr_localImage_4_load_9|        scalar|
|curr_localImage_5_load_9    |   in|   32|     ap_none|               curr_localImage_5_load_9|        scalar|
|curr_localImage_6_load_9    |   in|   32|     ap_none|               curr_localImage_6_load_9|        scalar|
|curr_localImage_7_load_9    |   in|   32|     ap_none|               curr_localImage_7_load_9|        scalar|
|curr_localImage_8_load_9    |   in|   32|     ap_none|               curr_localImage_8_load_9|        scalar|
|curr_localImage_9_load_9    |   in|   32|     ap_none|               curr_localImage_9_load_9|        scalar|
|curr_localImage_10_load_9   |   in|   32|     ap_none|              curr_localImage_10_load_9|        scalar|
|curr_localImage_11_load_9   |   in|   32|     ap_none|              curr_localImage_11_load_9|        scalar|
|curr_localImage_12_load_9   |   in|   32|     ap_none|              curr_localImage_12_load_9|        scalar|
|curr_localImage_13_load_9   |   in|   32|     ap_none|              curr_localImage_13_load_9|        scalar|
|curr_localImage_14_load_9   |   in|   32|     ap_none|              curr_localImage_14_load_9|        scalar|
|curr_localImage_15_load_9   |   in|   32|     ap_none|              curr_localImage_15_load_9|        scalar|
|curr_localImage_16_load_9   |   in|   32|     ap_none|              curr_localImage_16_load_9|        scalar|
|curr_localImage_17_load_9   |   in|   32|     ap_none|              curr_localImage_17_load_9|        scalar|
|curr_localImage_18_load_9   |   in|   32|     ap_none|              curr_localImage_18_load_9|        scalar|
|curr_localImage_19_load_9   |   in|   32|     ap_none|              curr_localImage_19_load_9|        scalar|
|curr_localImage_20_load_9   |   in|   32|     ap_none|              curr_localImage_20_load_9|        scalar|
|curr_localImage_21_load_9   |   in|   32|     ap_none|              curr_localImage_21_load_9|        scalar|
|curr_localImage_22_load_9   |   in|   32|     ap_none|              curr_localImage_22_load_9|        scalar|
|curr_localImage_23_load_9   |   in|   32|     ap_none|              curr_localImage_23_load_9|        scalar|
|curr_localImage_24_load_9   |   in|   32|     ap_none|              curr_localImage_24_load_9|        scalar|
|curr_localImage_25_load_9   |   in|   32|     ap_none|              curr_localImage_25_load_9|        scalar|
|curr_localImage_26_load_9   |   in|   32|     ap_none|              curr_localImage_26_load_9|        scalar|
|curr_localImage_27_load_9   |   in|   32|     ap_none|              curr_localImage_27_load_9|        scalar|
|curr_localImage_28_load_9   |   in|   32|     ap_none|              curr_localImage_28_load_9|        scalar|
|curr_localImage_29_load_9   |   in|   32|     ap_none|              curr_localImage_29_load_9|        scalar|
|curr_localImage_30_load_9   |   in|   32|     ap_none|              curr_localImage_30_load_9|        scalar|
|curr_fullImage_0_load_10    |   in|   32|     ap_none|               curr_fullImage_0_load_10|        scalar|
|curr_fullImage_1_load_10    |   in|   32|     ap_none|               curr_fullImage_1_load_10|        scalar|
|curr_fullImage_2_load_10    |   in|   32|     ap_none|               curr_fullImage_2_load_10|        scalar|
|curr_fullImage_3_load_10    |   in|   32|     ap_none|               curr_fullImage_3_load_10|        scalar|
|curr_fullImage_4_load_10    |   in|   32|     ap_none|               curr_fullImage_4_load_10|        scalar|
|curr_fullImage_5_load_10    |   in|   32|     ap_none|               curr_fullImage_5_load_10|        scalar|
|curr_fullImage_6_load_10    |   in|   32|     ap_none|               curr_fullImage_6_load_10|        scalar|
|curr_fullImage_7_load_10    |   in|   32|     ap_none|               curr_fullImage_7_load_10|        scalar|
|curr_fullImage_8_load_10    |   in|   32|     ap_none|               curr_fullImage_8_load_10|        scalar|
|curr_fullImage_9_load_10    |   in|   32|     ap_none|               curr_fullImage_9_load_10|        scalar|
|curr_fullImage_10_load_10   |   in|   32|     ap_none|              curr_fullImage_10_load_10|        scalar|
|curr_fullImage_11_load_10   |   in|   32|     ap_none|              curr_fullImage_11_load_10|        scalar|
|curr_fullImage_12_load_10   |   in|   32|     ap_none|              curr_fullImage_12_load_10|        scalar|
|curr_fullImage_13_load_10   |   in|   32|     ap_none|              curr_fullImage_13_load_10|        scalar|
|curr_fullImage_14_load_10   |   in|   32|     ap_none|              curr_fullImage_14_load_10|        scalar|
|curr_fullImage_15_load_10   |   in|   32|     ap_none|              curr_fullImage_15_load_10|        scalar|
|curr_fullImage_16_load_10   |   in|   32|     ap_none|              curr_fullImage_16_load_10|        scalar|
|curr_fullImage_17_load_10   |   in|   32|     ap_none|              curr_fullImage_17_load_10|        scalar|
|curr_fullImage_18_load_10   |   in|   32|     ap_none|              curr_fullImage_18_load_10|        scalar|
|curr_fullImage_19_load_10   |   in|   32|     ap_none|              curr_fullImage_19_load_10|        scalar|
|curr_fullImage_20_load_10   |   in|   32|     ap_none|              curr_fullImage_20_load_10|        scalar|
|curr_fullImage_21_load_10   |   in|   32|     ap_none|              curr_fullImage_21_load_10|        scalar|
|curr_fullImage_22_load_10   |   in|   32|     ap_none|              curr_fullImage_22_load_10|        scalar|
|curr_fullImage_23_load_10   |   in|   32|     ap_none|              curr_fullImage_23_load_10|        scalar|
|curr_fullImage_24_load_10   |   in|   32|     ap_none|              curr_fullImage_24_load_10|        scalar|
|curr_fullImage_25_load_10   |   in|   32|     ap_none|              curr_fullImage_25_load_10|        scalar|
|curr_fullImage_26_load_10   |   in|   32|     ap_none|              curr_fullImage_26_load_10|        scalar|
|curr_fullImage_27_load_10   |   in|   32|     ap_none|              curr_fullImage_27_load_10|        scalar|
|curr_fullImage_28_load_10   |   in|   32|     ap_none|              curr_fullImage_28_load_10|        scalar|
|curr_fullImage_29_load_10   |   in|   32|     ap_none|              curr_fullImage_29_load_10|        scalar|
|curr_fullImage_30_load_10   |   in|   32|     ap_none|              curr_fullImage_30_load_10|        scalar|
|curr_localImage_0_load_10   |   in|   32|     ap_none|              curr_localImage_0_load_10|        scalar|
|curr_localImage_1_load_10   |   in|   32|     ap_none|              curr_localImage_1_load_10|        scalar|
|curr_localImage_2_load_10   |   in|   32|     ap_none|              curr_localImage_2_load_10|        scalar|
|curr_localImage_3_load_10   |   in|   32|     ap_none|              curr_localImage_3_load_10|        scalar|
|curr_localImage_4_load_10   |   in|   32|     ap_none|              curr_localImage_4_load_10|        scalar|
|curr_localImage_5_load_10   |   in|   32|     ap_none|              curr_localImage_5_load_10|        scalar|
|curr_localImage_6_load_10   |   in|   32|     ap_none|              curr_localImage_6_load_10|        scalar|
|curr_localImage_7_load_10   |   in|   32|     ap_none|              curr_localImage_7_load_10|        scalar|
|curr_localImage_8_load_10   |   in|   32|     ap_none|              curr_localImage_8_load_10|        scalar|
|curr_localImage_9_load_10   |   in|   32|     ap_none|              curr_localImage_9_load_10|        scalar|
|curr_localImage_10_load_10  |   in|   32|     ap_none|             curr_localImage_10_load_10|        scalar|
|curr_localImage_11_load_10  |   in|   32|     ap_none|             curr_localImage_11_load_10|        scalar|
|curr_localImage_12_load_10  |   in|   32|     ap_none|             curr_localImage_12_load_10|        scalar|
|curr_localImage_13_load_10  |   in|   32|     ap_none|             curr_localImage_13_load_10|        scalar|
|curr_localImage_14_load_10  |   in|   32|     ap_none|             curr_localImage_14_load_10|        scalar|
|curr_localImage_15_load_10  |   in|   32|     ap_none|             curr_localImage_15_load_10|        scalar|
|curr_localImage_16_load_10  |   in|   32|     ap_none|             curr_localImage_16_load_10|        scalar|
|curr_localImage_17_load_10  |   in|   32|     ap_none|             curr_localImage_17_load_10|        scalar|
|curr_localImage_18_load_10  |   in|   32|     ap_none|             curr_localImage_18_load_10|        scalar|
|curr_localImage_19_load_10  |   in|   32|     ap_none|             curr_localImage_19_load_10|        scalar|
|curr_localImage_20_load_10  |   in|   32|     ap_none|             curr_localImage_20_load_10|        scalar|
|curr_localImage_21_load_10  |   in|   32|     ap_none|             curr_localImage_21_load_10|        scalar|
|curr_localImage_22_load_10  |   in|   32|     ap_none|             curr_localImage_22_load_10|        scalar|
|curr_localImage_23_load_10  |   in|   32|     ap_none|             curr_localImage_23_load_10|        scalar|
|curr_localImage_24_load_10  |   in|   32|     ap_none|             curr_localImage_24_load_10|        scalar|
|curr_localImage_25_load_10  |   in|   32|     ap_none|             curr_localImage_25_load_10|        scalar|
|curr_localImage_26_load_10  |   in|   32|     ap_none|             curr_localImage_26_load_10|        scalar|
|curr_localImage_27_load_10  |   in|   32|     ap_none|             curr_localImage_27_load_10|        scalar|
|curr_localImage_28_load_10  |   in|   32|     ap_none|             curr_localImage_28_load_10|        scalar|
|curr_localImage_29_load_10  |   in|   32|     ap_none|             curr_localImage_29_load_10|        scalar|
|curr_localImage_30_load_10  |   in|   32|     ap_none|             curr_localImage_30_load_10|        scalar|
|curr_fullImage_0_load_11    |   in|   32|     ap_none|               curr_fullImage_0_load_11|        scalar|
|curr_fullImage_1_load_11    |   in|   32|     ap_none|               curr_fullImage_1_load_11|        scalar|
|curr_fullImage_2_load_11    |   in|   32|     ap_none|               curr_fullImage_2_load_11|        scalar|
|curr_fullImage_3_load_11    |   in|   32|     ap_none|               curr_fullImage_3_load_11|        scalar|
|curr_fullImage_4_load_11    |   in|   32|     ap_none|               curr_fullImage_4_load_11|        scalar|
|curr_fullImage_5_load_11    |   in|   32|     ap_none|               curr_fullImage_5_load_11|        scalar|
|curr_fullImage_6_load_11    |   in|   32|     ap_none|               curr_fullImage_6_load_11|        scalar|
|curr_fullImage_7_load_11    |   in|   32|     ap_none|               curr_fullImage_7_load_11|        scalar|
|curr_fullImage_8_load_11    |   in|   32|     ap_none|               curr_fullImage_8_load_11|        scalar|
|curr_fullImage_9_load_11    |   in|   32|     ap_none|               curr_fullImage_9_load_11|        scalar|
|curr_fullImage_10_load_11   |   in|   32|     ap_none|              curr_fullImage_10_load_11|        scalar|
|curr_fullImage_11_load_11   |   in|   32|     ap_none|              curr_fullImage_11_load_11|        scalar|
|curr_fullImage_12_load_11   |   in|   32|     ap_none|              curr_fullImage_12_load_11|        scalar|
|curr_fullImage_13_load_11   |   in|   32|     ap_none|              curr_fullImage_13_load_11|        scalar|
|curr_fullImage_14_load_11   |   in|   32|     ap_none|              curr_fullImage_14_load_11|        scalar|
|curr_fullImage_15_load_11   |   in|   32|     ap_none|              curr_fullImage_15_load_11|        scalar|
|curr_fullImage_16_load_11   |   in|   32|     ap_none|              curr_fullImage_16_load_11|        scalar|
|curr_fullImage_17_load_11   |   in|   32|     ap_none|              curr_fullImage_17_load_11|        scalar|
|curr_fullImage_18_load_11   |   in|   32|     ap_none|              curr_fullImage_18_load_11|        scalar|
|curr_fullImage_19_load_11   |   in|   32|     ap_none|              curr_fullImage_19_load_11|        scalar|
|curr_fullImage_20_load_11   |   in|   32|     ap_none|              curr_fullImage_20_load_11|        scalar|
|curr_fullImage_21_load_11   |   in|   32|     ap_none|              curr_fullImage_21_load_11|        scalar|
|curr_fullImage_22_load_11   |   in|   32|     ap_none|              curr_fullImage_22_load_11|        scalar|
|curr_fullImage_23_load_11   |   in|   32|     ap_none|              curr_fullImage_23_load_11|        scalar|
|curr_fullImage_24_load_11   |   in|   32|     ap_none|              curr_fullImage_24_load_11|        scalar|
|curr_fullImage_25_load_11   |   in|   32|     ap_none|              curr_fullImage_25_load_11|        scalar|
|curr_fullImage_26_load_11   |   in|   32|     ap_none|              curr_fullImage_26_load_11|        scalar|
|curr_fullImage_27_load_11   |   in|   32|     ap_none|              curr_fullImage_27_load_11|        scalar|
|curr_fullImage_28_load_11   |   in|   32|     ap_none|              curr_fullImage_28_load_11|        scalar|
|curr_fullImage_29_load_11   |   in|   32|     ap_none|              curr_fullImage_29_load_11|        scalar|
|curr_fullImage_30_load_11   |   in|   32|     ap_none|              curr_fullImage_30_load_11|        scalar|
|curr_localImage_0_load_11   |   in|   32|     ap_none|              curr_localImage_0_load_11|        scalar|
|curr_localImage_1_load_11   |   in|   32|     ap_none|              curr_localImage_1_load_11|        scalar|
|curr_localImage_2_load_11   |   in|   32|     ap_none|              curr_localImage_2_load_11|        scalar|
|curr_localImage_3_load_11   |   in|   32|     ap_none|              curr_localImage_3_load_11|        scalar|
|curr_localImage_4_load_11   |   in|   32|     ap_none|              curr_localImage_4_load_11|        scalar|
|curr_localImage_5_load_11   |   in|   32|     ap_none|              curr_localImage_5_load_11|        scalar|
|curr_localImage_6_load_11   |   in|   32|     ap_none|              curr_localImage_6_load_11|        scalar|
|curr_localImage_7_load_11   |   in|   32|     ap_none|              curr_localImage_7_load_11|        scalar|
|curr_localImage_8_load_11   |   in|   32|     ap_none|              curr_localImage_8_load_11|        scalar|
|curr_localImage_9_load_11   |   in|   32|     ap_none|              curr_localImage_9_load_11|        scalar|
|curr_localImage_10_load_11  |   in|   32|     ap_none|             curr_localImage_10_load_11|        scalar|
|curr_localImage_11_load_11  |   in|   32|     ap_none|             curr_localImage_11_load_11|        scalar|
|curr_localImage_12_load_11  |   in|   32|     ap_none|             curr_localImage_12_load_11|        scalar|
|curr_localImage_13_load_11  |   in|   32|     ap_none|             curr_localImage_13_load_11|        scalar|
|curr_localImage_14_load_11  |   in|   32|     ap_none|             curr_localImage_14_load_11|        scalar|
|curr_localImage_15_load_11  |   in|   32|     ap_none|             curr_localImage_15_load_11|        scalar|
|curr_localImage_16_load_11  |   in|   32|     ap_none|             curr_localImage_16_load_11|        scalar|
|curr_localImage_17_load_11  |   in|   32|     ap_none|             curr_localImage_17_load_11|        scalar|
|curr_localImage_18_load_11  |   in|   32|     ap_none|             curr_localImage_18_load_11|        scalar|
|curr_localImage_19_load_11  |   in|   32|     ap_none|             curr_localImage_19_load_11|        scalar|
|curr_localImage_20_load_11  |   in|   32|     ap_none|             curr_localImage_20_load_11|        scalar|
|curr_localImage_21_load_11  |   in|   32|     ap_none|             curr_localImage_21_load_11|        scalar|
|curr_localImage_22_load_11  |   in|   32|     ap_none|             curr_localImage_22_load_11|        scalar|
|curr_localImage_23_load_11  |   in|   32|     ap_none|             curr_localImage_23_load_11|        scalar|
|curr_localImage_24_load_11  |   in|   32|     ap_none|             curr_localImage_24_load_11|        scalar|
|curr_localImage_25_load_11  |   in|   32|     ap_none|             curr_localImage_25_load_11|        scalar|
|curr_localImage_26_load_11  |   in|   32|     ap_none|             curr_localImage_26_load_11|        scalar|
|curr_localImage_27_load_11  |   in|   32|     ap_none|             curr_localImage_27_load_11|        scalar|
|curr_localImage_28_load_11  |   in|   32|     ap_none|             curr_localImage_28_load_11|        scalar|
|curr_localImage_29_load_11  |   in|   32|     ap_none|             curr_localImage_29_load_11|        scalar|
|curr_localImage_30_load_11  |   in|   32|     ap_none|             curr_localImage_30_load_11|        scalar|
|curr_fullImage_0_load_12    |   in|   32|     ap_none|               curr_fullImage_0_load_12|        scalar|
|curr_fullImage_1_load_12    |   in|   32|     ap_none|               curr_fullImage_1_load_12|        scalar|
|curr_fullImage_2_load_12    |   in|   32|     ap_none|               curr_fullImage_2_load_12|        scalar|
|curr_fullImage_3_load_12    |   in|   32|     ap_none|               curr_fullImage_3_load_12|        scalar|
|curr_fullImage_4_load_12    |   in|   32|     ap_none|               curr_fullImage_4_load_12|        scalar|
|curr_fullImage_5_load_12    |   in|   32|     ap_none|               curr_fullImage_5_load_12|        scalar|
|curr_fullImage_6_load_12    |   in|   32|     ap_none|               curr_fullImage_6_load_12|        scalar|
|curr_fullImage_7_load_12    |   in|   32|     ap_none|               curr_fullImage_7_load_12|        scalar|
|curr_fullImage_8_load_12    |   in|   32|     ap_none|               curr_fullImage_8_load_12|        scalar|
|curr_fullImage_9_load_12    |   in|   32|     ap_none|               curr_fullImage_9_load_12|        scalar|
|curr_fullImage_10_load_12   |   in|   32|     ap_none|              curr_fullImage_10_load_12|        scalar|
|curr_fullImage_11_load_12   |   in|   32|     ap_none|              curr_fullImage_11_load_12|        scalar|
|curr_fullImage_12_load_12   |   in|   32|     ap_none|              curr_fullImage_12_load_12|        scalar|
|curr_fullImage_13_load_12   |   in|   32|     ap_none|              curr_fullImage_13_load_12|        scalar|
|curr_fullImage_14_load_12   |   in|   32|     ap_none|              curr_fullImage_14_load_12|        scalar|
|curr_fullImage_15_load_12   |   in|   32|     ap_none|              curr_fullImage_15_load_12|        scalar|
|curr_fullImage_16_load_12   |   in|   32|     ap_none|              curr_fullImage_16_load_12|        scalar|
|curr_fullImage_17_load_12   |   in|   32|     ap_none|              curr_fullImage_17_load_12|        scalar|
|curr_fullImage_18_load_12   |   in|   32|     ap_none|              curr_fullImage_18_load_12|        scalar|
|curr_fullImage_19_load_12   |   in|   32|     ap_none|              curr_fullImage_19_load_12|        scalar|
|curr_fullImage_20_load_12   |   in|   32|     ap_none|              curr_fullImage_20_load_12|        scalar|
|curr_fullImage_21_load_12   |   in|   32|     ap_none|              curr_fullImage_21_load_12|        scalar|
|curr_fullImage_22_load_12   |   in|   32|     ap_none|              curr_fullImage_22_load_12|        scalar|
|curr_fullImage_23_load_12   |   in|   32|     ap_none|              curr_fullImage_23_load_12|        scalar|
|curr_fullImage_24_load_12   |   in|   32|     ap_none|              curr_fullImage_24_load_12|        scalar|
|curr_fullImage_25_load_12   |   in|   32|     ap_none|              curr_fullImage_25_load_12|        scalar|
|curr_fullImage_26_load_12   |   in|   32|     ap_none|              curr_fullImage_26_load_12|        scalar|
|curr_fullImage_27_load_12   |   in|   32|     ap_none|              curr_fullImage_27_load_12|        scalar|
|curr_fullImage_28_load_12   |   in|   32|     ap_none|              curr_fullImage_28_load_12|        scalar|
|curr_fullImage_29_load_12   |   in|   32|     ap_none|              curr_fullImage_29_load_12|        scalar|
|curr_fullImage_30_load_12   |   in|   32|     ap_none|              curr_fullImage_30_load_12|        scalar|
|curr_localImage_0_load_12   |   in|   32|     ap_none|              curr_localImage_0_load_12|        scalar|
|curr_localImage_1_load_12   |   in|   32|     ap_none|              curr_localImage_1_load_12|        scalar|
|curr_localImage_2_load_12   |   in|   32|     ap_none|              curr_localImage_2_load_12|        scalar|
|curr_localImage_3_load_12   |   in|   32|     ap_none|              curr_localImage_3_load_12|        scalar|
|curr_localImage_4_load_12   |   in|   32|     ap_none|              curr_localImage_4_load_12|        scalar|
|curr_localImage_5_load_12   |   in|   32|     ap_none|              curr_localImage_5_load_12|        scalar|
|curr_localImage_6_load_12   |   in|   32|     ap_none|              curr_localImage_6_load_12|        scalar|
|curr_localImage_7_load_12   |   in|   32|     ap_none|              curr_localImage_7_load_12|        scalar|
|curr_localImage_8_load_12   |   in|   32|     ap_none|              curr_localImage_8_load_12|        scalar|
|curr_localImage_9_load_12   |   in|   32|     ap_none|              curr_localImage_9_load_12|        scalar|
|curr_localImage_10_load_12  |   in|   32|     ap_none|             curr_localImage_10_load_12|        scalar|
|curr_localImage_11_load_12  |   in|   32|     ap_none|             curr_localImage_11_load_12|        scalar|
|curr_localImage_12_load_12  |   in|   32|     ap_none|             curr_localImage_12_load_12|        scalar|
|curr_localImage_13_load_12  |   in|   32|     ap_none|             curr_localImage_13_load_12|        scalar|
|curr_localImage_14_load_12  |   in|   32|     ap_none|             curr_localImage_14_load_12|        scalar|
|curr_localImage_15_load_12  |   in|   32|     ap_none|             curr_localImage_15_load_12|        scalar|
|curr_localImage_16_load_12  |   in|   32|     ap_none|             curr_localImage_16_load_12|        scalar|
|curr_localImage_17_load_12  |   in|   32|     ap_none|             curr_localImage_17_load_12|        scalar|
|curr_localImage_18_load_12  |   in|   32|     ap_none|             curr_localImage_18_load_12|        scalar|
|curr_localImage_19_load_12  |   in|   32|     ap_none|             curr_localImage_19_load_12|        scalar|
|curr_localImage_20_load_12  |   in|   32|     ap_none|             curr_localImage_20_load_12|        scalar|
|curr_localImage_21_load_12  |   in|   32|     ap_none|             curr_localImage_21_load_12|        scalar|
|curr_localImage_22_load_12  |   in|   32|     ap_none|             curr_localImage_22_load_12|        scalar|
|curr_localImage_23_load_12  |   in|   32|     ap_none|             curr_localImage_23_load_12|        scalar|
|curr_localImage_24_load_12  |   in|   32|     ap_none|             curr_localImage_24_load_12|        scalar|
|curr_localImage_25_load_12  |   in|   32|     ap_none|             curr_localImage_25_load_12|        scalar|
|curr_localImage_26_load_12  |   in|   32|     ap_none|             curr_localImage_26_load_12|        scalar|
|curr_localImage_27_load_12  |   in|   32|     ap_none|             curr_localImage_27_load_12|        scalar|
|curr_localImage_28_load_12  |   in|   32|     ap_none|             curr_localImage_28_load_12|        scalar|
|curr_localImage_29_load_12  |   in|   32|     ap_none|             curr_localImage_29_load_12|        scalar|
|curr_localImage_30_load_12  |   in|   32|     ap_none|             curr_localImage_30_load_12|        scalar|
|curr_fullImage_0_load_13    |   in|   32|     ap_none|               curr_fullImage_0_load_13|        scalar|
|curr_fullImage_1_load_13    |   in|   32|     ap_none|               curr_fullImage_1_load_13|        scalar|
|curr_fullImage_2_load_13    |   in|   32|     ap_none|               curr_fullImage_2_load_13|        scalar|
|curr_fullImage_3_load_13    |   in|   32|     ap_none|               curr_fullImage_3_load_13|        scalar|
|curr_fullImage_4_load_13    |   in|   32|     ap_none|               curr_fullImage_4_load_13|        scalar|
|curr_fullImage_5_load_13    |   in|   32|     ap_none|               curr_fullImage_5_load_13|        scalar|
|curr_fullImage_6_load_13    |   in|   32|     ap_none|               curr_fullImage_6_load_13|        scalar|
|curr_fullImage_7_load_13    |   in|   32|     ap_none|               curr_fullImage_7_load_13|        scalar|
|curr_fullImage_8_load_13    |   in|   32|     ap_none|               curr_fullImage_8_load_13|        scalar|
|curr_fullImage_9_load_13    |   in|   32|     ap_none|               curr_fullImage_9_load_13|        scalar|
|curr_fullImage_10_load_13   |   in|   32|     ap_none|              curr_fullImage_10_load_13|        scalar|
|curr_fullImage_11_load_13   |   in|   32|     ap_none|              curr_fullImage_11_load_13|        scalar|
|curr_fullImage_12_load_13   |   in|   32|     ap_none|              curr_fullImage_12_load_13|        scalar|
|curr_fullImage_13_load_13   |   in|   32|     ap_none|              curr_fullImage_13_load_13|        scalar|
|curr_fullImage_14_load_13   |   in|   32|     ap_none|              curr_fullImage_14_load_13|        scalar|
|curr_fullImage_15_load_13   |   in|   32|     ap_none|              curr_fullImage_15_load_13|        scalar|
|curr_fullImage_16_load_13   |   in|   32|     ap_none|              curr_fullImage_16_load_13|        scalar|
|curr_fullImage_17_load_13   |   in|   32|     ap_none|              curr_fullImage_17_load_13|        scalar|
|curr_fullImage_18_load_13   |   in|   32|     ap_none|              curr_fullImage_18_load_13|        scalar|
|curr_fullImage_19_load_13   |   in|   32|     ap_none|              curr_fullImage_19_load_13|        scalar|
|curr_fullImage_20_load_13   |   in|   32|     ap_none|              curr_fullImage_20_load_13|        scalar|
|curr_fullImage_21_load_13   |   in|   32|     ap_none|              curr_fullImage_21_load_13|        scalar|
|curr_fullImage_22_load_13   |   in|   32|     ap_none|              curr_fullImage_22_load_13|        scalar|
|curr_fullImage_23_load_13   |   in|   32|     ap_none|              curr_fullImage_23_load_13|        scalar|
|curr_fullImage_24_load_13   |   in|   32|     ap_none|              curr_fullImage_24_load_13|        scalar|
|curr_fullImage_25_load_13   |   in|   32|     ap_none|              curr_fullImage_25_load_13|        scalar|
|curr_fullImage_26_load_13   |   in|   32|     ap_none|              curr_fullImage_26_load_13|        scalar|
|curr_fullImage_27_load_13   |   in|   32|     ap_none|              curr_fullImage_27_load_13|        scalar|
|curr_fullImage_28_load_13   |   in|   32|     ap_none|              curr_fullImage_28_load_13|        scalar|
|curr_fullImage_29_load_13   |   in|   32|     ap_none|              curr_fullImage_29_load_13|        scalar|
|curr_fullImage_30_load_13   |   in|   32|     ap_none|              curr_fullImage_30_load_13|        scalar|
|curr_localImage_0_load_13   |   in|   32|     ap_none|              curr_localImage_0_load_13|        scalar|
|curr_localImage_1_load_13   |   in|   32|     ap_none|              curr_localImage_1_load_13|        scalar|
|curr_localImage_2_load_13   |   in|   32|     ap_none|              curr_localImage_2_load_13|        scalar|
|curr_localImage_3_load_13   |   in|   32|     ap_none|              curr_localImage_3_load_13|        scalar|
|curr_localImage_4_load_13   |   in|   32|     ap_none|              curr_localImage_4_load_13|        scalar|
|curr_localImage_5_load_13   |   in|   32|     ap_none|              curr_localImage_5_load_13|        scalar|
|curr_localImage_6_load_13   |   in|   32|     ap_none|              curr_localImage_6_load_13|        scalar|
|curr_localImage_7_load_13   |   in|   32|     ap_none|              curr_localImage_7_load_13|        scalar|
|curr_localImage_8_load_13   |   in|   32|     ap_none|              curr_localImage_8_load_13|        scalar|
|curr_localImage_9_load_13   |   in|   32|     ap_none|              curr_localImage_9_load_13|        scalar|
|curr_localImage_10_load_13  |   in|   32|     ap_none|             curr_localImage_10_load_13|        scalar|
|curr_localImage_11_load_13  |   in|   32|     ap_none|             curr_localImage_11_load_13|        scalar|
|curr_localImage_12_load_13  |   in|   32|     ap_none|             curr_localImage_12_load_13|        scalar|
|curr_localImage_13_load_13  |   in|   32|     ap_none|             curr_localImage_13_load_13|        scalar|
|curr_localImage_14_load_13  |   in|   32|     ap_none|             curr_localImage_14_load_13|        scalar|
|curr_localImage_15_load_13  |   in|   32|     ap_none|             curr_localImage_15_load_13|        scalar|
|curr_localImage_16_load_13  |   in|   32|     ap_none|             curr_localImage_16_load_13|        scalar|
|curr_localImage_17_load_13  |   in|   32|     ap_none|             curr_localImage_17_load_13|        scalar|
|curr_localImage_18_load_13  |   in|   32|     ap_none|             curr_localImage_18_load_13|        scalar|
|curr_localImage_19_load_13  |   in|   32|     ap_none|             curr_localImage_19_load_13|        scalar|
|curr_localImage_20_load_13  |   in|   32|     ap_none|             curr_localImage_20_load_13|        scalar|
|curr_localImage_21_load_13  |   in|   32|     ap_none|             curr_localImage_21_load_13|        scalar|
|curr_localImage_22_load_13  |   in|   32|     ap_none|             curr_localImage_22_load_13|        scalar|
|curr_localImage_23_load_13  |   in|   32|     ap_none|             curr_localImage_23_load_13|        scalar|
|curr_localImage_24_load_13  |   in|   32|     ap_none|             curr_localImage_24_load_13|        scalar|
|curr_localImage_25_load_13  |   in|   32|     ap_none|             curr_localImage_25_load_13|        scalar|
|curr_localImage_26_load_13  |   in|   32|     ap_none|             curr_localImage_26_load_13|        scalar|
|curr_localImage_27_load_13  |   in|   32|     ap_none|             curr_localImage_27_load_13|        scalar|
|curr_localImage_28_load_13  |   in|   32|     ap_none|             curr_localImage_28_load_13|        scalar|
|curr_localImage_29_load_13  |   in|   32|     ap_none|             curr_localImage_29_load_13|        scalar|
|curr_localImage_30_load_13  |   in|   32|     ap_none|             curr_localImage_30_load_13|        scalar|
|curr_fullImage_0_load_14    |   in|   32|     ap_none|               curr_fullImage_0_load_14|        scalar|
|curr_fullImage_1_load_14    |   in|   32|     ap_none|               curr_fullImage_1_load_14|        scalar|
|curr_fullImage_2_load_14    |   in|   32|     ap_none|               curr_fullImage_2_load_14|        scalar|
|curr_fullImage_3_load_14    |   in|   32|     ap_none|               curr_fullImage_3_load_14|        scalar|
|curr_fullImage_4_load_14    |   in|   32|     ap_none|               curr_fullImage_4_load_14|        scalar|
|curr_fullImage_5_load_14    |   in|   32|     ap_none|               curr_fullImage_5_load_14|        scalar|
|curr_fullImage_6_load_14    |   in|   32|     ap_none|               curr_fullImage_6_load_14|        scalar|
|curr_fullImage_7_load_14    |   in|   32|     ap_none|               curr_fullImage_7_load_14|        scalar|
|curr_fullImage_8_load_14    |   in|   32|     ap_none|               curr_fullImage_8_load_14|        scalar|
|curr_fullImage_9_load_14    |   in|   32|     ap_none|               curr_fullImage_9_load_14|        scalar|
|curr_fullImage_10_load_14   |   in|   32|     ap_none|              curr_fullImage_10_load_14|        scalar|
|curr_fullImage_11_load_14   |   in|   32|     ap_none|              curr_fullImage_11_load_14|        scalar|
|curr_fullImage_12_load_14   |   in|   32|     ap_none|              curr_fullImage_12_load_14|        scalar|
|curr_fullImage_13_load_14   |   in|   32|     ap_none|              curr_fullImage_13_load_14|        scalar|
|curr_fullImage_14_load_14   |   in|   32|     ap_none|              curr_fullImage_14_load_14|        scalar|
|curr_fullImage_15_load_14   |   in|   32|     ap_none|              curr_fullImage_15_load_14|        scalar|
|curr_fullImage_16_load_14   |   in|   32|     ap_none|              curr_fullImage_16_load_14|        scalar|
|curr_fullImage_17_load_14   |   in|   32|     ap_none|              curr_fullImage_17_load_14|        scalar|
|curr_fullImage_18_load_14   |   in|   32|     ap_none|              curr_fullImage_18_load_14|        scalar|
|curr_fullImage_19_load_14   |   in|   32|     ap_none|              curr_fullImage_19_load_14|        scalar|
|curr_fullImage_20_load_14   |   in|   32|     ap_none|              curr_fullImage_20_load_14|        scalar|
|curr_fullImage_21_load_14   |   in|   32|     ap_none|              curr_fullImage_21_load_14|        scalar|
|curr_fullImage_22_load_14   |   in|   32|     ap_none|              curr_fullImage_22_load_14|        scalar|
|curr_fullImage_23_load_14   |   in|   32|     ap_none|              curr_fullImage_23_load_14|        scalar|
|curr_fullImage_24_load_14   |   in|   32|     ap_none|              curr_fullImage_24_load_14|        scalar|
|curr_fullImage_25_load_14   |   in|   32|     ap_none|              curr_fullImage_25_load_14|        scalar|
|curr_fullImage_26_load_14   |   in|   32|     ap_none|              curr_fullImage_26_load_14|        scalar|
|curr_fullImage_27_load_14   |   in|   32|     ap_none|              curr_fullImage_27_load_14|        scalar|
|curr_fullImage_28_load_14   |   in|   32|     ap_none|              curr_fullImage_28_load_14|        scalar|
|curr_fullImage_29_load_14   |   in|   32|     ap_none|              curr_fullImage_29_load_14|        scalar|
|curr_fullImage_30_load_14   |   in|   32|     ap_none|              curr_fullImage_30_load_14|        scalar|
|curr_localImage_0_load_14   |   in|   32|     ap_none|              curr_localImage_0_load_14|        scalar|
|curr_localImage_1_load_14   |   in|   32|     ap_none|              curr_localImage_1_load_14|        scalar|
|curr_localImage_2_load_14   |   in|   32|     ap_none|              curr_localImage_2_load_14|        scalar|
|curr_localImage_3_load_14   |   in|   32|     ap_none|              curr_localImage_3_load_14|        scalar|
|curr_localImage_4_load_14   |   in|   32|     ap_none|              curr_localImage_4_load_14|        scalar|
|curr_localImage_5_load_14   |   in|   32|     ap_none|              curr_localImage_5_load_14|        scalar|
|curr_localImage_6_load_14   |   in|   32|     ap_none|              curr_localImage_6_load_14|        scalar|
|curr_localImage_7_load_14   |   in|   32|     ap_none|              curr_localImage_7_load_14|        scalar|
|curr_localImage_8_load_14   |   in|   32|     ap_none|              curr_localImage_8_load_14|        scalar|
|curr_localImage_9_load_14   |   in|   32|     ap_none|              curr_localImage_9_load_14|        scalar|
|curr_localImage_10_load_14  |   in|   32|     ap_none|             curr_localImage_10_load_14|        scalar|
|curr_localImage_11_load_14  |   in|   32|     ap_none|             curr_localImage_11_load_14|        scalar|
|curr_localImage_12_load_14  |   in|   32|     ap_none|             curr_localImage_12_load_14|        scalar|
|curr_localImage_13_load_14  |   in|   32|     ap_none|             curr_localImage_13_load_14|        scalar|
|curr_localImage_14_load_14  |   in|   32|     ap_none|             curr_localImage_14_load_14|        scalar|
|curr_localImage_15_load_14  |   in|   32|     ap_none|             curr_localImage_15_load_14|        scalar|
|curr_localImage_16_load_14  |   in|   32|     ap_none|             curr_localImage_16_load_14|        scalar|
|curr_localImage_17_load_14  |   in|   32|     ap_none|             curr_localImage_17_load_14|        scalar|
|curr_localImage_18_load_14  |   in|   32|     ap_none|             curr_localImage_18_load_14|        scalar|
|curr_localImage_19_load_14  |   in|   32|     ap_none|             curr_localImage_19_load_14|        scalar|
|curr_localImage_20_load_14  |   in|   32|     ap_none|             curr_localImage_20_load_14|        scalar|
|curr_localImage_21_load_14  |   in|   32|     ap_none|             curr_localImage_21_load_14|        scalar|
|curr_localImage_22_load_14  |   in|   32|     ap_none|             curr_localImage_22_load_14|        scalar|
|curr_localImage_23_load_14  |   in|   32|     ap_none|             curr_localImage_23_load_14|        scalar|
|curr_localImage_24_load_14  |   in|   32|     ap_none|             curr_localImage_24_load_14|        scalar|
|curr_localImage_25_load_14  |   in|   32|     ap_none|             curr_localImage_25_load_14|        scalar|
|curr_localImage_26_load_14  |   in|   32|     ap_none|             curr_localImage_26_load_14|        scalar|
|curr_localImage_27_load_14  |   in|   32|     ap_none|             curr_localImage_27_load_14|        scalar|
|curr_localImage_28_load_14  |   in|   32|     ap_none|             curr_localImage_28_load_14|        scalar|
|curr_localImage_29_load_14  |   in|   32|     ap_none|             curr_localImage_29_load_14|        scalar|
|curr_localImage_30_load_14  |   in|   32|     ap_none|             curr_localImage_30_load_14|        scalar|
|curr_fullImage_0_load_15    |   in|   32|     ap_none|               curr_fullImage_0_load_15|        scalar|
|curr_fullImage_1_load_15    |   in|   32|     ap_none|               curr_fullImage_1_load_15|        scalar|
|curr_fullImage_2_load_15    |   in|   32|     ap_none|               curr_fullImage_2_load_15|        scalar|
|curr_fullImage_3_load_15    |   in|   32|     ap_none|               curr_fullImage_3_load_15|        scalar|
|curr_fullImage_4_load_15    |   in|   32|     ap_none|               curr_fullImage_4_load_15|        scalar|
|curr_fullImage_5_load_15    |   in|   32|     ap_none|               curr_fullImage_5_load_15|        scalar|
|curr_fullImage_6_load_15    |   in|   32|     ap_none|               curr_fullImage_6_load_15|        scalar|
|curr_fullImage_7_load_15    |   in|   32|     ap_none|               curr_fullImage_7_load_15|        scalar|
|curr_fullImage_8_load_15    |   in|   32|     ap_none|               curr_fullImage_8_load_15|        scalar|
|curr_fullImage_9_load_15    |   in|   32|     ap_none|               curr_fullImage_9_load_15|        scalar|
|curr_fullImage_10_load_15   |   in|   32|     ap_none|              curr_fullImage_10_load_15|        scalar|
|curr_fullImage_11_load_15   |   in|   32|     ap_none|              curr_fullImage_11_load_15|        scalar|
|curr_fullImage_12_load_15   |   in|   32|     ap_none|              curr_fullImage_12_load_15|        scalar|
|curr_fullImage_13_load_15   |   in|   32|     ap_none|              curr_fullImage_13_load_15|        scalar|
|curr_fullImage_14_load_15   |   in|   32|     ap_none|              curr_fullImage_14_load_15|        scalar|
|curr_fullImage_15_load_15   |   in|   32|     ap_none|              curr_fullImage_15_load_15|        scalar|
|curr_fullImage_16_load_15   |   in|   32|     ap_none|              curr_fullImage_16_load_15|        scalar|
|curr_fullImage_17_load_15   |   in|   32|     ap_none|              curr_fullImage_17_load_15|        scalar|
|curr_fullImage_18_load_15   |   in|   32|     ap_none|              curr_fullImage_18_load_15|        scalar|
|curr_fullImage_19_load_15   |   in|   32|     ap_none|              curr_fullImage_19_load_15|        scalar|
|curr_fullImage_20_load_15   |   in|   32|     ap_none|              curr_fullImage_20_load_15|        scalar|
|curr_fullImage_21_load_15   |   in|   32|     ap_none|              curr_fullImage_21_load_15|        scalar|
|curr_fullImage_22_load_15   |   in|   32|     ap_none|              curr_fullImage_22_load_15|        scalar|
|curr_fullImage_23_load_15   |   in|   32|     ap_none|              curr_fullImage_23_load_15|        scalar|
|curr_fullImage_24_load_15   |   in|   32|     ap_none|              curr_fullImage_24_load_15|        scalar|
|curr_fullImage_25_load_15   |   in|   32|     ap_none|              curr_fullImage_25_load_15|        scalar|
|curr_fullImage_26_load_15   |   in|   32|     ap_none|              curr_fullImage_26_load_15|        scalar|
|curr_fullImage_27_load_15   |   in|   32|     ap_none|              curr_fullImage_27_load_15|        scalar|
|curr_fullImage_28_load_15   |   in|   32|     ap_none|              curr_fullImage_28_load_15|        scalar|
|curr_fullImage_29_load_15   |   in|   32|     ap_none|              curr_fullImage_29_load_15|        scalar|
|curr_fullImage_30_load_15   |   in|   32|     ap_none|              curr_fullImage_30_load_15|        scalar|
|curr_localImage_0_load_15   |   in|   32|     ap_none|              curr_localImage_0_load_15|        scalar|
|curr_localImage_1_load_15   |   in|   32|     ap_none|              curr_localImage_1_load_15|        scalar|
|curr_localImage_2_load_15   |   in|   32|     ap_none|              curr_localImage_2_load_15|        scalar|
|curr_localImage_3_load_15   |   in|   32|     ap_none|              curr_localImage_3_load_15|        scalar|
|curr_localImage_4_load_15   |   in|   32|     ap_none|              curr_localImage_4_load_15|        scalar|
|curr_localImage_5_load_15   |   in|   32|     ap_none|              curr_localImage_5_load_15|        scalar|
|curr_localImage_6_load_15   |   in|   32|     ap_none|              curr_localImage_6_load_15|        scalar|
|curr_localImage_7_load_15   |   in|   32|     ap_none|              curr_localImage_7_load_15|        scalar|
|curr_localImage_8_load_15   |   in|   32|     ap_none|              curr_localImage_8_load_15|        scalar|
|curr_localImage_9_load_15   |   in|   32|     ap_none|              curr_localImage_9_load_15|        scalar|
|curr_localImage_10_load_15  |   in|   32|     ap_none|             curr_localImage_10_load_15|        scalar|
|curr_localImage_11_load_15  |   in|   32|     ap_none|             curr_localImage_11_load_15|        scalar|
|curr_localImage_12_load_15  |   in|   32|     ap_none|             curr_localImage_12_load_15|        scalar|
|curr_localImage_13_load_15  |   in|   32|     ap_none|             curr_localImage_13_load_15|        scalar|
|curr_localImage_14_load_15  |   in|   32|     ap_none|             curr_localImage_14_load_15|        scalar|
|curr_localImage_15_load_15  |   in|   32|     ap_none|             curr_localImage_15_load_15|        scalar|
|curr_localImage_16_load_15  |   in|   32|     ap_none|             curr_localImage_16_load_15|        scalar|
|curr_localImage_17_load_15  |   in|   32|     ap_none|             curr_localImage_17_load_15|        scalar|
|curr_localImage_18_load_15  |   in|   32|     ap_none|             curr_localImage_18_load_15|        scalar|
|curr_localImage_19_load_15  |   in|   32|     ap_none|             curr_localImage_19_load_15|        scalar|
|curr_localImage_20_load_15  |   in|   32|     ap_none|             curr_localImage_20_load_15|        scalar|
|curr_localImage_21_load_15  |   in|   32|     ap_none|             curr_localImage_21_load_15|        scalar|
|curr_localImage_22_load_15  |   in|   32|     ap_none|             curr_localImage_22_load_15|        scalar|
|curr_localImage_23_load_15  |   in|   32|     ap_none|             curr_localImage_23_load_15|        scalar|
|curr_localImage_24_load_15  |   in|   32|     ap_none|             curr_localImage_24_load_15|        scalar|
|curr_localImage_25_load_15  |   in|   32|     ap_none|             curr_localImage_25_load_15|        scalar|
|curr_localImage_26_load_15  |   in|   32|     ap_none|             curr_localImage_26_load_15|        scalar|
|curr_localImage_27_load_15  |   in|   32|     ap_none|             curr_localImage_27_load_15|        scalar|
|curr_localImage_28_load_15  |   in|   32|     ap_none|             curr_localImage_28_load_15|        scalar|
|curr_localImage_29_load_15  |   in|   32|     ap_none|             curr_localImage_29_load_15|        scalar|
|curr_localImage_30_load_15  |   in|   32|     ap_none|             curr_localImage_30_load_15|        scalar|
|curr_fullImage_0_load_16    |   in|   32|     ap_none|               curr_fullImage_0_load_16|        scalar|
|curr_fullImage_1_load_16    |   in|   32|     ap_none|               curr_fullImage_1_load_16|        scalar|
|curr_fullImage_2_load_16    |   in|   32|     ap_none|               curr_fullImage_2_load_16|        scalar|
|curr_fullImage_3_load_16    |   in|   32|     ap_none|               curr_fullImage_3_load_16|        scalar|
|curr_fullImage_4_load_16    |   in|   32|     ap_none|               curr_fullImage_4_load_16|        scalar|
|curr_fullImage_5_load_16    |   in|   32|     ap_none|               curr_fullImage_5_load_16|        scalar|
|curr_fullImage_6_load_16    |   in|   32|     ap_none|               curr_fullImage_6_load_16|        scalar|
|curr_fullImage_7_load_16    |   in|   32|     ap_none|               curr_fullImage_7_load_16|        scalar|
|curr_fullImage_8_load_16    |   in|   32|     ap_none|               curr_fullImage_8_load_16|        scalar|
|curr_fullImage_9_load_16    |   in|   32|     ap_none|               curr_fullImage_9_load_16|        scalar|
|curr_fullImage_10_load_16   |   in|   32|     ap_none|              curr_fullImage_10_load_16|        scalar|
|curr_fullImage_11_load_16   |   in|   32|     ap_none|              curr_fullImage_11_load_16|        scalar|
|curr_fullImage_12_load_16   |   in|   32|     ap_none|              curr_fullImage_12_load_16|        scalar|
|curr_fullImage_13_load_16   |   in|   32|     ap_none|              curr_fullImage_13_load_16|        scalar|
|curr_fullImage_14_load_16   |   in|   32|     ap_none|              curr_fullImage_14_load_16|        scalar|
|curr_fullImage_15_load_16   |   in|   32|     ap_none|              curr_fullImage_15_load_16|        scalar|
|curr_fullImage_16_load_16   |   in|   32|     ap_none|              curr_fullImage_16_load_16|        scalar|
|curr_fullImage_17_load_16   |   in|   32|     ap_none|              curr_fullImage_17_load_16|        scalar|
|curr_fullImage_18_load_16   |   in|   32|     ap_none|              curr_fullImage_18_load_16|        scalar|
|curr_fullImage_19_load_16   |   in|   32|     ap_none|              curr_fullImage_19_load_16|        scalar|
|curr_fullImage_20_load_16   |   in|   32|     ap_none|              curr_fullImage_20_load_16|        scalar|
|curr_fullImage_21_load_16   |   in|   32|     ap_none|              curr_fullImage_21_load_16|        scalar|
|curr_fullImage_22_load_16   |   in|   32|     ap_none|              curr_fullImage_22_load_16|        scalar|
|curr_fullImage_23_load_16   |   in|   32|     ap_none|              curr_fullImage_23_load_16|        scalar|
|curr_fullImage_24_load_16   |   in|   32|     ap_none|              curr_fullImage_24_load_16|        scalar|
|curr_fullImage_25_load_16   |   in|   32|     ap_none|              curr_fullImage_25_load_16|        scalar|
|curr_fullImage_26_load_16   |   in|   32|     ap_none|              curr_fullImage_26_load_16|        scalar|
|curr_fullImage_27_load_16   |   in|   32|     ap_none|              curr_fullImage_27_load_16|        scalar|
|curr_fullImage_28_load_16   |   in|   32|     ap_none|              curr_fullImage_28_load_16|        scalar|
|curr_fullImage_29_load_16   |   in|   32|     ap_none|              curr_fullImage_29_load_16|        scalar|
|curr_fullImage_30_load_16   |   in|   32|     ap_none|              curr_fullImage_30_load_16|        scalar|
|curr_localImage_0_load_16   |   in|   32|     ap_none|              curr_localImage_0_load_16|        scalar|
|curr_localImage_1_load_16   |   in|   32|     ap_none|              curr_localImage_1_load_16|        scalar|
|curr_localImage_2_load_16   |   in|   32|     ap_none|              curr_localImage_2_load_16|        scalar|
|curr_localImage_3_load_16   |   in|   32|     ap_none|              curr_localImage_3_load_16|        scalar|
|curr_localImage_4_load_16   |   in|   32|     ap_none|              curr_localImage_4_load_16|        scalar|
|curr_localImage_5_load_16   |   in|   32|     ap_none|              curr_localImage_5_load_16|        scalar|
|curr_localImage_6_load_16   |   in|   32|     ap_none|              curr_localImage_6_load_16|        scalar|
|curr_localImage_7_load_16   |   in|   32|     ap_none|              curr_localImage_7_load_16|        scalar|
|curr_localImage_8_load_16   |   in|   32|     ap_none|              curr_localImage_8_load_16|        scalar|
|curr_localImage_9_load_16   |   in|   32|     ap_none|              curr_localImage_9_load_16|        scalar|
|curr_localImage_10_load_16  |   in|   32|     ap_none|             curr_localImage_10_load_16|        scalar|
|curr_localImage_11_load_16  |   in|   32|     ap_none|             curr_localImage_11_load_16|        scalar|
|curr_localImage_12_load_16  |   in|   32|     ap_none|             curr_localImage_12_load_16|        scalar|
|curr_localImage_13_load_16  |   in|   32|     ap_none|             curr_localImage_13_load_16|        scalar|
|curr_localImage_14_load_16  |   in|   32|     ap_none|             curr_localImage_14_load_16|        scalar|
|curr_localImage_15_load_16  |   in|   32|     ap_none|             curr_localImage_15_load_16|        scalar|
|curr_localImage_16_load_16  |   in|   32|     ap_none|             curr_localImage_16_load_16|        scalar|
|curr_localImage_17_load_16  |   in|   32|     ap_none|             curr_localImage_17_load_16|        scalar|
|curr_localImage_18_load_16  |   in|   32|     ap_none|             curr_localImage_18_load_16|        scalar|
|curr_localImage_19_load_16  |   in|   32|     ap_none|             curr_localImage_19_load_16|        scalar|
|curr_localImage_20_load_16  |   in|   32|     ap_none|             curr_localImage_20_load_16|        scalar|
|curr_localImage_21_load_16  |   in|   32|     ap_none|             curr_localImage_21_load_16|        scalar|
|curr_localImage_22_load_16  |   in|   32|     ap_none|             curr_localImage_22_load_16|        scalar|
|curr_localImage_23_load_16  |   in|   32|     ap_none|             curr_localImage_23_load_16|        scalar|
|curr_localImage_24_load_16  |   in|   32|     ap_none|             curr_localImage_24_load_16|        scalar|
|curr_localImage_25_load_16  |   in|   32|     ap_none|             curr_localImage_25_load_16|        scalar|
|curr_localImage_26_load_16  |   in|   32|     ap_none|             curr_localImage_26_load_16|        scalar|
|curr_localImage_27_load_16  |   in|   32|     ap_none|             curr_localImage_27_load_16|        scalar|
|curr_localImage_28_load_16  |   in|   32|     ap_none|             curr_localImage_28_load_16|        scalar|
|curr_localImage_29_load_16  |   in|   32|     ap_none|             curr_localImage_29_load_16|        scalar|
|curr_localImage_30_load_16  |   in|   32|     ap_none|             curr_localImage_30_load_16|        scalar|
|curr_fullImage_0_load_17    |   in|   32|     ap_none|               curr_fullImage_0_load_17|        scalar|
|curr_fullImage_1_load_17    |   in|   32|     ap_none|               curr_fullImage_1_load_17|        scalar|
|curr_fullImage_2_load_17    |   in|   32|     ap_none|               curr_fullImage_2_load_17|        scalar|
|curr_fullImage_3_load_17    |   in|   32|     ap_none|               curr_fullImage_3_load_17|        scalar|
|curr_fullImage_4_load_17    |   in|   32|     ap_none|               curr_fullImage_4_load_17|        scalar|
|curr_fullImage_5_load_17    |   in|   32|     ap_none|               curr_fullImage_5_load_17|        scalar|
|curr_fullImage_6_load_17    |   in|   32|     ap_none|               curr_fullImage_6_load_17|        scalar|
|curr_fullImage_7_load_17    |   in|   32|     ap_none|               curr_fullImage_7_load_17|        scalar|
|curr_fullImage_8_load_17    |   in|   32|     ap_none|               curr_fullImage_8_load_17|        scalar|
|curr_fullImage_9_load_17    |   in|   32|     ap_none|               curr_fullImage_9_load_17|        scalar|
|curr_fullImage_10_load_17   |   in|   32|     ap_none|              curr_fullImage_10_load_17|        scalar|
|curr_fullImage_11_load_17   |   in|   32|     ap_none|              curr_fullImage_11_load_17|        scalar|
|curr_fullImage_12_load_17   |   in|   32|     ap_none|              curr_fullImage_12_load_17|        scalar|
|curr_fullImage_13_load_17   |   in|   32|     ap_none|              curr_fullImage_13_load_17|        scalar|
|curr_fullImage_14_load_17   |   in|   32|     ap_none|              curr_fullImage_14_load_17|        scalar|
|curr_fullImage_15_load_17   |   in|   32|     ap_none|              curr_fullImage_15_load_17|        scalar|
|curr_fullImage_16_load_17   |   in|   32|     ap_none|              curr_fullImage_16_load_17|        scalar|
|curr_fullImage_17_load_17   |   in|   32|     ap_none|              curr_fullImage_17_load_17|        scalar|
|curr_fullImage_18_load_17   |   in|   32|     ap_none|              curr_fullImage_18_load_17|        scalar|
|curr_fullImage_19_load_17   |   in|   32|     ap_none|              curr_fullImage_19_load_17|        scalar|
|curr_fullImage_20_load_17   |   in|   32|     ap_none|              curr_fullImage_20_load_17|        scalar|
|curr_fullImage_21_load_17   |   in|   32|     ap_none|              curr_fullImage_21_load_17|        scalar|
|curr_fullImage_22_load_17   |   in|   32|     ap_none|              curr_fullImage_22_load_17|        scalar|
|curr_fullImage_23_load_17   |   in|   32|     ap_none|              curr_fullImage_23_load_17|        scalar|
|curr_fullImage_24_load_17   |   in|   32|     ap_none|              curr_fullImage_24_load_17|        scalar|
|curr_fullImage_25_load_17   |   in|   32|     ap_none|              curr_fullImage_25_load_17|        scalar|
|curr_fullImage_26_load_17   |   in|   32|     ap_none|              curr_fullImage_26_load_17|        scalar|
|curr_fullImage_27_load_17   |   in|   32|     ap_none|              curr_fullImage_27_load_17|        scalar|
|curr_fullImage_28_load_17   |   in|   32|     ap_none|              curr_fullImage_28_load_17|        scalar|
|curr_fullImage_29_load_17   |   in|   32|     ap_none|              curr_fullImage_29_load_17|        scalar|
|curr_fullImage_30_load_17   |   in|   32|     ap_none|              curr_fullImage_30_load_17|        scalar|
|curr_localImage_0_load_17   |   in|   32|     ap_none|              curr_localImage_0_load_17|        scalar|
|curr_localImage_1_load_17   |   in|   32|     ap_none|              curr_localImage_1_load_17|        scalar|
|curr_localImage_2_load_17   |   in|   32|     ap_none|              curr_localImage_2_load_17|        scalar|
|curr_localImage_3_load_17   |   in|   32|     ap_none|              curr_localImage_3_load_17|        scalar|
|curr_localImage_4_load_17   |   in|   32|     ap_none|              curr_localImage_4_load_17|        scalar|
|curr_localImage_5_load_17   |   in|   32|     ap_none|              curr_localImage_5_load_17|        scalar|
|curr_localImage_6_load_17   |   in|   32|     ap_none|              curr_localImage_6_load_17|        scalar|
|curr_localImage_7_load_17   |   in|   32|     ap_none|              curr_localImage_7_load_17|        scalar|
|curr_localImage_8_load_17   |   in|   32|     ap_none|              curr_localImage_8_load_17|        scalar|
|curr_localImage_9_load_17   |   in|   32|     ap_none|              curr_localImage_9_load_17|        scalar|
|curr_localImage_10_load_17  |   in|   32|     ap_none|             curr_localImage_10_load_17|        scalar|
|curr_localImage_11_load_17  |   in|   32|     ap_none|             curr_localImage_11_load_17|        scalar|
|curr_localImage_12_load_17  |   in|   32|     ap_none|             curr_localImage_12_load_17|        scalar|
|curr_localImage_13_load_17  |   in|   32|     ap_none|             curr_localImage_13_load_17|        scalar|
|curr_localImage_14_load_17  |   in|   32|     ap_none|             curr_localImage_14_load_17|        scalar|
|curr_localImage_15_load_17  |   in|   32|     ap_none|             curr_localImage_15_load_17|        scalar|
|curr_localImage_16_load_17  |   in|   32|     ap_none|             curr_localImage_16_load_17|        scalar|
|curr_localImage_17_load_17  |   in|   32|     ap_none|             curr_localImage_17_load_17|        scalar|
|curr_localImage_18_load_17  |   in|   32|     ap_none|             curr_localImage_18_load_17|        scalar|
|curr_localImage_19_load_17  |   in|   32|     ap_none|             curr_localImage_19_load_17|        scalar|
|curr_localImage_20_load_17  |   in|   32|     ap_none|             curr_localImage_20_load_17|        scalar|
|curr_localImage_21_load_17  |   in|   32|     ap_none|             curr_localImage_21_load_17|        scalar|
|curr_localImage_22_load_17  |   in|   32|     ap_none|             curr_localImage_22_load_17|        scalar|
|curr_localImage_23_load_17  |   in|   32|     ap_none|             curr_localImage_23_load_17|        scalar|
|curr_localImage_24_load_17  |   in|   32|     ap_none|             curr_localImage_24_load_17|        scalar|
|curr_localImage_25_load_17  |   in|   32|     ap_none|             curr_localImage_25_load_17|        scalar|
|curr_localImage_26_load_17  |   in|   32|     ap_none|             curr_localImage_26_load_17|        scalar|
|curr_localImage_27_load_17  |   in|   32|     ap_none|             curr_localImage_27_load_17|        scalar|
|curr_localImage_28_load_17  |   in|   32|     ap_none|             curr_localImage_28_load_17|        scalar|
|curr_localImage_29_load_17  |   in|   32|     ap_none|             curr_localImage_29_load_17|        scalar|
|curr_localImage_30_load_17  |   in|   32|     ap_none|             curr_localImage_30_load_17|        scalar|
|curr_fullImage_0_load_18    |   in|   32|     ap_none|               curr_fullImage_0_load_18|        scalar|
|curr_fullImage_1_load_18    |   in|   32|     ap_none|               curr_fullImage_1_load_18|        scalar|
|curr_fullImage_2_load_18    |   in|   32|     ap_none|               curr_fullImage_2_load_18|        scalar|
|curr_fullImage_3_load_18    |   in|   32|     ap_none|               curr_fullImage_3_load_18|        scalar|
|curr_fullImage_4_load_18    |   in|   32|     ap_none|               curr_fullImage_4_load_18|        scalar|
|curr_fullImage_5_load_18    |   in|   32|     ap_none|               curr_fullImage_5_load_18|        scalar|
|curr_fullImage_6_load_18    |   in|   32|     ap_none|               curr_fullImage_6_load_18|        scalar|
|curr_fullImage_7_load_18    |   in|   32|     ap_none|               curr_fullImage_7_load_18|        scalar|
|curr_fullImage_8_load_18    |   in|   32|     ap_none|               curr_fullImage_8_load_18|        scalar|
|curr_fullImage_9_load_18    |   in|   32|     ap_none|               curr_fullImage_9_load_18|        scalar|
|curr_fullImage_10_load_18   |   in|   32|     ap_none|              curr_fullImage_10_load_18|        scalar|
|curr_fullImage_11_load_18   |   in|   32|     ap_none|              curr_fullImage_11_load_18|        scalar|
|curr_fullImage_12_load_18   |   in|   32|     ap_none|              curr_fullImage_12_load_18|        scalar|
|curr_fullImage_13_load_18   |   in|   32|     ap_none|              curr_fullImage_13_load_18|        scalar|
|curr_fullImage_14_load_18   |   in|   32|     ap_none|              curr_fullImage_14_load_18|        scalar|
|curr_fullImage_15_load_18   |   in|   32|     ap_none|              curr_fullImage_15_load_18|        scalar|
|curr_fullImage_16_load_18   |   in|   32|     ap_none|              curr_fullImage_16_load_18|        scalar|
|curr_fullImage_17_load_18   |   in|   32|     ap_none|              curr_fullImage_17_load_18|        scalar|
|curr_fullImage_18_load_18   |   in|   32|     ap_none|              curr_fullImage_18_load_18|        scalar|
|curr_fullImage_19_load_18   |   in|   32|     ap_none|              curr_fullImage_19_load_18|        scalar|
|curr_fullImage_20_load_18   |   in|   32|     ap_none|              curr_fullImage_20_load_18|        scalar|
|curr_fullImage_21_load_18   |   in|   32|     ap_none|              curr_fullImage_21_load_18|        scalar|
|curr_fullImage_22_load_18   |   in|   32|     ap_none|              curr_fullImage_22_load_18|        scalar|
|curr_fullImage_23_load_18   |   in|   32|     ap_none|              curr_fullImage_23_load_18|        scalar|
|curr_fullImage_24_load_18   |   in|   32|     ap_none|              curr_fullImage_24_load_18|        scalar|
|curr_fullImage_25_load_18   |   in|   32|     ap_none|              curr_fullImage_25_load_18|        scalar|
|curr_fullImage_26_load_18   |   in|   32|     ap_none|              curr_fullImage_26_load_18|        scalar|
|curr_fullImage_27_load_18   |   in|   32|     ap_none|              curr_fullImage_27_load_18|        scalar|
|curr_fullImage_28_load_18   |   in|   32|     ap_none|              curr_fullImage_28_load_18|        scalar|
|curr_fullImage_29_load_18   |   in|   32|     ap_none|              curr_fullImage_29_load_18|        scalar|
|curr_fullImage_30_load_18   |   in|   32|     ap_none|              curr_fullImage_30_load_18|        scalar|
|curr_localImage_0_load_18   |   in|   32|     ap_none|              curr_localImage_0_load_18|        scalar|
|curr_localImage_1_load_18   |   in|   32|     ap_none|              curr_localImage_1_load_18|        scalar|
|curr_localImage_2_load_18   |   in|   32|     ap_none|              curr_localImage_2_load_18|        scalar|
|curr_localImage_3_load_18   |   in|   32|     ap_none|              curr_localImage_3_load_18|        scalar|
|curr_localImage_4_load_18   |   in|   32|     ap_none|              curr_localImage_4_load_18|        scalar|
|curr_localImage_5_load_18   |   in|   32|     ap_none|              curr_localImage_5_load_18|        scalar|
|curr_localImage_6_load_18   |   in|   32|     ap_none|              curr_localImage_6_load_18|        scalar|
|curr_localImage_7_load_18   |   in|   32|     ap_none|              curr_localImage_7_load_18|        scalar|
|curr_localImage_8_load_18   |   in|   32|     ap_none|              curr_localImage_8_load_18|        scalar|
|curr_localImage_9_load_18   |   in|   32|     ap_none|              curr_localImage_9_load_18|        scalar|
|curr_localImage_10_load_18  |   in|   32|     ap_none|             curr_localImage_10_load_18|        scalar|
|curr_localImage_11_load_18  |   in|   32|     ap_none|             curr_localImage_11_load_18|        scalar|
|curr_localImage_12_load_18  |   in|   32|     ap_none|             curr_localImage_12_load_18|        scalar|
|curr_localImage_13_load_18  |   in|   32|     ap_none|             curr_localImage_13_load_18|        scalar|
|curr_localImage_14_load_18  |   in|   32|     ap_none|             curr_localImage_14_load_18|        scalar|
|curr_localImage_15_load_18  |   in|   32|     ap_none|             curr_localImage_15_load_18|        scalar|
|curr_localImage_16_load_18  |   in|   32|     ap_none|             curr_localImage_16_load_18|        scalar|
|curr_localImage_17_load_18  |   in|   32|     ap_none|             curr_localImage_17_load_18|        scalar|
|curr_localImage_18_load_18  |   in|   32|     ap_none|             curr_localImage_18_load_18|        scalar|
|curr_localImage_19_load_18  |   in|   32|     ap_none|             curr_localImage_19_load_18|        scalar|
|curr_localImage_20_load_18  |   in|   32|     ap_none|             curr_localImage_20_load_18|        scalar|
|curr_localImage_21_load_18  |   in|   32|     ap_none|             curr_localImage_21_load_18|        scalar|
|curr_localImage_22_load_18  |   in|   32|     ap_none|             curr_localImage_22_load_18|        scalar|
|curr_localImage_23_load_18  |   in|   32|     ap_none|             curr_localImage_23_load_18|        scalar|
|curr_localImage_24_load_18  |   in|   32|     ap_none|             curr_localImage_24_load_18|        scalar|
|curr_localImage_25_load_18  |   in|   32|     ap_none|             curr_localImage_25_load_18|        scalar|
|curr_localImage_26_load_18  |   in|   32|     ap_none|             curr_localImage_26_load_18|        scalar|
|curr_localImage_27_load_18  |   in|   32|     ap_none|             curr_localImage_27_load_18|        scalar|
|curr_localImage_28_load_18  |   in|   32|     ap_none|             curr_localImage_28_load_18|        scalar|
|curr_localImage_29_load_18  |   in|   32|     ap_none|             curr_localImage_29_load_18|        scalar|
|curr_localImage_30_load_18  |   in|   32|     ap_none|             curr_localImage_30_load_18|        scalar|
|curr_fullImage_0_load_19    |   in|   32|     ap_none|               curr_fullImage_0_load_19|        scalar|
|curr_fullImage_1_load_19    |   in|   32|     ap_none|               curr_fullImage_1_load_19|        scalar|
|curr_fullImage_2_load_19    |   in|   32|     ap_none|               curr_fullImage_2_load_19|        scalar|
|curr_fullImage_3_load_19    |   in|   32|     ap_none|               curr_fullImage_3_load_19|        scalar|
|curr_fullImage_4_load_19    |   in|   32|     ap_none|               curr_fullImage_4_load_19|        scalar|
|curr_fullImage_5_load_19    |   in|   32|     ap_none|               curr_fullImage_5_load_19|        scalar|
|curr_fullImage_6_load_19    |   in|   32|     ap_none|               curr_fullImage_6_load_19|        scalar|
|curr_fullImage_7_load_19    |   in|   32|     ap_none|               curr_fullImage_7_load_19|        scalar|
|curr_fullImage_8_load_19    |   in|   32|     ap_none|               curr_fullImage_8_load_19|        scalar|
|curr_fullImage_9_load_19    |   in|   32|     ap_none|               curr_fullImage_9_load_19|        scalar|
|curr_fullImage_10_load_19   |   in|   32|     ap_none|              curr_fullImage_10_load_19|        scalar|
|curr_fullImage_11_load_19   |   in|   32|     ap_none|              curr_fullImage_11_load_19|        scalar|
|curr_fullImage_12_load_19   |   in|   32|     ap_none|              curr_fullImage_12_load_19|        scalar|
|curr_fullImage_13_load_19   |   in|   32|     ap_none|              curr_fullImage_13_load_19|        scalar|
|curr_fullImage_14_load_19   |   in|   32|     ap_none|              curr_fullImage_14_load_19|        scalar|
|curr_fullImage_15_load_19   |   in|   32|     ap_none|              curr_fullImage_15_load_19|        scalar|
|curr_fullImage_16_load_19   |   in|   32|     ap_none|              curr_fullImage_16_load_19|        scalar|
|curr_fullImage_17_load_19   |   in|   32|     ap_none|              curr_fullImage_17_load_19|        scalar|
|curr_fullImage_18_load_19   |   in|   32|     ap_none|              curr_fullImage_18_load_19|        scalar|
|curr_fullImage_19_load_19   |   in|   32|     ap_none|              curr_fullImage_19_load_19|        scalar|
|curr_fullImage_20_load_19   |   in|   32|     ap_none|              curr_fullImage_20_load_19|        scalar|
|curr_fullImage_21_load_19   |   in|   32|     ap_none|              curr_fullImage_21_load_19|        scalar|
|curr_fullImage_22_load_19   |   in|   32|     ap_none|              curr_fullImage_22_load_19|        scalar|
|curr_fullImage_23_load_19   |   in|   32|     ap_none|              curr_fullImage_23_load_19|        scalar|
|curr_fullImage_24_load_19   |   in|   32|     ap_none|              curr_fullImage_24_load_19|        scalar|
|curr_fullImage_25_load_19   |   in|   32|     ap_none|              curr_fullImage_25_load_19|        scalar|
|curr_fullImage_26_load_19   |   in|   32|     ap_none|              curr_fullImage_26_load_19|        scalar|
|curr_fullImage_27_load_19   |   in|   32|     ap_none|              curr_fullImage_27_load_19|        scalar|
|curr_fullImage_28_load_19   |   in|   32|     ap_none|              curr_fullImage_28_load_19|        scalar|
|curr_fullImage_29_load_19   |   in|   32|     ap_none|              curr_fullImage_29_load_19|        scalar|
|curr_fullImage_30_load_19   |   in|   32|     ap_none|              curr_fullImage_30_load_19|        scalar|
|curr_localImage_0_load_19   |   in|   32|     ap_none|              curr_localImage_0_load_19|        scalar|
|curr_localImage_1_load_19   |   in|   32|     ap_none|              curr_localImage_1_load_19|        scalar|
|curr_localImage_2_load_19   |   in|   32|     ap_none|              curr_localImage_2_load_19|        scalar|
|curr_localImage_3_load_19   |   in|   32|     ap_none|              curr_localImage_3_load_19|        scalar|
|curr_localImage_4_load_19   |   in|   32|     ap_none|              curr_localImage_4_load_19|        scalar|
|curr_localImage_5_load_19   |   in|   32|     ap_none|              curr_localImage_5_load_19|        scalar|
|curr_localImage_6_load_19   |   in|   32|     ap_none|              curr_localImage_6_load_19|        scalar|
|curr_localImage_7_load_19   |   in|   32|     ap_none|              curr_localImage_7_load_19|        scalar|
|curr_localImage_8_load_19   |   in|   32|     ap_none|              curr_localImage_8_load_19|        scalar|
|curr_localImage_9_load_19   |   in|   32|     ap_none|              curr_localImage_9_load_19|        scalar|
|curr_localImage_10_load_19  |   in|   32|     ap_none|             curr_localImage_10_load_19|        scalar|
|curr_localImage_11_load_19  |   in|   32|     ap_none|             curr_localImage_11_load_19|        scalar|
|curr_localImage_12_load_19  |   in|   32|     ap_none|             curr_localImage_12_load_19|        scalar|
|curr_localImage_13_load_19  |   in|   32|     ap_none|             curr_localImage_13_load_19|        scalar|
|curr_localImage_14_load_19  |   in|   32|     ap_none|             curr_localImage_14_load_19|        scalar|
|curr_localImage_15_load_19  |   in|   32|     ap_none|             curr_localImage_15_load_19|        scalar|
|curr_localImage_16_load_19  |   in|   32|     ap_none|             curr_localImage_16_load_19|        scalar|
|curr_localImage_17_load_19  |   in|   32|     ap_none|             curr_localImage_17_load_19|        scalar|
|curr_localImage_18_load_19  |   in|   32|     ap_none|             curr_localImage_18_load_19|        scalar|
|curr_localImage_19_load_19  |   in|   32|     ap_none|             curr_localImage_19_load_19|        scalar|
|curr_localImage_20_load_19  |   in|   32|     ap_none|             curr_localImage_20_load_19|        scalar|
|curr_localImage_21_load_19  |   in|   32|     ap_none|             curr_localImage_21_load_19|        scalar|
|curr_localImage_22_load_19  |   in|   32|     ap_none|             curr_localImage_22_load_19|        scalar|
|curr_localImage_23_load_19  |   in|   32|     ap_none|             curr_localImage_23_load_19|        scalar|
|curr_localImage_24_load_19  |   in|   32|     ap_none|             curr_localImage_24_load_19|        scalar|
|curr_localImage_25_load_19  |   in|   32|     ap_none|             curr_localImage_25_load_19|        scalar|
|curr_localImage_26_load_19  |   in|   32|     ap_none|             curr_localImage_26_load_19|        scalar|
|curr_localImage_27_load_19  |   in|   32|     ap_none|             curr_localImage_27_load_19|        scalar|
|curr_localImage_28_load_19  |   in|   32|     ap_none|             curr_localImage_28_load_19|        scalar|
|curr_localImage_29_load_19  |   in|   32|     ap_none|             curr_localImage_29_load_19|        scalar|
|curr_localImage_30_load_19  |   in|   32|     ap_none|             curr_localImage_30_load_19|        scalar|
|curr_fullImage_0_load_20    |   in|   32|     ap_none|               curr_fullImage_0_load_20|        scalar|
|curr_fullImage_1_load_20    |   in|   32|     ap_none|               curr_fullImage_1_load_20|        scalar|
|curr_fullImage_2_load_20    |   in|   32|     ap_none|               curr_fullImage_2_load_20|        scalar|
|curr_fullImage_3_load_20    |   in|   32|     ap_none|               curr_fullImage_3_load_20|        scalar|
|curr_fullImage_4_load_20    |   in|   32|     ap_none|               curr_fullImage_4_load_20|        scalar|
|curr_fullImage_5_load_20    |   in|   32|     ap_none|               curr_fullImage_5_load_20|        scalar|
|curr_fullImage_6_load_20    |   in|   32|     ap_none|               curr_fullImage_6_load_20|        scalar|
|curr_fullImage_7_load_20    |   in|   32|     ap_none|               curr_fullImage_7_load_20|        scalar|
|curr_fullImage_8_load_20    |   in|   32|     ap_none|               curr_fullImage_8_load_20|        scalar|
|curr_fullImage_9_load_20    |   in|   32|     ap_none|               curr_fullImage_9_load_20|        scalar|
|curr_fullImage_10_load_20   |   in|   32|     ap_none|              curr_fullImage_10_load_20|        scalar|
|curr_fullImage_11_load_20   |   in|   32|     ap_none|              curr_fullImage_11_load_20|        scalar|
|curr_fullImage_12_load_20   |   in|   32|     ap_none|              curr_fullImage_12_load_20|        scalar|
|curr_fullImage_13_load_20   |   in|   32|     ap_none|              curr_fullImage_13_load_20|        scalar|
|curr_fullImage_14_load_20   |   in|   32|     ap_none|              curr_fullImage_14_load_20|        scalar|
|curr_fullImage_15_load_20   |   in|   32|     ap_none|              curr_fullImage_15_load_20|        scalar|
|curr_fullImage_16_load_20   |   in|   32|     ap_none|              curr_fullImage_16_load_20|        scalar|
|curr_fullImage_17_load_20   |   in|   32|     ap_none|              curr_fullImage_17_load_20|        scalar|
|curr_fullImage_18_load_20   |   in|   32|     ap_none|              curr_fullImage_18_load_20|        scalar|
|curr_fullImage_19_load_20   |   in|   32|     ap_none|              curr_fullImage_19_load_20|        scalar|
|curr_fullImage_20_load_20   |   in|   32|     ap_none|              curr_fullImage_20_load_20|        scalar|
|curr_fullImage_21_load_20   |   in|   32|     ap_none|              curr_fullImage_21_load_20|        scalar|
|curr_fullImage_22_load_20   |   in|   32|     ap_none|              curr_fullImage_22_load_20|        scalar|
|curr_fullImage_23_load_20   |   in|   32|     ap_none|              curr_fullImage_23_load_20|        scalar|
|curr_fullImage_24_load_20   |   in|   32|     ap_none|              curr_fullImage_24_load_20|        scalar|
|curr_fullImage_25_load_20   |   in|   32|     ap_none|              curr_fullImage_25_load_20|        scalar|
|curr_fullImage_26_load_20   |   in|   32|     ap_none|              curr_fullImage_26_load_20|        scalar|
|curr_fullImage_27_load_20   |   in|   32|     ap_none|              curr_fullImage_27_load_20|        scalar|
|curr_fullImage_28_load_20   |   in|   32|     ap_none|              curr_fullImage_28_load_20|        scalar|
|curr_fullImage_29_load_20   |   in|   32|     ap_none|              curr_fullImage_29_load_20|        scalar|
|curr_fullImage_30_load_20   |   in|   32|     ap_none|              curr_fullImage_30_load_20|        scalar|
|curr_localImage_0_load_20   |   in|   32|     ap_none|              curr_localImage_0_load_20|        scalar|
|curr_localImage_1_load_20   |   in|   32|     ap_none|              curr_localImage_1_load_20|        scalar|
|curr_localImage_2_load_20   |   in|   32|     ap_none|              curr_localImage_2_load_20|        scalar|
|curr_localImage_3_load_20   |   in|   32|     ap_none|              curr_localImage_3_load_20|        scalar|
|curr_localImage_4_load_20   |   in|   32|     ap_none|              curr_localImage_4_load_20|        scalar|
|curr_localImage_5_load_20   |   in|   32|     ap_none|              curr_localImage_5_load_20|        scalar|
|curr_localImage_6_load_20   |   in|   32|     ap_none|              curr_localImage_6_load_20|        scalar|
|curr_localImage_7_load_20   |   in|   32|     ap_none|              curr_localImage_7_load_20|        scalar|
|curr_localImage_8_load_20   |   in|   32|     ap_none|              curr_localImage_8_load_20|        scalar|
|curr_localImage_9_load_20   |   in|   32|     ap_none|              curr_localImage_9_load_20|        scalar|
|curr_localImage_10_load_20  |   in|   32|     ap_none|             curr_localImage_10_load_20|        scalar|
|curr_localImage_11_load_20  |   in|   32|     ap_none|             curr_localImage_11_load_20|        scalar|
|curr_localImage_12_load_20  |   in|   32|     ap_none|             curr_localImage_12_load_20|        scalar|
|curr_localImage_13_load_20  |   in|   32|     ap_none|             curr_localImage_13_load_20|        scalar|
|curr_localImage_14_load_20  |   in|   32|     ap_none|             curr_localImage_14_load_20|        scalar|
|curr_localImage_15_load_20  |   in|   32|     ap_none|             curr_localImage_15_load_20|        scalar|
|curr_localImage_16_load_20  |   in|   32|     ap_none|             curr_localImage_16_load_20|        scalar|
|curr_localImage_17_load_20  |   in|   32|     ap_none|             curr_localImage_17_load_20|        scalar|
|curr_localImage_18_load_20  |   in|   32|     ap_none|             curr_localImage_18_load_20|        scalar|
|curr_localImage_19_load_20  |   in|   32|     ap_none|             curr_localImage_19_load_20|        scalar|
|curr_localImage_20_load_20  |   in|   32|     ap_none|             curr_localImage_20_load_20|        scalar|
|curr_localImage_21_load_20  |   in|   32|     ap_none|             curr_localImage_21_load_20|        scalar|
|curr_localImage_22_load_20  |   in|   32|     ap_none|             curr_localImage_22_load_20|        scalar|
|curr_localImage_23_load_20  |   in|   32|     ap_none|             curr_localImage_23_load_20|        scalar|
|curr_localImage_24_load_20  |   in|   32|     ap_none|             curr_localImage_24_load_20|        scalar|
|curr_localImage_25_load_20  |   in|   32|     ap_none|             curr_localImage_25_load_20|        scalar|
|curr_localImage_26_load_20  |   in|   32|     ap_none|             curr_localImage_26_load_20|        scalar|
|curr_localImage_27_load_20  |   in|   32|     ap_none|             curr_localImage_27_load_20|        scalar|
|curr_localImage_28_load_20  |   in|   32|     ap_none|             curr_localImage_28_load_20|        scalar|
|curr_localImage_29_load_20  |   in|   32|     ap_none|             curr_localImage_29_load_20|        scalar|
|curr_localImage_30_load_20  |   in|   32|     ap_none|             curr_localImage_30_load_20|        scalar|
|curr_fullImage_0_load_21    |   in|   32|     ap_none|               curr_fullImage_0_load_21|        scalar|
|curr_fullImage_1_load_21    |   in|   32|     ap_none|               curr_fullImage_1_load_21|        scalar|
|curr_fullImage_2_load_21    |   in|   32|     ap_none|               curr_fullImage_2_load_21|        scalar|
|curr_fullImage_3_load_21    |   in|   32|     ap_none|               curr_fullImage_3_load_21|        scalar|
|curr_fullImage_4_load_21    |   in|   32|     ap_none|               curr_fullImage_4_load_21|        scalar|
|curr_fullImage_5_load_21    |   in|   32|     ap_none|               curr_fullImage_5_load_21|        scalar|
|curr_fullImage_6_load_21    |   in|   32|     ap_none|               curr_fullImage_6_load_21|        scalar|
|curr_fullImage_7_load_21    |   in|   32|     ap_none|               curr_fullImage_7_load_21|        scalar|
|curr_fullImage_8_load_21    |   in|   32|     ap_none|               curr_fullImage_8_load_21|        scalar|
|curr_fullImage_9_load_21    |   in|   32|     ap_none|               curr_fullImage_9_load_21|        scalar|
|curr_fullImage_10_load_21   |   in|   32|     ap_none|              curr_fullImage_10_load_21|        scalar|
|curr_fullImage_11_load_21   |   in|   32|     ap_none|              curr_fullImage_11_load_21|        scalar|
|curr_fullImage_12_load_21   |   in|   32|     ap_none|              curr_fullImage_12_load_21|        scalar|
|curr_fullImage_13_load_21   |   in|   32|     ap_none|              curr_fullImage_13_load_21|        scalar|
|curr_fullImage_14_load_21   |   in|   32|     ap_none|              curr_fullImage_14_load_21|        scalar|
|curr_fullImage_15_load_21   |   in|   32|     ap_none|              curr_fullImage_15_load_21|        scalar|
|curr_fullImage_16_load_21   |   in|   32|     ap_none|              curr_fullImage_16_load_21|        scalar|
|curr_fullImage_17_load_21   |   in|   32|     ap_none|              curr_fullImage_17_load_21|        scalar|
|curr_fullImage_18_load_21   |   in|   32|     ap_none|              curr_fullImage_18_load_21|        scalar|
|curr_fullImage_19_load_21   |   in|   32|     ap_none|              curr_fullImage_19_load_21|        scalar|
|curr_fullImage_20_load_21   |   in|   32|     ap_none|              curr_fullImage_20_load_21|        scalar|
|curr_fullImage_21_load_21   |   in|   32|     ap_none|              curr_fullImage_21_load_21|        scalar|
|curr_fullImage_22_load_21   |   in|   32|     ap_none|              curr_fullImage_22_load_21|        scalar|
|curr_fullImage_23_load_21   |   in|   32|     ap_none|              curr_fullImage_23_load_21|        scalar|
|curr_fullImage_24_load_21   |   in|   32|     ap_none|              curr_fullImage_24_load_21|        scalar|
|curr_fullImage_25_load_21   |   in|   32|     ap_none|              curr_fullImage_25_load_21|        scalar|
|curr_fullImage_26_load_21   |   in|   32|     ap_none|              curr_fullImage_26_load_21|        scalar|
|curr_fullImage_27_load_21   |   in|   32|     ap_none|              curr_fullImage_27_load_21|        scalar|
|curr_fullImage_28_load_21   |   in|   32|     ap_none|              curr_fullImage_28_load_21|        scalar|
|curr_fullImage_29_load_21   |   in|   32|     ap_none|              curr_fullImage_29_load_21|        scalar|
|curr_fullImage_30_load_21   |   in|   32|     ap_none|              curr_fullImage_30_load_21|        scalar|
|curr_localImage_0_load_21   |   in|   32|     ap_none|              curr_localImage_0_load_21|        scalar|
|curr_localImage_1_load_21   |   in|   32|     ap_none|              curr_localImage_1_load_21|        scalar|
|curr_localImage_2_load_21   |   in|   32|     ap_none|              curr_localImage_2_load_21|        scalar|
|curr_localImage_3_load_21   |   in|   32|     ap_none|              curr_localImage_3_load_21|        scalar|
|curr_localImage_4_load_21   |   in|   32|     ap_none|              curr_localImage_4_load_21|        scalar|
|curr_localImage_5_load_21   |   in|   32|     ap_none|              curr_localImage_5_load_21|        scalar|
|curr_localImage_6_load_21   |   in|   32|     ap_none|              curr_localImage_6_load_21|        scalar|
|curr_localImage_7_load_21   |   in|   32|     ap_none|              curr_localImage_7_load_21|        scalar|
|curr_localImage_8_load_21   |   in|   32|     ap_none|              curr_localImage_8_load_21|        scalar|
|curr_localImage_9_load_21   |   in|   32|     ap_none|              curr_localImage_9_load_21|        scalar|
|curr_localImage_10_load_21  |   in|   32|     ap_none|             curr_localImage_10_load_21|        scalar|
|curr_localImage_11_load_21  |   in|   32|     ap_none|             curr_localImage_11_load_21|        scalar|
|curr_localImage_12_load_21  |   in|   32|     ap_none|             curr_localImage_12_load_21|        scalar|
|curr_localImage_13_load_21  |   in|   32|     ap_none|             curr_localImage_13_load_21|        scalar|
|curr_localImage_14_load_21  |   in|   32|     ap_none|             curr_localImage_14_load_21|        scalar|
|curr_localImage_15_load_21  |   in|   32|     ap_none|             curr_localImage_15_load_21|        scalar|
|curr_localImage_16_load_21  |   in|   32|     ap_none|             curr_localImage_16_load_21|        scalar|
|curr_localImage_17_load_21  |   in|   32|     ap_none|             curr_localImage_17_load_21|        scalar|
|curr_localImage_18_load_21  |   in|   32|     ap_none|             curr_localImage_18_load_21|        scalar|
|curr_localImage_19_load_21  |   in|   32|     ap_none|             curr_localImage_19_load_21|        scalar|
|curr_localImage_20_load_21  |   in|   32|     ap_none|             curr_localImage_20_load_21|        scalar|
|curr_localImage_21_load_21  |   in|   32|     ap_none|             curr_localImage_21_load_21|        scalar|
|curr_localImage_22_load_21  |   in|   32|     ap_none|             curr_localImage_22_load_21|        scalar|
|curr_localImage_23_load_21  |   in|   32|     ap_none|             curr_localImage_23_load_21|        scalar|
|curr_localImage_24_load_21  |   in|   32|     ap_none|             curr_localImage_24_load_21|        scalar|
|curr_localImage_25_load_21  |   in|   32|     ap_none|             curr_localImage_25_load_21|        scalar|
|curr_localImage_26_load_21  |   in|   32|     ap_none|             curr_localImage_26_load_21|        scalar|
|curr_localImage_27_load_21  |   in|   32|     ap_none|             curr_localImage_27_load_21|        scalar|
|curr_localImage_28_load_21  |   in|   32|     ap_none|             curr_localImage_28_load_21|        scalar|
|curr_localImage_29_load_21  |   in|   32|     ap_none|             curr_localImage_29_load_21|        scalar|
|curr_localImage_30_load_21  |   in|   32|     ap_none|             curr_localImage_30_load_21|        scalar|
|curr_fullImage_0_load_22    |   in|   32|     ap_none|               curr_fullImage_0_load_22|        scalar|
|curr_fullImage_1_load_22    |   in|   32|     ap_none|               curr_fullImage_1_load_22|        scalar|
|curr_fullImage_2_load_22    |   in|   32|     ap_none|               curr_fullImage_2_load_22|        scalar|
|curr_fullImage_3_load_22    |   in|   32|     ap_none|               curr_fullImage_3_load_22|        scalar|
|curr_fullImage_4_load_22    |   in|   32|     ap_none|               curr_fullImage_4_load_22|        scalar|
|curr_fullImage_5_load_22    |   in|   32|     ap_none|               curr_fullImage_5_load_22|        scalar|
|curr_fullImage_6_load_22    |   in|   32|     ap_none|               curr_fullImage_6_load_22|        scalar|
|curr_fullImage_7_load_22    |   in|   32|     ap_none|               curr_fullImage_7_load_22|        scalar|
|curr_fullImage_8_load_22    |   in|   32|     ap_none|               curr_fullImage_8_load_22|        scalar|
|curr_fullImage_9_load_22    |   in|   32|     ap_none|               curr_fullImage_9_load_22|        scalar|
|curr_fullImage_10_load_22   |   in|   32|     ap_none|              curr_fullImage_10_load_22|        scalar|
|curr_fullImage_11_load_22   |   in|   32|     ap_none|              curr_fullImage_11_load_22|        scalar|
|curr_fullImage_12_load_22   |   in|   32|     ap_none|              curr_fullImage_12_load_22|        scalar|
|curr_fullImage_13_load_22   |   in|   32|     ap_none|              curr_fullImage_13_load_22|        scalar|
|curr_fullImage_14_load_22   |   in|   32|     ap_none|              curr_fullImage_14_load_22|        scalar|
|curr_fullImage_15_load_22   |   in|   32|     ap_none|              curr_fullImage_15_load_22|        scalar|
|curr_fullImage_16_load_22   |   in|   32|     ap_none|              curr_fullImage_16_load_22|        scalar|
|curr_fullImage_17_load_22   |   in|   32|     ap_none|              curr_fullImage_17_load_22|        scalar|
|curr_fullImage_18_load_22   |   in|   32|     ap_none|              curr_fullImage_18_load_22|        scalar|
|curr_fullImage_19_load_22   |   in|   32|     ap_none|              curr_fullImage_19_load_22|        scalar|
|curr_fullImage_20_load_22   |   in|   32|     ap_none|              curr_fullImage_20_load_22|        scalar|
|curr_fullImage_21_load_22   |   in|   32|     ap_none|              curr_fullImage_21_load_22|        scalar|
|curr_fullImage_22_load_22   |   in|   32|     ap_none|              curr_fullImage_22_load_22|        scalar|
|curr_fullImage_23_load_22   |   in|   32|     ap_none|              curr_fullImage_23_load_22|        scalar|
|curr_fullImage_24_load_22   |   in|   32|     ap_none|              curr_fullImage_24_load_22|        scalar|
|curr_fullImage_25_load_22   |   in|   32|     ap_none|              curr_fullImage_25_load_22|        scalar|
|curr_fullImage_26_load_22   |   in|   32|     ap_none|              curr_fullImage_26_load_22|        scalar|
|curr_fullImage_27_load_22   |   in|   32|     ap_none|              curr_fullImage_27_load_22|        scalar|
|curr_fullImage_28_load_22   |   in|   32|     ap_none|              curr_fullImage_28_load_22|        scalar|
|curr_fullImage_29_load_22   |   in|   32|     ap_none|              curr_fullImage_29_load_22|        scalar|
|curr_fullImage_30_load_22   |   in|   32|     ap_none|              curr_fullImage_30_load_22|        scalar|
|curr_localImage_0_load_22   |   in|   32|     ap_none|              curr_localImage_0_load_22|        scalar|
|curr_localImage_1_load_22   |   in|   32|     ap_none|              curr_localImage_1_load_22|        scalar|
|curr_localImage_2_load_22   |   in|   32|     ap_none|              curr_localImage_2_load_22|        scalar|
|curr_localImage_3_load_22   |   in|   32|     ap_none|              curr_localImage_3_load_22|        scalar|
|curr_localImage_4_load_22   |   in|   32|     ap_none|              curr_localImage_4_load_22|        scalar|
|curr_localImage_5_load_22   |   in|   32|     ap_none|              curr_localImage_5_load_22|        scalar|
|curr_localImage_6_load_22   |   in|   32|     ap_none|              curr_localImage_6_load_22|        scalar|
|curr_localImage_7_load_22   |   in|   32|     ap_none|              curr_localImage_7_load_22|        scalar|
|curr_localImage_8_load_22   |   in|   32|     ap_none|              curr_localImage_8_load_22|        scalar|
|curr_localImage_9_load_22   |   in|   32|     ap_none|              curr_localImage_9_load_22|        scalar|
|curr_localImage_10_load_22  |   in|   32|     ap_none|             curr_localImage_10_load_22|        scalar|
|curr_localImage_11_load_22  |   in|   32|     ap_none|             curr_localImage_11_load_22|        scalar|
|curr_localImage_12_load_22  |   in|   32|     ap_none|             curr_localImage_12_load_22|        scalar|
|curr_localImage_13_load_22  |   in|   32|     ap_none|             curr_localImage_13_load_22|        scalar|
|curr_localImage_14_load_22  |   in|   32|     ap_none|             curr_localImage_14_load_22|        scalar|
|curr_localImage_15_load_22  |   in|   32|     ap_none|             curr_localImage_15_load_22|        scalar|
|curr_localImage_16_load_22  |   in|   32|     ap_none|             curr_localImage_16_load_22|        scalar|
|curr_localImage_17_load_22  |   in|   32|     ap_none|             curr_localImage_17_load_22|        scalar|
|curr_localImage_18_load_22  |   in|   32|     ap_none|             curr_localImage_18_load_22|        scalar|
|curr_localImage_19_load_22  |   in|   32|     ap_none|             curr_localImage_19_load_22|        scalar|
|curr_localImage_20_load_22  |   in|   32|     ap_none|             curr_localImage_20_load_22|        scalar|
|curr_localImage_21_load_22  |   in|   32|     ap_none|             curr_localImage_21_load_22|        scalar|
|curr_localImage_22_load_22  |   in|   32|     ap_none|             curr_localImage_22_load_22|        scalar|
|curr_localImage_23_load_22  |   in|   32|     ap_none|             curr_localImage_23_load_22|        scalar|
|curr_localImage_24_load_22  |   in|   32|     ap_none|             curr_localImage_24_load_22|        scalar|
|curr_localImage_25_load_22  |   in|   32|     ap_none|             curr_localImage_25_load_22|        scalar|
|curr_localImage_26_load_22  |   in|   32|     ap_none|             curr_localImage_26_load_22|        scalar|
|curr_localImage_27_load_22  |   in|   32|     ap_none|             curr_localImage_27_load_22|        scalar|
|curr_localImage_28_load_22  |   in|   32|     ap_none|             curr_localImage_28_load_22|        scalar|
|curr_localImage_29_load_22  |   in|   32|     ap_none|             curr_localImage_29_load_22|        scalar|
|curr_localImage_30_load_22  |   in|   32|     ap_none|             curr_localImage_30_load_22|        scalar|
|curr_fullImage_0_load_23    |   in|   32|     ap_none|               curr_fullImage_0_load_23|        scalar|
|curr_fullImage_1_load_23    |   in|   32|     ap_none|               curr_fullImage_1_load_23|        scalar|
|curr_fullImage_2_load_23    |   in|   32|     ap_none|               curr_fullImage_2_load_23|        scalar|
|curr_fullImage_3_load_23    |   in|   32|     ap_none|               curr_fullImage_3_load_23|        scalar|
|curr_fullImage_4_load_23    |   in|   32|     ap_none|               curr_fullImage_4_load_23|        scalar|
|curr_fullImage_5_load_23    |   in|   32|     ap_none|               curr_fullImage_5_load_23|        scalar|
|curr_fullImage_6_load_23    |   in|   32|     ap_none|               curr_fullImage_6_load_23|        scalar|
|curr_fullImage_7_load_23    |   in|   32|     ap_none|               curr_fullImage_7_load_23|        scalar|
|curr_fullImage_8_load_23    |   in|   32|     ap_none|               curr_fullImage_8_load_23|        scalar|
|curr_fullImage_9_load_23    |   in|   32|     ap_none|               curr_fullImage_9_load_23|        scalar|
|curr_fullImage_10_load_23   |   in|   32|     ap_none|              curr_fullImage_10_load_23|        scalar|
|curr_fullImage_11_load_23   |   in|   32|     ap_none|              curr_fullImage_11_load_23|        scalar|
|curr_fullImage_12_load_23   |   in|   32|     ap_none|              curr_fullImage_12_load_23|        scalar|
|curr_fullImage_13_load_23   |   in|   32|     ap_none|              curr_fullImage_13_load_23|        scalar|
|curr_fullImage_14_load_23   |   in|   32|     ap_none|              curr_fullImage_14_load_23|        scalar|
|curr_fullImage_15_load_23   |   in|   32|     ap_none|              curr_fullImage_15_load_23|        scalar|
|curr_fullImage_16_load_23   |   in|   32|     ap_none|              curr_fullImage_16_load_23|        scalar|
|curr_fullImage_17_load_23   |   in|   32|     ap_none|              curr_fullImage_17_load_23|        scalar|
|curr_fullImage_18_load_23   |   in|   32|     ap_none|              curr_fullImage_18_load_23|        scalar|
|curr_fullImage_19_load_23   |   in|   32|     ap_none|              curr_fullImage_19_load_23|        scalar|
|curr_fullImage_20_load_23   |   in|   32|     ap_none|              curr_fullImage_20_load_23|        scalar|
|curr_fullImage_21_load_23   |   in|   32|     ap_none|              curr_fullImage_21_load_23|        scalar|
|curr_fullImage_22_load_23   |   in|   32|     ap_none|              curr_fullImage_22_load_23|        scalar|
|curr_fullImage_23_load_23   |   in|   32|     ap_none|              curr_fullImage_23_load_23|        scalar|
|curr_fullImage_24_load_23   |   in|   32|     ap_none|              curr_fullImage_24_load_23|        scalar|
|curr_fullImage_25_load_23   |   in|   32|     ap_none|              curr_fullImage_25_load_23|        scalar|
|curr_fullImage_26_load_23   |   in|   32|     ap_none|              curr_fullImage_26_load_23|        scalar|
|curr_fullImage_27_load_23   |   in|   32|     ap_none|              curr_fullImage_27_load_23|        scalar|
|curr_fullImage_28_load_23   |   in|   32|     ap_none|              curr_fullImage_28_load_23|        scalar|
|curr_fullImage_29_load_23   |   in|   32|     ap_none|              curr_fullImage_29_load_23|        scalar|
|curr_fullImage_30_load_23   |   in|   32|     ap_none|              curr_fullImage_30_load_23|        scalar|
|curr_localImage_0_load_23   |   in|   32|     ap_none|              curr_localImage_0_load_23|        scalar|
|curr_localImage_1_load_23   |   in|   32|     ap_none|              curr_localImage_1_load_23|        scalar|
|curr_localImage_2_load_23   |   in|   32|     ap_none|              curr_localImage_2_load_23|        scalar|
|curr_localImage_3_load_23   |   in|   32|     ap_none|              curr_localImage_3_load_23|        scalar|
|curr_localImage_4_load_23   |   in|   32|     ap_none|              curr_localImage_4_load_23|        scalar|
|curr_localImage_5_load_23   |   in|   32|     ap_none|              curr_localImage_5_load_23|        scalar|
|curr_localImage_6_load_23   |   in|   32|     ap_none|              curr_localImage_6_load_23|        scalar|
|curr_localImage_7_load_23   |   in|   32|     ap_none|              curr_localImage_7_load_23|        scalar|
|curr_localImage_8_load_23   |   in|   32|     ap_none|              curr_localImage_8_load_23|        scalar|
|curr_localImage_9_load_23   |   in|   32|     ap_none|              curr_localImage_9_load_23|        scalar|
|curr_localImage_10_load_23  |   in|   32|     ap_none|             curr_localImage_10_load_23|        scalar|
|curr_localImage_11_load_23  |   in|   32|     ap_none|             curr_localImage_11_load_23|        scalar|
|curr_localImage_12_load_23  |   in|   32|     ap_none|             curr_localImage_12_load_23|        scalar|
|curr_localImage_13_load_23  |   in|   32|     ap_none|             curr_localImage_13_load_23|        scalar|
|curr_localImage_14_load_23  |   in|   32|     ap_none|             curr_localImage_14_load_23|        scalar|
|curr_localImage_15_load_23  |   in|   32|     ap_none|             curr_localImage_15_load_23|        scalar|
|curr_localImage_16_load_23  |   in|   32|     ap_none|             curr_localImage_16_load_23|        scalar|
|curr_localImage_17_load_23  |   in|   32|     ap_none|             curr_localImage_17_load_23|        scalar|
|curr_localImage_18_load_23  |   in|   32|     ap_none|             curr_localImage_18_load_23|        scalar|
|curr_localImage_19_load_23  |   in|   32|     ap_none|             curr_localImage_19_load_23|        scalar|
|curr_localImage_20_load_23  |   in|   32|     ap_none|             curr_localImage_20_load_23|        scalar|
|curr_localImage_21_load_23  |   in|   32|     ap_none|             curr_localImage_21_load_23|        scalar|
|curr_localImage_22_load_23  |   in|   32|     ap_none|             curr_localImage_22_load_23|        scalar|
|curr_localImage_23_load_23  |   in|   32|     ap_none|             curr_localImage_23_load_23|        scalar|
|curr_localImage_24_load_23  |   in|   32|     ap_none|             curr_localImage_24_load_23|        scalar|
|curr_localImage_25_load_23  |   in|   32|     ap_none|             curr_localImage_25_load_23|        scalar|
|curr_localImage_26_load_23  |   in|   32|     ap_none|             curr_localImage_26_load_23|        scalar|
|curr_localImage_27_load_23  |   in|   32|     ap_none|             curr_localImage_27_load_23|        scalar|
|curr_localImage_28_load_23  |   in|   32|     ap_none|             curr_localImage_28_load_23|        scalar|
|curr_localImage_29_load_23  |   in|   32|     ap_none|             curr_localImage_29_load_23|        scalar|
|curr_localImage_30_load_23  |   in|   32|     ap_none|             curr_localImage_30_load_23|        scalar|
|curr_fullImage_0_load_24    |   in|   32|     ap_none|               curr_fullImage_0_load_24|        scalar|
|curr_fullImage_1_load_24    |   in|   32|     ap_none|               curr_fullImage_1_load_24|        scalar|
|curr_fullImage_2_load_24    |   in|   32|     ap_none|               curr_fullImage_2_load_24|        scalar|
|curr_fullImage_3_load_24    |   in|   32|     ap_none|               curr_fullImage_3_load_24|        scalar|
|curr_fullImage_4_load_24    |   in|   32|     ap_none|               curr_fullImage_4_load_24|        scalar|
|curr_fullImage_5_load_24    |   in|   32|     ap_none|               curr_fullImage_5_load_24|        scalar|
|curr_fullImage_6_load_24    |   in|   32|     ap_none|               curr_fullImage_6_load_24|        scalar|
|curr_fullImage_7_load_24    |   in|   32|     ap_none|               curr_fullImage_7_load_24|        scalar|
|curr_fullImage_8_load_24    |   in|   32|     ap_none|               curr_fullImage_8_load_24|        scalar|
|curr_fullImage_9_load_24    |   in|   32|     ap_none|               curr_fullImage_9_load_24|        scalar|
|curr_fullImage_10_load_24   |   in|   32|     ap_none|              curr_fullImage_10_load_24|        scalar|
|curr_fullImage_11_load_24   |   in|   32|     ap_none|              curr_fullImage_11_load_24|        scalar|
|curr_fullImage_12_load_24   |   in|   32|     ap_none|              curr_fullImage_12_load_24|        scalar|
|curr_fullImage_13_load_24   |   in|   32|     ap_none|              curr_fullImage_13_load_24|        scalar|
|curr_fullImage_14_load_24   |   in|   32|     ap_none|              curr_fullImage_14_load_24|        scalar|
|curr_fullImage_15_load_24   |   in|   32|     ap_none|              curr_fullImage_15_load_24|        scalar|
|curr_fullImage_16_load_24   |   in|   32|     ap_none|              curr_fullImage_16_load_24|        scalar|
|curr_fullImage_17_load_24   |   in|   32|     ap_none|              curr_fullImage_17_load_24|        scalar|
|curr_fullImage_18_load_24   |   in|   32|     ap_none|              curr_fullImage_18_load_24|        scalar|
|curr_fullImage_19_load_24   |   in|   32|     ap_none|              curr_fullImage_19_load_24|        scalar|
|curr_fullImage_20_load_24   |   in|   32|     ap_none|              curr_fullImage_20_load_24|        scalar|
|curr_fullImage_21_load_24   |   in|   32|     ap_none|              curr_fullImage_21_load_24|        scalar|
|curr_fullImage_22_load_24   |   in|   32|     ap_none|              curr_fullImage_22_load_24|        scalar|
|curr_fullImage_23_load_24   |   in|   32|     ap_none|              curr_fullImage_23_load_24|        scalar|
|curr_fullImage_24_load_24   |   in|   32|     ap_none|              curr_fullImage_24_load_24|        scalar|
|curr_fullImage_25_load_24   |   in|   32|     ap_none|              curr_fullImage_25_load_24|        scalar|
|curr_fullImage_26_load_24   |   in|   32|     ap_none|              curr_fullImage_26_load_24|        scalar|
|curr_fullImage_27_load_24   |   in|   32|     ap_none|              curr_fullImage_27_load_24|        scalar|
|curr_fullImage_28_load_24   |   in|   32|     ap_none|              curr_fullImage_28_load_24|        scalar|
|curr_fullImage_29_load_24   |   in|   32|     ap_none|              curr_fullImage_29_load_24|        scalar|
|curr_fullImage_30_load_24   |   in|   32|     ap_none|              curr_fullImage_30_load_24|        scalar|
|curr_localImage_0_load_24   |   in|   32|     ap_none|              curr_localImage_0_load_24|        scalar|
|curr_localImage_1_load_24   |   in|   32|     ap_none|              curr_localImage_1_load_24|        scalar|
|curr_localImage_2_load_24   |   in|   32|     ap_none|              curr_localImage_2_load_24|        scalar|
|curr_localImage_3_load_24   |   in|   32|     ap_none|              curr_localImage_3_load_24|        scalar|
|curr_localImage_4_load_24   |   in|   32|     ap_none|              curr_localImage_4_load_24|        scalar|
|curr_localImage_5_load_24   |   in|   32|     ap_none|              curr_localImage_5_load_24|        scalar|
|curr_localImage_6_load_24   |   in|   32|     ap_none|              curr_localImage_6_load_24|        scalar|
|curr_localImage_7_load_24   |   in|   32|     ap_none|              curr_localImage_7_load_24|        scalar|
|curr_localImage_8_load_24   |   in|   32|     ap_none|              curr_localImage_8_load_24|        scalar|
|curr_localImage_9_load_24   |   in|   32|     ap_none|              curr_localImage_9_load_24|        scalar|
|curr_localImage_10_load_24  |   in|   32|     ap_none|             curr_localImage_10_load_24|        scalar|
|curr_localImage_11_load_24  |   in|   32|     ap_none|             curr_localImage_11_load_24|        scalar|
|curr_localImage_12_load_24  |   in|   32|     ap_none|             curr_localImage_12_load_24|        scalar|
|curr_localImage_13_load_24  |   in|   32|     ap_none|             curr_localImage_13_load_24|        scalar|
|curr_localImage_14_load_24  |   in|   32|     ap_none|             curr_localImage_14_load_24|        scalar|
|curr_localImage_15_load_24  |   in|   32|     ap_none|             curr_localImage_15_load_24|        scalar|
|curr_localImage_16_load_24  |   in|   32|     ap_none|             curr_localImage_16_load_24|        scalar|
|curr_localImage_17_load_24  |   in|   32|     ap_none|             curr_localImage_17_load_24|        scalar|
|curr_localImage_18_load_24  |   in|   32|     ap_none|             curr_localImage_18_load_24|        scalar|
|curr_localImage_19_load_24  |   in|   32|     ap_none|             curr_localImage_19_load_24|        scalar|
|curr_localImage_20_load_24  |   in|   32|     ap_none|             curr_localImage_20_load_24|        scalar|
|curr_localImage_21_load_24  |   in|   32|     ap_none|             curr_localImage_21_load_24|        scalar|
|curr_localImage_22_load_24  |   in|   32|     ap_none|             curr_localImage_22_load_24|        scalar|
|curr_localImage_23_load_24  |   in|   32|     ap_none|             curr_localImage_23_load_24|        scalar|
|curr_localImage_24_load_24  |   in|   32|     ap_none|             curr_localImage_24_load_24|        scalar|
|curr_localImage_25_load_24  |   in|   32|     ap_none|             curr_localImage_25_load_24|        scalar|
|curr_localImage_26_load_24  |   in|   32|     ap_none|             curr_localImage_26_load_24|        scalar|
|curr_localImage_27_load_24  |   in|   32|     ap_none|             curr_localImage_27_load_24|        scalar|
|curr_localImage_28_load_24  |   in|   32|     ap_none|             curr_localImage_28_load_24|        scalar|
|curr_localImage_29_load_24  |   in|   32|     ap_none|             curr_localImage_29_load_24|        scalar|
|curr_localImage_30_load_24  |   in|   32|     ap_none|             curr_localImage_30_load_24|        scalar|
|curr_fullImage_0_load_25    |   in|   32|     ap_none|               curr_fullImage_0_load_25|        scalar|
|curr_fullImage_1_load_25    |   in|   32|     ap_none|               curr_fullImage_1_load_25|        scalar|
|curr_fullImage_2_load_25    |   in|   32|     ap_none|               curr_fullImage_2_load_25|        scalar|
|curr_fullImage_3_load_25    |   in|   32|     ap_none|               curr_fullImage_3_load_25|        scalar|
|curr_fullImage_4_load_25    |   in|   32|     ap_none|               curr_fullImage_4_load_25|        scalar|
|curr_fullImage_5_load_25    |   in|   32|     ap_none|               curr_fullImage_5_load_25|        scalar|
|curr_fullImage_6_load_25    |   in|   32|     ap_none|               curr_fullImage_6_load_25|        scalar|
|curr_fullImage_7_load_25    |   in|   32|     ap_none|               curr_fullImage_7_load_25|        scalar|
|curr_fullImage_8_load_25    |   in|   32|     ap_none|               curr_fullImage_8_load_25|        scalar|
|curr_fullImage_9_load_25    |   in|   32|     ap_none|               curr_fullImage_9_load_25|        scalar|
|curr_fullImage_10_load_25   |   in|   32|     ap_none|              curr_fullImage_10_load_25|        scalar|
|curr_fullImage_11_load_25   |   in|   32|     ap_none|              curr_fullImage_11_load_25|        scalar|
|curr_fullImage_12_load_25   |   in|   32|     ap_none|              curr_fullImage_12_load_25|        scalar|
|curr_fullImage_13_load_25   |   in|   32|     ap_none|              curr_fullImage_13_load_25|        scalar|
|curr_fullImage_14_load_25   |   in|   32|     ap_none|              curr_fullImage_14_load_25|        scalar|
|curr_fullImage_15_load_25   |   in|   32|     ap_none|              curr_fullImage_15_load_25|        scalar|
|curr_fullImage_16_load_25   |   in|   32|     ap_none|              curr_fullImage_16_load_25|        scalar|
|curr_fullImage_17_load_25   |   in|   32|     ap_none|              curr_fullImage_17_load_25|        scalar|
|curr_fullImage_18_load_25   |   in|   32|     ap_none|              curr_fullImage_18_load_25|        scalar|
|curr_fullImage_19_load_25   |   in|   32|     ap_none|              curr_fullImage_19_load_25|        scalar|
|curr_fullImage_20_load_25   |   in|   32|     ap_none|              curr_fullImage_20_load_25|        scalar|
|curr_fullImage_21_load_25   |   in|   32|     ap_none|              curr_fullImage_21_load_25|        scalar|
|curr_fullImage_22_load_25   |   in|   32|     ap_none|              curr_fullImage_22_load_25|        scalar|
|curr_fullImage_23_load_25   |   in|   32|     ap_none|              curr_fullImage_23_load_25|        scalar|
|curr_fullImage_24_load_25   |   in|   32|     ap_none|              curr_fullImage_24_load_25|        scalar|
|curr_fullImage_25_load_25   |   in|   32|     ap_none|              curr_fullImage_25_load_25|        scalar|
|curr_fullImage_26_load_25   |   in|   32|     ap_none|              curr_fullImage_26_load_25|        scalar|
|curr_fullImage_27_load_25   |   in|   32|     ap_none|              curr_fullImage_27_load_25|        scalar|
|curr_fullImage_28_load_25   |   in|   32|     ap_none|              curr_fullImage_28_load_25|        scalar|
|curr_fullImage_29_load_25   |   in|   32|     ap_none|              curr_fullImage_29_load_25|        scalar|
|curr_fullImage_30_load_25   |   in|   32|     ap_none|              curr_fullImage_30_load_25|        scalar|
|curr_localImage_0_load_25   |   in|   32|     ap_none|              curr_localImage_0_load_25|        scalar|
|curr_localImage_1_load_25   |   in|   32|     ap_none|              curr_localImage_1_load_25|        scalar|
|curr_localImage_2_load_25   |   in|   32|     ap_none|              curr_localImage_2_load_25|        scalar|
|curr_localImage_3_load_25   |   in|   32|     ap_none|              curr_localImage_3_load_25|        scalar|
|curr_localImage_4_load_25   |   in|   32|     ap_none|              curr_localImage_4_load_25|        scalar|
|curr_localImage_5_load_25   |   in|   32|     ap_none|              curr_localImage_5_load_25|        scalar|
|curr_localImage_6_load_25   |   in|   32|     ap_none|              curr_localImage_6_load_25|        scalar|
|curr_localImage_7_load_25   |   in|   32|     ap_none|              curr_localImage_7_load_25|        scalar|
|curr_localImage_8_load_25   |   in|   32|     ap_none|              curr_localImage_8_load_25|        scalar|
|curr_localImage_9_load_25   |   in|   32|     ap_none|              curr_localImage_9_load_25|        scalar|
|curr_localImage_10_load_25  |   in|   32|     ap_none|             curr_localImage_10_load_25|        scalar|
|curr_localImage_11_load_25  |   in|   32|     ap_none|             curr_localImage_11_load_25|        scalar|
|curr_localImage_12_load_25  |   in|   32|     ap_none|             curr_localImage_12_load_25|        scalar|
|curr_localImage_13_load_25  |   in|   32|     ap_none|             curr_localImage_13_load_25|        scalar|
|curr_localImage_14_load_25  |   in|   32|     ap_none|             curr_localImage_14_load_25|        scalar|
|curr_localImage_15_load_25  |   in|   32|     ap_none|             curr_localImage_15_load_25|        scalar|
|curr_localImage_16_load_25  |   in|   32|     ap_none|             curr_localImage_16_load_25|        scalar|
|curr_localImage_17_load_25  |   in|   32|     ap_none|             curr_localImage_17_load_25|        scalar|
|curr_localImage_18_load_25  |   in|   32|     ap_none|             curr_localImage_18_load_25|        scalar|
|curr_localImage_19_load_25  |   in|   32|     ap_none|             curr_localImage_19_load_25|        scalar|
|curr_localImage_20_load_25  |   in|   32|     ap_none|             curr_localImage_20_load_25|        scalar|
|curr_localImage_21_load_25  |   in|   32|     ap_none|             curr_localImage_21_load_25|        scalar|
|curr_localImage_22_load_25  |   in|   32|     ap_none|             curr_localImage_22_load_25|        scalar|
|curr_localImage_23_load_25  |   in|   32|     ap_none|             curr_localImage_23_load_25|        scalar|
|curr_localImage_24_load_25  |   in|   32|     ap_none|             curr_localImage_24_load_25|        scalar|
|curr_localImage_25_load_25  |   in|   32|     ap_none|             curr_localImage_25_load_25|        scalar|
|curr_localImage_26_load_25  |   in|   32|     ap_none|             curr_localImage_26_load_25|        scalar|
|curr_localImage_27_load_25  |   in|   32|     ap_none|             curr_localImage_27_load_25|        scalar|
|curr_localImage_28_load_25  |   in|   32|     ap_none|             curr_localImage_28_load_25|        scalar|
|curr_localImage_29_load_25  |   in|   32|     ap_none|             curr_localImage_29_load_25|        scalar|
|curr_localImage_30_load_25  |   in|   32|     ap_none|             curr_localImage_30_load_25|        scalar|
|curr_fullImage_0_load_26    |   in|   32|     ap_none|               curr_fullImage_0_load_26|        scalar|
|curr_fullImage_1_load_26    |   in|   32|     ap_none|               curr_fullImage_1_load_26|        scalar|
|curr_fullImage_2_load_26    |   in|   32|     ap_none|               curr_fullImage_2_load_26|        scalar|
|curr_fullImage_3_load_26    |   in|   32|     ap_none|               curr_fullImage_3_load_26|        scalar|
|curr_fullImage_4_load_26    |   in|   32|     ap_none|               curr_fullImage_4_load_26|        scalar|
|curr_fullImage_5_load_26    |   in|   32|     ap_none|               curr_fullImage_5_load_26|        scalar|
|curr_fullImage_6_load_26    |   in|   32|     ap_none|               curr_fullImage_6_load_26|        scalar|
|curr_fullImage_7_load_26    |   in|   32|     ap_none|               curr_fullImage_7_load_26|        scalar|
|curr_fullImage_8_load_26    |   in|   32|     ap_none|               curr_fullImage_8_load_26|        scalar|
|curr_fullImage_9_load_26    |   in|   32|     ap_none|               curr_fullImage_9_load_26|        scalar|
|curr_fullImage_10_load_26   |   in|   32|     ap_none|              curr_fullImage_10_load_26|        scalar|
|curr_fullImage_11_load_26   |   in|   32|     ap_none|              curr_fullImage_11_load_26|        scalar|
|curr_fullImage_12_load_26   |   in|   32|     ap_none|              curr_fullImage_12_load_26|        scalar|
|curr_fullImage_13_load_26   |   in|   32|     ap_none|              curr_fullImage_13_load_26|        scalar|
|curr_fullImage_14_load_26   |   in|   32|     ap_none|              curr_fullImage_14_load_26|        scalar|
|curr_fullImage_15_load_26   |   in|   32|     ap_none|              curr_fullImage_15_load_26|        scalar|
|curr_fullImage_16_load_26   |   in|   32|     ap_none|              curr_fullImage_16_load_26|        scalar|
|curr_fullImage_17_load_26   |   in|   32|     ap_none|              curr_fullImage_17_load_26|        scalar|
|curr_fullImage_18_load_26   |   in|   32|     ap_none|              curr_fullImage_18_load_26|        scalar|
|curr_fullImage_19_load_26   |   in|   32|     ap_none|              curr_fullImage_19_load_26|        scalar|
|curr_fullImage_20_load_26   |   in|   32|     ap_none|              curr_fullImage_20_load_26|        scalar|
|curr_fullImage_21_load_26   |   in|   32|     ap_none|              curr_fullImage_21_load_26|        scalar|
|curr_fullImage_22_load_26   |   in|   32|     ap_none|              curr_fullImage_22_load_26|        scalar|
|curr_fullImage_23_load_26   |   in|   32|     ap_none|              curr_fullImage_23_load_26|        scalar|
|curr_fullImage_24_load_26   |   in|   32|     ap_none|              curr_fullImage_24_load_26|        scalar|
|curr_fullImage_25_load_26   |   in|   32|     ap_none|              curr_fullImage_25_load_26|        scalar|
|curr_fullImage_26_load_26   |   in|   32|     ap_none|              curr_fullImage_26_load_26|        scalar|
|curr_fullImage_27_load_26   |   in|   32|     ap_none|              curr_fullImage_27_load_26|        scalar|
|curr_fullImage_28_load_26   |   in|   32|     ap_none|              curr_fullImage_28_load_26|        scalar|
|curr_fullImage_29_load_26   |   in|   32|     ap_none|              curr_fullImage_29_load_26|        scalar|
|curr_fullImage_30_load_26   |   in|   32|     ap_none|              curr_fullImage_30_load_26|        scalar|
|curr_localImage_0_load_26   |   in|   32|     ap_none|              curr_localImage_0_load_26|        scalar|
|curr_localImage_1_load_26   |   in|   32|     ap_none|              curr_localImage_1_load_26|        scalar|
|curr_localImage_2_load_26   |   in|   32|     ap_none|              curr_localImage_2_load_26|        scalar|
|curr_localImage_3_load_26   |   in|   32|     ap_none|              curr_localImage_3_load_26|        scalar|
|curr_localImage_4_load_26   |   in|   32|     ap_none|              curr_localImage_4_load_26|        scalar|
|curr_localImage_5_load_26   |   in|   32|     ap_none|              curr_localImage_5_load_26|        scalar|
|curr_localImage_6_load_26   |   in|   32|     ap_none|              curr_localImage_6_load_26|        scalar|
|curr_localImage_7_load_26   |   in|   32|     ap_none|              curr_localImage_7_load_26|        scalar|
|curr_localImage_8_load_26   |   in|   32|     ap_none|              curr_localImage_8_load_26|        scalar|
|curr_localImage_9_load_26   |   in|   32|     ap_none|              curr_localImage_9_load_26|        scalar|
|curr_localImage_10_load_26  |   in|   32|     ap_none|             curr_localImage_10_load_26|        scalar|
|curr_localImage_11_load_26  |   in|   32|     ap_none|             curr_localImage_11_load_26|        scalar|
|curr_localImage_12_load_26  |   in|   32|     ap_none|             curr_localImage_12_load_26|        scalar|
|curr_localImage_13_load_26  |   in|   32|     ap_none|             curr_localImage_13_load_26|        scalar|
|curr_localImage_14_load_26  |   in|   32|     ap_none|             curr_localImage_14_load_26|        scalar|
|curr_localImage_15_load_26  |   in|   32|     ap_none|             curr_localImage_15_load_26|        scalar|
|curr_localImage_16_load_26  |   in|   32|     ap_none|             curr_localImage_16_load_26|        scalar|
|curr_localImage_17_load_26  |   in|   32|     ap_none|             curr_localImage_17_load_26|        scalar|
|curr_localImage_18_load_26  |   in|   32|     ap_none|             curr_localImage_18_load_26|        scalar|
|curr_localImage_19_load_26  |   in|   32|     ap_none|             curr_localImage_19_load_26|        scalar|
|curr_localImage_20_load_26  |   in|   32|     ap_none|             curr_localImage_20_load_26|        scalar|
|curr_localImage_21_load_26  |   in|   32|     ap_none|             curr_localImage_21_load_26|        scalar|
|curr_localImage_22_load_26  |   in|   32|     ap_none|             curr_localImage_22_load_26|        scalar|
|curr_localImage_23_load_26  |   in|   32|     ap_none|             curr_localImage_23_load_26|        scalar|
|curr_localImage_24_load_26  |   in|   32|     ap_none|             curr_localImage_24_load_26|        scalar|
|curr_localImage_25_load_26  |   in|   32|     ap_none|             curr_localImage_25_load_26|        scalar|
|curr_localImage_26_load_26  |   in|   32|     ap_none|             curr_localImage_26_load_26|        scalar|
|curr_localImage_27_load_26  |   in|   32|     ap_none|             curr_localImage_27_load_26|        scalar|
|curr_localImage_28_load_26  |   in|   32|     ap_none|             curr_localImage_28_load_26|        scalar|
|curr_localImage_29_load_26  |   in|   32|     ap_none|             curr_localImage_29_load_26|        scalar|
|curr_localImage_30_load_26  |   in|   32|     ap_none|             curr_localImage_30_load_26|        scalar|
|curr_fullImage_0_load_27    |   in|   32|     ap_none|               curr_fullImage_0_load_27|        scalar|
|curr_fullImage_1_load_27    |   in|   32|     ap_none|               curr_fullImage_1_load_27|        scalar|
|curr_fullImage_2_load_27    |   in|   32|     ap_none|               curr_fullImage_2_load_27|        scalar|
|curr_fullImage_3_load_27    |   in|   32|     ap_none|               curr_fullImage_3_load_27|        scalar|
|curr_fullImage_4_load_27    |   in|   32|     ap_none|               curr_fullImage_4_load_27|        scalar|
|curr_fullImage_5_load_27    |   in|   32|     ap_none|               curr_fullImage_5_load_27|        scalar|
|curr_fullImage_6_load_27    |   in|   32|     ap_none|               curr_fullImage_6_load_27|        scalar|
|curr_fullImage_7_load_27    |   in|   32|     ap_none|               curr_fullImage_7_load_27|        scalar|
|curr_fullImage_8_load_27    |   in|   32|     ap_none|               curr_fullImage_8_load_27|        scalar|
|curr_fullImage_9_load_27    |   in|   32|     ap_none|               curr_fullImage_9_load_27|        scalar|
|curr_fullImage_10_load_27   |   in|   32|     ap_none|              curr_fullImage_10_load_27|        scalar|
|curr_fullImage_11_load_27   |   in|   32|     ap_none|              curr_fullImage_11_load_27|        scalar|
|curr_fullImage_12_load_27   |   in|   32|     ap_none|              curr_fullImage_12_load_27|        scalar|
|curr_fullImage_13_load_27   |   in|   32|     ap_none|              curr_fullImage_13_load_27|        scalar|
|curr_fullImage_14_load_27   |   in|   32|     ap_none|              curr_fullImage_14_load_27|        scalar|
|curr_fullImage_15_load_27   |   in|   32|     ap_none|              curr_fullImage_15_load_27|        scalar|
|curr_fullImage_16_load_27   |   in|   32|     ap_none|              curr_fullImage_16_load_27|        scalar|
|curr_fullImage_17_load_27   |   in|   32|     ap_none|              curr_fullImage_17_load_27|        scalar|
|curr_fullImage_18_load_27   |   in|   32|     ap_none|              curr_fullImage_18_load_27|        scalar|
|curr_fullImage_19_load_27   |   in|   32|     ap_none|              curr_fullImage_19_load_27|        scalar|
|curr_fullImage_20_load_27   |   in|   32|     ap_none|              curr_fullImage_20_load_27|        scalar|
|curr_fullImage_21_load_27   |   in|   32|     ap_none|              curr_fullImage_21_load_27|        scalar|
|curr_fullImage_22_load_27   |   in|   32|     ap_none|              curr_fullImage_22_load_27|        scalar|
|curr_fullImage_23_load_27   |   in|   32|     ap_none|              curr_fullImage_23_load_27|        scalar|
|curr_fullImage_24_load_27   |   in|   32|     ap_none|              curr_fullImage_24_load_27|        scalar|
|curr_fullImage_25_load_27   |   in|   32|     ap_none|              curr_fullImage_25_load_27|        scalar|
|curr_fullImage_26_load_27   |   in|   32|     ap_none|              curr_fullImage_26_load_27|        scalar|
|curr_fullImage_27_load_27   |   in|   32|     ap_none|              curr_fullImage_27_load_27|        scalar|
|curr_fullImage_28_load_27   |   in|   32|     ap_none|              curr_fullImage_28_load_27|        scalar|
|curr_fullImage_29_load_27   |   in|   32|     ap_none|              curr_fullImage_29_load_27|        scalar|
|curr_fullImage_30_load_27   |   in|   32|     ap_none|              curr_fullImage_30_load_27|        scalar|
|curr_localImage_0_load_27   |   in|   32|     ap_none|              curr_localImage_0_load_27|        scalar|
|curr_localImage_1_load_27   |   in|   32|     ap_none|              curr_localImage_1_load_27|        scalar|
|curr_localImage_2_load_27   |   in|   32|     ap_none|              curr_localImage_2_load_27|        scalar|
|curr_localImage_3_load_27   |   in|   32|     ap_none|              curr_localImage_3_load_27|        scalar|
|curr_localImage_4_load_27   |   in|   32|     ap_none|              curr_localImage_4_load_27|        scalar|
|curr_localImage_5_load_27   |   in|   32|     ap_none|              curr_localImage_5_load_27|        scalar|
|curr_localImage_6_load_27   |   in|   32|     ap_none|              curr_localImage_6_load_27|        scalar|
|curr_localImage_7_load_27   |   in|   32|     ap_none|              curr_localImage_7_load_27|        scalar|
|curr_localImage_8_load_27   |   in|   32|     ap_none|              curr_localImage_8_load_27|        scalar|
|curr_localImage_9_load_27   |   in|   32|     ap_none|              curr_localImage_9_load_27|        scalar|
|curr_localImage_10_load_27  |   in|   32|     ap_none|             curr_localImage_10_load_27|        scalar|
|curr_localImage_11_load_27  |   in|   32|     ap_none|             curr_localImage_11_load_27|        scalar|
|curr_localImage_12_load_27  |   in|   32|     ap_none|             curr_localImage_12_load_27|        scalar|
|curr_localImage_13_load_27  |   in|   32|     ap_none|             curr_localImage_13_load_27|        scalar|
|curr_localImage_14_load_27  |   in|   32|     ap_none|             curr_localImage_14_load_27|        scalar|
|curr_localImage_15_load_27  |   in|   32|     ap_none|             curr_localImage_15_load_27|        scalar|
|curr_localImage_16_load_27  |   in|   32|     ap_none|             curr_localImage_16_load_27|        scalar|
|curr_localImage_17_load_27  |   in|   32|     ap_none|             curr_localImage_17_load_27|        scalar|
|curr_localImage_18_load_27  |   in|   32|     ap_none|             curr_localImage_18_load_27|        scalar|
|curr_localImage_19_load_27  |   in|   32|     ap_none|             curr_localImage_19_load_27|        scalar|
|curr_localImage_20_load_27  |   in|   32|     ap_none|             curr_localImage_20_load_27|        scalar|
|curr_localImage_21_load_27  |   in|   32|     ap_none|             curr_localImage_21_load_27|        scalar|
|curr_localImage_22_load_27  |   in|   32|     ap_none|             curr_localImage_22_load_27|        scalar|
|curr_localImage_23_load_27  |   in|   32|     ap_none|             curr_localImage_23_load_27|        scalar|
|curr_localImage_24_load_27  |   in|   32|     ap_none|             curr_localImage_24_load_27|        scalar|
|curr_localImage_25_load_27  |   in|   32|     ap_none|             curr_localImage_25_load_27|        scalar|
|curr_localImage_26_load_27  |   in|   32|     ap_none|             curr_localImage_26_load_27|        scalar|
|curr_localImage_27_load_27  |   in|   32|     ap_none|             curr_localImage_27_load_27|        scalar|
|curr_localImage_28_load_27  |   in|   32|     ap_none|             curr_localImage_28_load_27|        scalar|
|curr_localImage_29_load_27  |   in|   32|     ap_none|             curr_localImage_29_load_27|        scalar|
|curr_localImage_30_load_27  |   in|   32|     ap_none|             curr_localImage_30_load_27|        scalar|
|curr_fullImage_0_load_28    |   in|   32|     ap_none|               curr_fullImage_0_load_28|        scalar|
|curr_fullImage_1_load_28    |   in|   32|     ap_none|               curr_fullImage_1_load_28|        scalar|
|curr_fullImage_2_load_28    |   in|   32|     ap_none|               curr_fullImage_2_load_28|        scalar|
|curr_fullImage_3_load_28    |   in|   32|     ap_none|               curr_fullImage_3_load_28|        scalar|
|curr_fullImage_4_load_28    |   in|   32|     ap_none|               curr_fullImage_4_load_28|        scalar|
|curr_fullImage_5_load_28    |   in|   32|     ap_none|               curr_fullImage_5_load_28|        scalar|
|curr_fullImage_6_load_28    |   in|   32|     ap_none|               curr_fullImage_6_load_28|        scalar|
|curr_fullImage_7_load_28    |   in|   32|     ap_none|               curr_fullImage_7_load_28|        scalar|
|curr_fullImage_8_load_28    |   in|   32|     ap_none|               curr_fullImage_8_load_28|        scalar|
|curr_fullImage_9_load_28    |   in|   32|     ap_none|               curr_fullImage_9_load_28|        scalar|
|curr_fullImage_10_load_28   |   in|   32|     ap_none|              curr_fullImage_10_load_28|        scalar|
|curr_fullImage_11_load_28   |   in|   32|     ap_none|              curr_fullImage_11_load_28|        scalar|
|curr_fullImage_12_load_28   |   in|   32|     ap_none|              curr_fullImage_12_load_28|        scalar|
|curr_fullImage_13_load_28   |   in|   32|     ap_none|              curr_fullImage_13_load_28|        scalar|
|curr_fullImage_14_load_28   |   in|   32|     ap_none|              curr_fullImage_14_load_28|        scalar|
|curr_fullImage_15_load_28   |   in|   32|     ap_none|              curr_fullImage_15_load_28|        scalar|
|curr_fullImage_16_load_28   |   in|   32|     ap_none|              curr_fullImage_16_load_28|        scalar|
|curr_fullImage_17_load_28   |   in|   32|     ap_none|              curr_fullImage_17_load_28|        scalar|
|curr_fullImage_18_load_28   |   in|   32|     ap_none|              curr_fullImage_18_load_28|        scalar|
|curr_fullImage_19_load_28   |   in|   32|     ap_none|              curr_fullImage_19_load_28|        scalar|
|curr_fullImage_20_load_28   |   in|   32|     ap_none|              curr_fullImage_20_load_28|        scalar|
|curr_fullImage_21_load_28   |   in|   32|     ap_none|              curr_fullImage_21_load_28|        scalar|
|curr_fullImage_22_load_28   |   in|   32|     ap_none|              curr_fullImage_22_load_28|        scalar|
|curr_fullImage_23_load_28   |   in|   32|     ap_none|              curr_fullImage_23_load_28|        scalar|
|curr_fullImage_24_load_28   |   in|   32|     ap_none|              curr_fullImage_24_load_28|        scalar|
|curr_fullImage_25_load_28   |   in|   32|     ap_none|              curr_fullImage_25_load_28|        scalar|
|curr_fullImage_26_load_28   |   in|   32|     ap_none|              curr_fullImage_26_load_28|        scalar|
|curr_fullImage_27_load_28   |   in|   32|     ap_none|              curr_fullImage_27_load_28|        scalar|
|curr_fullImage_28_load_28   |   in|   32|     ap_none|              curr_fullImage_28_load_28|        scalar|
|curr_fullImage_29_load_28   |   in|   32|     ap_none|              curr_fullImage_29_load_28|        scalar|
|curr_fullImage_30_load_28   |   in|   32|     ap_none|              curr_fullImage_30_load_28|        scalar|
|curr_localImage_0_load_28   |   in|   32|     ap_none|              curr_localImage_0_load_28|        scalar|
|curr_localImage_1_load_28   |   in|   32|     ap_none|              curr_localImage_1_load_28|        scalar|
|curr_localImage_2_load_28   |   in|   32|     ap_none|              curr_localImage_2_load_28|        scalar|
|curr_localImage_3_load_28   |   in|   32|     ap_none|              curr_localImage_3_load_28|        scalar|
|curr_localImage_4_load_28   |   in|   32|     ap_none|              curr_localImage_4_load_28|        scalar|
|curr_localImage_5_load_28   |   in|   32|     ap_none|              curr_localImage_5_load_28|        scalar|
|curr_localImage_6_load_28   |   in|   32|     ap_none|              curr_localImage_6_load_28|        scalar|
|curr_localImage_7_load_28   |   in|   32|     ap_none|              curr_localImage_7_load_28|        scalar|
|curr_localImage_8_load_28   |   in|   32|     ap_none|              curr_localImage_8_load_28|        scalar|
|curr_localImage_9_load_28   |   in|   32|     ap_none|              curr_localImage_9_load_28|        scalar|
|curr_localImage_10_load_28  |   in|   32|     ap_none|             curr_localImage_10_load_28|        scalar|
|curr_localImage_11_load_28  |   in|   32|     ap_none|             curr_localImage_11_load_28|        scalar|
|curr_localImage_12_load_28  |   in|   32|     ap_none|             curr_localImage_12_load_28|        scalar|
|curr_localImage_13_load_28  |   in|   32|     ap_none|             curr_localImage_13_load_28|        scalar|
|curr_localImage_14_load_28  |   in|   32|     ap_none|             curr_localImage_14_load_28|        scalar|
|curr_localImage_15_load_28  |   in|   32|     ap_none|             curr_localImage_15_load_28|        scalar|
|curr_localImage_16_load_28  |   in|   32|     ap_none|             curr_localImage_16_load_28|        scalar|
|curr_localImage_17_load_28  |   in|   32|     ap_none|             curr_localImage_17_load_28|        scalar|
|curr_localImage_18_load_28  |   in|   32|     ap_none|             curr_localImage_18_load_28|        scalar|
|curr_localImage_19_load_28  |   in|   32|     ap_none|             curr_localImage_19_load_28|        scalar|
|curr_localImage_20_load_28  |   in|   32|     ap_none|             curr_localImage_20_load_28|        scalar|
|curr_localImage_21_load_28  |   in|   32|     ap_none|             curr_localImage_21_load_28|        scalar|
|curr_localImage_22_load_28  |   in|   32|     ap_none|             curr_localImage_22_load_28|        scalar|
|curr_localImage_23_load_28  |   in|   32|     ap_none|             curr_localImage_23_load_28|        scalar|
|curr_localImage_24_load_28  |   in|   32|     ap_none|             curr_localImage_24_load_28|        scalar|
|curr_localImage_25_load_28  |   in|   32|     ap_none|             curr_localImage_25_load_28|        scalar|
|curr_localImage_26_load_28  |   in|   32|     ap_none|             curr_localImage_26_load_28|        scalar|
|curr_localImage_27_load_28  |   in|   32|     ap_none|             curr_localImage_27_load_28|        scalar|
|curr_localImage_28_load_28  |   in|   32|     ap_none|             curr_localImage_28_load_28|        scalar|
|curr_localImage_29_load_28  |   in|   32|     ap_none|             curr_localImage_29_load_28|        scalar|
|curr_localImage_30_load_28  |   in|   32|     ap_none|             curr_localImage_30_load_28|        scalar|
|curr_fullImage_0_load_29    |   in|   32|     ap_none|               curr_fullImage_0_load_29|        scalar|
|curr_fullImage_1_load_29    |   in|   32|     ap_none|               curr_fullImage_1_load_29|        scalar|
|curr_fullImage_2_load_29    |   in|   32|     ap_none|               curr_fullImage_2_load_29|        scalar|
|curr_fullImage_3_load_29    |   in|   32|     ap_none|               curr_fullImage_3_load_29|        scalar|
|curr_fullImage_4_load_29    |   in|   32|     ap_none|               curr_fullImage_4_load_29|        scalar|
|curr_fullImage_5_load_29    |   in|   32|     ap_none|               curr_fullImage_5_load_29|        scalar|
|curr_fullImage_6_load_29    |   in|   32|     ap_none|               curr_fullImage_6_load_29|        scalar|
|curr_fullImage_7_load_29    |   in|   32|     ap_none|               curr_fullImage_7_load_29|        scalar|
|curr_fullImage_8_load_29    |   in|   32|     ap_none|               curr_fullImage_8_load_29|        scalar|
|curr_fullImage_9_load_29    |   in|   32|     ap_none|               curr_fullImage_9_load_29|        scalar|
|curr_fullImage_10_load_29   |   in|   32|     ap_none|              curr_fullImage_10_load_29|        scalar|
|curr_fullImage_11_load_29   |   in|   32|     ap_none|              curr_fullImage_11_load_29|        scalar|
|curr_fullImage_12_load_29   |   in|   32|     ap_none|              curr_fullImage_12_load_29|        scalar|
|curr_fullImage_13_load_29   |   in|   32|     ap_none|              curr_fullImage_13_load_29|        scalar|
|curr_fullImage_14_load_29   |   in|   32|     ap_none|              curr_fullImage_14_load_29|        scalar|
|curr_fullImage_15_load_29   |   in|   32|     ap_none|              curr_fullImage_15_load_29|        scalar|
|curr_fullImage_16_load_29   |   in|   32|     ap_none|              curr_fullImage_16_load_29|        scalar|
|curr_fullImage_17_load_29   |   in|   32|     ap_none|              curr_fullImage_17_load_29|        scalar|
|curr_fullImage_18_load_29   |   in|   32|     ap_none|              curr_fullImage_18_load_29|        scalar|
|curr_fullImage_19_load_29   |   in|   32|     ap_none|              curr_fullImage_19_load_29|        scalar|
|curr_fullImage_20_load_29   |   in|   32|     ap_none|              curr_fullImage_20_load_29|        scalar|
|curr_fullImage_21_load_29   |   in|   32|     ap_none|              curr_fullImage_21_load_29|        scalar|
|curr_fullImage_22_load_29   |   in|   32|     ap_none|              curr_fullImage_22_load_29|        scalar|
|curr_fullImage_23_load_29   |   in|   32|     ap_none|              curr_fullImage_23_load_29|        scalar|
|curr_fullImage_24_load_29   |   in|   32|     ap_none|              curr_fullImage_24_load_29|        scalar|
|curr_fullImage_25_load_29   |   in|   32|     ap_none|              curr_fullImage_25_load_29|        scalar|
|curr_fullImage_26_load_29   |   in|   32|     ap_none|              curr_fullImage_26_load_29|        scalar|
|curr_fullImage_27_load_29   |   in|   32|     ap_none|              curr_fullImage_27_load_29|        scalar|
|curr_fullImage_28_load_29   |   in|   32|     ap_none|              curr_fullImage_28_load_29|        scalar|
|curr_fullImage_29_load_29   |   in|   32|     ap_none|              curr_fullImage_29_load_29|        scalar|
|curr_fullImage_30_load_29   |   in|   32|     ap_none|              curr_fullImage_30_load_29|        scalar|
|curr_localImage_0_load_29   |   in|   32|     ap_none|              curr_localImage_0_load_29|        scalar|
|curr_localImage_1_load_29   |   in|   32|     ap_none|              curr_localImage_1_load_29|        scalar|
|curr_localImage_2_load_29   |   in|   32|     ap_none|              curr_localImage_2_load_29|        scalar|
|curr_localImage_3_load_29   |   in|   32|     ap_none|              curr_localImage_3_load_29|        scalar|
|curr_localImage_4_load_29   |   in|   32|     ap_none|              curr_localImage_4_load_29|        scalar|
|curr_localImage_5_load_29   |   in|   32|     ap_none|              curr_localImage_5_load_29|        scalar|
|curr_localImage_6_load_29   |   in|   32|     ap_none|              curr_localImage_6_load_29|        scalar|
|curr_localImage_7_load_29   |   in|   32|     ap_none|              curr_localImage_7_load_29|        scalar|
|curr_localImage_8_load_29   |   in|   32|     ap_none|              curr_localImage_8_load_29|        scalar|
|curr_localImage_9_load_29   |   in|   32|     ap_none|              curr_localImage_9_load_29|        scalar|
|curr_localImage_10_load_29  |   in|   32|     ap_none|             curr_localImage_10_load_29|        scalar|
|curr_localImage_11_load_29  |   in|   32|     ap_none|             curr_localImage_11_load_29|        scalar|
|curr_localImage_12_load_29  |   in|   32|     ap_none|             curr_localImage_12_load_29|        scalar|
|curr_localImage_13_load_29  |   in|   32|     ap_none|             curr_localImage_13_load_29|        scalar|
|curr_localImage_14_load_29  |   in|   32|     ap_none|             curr_localImage_14_load_29|        scalar|
|curr_localImage_15_load_29  |   in|   32|     ap_none|             curr_localImage_15_load_29|        scalar|
|curr_localImage_16_load_29  |   in|   32|     ap_none|             curr_localImage_16_load_29|        scalar|
|curr_localImage_17_load_29  |   in|   32|     ap_none|             curr_localImage_17_load_29|        scalar|
|curr_localImage_18_load_29  |   in|   32|     ap_none|             curr_localImage_18_load_29|        scalar|
|curr_localImage_19_load_29  |   in|   32|     ap_none|             curr_localImage_19_load_29|        scalar|
|curr_localImage_20_load_29  |   in|   32|     ap_none|             curr_localImage_20_load_29|        scalar|
|curr_localImage_21_load_29  |   in|   32|     ap_none|             curr_localImage_21_load_29|        scalar|
|curr_localImage_22_load_29  |   in|   32|     ap_none|             curr_localImage_22_load_29|        scalar|
|curr_localImage_23_load_29  |   in|   32|     ap_none|             curr_localImage_23_load_29|        scalar|
|curr_localImage_24_load_29  |   in|   32|     ap_none|             curr_localImage_24_load_29|        scalar|
|curr_localImage_25_load_29  |   in|   32|     ap_none|             curr_localImage_25_load_29|        scalar|
|curr_localImage_26_load_29  |   in|   32|     ap_none|             curr_localImage_26_load_29|        scalar|
|curr_localImage_27_load_29  |   in|   32|     ap_none|             curr_localImage_27_load_29|        scalar|
|curr_localImage_28_load_29  |   in|   32|     ap_none|             curr_localImage_28_load_29|        scalar|
|curr_localImage_29_load_29  |   in|   32|     ap_none|             curr_localImage_29_load_29|        scalar|
|curr_localImage_30_load_29  |   in|   32|     ap_none|             curr_localImage_30_load_29|        scalar|
|curr_fullImage_0_load_30    |   in|   32|     ap_none|               curr_fullImage_0_load_30|        scalar|
|curr_fullImage_1_load_30    |   in|   32|     ap_none|               curr_fullImage_1_load_30|        scalar|
|curr_fullImage_2_load_30    |   in|   32|     ap_none|               curr_fullImage_2_load_30|        scalar|
|curr_fullImage_3_load_30    |   in|   32|     ap_none|               curr_fullImage_3_load_30|        scalar|
|curr_fullImage_4_load_30    |   in|   32|     ap_none|               curr_fullImage_4_load_30|        scalar|
|curr_fullImage_5_load_30    |   in|   32|     ap_none|               curr_fullImage_5_load_30|        scalar|
|curr_fullImage_6_load_30    |   in|   32|     ap_none|               curr_fullImage_6_load_30|        scalar|
|curr_fullImage_7_load_30    |   in|   32|     ap_none|               curr_fullImage_7_load_30|        scalar|
|curr_fullImage_8_load_30    |   in|   32|     ap_none|               curr_fullImage_8_load_30|        scalar|
|curr_fullImage_9_load_30    |   in|   32|     ap_none|               curr_fullImage_9_load_30|        scalar|
|curr_fullImage_10_load_30   |   in|   32|     ap_none|              curr_fullImage_10_load_30|        scalar|
|curr_fullImage_11_load_30   |   in|   32|     ap_none|              curr_fullImage_11_load_30|        scalar|
|curr_fullImage_12_load_30   |   in|   32|     ap_none|              curr_fullImage_12_load_30|        scalar|
|curr_fullImage_13_load_30   |   in|   32|     ap_none|              curr_fullImage_13_load_30|        scalar|
|curr_fullImage_14_load_30   |   in|   32|     ap_none|              curr_fullImage_14_load_30|        scalar|
|curr_fullImage_15_load_30   |   in|   32|     ap_none|              curr_fullImage_15_load_30|        scalar|
|curr_fullImage_16_load_30   |   in|   32|     ap_none|              curr_fullImage_16_load_30|        scalar|
|curr_fullImage_17_load_30   |   in|   32|     ap_none|              curr_fullImage_17_load_30|        scalar|
|curr_fullImage_18_load_30   |   in|   32|     ap_none|              curr_fullImage_18_load_30|        scalar|
|curr_fullImage_19_load_30   |   in|   32|     ap_none|              curr_fullImage_19_load_30|        scalar|
|curr_fullImage_20_load_30   |   in|   32|     ap_none|              curr_fullImage_20_load_30|        scalar|
|curr_fullImage_21_load_30   |   in|   32|     ap_none|              curr_fullImage_21_load_30|        scalar|
|curr_fullImage_22_load_30   |   in|   32|     ap_none|              curr_fullImage_22_load_30|        scalar|
|curr_fullImage_23_load_30   |   in|   32|     ap_none|              curr_fullImage_23_load_30|        scalar|
|curr_fullImage_24_load_30   |   in|   32|     ap_none|              curr_fullImage_24_load_30|        scalar|
|curr_fullImage_25_load_30   |   in|   32|     ap_none|              curr_fullImage_25_load_30|        scalar|
|curr_fullImage_26_load_30   |   in|   32|     ap_none|              curr_fullImage_26_load_30|        scalar|
|curr_fullImage_27_load_30   |   in|   32|     ap_none|              curr_fullImage_27_load_30|        scalar|
|curr_fullImage_28_load_30   |   in|   32|     ap_none|              curr_fullImage_28_load_30|        scalar|
|curr_fullImage_29_load_30   |   in|   32|     ap_none|              curr_fullImage_29_load_30|        scalar|
|curr_fullImage_30_load_30   |   in|   32|     ap_none|              curr_fullImage_30_load_30|        scalar|
|curr_localImage_0_load_30   |   in|   32|     ap_none|              curr_localImage_0_load_30|        scalar|
|curr_localImage_1_load_30   |   in|   32|     ap_none|              curr_localImage_1_load_30|        scalar|
|curr_localImage_2_load_30   |   in|   32|     ap_none|              curr_localImage_2_load_30|        scalar|
|curr_localImage_3_load_30   |   in|   32|     ap_none|              curr_localImage_3_load_30|        scalar|
|curr_localImage_4_load_30   |   in|   32|     ap_none|              curr_localImage_4_load_30|        scalar|
|curr_localImage_5_load_30   |   in|   32|     ap_none|              curr_localImage_5_load_30|        scalar|
|curr_localImage_6_load_30   |   in|   32|     ap_none|              curr_localImage_6_load_30|        scalar|
|curr_localImage_7_load_30   |   in|   32|     ap_none|              curr_localImage_7_load_30|        scalar|
|curr_localImage_8_load_30   |   in|   32|     ap_none|              curr_localImage_8_load_30|        scalar|
|curr_localImage_9_load_30   |   in|   32|     ap_none|              curr_localImage_9_load_30|        scalar|
|curr_localImage_10_load_30  |   in|   32|     ap_none|             curr_localImage_10_load_30|        scalar|
|curr_localImage_11_load_30  |   in|   32|     ap_none|             curr_localImage_11_load_30|        scalar|
|curr_localImage_12_load_30  |   in|   32|     ap_none|             curr_localImage_12_load_30|        scalar|
|curr_localImage_13_load_30  |   in|   32|     ap_none|             curr_localImage_13_load_30|        scalar|
|curr_localImage_14_load_30  |   in|   32|     ap_none|             curr_localImage_14_load_30|        scalar|
|curr_localImage_15_load_30  |   in|   32|     ap_none|             curr_localImage_15_load_30|        scalar|
|curr_localImage_16_load_30  |   in|   32|     ap_none|             curr_localImage_16_load_30|        scalar|
|curr_localImage_17_load_30  |   in|   32|     ap_none|             curr_localImage_17_load_30|        scalar|
|curr_localImage_18_load_30  |   in|   32|     ap_none|             curr_localImage_18_load_30|        scalar|
|curr_localImage_19_load_30  |   in|   32|     ap_none|             curr_localImage_19_load_30|        scalar|
|curr_localImage_20_load_30  |   in|   32|     ap_none|             curr_localImage_20_load_30|        scalar|
|curr_localImage_21_load_30  |   in|   32|     ap_none|             curr_localImage_21_load_30|        scalar|
|curr_localImage_22_load_30  |   in|   32|     ap_none|             curr_localImage_22_load_30|        scalar|
|curr_localImage_23_load_30  |   in|   32|     ap_none|             curr_localImage_23_load_30|        scalar|
|curr_localImage_24_load_30  |   in|   32|     ap_none|             curr_localImage_24_load_30|        scalar|
|curr_localImage_25_load_30  |   in|   32|     ap_none|             curr_localImage_25_load_30|        scalar|
|curr_localImage_26_load_30  |   in|   32|     ap_none|             curr_localImage_26_load_30|        scalar|
|curr_localImage_27_load_30  |   in|   32|     ap_none|             curr_localImage_27_load_30|        scalar|
|curr_localImage_28_load_30  |   in|   32|     ap_none|             curr_localImage_28_load_30|        scalar|
|curr_localImage_29_load_30  |   in|   32|     ap_none|             curr_localImage_29_load_30|        scalar|
|curr_localImage_30_load_30  |   in|   32|     ap_none|             curr_localImage_30_load_30|        scalar|
|add_29_out                  |  out|   32|      ap_vld|                             add_29_out|       pointer|
|add_29_out_ap_vld           |  out|    1|      ap_vld|                             add_29_out|       pointer|
|add16_29_out                |  out|   32|      ap_vld|                           add16_29_out|       pointer|
|add16_29_out_ap_vld         |  out|    1|      ap_vld|                           add16_29_out|       pointer|
+----------------------------+-----+-----+------------+---------------------------------------+--------------+

