

================================================================
== Synthesis Summary Report of 'reconstruct'
================================================================
+ General Information: 
    * Date:           Sat Jul 26 18:46:30 2025
    * Version:        2024.2 (Build 5238294 on Nov  8 2024)
    * Project:        reconstruct
    * Solution:       hls (Vivado IP Flow Target)
    * Product family: zynquplusRFSOC
    * Target device:  xczu49dr-ffvf1760-2-e
    

+ Performance & Resource Estimates: 
    
    PS: '+' for module; 'o' for loop; '*' for dataflow
    +-----------------------------------------------------------------+--------+-------+---------+-----------+----------+---------+------+----------+---------+------------+--------------+--------------+-----+
    |                             Modules                             |  Issue |       | Latency |  Latency  | Iteration|         | Trip |          |         |            |              |              |     |
    |                             & Loops                             |  Type  | Slack | (cycles)|    (ns)   |  Latency | Interval| Count| Pipelined|  BRAM   |     DSP    |      FF      |      LUT     | URAM|
    +-----------------------------------------------------------------+--------+-------+---------+-----------+----------+---------+------+----------+---------+------------+--------------+--------------+-----+
    |+ reconstruct                                                    |  Timing|  -0.98|  1004633|  1.005e+07|         -|  1004634|     -|        no|  39 (1%)|  2053 (48%)|  516851 (60%)|  311437 (73%)|    -|
    | o VITIS_LOOP_241_1                                              |       -|   7.30|  1004632|  1.005e+07|      1070|        -|  1024|        no|        -|           -|             -|             -|    -|
    |  + dataflow_in_loop_VITIS_LOOP_241_1_1*                         |  Timing|  -0.98|     1067|  1.067e+04|         -|      981|     -|  dataflow|        -|  2053 (48%)|  510742 (60%)|  306652 (72%)|    -|
    |   + getLocalImages_single                                       |       -|   0.00|       26|    260.000|         -|       26|     -|        no|        -|    10 (~0%)|    1639 (~0%)|     4874 (1%)|    -|
    |   + Image_extract                                               |       -|   0.00|      980|  9.800e+03|         -|      980|     -|        no|        -|           -|    65089 (7%)|     4362 (1%)|    -|
    |    + Image_extract_Pipeline_VITIS_LOOP_81_1                     |       -|   0.00|      969|  9.690e+03|         -|      969|     -|        no|        -|           -|    64799 (7%)|    4096 (~0%)|    -|
    |     o VITIS_LOOP_81_1                                           |      II|   7.30|      967|  9.670e+03|        38|       31|    31|       yes|        -|           -|             -|             -|    -|
    |   + matrix_sum_prod                                             |  Timing|  -0.06|       48|    480.000|         -|       48|     -|        no|        -|  2040 (47%)|  252669 (29%)|  167887 (39%)|    -|
    |    + matrix_sum_prod_Pipeline_VITIS_LOOP_191_1                  |       -|   5.66|        4|     40.000|         -|        4|     -|        no|        -|           -|     963 (~0%)|      42 (~0%)|    -|
    |     o VITIS_LOOP_191_1                                          |       -|   7.30|        2|     20.000|         1|        1|     2|       yes|        -|           -|             -|             -|    -|
    |   + dataflow_in_loop_VITIS_LOOP_241_1_1_Block_newFuncRoot_proc  |       -|   6.21|        0|      0.000|         -|        0|     -|        no|        -|           -|      66 (~0%)|      91 (~0%)|    -|
    |   + post_process                                                |       -|   0.00|       18|    180.000|         -|        1|     -|       yes|        -|     3 (~0%)|     500 (~0%)|     243 (~0%)|    -|
    +-----------------------------------------------------------------+--------+-------+---------+-----------+----------+---------+------+----------+---------+------------+--------------+--------------+-----+


================================================================
== HW Interfaces
================================================================
* M_AXI
+-----------------------------+------------+------------+---------------+---------+--------+----------+-----------+--------------+--------------+-------------+-------------+-------------------------------------------+-------------------+
| Interface                   | Read/Write | Data Width | Address Width | Latency | Offset | Register | Max Widen | Max Read     | Max Write    | Num Read    | Num Write   | Cache Info                                | Resource Estimate |
|                             |            | (SW->HW)   |               |         |        |          | Bitwidth  | Burst Length | Burst Length | Outstanding | Outstanding |                                           |                   |
+-----------------------------+------------+------------+---------------+---------+--------+----------+-----------+--------------+--------------+-------------+-------------+-------------------------------------------+-------------------+
| m_axi_atomLocations         | READ_ONLY  | 64 -> 64   | 64            | 0       | slave  | 0        | 0         | 16           | 16           | 16          | 16          |                                           | BRAM=4            |
| m_axi_emissions             | WRITE_ONLY | 32 -> 32   | 64            | 0       | slave  | 0        | 0         | 16           | 16           | 16          | 16          |                                           | BRAM=2            |
| m_axi_fullImage             | READ_ONLY  | 32 -> 32   | 64            | 0       | slave  | 0        | 0         | 64           | 16           | 64          | 16          |  256 bytes per line, 64 lines of L1 cache | BRAM=29           |
| m_axi_imageProjs            | READ_ONLY  | 32 -> 32   | 64            | 0       | slave  | 0        | 0         | 16           | 16           | 16          | 16          |                                           | BRAM=2            |
| m_axi_imageProjs_local      | READ_ONLY  | 32 -> 32   | 64            | 0       | slave  | 0        | 0         | 16           | 16           | 16          | 16          |                                           | BRAM=2            |
| m_axi_imageProjs_local_size | READ_WRITE |            | 64            |         |        |          |           | 16           | 16           | 2           | 2           |                                           |                   |
+-----------------------------+------------+------------+---------------+---------+--------+----------+-----------+--------------+--------------+-------------+-------------+-------------------------------------------+-------------------+

* S_AXILITE Interfaces
+-------------------+------------+---------------+--------+----------+
| Interface         | Data Width | Address Width | Offset | Register |
+-------------------+------------+---------------+--------+----------+
| s_axi_control     | 32         | 7             | 16     | 0        |
| s_axi_scalar_data | 32         | 7             | 16     | 0        |
+-------------------+------------+---------------+--------+----------+

* S_AXILITE Registers
+-------------------+--------------------------------+--------+-------+--------+---------------------------------------------+----------------------------------------------------------------------+
| Interface         | Register                       | Offset | Width | Access | Description                                 | Bit Fields                                                           |
+-------------------+--------------------------------+--------+-------+--------+---------------------------------------------+----------------------------------------------------------------------+
| s_axi_control     | CTRL                           | 0x00   | 32    | RW     | Control signals                             | 0=AP_START 1=AP_DONE 2=AP_IDLE 3=AP_READY 7=AUTO_RESTART 9=INTERRUPT |
| s_axi_control     | GIER                           | 0x04   | 32    | RW     | Global Interrupt Enable Register            | 0=Enable                                                             |
| s_axi_control     | IP_IER                         | 0x08   | 32    | RW     | IP Interrupt Enable Register                | 0=CHAN0_INT_EN 1=CHAN1_INT_EN                                        |
| s_axi_control     | IP_ISR                         | 0x0c   | 32    | RW     | IP Interrupt Status Register                | 0=CHAN0_INT_ST 1=CHAN1_INT_ST                                        |
| s_axi_control     | atomLocations_offset_1         | 0x10   | 32    | W      | Data signal of atomLocations_offset         |                                                                      |
| s_axi_control     | atomLocations_offset_2         | 0x14   | 32    | W      | Data signal of atomLocations_offset         |                                                                      |
| s_axi_control     | imageProjs_local_offset_1      | 0x1c   | 32    | W      | Data signal of imageProjs_local_offset      |                                                                      |
| s_axi_control     | imageProjs_local_offset_2      | 0x20   | 32    | W      | Data signal of imageProjs_local_offset      |                                                                      |
| s_axi_control     | imageProjs_offset_1            | 0x28   | 32    | W      | Data signal of imageProjs_offset            |                                                                      |
| s_axi_control     | imageProjs_offset_2            | 0x2c   | 32    | W      | Data signal of imageProjs_offset            |                                                                      |
| s_axi_control     | imageProjs_local_size_offset_1 | 0x34   | 32    | W      | Data signal of imageProjs_local_size_offset |                                                                      |
| s_axi_control     | imageProjs_local_size_offset_2 | 0x38   | 32    | W      | Data signal of imageProjs_local_size_offset |                                                                      |
| s_axi_control     | fullImage_offset_1             | 0x40   | 32    | W      | Data signal of fullImage_offset             |                                                                      |
| s_axi_control     | fullImage_offset_2             | 0x44   | 32    | W      | Data signal of fullImage_offset             |                                                                      |
| s_axi_control     | emissions_offset_1             | 0x4c   | 32    | W      | Data signal of emissions_offset             |                                                                      |
| s_axi_control     | emissions_offset_2             | 0x50   | 32    | W      | Data signal of emissions_offset             |                                                                      |
| s_axi_scalar_data | atomLocationsSize              | 0x10   | 32    | W      | Data signal of atomLocationsSize            |                                                                      |
| s_axi_scalar_data | projShape0                     | 0x18   | 32    | W      | Data signal of projShape0                   |                                                                      |
| s_axi_scalar_data | projShape1                     | 0x20   | 32    | W      | Data signal of projShape1                   |                                                                      |
| s_axi_scalar_data | psfSupersample                 | 0x28   | 32    | W      | Data signal of psfSupersample               |                                                                      |
| s_axi_scalar_data | imageProjectionSize            | 0x30   | 32    | W      | Data signal of imageProjectionSize          |                                                                      |
| s_axi_scalar_data | fullImage_rows                 | 0x38   | 32    | W      | Data signal of fullImage_rows               |                                                                      |
| s_axi_scalar_data | fullImage_cols                 | 0x40   | 32    | W      | Data signal of fullImage_cols               |                                                                      |
+-------------------+--------------------------------+--------+-------+--------+---------------------------------------------+----------------------------------------------------------------------+

* TOP LEVEL CONTROL
+-----------+------------+-----------+
| Interface | Type       | Ports     |
+-----------+------------+-----------+
| ap_clk    | clock      | ap_clk    |
| ap_rst_n  | reset      | ap_rst_n  |
| interrupt | interrupt  | interrupt |
| ap_ctrl   | ap_ctrl_hs |           |
+-----------+------------+-----------+


================================================================
== SW I/O Information
================================================================
* Top Function Arguments
+-----------------------+-----------+----------+
| Argument              | Direction | Datatype |
+-----------------------+-----------+----------+
| atomLocationsSize     | in        | int      |
| projShape0            | in        | int      |
| projShape1            | in        | int      |
| atomLocations         | in        | pointer  |
| psfSupersample        | in        | int      |
| imageProjectionSize   | in        | int      |
| imageProjs_local      | in        | float*   |
| imageProjs            | in        | float*   |
| imageProjs_local_size | unused    | int*     |
| fullImage             | in        | float*   |
| fullImage_rows        | in        | int      |
| fullImage_cols        | in        | int      |
| emissions             | out       | float*   |
+-----------------------+-----------+----------+

* SW-to-HW Mapping
+-----------------------+------------------------+-----------+----------+-----------------------------------------------+
| Argument              | HW Interface           | HW Type   | HW Usage | HW Info                                       |
+-----------------------+------------------------+-----------+----------+-----------------------------------------------+
| atomLocationsSize     | s_axi_scalar_data      | register  |          | name=atomLocationsSize offset=0x10 range=32   |
| projShape0            | s_axi_scalar_data      | register  |          | name=projShape0 offset=0x18 range=32          |
| projShape1            | s_axi_scalar_data      | register  |          | name=projShape1 offset=0x20 range=32          |
| atomLocations         | m_axi_atomLocations    | interface |          | channel=0                                     |
| atomLocations         | s_axi_control          | interface | offset   |                                               |
| psfSupersample        | s_axi_scalar_data      | register  |          | name=psfSupersample offset=0x28 range=32      |
| imageProjectionSize   | s_axi_scalar_data      | register  |          | name=imageProjectionSize offset=0x30 range=32 |
| imageProjs_local      | m_axi_imageProjs_local | interface |          | channel=0                                     |
| imageProjs_local      | s_axi_control          | interface | offset   |                                               |
| imageProjs            | m_axi_imageProjs       | interface |          | channel=0                                     |
| imageProjs            | s_axi_control          | interface | offset   |                                               |
| imageProjs_local_size | s_axi_control          | interface | offset   |                                               |
| fullImage             | m_axi_fullImage        | interface |          | channel=0                                     |
| fullImage             | s_axi_control          | interface | offset   |                                               |
| fullImage_rows        | s_axi_scalar_data      | register  |          | name=fullImage_rows offset=0x38 range=32      |
| fullImage_cols        | s_axi_scalar_data      | register  |          | name=fullImage_cols offset=0x40 range=32      |
| emissions             | m_axi_emissions        | interface |          | channel=0                                     |
| emissions             | s_axi_control          | interface | offset   |                                               |
+-----------------------+------------------------+-----------+----------+-----------------------------------------------+


================================================================
== M_AXI Burst Information
================================================================
 Note: All burst requests might be further partitioned into multiple requests during RTL generation based on max_read_burst_length or max_write_burst_length settings.

* Inferred Burst Summary
+------------------------+-----------+--------+-------+-----------------+-----------------------------+
| HW Interface           | Direction | Length | Width | Loop            | Loop Location               |
+------------------------+-----------+--------+-------+-----------------+-----------------------------+
| m_axi_imageProjs_local | read      | 961    | 32    | VITIS_LOOP_81_1 | ../image_analysis.cpp:81:22 |
+------------------------+-----------+--------+-------+-----------------+-----------------------------+

* All M_AXI Variable Accesses
+------------------------+------------------+-----------------------------+-----------+--------------+--------+-----------------+-----------------------------+------------+------------------------------------------------------------------------------------------------------------------------------------+
| HW Interface           | Variable         | Access Location             | Direction | Burst Status | Length | Loop            | Loop Location               | Resolution | Problem                                                                                                                            |
+------------------------+------------------+-----------------------------+-----------+--------------+--------+-----------------+-----------------------------+------------+------------------------------------------------------------------------------------------------------------------------------------+
| m_axi_atomLocations    | atomLocations    | ../image_analysis.cpp:8:25  | read      | Fail         |        |                 |                             | 214-378    | Unsupported access data type. Expected integer or floating point type but received %struct.atom_location = type { float, float }   |
| m_axi_fullImage        | fullImage        | ../image_analysis.cpp:87:36 | read      | Fail         |        |                 |                             | 214-417    | Using a cache line to infer a burst is less efficient in terms of resources than writing the code to automatically infer the burst |
| m_axi_imageProjs_local | imageProjs_local | ../image_analysis.cpp:86:26 | read      | Widen Fail   |        | VITIS_LOOP_81_1 | ../image_analysis.cpp:81:22 | 214-353    | Could not widen since type float size is greater than or equal to the max_widen_bitwidth threshold of 0                            |
| m_axi_imageProjs_local | imageProjs_local | ../image_analysis.cpp:86:26 | read      | Inferred     | 961    | VITIS_LOOP_81_1 | ../image_analysis.cpp:81:22 |            |                                                                                                                                    |
+------------------------+------------------+-----------------------------+-----------+--------------+--------+-----------------+-----------------------------+------------+------------------------------------------------------------------------------------------------------------------------------------+

    * Resolution URL: docs.xilinx.com/access/sources/dita/topic?Doc_Version=2024.2%20English&url=ug1448-hls-guidance&resourceid=XXX-YYY.html (replace XXX-YYY with column value)

================================================================
== Bind Op Report
================================================================
+----------------------------------------------------------------+------+--------+--------------------+-----------+------------------------+---------+
| Name                                                           | DSP  | Pragma | Variable           | Op        | Impl                   | Latency |
+----------------------------------------------------------------+------+--------+--------------------+-----------+------------------------+---------+
| + reconstruct                                                  | 2053 |        |                    |           |                        |         |
|  + dataflow_in_loop_VITIS_LOOP_241_1_1                         | 2053 |        |                    |           |                        |         |
|   + getLocalImages_single                                      | 10   |        |                    |           |                        |         |
|     add_ln8_fu_334_p2                                          |      |        | add_ln8            | add       | fabric                 | 0       |
|     icmp_ln8_fu_344_p2                                         |      |        | icmp_ln8           | setne     | auto                   | 0       |
|     select_ln8_fu_350_p3                                       |      |        | select_ln8         | select    | auto_sel               | 0       |
|     lshr_ln8_fu_400_p2                                         |      |        | lshr_ln8           | lshr      | auto_pipe              | 0       |
|     icmp_ln167_fu_430_p2                                       |      |        | icmp_ln167         | setlt     | auto                   | 0       |
|     icmp_ln170_fu_444_p2                                       |      |        | icmp_ln170         | setgt     | auto                   | 0       |
|     data_2_fu_533_p2                                           |      |        | data_2             | add       | fabric                 | 0       |
|     xor_ln184_fu_542_p2                                        |      |        | xor_ln184          | xor       | auto                   | 0       |
|     xs_sig_fu_548_p2                                           |      |        | xs_sig             | and       | auto                   | 0       |
|     xor_ln167_fu_576_p2                                        |      |        | xor_ln167          | xor       | auto                   | 0       |
|     and_ln170_fu_581_p2                                        |      |        | and_ln170          | and       | auto                   | 0       |
|     sparsemux_7_2_32_1_1_U9                                    |      |        | dc_1               | sparsemux | onehotencoding_realdef | 0       |
|     add_ln317_fu_655_p2                                        |      |        | add_ln317          | add       | fabric                 | 0       |
|     sub_ln18_fu_669_p2                                         |      |        | sub_ln18           | sub       | fabric                 | 0       |
|     select_ln18_fu_679_p3                                      |      |        | select_ln18        | select    | auto_sel               | 0       |
|     lshr_ln18_fu_695_p2                                        |      |        | lshr_ln18          | lshr      | auto_pipe              | 0       |
|     shl_ln18_fu_701_p2                                         |      |        | shl_ln18           | shl       | auto_pipe              | 0       |
|     val_fu_727_p3                                              |      |        | val                | select    | auto_sel               | 0       |
|     result_2_fu_735_p2                                         |      |        | result_2           | sub       | fabric                 | 0       |
|     result_12_fu_741_p3                                        |      |        | result_12          | select    | auto_sel               | 0       |
|     icmp_ln167_1_fu_476_p2                                     |      |        | icmp_ln167_1       | setlt     | auto                   | 0       |
|     icmp_ln170_1_fu_490_p2                                     |      |        | icmp_ln170_1       | setgt     | auto                   | 0       |
|     data_4_fu_764_p2                                           |      |        | data_4             | add       | fabric                 | 0       |
|     xor_ln184_1_fu_773_p2                                      |      |        | xor_ln184_1        | xor       | auto                   | 0       |
|     xs_sig_1_fu_779_p2                                         |      |        | xs_sig_1           | and       | auto                   | 0       |
|     xor_ln167_1_fu_807_p2                                      |      |        | xor_ln167_1        | xor       | auto                   | 0       |
|     and_ln170_1_fu_812_p2                                      |      |        | and_ln170_1        | and       | auto                   | 0       |
|     sparsemux_7_2_32_1_1_U10                                   |      |        | dc_4               | sparsemux | onehotencoding_realdef | 0       |
|     add_ln317_1_fu_886_p2                                      |      |        | add_ln317_1        | add       | fabric                 | 0       |
|     sub_ln18_1_fu_900_p2                                       |      |        | sub_ln18_1         | sub       | fabric                 | 0       |
|     select_ln18_2_fu_910_p3                                    |      |        | select_ln18_2      | select    | auto_sel               | 0       |
|     lshr_ln18_1_fu_926_p2                                      |      |        | lshr_ln18_1        | lshr      | auto_pipe              | 0       |
|     shl_ln18_1_fu_932_p2                                       |      |        | shl_ln18_1         | shl       | auto_pipe              | 0       |
|     val_1_fu_958_p3                                            |      |        | val_1              | select    | auto_sel               | 0       |
|     result_5_fu_966_p2                                         |      |        | result_5           | sub       | fabric                 | 0       |
|     result_13_fu_972_p3                                        |      |        | result_13          | select    | auto_sel               | 0       |
|     sub_ln15_fu_1269_p2                                        |      |        | sub_ln15           | sub       | fabric                 | 0       |
|     sub_ln15_1_fu_1284_p2                                      |      |        | sub_ln15_1         | sub       | fabric                 | 0       |
|     select_ln15_fu_1299_p3                                     |      |        | select_ln15        | select    | auto_sel               | 0       |
|     info_Y_min_fu_1311_p2                                      |      |        | info_Y_min         | sub       | fabric                 | 0       |
|     sub_ln16_fu_1323_p2                                        |      |        | sub_ln16           | sub       | fabric                 | 0       |
|     sub_ln16_1_fu_1338_p2                                      |      |        | sub_ln16_1         | sub       | fabric                 | 0       |
|     select_ln16_fu_1353_p3                                     |      |        | select_ln16        | select    | auto_sel               | 0       |
|     info_X_min_fu_1365_p2                                      |      |        | info_X_min         | sub       | fabric                 | 0       |
|     sitofp_32ns_32_4_no_dsp_1_U7                               |      |        | conv               | sitofp    | auto                   | 3       |
|     fsub_32ns_32ns_32_4_full_dsp_1_U3                          | 2    |        | sub                | fsub      | fulldsp                | 3       |
|     sitofp_32ns_32_4_no_dsp_1_U7                               |      |        | conv1              | sitofp    | auto                   | 3       |
|     fmul_32ns_32ns_32_3_max_dsp_1_U5                           | 3    |        | dc_6               | fmul      | maxdsp                 | 2       |
|     icmp_ln167_2_fu_991_p2                                     |      |        | icmp_ln167_2       | setlt     | auto                   | 0       |
|     icmp_ln170_2_fu_1005_p2                                    |      |        | icmp_ln170_2       | setgt     | auto                   | 0       |
|     data_7_fu_1089_p2                                          |      |        | data_7             | add       | fabric                 | 0       |
|     xor_ln184_2_fu_1098_p2                                     |      |        | xor_ln184_2        | xor       | auto                   | 0       |
|     xs_sig_2_fu_1104_p2                                        |      |        | xs_sig_2           | and       | auto                   | 0       |
|     xor_ln167_2_fu_1132_p2                                     |      |        | xor_ln167_2        | xor       | auto                   | 0       |
|     and_ln170_2_fu_1137_p2                                     |      |        | and_ln170_2        | and       | auto                   | 0       |
|     sparsemux_7_2_32_1_1_U11                                   |      |        | dc_7               | sparsemux | onehotencoding_realdef | 0       |
|     add_ln317_2_fu_1433_p2                                     |      |        | add_ln317_2        | add       | fabric                 | 0       |
|     sub_ln18_2_fu_1447_p2                                      |      |        | sub_ln18_2         | sub       | fabric                 | 0       |
|     select_ln18_4_fu_1457_p3                                   |      |        | select_ln18_4      | select    | auto_sel               | 0       |
|     lshr_ln18_2_fu_1473_p2                                     |      |        | lshr_ln18_2        | lshr      | auto_pipe              | 0       |
|     shl_ln18_2_fu_1479_p2                                      |      |        | shl_ln18_2         | shl       | auto_pipe              | 0       |
|     val_2_fu_1505_p3                                           |      |        | val_2              | select    | auto_sel               | 0       |
|     result_9_fu_1513_p2                                        |      |        | result_9           | sub       | fabric                 | 0       |
|     result_14_fu_1519_p3                                       |      |        | result_14          | select    | auto_sel               | 0       |
|     sitofp_32ns_32_4_no_dsp_1_U8                               |      |        | conv2              | sitofp    | auto                   | 3       |
|     fsub_32ns_32ns_32_4_full_dsp_1_U4                          | 2    |        | sub1               | fsub      | fulldsp                | 3       |
|     fmul_32ns_32ns_32_3_max_dsp_1_U6                           | 3    |        | dc_9               | fmul      | maxdsp                 | 2       |
|     icmp_ln167_3_fu_1038_p2                                    |      |        | icmp_ln167_3       | setlt     | auto                   | 0       |
|     icmp_ln170_3_fu_1052_p2                                    |      |        | icmp_ln170_3       | setgt     | auto                   | 0       |
|     data_10_fu_1183_p2                                         |      |        | data_10            | add       | fabric                 | 0       |
|     xor_ln184_3_fu_1192_p2                                     |      |        | xor_ln184_3        | xor       | auto                   | 0       |
|     xs_sig_3_fu_1198_p2                                        |      |        | xs_sig_3           | and       | auto                   | 0       |
|     xor_ln167_3_fu_1226_p2                                     |      |        | xor_ln167_3        | xor       | auto                   | 0       |
|     and_ln170_3_fu_1231_p2                                     |      |        | and_ln170_3        | and       | auto                   | 0       |
|     sparsemux_7_2_32_1_1_U12                                   |      |        | dc_10              | sparsemux | onehotencoding_realdef | 0       |
|     add_ln317_3_fu_1568_p2                                     |      |        | add_ln317_3        | add       | fabric                 | 0       |
|     sub_ln18_3_fu_1582_p2                                      |      |        | sub_ln18_3         | sub       | fabric                 | 0       |
|     select_ln18_6_fu_1592_p3                                   |      |        | select_ln18_6      | select    | auto_sel               | 0       |
|     lshr_ln18_3_fu_1608_p2                                     |      |        | lshr_ln18_3        | lshr      | auto_pipe              | 0       |
|     shl_ln18_3_fu_1614_p2                                      |      |        | shl_ln18_3         | shl       | auto_pipe              | 0       |
|     val_3_fu_1640_p3                                           |      |        | val_3              | select    | auto_sel               | 0       |
|     result_10_fu_1648_p2                                       |      |        | result_10          | sub       | fabric                 | 0       |
|     result_fu_1654_p3                                          |      |        | result             | select    | auto_sel               | 0       |
|   + Image_extract                                              | 0    |        |                    |           |                        |         |
|    + Image_extract_Pipeline_VITIS_LOOP_81_1                    | 0    |        |                    |           |                        |         |
|      add281_i_fu_25628_p2                                      |      |        | add281_i           | add       | fabric                 | 0       |
|      add_ln87_fu_25646_p2                                      |      |        | add_ln87           | add       | fabric                 | 0       |
|      add_ln87_1_fu_25664_p2                                    |      |        | add_ln87_1         | add       | fabric                 | 0       |
|      add_ln87_2_fu_25856_p2                                    |      |        | add_ln87_2         | add       | fabric                 | 0       |
|      add_ln87_3_fu_25873_p2                                    |      |        | add_ln87_3         | add       | fabric                 | 0       |
|      add_ln87_4_fu_26079_p2                                    |      |        | add_ln87_4         | add       | fabric                 | 0       |
|      add_ln87_5_fu_26096_p2                                    |      |        | add_ln87_5         | add       | fabric                 | 0       |
|      add_ln87_6_fu_26287_p2                                    |      |        | add_ln87_6         | add       | fabric                 | 0       |
|      add_ln87_7_fu_26304_p2                                    |      |        | add_ln87_7         | add       | fabric                 | 0       |
|      add_ln87_8_fu_26495_p2                                    |      |        | add_ln87_8         | add       | fabric                 | 0       |
|      add_ln87_9_fu_26512_p2                                    |      |        | add_ln87_9         | add       | fabric                 | 0       |
|      add_ln87_10_fu_26703_p2                                   |      |        | add_ln87_10        | add       | fabric                 | 0       |
|      add_ln87_11_fu_26720_p2                                   |      |        | add_ln87_11        | add       | fabric                 | 0       |
|      add_ln87_12_fu_26911_p2                                   |      |        | add_ln87_12        | add       | fabric                 | 0       |
|      add_ln87_13_fu_26928_p2                                   |      |        | add_ln87_13        | add       | fabric                 | 0       |
|      add_ln87_14_fu_27123_p2                                   |      |        | add_ln87_14        | add       | fabric                 | 0       |
|      add_ln87_15_fu_27140_p2                                   |      |        | add_ln87_15        | add       | fabric                 | 0       |
|      add_ln87_16_fu_27490_p2                                   |      |        | add_ln87_16        | add       | fabric                 | 0       |
|      add_ln87_17_fu_27507_p2                                   |      |        | add_ln87_17        | add       | fabric                 | 0       |
|      add_ln87_18_fu_27857_p2                                   |      |        | add_ln87_18        | add       | fabric                 | 0       |
|      add_ln87_19_fu_27874_p2                                   |      |        | add_ln87_19        | add       | fabric                 | 0       |
|      add_ln87_20_fu_28224_p2                                   |      |        | add_ln87_20        | add       | fabric                 | 0       |
|      add_ln87_21_fu_28241_p2                                   |      |        | add_ln87_21        | add       | fabric                 | 0       |
|      add_ln87_22_fu_28591_p2                                   |      |        | add_ln87_22        | add       | fabric                 | 0       |
|      add_ln87_23_fu_28608_p2                                   |      |        | add_ln87_23        | add       | fabric                 | 0       |
|      add_ln87_24_fu_28958_p2                                   |      |        | add_ln87_24        | add       | fabric                 | 0       |
|      add_ln87_25_fu_28975_p2                                   |      |        | add_ln87_25        | add       | fabric                 | 0       |
|      add_ln87_26_fu_29325_p2                                   |      |        | add_ln87_26        | add       | fabric                 | 0       |
|      add_ln87_27_fu_29342_p2                                   |      |        | add_ln87_27        | add       | fabric                 | 0       |
|      add_ln87_28_fu_29692_p2                                   |      |        | add_ln87_28        | add       | fabric                 | 0       |
|      add_ln87_29_fu_29709_p2                                   |      |        | add_ln87_29        | add       | fabric                 | 0       |
|      add_ln87_30_fu_30059_p2                                   |      |        | add_ln87_30        | add       | fabric                 | 0       |
|      add_ln87_31_fu_30076_p2                                   |      |        | add_ln87_31        | add       | fabric                 | 0       |
|      add_ln87_32_fu_30426_p2                                   |      |        | add_ln87_32        | add       | fabric                 | 0       |
|      add_ln87_33_fu_30443_p2                                   |      |        | add_ln87_33        | add       | fabric                 | 0       |
|      add_ln87_34_fu_30793_p2                                   |      |        | add_ln87_34        | add       | fabric                 | 0       |
|      add_ln87_35_fu_30810_p2                                   |      |        | add_ln87_35        | add       | fabric                 | 0       |
|      add_ln87_36_fu_31160_p2                                   |      |        | add_ln87_36        | add       | fabric                 | 0       |
|      add_ln87_37_fu_31177_p2                                   |      |        | add_ln87_37        | add       | fabric                 | 0       |
|      add_ln87_38_fu_31527_p2                                   |      |        | add_ln87_38        | add       | fabric                 | 0       |
|      add_ln87_39_fu_31544_p2                                   |      |        | add_ln87_39        | add       | fabric                 | 0       |
|      add_ln87_40_fu_31894_p2                                   |      |        | add_ln87_40        | add       | fabric                 | 0       |
|      add_ln87_41_fu_31911_p2                                   |      |        | add_ln87_41        | add       | fabric                 | 0       |
|      add_ln87_42_fu_32261_p2                                   |      |        | add_ln87_42        | add       | fabric                 | 0       |
|      add_ln87_43_fu_32278_p2                                   |      |        | add_ln87_43        | add       | fabric                 | 0       |
|      add_ln87_44_fu_32628_p2                                   |      |        | add_ln87_44        | add       | fabric                 | 0       |
|      add_ln87_45_fu_32645_p2                                   |      |        | add_ln87_45        | add       | fabric                 | 0       |
|      add_ln87_46_fu_32995_p2                                   |      |        | add_ln87_46        | add       | fabric                 | 0       |
|      add_ln87_47_fu_33012_p2                                   |      |        | add_ln87_47        | add       | fabric                 | 0       |
|      add_ln87_48_fu_33362_p2                                   |      |        | add_ln87_48        | add       | fabric                 | 0       |
|      add_ln87_49_fu_33379_p2                                   |      |        | add_ln87_49        | add       | fabric                 | 0       |
|      add_ln87_50_fu_33729_p2                                   |      |        | add_ln87_50        | add       | fabric                 | 0       |
|      add_ln87_51_fu_33746_p2                                   |      |        | add_ln87_51        | add       | fabric                 | 0       |
|      add_ln87_52_fu_34096_p2                                   |      |        | add_ln87_52        | add       | fabric                 | 0       |
|      add_ln87_53_fu_34113_p2                                   |      |        | add_ln87_53        | add       | fabric                 | 0       |
|      add_ln87_54_fu_34463_p2                                   |      |        | add_ln87_54        | add       | fabric                 | 0       |
|      add_ln87_55_fu_34480_p2                                   |      |        | add_ln87_55        | add       | fabric                 | 0       |
|      add_ln87_56_fu_34512_p2                                   |      |        | add_ln87_56        | add       | fabric                 | 0       |
|      add_ln87_57_fu_34529_p2                                   |      |        | add_ln87_57        | add       | fabric                 | 0       |
|      add_ln87_58_fu_34561_p2                                   |      |        | add_ln87_58        | add       | fabric                 | 0       |
|      add_ln87_59_fu_34578_p2                                   |      |        | add_ln87_59        | add       | fabric                 | 0       |
|      add_ln87_60_fu_34610_p2                                   |      |        | add_ln87_60        | add       | fabric                 | 0       |
|      add_ln87_61_fu_34627_p2                                   |      |        | add_ln87_61        | add       | fabric                 | 0       |
|      i_fu_25898_p2                                             |      |        | i                  | add       | fabric                 | 0       |
|      icmp_ln81_fu_26058_p2                                     |      |        | icmp_ln81          | seteq     | auto                   | 0       |
|   + matrix_sum_prod                                            | 2040 |        |                    |           |                        |         |
|     fmul_32ns_32ns_32_3_max_dsp_1_U2367                        | 3    |        | res1               | fmul      | maxdsp                 | 2       |
|     fmul_32ns_32ns_32_3_max_dsp_1_U2368                        | 3    |        | res1_1             | fmul      | maxdsp                 | 2       |
|     fmul_32ns_32ns_32_3_max_dsp_1_U2369                        | 3    |        | res1_2             | fmul      | maxdsp                 | 2       |
|     fmul_32ns_32ns_32_3_max_dsp_1_U2370                        | 3    |        | res1_3             | fmul      | maxdsp                 | 2       |
|     fmul_32ns_32ns_32_3_max_dsp_1_U2371                        | 3    |        | res1_4             | fmul      | maxdsp                 | 2       |
|     fmul_32ns_32ns_32_3_max_dsp_1_U2372                        | 3    |        | res1_5             | fmul      | maxdsp                 | 2       |
|     fmul_32ns_32ns_32_3_max_dsp_1_U2373                        | 3    |        | res1_6             | fmul      | maxdsp                 | 2       |
|     fmul_32ns_32ns_32_3_max_dsp_1_U2374                        | 3    |        | res1_7             | fmul      | maxdsp                 | 2       |
|     fmul_32ns_32ns_32_3_max_dsp_1_U2375                        | 3    |        | res1_8             | fmul      | maxdsp                 | 2       |
|     fmul_32ns_32ns_32_3_max_dsp_1_U2376                        | 3    |        | res1_9             | fmul      | maxdsp                 | 2       |
|     fmul_32ns_32ns_32_3_max_dsp_1_U2377                        | 3    |        | res1_10            | fmul      | maxdsp                 | 2       |
|     fmul_32ns_32ns_32_3_max_dsp_1_U2378                        | 3    |        | res1_11            | fmul      | maxdsp                 | 2       |
|     fmul_32ns_32ns_32_3_max_dsp_1_U2379                        | 3    |        | res1_12            | fmul      | maxdsp                 | 2       |
|     fmul_32ns_32ns_32_3_max_dsp_1_U2380                        | 3    |        | res1_13            | fmul      | maxdsp                 | 2       |
|     fmul_32ns_32ns_32_3_max_dsp_1_U2381                        | 3    |        | res1_14            | fmul      | maxdsp                 | 2       |
|     fmul_32ns_32ns_32_3_max_dsp_1_U2382                        | 3    |        | res1_15            | fmul      | maxdsp                 | 2       |
|     fmul_32ns_32ns_32_3_max_dsp_1_U2383                        | 3    |        | res1_16            | fmul      | maxdsp                 | 2       |
|     fmul_32ns_32ns_32_3_max_dsp_1_U2384                        | 3    |        | res1_17            | fmul      | maxdsp                 | 2       |
|     fmul_32ns_32ns_32_3_max_dsp_1_U2385                        | 3    |        | res1_18            | fmul      | maxdsp                 | 2       |
|     fmul_32ns_32ns_32_3_max_dsp_1_U2386                        | 3    |        | res1_19            | fmul      | maxdsp                 | 2       |
|     fmul_32ns_32ns_32_3_max_dsp_1_U2387                        | 3    |        | res1_20            | fmul      | maxdsp                 | 2       |
|     fmul_32ns_32ns_32_3_max_dsp_1_U2388                        | 3    |        | res1_21            | fmul      | maxdsp                 | 2       |
|     fmul_32ns_32ns_32_3_max_dsp_1_U2389                        | 3    |        | res1_22            | fmul      | maxdsp                 | 2       |
|     fmul_32ns_32ns_32_3_max_dsp_1_U2390                        | 3    |        | res1_23            | fmul      | maxdsp                 | 2       |
|     fmul_32ns_32ns_32_3_max_dsp_1_U2391                        | 3    |        | res1_24            | fmul      | maxdsp                 | 2       |
|     fmul_32ns_32ns_32_3_max_dsp_1_U2392                        | 3    |        | res1_25            | fmul      | maxdsp                 | 2       |
|     fmul_32ns_32ns_32_3_max_dsp_1_U2393                        | 3    |        | res1_26            | fmul      | maxdsp                 | 2       |
|     fmul_32ns_32ns_32_3_max_dsp_1_U2394                        | 3    |        | res1_27            | fmul      | maxdsp                 | 2       |
|     fmul_32ns_32ns_32_3_max_dsp_1_U2395                        | 3    |        | res1_28            | fmul      | maxdsp                 | 2       |
|     fmul_32ns_32ns_32_3_max_dsp_1_U2396                        | 3    |        | res1_29            | fmul      | maxdsp                 | 2       |
|     fmul_32ns_32ns_32_3_max_dsp_1_U2367                        | 3    |        | sum1_946           | fmul      | maxdsp                 | 2       |
|     fadd_32ns_32ns_32_4_full_dsp_1_U2022                       | 2    |        | sum1               | fadd      | fulldsp                | 3       |
|     fadd_32ns_32ns_32_4_full_dsp_1_U2023                       | 2    |        | sum1_1             | fadd      | fulldsp                | 3       |
|     fadd_32ns_32ns_32_4_full_dsp_1_U2024                       | 2    |        | sum1_2             | fadd      | fulldsp                | 3       |
|     fadd_32ns_32ns_32_4_full_dsp_1_U2025                       | 2    |        | sum1_3             | fadd      | fulldsp                | 3       |
|     fadd_32ns_32ns_32_4_full_dsp_1_U2026                       | 2    |        | sum1_4             | fadd      | fulldsp                | 3       |
|     fadd_32ns_32ns_32_4_full_dsp_1_U2027                       | 2    |        | sum1_5             | fadd      | fulldsp                | 3       |
|     fadd_32ns_32ns_32_4_full_dsp_1_U2028                       | 2    |        | sum1_6             | fadd      | fulldsp                | 3       |
|     fadd_32ns_32ns_32_4_full_dsp_1_U2029                       | 2    |        | sum1_7             | fadd      | fulldsp                | 3       |
|     fadd_32ns_32ns_32_4_full_dsp_1_U2030                       | 2    |        | sum1_8             | fadd      | fulldsp                | 3       |
|     fadd_32ns_32ns_32_4_full_dsp_1_U2031                       | 2    |        | sum1_9             | fadd      | fulldsp                | 3       |
|     fadd_32ns_32ns_32_4_full_dsp_1_U2032                       | 2    |        | sum1_490           | fadd      | fulldsp                | 3       |
|     fadd_32ns_32ns_32_4_full_dsp_1_U2033                       | 2    |        | sum1_491           | fadd      | fulldsp                | 3       |
|     fadd_32ns_32ns_32_4_full_dsp_1_U2034                       | 2    |        | sum1_492           | fadd      | fulldsp                | 3       |
|     fadd_32ns_32ns_32_4_full_dsp_1_U2035                       | 2    |        | sum1_493           | fadd      | fulldsp                | 3       |
|     fadd_32ns_32ns_32_4_full_dsp_1_U2036                       | 2    |        | sum1_494           | fadd      | fulldsp                | 3       |
|     fadd_32ns_32ns_32_4_full_dsp_1_U2022                       | 2    |        | sum2               | fadd      | fulldsp                | 3       |
|     fadd_32ns_32ns_32_4_full_dsp_1_U2023                       | 2    |        | sum2_1             | fadd      | fulldsp                | 3       |
|     fadd_32ns_32ns_32_4_full_dsp_1_U2024                       | 2    |        | sum2_2             | fadd      | fulldsp                | 3       |
|     fadd_32ns_32ns_32_4_full_dsp_1_U2025                       | 2    |        | sum2_3             | fadd      | fulldsp                | 3       |
|     fadd_32ns_32ns_32_4_full_dsp_1_U2026                       | 2    |        | sum2_4             | fadd      | fulldsp                | 3       |
|     fadd_32ns_32ns_32_4_full_dsp_1_U2027                       | 2    |        | sum2_5             | fadd      | fulldsp                | 3       |
|     fadd_32ns_32ns_32_4_full_dsp_1_U2028                       | 2    |        | sum2_6             | fadd      | fulldsp                | 3       |
|     fadd_32ns_32ns_32_4_full_dsp_1_U2029                       | 2    |        | sum2_7             | fadd      | fulldsp                | 3       |
|     fadd_32ns_32ns_32_4_full_dsp_1_U2022                       | 2    |        | sum3               | fadd      | fulldsp                | 3       |
|     fadd_32ns_32ns_32_4_full_dsp_1_U2023                       | 2    |        | sum3_1             | fadd      | fulldsp                | 3       |
|     fadd_32ns_32ns_32_4_full_dsp_1_U2024                       | 2    |        | sum3_2             | fadd      | fulldsp                | 3       |
|     fadd_32ns_32ns_32_4_full_dsp_1_U2025                       | 2    |        | sum3_3             | fadd      | fulldsp                | 3       |
|     fadd_32ns_32ns_32_4_full_dsp_1_U2022                       | 2    |        | sum4               | fadd      | fulldsp                | 3       |
|     fadd_32ns_32ns_32_4_full_dsp_1_U2023                       | 2    |        | sum4_1             | fadd      | fulldsp                | 3       |
|     fadd_32ns_32ns_32_4_full_dsp_1_U2022                       | 2    |        | add76_i1_i         | fadd      | fulldsp                | 3       |
|     fadd_32ns_32ns_32_4_full_dsp_1_U2022                       | 2    |        | sum1_495           | fadd      | fulldsp                | 3       |
|     fadd_32ns_32ns_32_4_full_dsp_1_U2023                       | 2    |        | sum1_496           | fadd      | fulldsp                | 3       |
|     fadd_32ns_32ns_32_4_full_dsp_1_U2024                       | 2    |        | sum1_497           | fadd      | fulldsp                | 3       |
|     fadd_32ns_32ns_32_4_full_dsp_1_U2025                       | 2    |        | sum1_498           | fadd      | fulldsp                | 3       |
|     fadd_32ns_32ns_32_4_full_dsp_1_U2026                       | 2    |        | sum1_499           | fadd      | fulldsp                | 3       |
|     fadd_32ns_32ns_32_4_full_dsp_1_U2027                       | 2    |        | sum1_500           | fadd      | fulldsp                | 3       |
|     fadd_32ns_32ns_32_4_full_dsp_1_U2028                       | 2    |        | sum1_501           | fadd      | fulldsp                | 3       |
|     fadd_32ns_32ns_32_4_full_dsp_1_U2029                       | 2    |        | sum1_502           | fadd      | fulldsp                | 3       |
|     fadd_32ns_32ns_32_4_full_dsp_1_U2030                       | 2    |        | sum1_503           | fadd      | fulldsp                | 3       |
|     fadd_32ns_32ns_32_4_full_dsp_1_U2031                       | 2    |        | sum1_504           | fadd      | fulldsp                | 3       |
|     fadd_32ns_32ns_32_4_full_dsp_1_U2032                       | 2    |        | sum1_505           | fadd      | fulldsp                | 3       |
|     fadd_32ns_32ns_32_4_full_dsp_1_U2033                       | 2    |        | sum1_506           | fadd      | fulldsp                | 3       |
|     fadd_32ns_32ns_32_4_full_dsp_1_U2034                       | 2    |        | sum1_507           | fadd      | fulldsp                | 3       |
|     fadd_32ns_32ns_32_4_full_dsp_1_U2035                       | 2    |        | sum1_508           | fadd      | fulldsp                | 3       |
|     fadd_32ns_32ns_32_4_full_dsp_1_U2036                       | 2    |        | sum1_509           | fadd      | fulldsp                | 3       |
|     fadd_32ns_32ns_32_4_full_dsp_1_U2022                       | 2    |        | sum2_8             | fadd      | fulldsp                | 3       |
|     fadd_32ns_32ns_32_4_full_dsp_1_U2023                       | 2    |        | sum2_9             | fadd      | fulldsp                | 3       |
|     fadd_32ns_32ns_32_4_full_dsp_1_U2024                       | 2    |        | sum2_10            | fadd      | fulldsp                | 3       |
|     fadd_32ns_32ns_32_4_full_dsp_1_U2025                       | 2    |        | sum2_11            | fadd      | fulldsp                | 3       |
|     fadd_32ns_32ns_32_4_full_dsp_1_U2026                       | 2    |        | sum2_12            | fadd      | fulldsp                | 3       |
|     fadd_32ns_32ns_32_4_full_dsp_1_U2027                       | 2    |        | sum2_13            | fadd      | fulldsp                | 3       |
|     fadd_32ns_32ns_32_4_full_dsp_1_U2028                       | 2    |        | sum2_14            | fadd      | fulldsp                | 3       |
|     fadd_32ns_32ns_32_4_full_dsp_1_U2029                       | 2    |        | sum2_15            | fadd      | fulldsp                | 3       |
|     fadd_32ns_32ns_32_4_full_dsp_1_U2022                       | 2    |        | sum3_4             | fadd      | fulldsp                | 3       |
|     fadd_32ns_32ns_32_4_full_dsp_1_U2023                       | 2    |        | sum3_5             | fadd      | fulldsp                | 3       |
|     fadd_32ns_32ns_32_4_full_dsp_1_U2024                       | 2    |        | sum3_6             | fadd      | fulldsp                | 3       |
|     fadd_32ns_32ns_32_4_full_dsp_1_U2025                       | 2    |        | sum3_7             | fadd      | fulldsp                | 3       |
|     fadd_32ns_32ns_32_4_full_dsp_1_U2022                       | 2    |        | sum4_2             | fadd      | fulldsp                | 3       |
|     fadd_32ns_32ns_32_4_full_dsp_1_U2023                       | 2    |        | sum4_3             | fadd      | fulldsp                | 3       |
|     fadd_32ns_32ns_32_4_full_dsp_1_U2022                       | 2    |        | add76_i2_i         | fadd      | fulldsp                | 3       |
|     fmul_32ns_32ns_32_3_max_dsp_1_U2397                        | 3    |        | res1_31            | fmul      | maxdsp                 | 2       |
|     fmul_32ns_32ns_32_3_max_dsp_1_U2398                        | 3    |        | res1_32            | fmul      | maxdsp                 | 2       |
|     fmul_32ns_32ns_32_3_max_dsp_1_U2399                        | 3    |        | res1_33            | fmul      | maxdsp                 | 2       |
|     fmul_32ns_32ns_32_3_max_dsp_1_U2400                        | 3    |        | res1_34            | fmul      | maxdsp                 | 2       |
|     fmul_32ns_32ns_32_3_max_dsp_1_U2401                        | 3    |        | res1_35            | fmul      | maxdsp                 | 2       |
|     fmul_32ns_32ns_32_3_max_dsp_1_U2402                        | 3    |        | res1_36            | fmul      | maxdsp                 | 2       |
|     fmul_32ns_32ns_32_3_max_dsp_1_U2403                        | 3    |        | res1_37            | fmul      | maxdsp                 | 2       |
|     fmul_32ns_32ns_32_3_max_dsp_1_U2404                        | 3    |        | res1_38            | fmul      | maxdsp                 | 2       |
|     fmul_32ns_32ns_32_3_max_dsp_1_U2405                        | 3    |        | res1_39            | fmul      | maxdsp                 | 2       |
|     fmul_32ns_32ns_32_3_max_dsp_1_U2406                        | 3    |        | res1_40            | fmul      | maxdsp                 | 2       |
|     fmul_32ns_32ns_32_3_max_dsp_1_U2407                        | 3    |        | res1_41            | fmul      | maxdsp                 | 2       |
|     fmul_32ns_32ns_32_3_max_dsp_1_U2408                        | 3    |        | res1_42            | fmul      | maxdsp                 | 2       |
|     fmul_32ns_32ns_32_3_max_dsp_1_U2409                        | 3    |        | res1_43            | fmul      | maxdsp                 | 2       |
|     fmul_32ns_32ns_32_3_max_dsp_1_U2410                        | 3    |        | res1_44            | fmul      | maxdsp                 | 2       |
|     fmul_32ns_32ns_32_3_max_dsp_1_U2411                        | 3    |        | res1_45            | fmul      | maxdsp                 | 2       |
|     fmul_32ns_32ns_32_3_max_dsp_1_U2412                        | 3    |        | res1_46            | fmul      | maxdsp                 | 2       |
|     fmul_32ns_32ns_32_3_max_dsp_1_U2413                        | 3    |        | res1_47            | fmul      | maxdsp                 | 2       |
|     fmul_32ns_32ns_32_3_max_dsp_1_U2414                        | 3    |        | res1_48            | fmul      | maxdsp                 | 2       |
|     fmul_32ns_32ns_32_3_max_dsp_1_U2415                        | 3    |        | res1_49            | fmul      | maxdsp                 | 2       |
|     fmul_32ns_32ns_32_3_max_dsp_1_U2416                        | 3    |        | res1_50            | fmul      | maxdsp                 | 2       |
|     fmul_32ns_32ns_32_3_max_dsp_1_U2417                        | 3    |        | res1_51            | fmul      | maxdsp                 | 2       |
|     fmul_32ns_32ns_32_3_max_dsp_1_U2418                        | 3    |        | res1_52            | fmul      | maxdsp                 | 2       |
|     fmul_32ns_32ns_32_3_max_dsp_1_U2419                        | 3    |        | res1_53            | fmul      | maxdsp                 | 2       |
|     fmul_32ns_32ns_32_3_max_dsp_1_U2420                        | 3    |        | res1_54            | fmul      | maxdsp                 | 2       |
|     fmul_32ns_32ns_32_3_max_dsp_1_U2421                        | 3    |        | res1_55            | fmul      | maxdsp                 | 2       |
|     fmul_32ns_32ns_32_3_max_dsp_1_U2422                        | 3    |        | res1_56            | fmul      | maxdsp                 | 2       |
|     fmul_32ns_32ns_32_3_max_dsp_1_U2423                        | 3    |        | res1_57            | fmul      | maxdsp                 | 2       |
|     fmul_32ns_32ns_32_3_max_dsp_1_U2424                        | 3    |        | res1_58            | fmul      | maxdsp                 | 2       |
|     fmul_32ns_32ns_32_3_max_dsp_1_U2425                        | 3    |        | res1_59            | fmul      | maxdsp                 | 2       |
|     fmul_32ns_32ns_32_3_max_dsp_1_U2426                        | 3    |        | res1_60            | fmul      | maxdsp                 | 2       |
|     fmul_32ns_32ns_32_3_max_dsp_1_U2368                        | 3    |        | sum1_947           | fmul      | maxdsp                 | 2       |
|     fadd_32ns_32ns_32_4_full_dsp_1_U2037                       | 2    |        | sum1_511           | fadd      | fulldsp                | 3       |
|     fadd_32ns_32ns_32_4_full_dsp_1_U2038                       | 2    |        | sum1_512           | fadd      | fulldsp                | 3       |
|     fadd_32ns_32ns_32_4_full_dsp_1_U2039                       | 2    |        | sum1_513           | fadd      | fulldsp                | 3       |
|     fadd_32ns_32ns_32_4_full_dsp_1_U2040                       | 2    |        | sum1_514           | fadd      | fulldsp                | 3       |
|     fadd_32ns_32ns_32_4_full_dsp_1_U2041                       | 2    |        | sum1_515           | fadd      | fulldsp                | 3       |
|     fadd_32ns_32ns_32_4_full_dsp_1_U2042                       | 2    |        | sum1_516           | fadd      | fulldsp                | 3       |
|     fadd_32ns_32ns_32_4_full_dsp_1_U2043                       | 2    |        | sum1_517           | fadd      | fulldsp                | 3       |
|     fadd_32ns_32ns_32_4_full_dsp_1_U2044                       | 2    |        | sum1_518           | fadd      | fulldsp                | 3       |
|     fadd_32ns_32ns_32_4_full_dsp_1_U2045                       | 2    |        | sum1_519           | fadd      | fulldsp                | 3       |
|     fadd_32ns_32ns_32_4_full_dsp_1_U2046                       | 2    |        | sum1_520           | fadd      | fulldsp                | 3       |
|     fadd_32ns_32ns_32_4_full_dsp_1_U2047                       | 2    |        | sum1_521           | fadd      | fulldsp                | 3       |
|     fadd_32ns_32ns_32_4_full_dsp_1_U2048                       | 2    |        | sum1_522           | fadd      | fulldsp                | 3       |
|     fadd_32ns_32ns_32_4_full_dsp_1_U2049                       | 2    |        | sum1_523           | fadd      | fulldsp                | 3       |
|     fadd_32ns_32ns_32_4_full_dsp_1_U2050                       | 2    |        | sum1_524           | fadd      | fulldsp                | 3       |
|     fadd_32ns_32ns_32_4_full_dsp_1_U2051                       | 2    |        | sum1_525           | fadd      | fulldsp                | 3       |
|     fadd_32ns_32ns_32_4_full_dsp_1_U2030                       | 2    |        | sum2_16            | fadd      | fulldsp                | 3       |
|     fadd_32ns_32ns_32_4_full_dsp_1_U2031                       | 2    |        | sum2_17            | fadd      | fulldsp                | 3       |
|     fadd_32ns_32ns_32_4_full_dsp_1_U2032                       | 2    |        | sum2_18            | fadd      | fulldsp                | 3       |
|     fadd_32ns_32ns_32_4_full_dsp_1_U2033                       | 2    |        | sum2_19            | fadd      | fulldsp                | 3       |
|     fadd_32ns_32ns_32_4_full_dsp_1_U2034                       | 2    |        | sum2_20            | fadd      | fulldsp                | 3       |
|     fadd_32ns_32ns_32_4_full_dsp_1_U2035                       | 2    |        | sum2_21            | fadd      | fulldsp                | 3       |
|     fadd_32ns_32ns_32_4_full_dsp_1_U2036                       | 2    |        | sum2_22            | fadd      | fulldsp                | 3       |
|     fadd_32ns_32ns_32_4_full_dsp_1_U2037                       | 2    |        | sum2_23            | fadd      | fulldsp                | 3       |
|     fadd_32ns_32ns_32_4_full_dsp_1_U2026                       | 2    |        | sum3_8             | fadd      | fulldsp                | 3       |
|     fadd_32ns_32ns_32_4_full_dsp_1_U2027                       | 2    |        | sum3_9             | fadd      | fulldsp                | 3       |
|     fadd_32ns_32ns_32_4_full_dsp_1_U2028                       | 2    |        | sum3_10            | fadd      | fulldsp                | 3       |
|     fadd_32ns_32ns_32_4_full_dsp_1_U2029                       | 2    |        | sum3_11            | fadd      | fulldsp                | 3       |
|     fadd_32ns_32ns_32_4_full_dsp_1_U2024                       | 2    |        | sum4_4             | fadd      | fulldsp                | 3       |
|     fadd_32ns_32ns_32_4_full_dsp_1_U2025                       | 2    |        | sum4_5             | fadd      | fulldsp                | 3       |
|     fadd_32ns_32ns_32_4_full_dsp_1_U2023                       | 2    |        | add76_i3_i         | fadd      | fulldsp                | 3       |
|     fadd_32ns_32ns_32_4_full_dsp_1_U2037                       | 2    |        | sum1_526           | fadd      | fulldsp                | 3       |
|     fadd_32ns_32ns_32_4_full_dsp_1_U2038                       | 2    |        | sum1_527           | fadd      | fulldsp                | 3       |
|     fadd_32ns_32ns_32_4_full_dsp_1_U2039                       | 2    |        | sum1_528           | fadd      | fulldsp                | 3       |
|     fadd_32ns_32ns_32_4_full_dsp_1_U2040                       | 2    |        | sum1_529           | fadd      | fulldsp                | 3       |
|     fadd_32ns_32ns_32_4_full_dsp_1_U2041                       | 2    |        | sum1_530           | fadd      | fulldsp                | 3       |
|     fadd_32ns_32ns_32_4_full_dsp_1_U2042                       | 2    |        | sum1_531           | fadd      | fulldsp                | 3       |
|     fadd_32ns_32ns_32_4_full_dsp_1_U2043                       | 2    |        | sum1_532           | fadd      | fulldsp                | 3       |
|     fadd_32ns_32ns_32_4_full_dsp_1_U2044                       | 2    |        | sum1_533           | fadd      | fulldsp                | 3       |
|     fadd_32ns_32ns_32_4_full_dsp_1_U2045                       | 2    |        | sum1_534           | fadd      | fulldsp                | 3       |
|     fadd_32ns_32ns_32_4_full_dsp_1_U2046                       | 2    |        | sum1_535           | fadd      | fulldsp                | 3       |
|     fadd_32ns_32ns_32_4_full_dsp_1_U2047                       | 2    |        | sum1_536           | fadd      | fulldsp                | 3       |
|     fadd_32ns_32ns_32_4_full_dsp_1_U2048                       | 2    |        | sum1_537           | fadd      | fulldsp                | 3       |
|     fadd_32ns_32ns_32_4_full_dsp_1_U2049                       | 2    |        | sum1_538           | fadd      | fulldsp                | 3       |
|     fadd_32ns_32ns_32_4_full_dsp_1_U2050                       | 2    |        | sum1_539           | fadd      | fulldsp                | 3       |
|     fadd_32ns_32ns_32_4_full_dsp_1_U2051                       | 2    |        | sum1_540           | fadd      | fulldsp                | 3       |
|     fadd_32ns_32ns_32_4_full_dsp_1_U2030                       | 2    |        | sum2_24            | fadd      | fulldsp                | 3       |
|     fadd_32ns_32ns_32_4_full_dsp_1_U2031                       | 2    |        | sum2_25            | fadd      | fulldsp                | 3       |
|     fadd_32ns_32ns_32_4_full_dsp_1_U2032                       | 2    |        | sum2_26            | fadd      | fulldsp                | 3       |
|     fadd_32ns_32ns_32_4_full_dsp_1_U2033                       | 2    |        | sum2_27            | fadd      | fulldsp                | 3       |
|     fadd_32ns_32ns_32_4_full_dsp_1_U2034                       | 2    |        | sum2_28            | fadd      | fulldsp                | 3       |
|     fadd_32ns_32ns_32_4_full_dsp_1_U2035                       | 2    |        | sum2_29            | fadd      | fulldsp                | 3       |
|     fadd_32ns_32ns_32_4_full_dsp_1_U2036                       | 2    |        | sum2_30            | fadd      | fulldsp                | 3       |
|     fadd_32ns_32ns_32_4_full_dsp_1_U2037                       | 2    |        | sum2_31            | fadd      | fulldsp                | 3       |
|     fadd_32ns_32ns_32_4_full_dsp_1_U2026                       | 2    |        | sum3_12            | fadd      | fulldsp                | 3       |
|     fadd_32ns_32ns_32_4_full_dsp_1_U2027                       | 2    |        | sum3_13            | fadd      | fulldsp                | 3       |
|     fadd_32ns_32ns_32_4_full_dsp_1_U2028                       | 2    |        | sum3_14            | fadd      | fulldsp                | 3       |
|     fadd_32ns_32ns_32_4_full_dsp_1_U2029                       | 2    |        | sum3_15            | fadd      | fulldsp                | 3       |
|     fadd_32ns_32ns_32_4_full_dsp_1_U2024                       | 2    |        | sum4_6             | fadd      | fulldsp                | 3       |
|     fadd_32ns_32ns_32_4_full_dsp_1_U2025                       | 2    |        | sum4_7             | fadd      | fulldsp                | 3       |
|     fadd_32ns_32ns_32_4_full_dsp_1_U2023                       | 2    |        | add76_i4_i         | fadd      | fulldsp                | 3       |
|     fmul_32ns_32ns_32_3_max_dsp_1_U2427                        | 3    |        | res1_62            | fmul      | maxdsp                 | 2       |
|     fmul_32ns_32ns_32_3_max_dsp_1_U2428                        | 3    |        | res1_63            | fmul      | maxdsp                 | 2       |
|     fmul_32ns_32ns_32_3_max_dsp_1_U2429                        | 3    |        | res1_64            | fmul      | maxdsp                 | 2       |
|     fmul_32ns_32ns_32_3_max_dsp_1_U2430                        | 3    |        | res1_65            | fmul      | maxdsp                 | 2       |
|     fmul_32ns_32ns_32_3_max_dsp_1_U2431                        | 3    |        | res1_66            | fmul      | maxdsp                 | 2       |
|     fmul_32ns_32ns_32_3_max_dsp_1_U2432                        | 3    |        | res1_67            | fmul      | maxdsp                 | 2       |
|     fmul_32ns_32ns_32_3_max_dsp_1_U2433                        | 3    |        | res1_68            | fmul      | maxdsp                 | 2       |
|     fmul_32ns_32ns_32_3_max_dsp_1_U2434                        | 3    |        | res1_69            | fmul      | maxdsp                 | 2       |
|     fmul_32ns_32ns_32_3_max_dsp_1_U2435                        | 3    |        | res1_70            | fmul      | maxdsp                 | 2       |
|     fmul_32ns_32ns_32_3_max_dsp_1_U2436                        | 3    |        | res1_71            | fmul      | maxdsp                 | 2       |
|     fmul_32ns_32ns_32_3_max_dsp_1_U2437                        | 3    |        | res1_72            | fmul      | maxdsp                 | 2       |
|     fmul_32ns_32ns_32_3_max_dsp_1_U2438                        | 3    |        | res1_73            | fmul      | maxdsp                 | 2       |
|     fmul_32ns_32ns_32_3_max_dsp_1_U2439                        | 3    |        | res1_74            | fmul      | maxdsp                 | 2       |
|     fmul_32ns_32ns_32_3_max_dsp_1_U2440                        | 3    |        | res1_75            | fmul      | maxdsp                 | 2       |
|     fmul_32ns_32ns_32_3_max_dsp_1_U2441                        | 3    |        | res1_76            | fmul      | maxdsp                 | 2       |
|     fmul_32ns_32ns_32_3_max_dsp_1_U2442                        | 3    |        | res1_77            | fmul      | maxdsp                 | 2       |
|     fmul_32ns_32ns_32_3_max_dsp_1_U2443                        | 3    |        | res1_78            | fmul      | maxdsp                 | 2       |
|     fmul_32ns_32ns_32_3_max_dsp_1_U2444                        | 3    |        | res1_79            | fmul      | maxdsp                 | 2       |
|     fmul_32ns_32ns_32_3_max_dsp_1_U2445                        | 3    |        | res1_80            | fmul      | maxdsp                 | 2       |
|     fmul_32ns_32ns_32_3_max_dsp_1_U2446                        | 3    |        | res1_81            | fmul      | maxdsp                 | 2       |
|     fmul_32ns_32ns_32_3_max_dsp_1_U2447                        | 3    |        | res1_82            | fmul      | maxdsp                 | 2       |
|     fmul_32ns_32ns_32_3_max_dsp_1_U2448                        | 3    |        | res1_83            | fmul      | maxdsp                 | 2       |
|     fmul_32ns_32ns_32_3_max_dsp_1_U2449                        | 3    |        | res1_84            | fmul      | maxdsp                 | 2       |
|     fmul_32ns_32ns_32_3_max_dsp_1_U2450                        | 3    |        | res1_85            | fmul      | maxdsp                 | 2       |
|     fmul_32ns_32ns_32_3_max_dsp_1_U2451                        | 3    |        | res1_86            | fmul      | maxdsp                 | 2       |
|     fmul_32ns_32ns_32_3_max_dsp_1_U2452                        | 3    |        | res1_87            | fmul      | maxdsp                 | 2       |
|     fmul_32ns_32ns_32_3_max_dsp_1_U2453                        | 3    |        | res1_88            | fmul      | maxdsp                 | 2       |
|     fmul_32ns_32ns_32_3_max_dsp_1_U2454                        | 3    |        | res1_89            | fmul      | maxdsp                 | 2       |
|     fmul_32ns_32ns_32_3_max_dsp_1_U2455                        | 3    |        | res1_90            | fmul      | maxdsp                 | 2       |
|     fmul_32ns_32ns_32_3_max_dsp_1_U2456                        | 3    |        | res1_91            | fmul      | maxdsp                 | 2       |
|     fmul_32ns_32ns_32_3_max_dsp_1_U2369                        | 3    |        | sum1_948           | fmul      | maxdsp                 | 2       |
|     fadd_32ns_32ns_32_4_full_dsp_1_U2052                       | 2    |        | sum1_542           | fadd      | fulldsp                | 3       |
|     fadd_32ns_32ns_32_4_full_dsp_1_U2053                       | 2    |        | sum1_543           | fadd      | fulldsp                | 3       |
|     fadd_32ns_32ns_32_4_full_dsp_1_U2054                       | 2    |        | sum1_544           | fadd      | fulldsp                | 3       |
|     fadd_32ns_32ns_32_4_full_dsp_1_U2055                       | 2    |        | sum1_545           | fadd      | fulldsp                | 3       |
|     fadd_32ns_32ns_32_4_full_dsp_1_U2056                       | 2    |        | sum1_546           | fadd      | fulldsp                | 3       |
|     fadd_32ns_32ns_32_4_full_dsp_1_U2057                       | 2    |        | sum1_547           | fadd      | fulldsp                | 3       |
|     fadd_32ns_32ns_32_4_full_dsp_1_U2058                       | 2    |        | sum1_548           | fadd      | fulldsp                | 3       |
|     fadd_32ns_32ns_32_4_full_dsp_1_U2059                       | 2    |        | sum1_549           | fadd      | fulldsp                | 3       |
|     fadd_32ns_32ns_32_4_full_dsp_1_U2060                       | 2    |        | sum1_550           | fadd      | fulldsp                | 3       |
|     fadd_32ns_32ns_32_4_full_dsp_1_U2061                       | 2    |        | sum1_551           | fadd      | fulldsp                | 3       |
|     fadd_32ns_32ns_32_4_full_dsp_1_U2062                       | 2    |        | sum1_552           | fadd      | fulldsp                | 3       |
|     fadd_32ns_32ns_32_4_full_dsp_1_U2063                       | 2    |        | sum1_553           | fadd      | fulldsp                | 3       |
|     fadd_32ns_32ns_32_4_full_dsp_1_U2064                       | 2    |        | sum1_554           | fadd      | fulldsp                | 3       |
|     fadd_32ns_32ns_32_4_full_dsp_1_U2065                       | 2    |        | sum1_555           | fadd      | fulldsp                | 3       |
|     fadd_32ns_32ns_32_4_full_dsp_1_U2066                       | 2    |        | sum1_556           | fadd      | fulldsp                | 3       |
|     fadd_32ns_32ns_32_4_full_dsp_1_U2038                       | 2    |        | sum2_32            | fadd      | fulldsp                | 3       |
|     fadd_32ns_32ns_32_4_full_dsp_1_U2039                       | 2    |        | sum2_33            | fadd      | fulldsp                | 3       |
|     fadd_32ns_32ns_32_4_full_dsp_1_U2040                       | 2    |        | sum2_34            | fadd      | fulldsp                | 3       |
|     fadd_32ns_32ns_32_4_full_dsp_1_U2041                       | 2    |        | sum2_35            | fadd      | fulldsp                | 3       |
|     fadd_32ns_32ns_32_4_full_dsp_1_U2042                       | 2    |        | sum2_36            | fadd      | fulldsp                | 3       |
|     fadd_32ns_32ns_32_4_full_dsp_1_U2043                       | 2    |        | sum2_37            | fadd      | fulldsp                | 3       |
|     fadd_32ns_32ns_32_4_full_dsp_1_U2044                       | 2    |        | sum2_38            | fadd      | fulldsp                | 3       |
|     fadd_32ns_32ns_32_4_full_dsp_1_U2045                       | 2    |        | sum2_39            | fadd      | fulldsp                | 3       |
|     fadd_32ns_32ns_32_4_full_dsp_1_U2030                       | 2    |        | sum3_16            | fadd      | fulldsp                | 3       |
|     fadd_32ns_32ns_32_4_full_dsp_1_U2031                       | 2    |        | sum3_17            | fadd      | fulldsp                | 3       |
|     fadd_32ns_32ns_32_4_full_dsp_1_U2032                       | 2    |        | sum3_18            | fadd      | fulldsp                | 3       |
|     fadd_32ns_32ns_32_4_full_dsp_1_U2033                       | 2    |        | sum3_19            | fadd      | fulldsp                | 3       |
|     fadd_32ns_32ns_32_4_full_dsp_1_U2026                       | 2    |        | sum4_8             | fadd      | fulldsp                | 3       |
|     fadd_32ns_32ns_32_4_full_dsp_1_U2027                       | 2    |        | sum4_9             | fadd      | fulldsp                | 3       |
|     fadd_32ns_32ns_32_4_full_dsp_1_U2024                       | 2    |        | add76_i5_i         | fadd      | fulldsp                | 3       |
|     fadd_32ns_32ns_32_4_full_dsp_1_U2052                       | 2    |        | sum1_557           | fadd      | fulldsp                | 3       |
|     fadd_32ns_32ns_32_4_full_dsp_1_U2053                       | 2    |        | sum1_558           | fadd      | fulldsp                | 3       |
|     fadd_32ns_32ns_32_4_full_dsp_1_U2054                       | 2    |        | sum1_559           | fadd      | fulldsp                | 3       |
|     fadd_32ns_32ns_32_4_full_dsp_1_U2055                       | 2    |        | sum1_560           | fadd      | fulldsp                | 3       |
|     fadd_32ns_32ns_32_4_full_dsp_1_U2056                       | 2    |        | sum1_561           | fadd      | fulldsp                | 3       |
|     fadd_32ns_32ns_32_4_full_dsp_1_U2057                       | 2    |        | sum1_562           | fadd      | fulldsp                | 3       |
|     fadd_32ns_32ns_32_4_full_dsp_1_U2058                       | 2    |        | sum1_563           | fadd      | fulldsp                | 3       |
|     fadd_32ns_32ns_32_4_full_dsp_1_U2059                       | 2    |        | sum1_564           | fadd      | fulldsp                | 3       |
|     fadd_32ns_32ns_32_4_full_dsp_1_U2060                       | 2    |        | sum1_565           | fadd      | fulldsp                | 3       |
|     fadd_32ns_32ns_32_4_full_dsp_1_U2061                       | 2    |        | sum1_566           | fadd      | fulldsp                | 3       |
|     fadd_32ns_32ns_32_4_full_dsp_1_U2062                       | 2    |        | sum1_567           | fadd      | fulldsp                | 3       |
|     fadd_32ns_32ns_32_4_full_dsp_1_U2063                       | 2    |        | sum1_568           | fadd      | fulldsp                | 3       |
|     fadd_32ns_32ns_32_4_full_dsp_1_U2064                       | 2    |        | sum1_569           | fadd      | fulldsp                | 3       |
|     fadd_32ns_32ns_32_4_full_dsp_1_U2065                       | 2    |        | sum1_570           | fadd      | fulldsp                | 3       |
|     fadd_32ns_32ns_32_4_full_dsp_1_U2066                       | 2    |        | sum1_571           | fadd      | fulldsp                | 3       |
|     fadd_32ns_32ns_32_4_full_dsp_1_U2038                       | 2    |        | sum2_40            | fadd      | fulldsp                | 3       |
|     fadd_32ns_32ns_32_4_full_dsp_1_U2039                       | 2    |        | sum2_41            | fadd      | fulldsp                | 3       |
|     fadd_32ns_32ns_32_4_full_dsp_1_U2040                       | 2    |        | sum2_42            | fadd      | fulldsp                | 3       |
|     fadd_32ns_32ns_32_4_full_dsp_1_U2041                       | 2    |        | sum2_43            | fadd      | fulldsp                | 3       |
|     fadd_32ns_32ns_32_4_full_dsp_1_U2042                       | 2    |        | sum2_44            | fadd      | fulldsp                | 3       |
|     fadd_32ns_32ns_32_4_full_dsp_1_U2043                       | 2    |        | sum2_45            | fadd      | fulldsp                | 3       |
|     fadd_32ns_32ns_32_4_full_dsp_1_U2044                       | 2    |        | sum2_46            | fadd      | fulldsp                | 3       |
|     fadd_32ns_32ns_32_4_full_dsp_1_U2045                       | 2    |        | sum2_47            | fadd      | fulldsp                | 3       |
|     fadd_32ns_32ns_32_4_full_dsp_1_U2030                       | 2    |        | sum3_20            | fadd      | fulldsp                | 3       |
|     fadd_32ns_32ns_32_4_full_dsp_1_U2031                       | 2    |        | sum3_21            | fadd      | fulldsp                | 3       |
|     fadd_32ns_32ns_32_4_full_dsp_1_U2032                       | 2    |        | sum3_22            | fadd      | fulldsp                | 3       |
|     fadd_32ns_32ns_32_4_full_dsp_1_U2033                       | 2    |        | sum3_23            | fadd      | fulldsp                | 3       |
|     fadd_32ns_32ns_32_4_full_dsp_1_U2026                       | 2    |        | sum4_10            | fadd      | fulldsp                | 3       |
|     fadd_32ns_32ns_32_4_full_dsp_1_U2027                       | 2    |        | sum4_11            | fadd      | fulldsp                | 3       |
|     fadd_32ns_32ns_32_4_full_dsp_1_U2024                       | 2    |        | add76_i6_i         | fadd      | fulldsp                | 3       |
|     fmul_32ns_32ns_32_3_max_dsp_1_U2457                        | 3    |        | res1_93            | fmul      | maxdsp                 | 2       |
|     fmul_32ns_32ns_32_3_max_dsp_1_U2458                        | 3    |        | res1_94            | fmul      | maxdsp                 | 2       |
|     fmul_32ns_32ns_32_3_max_dsp_1_U2459                        | 3    |        | res1_95            | fmul      | maxdsp                 | 2       |
|     fmul_32ns_32ns_32_3_max_dsp_1_U2460                        | 3    |        | res1_96            | fmul      | maxdsp                 | 2       |
|     fmul_32ns_32ns_32_3_max_dsp_1_U2461                        | 3    |        | res1_97            | fmul      | maxdsp                 | 2       |
|     fmul_32ns_32ns_32_3_max_dsp_1_U2462                        | 3    |        | res1_98            | fmul      | maxdsp                 | 2       |
|     fmul_32ns_32ns_32_3_max_dsp_1_U2463                        | 3    |        | res1_99            | fmul      | maxdsp                 | 2       |
|     fmul_32ns_32ns_32_3_max_dsp_1_U2464                        | 3    |        | res1_100           | fmul      | maxdsp                 | 2       |
|     fmul_32ns_32ns_32_3_max_dsp_1_U2465                        | 3    |        | res1_101           | fmul      | maxdsp                 | 2       |
|     fmul_32ns_32ns_32_3_max_dsp_1_U2466                        | 3    |        | res1_102           | fmul      | maxdsp                 | 2       |
|     fmul_32ns_32ns_32_3_max_dsp_1_U2467                        | 3    |        | res1_103           | fmul      | maxdsp                 | 2       |
|     fmul_32ns_32ns_32_3_max_dsp_1_U2468                        | 3    |        | res1_104           | fmul      | maxdsp                 | 2       |
|     fmul_32ns_32ns_32_3_max_dsp_1_U2469                        | 3    |        | res1_105           | fmul      | maxdsp                 | 2       |
|     fmul_32ns_32ns_32_3_max_dsp_1_U2470                        | 3    |        | res1_106           | fmul      | maxdsp                 | 2       |
|     fmul_32ns_32ns_32_3_max_dsp_1_U2471                        | 3    |        | res1_107           | fmul      | maxdsp                 | 2       |
|     fmul_32ns_32ns_32_3_max_dsp_1_U2472                        | 3    |        | res1_108           | fmul      | maxdsp                 | 2       |
|     fmul_32ns_32ns_32_3_max_dsp_1_U2473                        | 3    |        | res1_109           | fmul      | maxdsp                 | 2       |
|     fmul_32ns_32ns_32_3_max_dsp_1_U2474                        | 3    |        | res1_110           | fmul      | maxdsp                 | 2       |
|     fmul_32ns_32ns_32_3_max_dsp_1_U2475                        | 3    |        | res1_111           | fmul      | maxdsp                 | 2       |
|     fmul_32ns_32ns_32_3_max_dsp_1_U2476                        | 3    |        | res1_112           | fmul      | maxdsp                 | 2       |
|     fmul_32ns_32ns_32_3_max_dsp_1_U2477                        | 3    |        | res1_113           | fmul      | maxdsp                 | 2       |
|     fmul_32ns_32ns_32_3_max_dsp_1_U2478                        | 3    |        | res1_114           | fmul      | maxdsp                 | 2       |
|     fmul_32ns_32ns_32_3_max_dsp_1_U2479                        | 3    |        | res1_115           | fmul      | maxdsp                 | 2       |
|     fmul_32ns_32ns_32_3_max_dsp_1_U2480                        | 3    |        | res1_116           | fmul      | maxdsp                 | 2       |
|     fmul_32ns_32ns_32_3_max_dsp_1_U2481                        | 3    |        | res1_117           | fmul      | maxdsp                 | 2       |
|     fmul_32ns_32ns_32_3_max_dsp_1_U2482                        | 3    |        | res1_118           | fmul      | maxdsp                 | 2       |
|     fmul_32ns_32ns_32_3_max_dsp_1_U2483                        | 3    |        | res1_119           | fmul      | maxdsp                 | 2       |
|     fmul_32ns_32ns_32_3_max_dsp_1_U2484                        | 3    |        | res1_120           | fmul      | maxdsp                 | 2       |
|     fmul_32ns_32ns_32_3_max_dsp_1_U2485                        | 3    |        | res1_121           | fmul      | maxdsp                 | 2       |
|     fmul_32ns_32ns_32_3_max_dsp_1_U2486                        | 3    |        | res1_122           | fmul      | maxdsp                 | 2       |
|     fmul_32ns_32ns_32_3_max_dsp_1_U2370                        | 3    |        | sum1_949           | fmul      | maxdsp                 | 2       |
|     fadd_32ns_32ns_32_4_full_dsp_1_U2067                       | 2    |        | sum1_573           | fadd      | fulldsp                | 3       |
|     fadd_32ns_32ns_32_4_full_dsp_1_U2068                       | 2    |        | sum1_574           | fadd      | fulldsp                | 3       |
|     fadd_32ns_32ns_32_4_full_dsp_1_U2069                       | 2    |        | sum1_575           | fadd      | fulldsp                | 3       |
|     fadd_32ns_32ns_32_4_full_dsp_1_U2070                       | 2    |        | sum1_576           | fadd      | fulldsp                | 3       |
|     fadd_32ns_32ns_32_4_full_dsp_1_U2071                       | 2    |        | sum1_577           | fadd      | fulldsp                | 3       |
|     fadd_32ns_32ns_32_4_full_dsp_1_U2072                       | 2    |        | sum1_578           | fadd      | fulldsp                | 3       |
|     fadd_32ns_32ns_32_4_full_dsp_1_U2073                       | 2    |        | sum1_579           | fadd      | fulldsp                | 3       |
|     fadd_32ns_32ns_32_4_full_dsp_1_U2074                       | 2    |        | sum1_580           | fadd      | fulldsp                | 3       |
|     fadd_32ns_32ns_32_4_full_dsp_1_U2075                       | 2    |        | sum1_581           | fadd      | fulldsp                | 3       |
|     fadd_32ns_32ns_32_4_full_dsp_1_U2076                       | 2    |        | sum1_582           | fadd      | fulldsp                | 3       |
|     fadd_32ns_32ns_32_4_full_dsp_1_U2077                       | 2    |        | sum1_583           | fadd      | fulldsp                | 3       |
|     fadd_32ns_32ns_32_4_full_dsp_1_U2078                       | 2    |        | sum1_584           | fadd      | fulldsp                | 3       |
|     fadd_32ns_32ns_32_4_full_dsp_1_U2079                       | 2    |        | sum1_585           | fadd      | fulldsp                | 3       |
|     fadd_32ns_32ns_32_4_full_dsp_1_U2080                       | 2    |        | sum1_586           | fadd      | fulldsp                | 3       |
|     fadd_32ns_32ns_32_4_full_dsp_1_U2081                       | 2    |        | sum1_587           | fadd      | fulldsp                | 3       |
|     fadd_32ns_32ns_32_4_full_dsp_1_U2046                       | 2    |        | sum2_48            | fadd      | fulldsp                | 3       |
|     fadd_32ns_32ns_32_4_full_dsp_1_U2047                       | 2    |        | sum2_49            | fadd      | fulldsp                | 3       |
|     fadd_32ns_32ns_32_4_full_dsp_1_U2048                       | 2    |        | sum2_50            | fadd      | fulldsp                | 3       |
|     fadd_32ns_32ns_32_4_full_dsp_1_U2049                       | 2    |        | sum2_51            | fadd      | fulldsp                | 3       |
|     fadd_32ns_32ns_32_4_full_dsp_1_U2050                       | 2    |        | sum2_52            | fadd      | fulldsp                | 3       |
|     fadd_32ns_32ns_32_4_full_dsp_1_U2051                       | 2    |        | sum2_53            | fadd      | fulldsp                | 3       |
|     fadd_32ns_32ns_32_4_full_dsp_1_U2052                       | 2    |        | sum2_54            | fadd      | fulldsp                | 3       |
|     fadd_32ns_32ns_32_4_full_dsp_1_U2053                       | 2    |        | sum2_55            | fadd      | fulldsp                | 3       |
|     fadd_32ns_32ns_32_4_full_dsp_1_U2034                       | 2    |        | sum3_24            | fadd      | fulldsp                | 3       |
|     fadd_32ns_32ns_32_4_full_dsp_1_U2035                       | 2    |        | sum3_25            | fadd      | fulldsp                | 3       |
|     fadd_32ns_32ns_32_4_full_dsp_1_U2036                       | 2    |        | sum3_26            | fadd      | fulldsp                | 3       |
|     fadd_32ns_32ns_32_4_full_dsp_1_U2037                       | 2    |        | sum3_27            | fadd      | fulldsp                | 3       |
|     fadd_32ns_32ns_32_4_full_dsp_1_U2028                       | 2    |        | sum4_12            | fadd      | fulldsp                | 3       |
|     fadd_32ns_32ns_32_4_full_dsp_1_U2029                       | 2    |        | sum4_13            | fadd      | fulldsp                | 3       |
|     fadd_32ns_32ns_32_4_full_dsp_1_U2025                       | 2    |        | add76_i7_i         | fadd      | fulldsp                | 3       |
|     fadd_32ns_32ns_32_4_full_dsp_1_U2067                       | 2    |        | sum1_588           | fadd      | fulldsp                | 3       |
|     fadd_32ns_32ns_32_4_full_dsp_1_U2068                       | 2    |        | sum1_589           | fadd      | fulldsp                | 3       |
|     fadd_32ns_32ns_32_4_full_dsp_1_U2069                       | 2    |        | sum1_590           | fadd      | fulldsp                | 3       |
|     fadd_32ns_32ns_32_4_full_dsp_1_U2070                       | 2    |        | sum1_591           | fadd      | fulldsp                | 3       |
|     fadd_32ns_32ns_32_4_full_dsp_1_U2071                       | 2    |        | sum1_592           | fadd      | fulldsp                | 3       |
|     fadd_32ns_32ns_32_4_full_dsp_1_U2072                       | 2    |        | sum1_593           | fadd      | fulldsp                | 3       |
|     fadd_32ns_32ns_32_4_full_dsp_1_U2073                       | 2    |        | sum1_594           | fadd      | fulldsp                | 3       |
|     fadd_32ns_32ns_32_4_full_dsp_1_U2074                       | 2    |        | sum1_595           | fadd      | fulldsp                | 3       |
|     fadd_32ns_32ns_32_4_full_dsp_1_U2075                       | 2    |        | sum1_596           | fadd      | fulldsp                | 3       |
|     fadd_32ns_32ns_32_4_full_dsp_1_U2076                       | 2    |        | sum1_597           | fadd      | fulldsp                | 3       |
|     fadd_32ns_32ns_32_4_full_dsp_1_U2077                       | 2    |        | sum1_598           | fadd      | fulldsp                | 3       |
|     fadd_32ns_32ns_32_4_full_dsp_1_U2078                       | 2    |        | sum1_599           | fadd      | fulldsp                | 3       |
|     fadd_32ns_32ns_32_4_full_dsp_1_U2079                       | 2    |        | sum1_600           | fadd      | fulldsp                | 3       |
|     fadd_32ns_32ns_32_4_full_dsp_1_U2080                       | 2    |        | sum1_601           | fadd      | fulldsp                | 3       |
|     fadd_32ns_32ns_32_4_full_dsp_1_U2081                       | 2    |        | sum1_602           | fadd      | fulldsp                | 3       |
|     fadd_32ns_32ns_32_4_full_dsp_1_U2046                       | 2    |        | sum2_56            | fadd      | fulldsp                | 3       |
|     fadd_32ns_32ns_32_4_full_dsp_1_U2047                       | 2    |        | sum2_57            | fadd      | fulldsp                | 3       |
|     fadd_32ns_32ns_32_4_full_dsp_1_U2048                       | 2    |        | sum2_58            | fadd      | fulldsp                | 3       |
|     fadd_32ns_32ns_32_4_full_dsp_1_U2049                       | 2    |        | sum2_59            | fadd      | fulldsp                | 3       |
|     fadd_32ns_32ns_32_4_full_dsp_1_U2050                       | 2    |        | sum2_60            | fadd      | fulldsp                | 3       |
|     fadd_32ns_32ns_32_4_full_dsp_1_U2051                       | 2    |        | sum2_61            | fadd      | fulldsp                | 3       |
|     fadd_32ns_32ns_32_4_full_dsp_1_U2052                       | 2    |        | sum2_62            | fadd      | fulldsp                | 3       |
|     fadd_32ns_32ns_32_4_full_dsp_1_U2053                       | 2    |        | sum2_63            | fadd      | fulldsp                | 3       |
|     fadd_32ns_32ns_32_4_full_dsp_1_U2034                       | 2    |        | sum3_28            | fadd      | fulldsp                | 3       |
|     fadd_32ns_32ns_32_4_full_dsp_1_U2035                       | 2    |        | sum3_29            | fadd      | fulldsp                | 3       |
|     fadd_32ns_32ns_32_4_full_dsp_1_U2036                       | 2    |        | sum3_30            | fadd      | fulldsp                | 3       |
|     fadd_32ns_32ns_32_4_full_dsp_1_U2037                       | 2    |        | sum3_31            | fadd      | fulldsp                | 3       |
|     fadd_32ns_32ns_32_4_full_dsp_1_U2028                       | 2    |        | sum4_14            | fadd      | fulldsp                | 3       |
|     fadd_32ns_32ns_32_4_full_dsp_1_U2029                       | 2    |        | sum4_15            | fadd      | fulldsp                | 3       |
|     fadd_32ns_32ns_32_4_full_dsp_1_U2025                       | 2    |        | add76_i8_i         | fadd      | fulldsp                | 3       |
|     fmul_32ns_32ns_32_3_max_dsp_1_U2487                        | 3    |        | res1_124           | fmul      | maxdsp                 | 2       |
|     fmul_32ns_32ns_32_3_max_dsp_1_U2488                        | 3    |        | res1_125           | fmul      | maxdsp                 | 2       |
|     fmul_32ns_32ns_32_3_max_dsp_1_U2489                        | 3    |        | res1_126           | fmul      | maxdsp                 | 2       |
|     fmul_32ns_32ns_32_3_max_dsp_1_U2490                        | 3    |        | res1_127           | fmul      | maxdsp                 | 2       |
|     fmul_32ns_32ns_32_3_max_dsp_1_U2491                        | 3    |        | res1_128           | fmul      | maxdsp                 | 2       |
|     fmul_32ns_32ns_32_3_max_dsp_1_U2492                        | 3    |        | res1_129           | fmul      | maxdsp                 | 2       |
|     fmul_32ns_32ns_32_3_max_dsp_1_U2493                        | 3    |        | res1_130           | fmul      | maxdsp                 | 2       |
|     fmul_32ns_32ns_32_3_max_dsp_1_U2494                        | 3    |        | res1_131           | fmul      | maxdsp                 | 2       |
|     fmul_32ns_32ns_32_3_max_dsp_1_U2495                        | 3    |        | res1_132           | fmul      | maxdsp                 | 2       |
|     fmul_32ns_32ns_32_3_max_dsp_1_U2496                        | 3    |        | res1_133           | fmul      | maxdsp                 | 2       |
|     fmul_32ns_32ns_32_3_max_dsp_1_U2497                        | 3    |        | res1_134           | fmul      | maxdsp                 | 2       |
|     fmul_32ns_32ns_32_3_max_dsp_1_U2498                        | 3    |        | res1_135           | fmul      | maxdsp                 | 2       |
|     fmul_32ns_32ns_32_3_max_dsp_1_U2499                        | 3    |        | res1_136           | fmul      | maxdsp                 | 2       |
|     fmul_32ns_32ns_32_3_max_dsp_1_U2500                        | 3    |        | res1_137           | fmul      | maxdsp                 | 2       |
|     fmul_32ns_32ns_32_3_max_dsp_1_U2501                        | 3    |        | res1_138           | fmul      | maxdsp                 | 2       |
|     fmul_32ns_32ns_32_3_max_dsp_1_U2502                        | 3    |        | res1_139           | fmul      | maxdsp                 | 2       |
|     fmul_32ns_32ns_32_3_max_dsp_1_U2503                        | 3    |        | res1_140           | fmul      | maxdsp                 | 2       |
|     fmul_32ns_32ns_32_3_max_dsp_1_U2504                        | 3    |        | res1_141           | fmul      | maxdsp                 | 2       |
|     fmul_32ns_32ns_32_3_max_dsp_1_U2505                        | 3    |        | res1_142           | fmul      | maxdsp                 | 2       |
|     fmul_32ns_32ns_32_3_max_dsp_1_U2506                        | 3    |        | res1_143           | fmul      | maxdsp                 | 2       |
|     fmul_32ns_32ns_32_3_max_dsp_1_U2507                        | 3    |        | res1_144           | fmul      | maxdsp                 | 2       |
|     fmul_32ns_32ns_32_3_max_dsp_1_U2508                        | 3    |        | res1_145           | fmul      | maxdsp                 | 2       |
|     fmul_32ns_32ns_32_3_max_dsp_1_U2509                        | 3    |        | res1_146           | fmul      | maxdsp                 | 2       |
|     fmul_32ns_32ns_32_3_max_dsp_1_U2510                        | 3    |        | res1_147           | fmul      | maxdsp                 | 2       |
|     fmul_32ns_32ns_32_3_max_dsp_1_U2511                        | 3    |        | res1_148           | fmul      | maxdsp                 | 2       |
|     fmul_32ns_32ns_32_3_max_dsp_1_U2512                        | 3    |        | res1_149           | fmul      | maxdsp                 | 2       |
|     fmul_32ns_32ns_32_3_max_dsp_1_U2513                        | 3    |        | res1_150           | fmul      | maxdsp                 | 2       |
|     fmul_32ns_32ns_32_3_max_dsp_1_U2514                        | 3    |        | res1_151           | fmul      | maxdsp                 | 2       |
|     fmul_32ns_32ns_32_3_max_dsp_1_U2515                        | 3    |        | res1_152           | fmul      | maxdsp                 | 2       |
|     fmul_32ns_32ns_32_3_max_dsp_1_U2516                        | 3    |        | res1_153           | fmul      | maxdsp                 | 2       |
|     fmul_32ns_32ns_32_3_max_dsp_1_U2371                        | 3    |        | sum1_950           | fmul      | maxdsp                 | 2       |
|     fadd_32ns_32ns_32_4_full_dsp_1_U2082                       | 2    |        | sum1_604           | fadd      | fulldsp                | 3       |
|     fadd_32ns_32ns_32_4_full_dsp_1_U2083                       | 2    |        | sum1_605           | fadd      | fulldsp                | 3       |
|     fadd_32ns_32ns_32_4_full_dsp_1_U2084                       | 2    |        | sum1_606           | fadd      | fulldsp                | 3       |
|     fadd_32ns_32ns_32_4_full_dsp_1_U2085                       | 2    |        | sum1_607           | fadd      | fulldsp                | 3       |
|     fadd_32ns_32ns_32_4_full_dsp_1_U2086                       | 2    |        | sum1_608           | fadd      | fulldsp                | 3       |
|     fadd_32ns_32ns_32_4_full_dsp_1_U2087                       | 2    |        | sum1_609           | fadd      | fulldsp                | 3       |
|     fadd_32ns_32ns_32_4_full_dsp_1_U2088                       | 2    |        | sum1_610           | fadd      | fulldsp                | 3       |
|     fadd_32ns_32ns_32_4_full_dsp_1_U2089                       | 2    |        | sum1_611           | fadd      | fulldsp                | 3       |
|     fadd_32ns_32ns_32_4_full_dsp_1_U2090                       | 2    |        | sum1_612           | fadd      | fulldsp                | 3       |
|     fadd_32ns_32ns_32_4_full_dsp_1_U2091                       | 2    |        | sum1_613           | fadd      | fulldsp                | 3       |
|     fadd_32ns_32ns_32_4_full_dsp_1_U2092                       | 2    |        | sum1_614           | fadd      | fulldsp                | 3       |
|     fadd_32ns_32ns_32_4_full_dsp_1_U2093                       | 2    |        | sum1_615           | fadd      | fulldsp                | 3       |
|     fadd_32ns_32ns_32_4_full_dsp_1_U2094                       | 2    |        | sum1_616           | fadd      | fulldsp                | 3       |
|     fadd_32ns_32ns_32_4_full_dsp_1_U2095                       | 2    |        | sum1_617           | fadd      | fulldsp                | 3       |
|     fadd_32ns_32ns_32_4_full_dsp_1_U2096                       | 2    |        | sum1_618           | fadd      | fulldsp                | 3       |
|     fadd_32ns_32ns_32_4_full_dsp_1_U2054                       | 2    |        | sum2_64            | fadd      | fulldsp                | 3       |
|     fadd_32ns_32ns_32_4_full_dsp_1_U2055                       | 2    |        | sum2_65            | fadd      | fulldsp                | 3       |
|     fadd_32ns_32ns_32_4_full_dsp_1_U2056                       | 2    |        | sum2_66            | fadd      | fulldsp                | 3       |
|     fadd_32ns_32ns_32_4_full_dsp_1_U2057                       | 2    |        | sum2_67            | fadd      | fulldsp                | 3       |
|     fadd_32ns_32ns_32_4_full_dsp_1_U2058                       | 2    |        | sum2_68            | fadd      | fulldsp                | 3       |
|     fadd_32ns_32ns_32_4_full_dsp_1_U2059                       | 2    |        | sum2_69            | fadd      | fulldsp                | 3       |
|     fadd_32ns_32ns_32_4_full_dsp_1_U2060                       | 2    |        | sum2_70            | fadd      | fulldsp                | 3       |
|     fadd_32ns_32ns_32_4_full_dsp_1_U2061                       | 2    |        | sum2_71            | fadd      | fulldsp                | 3       |
|     fadd_32ns_32ns_32_4_full_dsp_1_U2038                       | 2    |        | sum3_32            | fadd      | fulldsp                | 3       |
|     fadd_32ns_32ns_32_4_full_dsp_1_U2039                       | 2    |        | sum3_33            | fadd      | fulldsp                | 3       |
|     fadd_32ns_32ns_32_4_full_dsp_1_U2040                       | 2    |        | sum3_34            | fadd      | fulldsp                | 3       |
|     fadd_32ns_32ns_32_4_full_dsp_1_U2041                       | 2    |        | sum3_35            | fadd      | fulldsp                | 3       |
|     fadd_32ns_32ns_32_4_full_dsp_1_U2030                       | 2    |        | sum4_16            | fadd      | fulldsp                | 3       |
|     fadd_32ns_32ns_32_4_full_dsp_1_U2031                       | 2    |        | sum4_17            | fadd      | fulldsp                | 3       |
|     fadd_32ns_32ns_32_4_full_dsp_1_U2026                       | 2    |        | add76_i9_i         | fadd      | fulldsp                | 3       |
|     fadd_32ns_32ns_32_4_full_dsp_1_U2082                       | 2    |        | sum1_619           | fadd      | fulldsp                | 3       |
|     fadd_32ns_32ns_32_4_full_dsp_1_U2083                       | 2    |        | sum1_620           | fadd      | fulldsp                | 3       |
|     fadd_32ns_32ns_32_4_full_dsp_1_U2084                       | 2    |        | sum1_621           | fadd      | fulldsp                | 3       |
|     fadd_32ns_32ns_32_4_full_dsp_1_U2085                       | 2    |        | sum1_622           | fadd      | fulldsp                | 3       |
|     fadd_32ns_32ns_32_4_full_dsp_1_U2086                       | 2    |        | sum1_623           | fadd      | fulldsp                | 3       |
|     fadd_32ns_32ns_32_4_full_dsp_1_U2087                       | 2    |        | sum1_624           | fadd      | fulldsp                | 3       |
|     fadd_32ns_32ns_32_4_full_dsp_1_U2088                       | 2    |        | sum1_625           | fadd      | fulldsp                | 3       |
|     fadd_32ns_32ns_32_4_full_dsp_1_U2089                       | 2    |        | sum1_626           | fadd      | fulldsp                | 3       |
|     fadd_32ns_32ns_32_4_full_dsp_1_U2090                       | 2    |        | sum1_627           | fadd      | fulldsp                | 3       |
|     fadd_32ns_32ns_32_4_full_dsp_1_U2091                       | 2    |        | sum1_628           | fadd      | fulldsp                | 3       |
|     fadd_32ns_32ns_32_4_full_dsp_1_U2092                       | 2    |        | sum1_629           | fadd      | fulldsp                | 3       |
|     fadd_32ns_32ns_32_4_full_dsp_1_U2093                       | 2    |        | sum1_630           | fadd      | fulldsp                | 3       |
|     fadd_32ns_32ns_32_4_full_dsp_1_U2094                       | 2    |        | sum1_631           | fadd      | fulldsp                | 3       |
|     fadd_32ns_32ns_32_4_full_dsp_1_U2095                       | 2    |        | sum1_632           | fadd      | fulldsp                | 3       |
|     fadd_32ns_32ns_32_4_full_dsp_1_U2096                       | 2    |        | sum1_633           | fadd      | fulldsp                | 3       |
|     fadd_32ns_32ns_32_4_full_dsp_1_U2054                       | 2    |        | sum2_72            | fadd      | fulldsp                | 3       |
|     fadd_32ns_32ns_32_4_full_dsp_1_U2055                       | 2    |        | sum2_73            | fadd      | fulldsp                | 3       |
|     fadd_32ns_32ns_32_4_full_dsp_1_U2056                       | 2    |        | sum2_74            | fadd      | fulldsp                | 3       |
|     fadd_32ns_32ns_32_4_full_dsp_1_U2057                       | 2    |        | sum2_75            | fadd      | fulldsp                | 3       |
|     fadd_32ns_32ns_32_4_full_dsp_1_U2058                       | 2    |        | sum2_76            | fadd      | fulldsp                | 3       |
|     fadd_32ns_32ns_32_4_full_dsp_1_U2059                       | 2    |        | sum2_77            | fadd      | fulldsp                | 3       |
|     fadd_32ns_32ns_32_4_full_dsp_1_U2060                       | 2    |        | sum2_78            | fadd      | fulldsp                | 3       |
|     fadd_32ns_32ns_32_4_full_dsp_1_U2061                       | 2    |        | sum2_79            | fadd      | fulldsp                | 3       |
|     fadd_32ns_32ns_32_4_full_dsp_1_U2038                       | 2    |        | sum3_36            | fadd      | fulldsp                | 3       |
|     fadd_32ns_32ns_32_4_full_dsp_1_U2039                       | 2    |        | sum3_37            | fadd      | fulldsp                | 3       |
|     fadd_32ns_32ns_32_4_full_dsp_1_U2040                       | 2    |        | sum3_38            | fadd      | fulldsp                | 3       |
|     fadd_32ns_32ns_32_4_full_dsp_1_U2041                       | 2    |        | sum3_39            | fadd      | fulldsp                | 3       |
|     fadd_32ns_32ns_32_4_full_dsp_1_U2030                       | 2    |        | sum4_18            | fadd      | fulldsp                | 3       |
|     fadd_32ns_32ns_32_4_full_dsp_1_U2031                       | 2    |        | sum4_19            | fadd      | fulldsp                | 3       |
|     fadd_32ns_32ns_32_4_full_dsp_1_U2026                       | 2    |        | add76_i_i          | fadd      | fulldsp                | 3       |
|     fmul_32ns_32ns_32_3_max_dsp_1_U2517                        | 3    |        | res1_155           | fmul      | maxdsp                 | 2       |
|     fmul_32ns_32ns_32_3_max_dsp_1_U2518                        | 3    |        | res1_156           | fmul      | maxdsp                 | 2       |
|     fmul_32ns_32ns_32_3_max_dsp_1_U2519                        | 3    |        | res1_157           | fmul      | maxdsp                 | 2       |
|     fmul_32ns_32ns_32_3_max_dsp_1_U2520                        | 3    |        | res1_158           | fmul      | maxdsp                 | 2       |
|     fmul_32ns_32ns_32_3_max_dsp_1_U2521                        | 3    |        | res1_159           | fmul      | maxdsp                 | 2       |
|     fmul_32ns_32ns_32_3_max_dsp_1_U2522                        | 3    |        | res1_160           | fmul      | maxdsp                 | 2       |
|     fmul_32ns_32ns_32_3_max_dsp_1_U2523                        | 3    |        | res1_161           | fmul      | maxdsp                 | 2       |
|     fmul_32ns_32ns_32_3_max_dsp_1_U2524                        | 3    |        | res1_162           | fmul      | maxdsp                 | 2       |
|     fmul_32ns_32ns_32_3_max_dsp_1_U2525                        | 3    |        | res1_163           | fmul      | maxdsp                 | 2       |
|     fmul_32ns_32ns_32_3_max_dsp_1_U2526                        | 3    |        | res1_164           | fmul      | maxdsp                 | 2       |
|     fmul_32ns_32ns_32_3_max_dsp_1_U2527                        | 3    |        | res1_165           | fmul      | maxdsp                 | 2       |
|     fmul_32ns_32ns_32_3_max_dsp_1_U2528                        | 3    |        | res1_166           | fmul      | maxdsp                 | 2       |
|     fmul_32ns_32ns_32_3_max_dsp_1_U2529                        | 3    |        | res1_167           | fmul      | maxdsp                 | 2       |
|     fmul_32ns_32ns_32_3_max_dsp_1_U2530                        | 3    |        | res1_168           | fmul      | maxdsp                 | 2       |
|     fmul_32ns_32ns_32_3_max_dsp_1_U2531                        | 3    |        | res1_169           | fmul      | maxdsp                 | 2       |
|     fmul_32ns_32ns_32_3_max_dsp_1_U2532                        | 3    |        | res1_170           | fmul      | maxdsp                 | 2       |
|     fmul_32ns_32ns_32_3_max_dsp_1_U2533                        | 3    |        | res1_171           | fmul      | maxdsp                 | 2       |
|     fmul_32ns_32ns_32_3_max_dsp_1_U2534                        | 3    |        | res1_172           | fmul      | maxdsp                 | 2       |
|     fmul_32ns_32ns_32_3_max_dsp_1_U2535                        | 3    |        | res1_173           | fmul      | maxdsp                 | 2       |
|     fmul_32ns_32ns_32_3_max_dsp_1_U2536                        | 3    |        | res1_174           | fmul      | maxdsp                 | 2       |
|     fmul_32ns_32ns_32_3_max_dsp_1_U2537                        | 3    |        | res1_175           | fmul      | maxdsp                 | 2       |
|     fmul_32ns_32ns_32_3_max_dsp_1_U2538                        | 3    |        | res1_176           | fmul      | maxdsp                 | 2       |
|     fmul_32ns_32ns_32_3_max_dsp_1_U2539                        | 3    |        | res1_177           | fmul      | maxdsp                 | 2       |
|     fmul_32ns_32ns_32_3_max_dsp_1_U2540                        | 3    |        | res1_178           | fmul      | maxdsp                 | 2       |
|     fmul_32ns_32ns_32_3_max_dsp_1_U2541                        | 3    |        | res1_179           | fmul      | maxdsp                 | 2       |
|     fmul_32ns_32ns_32_3_max_dsp_1_U2542                        | 3    |        | res1_180           | fmul      | maxdsp                 | 2       |
|     fmul_32ns_32ns_32_3_max_dsp_1_U2543                        | 3    |        | res1_181           | fmul      | maxdsp                 | 2       |
|     fmul_32ns_32ns_32_3_max_dsp_1_U2544                        | 3    |        | res1_182           | fmul      | maxdsp                 | 2       |
|     fmul_32ns_32ns_32_3_max_dsp_1_U2545                        | 3    |        | res1_183           | fmul      | maxdsp                 | 2       |
|     fmul_32ns_32ns_32_3_max_dsp_1_U2546                        | 3    |        | res1_184           | fmul      | maxdsp                 | 2       |
|     fmul_32ns_32ns_32_3_max_dsp_1_U2372                        | 3    |        | sum1_951           | fmul      | maxdsp                 | 2       |
|     fadd_32ns_32ns_32_4_full_dsp_1_U2097                       | 2    |        | sum1_635           | fadd      | fulldsp                | 3       |
|     fadd_32ns_32ns_32_4_full_dsp_1_U2098                       | 2    |        | sum1_636           | fadd      | fulldsp                | 3       |
|     fadd_32ns_32ns_32_4_full_dsp_1_U2099                       | 2    |        | sum1_637           | fadd      | fulldsp                | 3       |
|     fadd_32ns_32ns_32_4_full_dsp_1_U2100                       | 2    |        | sum1_638           | fadd      | fulldsp                | 3       |
|     fadd_32ns_32ns_32_4_full_dsp_1_U2101                       | 2    |        | sum1_639           | fadd      | fulldsp                | 3       |
|     fadd_32ns_32ns_32_4_full_dsp_1_U2102                       | 2    |        | sum1_640           | fadd      | fulldsp                | 3       |
|     fadd_32ns_32ns_32_4_full_dsp_1_U2103                       | 2    |        | sum1_641           | fadd      | fulldsp                | 3       |
|     fadd_32ns_32ns_32_4_full_dsp_1_U2104                       | 2    |        | sum1_642           | fadd      | fulldsp                | 3       |
|     fadd_32ns_32ns_32_4_full_dsp_1_U2105                       | 2    |        | sum1_643           | fadd      | fulldsp                | 3       |
|     fadd_32ns_32ns_32_4_full_dsp_1_U2106                       | 2    |        | sum1_644           | fadd      | fulldsp                | 3       |
|     fadd_32ns_32ns_32_4_full_dsp_1_U2107                       | 2    |        | sum1_645           | fadd      | fulldsp                | 3       |
|     fadd_32ns_32ns_32_4_full_dsp_1_U2108                       | 2    |        | sum1_646           | fadd      | fulldsp                | 3       |
|     fadd_32ns_32ns_32_4_full_dsp_1_U2109                       | 2    |        | sum1_647           | fadd      | fulldsp                | 3       |
|     fadd_32ns_32ns_32_4_full_dsp_1_U2110                       | 2    |        | sum1_648           | fadd      | fulldsp                | 3       |
|     fadd_32ns_32ns_32_4_full_dsp_1_U2111                       | 2    |        | sum1_649           | fadd      | fulldsp                | 3       |
|     fadd_32ns_32ns_32_4_full_dsp_1_U2062                       | 2    |        | sum2_80            | fadd      | fulldsp                | 3       |
|     fadd_32ns_32ns_32_4_full_dsp_1_U2063                       | 2    |        | sum2_81            | fadd      | fulldsp                | 3       |
|     fadd_32ns_32ns_32_4_full_dsp_1_U2064                       | 2    |        | sum2_82            | fadd      | fulldsp                | 3       |
|     fadd_32ns_32ns_32_4_full_dsp_1_U2065                       | 2    |        | sum2_83            | fadd      | fulldsp                | 3       |
|     fadd_32ns_32ns_32_4_full_dsp_1_U2066                       | 2    |        | sum2_84            | fadd      | fulldsp                | 3       |
|     fadd_32ns_32ns_32_4_full_dsp_1_U2067                       | 2    |        | sum2_85            | fadd      | fulldsp                | 3       |
|     fadd_32ns_32ns_32_4_full_dsp_1_U2068                       | 2    |        | sum2_86            | fadd      | fulldsp                | 3       |
|     fadd_32ns_32ns_32_4_full_dsp_1_U2069                       | 2    |        | sum2_87            | fadd      | fulldsp                | 3       |
|     fadd_32ns_32ns_32_4_full_dsp_1_U2042                       | 2    |        | sum3_40            | fadd      | fulldsp                | 3       |
|     fadd_32ns_32ns_32_4_full_dsp_1_U2043                       | 2    |        | sum3_41            | fadd      | fulldsp                | 3       |
|     fadd_32ns_32ns_32_4_full_dsp_1_U2044                       | 2    |        | sum3_42            | fadd      | fulldsp                | 3       |
|     fadd_32ns_32ns_32_4_full_dsp_1_U2045                       | 2    |        | sum3_43            | fadd      | fulldsp                | 3       |
|     fadd_32ns_32ns_32_4_full_dsp_1_U2032                       | 2    |        | sum4_20            | fadd      | fulldsp                | 3       |
|     fadd_32ns_32ns_32_4_full_dsp_1_U2033                       | 2    |        | sum4_21            | fadd      | fulldsp                | 3       |
|     fadd_32ns_32ns_32_4_full_dsp_1_U2027                       | 2    |        | add76_i10_i        | fadd      | fulldsp                | 3       |
|     fadd_32ns_32ns_32_4_full_dsp_1_U2097                       | 2    |        | sum1_650           | fadd      | fulldsp                | 3       |
|     fadd_32ns_32ns_32_4_full_dsp_1_U2098                       | 2    |        | sum1_651           | fadd      | fulldsp                | 3       |
|     fadd_32ns_32ns_32_4_full_dsp_1_U2099                       | 2    |        | sum1_652           | fadd      | fulldsp                | 3       |
|     fadd_32ns_32ns_32_4_full_dsp_1_U2100                       | 2    |        | sum1_653           | fadd      | fulldsp                | 3       |
|     fadd_32ns_32ns_32_4_full_dsp_1_U2101                       | 2    |        | sum1_654           | fadd      | fulldsp                | 3       |
|     fadd_32ns_32ns_32_4_full_dsp_1_U2102                       | 2    |        | sum1_655           | fadd      | fulldsp                | 3       |
|     fadd_32ns_32ns_32_4_full_dsp_1_U2103                       | 2    |        | sum1_656           | fadd      | fulldsp                | 3       |
|     fadd_32ns_32ns_32_4_full_dsp_1_U2104                       | 2    |        | sum1_657           | fadd      | fulldsp                | 3       |
|     fadd_32ns_32ns_32_4_full_dsp_1_U2105                       | 2    |        | sum1_658           | fadd      | fulldsp                | 3       |
|     fadd_32ns_32ns_32_4_full_dsp_1_U2106                       | 2    |        | sum1_659           | fadd      | fulldsp                | 3       |
|     fadd_32ns_32ns_32_4_full_dsp_1_U2107                       | 2    |        | sum1_660           | fadd      | fulldsp                | 3       |
|     fadd_32ns_32ns_32_4_full_dsp_1_U2108                       | 2    |        | sum1_661           | fadd      | fulldsp                | 3       |
|     fadd_32ns_32ns_32_4_full_dsp_1_U2109                       | 2    |        | sum1_662           | fadd      | fulldsp                | 3       |
|     fadd_32ns_32ns_32_4_full_dsp_1_U2110                       | 2    |        | sum1_663           | fadd      | fulldsp                | 3       |
|     fadd_32ns_32ns_32_4_full_dsp_1_U2111                       | 2    |        | sum1_664           | fadd      | fulldsp                | 3       |
|     fadd_32ns_32ns_32_4_full_dsp_1_U2062                       | 2    |        | sum2_88            | fadd      | fulldsp                | 3       |
|     fadd_32ns_32ns_32_4_full_dsp_1_U2063                       | 2    |        | sum2_89            | fadd      | fulldsp                | 3       |
|     fadd_32ns_32ns_32_4_full_dsp_1_U2064                       | 2    |        | sum2_90            | fadd      | fulldsp                | 3       |
|     fadd_32ns_32ns_32_4_full_dsp_1_U2065                       | 2    |        | sum2_91            | fadd      | fulldsp                | 3       |
|     fadd_32ns_32ns_32_4_full_dsp_1_U2066                       | 2    |        | sum2_92            | fadd      | fulldsp                | 3       |
|     fadd_32ns_32ns_32_4_full_dsp_1_U2067                       | 2    |        | sum2_93            | fadd      | fulldsp                | 3       |
|     fadd_32ns_32ns_32_4_full_dsp_1_U2068                       | 2    |        | sum2_94            | fadd      | fulldsp                | 3       |
|     fadd_32ns_32ns_32_4_full_dsp_1_U2069                       | 2    |        | sum2_95            | fadd      | fulldsp                | 3       |
|     fadd_32ns_32ns_32_4_full_dsp_1_U2042                       | 2    |        | sum3_44            | fadd      | fulldsp                | 3       |
|     fadd_32ns_32ns_32_4_full_dsp_1_U2043                       | 2    |        | sum3_45            | fadd      | fulldsp                | 3       |
|     fadd_32ns_32ns_32_4_full_dsp_1_U2044                       | 2    |        | sum3_46            | fadd      | fulldsp                | 3       |
|     fadd_32ns_32ns_32_4_full_dsp_1_U2045                       | 2    |        | sum3_47            | fadd      | fulldsp                | 3       |
|     fadd_32ns_32ns_32_4_full_dsp_1_U2032                       | 2    |        | sum4_22            | fadd      | fulldsp                | 3       |
|     fadd_32ns_32ns_32_4_full_dsp_1_U2033                       | 2    |        | sum4_23            | fadd      | fulldsp                | 3       |
|     fadd_32ns_32ns_32_4_full_dsp_1_U2027                       | 2    |        | add76_i11_i        | fadd      | fulldsp                | 3       |
|     fmul_32ns_32ns_32_3_max_dsp_1_U2547                        | 3    |        | res1_186           | fmul      | maxdsp                 | 2       |
|     fmul_32ns_32ns_32_3_max_dsp_1_U2548                        | 3    |        | res1_187           | fmul      | maxdsp                 | 2       |
|     fmul_32ns_32ns_32_3_max_dsp_1_U2549                        | 3    |        | res1_188           | fmul      | maxdsp                 | 2       |
|     fmul_32ns_32ns_32_3_max_dsp_1_U2550                        | 3    |        | res1_189           | fmul      | maxdsp                 | 2       |
|     fmul_32ns_32ns_32_3_max_dsp_1_U2551                        | 3    |        | res1_190           | fmul      | maxdsp                 | 2       |
|     fmul_32ns_32ns_32_3_max_dsp_1_U2552                        | 3    |        | res1_191           | fmul      | maxdsp                 | 2       |
|     fmul_32ns_32ns_32_3_max_dsp_1_U2553                        | 3    |        | res1_192           | fmul      | maxdsp                 | 2       |
|     fmul_32ns_32ns_32_3_max_dsp_1_U2554                        | 3    |        | res1_193           | fmul      | maxdsp                 | 2       |
|     fmul_32ns_32ns_32_3_max_dsp_1_U2555                        | 3    |        | res1_194           | fmul      | maxdsp                 | 2       |
|     fmul_32ns_32ns_32_3_max_dsp_1_U2556                        | 3    |        | res1_195           | fmul      | maxdsp                 | 2       |
|     fmul_32ns_32ns_32_3_max_dsp_1_U2557                        | 3    |        | res1_196           | fmul      | maxdsp                 | 2       |
|     fmul_32ns_32ns_32_3_max_dsp_1_U2558                        | 3    |        | res1_197           | fmul      | maxdsp                 | 2       |
|     fmul_32ns_32ns_32_3_max_dsp_1_U2559                        | 3    |        | res1_198           | fmul      | maxdsp                 | 2       |
|     fmul_32ns_32ns_32_3_max_dsp_1_U2560                        | 3    |        | res1_199           | fmul      | maxdsp                 | 2       |
|     fmul_32ns_32ns_32_3_max_dsp_1_U2561                        | 3    |        | res1_200           | fmul      | maxdsp                 | 2       |
|     fmul_32ns_32ns_32_3_max_dsp_1_U2562                        | 3    |        | res1_201           | fmul      | maxdsp                 | 2       |
|     fmul_32ns_32ns_32_3_max_dsp_1_U2563                        | 3    |        | res1_202           | fmul      | maxdsp                 | 2       |
|     fmul_32ns_32ns_32_3_max_dsp_1_U2564                        | 3    |        | res1_203           | fmul      | maxdsp                 | 2       |
|     fmul_32ns_32ns_32_3_max_dsp_1_U2565                        | 3    |        | res1_204           | fmul      | maxdsp                 | 2       |
|     fmul_32ns_32ns_32_3_max_dsp_1_U2566                        | 3    |        | res1_205           | fmul      | maxdsp                 | 2       |
|     fmul_32ns_32ns_32_3_max_dsp_1_U2567                        | 3    |        | res1_206           | fmul      | maxdsp                 | 2       |
|     fmul_32ns_32ns_32_3_max_dsp_1_U2568                        | 3    |        | res1_207           | fmul      | maxdsp                 | 2       |
|     fmul_32ns_32ns_32_3_max_dsp_1_U2569                        | 3    |        | res1_208           | fmul      | maxdsp                 | 2       |
|     fmul_32ns_32ns_32_3_max_dsp_1_U2570                        | 3    |        | res1_209           | fmul      | maxdsp                 | 2       |
|     fmul_32ns_32ns_32_3_max_dsp_1_U2571                        | 3    |        | res1_210           | fmul      | maxdsp                 | 2       |
|     fmul_32ns_32ns_32_3_max_dsp_1_U2572                        | 3    |        | res1_211           | fmul      | maxdsp                 | 2       |
|     fmul_32ns_32ns_32_3_max_dsp_1_U2573                        | 3    |        | res1_212           | fmul      | maxdsp                 | 2       |
|     fmul_32ns_32ns_32_3_max_dsp_1_U2574                        | 3    |        | res1_213           | fmul      | maxdsp                 | 2       |
|     fmul_32ns_32ns_32_3_max_dsp_1_U2575                        | 3    |        | res1_214           | fmul      | maxdsp                 | 2       |
|     fmul_32ns_32ns_32_3_max_dsp_1_U2576                        | 3    |        | res1_215           | fmul      | maxdsp                 | 2       |
|     fmul_32ns_32ns_32_3_max_dsp_1_U2373                        | 3    |        | sum1_952           | fmul      | maxdsp                 | 2       |
|     fadd_32ns_32ns_32_4_full_dsp_1_U2112                       | 2    |        | sum1_666           | fadd      | fulldsp                | 3       |
|     fadd_32ns_32ns_32_4_full_dsp_1_U2113                       | 2    |        | sum1_667           | fadd      | fulldsp                | 3       |
|     fadd_32ns_32ns_32_4_full_dsp_1_U2114                       | 2    |        | sum1_668           | fadd      | fulldsp                | 3       |
|     fadd_32ns_32ns_32_4_full_dsp_1_U2115                       | 2    |        | sum1_669           | fadd      | fulldsp                | 3       |
|     fadd_32ns_32ns_32_4_full_dsp_1_U2116                       | 2    |        | sum1_670           | fadd      | fulldsp                | 3       |
|     fadd_32ns_32ns_32_4_full_dsp_1_U2117                       | 2    |        | sum1_671           | fadd      | fulldsp                | 3       |
|     fadd_32ns_32ns_32_4_full_dsp_1_U2118                       | 2    |        | sum1_672           | fadd      | fulldsp                | 3       |
|     fadd_32ns_32ns_32_4_full_dsp_1_U2119                       | 2    |        | sum1_673           | fadd      | fulldsp                | 3       |
|     fadd_32ns_32ns_32_4_full_dsp_1_U2120                       | 2    |        | sum1_674           | fadd      | fulldsp                | 3       |
|     fadd_32ns_32ns_32_4_full_dsp_1_U2121                       | 2    |        | sum1_675           | fadd      | fulldsp                | 3       |
|     fadd_32ns_32ns_32_4_full_dsp_1_U2122                       | 2    |        | sum1_676           | fadd      | fulldsp                | 3       |
|     fadd_32ns_32ns_32_4_full_dsp_1_U2123                       | 2    |        | sum1_677           | fadd      | fulldsp                | 3       |
|     fadd_32ns_32ns_32_4_full_dsp_1_U2124                       | 2    |        | sum1_678           | fadd      | fulldsp                | 3       |
|     fadd_32ns_32ns_32_4_full_dsp_1_U2125                       | 2    |        | sum1_679           | fadd      | fulldsp                | 3       |
|     fadd_32ns_32ns_32_4_full_dsp_1_U2126                       | 2    |        | sum1_680           | fadd      | fulldsp                | 3       |
|     fadd_32ns_32ns_32_4_full_dsp_1_U2070                       | 2    |        | sum2_96            | fadd      | fulldsp                | 3       |
|     fadd_32ns_32ns_32_4_full_dsp_1_U2071                       | 2    |        | sum2_97            | fadd      | fulldsp                | 3       |
|     fadd_32ns_32ns_32_4_full_dsp_1_U2072                       | 2    |        | sum2_98            | fadd      | fulldsp                | 3       |
|     fadd_32ns_32ns_32_4_full_dsp_1_U2073                       | 2    |        | sum2_99            | fadd      | fulldsp                | 3       |
|     fadd_32ns_32ns_32_4_full_dsp_1_U2074                       | 2    |        | sum2_100           | fadd      | fulldsp                | 3       |
|     fadd_32ns_32ns_32_4_full_dsp_1_U2075                       | 2    |        | sum2_101           | fadd      | fulldsp                | 3       |
|     fadd_32ns_32ns_32_4_full_dsp_1_U2076                       | 2    |        | sum2_102           | fadd      | fulldsp                | 3       |
|     fadd_32ns_32ns_32_4_full_dsp_1_U2077                       | 2    |        | sum2_103           | fadd      | fulldsp                | 3       |
|     fadd_32ns_32ns_32_4_full_dsp_1_U2046                       | 2    |        | sum3_48            | fadd      | fulldsp                | 3       |
|     fadd_32ns_32ns_32_4_full_dsp_1_U2047                       | 2    |        | sum3_49            | fadd      | fulldsp                | 3       |
|     fadd_32ns_32ns_32_4_full_dsp_1_U2048                       | 2    |        | sum3_50            | fadd      | fulldsp                | 3       |
|     fadd_32ns_32ns_32_4_full_dsp_1_U2049                       | 2    |        | sum3_51            | fadd      | fulldsp                | 3       |
|     fadd_32ns_32ns_32_4_full_dsp_1_U2034                       | 2    |        | sum4_24            | fadd      | fulldsp                | 3       |
|     fadd_32ns_32ns_32_4_full_dsp_1_U2035                       | 2    |        | sum4_25            | fadd      | fulldsp                | 3       |
|     fadd_32ns_32ns_32_4_full_dsp_1_U2028                       | 2    |        | add76_i12_i        | fadd      | fulldsp                | 3       |
|     fadd_32ns_32ns_32_4_full_dsp_1_U2112                       | 2    |        | sum1_681           | fadd      | fulldsp                | 3       |
|     fadd_32ns_32ns_32_4_full_dsp_1_U2113                       | 2    |        | sum1_682           | fadd      | fulldsp                | 3       |
|     fadd_32ns_32ns_32_4_full_dsp_1_U2114                       | 2    |        | sum1_683           | fadd      | fulldsp                | 3       |
|     fadd_32ns_32ns_32_4_full_dsp_1_U2115                       | 2    |        | sum1_684           | fadd      | fulldsp                | 3       |
|     fadd_32ns_32ns_32_4_full_dsp_1_U2116                       | 2    |        | sum1_685           | fadd      | fulldsp                | 3       |
|     fadd_32ns_32ns_32_4_full_dsp_1_U2117                       | 2    |        | sum1_686           | fadd      | fulldsp                | 3       |
|     fadd_32ns_32ns_32_4_full_dsp_1_U2118                       | 2    |        | sum1_687           | fadd      | fulldsp                | 3       |
|     fadd_32ns_32ns_32_4_full_dsp_1_U2119                       | 2    |        | sum1_688           | fadd      | fulldsp                | 3       |
|     fadd_32ns_32ns_32_4_full_dsp_1_U2120                       | 2    |        | sum1_689           | fadd      | fulldsp                | 3       |
|     fadd_32ns_32ns_32_4_full_dsp_1_U2121                       | 2    |        | sum1_690           | fadd      | fulldsp                | 3       |
|     fadd_32ns_32ns_32_4_full_dsp_1_U2122                       | 2    |        | sum1_691           | fadd      | fulldsp                | 3       |
|     fadd_32ns_32ns_32_4_full_dsp_1_U2123                       | 2    |        | sum1_692           | fadd      | fulldsp                | 3       |
|     fadd_32ns_32ns_32_4_full_dsp_1_U2124                       | 2    |        | sum1_693           | fadd      | fulldsp                | 3       |
|     fadd_32ns_32ns_32_4_full_dsp_1_U2125                       | 2    |        | sum1_694           | fadd      | fulldsp                | 3       |
|     fadd_32ns_32ns_32_4_full_dsp_1_U2126                       | 2    |        | sum1_695           | fadd      | fulldsp                | 3       |
|     fadd_32ns_32ns_32_4_full_dsp_1_U2070                       | 2    |        | sum2_104           | fadd      | fulldsp                | 3       |
|     fadd_32ns_32ns_32_4_full_dsp_1_U2071                       | 2    |        | sum2_105           | fadd      | fulldsp                | 3       |
|     fadd_32ns_32ns_32_4_full_dsp_1_U2072                       | 2    |        | sum2_106           | fadd      | fulldsp                | 3       |
|     fadd_32ns_32ns_32_4_full_dsp_1_U2073                       | 2    |        | sum2_107           | fadd      | fulldsp                | 3       |
|     fadd_32ns_32ns_32_4_full_dsp_1_U2074                       | 2    |        | sum2_108           | fadd      | fulldsp                | 3       |
|     fadd_32ns_32ns_32_4_full_dsp_1_U2075                       | 2    |        | sum2_109           | fadd      | fulldsp                | 3       |
|     fadd_32ns_32ns_32_4_full_dsp_1_U2076                       | 2    |        | sum2_110           | fadd      | fulldsp                | 3       |
|     fadd_32ns_32ns_32_4_full_dsp_1_U2077                       | 2    |        | sum2_111           | fadd      | fulldsp                | 3       |
|     fadd_32ns_32ns_32_4_full_dsp_1_U2046                       | 2    |        | sum3_52            | fadd      | fulldsp                | 3       |
|     fadd_32ns_32ns_32_4_full_dsp_1_U2047                       | 2    |        | sum3_53            | fadd      | fulldsp                | 3       |
|     fadd_32ns_32ns_32_4_full_dsp_1_U2048                       | 2    |        | sum3_54            | fadd      | fulldsp                | 3       |
|     fadd_32ns_32ns_32_4_full_dsp_1_U2049                       | 2    |        | sum3_55            | fadd      | fulldsp                | 3       |
|     fadd_32ns_32ns_32_4_full_dsp_1_U2034                       | 2    |        | sum4_26            | fadd      | fulldsp                | 3       |
|     fadd_32ns_32ns_32_4_full_dsp_1_U2035                       | 2    |        | sum4_27            | fadd      | fulldsp                | 3       |
|     fadd_32ns_32ns_32_4_full_dsp_1_U2028                       | 2    |        | add76_i13_i        | fadd      | fulldsp                | 3       |
|     fmul_32ns_32ns_32_3_max_dsp_1_U2577                        | 3    |        | res1_217           | fmul      | maxdsp                 | 2       |
|     fmul_32ns_32ns_32_3_max_dsp_1_U2578                        | 3    |        | res1_218           | fmul      | maxdsp                 | 2       |
|     fmul_32ns_32ns_32_3_max_dsp_1_U2579                        | 3    |        | res1_219           | fmul      | maxdsp                 | 2       |
|     fmul_32ns_32ns_32_3_max_dsp_1_U2580                        | 3    |        | res1_220           | fmul      | maxdsp                 | 2       |
|     fmul_32ns_32ns_32_3_max_dsp_1_U2581                        | 3    |        | res1_221           | fmul      | maxdsp                 | 2       |
|     fmul_32ns_32ns_32_3_max_dsp_1_U2582                        | 3    |        | res1_222           | fmul      | maxdsp                 | 2       |
|     fmul_32ns_32ns_32_3_max_dsp_1_U2583                        | 3    |        | res1_223           | fmul      | maxdsp                 | 2       |
|     fmul_32ns_32ns_32_3_max_dsp_1_U2584                        | 3    |        | res1_224           | fmul      | maxdsp                 | 2       |
|     fmul_32ns_32ns_32_3_max_dsp_1_U2585                        | 3    |        | res1_225           | fmul      | maxdsp                 | 2       |
|     fmul_32ns_32ns_32_3_max_dsp_1_U2586                        | 3    |        | res1_226           | fmul      | maxdsp                 | 2       |
|     fmul_32ns_32ns_32_3_max_dsp_1_U2587                        | 3    |        | res1_227           | fmul      | maxdsp                 | 2       |
|     fmul_32ns_32ns_32_3_max_dsp_1_U2588                        | 3    |        | res1_228           | fmul      | maxdsp                 | 2       |
|     fmul_32ns_32ns_32_3_max_dsp_1_U2589                        | 3    |        | res1_229           | fmul      | maxdsp                 | 2       |
|     fmul_32ns_32ns_32_3_max_dsp_1_U2590                        | 3    |        | res1_230           | fmul      | maxdsp                 | 2       |
|     fmul_32ns_32ns_32_3_max_dsp_1_U2591                        | 3    |        | res1_231           | fmul      | maxdsp                 | 2       |
|     fmul_32ns_32ns_32_3_max_dsp_1_U2592                        | 3    |        | res1_232           | fmul      | maxdsp                 | 2       |
|     fmul_32ns_32ns_32_3_max_dsp_1_U2593                        | 3    |        | res1_233           | fmul      | maxdsp                 | 2       |
|     fmul_32ns_32ns_32_3_max_dsp_1_U2594                        | 3    |        | res1_234           | fmul      | maxdsp                 | 2       |
|     fmul_32ns_32ns_32_3_max_dsp_1_U2595                        | 3    |        | res1_235           | fmul      | maxdsp                 | 2       |
|     fmul_32ns_32ns_32_3_max_dsp_1_U2596                        | 3    |        | res1_236           | fmul      | maxdsp                 | 2       |
|     fmul_32ns_32ns_32_3_max_dsp_1_U2597                        | 3    |        | res1_237           | fmul      | maxdsp                 | 2       |
|     fmul_32ns_32ns_32_3_max_dsp_1_U2598                        | 3    |        | res1_238           | fmul      | maxdsp                 | 2       |
|     fmul_32ns_32ns_32_3_max_dsp_1_U2599                        | 3    |        | res1_239           | fmul      | maxdsp                 | 2       |
|     fmul_32ns_32ns_32_3_max_dsp_1_U2600                        | 3    |        | res1_240           | fmul      | maxdsp                 | 2       |
|     fmul_32ns_32ns_32_3_max_dsp_1_U2601                        | 3    |        | res1_241           | fmul      | maxdsp                 | 2       |
|     fmul_32ns_32ns_32_3_max_dsp_1_U2602                        | 3    |        | res1_242           | fmul      | maxdsp                 | 2       |
|     fmul_32ns_32ns_32_3_max_dsp_1_U2603                        | 3    |        | res1_243           | fmul      | maxdsp                 | 2       |
|     fmul_32ns_32ns_32_3_max_dsp_1_U2604                        | 3    |        | res1_244           | fmul      | maxdsp                 | 2       |
|     fmul_32ns_32ns_32_3_max_dsp_1_U2605                        | 3    |        | res1_245           | fmul      | maxdsp                 | 2       |
|     fmul_32ns_32ns_32_3_max_dsp_1_U2606                        | 3    |        | res1_246           | fmul      | maxdsp                 | 2       |
|     fmul_32ns_32ns_32_3_max_dsp_1_U2374                        | 3    |        | sum1_953           | fmul      | maxdsp                 | 2       |
|     fadd_32ns_32ns_32_4_full_dsp_1_U2127                       | 2    |        | sum1_697           | fadd      | fulldsp                | 3       |
|     fadd_32ns_32ns_32_4_full_dsp_1_U2128                       | 2    |        | sum1_698           | fadd      | fulldsp                | 3       |
|     fadd_32ns_32ns_32_4_full_dsp_1_U2129                       | 2    |        | sum1_699           | fadd      | fulldsp                | 3       |
|     fadd_32ns_32ns_32_4_full_dsp_1_U2130                       | 2    |        | sum1_700           | fadd      | fulldsp                | 3       |
|     fadd_32ns_32ns_32_4_full_dsp_1_U2131                       | 2    |        | sum1_701           | fadd      | fulldsp                | 3       |
|     fadd_32ns_32ns_32_4_full_dsp_1_U2132                       | 2    |        | sum1_702           | fadd      | fulldsp                | 3       |
|     fadd_32ns_32ns_32_4_full_dsp_1_U2133                       | 2    |        | sum1_703           | fadd      | fulldsp                | 3       |
|     fadd_32ns_32ns_32_4_full_dsp_1_U2134                       | 2    |        | sum1_704           | fadd      | fulldsp                | 3       |
|     fadd_32ns_32ns_32_4_full_dsp_1_U2135                       | 2    |        | sum1_705           | fadd      | fulldsp                | 3       |
|     fadd_32ns_32ns_32_4_full_dsp_1_U2136                       | 2    |        | sum1_706           | fadd      | fulldsp                | 3       |
|     fadd_32ns_32ns_32_4_full_dsp_1_U2137                       | 2    |        | sum1_707           | fadd      | fulldsp                | 3       |
|     fadd_32ns_32ns_32_4_full_dsp_1_U2138                       | 2    |        | sum1_708           | fadd      | fulldsp                | 3       |
|     fadd_32ns_32ns_32_4_full_dsp_1_U2139                       | 2    |        | sum1_709           | fadd      | fulldsp                | 3       |
|     fadd_32ns_32ns_32_4_full_dsp_1_U2140                       | 2    |        | sum1_710           | fadd      | fulldsp                | 3       |
|     fadd_32ns_32ns_32_4_full_dsp_1_U2141                       | 2    |        | sum1_711           | fadd      | fulldsp                | 3       |
|     fadd_32ns_32ns_32_4_full_dsp_1_U2078                       | 2    |        | sum2_112           | fadd      | fulldsp                | 3       |
|     fadd_32ns_32ns_32_4_full_dsp_1_U2079                       | 2    |        | sum2_113           | fadd      | fulldsp                | 3       |
|     fadd_32ns_32ns_32_4_full_dsp_1_U2080                       | 2    |        | sum2_114           | fadd      | fulldsp                | 3       |
|     fadd_32ns_32ns_32_4_full_dsp_1_U2081                       | 2    |        | sum2_115           | fadd      | fulldsp                | 3       |
|     fadd_32ns_32ns_32_4_full_dsp_1_U2082                       | 2    |        | sum2_116           | fadd      | fulldsp                | 3       |
|     fadd_32ns_32ns_32_4_full_dsp_1_U2083                       | 2    |        | sum2_117           | fadd      | fulldsp                | 3       |
|     fadd_32ns_32ns_32_4_full_dsp_1_U2084                       | 2    |        | sum2_118           | fadd      | fulldsp                | 3       |
|     fadd_32ns_32ns_32_4_full_dsp_1_U2085                       | 2    |        | sum2_119           | fadd      | fulldsp                | 3       |
|     fadd_32ns_32ns_32_4_full_dsp_1_U2050                       | 2    |        | sum3_56            | fadd      | fulldsp                | 3       |
|     fadd_32ns_32ns_32_4_full_dsp_1_U2051                       | 2    |        | sum3_57            | fadd      | fulldsp                | 3       |
|     fadd_32ns_32ns_32_4_full_dsp_1_U2052                       | 2    |        | sum3_58            | fadd      | fulldsp                | 3       |
|     fadd_32ns_32ns_32_4_full_dsp_1_U2053                       | 2    |        | sum3_59            | fadd      | fulldsp                | 3       |
|     fadd_32ns_32ns_32_4_full_dsp_1_U2036                       | 2    |        | sum4_28            | fadd      | fulldsp                | 3       |
|     fadd_32ns_32ns_32_4_full_dsp_1_U2037                       | 2    |        | sum4_29            | fadd      | fulldsp                | 3       |
|     fadd_32ns_32ns_32_4_full_dsp_1_U2029                       | 2    |        | add76_i14_i        | fadd      | fulldsp                | 3       |
|     fadd_32ns_32ns_32_4_full_dsp_1_U2127                       | 2    |        | sum1_712           | fadd      | fulldsp                | 3       |
|     fadd_32ns_32ns_32_4_full_dsp_1_U2128                       | 2    |        | sum1_713           | fadd      | fulldsp                | 3       |
|     fadd_32ns_32ns_32_4_full_dsp_1_U2129                       | 2    |        | sum1_714           | fadd      | fulldsp                | 3       |
|     fadd_32ns_32ns_32_4_full_dsp_1_U2130                       | 2    |        | sum1_715           | fadd      | fulldsp                | 3       |
|     fadd_32ns_32ns_32_4_full_dsp_1_U2131                       | 2    |        | sum1_716           | fadd      | fulldsp                | 3       |
|     fadd_32ns_32ns_32_4_full_dsp_1_U2132                       | 2    |        | sum1_717           | fadd      | fulldsp                | 3       |
|     fadd_32ns_32ns_32_4_full_dsp_1_U2133                       | 2    |        | sum1_718           | fadd      | fulldsp                | 3       |
|     fadd_32ns_32ns_32_4_full_dsp_1_U2134                       | 2    |        | sum1_719           | fadd      | fulldsp                | 3       |
|     fadd_32ns_32ns_32_4_full_dsp_1_U2135                       | 2    |        | sum1_720           | fadd      | fulldsp                | 3       |
|     fadd_32ns_32ns_32_4_full_dsp_1_U2136                       | 2    |        | sum1_721           | fadd      | fulldsp                | 3       |
|     fadd_32ns_32ns_32_4_full_dsp_1_U2137                       | 2    |        | sum1_722           | fadd      | fulldsp                | 3       |
|     fadd_32ns_32ns_32_4_full_dsp_1_U2138                       | 2    |        | sum1_723           | fadd      | fulldsp                | 3       |
|     fadd_32ns_32ns_32_4_full_dsp_1_U2139                       | 2    |        | sum1_724           | fadd      | fulldsp                | 3       |
|     fadd_32ns_32ns_32_4_full_dsp_1_U2140                       | 2    |        | sum1_725           | fadd      | fulldsp                | 3       |
|     fadd_32ns_32ns_32_4_full_dsp_1_U2141                       | 2    |        | sum1_726           | fadd      | fulldsp                | 3       |
|     fadd_32ns_32ns_32_4_full_dsp_1_U2078                       | 2    |        | sum2_120           | fadd      | fulldsp                | 3       |
|     fadd_32ns_32ns_32_4_full_dsp_1_U2079                       | 2    |        | sum2_121           | fadd      | fulldsp                | 3       |
|     fadd_32ns_32ns_32_4_full_dsp_1_U2080                       | 2    |        | sum2_122           | fadd      | fulldsp                | 3       |
|     fadd_32ns_32ns_32_4_full_dsp_1_U2081                       | 2    |        | sum2_123           | fadd      | fulldsp                | 3       |
|     fadd_32ns_32ns_32_4_full_dsp_1_U2082                       | 2    |        | sum2_124           | fadd      | fulldsp                | 3       |
|     fadd_32ns_32ns_32_4_full_dsp_1_U2083                       | 2    |        | sum2_125           | fadd      | fulldsp                | 3       |
|     fadd_32ns_32ns_32_4_full_dsp_1_U2084                       | 2    |        | sum2_126           | fadd      | fulldsp                | 3       |
|     fadd_32ns_32ns_32_4_full_dsp_1_U2085                       | 2    |        | sum2_127           | fadd      | fulldsp                | 3       |
|     fadd_32ns_32ns_32_4_full_dsp_1_U2050                       | 2    |        | sum3_60            | fadd      | fulldsp                | 3       |
|     fadd_32ns_32ns_32_4_full_dsp_1_U2051                       | 2    |        | sum3_61            | fadd      | fulldsp                | 3       |
|     fadd_32ns_32ns_32_4_full_dsp_1_U2052                       | 2    |        | sum3_62            | fadd      | fulldsp                | 3       |
|     fadd_32ns_32ns_32_4_full_dsp_1_U2053                       | 2    |        | sum3_63            | fadd      | fulldsp                | 3       |
|     fadd_32ns_32ns_32_4_full_dsp_1_U2036                       | 2    |        | sum4_30            | fadd      | fulldsp                | 3       |
|     fadd_32ns_32ns_32_4_full_dsp_1_U2037                       | 2    |        | sum4_31            | fadd      | fulldsp                | 3       |
|     fadd_32ns_32ns_32_4_full_dsp_1_U2029                       | 2    |        | add76_i15_i        | fadd      | fulldsp                | 3       |
|     fmul_32ns_32ns_32_3_max_dsp_1_U2607                        | 3    |        | res1_248           | fmul      | maxdsp                 | 2       |
|     fmul_32ns_32ns_32_3_max_dsp_1_U2608                        | 3    |        | res1_249           | fmul      | maxdsp                 | 2       |
|     fmul_32ns_32ns_32_3_max_dsp_1_U2609                        | 3    |        | res1_250           | fmul      | maxdsp                 | 2       |
|     fmul_32ns_32ns_32_3_max_dsp_1_U2610                        | 3    |        | res1_251           | fmul      | maxdsp                 | 2       |
|     fmul_32ns_32ns_32_3_max_dsp_1_U2611                        | 3    |        | res1_252           | fmul      | maxdsp                 | 2       |
|     fmul_32ns_32ns_32_3_max_dsp_1_U2612                        | 3    |        | res1_253           | fmul      | maxdsp                 | 2       |
|     fmul_32ns_32ns_32_3_max_dsp_1_U2613                        | 3    |        | res1_254           | fmul      | maxdsp                 | 2       |
|     fmul_32ns_32ns_32_3_max_dsp_1_U2614                        | 3    |        | res1_255           | fmul      | maxdsp                 | 2       |
|     fmul_32ns_32ns_32_3_max_dsp_1_U2615                        | 3    |        | res1_256           | fmul      | maxdsp                 | 2       |
|     fmul_32ns_32ns_32_3_max_dsp_1_U2616                        | 3    |        | res1_257           | fmul      | maxdsp                 | 2       |
|     fmul_32ns_32ns_32_3_max_dsp_1_U2617                        | 3    |        | res1_258           | fmul      | maxdsp                 | 2       |
|     fmul_32ns_32ns_32_3_max_dsp_1_U2618                        | 3    |        | res1_259           | fmul      | maxdsp                 | 2       |
|     fmul_32ns_32ns_32_3_max_dsp_1_U2619                        | 3    |        | res1_260           | fmul      | maxdsp                 | 2       |
|     fmul_32ns_32ns_32_3_max_dsp_1_U2620                        | 3    |        | res1_261           | fmul      | maxdsp                 | 2       |
|     fmul_32ns_32ns_32_3_max_dsp_1_U2621                        | 3    |        | res1_262           | fmul      | maxdsp                 | 2       |
|     fmul_32ns_32ns_32_3_max_dsp_1_U2622                        | 3    |        | res1_263           | fmul      | maxdsp                 | 2       |
|     fmul_32ns_32ns_32_3_max_dsp_1_U2623                        | 3    |        | res1_264           | fmul      | maxdsp                 | 2       |
|     fmul_32ns_32ns_32_3_max_dsp_1_U2624                        | 3    |        | res1_265           | fmul      | maxdsp                 | 2       |
|     fmul_32ns_32ns_32_3_max_dsp_1_U2625                        | 3    |        | res1_266           | fmul      | maxdsp                 | 2       |
|     fmul_32ns_32ns_32_3_max_dsp_1_U2626                        | 3    |        | res1_267           | fmul      | maxdsp                 | 2       |
|     fmul_32ns_32ns_32_3_max_dsp_1_U2627                        | 3    |        | res1_268           | fmul      | maxdsp                 | 2       |
|     fmul_32ns_32ns_32_3_max_dsp_1_U2628                        | 3    |        | res1_269           | fmul      | maxdsp                 | 2       |
|     fmul_32ns_32ns_32_3_max_dsp_1_U2629                        | 3    |        | res1_270           | fmul      | maxdsp                 | 2       |
|     fmul_32ns_32ns_32_3_max_dsp_1_U2630                        | 3    |        | res1_271           | fmul      | maxdsp                 | 2       |
|     fmul_32ns_32ns_32_3_max_dsp_1_U2631                        | 3    |        | res1_272           | fmul      | maxdsp                 | 2       |
|     fmul_32ns_32ns_32_3_max_dsp_1_U2632                        | 3    |        | res1_273           | fmul      | maxdsp                 | 2       |
|     fmul_32ns_32ns_32_3_max_dsp_1_U2633                        | 3    |        | res1_274           | fmul      | maxdsp                 | 2       |
|     fmul_32ns_32ns_32_3_max_dsp_1_U2634                        | 3    |        | res1_275           | fmul      | maxdsp                 | 2       |
|     fmul_32ns_32ns_32_3_max_dsp_1_U2635                        | 3    |        | res1_276           | fmul      | maxdsp                 | 2       |
|     fmul_32ns_32ns_32_3_max_dsp_1_U2636                        | 3    |        | res1_277           | fmul      | maxdsp                 | 2       |
|     fmul_32ns_32ns_32_3_max_dsp_1_U2375                        | 3    |        | sum1_954           | fmul      | maxdsp                 | 2       |
|     fadd_32ns_32ns_32_4_full_dsp_1_U2142                       | 2    |        | sum1_728           | fadd      | fulldsp                | 3       |
|     fadd_32ns_32ns_32_4_full_dsp_1_U2143                       | 2    |        | sum1_729           | fadd      | fulldsp                | 3       |
|     fadd_32ns_32ns_32_4_full_dsp_1_U2144                       | 2    |        | sum1_730           | fadd      | fulldsp                | 3       |
|     fadd_32ns_32ns_32_4_full_dsp_1_U2145                       | 2    |        | sum1_731           | fadd      | fulldsp                | 3       |
|     fadd_32ns_32ns_32_4_full_dsp_1_U2146                       | 2    |        | sum1_732           | fadd      | fulldsp                | 3       |
|     fadd_32ns_32ns_32_4_full_dsp_1_U2147                       | 2    |        | sum1_733           | fadd      | fulldsp                | 3       |
|     fadd_32ns_32ns_32_4_full_dsp_1_U2148                       | 2    |        | sum1_734           | fadd      | fulldsp                | 3       |
|     fadd_32ns_32ns_32_4_full_dsp_1_U2149                       | 2    |        | sum1_735           | fadd      | fulldsp                | 3       |
|     fadd_32ns_32ns_32_4_full_dsp_1_U2150                       | 2    |        | sum1_736           | fadd      | fulldsp                | 3       |
|     fadd_32ns_32ns_32_4_full_dsp_1_U2151                       | 2    |        | sum1_737           | fadd      | fulldsp                | 3       |
|     fadd_32ns_32ns_32_4_full_dsp_1_U2152                       | 2    |        | sum1_738           | fadd      | fulldsp                | 3       |
|     fadd_32ns_32ns_32_4_full_dsp_1_U2153                       | 2    |        | sum1_739           | fadd      | fulldsp                | 3       |
|     fadd_32ns_32ns_32_4_full_dsp_1_U2154                       | 2    |        | sum1_740           | fadd      | fulldsp                | 3       |
|     fadd_32ns_32ns_32_4_full_dsp_1_U2155                       | 2    |        | sum1_741           | fadd      | fulldsp                | 3       |
|     fadd_32ns_32ns_32_4_full_dsp_1_U2156                       | 2    |        | sum1_742           | fadd      | fulldsp                | 3       |
|     fadd_32ns_32ns_32_4_full_dsp_1_U2086                       | 2    |        | sum2_128           | fadd      | fulldsp                | 3       |
|     fadd_32ns_32ns_32_4_full_dsp_1_U2087                       | 2    |        | sum2_129           | fadd      | fulldsp                | 3       |
|     fadd_32ns_32ns_32_4_full_dsp_1_U2088                       | 2    |        | sum2_130           | fadd      | fulldsp                | 3       |
|     fadd_32ns_32ns_32_4_full_dsp_1_U2089                       | 2    |        | sum2_131           | fadd      | fulldsp                | 3       |
|     fadd_32ns_32ns_32_4_full_dsp_1_U2090                       | 2    |        | sum2_132           | fadd      | fulldsp                | 3       |
|     fadd_32ns_32ns_32_4_full_dsp_1_U2091                       | 2    |        | sum2_133           | fadd      | fulldsp                | 3       |
|     fadd_32ns_32ns_32_4_full_dsp_1_U2092                       | 2    |        | sum2_134           | fadd      | fulldsp                | 3       |
|     fadd_32ns_32ns_32_4_full_dsp_1_U2093                       | 2    |        | sum2_135           | fadd      | fulldsp                | 3       |
|     fadd_32ns_32ns_32_4_full_dsp_1_U2054                       | 2    |        | sum3_64            | fadd      | fulldsp                | 3       |
|     fadd_32ns_32ns_32_4_full_dsp_1_U2055                       | 2    |        | sum3_65            | fadd      | fulldsp                | 3       |
|     fadd_32ns_32ns_32_4_full_dsp_1_U2056                       | 2    |        | sum3_66            | fadd      | fulldsp                | 3       |
|     fadd_32ns_32ns_32_4_full_dsp_1_U2057                       | 2    |        | sum3_67            | fadd      | fulldsp                | 3       |
|     fadd_32ns_32ns_32_4_full_dsp_1_U2038                       | 2    |        | sum4_32            | fadd      | fulldsp                | 3       |
|     fadd_32ns_32ns_32_4_full_dsp_1_U2039                       | 2    |        | sum4_33            | fadd      | fulldsp                | 3       |
|     fadd_32ns_32ns_32_4_full_dsp_1_U2030                       | 2    |        | add76_i16_i        | fadd      | fulldsp                | 3       |
|     fadd_32ns_32ns_32_4_full_dsp_1_U2142                       | 2    |        | sum1_743           | fadd      | fulldsp                | 3       |
|     fadd_32ns_32ns_32_4_full_dsp_1_U2143                       | 2    |        | sum1_744           | fadd      | fulldsp                | 3       |
|     fadd_32ns_32ns_32_4_full_dsp_1_U2144                       | 2    |        | sum1_745           | fadd      | fulldsp                | 3       |
|     fadd_32ns_32ns_32_4_full_dsp_1_U2145                       | 2    |        | sum1_746           | fadd      | fulldsp                | 3       |
|     fadd_32ns_32ns_32_4_full_dsp_1_U2146                       | 2    |        | sum1_747           | fadd      | fulldsp                | 3       |
|     fadd_32ns_32ns_32_4_full_dsp_1_U2147                       | 2    |        | sum1_748           | fadd      | fulldsp                | 3       |
|     fadd_32ns_32ns_32_4_full_dsp_1_U2148                       | 2    |        | sum1_749           | fadd      | fulldsp                | 3       |
|     fadd_32ns_32ns_32_4_full_dsp_1_U2149                       | 2    |        | sum1_750           | fadd      | fulldsp                | 3       |
|     fadd_32ns_32ns_32_4_full_dsp_1_U2150                       | 2    |        | sum1_751           | fadd      | fulldsp                | 3       |
|     fadd_32ns_32ns_32_4_full_dsp_1_U2151                       | 2    |        | sum1_752           | fadd      | fulldsp                | 3       |
|     fadd_32ns_32ns_32_4_full_dsp_1_U2152                       | 2    |        | sum1_753           | fadd      | fulldsp                | 3       |
|     fadd_32ns_32ns_32_4_full_dsp_1_U2153                       | 2    |        | sum1_754           | fadd      | fulldsp                | 3       |
|     fadd_32ns_32ns_32_4_full_dsp_1_U2154                       | 2    |        | sum1_755           | fadd      | fulldsp                | 3       |
|     fadd_32ns_32ns_32_4_full_dsp_1_U2155                       | 2    |        | sum1_756           | fadd      | fulldsp                | 3       |
|     fadd_32ns_32ns_32_4_full_dsp_1_U2156                       | 2    |        | sum1_757           | fadd      | fulldsp                | 3       |
|     fadd_32ns_32ns_32_4_full_dsp_1_U2086                       | 2    |        | sum2_136           | fadd      | fulldsp                | 3       |
|     fadd_32ns_32ns_32_4_full_dsp_1_U2087                       | 2    |        | sum2_137           | fadd      | fulldsp                | 3       |
|     fadd_32ns_32ns_32_4_full_dsp_1_U2088                       | 2    |        | sum2_138           | fadd      | fulldsp                | 3       |
|     fadd_32ns_32ns_32_4_full_dsp_1_U2089                       | 2    |        | sum2_139           | fadd      | fulldsp                | 3       |
|     fadd_32ns_32ns_32_4_full_dsp_1_U2090                       | 2    |        | sum2_140           | fadd      | fulldsp                | 3       |
|     fadd_32ns_32ns_32_4_full_dsp_1_U2091                       | 2    |        | sum2_141           | fadd      | fulldsp                | 3       |
|     fadd_32ns_32ns_32_4_full_dsp_1_U2092                       | 2    |        | sum2_142           | fadd      | fulldsp                | 3       |
|     fadd_32ns_32ns_32_4_full_dsp_1_U2093                       | 2    |        | sum2_143           | fadd      | fulldsp                | 3       |
|     fadd_32ns_32ns_32_4_full_dsp_1_U2054                       | 2    |        | sum3_68            | fadd      | fulldsp                | 3       |
|     fadd_32ns_32ns_32_4_full_dsp_1_U2055                       | 2    |        | sum3_69            | fadd      | fulldsp                | 3       |
|     fadd_32ns_32ns_32_4_full_dsp_1_U2056                       | 2    |        | sum3_70            | fadd      | fulldsp                | 3       |
|     fadd_32ns_32ns_32_4_full_dsp_1_U2057                       | 2    |        | sum3_71            | fadd      | fulldsp                | 3       |
|     fadd_32ns_32ns_32_4_full_dsp_1_U2038                       | 2    |        | sum4_34            | fadd      | fulldsp                | 3       |
|     fadd_32ns_32ns_32_4_full_dsp_1_U2039                       | 2    |        | sum4_35            | fadd      | fulldsp                | 3       |
|     fadd_32ns_32ns_32_4_full_dsp_1_U2030                       | 2    |        | add76_i17_i        | fadd      | fulldsp                | 3       |
|     fmul_32ns_32ns_32_3_max_dsp_1_U2637                        | 3    |        | res1_279           | fmul      | maxdsp                 | 2       |
|     fmul_32ns_32ns_32_3_max_dsp_1_U2638                        | 3    |        | res1_280           | fmul      | maxdsp                 | 2       |
|     fmul_32ns_32ns_32_3_max_dsp_1_U2639                        | 3    |        | res1_281           | fmul      | maxdsp                 | 2       |
|     fmul_32ns_32ns_32_3_max_dsp_1_U2640                        | 3    |        | res1_282           | fmul      | maxdsp                 | 2       |
|     fmul_32ns_32ns_32_3_max_dsp_1_U2641                        | 3    |        | res1_283           | fmul      | maxdsp                 | 2       |
|     fmul_32ns_32ns_32_3_max_dsp_1_U2642                        | 3    |        | res1_284           | fmul      | maxdsp                 | 2       |
|     fmul_32ns_32ns_32_3_max_dsp_1_U2643                        | 3    |        | res1_285           | fmul      | maxdsp                 | 2       |
|     fmul_32ns_32ns_32_3_max_dsp_1_U2644                        | 3    |        | res1_286           | fmul      | maxdsp                 | 2       |
|     fmul_32ns_32ns_32_3_max_dsp_1_U2645                        | 3    |        | res1_287           | fmul      | maxdsp                 | 2       |
|     fmul_32ns_32ns_32_3_max_dsp_1_U2646                        | 3    |        | res1_288           | fmul      | maxdsp                 | 2       |
|     fmul_32ns_32ns_32_3_max_dsp_1_U2647                        | 3    |        | res1_289           | fmul      | maxdsp                 | 2       |
|     fmul_32ns_32ns_32_3_max_dsp_1_U2648                        | 3    |        | res1_290           | fmul      | maxdsp                 | 2       |
|     fmul_32ns_32ns_32_3_max_dsp_1_U2649                        | 3    |        | res1_291           | fmul      | maxdsp                 | 2       |
|     fmul_32ns_32ns_32_3_max_dsp_1_U2650                        | 3    |        | res1_292           | fmul      | maxdsp                 | 2       |
|     fmul_32ns_32ns_32_3_max_dsp_1_U2651                        | 3    |        | res1_293           | fmul      | maxdsp                 | 2       |
|     fmul_32ns_32ns_32_3_max_dsp_1_U2652                        | 3    |        | res1_294           | fmul      | maxdsp                 | 2       |
|     fmul_32ns_32ns_32_3_max_dsp_1_U2653                        | 3    |        | res1_295           | fmul      | maxdsp                 | 2       |
|     fmul_32ns_32ns_32_3_max_dsp_1_U2654                        | 3    |        | res1_296           | fmul      | maxdsp                 | 2       |
|     fmul_32ns_32ns_32_3_max_dsp_1_U2655                        | 3    |        | res1_297           | fmul      | maxdsp                 | 2       |
|     fmul_32ns_32ns_32_3_max_dsp_1_U2656                        | 3    |        | res1_298           | fmul      | maxdsp                 | 2       |
|     fmul_32ns_32ns_32_3_max_dsp_1_U2657                        | 3    |        | res1_299           | fmul      | maxdsp                 | 2       |
|     fmul_32ns_32ns_32_3_max_dsp_1_U2658                        | 3    |        | res1_300           | fmul      | maxdsp                 | 2       |
|     fmul_32ns_32ns_32_3_max_dsp_1_U2659                        | 3    |        | res1_301           | fmul      | maxdsp                 | 2       |
|     fmul_32ns_32ns_32_3_max_dsp_1_U2660                        | 3    |        | res1_302           | fmul      | maxdsp                 | 2       |
|     fmul_32ns_32ns_32_3_max_dsp_1_U2661                        | 3    |        | res1_303           | fmul      | maxdsp                 | 2       |
|     fmul_32ns_32ns_32_3_max_dsp_1_U2662                        | 3    |        | res1_304           | fmul      | maxdsp                 | 2       |
|     fmul_32ns_32ns_32_3_max_dsp_1_U2663                        | 3    |        | res1_305           | fmul      | maxdsp                 | 2       |
|     fmul_32ns_32ns_32_3_max_dsp_1_U2664                        | 3    |        | res1_306           | fmul      | maxdsp                 | 2       |
|     fmul_32ns_32ns_32_3_max_dsp_1_U2665                        | 3    |        | res1_307           | fmul      | maxdsp                 | 2       |
|     fmul_32ns_32ns_32_3_max_dsp_1_U2666                        | 3    |        | res1_308           | fmul      | maxdsp                 | 2       |
|     fmul_32ns_32ns_32_3_max_dsp_1_U2376                        | 3    |        | sum1_955           | fmul      | maxdsp                 | 2       |
|     fadd_32ns_32ns_32_4_full_dsp_1_U2157                       | 2    |        | sum1_759           | fadd      | fulldsp                | 3       |
|     fadd_32ns_32ns_32_4_full_dsp_1_U2158                       | 2    |        | sum1_760           | fadd      | fulldsp                | 3       |
|     fadd_32ns_32ns_32_4_full_dsp_1_U2159                       | 2    |        | sum1_761           | fadd      | fulldsp                | 3       |
|     fadd_32ns_32ns_32_4_full_dsp_1_U2160                       | 2    |        | sum1_762           | fadd      | fulldsp                | 3       |
|     fadd_32ns_32ns_32_4_full_dsp_1_U2161                       | 2    |        | sum1_763           | fadd      | fulldsp                | 3       |
|     fadd_32ns_32ns_32_4_full_dsp_1_U2162                       | 2    |        | sum1_764           | fadd      | fulldsp                | 3       |
|     fadd_32ns_32ns_32_4_full_dsp_1_U2163                       | 2    |        | sum1_765           | fadd      | fulldsp                | 3       |
|     fadd_32ns_32ns_32_4_full_dsp_1_U2164                       | 2    |        | sum1_766           | fadd      | fulldsp                | 3       |
|     fadd_32ns_32ns_32_4_full_dsp_1_U2165                       | 2    |        | sum1_767           | fadd      | fulldsp                | 3       |
|     fadd_32ns_32ns_32_4_full_dsp_1_U2166                       | 2    |        | sum1_768           | fadd      | fulldsp                | 3       |
|     fadd_32ns_32ns_32_4_full_dsp_1_U2167                       | 2    |        | sum1_769           | fadd      | fulldsp                | 3       |
|     fadd_32ns_32ns_32_4_full_dsp_1_U2168                       | 2    |        | sum1_770           | fadd      | fulldsp                | 3       |
|     fadd_32ns_32ns_32_4_full_dsp_1_U2169                       | 2    |        | sum1_771           | fadd      | fulldsp                | 3       |
|     fadd_32ns_32ns_32_4_full_dsp_1_U2170                       | 2    |        | sum1_772           | fadd      | fulldsp                | 3       |
|     fadd_32ns_32ns_32_4_full_dsp_1_U2171                       | 2    |        | sum1_773           | fadd      | fulldsp                | 3       |
|     fadd_32ns_32ns_32_4_full_dsp_1_U2094                       | 2    |        | sum2_144           | fadd      | fulldsp                | 3       |
|     fadd_32ns_32ns_32_4_full_dsp_1_U2095                       | 2    |        | sum2_145           | fadd      | fulldsp                | 3       |
|     fadd_32ns_32ns_32_4_full_dsp_1_U2096                       | 2    |        | sum2_146           | fadd      | fulldsp                | 3       |
|     fadd_32ns_32ns_32_4_full_dsp_1_U2097                       | 2    |        | sum2_147           | fadd      | fulldsp                | 3       |
|     fadd_32ns_32ns_32_4_full_dsp_1_U2098                       | 2    |        | sum2_148           | fadd      | fulldsp                | 3       |
|     fadd_32ns_32ns_32_4_full_dsp_1_U2099                       | 2    |        | sum2_149           | fadd      | fulldsp                | 3       |
|     fadd_32ns_32ns_32_4_full_dsp_1_U2100                       | 2    |        | sum2_150           | fadd      | fulldsp                | 3       |
|     fadd_32ns_32ns_32_4_full_dsp_1_U2101                       | 2    |        | sum2_151           | fadd      | fulldsp                | 3       |
|     fadd_32ns_32ns_32_4_full_dsp_1_U2058                       | 2    |        | sum3_72            | fadd      | fulldsp                | 3       |
|     fadd_32ns_32ns_32_4_full_dsp_1_U2059                       | 2    |        | sum3_73            | fadd      | fulldsp                | 3       |
|     fadd_32ns_32ns_32_4_full_dsp_1_U2060                       | 2    |        | sum3_74            | fadd      | fulldsp                | 3       |
|     fadd_32ns_32ns_32_4_full_dsp_1_U2061                       | 2    |        | sum3_75            | fadd      | fulldsp                | 3       |
|     fadd_32ns_32ns_32_4_full_dsp_1_U2040                       | 2    |        | sum4_36            | fadd      | fulldsp                | 3       |
|     fadd_32ns_32ns_32_4_full_dsp_1_U2041                       | 2    |        | sum4_37            | fadd      | fulldsp                | 3       |
|     fadd_32ns_32ns_32_4_full_dsp_1_U2031                       | 2    |        | add76_i18_i        | fadd      | fulldsp                | 3       |
|     fadd_32ns_32ns_32_4_full_dsp_1_U2157                       | 2    |        | sum1_774           | fadd      | fulldsp                | 3       |
|     fadd_32ns_32ns_32_4_full_dsp_1_U2158                       | 2    |        | sum1_775           | fadd      | fulldsp                | 3       |
|     fadd_32ns_32ns_32_4_full_dsp_1_U2159                       | 2    |        | sum1_776           | fadd      | fulldsp                | 3       |
|     fadd_32ns_32ns_32_4_full_dsp_1_U2160                       | 2    |        | sum1_777           | fadd      | fulldsp                | 3       |
|     fadd_32ns_32ns_32_4_full_dsp_1_U2161                       | 2    |        | sum1_778           | fadd      | fulldsp                | 3       |
|     fadd_32ns_32ns_32_4_full_dsp_1_U2162                       | 2    |        | sum1_779           | fadd      | fulldsp                | 3       |
|     fadd_32ns_32ns_32_4_full_dsp_1_U2163                       | 2    |        | sum1_780           | fadd      | fulldsp                | 3       |
|     fadd_32ns_32ns_32_4_full_dsp_1_U2164                       | 2    |        | sum1_781           | fadd      | fulldsp                | 3       |
|     fadd_32ns_32ns_32_4_full_dsp_1_U2165                       | 2    |        | sum1_782           | fadd      | fulldsp                | 3       |
|     fadd_32ns_32ns_32_4_full_dsp_1_U2166                       | 2    |        | sum1_783           | fadd      | fulldsp                | 3       |
|     fadd_32ns_32ns_32_4_full_dsp_1_U2167                       | 2    |        | sum1_784           | fadd      | fulldsp                | 3       |
|     fadd_32ns_32ns_32_4_full_dsp_1_U2168                       | 2    |        | sum1_785           | fadd      | fulldsp                | 3       |
|     fadd_32ns_32ns_32_4_full_dsp_1_U2169                       | 2    |        | sum1_786           | fadd      | fulldsp                | 3       |
|     fadd_32ns_32ns_32_4_full_dsp_1_U2170                       | 2    |        | sum1_787           | fadd      | fulldsp                | 3       |
|     fadd_32ns_32ns_32_4_full_dsp_1_U2171                       | 2    |        | sum1_788           | fadd      | fulldsp                | 3       |
|     fadd_32ns_32ns_32_4_full_dsp_1_U2094                       | 2    |        | sum2_152           | fadd      | fulldsp                | 3       |
|     fadd_32ns_32ns_32_4_full_dsp_1_U2095                       | 2    |        | sum2_153           | fadd      | fulldsp                | 3       |
|     fadd_32ns_32ns_32_4_full_dsp_1_U2096                       | 2    |        | sum2_154           | fadd      | fulldsp                | 3       |
|     fadd_32ns_32ns_32_4_full_dsp_1_U2097                       | 2    |        | sum2_155           | fadd      | fulldsp                | 3       |
|     fadd_32ns_32ns_32_4_full_dsp_1_U2098                       | 2    |        | sum2_156           | fadd      | fulldsp                | 3       |
|     fadd_32ns_32ns_32_4_full_dsp_1_U2099                       | 2    |        | sum2_157           | fadd      | fulldsp                | 3       |
|     fadd_32ns_32ns_32_4_full_dsp_1_U2100                       | 2    |        | sum2_158           | fadd      | fulldsp                | 3       |
|     fadd_32ns_32ns_32_4_full_dsp_1_U2101                       | 2    |        | sum2_159           | fadd      | fulldsp                | 3       |
|     fadd_32ns_32ns_32_4_full_dsp_1_U2058                       | 2    |        | sum3_76            | fadd      | fulldsp                | 3       |
|     fadd_32ns_32ns_32_4_full_dsp_1_U2059                       | 2    |        | sum3_77            | fadd      | fulldsp                | 3       |
|     fadd_32ns_32ns_32_4_full_dsp_1_U2060                       | 2    |        | sum3_78            | fadd      | fulldsp                | 3       |
|     fadd_32ns_32ns_32_4_full_dsp_1_U2061                       | 2    |        | sum3_79            | fadd      | fulldsp                | 3       |
|     fadd_32ns_32ns_32_4_full_dsp_1_U2040                       | 2    |        | sum4_38            | fadd      | fulldsp                | 3       |
|     fadd_32ns_32ns_32_4_full_dsp_1_U2041                       | 2    |        | sum4_39            | fadd      | fulldsp                | 3       |
|     fadd_32ns_32ns_32_4_full_dsp_1_U2031                       | 2    |        | add76_i19_i        | fadd      | fulldsp                | 3       |
|     fmul_32ns_32ns_32_3_max_dsp_1_U2667                        | 3    |        | res1_310           | fmul      | maxdsp                 | 2       |
|     fmul_32ns_32ns_32_3_max_dsp_1_U2668                        | 3    |        | res1_311           | fmul      | maxdsp                 | 2       |
|     fmul_32ns_32ns_32_3_max_dsp_1_U2669                        | 3    |        | res1_312           | fmul      | maxdsp                 | 2       |
|     fmul_32ns_32ns_32_3_max_dsp_1_U2670                        | 3    |        | res1_313           | fmul      | maxdsp                 | 2       |
|     fmul_32ns_32ns_32_3_max_dsp_1_U2671                        | 3    |        | res1_314           | fmul      | maxdsp                 | 2       |
|     fmul_32ns_32ns_32_3_max_dsp_1_U2672                        | 3    |        | res1_315           | fmul      | maxdsp                 | 2       |
|     fmul_32ns_32ns_32_3_max_dsp_1_U2673                        | 3    |        | res1_316           | fmul      | maxdsp                 | 2       |
|     fmul_32ns_32ns_32_3_max_dsp_1_U2674                        | 3    |        | res1_317           | fmul      | maxdsp                 | 2       |
|     fmul_32ns_32ns_32_3_max_dsp_1_U2675                        | 3    |        | res1_318           | fmul      | maxdsp                 | 2       |
|     fmul_32ns_32ns_32_3_max_dsp_1_U2676                        | 3    |        | res1_319           | fmul      | maxdsp                 | 2       |
|     fmul_32ns_32ns_32_3_max_dsp_1_U2677                        | 3    |        | res1_320           | fmul      | maxdsp                 | 2       |
|     fmul_32ns_32ns_32_3_max_dsp_1_U2678                        | 3    |        | res1_321           | fmul      | maxdsp                 | 2       |
|     fmul_32ns_32ns_32_3_max_dsp_1_U2679                        | 3    |        | res1_322           | fmul      | maxdsp                 | 2       |
|     fmul_32ns_32ns_32_3_max_dsp_1_U2680                        | 3    |        | res1_323           | fmul      | maxdsp                 | 2       |
|     fmul_32ns_32ns_32_3_max_dsp_1_U2681                        | 3    |        | res1_324           | fmul      | maxdsp                 | 2       |
|     fmul_32ns_32ns_32_3_max_dsp_1_U2682                        | 3    |        | res1_325           | fmul      | maxdsp                 | 2       |
|     fmul_32ns_32ns_32_3_max_dsp_1_U2683                        | 3    |        | res1_326           | fmul      | maxdsp                 | 2       |
|     fmul_32ns_32ns_32_3_max_dsp_1_U2684                        | 3    |        | res1_327           | fmul      | maxdsp                 | 2       |
|     fmul_32ns_32ns_32_3_max_dsp_1_U2685                        | 3    |        | res1_328           | fmul      | maxdsp                 | 2       |
|     fmul_32ns_32ns_32_3_max_dsp_1_U2686                        | 3    |        | res1_329           | fmul      | maxdsp                 | 2       |
|     fmul_32ns_32ns_32_3_max_dsp_1_U2687                        | 3    |        | res1_330           | fmul      | maxdsp                 | 2       |
|     fmul_32ns_32ns_32_3_max_dsp_1_U2688                        | 3    |        | res1_331           | fmul      | maxdsp                 | 2       |
|     fmul_32ns_32ns_32_3_max_dsp_1_U2689                        | 3    |        | res1_332           | fmul      | maxdsp                 | 2       |
|     fmul_32ns_32ns_32_3_max_dsp_1_U2690                        | 3    |        | res1_333           | fmul      | maxdsp                 | 2       |
|     fmul_32ns_32ns_32_3_max_dsp_1_U2691                        | 3    |        | res1_334           | fmul      | maxdsp                 | 2       |
|     fmul_32ns_32ns_32_3_max_dsp_1_U2692                        | 3    |        | res1_335           | fmul      | maxdsp                 | 2       |
|     fmul_32ns_32ns_32_3_max_dsp_1_U2693                        | 3    |        | res1_336           | fmul      | maxdsp                 | 2       |
|     fmul_32ns_32ns_32_3_max_dsp_1_U2694                        | 3    |        | res1_337           | fmul      | maxdsp                 | 2       |
|     fmul_32ns_32ns_32_3_max_dsp_1_U2695                        | 3    |        | res1_338           | fmul      | maxdsp                 | 2       |
|     fmul_32ns_32ns_32_3_max_dsp_1_U2696                        | 3    |        | res1_339           | fmul      | maxdsp                 | 2       |
|     fmul_32ns_32ns_32_3_max_dsp_1_U2377                        | 3    |        | sum1_956           | fmul      | maxdsp                 | 2       |
|     fadd_32ns_32ns_32_4_full_dsp_1_U2172                       | 2    |        | sum1_790           | fadd      | fulldsp                | 3       |
|     fadd_32ns_32ns_32_4_full_dsp_1_U2173                       | 2    |        | sum1_791           | fadd      | fulldsp                | 3       |
|     fadd_32ns_32ns_32_4_full_dsp_1_U2174                       | 2    |        | sum1_792           | fadd      | fulldsp                | 3       |
|     fadd_32ns_32ns_32_4_full_dsp_1_U2175                       | 2    |        | sum1_793           | fadd      | fulldsp                | 3       |
|     fadd_32ns_32ns_32_4_full_dsp_1_U2176                       | 2    |        | sum1_794           | fadd      | fulldsp                | 3       |
|     fadd_32ns_32ns_32_4_full_dsp_1_U2177                       | 2    |        | sum1_795           | fadd      | fulldsp                | 3       |
|     fadd_32ns_32ns_32_4_full_dsp_1_U2178                       | 2    |        | sum1_796           | fadd      | fulldsp                | 3       |
|     fadd_32ns_32ns_32_4_full_dsp_1_U2179                       | 2    |        | sum1_797           | fadd      | fulldsp                | 3       |
|     fadd_32ns_32ns_32_4_full_dsp_1_U2180                       | 2    |        | sum1_798           | fadd      | fulldsp                | 3       |
|     fadd_32ns_32ns_32_4_full_dsp_1_U2181                       | 2    |        | sum1_799           | fadd      | fulldsp                | 3       |
|     fadd_32ns_32ns_32_4_full_dsp_1_U2182                       | 2    |        | sum1_800           | fadd      | fulldsp                | 3       |
|     fadd_32ns_32ns_32_4_full_dsp_1_U2183                       | 2    |        | sum1_801           | fadd      | fulldsp                | 3       |
|     fadd_32ns_32ns_32_4_full_dsp_1_U2184                       | 2    |        | sum1_802           | fadd      | fulldsp                | 3       |
|     fadd_32ns_32ns_32_4_full_dsp_1_U2185                       | 2    |        | sum1_803           | fadd      | fulldsp                | 3       |
|     fadd_32ns_32ns_32_4_full_dsp_1_U2186                       | 2    |        | sum1_804           | fadd      | fulldsp                | 3       |
|     fadd_32ns_32ns_32_4_full_dsp_1_U2102                       | 2    |        | sum2_160           | fadd      | fulldsp                | 3       |
|     fadd_32ns_32ns_32_4_full_dsp_1_U2103                       | 2    |        | sum2_161           | fadd      | fulldsp                | 3       |
|     fadd_32ns_32ns_32_4_full_dsp_1_U2104                       | 2    |        | sum2_162           | fadd      | fulldsp                | 3       |
|     fadd_32ns_32ns_32_4_full_dsp_1_U2105                       | 2    |        | sum2_163           | fadd      | fulldsp                | 3       |
|     fadd_32ns_32ns_32_4_full_dsp_1_U2106                       | 2    |        | sum2_164           | fadd      | fulldsp                | 3       |
|     fadd_32ns_32ns_32_4_full_dsp_1_U2107                       | 2    |        | sum2_165           | fadd      | fulldsp                | 3       |
|     fadd_32ns_32ns_32_4_full_dsp_1_U2108                       | 2    |        | sum2_166           | fadd      | fulldsp                | 3       |
|     fadd_32ns_32ns_32_4_full_dsp_1_U2109                       | 2    |        | sum2_167           | fadd      | fulldsp                | 3       |
|     fadd_32ns_32ns_32_4_full_dsp_1_U2062                       | 2    |        | sum3_80            | fadd      | fulldsp                | 3       |
|     fadd_32ns_32ns_32_4_full_dsp_1_U2063                       | 2    |        | sum3_81            | fadd      | fulldsp                | 3       |
|     fadd_32ns_32ns_32_4_full_dsp_1_U2064                       | 2    |        | sum3_82            | fadd      | fulldsp                | 3       |
|     fadd_32ns_32ns_32_4_full_dsp_1_U2065                       | 2    |        | sum3_83            | fadd      | fulldsp                | 3       |
|     fadd_32ns_32ns_32_4_full_dsp_1_U2042                       | 2    |        | sum4_40            | fadd      | fulldsp                | 3       |
|     fadd_32ns_32ns_32_4_full_dsp_1_U2043                       | 2    |        | sum4_41            | fadd      | fulldsp                | 3       |
|     fadd_32ns_32ns_32_4_full_dsp_1_U2032                       | 2    |        | add76_i20_i        | fadd      | fulldsp                | 3       |
|     fadd_32ns_32ns_32_4_full_dsp_1_U2172                       | 2    |        | sum1_805           | fadd      | fulldsp                | 3       |
|     fadd_32ns_32ns_32_4_full_dsp_1_U2173                       | 2    |        | sum1_806           | fadd      | fulldsp                | 3       |
|     fadd_32ns_32ns_32_4_full_dsp_1_U2174                       | 2    |        | sum1_807           | fadd      | fulldsp                | 3       |
|     fadd_32ns_32ns_32_4_full_dsp_1_U2175                       | 2    |        | sum1_808           | fadd      | fulldsp                | 3       |
|     fadd_32ns_32ns_32_4_full_dsp_1_U2176                       | 2    |        | sum1_809           | fadd      | fulldsp                | 3       |
|     fadd_32ns_32ns_32_4_full_dsp_1_U2177                       | 2    |        | sum1_810           | fadd      | fulldsp                | 3       |
|     fadd_32ns_32ns_32_4_full_dsp_1_U2178                       | 2    |        | sum1_811           | fadd      | fulldsp                | 3       |
|     fadd_32ns_32ns_32_4_full_dsp_1_U2179                       | 2    |        | sum1_812           | fadd      | fulldsp                | 3       |
|     fadd_32ns_32ns_32_4_full_dsp_1_U2180                       | 2    |        | sum1_813           | fadd      | fulldsp                | 3       |
|     fadd_32ns_32ns_32_4_full_dsp_1_U2181                       | 2    |        | sum1_814           | fadd      | fulldsp                | 3       |
|     fadd_32ns_32ns_32_4_full_dsp_1_U2182                       | 2    |        | sum1_815           | fadd      | fulldsp                | 3       |
|     fadd_32ns_32ns_32_4_full_dsp_1_U2183                       | 2    |        | sum1_816           | fadd      | fulldsp                | 3       |
|     fadd_32ns_32ns_32_4_full_dsp_1_U2184                       | 2    |        | sum1_817           | fadd      | fulldsp                | 3       |
|     fadd_32ns_32ns_32_4_full_dsp_1_U2185                       | 2    |        | sum1_818           | fadd      | fulldsp                | 3       |
|     fadd_32ns_32ns_32_4_full_dsp_1_U2186                       | 2    |        | sum1_819           | fadd      | fulldsp                | 3       |
|     fadd_32ns_32ns_32_4_full_dsp_1_U2102                       | 2    |        | sum2_168           | fadd      | fulldsp                | 3       |
|     fadd_32ns_32ns_32_4_full_dsp_1_U2103                       | 2    |        | sum2_169           | fadd      | fulldsp                | 3       |
|     fadd_32ns_32ns_32_4_full_dsp_1_U2104                       | 2    |        | sum2_170           | fadd      | fulldsp                | 3       |
|     fadd_32ns_32ns_32_4_full_dsp_1_U2105                       | 2    |        | sum2_171           | fadd      | fulldsp                | 3       |
|     fadd_32ns_32ns_32_4_full_dsp_1_U2106                       | 2    |        | sum2_172           | fadd      | fulldsp                | 3       |
|     fadd_32ns_32ns_32_4_full_dsp_1_U2107                       | 2    |        | sum2_173           | fadd      | fulldsp                | 3       |
|     fadd_32ns_32ns_32_4_full_dsp_1_U2108                       | 2    |        | sum2_174           | fadd      | fulldsp                | 3       |
|     fadd_32ns_32ns_32_4_full_dsp_1_U2109                       | 2    |        | sum2_175           | fadd      | fulldsp                | 3       |
|     fadd_32ns_32ns_32_4_full_dsp_1_U2062                       | 2    |        | sum3_84            | fadd      | fulldsp                | 3       |
|     fadd_32ns_32ns_32_4_full_dsp_1_U2063                       | 2    |        | sum3_85            | fadd      | fulldsp                | 3       |
|     fadd_32ns_32ns_32_4_full_dsp_1_U2064                       | 2    |        | sum3_86            | fadd      | fulldsp                | 3       |
|     fadd_32ns_32ns_32_4_full_dsp_1_U2065                       | 2    |        | sum3_87            | fadd      | fulldsp                | 3       |
|     fadd_32ns_32ns_32_4_full_dsp_1_U2042                       | 2    |        | sum4_42            | fadd      | fulldsp                | 3       |
|     fadd_32ns_32ns_32_4_full_dsp_1_U2043                       | 2    |        | sum4_43            | fadd      | fulldsp                | 3       |
|     fadd_32ns_32ns_32_4_full_dsp_1_U2032                       | 2    |        | add76_i21_i        | fadd      | fulldsp                | 3       |
|     fmul_32ns_32ns_32_3_max_dsp_1_U2697                        | 3    |        | res1_341           | fmul      | maxdsp                 | 2       |
|     fmul_32ns_32ns_32_3_max_dsp_1_U2698                        | 3    |        | res1_342           | fmul      | maxdsp                 | 2       |
|     fmul_32ns_32ns_32_3_max_dsp_1_U2699                        | 3    |        | res1_343           | fmul      | maxdsp                 | 2       |
|     fmul_32ns_32ns_32_3_max_dsp_1_U2700                        | 3    |        | res1_344           | fmul      | maxdsp                 | 2       |
|     fmul_32ns_32ns_32_3_max_dsp_1_U2701                        | 3    |        | res1_345           | fmul      | maxdsp                 | 2       |
|     fmul_32ns_32ns_32_3_max_dsp_1_U2702                        | 3    |        | res1_346           | fmul      | maxdsp                 | 2       |
|     fmul_32ns_32ns_32_3_max_dsp_1_U2703                        | 3    |        | res1_347           | fmul      | maxdsp                 | 2       |
|     fmul_32ns_32ns_32_3_max_dsp_1_U2704                        | 3    |        | res1_348           | fmul      | maxdsp                 | 2       |
|     fmul_32ns_32ns_32_3_max_dsp_1_U2705                        | 3    |        | res1_349           | fmul      | maxdsp                 | 2       |
|     fmul_32ns_32ns_32_3_max_dsp_1_U2706                        | 3    |        | res1_350           | fmul      | maxdsp                 | 2       |
|     fmul_32ns_32ns_32_3_max_dsp_1_U2707                        | 3    |        | res1_351           | fmul      | maxdsp                 | 2       |
|     fmul_32ns_32ns_32_3_max_dsp_1_U2708                        | 3    |        | res1_352           | fmul      | maxdsp                 | 2       |
|     fmul_32ns_32ns_32_3_max_dsp_1_U2709                        | 3    |        | res1_353           | fmul      | maxdsp                 | 2       |
|     fmul_32ns_32ns_32_3_max_dsp_1_U2710                        | 3    |        | res1_354           | fmul      | maxdsp                 | 2       |
|     fmul_32ns_32ns_32_3_max_dsp_1_U2711                        | 3    |        | res1_355           | fmul      | maxdsp                 | 2       |
|     fmul_32ns_32ns_32_3_max_dsp_1_U2712                        | 3    |        | res1_356           | fmul      | maxdsp                 | 2       |
|     fmul_32ns_32ns_32_3_max_dsp_1_U2713                        | 3    |        | res1_357           | fmul      | maxdsp                 | 2       |
|     fmul_32ns_32ns_32_3_max_dsp_1_U2714                        | 3    |        | res1_358           | fmul      | maxdsp                 | 2       |
|     fmul_32ns_32ns_32_3_max_dsp_1_U2715                        | 3    |        | res1_359           | fmul      | maxdsp                 | 2       |
|     fmul_32ns_32ns_32_3_max_dsp_1_U2716                        | 3    |        | res1_360           | fmul      | maxdsp                 | 2       |
|     fmul_32ns_32ns_32_3_max_dsp_1_U2717                        | 3    |        | res1_361           | fmul      | maxdsp                 | 2       |
|     fmul_32ns_32ns_32_3_max_dsp_1_U2718                        | 3    |        | res1_362           | fmul      | maxdsp                 | 2       |
|     fmul_32ns_32ns_32_3_max_dsp_1_U2719                        | 3    |        | res1_363           | fmul      | maxdsp                 | 2       |
|     fmul_32ns_32ns_32_3_max_dsp_1_U2720                        | 3    |        | res1_364           | fmul      | maxdsp                 | 2       |
|     fmul_32ns_32ns_32_3_max_dsp_1_U2721                        | 3    |        | res1_365           | fmul      | maxdsp                 | 2       |
|     fmul_32ns_32ns_32_3_max_dsp_1_U2722                        | 3    |        | res1_366           | fmul      | maxdsp                 | 2       |
|     fmul_32ns_32ns_32_3_max_dsp_1_U2723                        | 3    |        | res1_367           | fmul      | maxdsp                 | 2       |
|     fmul_32ns_32ns_32_3_max_dsp_1_U2724                        | 3    |        | res1_368           | fmul      | maxdsp                 | 2       |
|     fmul_32ns_32ns_32_3_max_dsp_1_U2725                        | 3    |        | res1_369           | fmul      | maxdsp                 | 2       |
|     fmul_32ns_32ns_32_3_max_dsp_1_U2726                        | 3    |        | res1_370           | fmul      | maxdsp                 | 2       |
|     fmul_32ns_32ns_32_3_max_dsp_1_U2378                        | 3    |        | sum1_957           | fmul      | maxdsp                 | 2       |
|     fadd_32ns_32ns_32_4_full_dsp_1_U2187                       | 2    |        | sum1_821           | fadd      | fulldsp                | 3       |
|     fadd_32ns_32ns_32_4_full_dsp_1_U2188                       | 2    |        | sum1_822           | fadd      | fulldsp                | 3       |
|     fadd_32ns_32ns_32_4_full_dsp_1_U2189                       | 2    |        | sum1_823           | fadd      | fulldsp                | 3       |
|     fadd_32ns_32ns_32_4_full_dsp_1_U2190                       | 2    |        | sum1_824           | fadd      | fulldsp                | 3       |
|     fadd_32ns_32ns_32_4_full_dsp_1_U2191                       | 2    |        | sum1_825           | fadd      | fulldsp                | 3       |
|     fadd_32ns_32ns_32_4_full_dsp_1_U2192                       | 2    |        | sum1_826           | fadd      | fulldsp                | 3       |
|     fadd_32ns_32ns_32_4_full_dsp_1_U2193                       | 2    |        | sum1_827           | fadd      | fulldsp                | 3       |
|     fadd_32ns_32ns_32_4_full_dsp_1_U2194                       | 2    |        | sum1_828           | fadd      | fulldsp                | 3       |
|     fadd_32ns_32ns_32_4_full_dsp_1_U2195                       | 2    |        | sum1_829           | fadd      | fulldsp                | 3       |
|     fadd_32ns_32ns_32_4_full_dsp_1_U2196                       | 2    |        | sum1_830           | fadd      | fulldsp                | 3       |
|     fadd_32ns_32ns_32_4_full_dsp_1_U2197                       | 2    |        | sum1_831           | fadd      | fulldsp                | 3       |
|     fadd_32ns_32ns_32_4_full_dsp_1_U2198                       | 2    |        | sum1_832           | fadd      | fulldsp                | 3       |
|     fadd_32ns_32ns_32_4_full_dsp_1_U2199                       | 2    |        | sum1_833           | fadd      | fulldsp                | 3       |
|     fadd_32ns_32ns_32_4_full_dsp_1_U2200                       | 2    |        | sum1_834           | fadd      | fulldsp                | 3       |
|     fadd_32ns_32ns_32_4_full_dsp_1_U2201                       | 2    |        | sum1_835           | fadd      | fulldsp                | 3       |
|     fadd_32ns_32ns_32_4_full_dsp_1_U2110                       | 2    |        | sum2_176           | fadd      | fulldsp                | 3       |
|     fadd_32ns_32ns_32_4_full_dsp_1_U2111                       | 2    |        | sum2_177           | fadd      | fulldsp                | 3       |
|     fadd_32ns_32ns_32_4_full_dsp_1_U2112                       | 2    |        | sum2_178           | fadd      | fulldsp                | 3       |
|     fadd_32ns_32ns_32_4_full_dsp_1_U2113                       | 2    |        | sum2_179           | fadd      | fulldsp                | 3       |
|     fadd_32ns_32ns_32_4_full_dsp_1_U2114                       | 2    |        | sum2_180           | fadd      | fulldsp                | 3       |
|     fadd_32ns_32ns_32_4_full_dsp_1_U2115                       | 2    |        | sum2_181           | fadd      | fulldsp                | 3       |
|     fadd_32ns_32ns_32_4_full_dsp_1_U2116                       | 2    |        | sum2_182           | fadd      | fulldsp                | 3       |
|     fadd_32ns_32ns_32_4_full_dsp_1_U2117                       | 2    |        | sum2_183           | fadd      | fulldsp                | 3       |
|     fadd_32ns_32ns_32_4_full_dsp_1_U2066                       | 2    |        | sum3_88            | fadd      | fulldsp                | 3       |
|     fadd_32ns_32ns_32_4_full_dsp_1_U2067                       | 2    |        | sum3_89            | fadd      | fulldsp                | 3       |
|     fadd_32ns_32ns_32_4_full_dsp_1_U2068                       | 2    |        | sum3_90            | fadd      | fulldsp                | 3       |
|     fadd_32ns_32ns_32_4_full_dsp_1_U2069                       | 2    |        | sum3_91            | fadd      | fulldsp                | 3       |
|     fadd_32ns_32ns_32_4_full_dsp_1_U2044                       | 2    |        | sum4_44            | fadd      | fulldsp                | 3       |
|     fadd_32ns_32ns_32_4_full_dsp_1_U2045                       | 2    |        | sum4_45            | fadd      | fulldsp                | 3       |
|     fadd_32ns_32ns_32_4_full_dsp_1_U2033                       | 2    |        | add76_i22_i        | fadd      | fulldsp                | 3       |
|     fadd_32ns_32ns_32_4_full_dsp_1_U2187                       | 2    |        | sum1_836           | fadd      | fulldsp                | 3       |
|     fadd_32ns_32ns_32_4_full_dsp_1_U2188                       | 2    |        | sum1_837           | fadd      | fulldsp                | 3       |
|     fadd_32ns_32ns_32_4_full_dsp_1_U2189                       | 2    |        | sum1_838           | fadd      | fulldsp                | 3       |
|     fadd_32ns_32ns_32_4_full_dsp_1_U2190                       | 2    |        | sum1_839           | fadd      | fulldsp                | 3       |
|     fadd_32ns_32ns_32_4_full_dsp_1_U2191                       | 2    |        | sum1_840           | fadd      | fulldsp                | 3       |
|     fadd_32ns_32ns_32_4_full_dsp_1_U2192                       | 2    |        | sum1_841           | fadd      | fulldsp                | 3       |
|     fadd_32ns_32ns_32_4_full_dsp_1_U2193                       | 2    |        | sum1_842           | fadd      | fulldsp                | 3       |
|     fadd_32ns_32ns_32_4_full_dsp_1_U2194                       | 2    |        | sum1_843           | fadd      | fulldsp                | 3       |
|     fadd_32ns_32ns_32_4_full_dsp_1_U2195                       | 2    |        | sum1_844           | fadd      | fulldsp                | 3       |
|     fadd_32ns_32ns_32_4_full_dsp_1_U2196                       | 2    |        | sum1_845           | fadd      | fulldsp                | 3       |
|     fadd_32ns_32ns_32_4_full_dsp_1_U2197                       | 2    |        | sum1_846           | fadd      | fulldsp                | 3       |
|     fadd_32ns_32ns_32_4_full_dsp_1_U2198                       | 2    |        | sum1_847           | fadd      | fulldsp                | 3       |
|     fadd_32ns_32ns_32_4_full_dsp_1_U2199                       | 2    |        | sum1_848           | fadd      | fulldsp                | 3       |
|     fadd_32ns_32ns_32_4_full_dsp_1_U2200                       | 2    |        | sum1_849           | fadd      | fulldsp                | 3       |
|     fadd_32ns_32ns_32_4_full_dsp_1_U2201                       | 2    |        | sum1_850           | fadd      | fulldsp                | 3       |
|     fadd_32ns_32ns_32_4_full_dsp_1_U2110                       | 2    |        | sum2_184           | fadd      | fulldsp                | 3       |
|     fadd_32ns_32ns_32_4_full_dsp_1_U2111                       | 2    |        | sum2_185           | fadd      | fulldsp                | 3       |
|     fadd_32ns_32ns_32_4_full_dsp_1_U2112                       | 2    |        | sum2_186           | fadd      | fulldsp                | 3       |
|     fadd_32ns_32ns_32_4_full_dsp_1_U2113                       | 2    |        | sum2_187           | fadd      | fulldsp                | 3       |
|     fadd_32ns_32ns_32_4_full_dsp_1_U2114                       | 2    |        | sum2_188           | fadd      | fulldsp                | 3       |
|     fadd_32ns_32ns_32_4_full_dsp_1_U2115                       | 2    |        | sum2_189           | fadd      | fulldsp                | 3       |
|     fadd_32ns_32ns_32_4_full_dsp_1_U2116                       | 2    |        | sum2_190           | fadd      | fulldsp                | 3       |
|     fadd_32ns_32ns_32_4_full_dsp_1_U2117                       | 2    |        | sum2_191           | fadd      | fulldsp                | 3       |
|     fadd_32ns_32ns_32_4_full_dsp_1_U2066                       | 2    |        | sum3_92            | fadd      | fulldsp                | 3       |
|     fadd_32ns_32ns_32_4_full_dsp_1_U2067                       | 2    |        | sum3_93            | fadd      | fulldsp                | 3       |
|     fadd_32ns_32ns_32_4_full_dsp_1_U2068                       | 2    |        | sum3_94            | fadd      | fulldsp                | 3       |
|     fadd_32ns_32ns_32_4_full_dsp_1_U2069                       | 2    |        | sum3_95            | fadd      | fulldsp                | 3       |
|     fadd_32ns_32ns_32_4_full_dsp_1_U2044                       | 2    |        | sum4_46            | fadd      | fulldsp                | 3       |
|     fadd_32ns_32ns_32_4_full_dsp_1_U2045                       | 2    |        | sum4_47            | fadd      | fulldsp                | 3       |
|     fadd_32ns_32ns_32_4_full_dsp_1_U2033                       | 2    |        | add76_i23_i        | fadd      | fulldsp                | 3       |
|     fmul_32ns_32ns_32_3_max_dsp_1_U2727                        | 3    |        | res1_372           | fmul      | maxdsp                 | 2       |
|     fmul_32ns_32ns_32_3_max_dsp_1_U2728                        | 3    |        | res1_373           | fmul      | maxdsp                 | 2       |
|     fmul_32ns_32ns_32_3_max_dsp_1_U2729                        | 3    |        | res1_374           | fmul      | maxdsp                 | 2       |
|     fmul_32ns_32ns_32_3_max_dsp_1_U2730                        | 3    |        | res1_375           | fmul      | maxdsp                 | 2       |
|     fmul_32ns_32ns_32_3_max_dsp_1_U2731                        | 3    |        | res1_376           | fmul      | maxdsp                 | 2       |
|     fmul_32ns_32ns_32_3_max_dsp_1_U2732                        | 3    |        | res1_377           | fmul      | maxdsp                 | 2       |
|     fmul_32ns_32ns_32_3_max_dsp_1_U2733                        | 3    |        | res1_378           | fmul      | maxdsp                 | 2       |
|     fmul_32ns_32ns_32_3_max_dsp_1_U2734                        | 3    |        | res1_379           | fmul      | maxdsp                 | 2       |
|     fmul_32ns_32ns_32_3_max_dsp_1_U2735                        | 3    |        | res1_380           | fmul      | maxdsp                 | 2       |
|     fmul_32ns_32ns_32_3_max_dsp_1_U2736                        | 3    |        | res1_381           | fmul      | maxdsp                 | 2       |
|     fmul_32ns_32ns_32_3_max_dsp_1_U2737                        | 3    |        | res1_382           | fmul      | maxdsp                 | 2       |
|     fmul_32ns_32ns_32_3_max_dsp_1_U2738                        | 3    |        | res1_383           | fmul      | maxdsp                 | 2       |
|     fmul_32ns_32ns_32_3_max_dsp_1_U2739                        | 3    |        | res1_384           | fmul      | maxdsp                 | 2       |
|     fmul_32ns_32ns_32_3_max_dsp_1_U2740                        | 3    |        | res1_385           | fmul      | maxdsp                 | 2       |
|     fmul_32ns_32ns_32_3_max_dsp_1_U2741                        | 3    |        | res1_386           | fmul      | maxdsp                 | 2       |
|     fmul_32ns_32ns_32_3_max_dsp_1_U2742                        | 3    |        | res1_387           | fmul      | maxdsp                 | 2       |
|     fmul_32ns_32ns_32_3_max_dsp_1_U2743                        | 3    |        | res1_388           | fmul      | maxdsp                 | 2       |
|     fmul_32ns_32ns_32_3_max_dsp_1_U2744                        | 3    |        | res1_389           | fmul      | maxdsp                 | 2       |
|     fmul_32ns_32ns_32_3_max_dsp_1_U2745                        | 3    |        | res1_390           | fmul      | maxdsp                 | 2       |
|     fmul_32ns_32ns_32_3_max_dsp_1_U2746                        | 3    |        | res1_391           | fmul      | maxdsp                 | 2       |
|     fmul_32ns_32ns_32_3_max_dsp_1_U2747                        | 3    |        | res1_392           | fmul      | maxdsp                 | 2       |
|     fmul_32ns_32ns_32_3_max_dsp_1_U2748                        | 3    |        | res1_393           | fmul      | maxdsp                 | 2       |
|     fmul_32ns_32ns_32_3_max_dsp_1_U2749                        | 3    |        | res1_394           | fmul      | maxdsp                 | 2       |
|     fmul_32ns_32ns_32_3_max_dsp_1_U2750                        | 3    |        | res1_395           | fmul      | maxdsp                 | 2       |
|     fmul_32ns_32ns_32_3_max_dsp_1_U2751                        | 3    |        | res1_396           | fmul      | maxdsp                 | 2       |
|     fmul_32ns_32ns_32_3_max_dsp_1_U2752                        | 3    |        | res1_397           | fmul      | maxdsp                 | 2       |
|     fmul_32ns_32ns_32_3_max_dsp_1_U2753                        | 3    |        | res1_398           | fmul      | maxdsp                 | 2       |
|     fmul_32ns_32ns_32_3_max_dsp_1_U2754                        | 3    |        | res1_399           | fmul      | maxdsp                 | 2       |
|     fmul_32ns_32ns_32_3_max_dsp_1_U2755                        | 3    |        | res1_400           | fmul      | maxdsp                 | 2       |
|     fmul_32ns_32ns_32_3_max_dsp_1_U2756                        | 3    |        | res1_401           | fmul      | maxdsp                 | 2       |
|     fmul_32ns_32ns_32_3_max_dsp_1_U2379                        | 3    |        | sum1_958           | fmul      | maxdsp                 | 2       |
|     fadd_32ns_32ns_32_4_full_dsp_1_U2202                       | 2    |        | sum1_852           | fadd      | fulldsp                | 3       |
|     fadd_32ns_32ns_32_4_full_dsp_1_U2203                       | 2    |        | sum1_853           | fadd      | fulldsp                | 3       |
|     fadd_32ns_32ns_32_4_full_dsp_1_U2204                       | 2    |        | sum1_854           | fadd      | fulldsp                | 3       |
|     fadd_32ns_32ns_32_4_full_dsp_1_U2205                       | 2    |        | sum1_855           | fadd      | fulldsp                | 3       |
|     fadd_32ns_32ns_32_4_full_dsp_1_U2206                       | 2    |        | sum1_856           | fadd      | fulldsp                | 3       |
|     fadd_32ns_32ns_32_4_full_dsp_1_U2207                       | 2    |        | sum1_857           | fadd      | fulldsp                | 3       |
|     fadd_32ns_32ns_32_4_full_dsp_1_U2208                       | 2    |        | sum1_858           | fadd      | fulldsp                | 3       |
|     fadd_32ns_32ns_32_4_full_dsp_1_U2209                       | 2    |        | sum1_859           | fadd      | fulldsp                | 3       |
|     fadd_32ns_32ns_32_4_full_dsp_1_U2210                       | 2    |        | sum1_860           | fadd      | fulldsp                | 3       |
|     fadd_32ns_32ns_32_4_full_dsp_1_U2211                       | 2    |        | sum1_861           | fadd      | fulldsp                | 3       |
|     fadd_32ns_32ns_32_4_full_dsp_1_U2212                       | 2    |        | sum1_862           | fadd      | fulldsp                | 3       |
|     fadd_32ns_32ns_32_4_full_dsp_1_U2213                       | 2    |        | sum1_863           | fadd      | fulldsp                | 3       |
|     fadd_32ns_32ns_32_4_full_dsp_1_U2214                       | 2    |        | sum1_864           | fadd      | fulldsp                | 3       |
|     fadd_32ns_32ns_32_4_full_dsp_1_U2215                       | 2    |        | sum1_865           | fadd      | fulldsp                | 3       |
|     fadd_32ns_32ns_32_4_full_dsp_1_U2216                       | 2    |        | sum1_866           | fadd      | fulldsp                | 3       |
|     fadd_32ns_32ns_32_4_full_dsp_1_U2118                       | 2    |        | sum2_192           | fadd      | fulldsp                | 3       |
|     fadd_32ns_32ns_32_4_full_dsp_1_U2119                       | 2    |        | sum2_193           | fadd      | fulldsp                | 3       |
|     fadd_32ns_32ns_32_4_full_dsp_1_U2120                       | 2    |        | sum2_194           | fadd      | fulldsp                | 3       |
|     fadd_32ns_32ns_32_4_full_dsp_1_U2121                       | 2    |        | sum2_195           | fadd      | fulldsp                | 3       |
|     fadd_32ns_32ns_32_4_full_dsp_1_U2122                       | 2    |        | sum2_196           | fadd      | fulldsp                | 3       |
|     fadd_32ns_32ns_32_4_full_dsp_1_U2123                       | 2    |        | sum2_197           | fadd      | fulldsp                | 3       |
|     fadd_32ns_32ns_32_4_full_dsp_1_U2124                       | 2    |        | sum2_198           | fadd      | fulldsp                | 3       |
|     fadd_32ns_32ns_32_4_full_dsp_1_U2125                       | 2    |        | sum2_199           | fadd      | fulldsp                | 3       |
|     fadd_32ns_32ns_32_4_full_dsp_1_U2070                       | 2    |        | sum3_96            | fadd      | fulldsp                | 3       |
|     fadd_32ns_32ns_32_4_full_dsp_1_U2071                       | 2    |        | sum3_97            | fadd      | fulldsp                | 3       |
|     fadd_32ns_32ns_32_4_full_dsp_1_U2072                       | 2    |        | sum3_98            | fadd      | fulldsp                | 3       |
|     fadd_32ns_32ns_32_4_full_dsp_1_U2073                       | 2    |        | sum3_99            | fadd      | fulldsp                | 3       |
|     fadd_32ns_32ns_32_4_full_dsp_1_U2046                       | 2    |        | sum4_48            | fadd      | fulldsp                | 3       |
|     fadd_32ns_32ns_32_4_full_dsp_1_U2047                       | 2    |        | sum4_49            | fadd      | fulldsp                | 3       |
|     fadd_32ns_32ns_32_4_full_dsp_1_U2034                       | 2    |        | add76_i24_i        | fadd      | fulldsp                | 3       |
|     fadd_32ns_32ns_32_4_full_dsp_1_U2202                       | 2    |        | sum1_867           | fadd      | fulldsp                | 3       |
|     fadd_32ns_32ns_32_4_full_dsp_1_U2203                       | 2    |        | sum1_868           | fadd      | fulldsp                | 3       |
|     fadd_32ns_32ns_32_4_full_dsp_1_U2204                       | 2    |        | sum1_869           | fadd      | fulldsp                | 3       |
|     fadd_32ns_32ns_32_4_full_dsp_1_U2205                       | 2    |        | sum1_870           | fadd      | fulldsp                | 3       |
|     fadd_32ns_32ns_32_4_full_dsp_1_U2206                       | 2    |        | sum1_871           | fadd      | fulldsp                | 3       |
|     fadd_32ns_32ns_32_4_full_dsp_1_U2207                       | 2    |        | sum1_872           | fadd      | fulldsp                | 3       |
|     fadd_32ns_32ns_32_4_full_dsp_1_U2208                       | 2    |        | sum1_873           | fadd      | fulldsp                | 3       |
|     fadd_32ns_32ns_32_4_full_dsp_1_U2209                       | 2    |        | sum1_874           | fadd      | fulldsp                | 3       |
|     fadd_32ns_32ns_32_4_full_dsp_1_U2210                       | 2    |        | sum1_875           | fadd      | fulldsp                | 3       |
|     fadd_32ns_32ns_32_4_full_dsp_1_U2211                       | 2    |        | sum1_876           | fadd      | fulldsp                | 3       |
|     fadd_32ns_32ns_32_4_full_dsp_1_U2212                       | 2    |        | sum1_877           | fadd      | fulldsp                | 3       |
|     fadd_32ns_32ns_32_4_full_dsp_1_U2213                       | 2    |        | sum1_878           | fadd      | fulldsp                | 3       |
|     fadd_32ns_32ns_32_4_full_dsp_1_U2214                       | 2    |        | sum1_879           | fadd      | fulldsp                | 3       |
|     fadd_32ns_32ns_32_4_full_dsp_1_U2215                       | 2    |        | sum1_880           | fadd      | fulldsp                | 3       |
|     fadd_32ns_32ns_32_4_full_dsp_1_U2216                       | 2    |        | sum1_881           | fadd      | fulldsp                | 3       |
|     fadd_32ns_32ns_32_4_full_dsp_1_U2118                       | 2    |        | sum2_200           | fadd      | fulldsp                | 3       |
|     fadd_32ns_32ns_32_4_full_dsp_1_U2119                       | 2    |        | sum2_201           | fadd      | fulldsp                | 3       |
|     fadd_32ns_32ns_32_4_full_dsp_1_U2120                       | 2    |        | sum2_202           | fadd      | fulldsp                | 3       |
|     fadd_32ns_32ns_32_4_full_dsp_1_U2121                       | 2    |        | sum2_203           | fadd      | fulldsp                | 3       |
|     fadd_32ns_32ns_32_4_full_dsp_1_U2122                       | 2    |        | sum2_204           | fadd      | fulldsp                | 3       |
|     fadd_32ns_32ns_32_4_full_dsp_1_U2123                       | 2    |        | sum2_205           | fadd      | fulldsp                | 3       |
|     fadd_32ns_32ns_32_4_full_dsp_1_U2124                       | 2    |        | sum2_206           | fadd      | fulldsp                | 3       |
|     fadd_32ns_32ns_32_4_full_dsp_1_U2125                       | 2    |        | sum2_207           | fadd      | fulldsp                | 3       |
|     fadd_32ns_32ns_32_4_full_dsp_1_U2070                       | 2    |        | sum3_100           | fadd      | fulldsp                | 3       |
|     fadd_32ns_32ns_32_4_full_dsp_1_U2071                       | 2    |        | sum3_101           | fadd      | fulldsp                | 3       |
|     fadd_32ns_32ns_32_4_full_dsp_1_U2072                       | 2    |        | sum3_102           | fadd      | fulldsp                | 3       |
|     fadd_32ns_32ns_32_4_full_dsp_1_U2073                       | 2    |        | sum3_103           | fadd      | fulldsp                | 3       |
|     fadd_32ns_32ns_32_4_full_dsp_1_U2046                       | 2    |        | sum4_50            | fadd      | fulldsp                | 3       |
|     fadd_32ns_32ns_32_4_full_dsp_1_U2047                       | 2    |        | sum4_51            | fadd      | fulldsp                | 3       |
|     fadd_32ns_32ns_32_4_full_dsp_1_U2034                       | 2    |        | add76_i25_i        | fadd      | fulldsp                | 3       |
|     fmul_32ns_32ns_32_3_max_dsp_1_U2757                        | 3    |        | res1_403           | fmul      | maxdsp                 | 2       |
|     fmul_32ns_32ns_32_3_max_dsp_1_U2758                        | 3    |        | res1_404           | fmul      | maxdsp                 | 2       |
|     fmul_32ns_32ns_32_3_max_dsp_1_U2759                        | 3    |        | res1_405           | fmul      | maxdsp                 | 2       |
|     fmul_32ns_32ns_32_3_max_dsp_1_U2760                        | 3    |        | res1_406           | fmul      | maxdsp                 | 2       |
|     fmul_32ns_32ns_32_3_max_dsp_1_U2761                        | 3    |        | res1_407           | fmul      | maxdsp                 | 2       |
|     fmul_32ns_32ns_32_3_max_dsp_1_U2762                        | 3    |        | res1_408           | fmul      | maxdsp                 | 2       |
|     fmul_32ns_32ns_32_3_max_dsp_1_U2763                        | 3    |        | res1_409           | fmul      | maxdsp                 | 2       |
|     fmul_32ns_32ns_32_3_max_dsp_1_U2764                        | 3    |        | res1_410           | fmul      | maxdsp                 | 2       |
|     fmul_32ns_32ns_32_3_max_dsp_1_U2765                        | 3    |        | res1_411           | fmul      | maxdsp                 | 2       |
|     fmul_32ns_32ns_32_3_max_dsp_1_U2766                        | 3    |        | res1_412           | fmul      | maxdsp                 | 2       |
|     fmul_32ns_32ns_32_3_max_dsp_1_U2767                        | 3    |        | res1_413           | fmul      | maxdsp                 | 2       |
|     fmul_32ns_32ns_32_3_max_dsp_1_U2768                        | 3    |        | res1_414           | fmul      | maxdsp                 | 2       |
|     fmul_32ns_32ns_32_3_max_dsp_1_U2769                        | 3    |        | res1_415           | fmul      | maxdsp                 | 2       |
|     fmul_32ns_32ns_32_3_max_dsp_1_U2770                        | 3    |        | res1_416           | fmul      | maxdsp                 | 2       |
|     fmul_32ns_32ns_32_3_max_dsp_1_U2771                        | 3    |        | res1_417           | fmul      | maxdsp                 | 2       |
|     fmul_32ns_32ns_32_3_max_dsp_1_U2772                        | 3    |        | res1_418           | fmul      | maxdsp                 | 2       |
|     fmul_32ns_32ns_32_3_max_dsp_1_U2773                        | 3    |        | res1_419           | fmul      | maxdsp                 | 2       |
|     fmul_32ns_32ns_32_3_max_dsp_1_U2774                        | 3    |        | res1_420           | fmul      | maxdsp                 | 2       |
|     fmul_32ns_32ns_32_3_max_dsp_1_U2775                        | 3    |        | res1_421           | fmul      | maxdsp                 | 2       |
|     fmul_32ns_32ns_32_3_max_dsp_1_U2776                        | 3    |        | res1_422           | fmul      | maxdsp                 | 2       |
|     fmul_32ns_32ns_32_3_max_dsp_1_U2777                        | 3    |        | res1_423           | fmul      | maxdsp                 | 2       |
|     fmul_32ns_32ns_32_3_max_dsp_1_U2778                        | 3    |        | res1_424           | fmul      | maxdsp                 | 2       |
|     fmul_32ns_32ns_32_3_max_dsp_1_U2779                        | 3    |        | res1_425           | fmul      | maxdsp                 | 2       |
|     fmul_32ns_32ns_32_3_max_dsp_1_U2780                        | 3    |        | res1_426           | fmul      | maxdsp                 | 2       |
|     fmul_32ns_32ns_32_3_max_dsp_1_U2781                        | 3    |        | res1_427           | fmul      | maxdsp                 | 2       |
|     fmul_32ns_32ns_32_3_max_dsp_1_U2782                        | 3    |        | res1_428           | fmul      | maxdsp                 | 2       |
|     fmul_32ns_32ns_32_3_max_dsp_1_U2783                        | 3    |        | res1_429           | fmul      | maxdsp                 | 2       |
|     fmul_32ns_32ns_32_3_max_dsp_1_U2784                        | 3    |        | res1_430           | fmul      | maxdsp                 | 2       |
|     fmul_32ns_32ns_32_3_max_dsp_1_U2785                        | 3    |        | res1_431           | fmul      | maxdsp                 | 2       |
|     fmul_32ns_32ns_32_3_max_dsp_1_U2786                        | 3    |        | res1_432           | fmul      | maxdsp                 | 2       |
|     fmul_32ns_32ns_32_3_max_dsp_1_U2380                        | 3    |        | sum1_959           | fmul      | maxdsp                 | 2       |
|     fadd_32ns_32ns_32_4_full_dsp_1_U2217                       | 2    |        | sum1_883           | fadd      | fulldsp                | 3       |
|     fadd_32ns_32ns_32_4_full_dsp_1_U2218                       | 2    |        | sum1_884           | fadd      | fulldsp                | 3       |
|     fadd_32ns_32ns_32_4_full_dsp_1_U2219                       | 2    |        | sum1_885           | fadd      | fulldsp                | 3       |
|     fadd_32ns_32ns_32_4_full_dsp_1_U2220                       | 2    |        | sum1_886           | fadd      | fulldsp                | 3       |
|     fadd_32ns_32ns_32_4_full_dsp_1_U2221                       | 2    |        | sum1_887           | fadd      | fulldsp                | 3       |
|     fadd_32ns_32ns_32_4_full_dsp_1_U2222                       | 2    |        | sum1_888           | fadd      | fulldsp                | 3       |
|     fadd_32ns_32ns_32_4_full_dsp_1_U2223                       | 2    |        | sum1_889           | fadd      | fulldsp                | 3       |
|     fadd_32ns_32ns_32_4_full_dsp_1_U2224                       | 2    |        | sum1_890           | fadd      | fulldsp                | 3       |
|     fadd_32ns_32ns_32_4_full_dsp_1_U2225                       | 2    |        | sum1_891           | fadd      | fulldsp                | 3       |
|     fadd_32ns_32ns_32_4_full_dsp_1_U2226                       | 2    |        | sum1_892           | fadd      | fulldsp                | 3       |
|     fadd_32ns_32ns_32_4_full_dsp_1_U2227                       | 2    |        | sum1_893           | fadd      | fulldsp                | 3       |
|     fadd_32ns_32ns_32_4_full_dsp_1_U2228                       | 2    |        | sum1_894           | fadd      | fulldsp                | 3       |
|     fadd_32ns_32ns_32_4_full_dsp_1_U2229                       | 2    |        | sum1_895           | fadd      | fulldsp                | 3       |
|     fadd_32ns_32ns_32_4_full_dsp_1_U2230                       | 2    |        | sum1_896           | fadd      | fulldsp                | 3       |
|     fadd_32ns_32ns_32_4_full_dsp_1_U2231                       | 2    |        | sum1_897           | fadd      | fulldsp                | 3       |
|     fadd_32ns_32ns_32_4_full_dsp_1_U2126                       | 2    |        | sum2_208           | fadd      | fulldsp                | 3       |
|     fadd_32ns_32ns_32_4_full_dsp_1_U2127                       | 2    |        | sum2_209           | fadd      | fulldsp                | 3       |
|     fadd_32ns_32ns_32_4_full_dsp_1_U2128                       | 2    |        | sum2_210           | fadd      | fulldsp                | 3       |
|     fadd_32ns_32ns_32_4_full_dsp_1_U2129                       | 2    |        | sum2_211           | fadd      | fulldsp                | 3       |
|     fadd_32ns_32ns_32_4_full_dsp_1_U2130                       | 2    |        | sum2_212           | fadd      | fulldsp                | 3       |
|     fadd_32ns_32ns_32_4_full_dsp_1_U2131                       | 2    |        | sum2_213           | fadd      | fulldsp                | 3       |
|     fadd_32ns_32ns_32_4_full_dsp_1_U2132                       | 2    |        | sum2_214           | fadd      | fulldsp                | 3       |
|     fadd_32ns_32ns_32_4_full_dsp_1_U2133                       | 2    |        | sum2_215           | fadd      | fulldsp                | 3       |
|     fadd_32ns_32ns_32_4_full_dsp_1_U2074                       | 2    |        | sum3_104           | fadd      | fulldsp                | 3       |
|     fadd_32ns_32ns_32_4_full_dsp_1_U2075                       | 2    |        | sum3_105           | fadd      | fulldsp                | 3       |
|     fadd_32ns_32ns_32_4_full_dsp_1_U2076                       | 2    |        | sum3_106           | fadd      | fulldsp                | 3       |
|     fadd_32ns_32ns_32_4_full_dsp_1_U2077                       | 2    |        | sum3_107           | fadd      | fulldsp                | 3       |
|     fadd_32ns_32ns_32_4_full_dsp_1_U2048                       | 2    |        | sum4_52            | fadd      | fulldsp                | 3       |
|     fadd_32ns_32ns_32_4_full_dsp_1_U2049                       | 2    |        | sum4_53            | fadd      | fulldsp                | 3       |
|     fadd_32ns_32ns_32_4_full_dsp_1_U2035                       | 2    |        | add76_i26_i        | fadd      | fulldsp                | 3       |
|     fadd_32ns_32ns_32_4_full_dsp_1_U2217                       | 2    |        | sum1_898           | fadd      | fulldsp                | 3       |
|     fadd_32ns_32ns_32_4_full_dsp_1_U2218                       | 2    |        | sum1_899           | fadd      | fulldsp                | 3       |
|     fadd_32ns_32ns_32_4_full_dsp_1_U2219                       | 2    |        | sum1_900           | fadd      | fulldsp                | 3       |
|     fadd_32ns_32ns_32_4_full_dsp_1_U2220                       | 2    |        | sum1_901           | fadd      | fulldsp                | 3       |
|     fadd_32ns_32ns_32_4_full_dsp_1_U2221                       | 2    |        | sum1_902           | fadd      | fulldsp                | 3       |
|     fadd_32ns_32ns_32_4_full_dsp_1_U2222                       | 2    |        | sum1_903           | fadd      | fulldsp                | 3       |
|     fadd_32ns_32ns_32_4_full_dsp_1_U2223                       | 2    |        | sum1_904           | fadd      | fulldsp                | 3       |
|     fadd_32ns_32ns_32_4_full_dsp_1_U2224                       | 2    |        | sum1_905           | fadd      | fulldsp                | 3       |
|     fadd_32ns_32ns_32_4_full_dsp_1_U2225                       | 2    |        | sum1_906           | fadd      | fulldsp                | 3       |
|     fadd_32ns_32ns_32_4_full_dsp_1_U2226                       | 2    |        | sum1_907           | fadd      | fulldsp                | 3       |
|     fadd_32ns_32ns_32_4_full_dsp_1_U2227                       | 2    |        | sum1_908           | fadd      | fulldsp                | 3       |
|     fadd_32ns_32ns_32_4_full_dsp_1_U2228                       | 2    |        | sum1_909           | fadd      | fulldsp                | 3       |
|     fadd_32ns_32ns_32_4_full_dsp_1_U2229                       | 2    |        | sum1_910           | fadd      | fulldsp                | 3       |
|     fadd_32ns_32ns_32_4_full_dsp_1_U2230                       | 2    |        | sum1_911           | fadd      | fulldsp                | 3       |
|     fadd_32ns_32ns_32_4_full_dsp_1_U2231                       | 2    |        | sum1_912           | fadd      | fulldsp                | 3       |
|     fadd_32ns_32ns_32_4_full_dsp_1_U2126                       | 2    |        | sum2_216           | fadd      | fulldsp                | 3       |
|     fadd_32ns_32ns_32_4_full_dsp_1_U2127                       | 2    |        | sum2_217           | fadd      | fulldsp                | 3       |
|     fadd_32ns_32ns_32_4_full_dsp_1_U2128                       | 2    |        | sum2_218           | fadd      | fulldsp                | 3       |
|     fadd_32ns_32ns_32_4_full_dsp_1_U2129                       | 2    |        | sum2_219           | fadd      | fulldsp                | 3       |
|     fadd_32ns_32ns_32_4_full_dsp_1_U2130                       | 2    |        | sum2_220           | fadd      | fulldsp                | 3       |
|     fadd_32ns_32ns_32_4_full_dsp_1_U2131                       | 2    |        | sum2_221           | fadd      | fulldsp                | 3       |
|     fadd_32ns_32ns_32_4_full_dsp_1_U2132                       | 2    |        | sum2_222           | fadd      | fulldsp                | 3       |
|     fadd_32ns_32ns_32_4_full_dsp_1_U2133                       | 2    |        | sum2_223           | fadd      | fulldsp                | 3       |
|     fadd_32ns_32ns_32_4_full_dsp_1_U2074                       | 2    |        | sum3_108           | fadd      | fulldsp                | 3       |
|     fadd_32ns_32ns_32_4_full_dsp_1_U2075                       | 2    |        | sum3_109           | fadd      | fulldsp                | 3       |
|     fadd_32ns_32ns_32_4_full_dsp_1_U2076                       | 2    |        | sum3_110           | fadd      | fulldsp                | 3       |
|     fadd_32ns_32ns_32_4_full_dsp_1_U2077                       | 2    |        | sum3_111           | fadd      | fulldsp                | 3       |
|     fadd_32ns_32ns_32_4_full_dsp_1_U2048                       | 2    |        | sum4_54            | fadd      | fulldsp                | 3       |
|     fadd_32ns_32ns_32_4_full_dsp_1_U2049                       | 2    |        | sum4_55            | fadd      | fulldsp                | 3       |
|     fadd_32ns_32ns_32_4_full_dsp_1_U2035                       | 2    |        | add76_i27_i        | fadd      | fulldsp                | 3       |
|     fmul_32ns_32ns_32_3_max_dsp_1_U2787                        | 3    |        | res1_434           | fmul      | maxdsp                 | 2       |
|     fmul_32ns_32ns_32_3_max_dsp_1_U2788                        | 3    |        | res1_435           | fmul      | maxdsp                 | 2       |
|     fmul_32ns_32ns_32_3_max_dsp_1_U2789                        | 3    |        | res1_436           | fmul      | maxdsp                 | 2       |
|     fmul_32ns_32ns_32_3_max_dsp_1_U2790                        | 3    |        | res1_437           | fmul      | maxdsp                 | 2       |
|     fmul_32ns_32ns_32_3_max_dsp_1_U2791                        | 3    |        | res1_438           | fmul      | maxdsp                 | 2       |
|     fmul_32ns_32ns_32_3_max_dsp_1_U2792                        | 3    |        | res1_439           | fmul      | maxdsp                 | 2       |
|     fmul_32ns_32ns_32_3_max_dsp_1_U2793                        | 3    |        | res1_440           | fmul      | maxdsp                 | 2       |
|     fmul_32ns_32ns_32_3_max_dsp_1_U2794                        | 3    |        | res1_441           | fmul      | maxdsp                 | 2       |
|     fmul_32ns_32ns_32_3_max_dsp_1_U2795                        | 3    |        | res1_442           | fmul      | maxdsp                 | 2       |
|     fmul_32ns_32ns_32_3_max_dsp_1_U2796                        | 3    |        | res1_443           | fmul      | maxdsp                 | 2       |
|     fmul_32ns_32ns_32_3_max_dsp_1_U2797                        | 3    |        | res1_444           | fmul      | maxdsp                 | 2       |
|     fmul_32ns_32ns_32_3_max_dsp_1_U2798                        | 3    |        | res1_445           | fmul      | maxdsp                 | 2       |
|     fmul_32ns_32ns_32_3_max_dsp_1_U2799                        | 3    |        | res1_446           | fmul      | maxdsp                 | 2       |
|     fmul_32ns_32ns_32_3_max_dsp_1_U2800                        | 3    |        | res1_447           | fmul      | maxdsp                 | 2       |
|     fmul_32ns_32ns_32_3_max_dsp_1_U2801                        | 3    |        | res1_448           | fmul      | maxdsp                 | 2       |
|     fmul_32ns_32ns_32_3_max_dsp_1_U2802                        | 3    |        | res1_449           | fmul      | maxdsp                 | 2       |
|     fmul_32ns_32ns_32_3_max_dsp_1_U2803                        | 3    |        | res1_450           | fmul      | maxdsp                 | 2       |
|     fmul_32ns_32ns_32_3_max_dsp_1_U2804                        | 3    |        | res1_451           | fmul      | maxdsp                 | 2       |
|     fmul_32ns_32ns_32_3_max_dsp_1_U2805                        | 3    |        | res1_452           | fmul      | maxdsp                 | 2       |
|     fmul_32ns_32ns_32_3_max_dsp_1_U2806                        | 3    |        | res1_453           | fmul      | maxdsp                 | 2       |
|     fmul_32ns_32ns_32_3_max_dsp_1_U2807                        | 3    |        | res1_454           | fmul      | maxdsp                 | 2       |
|     fmul_32ns_32ns_32_3_max_dsp_1_U2808                        | 3    |        | res1_455           | fmul      | maxdsp                 | 2       |
|     fmul_32ns_32ns_32_3_max_dsp_1_U2809                        | 3    |        | res1_456           | fmul      | maxdsp                 | 2       |
|     fmul_32ns_32ns_32_3_max_dsp_1_U2810                        | 3    |        | res1_457           | fmul      | maxdsp                 | 2       |
|     fmul_32ns_32ns_32_3_max_dsp_1_U2811                        | 3    |        | res1_458           | fmul      | maxdsp                 | 2       |
|     fmul_32ns_32ns_32_3_max_dsp_1_U2812                        | 3    |        | res1_459           | fmul      | maxdsp                 | 2       |
|     fmul_32ns_32ns_32_3_max_dsp_1_U2813                        | 3    |        | res1_460           | fmul      | maxdsp                 | 2       |
|     fmul_32ns_32ns_32_3_max_dsp_1_U2814                        | 3    |        | res1_461           | fmul      | maxdsp                 | 2       |
|     fmul_32ns_32ns_32_3_max_dsp_1_U2815                        | 3    |        | res1_462           | fmul      | maxdsp                 | 2       |
|     fmul_32ns_32ns_32_3_max_dsp_1_U2816                        | 3    |        | res1_463           | fmul      | maxdsp                 | 2       |
|     fmul_32ns_32ns_32_3_max_dsp_1_U2381                        | 3    |        | sum1_960           | fmul      | maxdsp                 | 2       |
|     fadd_32ns_32ns_32_4_full_dsp_1_U2232                       | 2    |        | sum1_914           | fadd      | fulldsp                | 3       |
|     fadd_32ns_32ns_32_4_full_dsp_1_U2233                       | 2    |        | sum1_915           | fadd      | fulldsp                | 3       |
|     fadd_32ns_32ns_32_4_full_dsp_1_U2234                       | 2    |        | sum1_916           | fadd      | fulldsp                | 3       |
|     fadd_32ns_32ns_32_4_full_dsp_1_U2235                       | 2    |        | sum1_917           | fadd      | fulldsp                | 3       |
|     fadd_32ns_32ns_32_4_full_dsp_1_U2236                       | 2    |        | sum1_918           | fadd      | fulldsp                | 3       |
|     fadd_32ns_32ns_32_4_full_dsp_1_U2237                       | 2    |        | sum1_919           | fadd      | fulldsp                | 3       |
|     fadd_32ns_32ns_32_4_full_dsp_1_U2238                       | 2    |        | sum1_920           | fadd      | fulldsp                | 3       |
|     fadd_32ns_32ns_32_4_full_dsp_1_U2239                       | 2    |        | sum1_921           | fadd      | fulldsp                | 3       |
|     fadd_32ns_32ns_32_4_full_dsp_1_U2240                       | 2    |        | sum1_922           | fadd      | fulldsp                | 3       |
|     fadd_32ns_32ns_32_4_full_dsp_1_U2241                       | 2    |        | sum1_923           | fadd      | fulldsp                | 3       |
|     fadd_32ns_32ns_32_4_full_dsp_1_U2242                       | 2    |        | sum1_924           | fadd      | fulldsp                | 3       |
|     fadd_32ns_32ns_32_4_full_dsp_1_U2243                       | 2    |        | sum1_925           | fadd      | fulldsp                | 3       |
|     fadd_32ns_32ns_32_4_full_dsp_1_U2244                       | 2    |        | sum1_926           | fadd      | fulldsp                | 3       |
|     fadd_32ns_32ns_32_4_full_dsp_1_U2245                       | 2    |        | sum1_927           | fadd      | fulldsp                | 3       |
|     fadd_32ns_32ns_32_4_full_dsp_1_U2246                       | 2    |        | sum1_928           | fadd      | fulldsp                | 3       |
|     fadd_32ns_32ns_32_4_full_dsp_1_U2134                       | 2    |        | sum2_224           | fadd      | fulldsp                | 3       |
|     fadd_32ns_32ns_32_4_full_dsp_1_U2135                       | 2    |        | sum2_225           | fadd      | fulldsp                | 3       |
|     fadd_32ns_32ns_32_4_full_dsp_1_U2136                       | 2    |        | sum2_226           | fadd      | fulldsp                | 3       |
|     fadd_32ns_32ns_32_4_full_dsp_1_U2137                       | 2    |        | sum2_227           | fadd      | fulldsp                | 3       |
|     fadd_32ns_32ns_32_4_full_dsp_1_U2138                       | 2    |        | sum2_228           | fadd      | fulldsp                | 3       |
|     fadd_32ns_32ns_32_4_full_dsp_1_U2139                       | 2    |        | sum2_229           | fadd      | fulldsp                | 3       |
|     fadd_32ns_32ns_32_4_full_dsp_1_U2140                       | 2    |        | sum2_230           | fadd      | fulldsp                | 3       |
|     fadd_32ns_32ns_32_4_full_dsp_1_U2141                       | 2    |        | sum2_231           | fadd      | fulldsp                | 3       |
|     fadd_32ns_32ns_32_4_full_dsp_1_U2078                       | 2    |        | sum3_112           | fadd      | fulldsp                | 3       |
|     fadd_32ns_32ns_32_4_full_dsp_1_U2079                       | 2    |        | sum3_113           | fadd      | fulldsp                | 3       |
|     fadd_32ns_32ns_32_4_full_dsp_1_U2080                       | 2    |        | sum3_114           | fadd      | fulldsp                | 3       |
|     fadd_32ns_32ns_32_4_full_dsp_1_U2081                       | 2    |        | sum3_115           | fadd      | fulldsp                | 3       |
|     fadd_32ns_32ns_32_4_full_dsp_1_U2050                       | 2    |        | sum4_56            | fadd      | fulldsp                | 3       |
|     fadd_32ns_32ns_32_4_full_dsp_1_U2051                       | 2    |        | sum4_57            | fadd      | fulldsp                | 3       |
|     fadd_32ns_32ns_32_4_full_dsp_1_U2036                       | 2    |        | add76_i28_i        | fadd      | fulldsp                | 3       |
|     fadd_32ns_32ns_32_4_full_dsp_1_U2232                       | 2    |        | sum1_929           | fadd      | fulldsp                | 3       |
|     fadd_32ns_32ns_32_4_full_dsp_1_U2233                       | 2    |        | sum1_930           | fadd      | fulldsp                | 3       |
|     fadd_32ns_32ns_32_4_full_dsp_1_U2234                       | 2    |        | sum1_931           | fadd      | fulldsp                | 3       |
|     fadd_32ns_32ns_32_4_full_dsp_1_U2235                       | 2    |        | sum1_932           | fadd      | fulldsp                | 3       |
|     fadd_32ns_32ns_32_4_full_dsp_1_U2236                       | 2    |        | sum1_933           | fadd      | fulldsp                | 3       |
|     fadd_32ns_32ns_32_4_full_dsp_1_U2237                       | 2    |        | sum1_934           | fadd      | fulldsp                | 3       |
|     fadd_32ns_32ns_32_4_full_dsp_1_U2238                       | 2    |        | sum1_935           | fadd      | fulldsp                | 3       |
|     fadd_32ns_32ns_32_4_full_dsp_1_U2239                       | 2    |        | sum1_936           | fadd      | fulldsp                | 3       |
|     fadd_32ns_32ns_32_4_full_dsp_1_U2240                       | 2    |        | sum1_937           | fadd      | fulldsp                | 3       |
|     fadd_32ns_32ns_32_4_full_dsp_1_U2241                       | 2    |        | sum1_938           | fadd      | fulldsp                | 3       |
|     fadd_32ns_32ns_32_4_full_dsp_1_U2242                       | 2    |        | sum1_939           | fadd      | fulldsp                | 3       |
|     fadd_32ns_32ns_32_4_full_dsp_1_U2243                       | 2    |        | sum1_940           | fadd      | fulldsp                | 3       |
|     fadd_32ns_32ns_32_4_full_dsp_1_U2244                       | 2    |        | sum1_941           | fadd      | fulldsp                | 3       |
|     fadd_32ns_32ns_32_4_full_dsp_1_U2245                       | 2    |        | sum1_942           | fadd      | fulldsp                | 3       |
|     fadd_32ns_32ns_32_4_full_dsp_1_U2246                       | 2    |        | sum1_943           | fadd      | fulldsp                | 3       |
|     fadd_32ns_32ns_32_4_full_dsp_1_U2134                       | 2    |        | sum2_232           | fadd      | fulldsp                | 3       |
|     fadd_32ns_32ns_32_4_full_dsp_1_U2135                       | 2    |        | sum2_233           | fadd      | fulldsp                | 3       |
|     fadd_32ns_32ns_32_4_full_dsp_1_U2136                       | 2    |        | sum2_234           | fadd      | fulldsp                | 3       |
|     fadd_32ns_32ns_32_4_full_dsp_1_U2137                       | 2    |        | sum2_235           | fadd      | fulldsp                | 3       |
|     fadd_32ns_32ns_32_4_full_dsp_1_U2138                       | 2    |        | sum2_236           | fadd      | fulldsp                | 3       |
|     fadd_32ns_32ns_32_4_full_dsp_1_U2139                       | 2    |        | sum2_237           | fadd      | fulldsp                | 3       |
|     fadd_32ns_32ns_32_4_full_dsp_1_U2140                       | 2    |        | sum2_238           | fadd      | fulldsp                | 3       |
|     fadd_32ns_32ns_32_4_full_dsp_1_U2141                       | 2    |        | sum2_239           | fadd      | fulldsp                | 3       |
|     fadd_32ns_32ns_32_4_full_dsp_1_U2078                       | 2    |        | sum3_116           | fadd      | fulldsp                | 3       |
|     fadd_32ns_32ns_32_4_full_dsp_1_U2079                       | 2    |        | sum3_117           | fadd      | fulldsp                | 3       |
|     fadd_32ns_32ns_32_4_full_dsp_1_U2080                       | 2    |        | sum3_118           | fadd      | fulldsp                | 3       |
|     fadd_32ns_32ns_32_4_full_dsp_1_U2081                       | 2    |        | sum3_119           | fadd      | fulldsp                | 3       |
|     fadd_32ns_32ns_32_4_full_dsp_1_U2050                       | 2    |        | sum4_58            | fadd      | fulldsp                | 3       |
|     fadd_32ns_32ns_32_4_full_dsp_1_U2051                       | 2    |        | sum4_59            | fadd      | fulldsp                | 3       |
|     fadd_32ns_32ns_32_4_full_dsp_1_U2036                       | 2    |        | add76_i29_i        | fadd      | fulldsp                | 3       |
|     fmul_32ns_32ns_32_3_max_dsp_1_U2367                        | 3    |        | res1_s             | fmul      | maxdsp                 | 2       |
|     fmul_32ns_32ns_32_3_max_dsp_1_U2368                        | 3    |        | res1_494           | fmul      | maxdsp                 | 2       |
|     fmul_32ns_32ns_32_3_max_dsp_1_U2369                        | 3    |        | res1_524           | fmul      | maxdsp                 | 2       |
|     fmul_32ns_32ns_32_3_max_dsp_1_U2370                        | 3    |        | res1_554           | fmul      | maxdsp                 | 2       |
|     fmul_32ns_32ns_32_3_max_dsp_1_U2371                        | 3    |        | res1_584           | fmul      | maxdsp                 | 2       |
|     fmul_32ns_32ns_32_3_max_dsp_1_U2372                        | 3    |        | res1_614           | fmul      | maxdsp                 | 2       |
|     fmul_32ns_32ns_32_3_max_dsp_1_U2373                        | 3    |        | res1_644           | fmul      | maxdsp                 | 2       |
|     fmul_32ns_32ns_32_3_max_dsp_1_U2374                        | 3    |        | res1_674           | fmul      | maxdsp                 | 2       |
|     fmul_32ns_32ns_32_3_max_dsp_1_U2375                        | 3    |        | res1_704           | fmul      | maxdsp                 | 2       |
|     fmul_32ns_32ns_32_3_max_dsp_1_U2376                        | 3    |        | res1_734           | fmul      | maxdsp                 | 2       |
|     fmul_32ns_32ns_32_3_max_dsp_1_U2377                        | 3    |        | res1_764           | fmul      | maxdsp                 | 2       |
|     fmul_32ns_32ns_32_3_max_dsp_1_U2378                        | 3    |        | res1_794           | fmul      | maxdsp                 | 2       |
|     fmul_32ns_32ns_32_3_max_dsp_1_U2379                        | 3    |        | res1_824           | fmul      | maxdsp                 | 2       |
|     fmul_32ns_32ns_32_3_max_dsp_1_U2380                        | 3    |        | res1_854           | fmul      | maxdsp                 | 2       |
|     fmul_32ns_32ns_32_3_max_dsp_1_U2381                        | 3    |        | res1_884           | fmul      | maxdsp                 | 2       |
|     fmul_32ns_32ns_32_3_max_dsp_1_U2382                        | 3    |        | res1_914           | fmul      | maxdsp                 | 2       |
|     fmul_32ns_32ns_32_3_max_dsp_1_U2383                        | 3    |        | res1_915           | fmul      | maxdsp                 | 2       |
|     fmul_32ns_32ns_32_3_max_dsp_1_U2384                        | 3    |        | res1_916           | fmul      | maxdsp                 | 2       |
|     fmul_32ns_32ns_32_3_max_dsp_1_U2385                        | 3    |        | res1_917           | fmul      | maxdsp                 | 2       |
|     fmul_32ns_32ns_32_3_max_dsp_1_U2386                        | 3    |        | res1_918           | fmul      | maxdsp                 | 2       |
|     fmul_32ns_32ns_32_3_max_dsp_1_U2387                        | 3    |        | res1_919           | fmul      | maxdsp                 | 2       |
|     fmul_32ns_32ns_32_3_max_dsp_1_U2388                        | 3    |        | res1_920           | fmul      | maxdsp                 | 2       |
|     fmul_32ns_32ns_32_3_max_dsp_1_U2389                        | 3    |        | res1_921           | fmul      | maxdsp                 | 2       |
|     fmul_32ns_32ns_32_3_max_dsp_1_U2390                        | 3    |        | res1_922           | fmul      | maxdsp                 | 2       |
|     fmul_32ns_32ns_32_3_max_dsp_1_U2391                        | 3    |        | res1_923           | fmul      | maxdsp                 | 2       |
|     fmul_32ns_32ns_32_3_max_dsp_1_U2392                        | 3    |        | res1_924           | fmul      | maxdsp                 | 2       |
|     fmul_32ns_32ns_32_3_max_dsp_1_U2393                        | 3    |        | res1_925           | fmul      | maxdsp                 | 2       |
|     fmul_32ns_32ns_32_3_max_dsp_1_U2394                        | 3    |        | res1_926           | fmul      | maxdsp                 | 2       |
|     fmul_32ns_32ns_32_3_max_dsp_1_U2395                        | 3    |        | res1_927           | fmul      | maxdsp                 | 2       |
|     fmul_32ns_32ns_32_3_max_dsp_1_U2396                        | 3    |        | res1_928           | fmul      | maxdsp                 | 2       |
|     fmul_32ns_32ns_32_3_max_dsp_1_U2367                        | 3    |        | res1_929           | fmul      | maxdsp                 | 2       |
|     fadd_32ns_32ns_32_4_full_dsp_1_U2022                       | 2    |        | sum1_s             | fadd      | fulldsp                | 3       |
|     fadd_32ns_32ns_32_4_full_dsp_1_U2023                       | 2    |        | sum1_10            | fadd      | fulldsp                | 3       |
|     fadd_32ns_32ns_32_4_full_dsp_1_U2024                       | 2    |        | sum1_11            | fadd      | fulldsp                | 3       |
|     fadd_32ns_32ns_32_4_full_dsp_1_U2025                       | 2    |        | sum1_12            | fadd      | fulldsp                | 3       |
|     fadd_32ns_32ns_32_4_full_dsp_1_U2026                       | 2    |        | sum1_13            | fadd      | fulldsp                | 3       |
|     fadd_32ns_32ns_32_4_full_dsp_1_U2027                       | 2    |        | sum1_14            | fadd      | fulldsp                | 3       |
|     fadd_32ns_32ns_32_4_full_dsp_1_U2028                       | 2    |        | sum1_15            | fadd      | fulldsp                | 3       |
|     fadd_32ns_32ns_32_4_full_dsp_1_U2029                       | 2    |        | sum1_16            | fadd      | fulldsp                | 3       |
|     fadd_32ns_32ns_32_4_full_dsp_1_U2030                       | 2    |        | sum1_17            | fadd      | fulldsp                | 3       |
|     fadd_32ns_32ns_32_4_full_dsp_1_U2031                       | 2    |        | sum1_18            | fadd      | fulldsp                | 3       |
|     fadd_32ns_32ns_32_4_full_dsp_1_U2032                       | 2    |        | sum1_19            | fadd      | fulldsp                | 3       |
|     fadd_32ns_32ns_32_4_full_dsp_1_U2033                       | 2    |        | sum1_20            | fadd      | fulldsp                | 3       |
|     fadd_32ns_32ns_32_4_full_dsp_1_U2034                       | 2    |        | sum1_21            | fadd      | fulldsp                | 3       |
|     fadd_32ns_32ns_32_4_full_dsp_1_U2035                       | 2    |        | sum1_22            | fadd      | fulldsp                | 3       |
|     fadd_32ns_32ns_32_4_full_dsp_1_U2036                       | 2    |        | sum1_23            | fadd      | fulldsp                | 3       |
|     fadd_32ns_32ns_32_4_full_dsp_1_U2022                       | 2    |        | sum2_s             | fadd      | fulldsp                | 3       |
|     fadd_32ns_32ns_32_4_full_dsp_1_U2023                       | 2    |        | sum2_466           | fadd      | fulldsp                | 3       |
|     fadd_32ns_32ns_32_4_full_dsp_1_U2024                       | 2    |        | sum2_467           | fadd      | fulldsp                | 3       |
|     fadd_32ns_32ns_32_4_full_dsp_1_U2025                       | 2    |        | sum2_468           | fadd      | fulldsp                | 3       |
|     fadd_32ns_32ns_32_4_full_dsp_1_U2026                       | 2    |        | sum2_469           | fadd      | fulldsp                | 3       |
|     fadd_32ns_32ns_32_4_full_dsp_1_U2027                       | 2    |        | sum2_470           | fadd      | fulldsp                | 3       |
|     fadd_32ns_32ns_32_4_full_dsp_1_U2028                       | 2    |        | sum2_471           | fadd      | fulldsp                | 3       |
|     fadd_32ns_32ns_32_4_full_dsp_1_U2029                       | 2    |        | sum2_472           | fadd      | fulldsp                | 3       |
|     fadd_32ns_32ns_32_4_full_dsp_1_U2022                       | 2    |        | sum3_s             | fadd      | fulldsp                | 3       |
|     fadd_32ns_32ns_32_4_full_dsp_1_U2023                       | 2    |        | sum3_218           | fadd      | fulldsp                | 3       |
|     fadd_32ns_32ns_32_4_full_dsp_1_U2024                       | 2    |        | sum3_219           | fadd      | fulldsp                | 3       |
|     fadd_32ns_32ns_32_4_full_dsp_1_U2025                       | 2    |        | sum3_220           | fadd      | fulldsp                | 3       |
|     fadd_32ns_32ns_32_4_full_dsp_1_U2022                       | 2    |        | sum4_s             | fadd      | fulldsp                | 3       |
|     fadd_32ns_32ns_32_4_full_dsp_1_U2023                       | 2    |        | sum4_94            | fadd      | fulldsp                | 3       |
|     fadd_32ns_32ns_32_4_full_dsp_1_U2022                       | 2    |        | sum_val_15         | fadd      | fulldsp                | 3       |
|     fadd_32ns_32ns_32_4_full_dsp_1_U2142                       | 2    |        | sum1_24            | fadd      | fulldsp                | 3       |
|     fadd_32ns_32ns_32_4_full_dsp_1_U2143                       | 2    |        | sum1_25            | fadd      | fulldsp                | 3       |
|     fadd_32ns_32ns_32_4_full_dsp_1_U2144                       | 2    |        | sum1_26            | fadd      | fulldsp                | 3       |
|     fadd_32ns_32ns_32_4_full_dsp_1_U2145                       | 2    |        | sum1_27            | fadd      | fulldsp                | 3       |
|     fadd_32ns_32ns_32_4_full_dsp_1_U2146                       | 2    |        | sum1_28            | fadd      | fulldsp                | 3       |
|     fadd_32ns_32ns_32_4_full_dsp_1_U2147                       | 2    |        | sum1_29            | fadd      | fulldsp                | 3       |
|     fadd_32ns_32ns_32_4_full_dsp_1_U2148                       | 2    |        | sum1_30            | fadd      | fulldsp                | 3       |
|     fadd_32ns_32ns_32_4_full_dsp_1_U2149                       | 2    |        | sum1_31            | fadd      | fulldsp                | 3       |
|     fadd_32ns_32ns_32_4_full_dsp_1_U2150                       | 2    |        | sum1_32            | fadd      | fulldsp                | 3       |
|     fadd_32ns_32ns_32_4_full_dsp_1_U2151                       | 2    |        | sum1_33            | fadd      | fulldsp                | 3       |
|     fadd_32ns_32ns_32_4_full_dsp_1_U2152                       | 2    |        | sum1_34            | fadd      | fulldsp                | 3       |
|     fadd_32ns_32ns_32_4_full_dsp_1_U2153                       | 2    |        | sum1_35            | fadd      | fulldsp                | 3       |
|     fadd_32ns_32ns_32_4_full_dsp_1_U2154                       | 2    |        | sum1_36            | fadd      | fulldsp                | 3       |
|     fadd_32ns_32ns_32_4_full_dsp_1_U2155                       | 2    |        | sum1_37            | fadd      | fulldsp                | 3       |
|     fadd_32ns_32ns_32_4_full_dsp_1_U2156                       | 2    |        | sum1_38            | fadd      | fulldsp                | 3       |
|     fadd_32ns_32ns_32_4_full_dsp_1_U2082                       | 2    |        | sum2_473           | fadd      | fulldsp                | 3       |
|     fadd_32ns_32ns_32_4_full_dsp_1_U2083                       | 2    |        | sum2_474           | fadd      | fulldsp                | 3       |
|     fadd_32ns_32ns_32_4_full_dsp_1_U2084                       | 2    |        | sum2_475           | fadd      | fulldsp                | 3       |
|     fadd_32ns_32ns_32_4_full_dsp_1_U2085                       | 2    |        | sum2_476           | fadd      | fulldsp                | 3       |
|     fadd_32ns_32ns_32_4_full_dsp_1_U2086                       | 2    |        | sum2_477           | fadd      | fulldsp                | 3       |
|     fadd_32ns_32ns_32_4_full_dsp_1_U2087                       | 2    |        | sum2_478           | fadd      | fulldsp                | 3       |
|     fadd_32ns_32ns_32_4_full_dsp_1_U2088                       | 2    |        | sum2_479           | fadd      | fulldsp                | 3       |
|     fadd_32ns_32ns_32_4_full_dsp_1_U2089                       | 2    |        | sum2_480           | fadd      | fulldsp                | 3       |
|     fadd_32ns_32ns_32_4_full_dsp_1_U2052                       | 2    |        | sum3_221           | fadd      | fulldsp                | 3       |
|     fadd_32ns_32ns_32_4_full_dsp_1_U2053                       | 2    |        | sum3_222           | fadd      | fulldsp                | 3       |
|     fadd_32ns_32ns_32_4_full_dsp_1_U2054                       | 2    |        | sum3_223           | fadd      | fulldsp                | 3       |
|     fadd_32ns_32ns_32_4_full_dsp_1_U2055                       | 2    |        | sum3_224           | fadd      | fulldsp                | 3       |
|     fadd_32ns_32ns_32_4_full_dsp_1_U2037                       | 2    |        | sum4_95            | fadd      | fulldsp                | 3       |
|     fadd_32ns_32ns_32_4_full_dsp_1_U2038                       | 2    |        | sum4_96            | fadd      | fulldsp                | 3       |
|     fadd_32ns_32ns_32_4_full_dsp_1_U2022                       | 2    |        | prod_val_15        | fadd      | fulldsp                | 3       |
|     fmul_32ns_32ns_32_3_max_dsp_1_U2397                        | 3    |        | res1_465           | fmul      | maxdsp                 | 2       |
|     fmul_32ns_32ns_32_3_max_dsp_1_U2398                        | 3    |        | res1_466           | fmul      | maxdsp                 | 2       |
|     fmul_32ns_32ns_32_3_max_dsp_1_U2399                        | 3    |        | res1_467           | fmul      | maxdsp                 | 2       |
|     fmul_32ns_32ns_32_3_max_dsp_1_U2400                        | 3    |        | res1_468           | fmul      | maxdsp                 | 2       |
|     fmul_32ns_32ns_32_3_max_dsp_1_U2401                        | 3    |        | res1_469           | fmul      | maxdsp                 | 2       |
|     fmul_32ns_32ns_32_3_max_dsp_1_U2402                        | 3    |        | res1_470           | fmul      | maxdsp                 | 2       |
|     fmul_32ns_32ns_32_3_max_dsp_1_U2403                        | 3    |        | res1_471           | fmul      | maxdsp                 | 2       |
|     fmul_32ns_32ns_32_3_max_dsp_1_U2404                        | 3    |        | res1_472           | fmul      | maxdsp                 | 2       |
|     fmul_32ns_32ns_32_3_max_dsp_1_U2405                        | 3    |        | res1_473           | fmul      | maxdsp                 | 2       |
|     fmul_32ns_32ns_32_3_max_dsp_1_U2406                        | 3    |        | res1_474           | fmul      | maxdsp                 | 2       |
|     fmul_32ns_32ns_32_3_max_dsp_1_U2407                        | 3    |        | res1_475           | fmul      | maxdsp                 | 2       |
|     fmul_32ns_32ns_32_3_max_dsp_1_U2408                        | 3    |        | res1_476           | fmul      | maxdsp                 | 2       |
|     fmul_32ns_32ns_32_3_max_dsp_1_U2409                        | 3    |        | res1_477           | fmul      | maxdsp                 | 2       |
|     fmul_32ns_32ns_32_3_max_dsp_1_U2410                        | 3    |        | res1_478           | fmul      | maxdsp                 | 2       |
|     fmul_32ns_32ns_32_3_max_dsp_1_U2411                        | 3    |        | res1_479           | fmul      | maxdsp                 | 2       |
|     fmul_32ns_32ns_32_3_max_dsp_1_U2412                        | 3    |        | res1_480           | fmul      | maxdsp                 | 2       |
|     fmul_32ns_32ns_32_3_max_dsp_1_U2413                        | 3    |        | res1_481           | fmul      | maxdsp                 | 2       |
|     fmul_32ns_32ns_32_3_max_dsp_1_U2414                        | 3    |        | res1_482           | fmul      | maxdsp                 | 2       |
|     fmul_32ns_32ns_32_3_max_dsp_1_U2415                        | 3    |        | res1_483           | fmul      | maxdsp                 | 2       |
|     fmul_32ns_32ns_32_3_max_dsp_1_U2416                        | 3    |        | res1_484           | fmul      | maxdsp                 | 2       |
|     fmul_32ns_32ns_32_3_max_dsp_1_U2417                        | 3    |        | res1_485           | fmul      | maxdsp                 | 2       |
|     fmul_32ns_32ns_32_3_max_dsp_1_U2418                        | 3    |        | res1_486           | fmul      | maxdsp                 | 2       |
|     fmul_32ns_32ns_32_3_max_dsp_1_U2419                        | 3    |        | res1_487           | fmul      | maxdsp                 | 2       |
|     fmul_32ns_32ns_32_3_max_dsp_1_U2420                        | 3    |        | res1_488           | fmul      | maxdsp                 | 2       |
|     fmul_32ns_32ns_32_3_max_dsp_1_U2421                        | 3    |        | res1_489           | fmul      | maxdsp                 | 2       |
|     fmul_32ns_32ns_32_3_max_dsp_1_U2422                        | 3    |        | res1_490           | fmul      | maxdsp                 | 2       |
|     fmul_32ns_32ns_32_3_max_dsp_1_U2423                        | 3    |        | res1_491           | fmul      | maxdsp                 | 2       |
|     fmul_32ns_32ns_32_3_max_dsp_1_U2424                        | 3    |        | res1_492           | fmul      | maxdsp                 | 2       |
|     fmul_32ns_32ns_32_3_max_dsp_1_U2425                        | 3    |        | res1_493           | fmul      | maxdsp                 | 2       |
|     fmul_32ns_32ns_32_3_max_dsp_1_U2368                        | 3    |        | res1_930           | fmul      | maxdsp                 | 2       |
|     fadd_32ns_32ns_32_4_full_dsp_1_U2037                       | 2    |        | sum1_39            | fadd      | fulldsp                | 3       |
|     fadd_32ns_32ns_32_4_full_dsp_1_U2038                       | 2    |        | sum1_40            | fadd      | fulldsp                | 3       |
|     fadd_32ns_32ns_32_4_full_dsp_1_U2039                       | 2    |        | sum1_41            | fadd      | fulldsp                | 3       |
|     fadd_32ns_32ns_32_4_full_dsp_1_U2040                       | 2    |        | sum1_42            | fadd      | fulldsp                | 3       |
|     fadd_32ns_32ns_32_4_full_dsp_1_U2041                       | 2    |        | sum1_43            | fadd      | fulldsp                | 3       |
|     fadd_32ns_32ns_32_4_full_dsp_1_U2042                       | 2    |        | sum1_44            | fadd      | fulldsp                | 3       |
|     fadd_32ns_32ns_32_4_full_dsp_1_U2043                       | 2    |        | sum1_45            | fadd      | fulldsp                | 3       |
|     fadd_32ns_32ns_32_4_full_dsp_1_U2044                       | 2    |        | sum1_46            | fadd      | fulldsp                | 3       |
|     fadd_32ns_32ns_32_4_full_dsp_1_U2045                       | 2    |        | sum1_47            | fadd      | fulldsp                | 3       |
|     fadd_32ns_32ns_32_4_full_dsp_1_U2046                       | 2    |        | sum1_48            | fadd      | fulldsp                | 3       |
|     fadd_32ns_32ns_32_4_full_dsp_1_U2047                       | 2    |        | sum1_49            | fadd      | fulldsp                | 3       |
|     fadd_32ns_32ns_32_4_full_dsp_1_U2048                       | 2    |        | sum1_50            | fadd      | fulldsp                | 3       |
|     fadd_32ns_32ns_32_4_full_dsp_1_U2049                       | 2    |        | sum1_51            | fadd      | fulldsp                | 3       |
|     fadd_32ns_32ns_32_4_full_dsp_1_U2050                       | 2    |        | sum1_52            | fadd      | fulldsp                | 3       |
|     fadd_32ns_32ns_32_4_full_dsp_1_U2030                       | 2    |        | sum2_240           | fadd      | fulldsp                | 3       |
|     fadd_32ns_32ns_32_4_full_dsp_1_U2031                       | 2    |        | sum2_241           | fadd      | fulldsp                | 3       |
|     fadd_32ns_32ns_32_4_full_dsp_1_U2032                       | 2    |        | sum2_242           | fadd      | fulldsp                | 3       |
|     fadd_32ns_32ns_32_4_full_dsp_1_U2033                       | 2    |        | sum2_243           | fadd      | fulldsp                | 3       |
|     fadd_32ns_32ns_32_4_full_dsp_1_U2034                       | 2    |        | sum2_244           | fadd      | fulldsp                | 3       |
|     fadd_32ns_32ns_32_4_full_dsp_1_U2035                       | 2    |        | sum2_245           | fadd      | fulldsp                | 3       |
|     fadd_32ns_32ns_32_4_full_dsp_1_U2036                       | 2    |        | sum2_246           | fadd      | fulldsp                | 3       |
|     fadd_32ns_32ns_32_4_full_dsp_1_U2026                       | 2    |        | sum3_120           | fadd      | fulldsp                | 3       |
|     fadd_32ns_32ns_32_4_full_dsp_1_U2027                       | 2    |        | sum3_121           | fadd      | fulldsp                | 3       |
|     fadd_32ns_32ns_32_4_full_dsp_1_U2028                       | 2    |        | sum3_122           | fadd      | fulldsp                | 3       |
|     fadd_32ns_32ns_32_4_full_dsp_1_U2024                       | 2    |        | sum4_60            | fadd      | fulldsp                | 3       |
|     fadd_32ns_32ns_32_4_full_dsp_1_U2157                       | 2    |        | sum1_53            | fadd      | fulldsp                | 3       |
|     fadd_32ns_32ns_32_4_full_dsp_1_U2158                       | 2    |        | sum1_54            | fadd      | fulldsp                | 3       |
|     fadd_32ns_32ns_32_4_full_dsp_1_U2159                       | 2    |        | sum1_55            | fadd      | fulldsp                | 3       |
|     fadd_32ns_32ns_32_4_full_dsp_1_U2160                       | 2    |        | sum1_56            | fadd      | fulldsp                | 3       |
|     fadd_32ns_32ns_32_4_full_dsp_1_U2161                       | 2    |        | sum1_57            | fadd      | fulldsp                | 3       |
|     fadd_32ns_32ns_32_4_full_dsp_1_U2162                       | 2    |        | sum1_58            | fadd      | fulldsp                | 3       |
|     fadd_32ns_32ns_32_4_full_dsp_1_U2163                       | 2    |        | sum1_59            | fadd      | fulldsp                | 3       |
|     fadd_32ns_32ns_32_4_full_dsp_1_U2164                       | 2    |        | sum1_60            | fadd      | fulldsp                | 3       |
|     fadd_32ns_32ns_32_4_full_dsp_1_U2165                       | 2    |        | sum1_61            | fadd      | fulldsp                | 3       |
|     fadd_32ns_32ns_32_4_full_dsp_1_U2166                       | 2    |        | sum1_62            | fadd      | fulldsp                | 3       |
|     fadd_32ns_32ns_32_4_full_dsp_1_U2167                       | 2    |        | sum1_63            | fadd      | fulldsp                | 3       |
|     fadd_32ns_32ns_32_4_full_dsp_1_U2168                       | 2    |        | sum1_64            | fadd      | fulldsp                | 3       |
|     fadd_32ns_32ns_32_4_full_dsp_1_U2169                       | 2    |        | sum1_65            | fadd      | fulldsp                | 3       |
|     fadd_32ns_32ns_32_4_full_dsp_1_U2170                       | 2    |        | sum1_66            | fadd      | fulldsp                | 3       |
|     fadd_32ns_32ns_32_4_full_dsp_1_U2090                       | 2    |        | sum2_247           | fadd      | fulldsp                | 3       |
|     fadd_32ns_32ns_32_4_full_dsp_1_U2091                       | 2    |        | sum2_248           | fadd      | fulldsp                | 3       |
|     fadd_32ns_32ns_32_4_full_dsp_1_U2092                       | 2    |        | sum2_249           | fadd      | fulldsp                | 3       |
|     fadd_32ns_32ns_32_4_full_dsp_1_U2093                       | 2    |        | sum2_250           | fadd      | fulldsp                | 3       |
|     fadd_32ns_32ns_32_4_full_dsp_1_U2094                       | 2    |        | sum2_251           | fadd      | fulldsp                | 3       |
|     fadd_32ns_32ns_32_4_full_dsp_1_U2095                       | 2    |        | sum2_252           | fadd      | fulldsp                | 3       |
|     fadd_32ns_32ns_32_4_full_dsp_1_U2096                       | 2    |        | sum2_253           | fadd      | fulldsp                | 3       |
|     fadd_32ns_32ns_32_4_full_dsp_1_U2056                       | 2    |        | sum3_123           | fadd      | fulldsp                | 3       |
|     fadd_32ns_32ns_32_4_full_dsp_1_U2057                       | 2    |        | sum3_124           | fadd      | fulldsp                | 3       |
|     fadd_32ns_32ns_32_4_full_dsp_1_U2058                       | 2    |        | sum3_125           | fadd      | fulldsp                | 3       |
|     fadd_32ns_32ns_32_4_full_dsp_1_U2039                       | 2    |        | sum4_61            | fadd      | fulldsp                | 3       |
|     fmul_32ns_32ns_32_3_max_dsp_1_U2426                        | 3    |        | res1_495           | fmul      | maxdsp                 | 2       |
|     fmul_32ns_32ns_32_3_max_dsp_1_U2427                        | 3    |        | res1_496           | fmul      | maxdsp                 | 2       |
|     fmul_32ns_32ns_32_3_max_dsp_1_U2428                        | 3    |        | res1_497           | fmul      | maxdsp                 | 2       |
|     fmul_32ns_32ns_32_3_max_dsp_1_U2429                        | 3    |        | res1_498           | fmul      | maxdsp                 | 2       |
|     fmul_32ns_32ns_32_3_max_dsp_1_U2430                        | 3    |        | res1_499           | fmul      | maxdsp                 | 2       |
|     fmul_32ns_32ns_32_3_max_dsp_1_U2431                        | 3    |        | res1_500           | fmul      | maxdsp                 | 2       |
|     fmul_32ns_32ns_32_3_max_dsp_1_U2432                        | 3    |        | res1_501           | fmul      | maxdsp                 | 2       |
|     fmul_32ns_32ns_32_3_max_dsp_1_U2433                        | 3    |        | res1_502           | fmul      | maxdsp                 | 2       |
|     fmul_32ns_32ns_32_3_max_dsp_1_U2434                        | 3    |        | res1_503           | fmul      | maxdsp                 | 2       |
|     fmul_32ns_32ns_32_3_max_dsp_1_U2435                        | 3    |        | res1_504           | fmul      | maxdsp                 | 2       |
|     fmul_32ns_32ns_32_3_max_dsp_1_U2436                        | 3    |        | res1_505           | fmul      | maxdsp                 | 2       |
|     fmul_32ns_32ns_32_3_max_dsp_1_U2437                        | 3    |        | res1_506           | fmul      | maxdsp                 | 2       |
|     fmul_32ns_32ns_32_3_max_dsp_1_U2438                        | 3    |        | res1_507           | fmul      | maxdsp                 | 2       |
|     fmul_32ns_32ns_32_3_max_dsp_1_U2439                        | 3    |        | res1_508           | fmul      | maxdsp                 | 2       |
|     fmul_32ns_32ns_32_3_max_dsp_1_U2440                        | 3    |        | res1_509           | fmul      | maxdsp                 | 2       |
|     fmul_32ns_32ns_32_3_max_dsp_1_U2441                        | 3    |        | res1_510           | fmul      | maxdsp                 | 2       |
|     fmul_32ns_32ns_32_3_max_dsp_1_U2442                        | 3    |        | res1_511           | fmul      | maxdsp                 | 2       |
|     fmul_32ns_32ns_32_3_max_dsp_1_U2443                        | 3    |        | res1_512           | fmul      | maxdsp                 | 2       |
|     fmul_32ns_32ns_32_3_max_dsp_1_U2444                        | 3    |        | res1_513           | fmul      | maxdsp                 | 2       |
|     fmul_32ns_32ns_32_3_max_dsp_1_U2445                        | 3    |        | res1_514           | fmul      | maxdsp                 | 2       |
|     fmul_32ns_32ns_32_3_max_dsp_1_U2446                        | 3    |        | res1_515           | fmul      | maxdsp                 | 2       |
|     fmul_32ns_32ns_32_3_max_dsp_1_U2447                        | 3    |        | res1_516           | fmul      | maxdsp                 | 2       |
|     fmul_32ns_32ns_32_3_max_dsp_1_U2448                        | 3    |        | res1_517           | fmul      | maxdsp                 | 2       |
|     fmul_32ns_32ns_32_3_max_dsp_1_U2449                        | 3    |        | res1_518           | fmul      | maxdsp                 | 2       |
|     fmul_32ns_32ns_32_3_max_dsp_1_U2450                        | 3    |        | res1_519           | fmul      | maxdsp                 | 2       |
|     fmul_32ns_32ns_32_3_max_dsp_1_U2451                        | 3    |        | res1_520           | fmul      | maxdsp                 | 2       |
|     fmul_32ns_32ns_32_3_max_dsp_1_U2452                        | 3    |        | res1_521           | fmul      | maxdsp                 | 2       |
|     fmul_32ns_32ns_32_3_max_dsp_1_U2453                        | 3    |        | res1_522           | fmul      | maxdsp                 | 2       |
|     fmul_32ns_32ns_32_3_max_dsp_1_U2454                        | 3    |        | res1_523           | fmul      | maxdsp                 | 2       |
|     fmul_32ns_32ns_32_3_max_dsp_1_U2369                        | 3    |        | res1_931           | fmul      | maxdsp                 | 2       |
|     fadd_32ns_32ns_32_4_full_dsp_1_U2051                       | 2    |        | sum1_67            | fadd      | fulldsp                | 3       |
|     fadd_32ns_32ns_32_4_full_dsp_1_U2052                       | 2    |        | sum1_68            | fadd      | fulldsp                | 3       |
|     fadd_32ns_32ns_32_4_full_dsp_1_U2053                       | 2    |        | sum1_69            | fadd      | fulldsp                | 3       |
|     fadd_32ns_32ns_32_4_full_dsp_1_U2054                       | 2    |        | sum1_70            | fadd      | fulldsp                | 3       |
|     fadd_32ns_32ns_32_4_full_dsp_1_U2055                       | 2    |        | sum1_71            | fadd      | fulldsp                | 3       |
|     fadd_32ns_32ns_32_4_full_dsp_1_U2056                       | 2    |        | sum1_72            | fadd      | fulldsp                | 3       |
|     fadd_32ns_32ns_32_4_full_dsp_1_U2057                       | 2    |        | sum1_73            | fadd      | fulldsp                | 3       |
|     fadd_32ns_32ns_32_4_full_dsp_1_U2058                       | 2    |        | sum1_74            | fadd      | fulldsp                | 3       |
|     fadd_32ns_32ns_32_4_full_dsp_1_U2059                       | 2    |        | sum1_75            | fadd      | fulldsp                | 3       |
|     fadd_32ns_32ns_32_4_full_dsp_1_U2060                       | 2    |        | sum1_76            | fadd      | fulldsp                | 3       |
|     fadd_32ns_32ns_32_4_full_dsp_1_U2061                       | 2    |        | sum1_77            | fadd      | fulldsp                | 3       |
|     fadd_32ns_32ns_32_4_full_dsp_1_U2062                       | 2    |        | sum1_78            | fadd      | fulldsp                | 3       |
|     fadd_32ns_32ns_32_4_full_dsp_1_U2063                       | 2    |        | sum1_79            | fadd      | fulldsp                | 3       |
|     fadd_32ns_32ns_32_4_full_dsp_1_U2064                       | 2    |        | sum1_80            | fadd      | fulldsp                | 3       |
|     fadd_32ns_32ns_32_4_full_dsp_1_U2037                       | 2    |        | sum2_254           | fadd      | fulldsp                | 3       |
|     fadd_32ns_32ns_32_4_full_dsp_1_U2038                       | 2    |        | sum2_255           | fadd      | fulldsp                | 3       |
|     fadd_32ns_32ns_32_4_full_dsp_1_U2039                       | 2    |        | sum2_256           | fadd      | fulldsp                | 3       |
|     fadd_32ns_32ns_32_4_full_dsp_1_U2040                       | 2    |        | sum2_257           | fadd      | fulldsp                | 3       |
|     fadd_32ns_32ns_32_4_full_dsp_1_U2041                       | 2    |        | sum2_258           | fadd      | fulldsp                | 3       |
|     fadd_32ns_32ns_32_4_full_dsp_1_U2042                       | 2    |        | sum2_259           | fadd      | fulldsp                | 3       |
|     fadd_32ns_32ns_32_4_full_dsp_1_U2043                       | 2    |        | sum2_260           | fadd      | fulldsp                | 3       |
|     fadd_32ns_32ns_32_4_full_dsp_1_U2029                       | 2    |        | sum3_126           | fadd      | fulldsp                | 3       |
|     fadd_32ns_32ns_32_4_full_dsp_1_U2030                       | 2    |        | sum3_127           | fadd      | fulldsp                | 3       |
|     fadd_32ns_32ns_32_4_full_dsp_1_U2031                       | 2    |        | sum3_128           | fadd      | fulldsp                | 3       |
|     fadd_32ns_32ns_32_4_full_dsp_1_U2025                       | 2    |        | sum4_62            | fadd      | fulldsp                | 3       |
|     fadd_32ns_32ns_32_4_full_dsp_1_U2171                       | 2    |        | sum1_81            | fadd      | fulldsp                | 3       |
|     fadd_32ns_32ns_32_4_full_dsp_1_U2172                       | 2    |        | sum1_82            | fadd      | fulldsp                | 3       |
|     fadd_32ns_32ns_32_4_full_dsp_1_U2173                       | 2    |        | sum1_83            | fadd      | fulldsp                | 3       |
|     fadd_32ns_32ns_32_4_full_dsp_1_U2174                       | 2    |        | sum1_84            | fadd      | fulldsp                | 3       |
|     fadd_32ns_32ns_32_4_full_dsp_1_U2175                       | 2    |        | sum1_85            | fadd      | fulldsp                | 3       |
|     fadd_32ns_32ns_32_4_full_dsp_1_U2176                       | 2    |        | sum1_86            | fadd      | fulldsp                | 3       |
|     fadd_32ns_32ns_32_4_full_dsp_1_U2177                       | 2    |        | sum1_87            | fadd      | fulldsp                | 3       |
|     fadd_32ns_32ns_32_4_full_dsp_1_U2178                       | 2    |        | sum1_88            | fadd      | fulldsp                | 3       |
|     fadd_32ns_32ns_32_4_full_dsp_1_U2179                       | 2    |        | sum1_89            | fadd      | fulldsp                | 3       |
|     fadd_32ns_32ns_32_4_full_dsp_1_U2180                       | 2    |        | sum1_90            | fadd      | fulldsp                | 3       |
|     fadd_32ns_32ns_32_4_full_dsp_1_U2181                       | 2    |        | sum1_91            | fadd      | fulldsp                | 3       |
|     fadd_32ns_32ns_32_4_full_dsp_1_U2182                       | 2    |        | sum1_92            | fadd      | fulldsp                | 3       |
|     fadd_32ns_32ns_32_4_full_dsp_1_U2183                       | 2    |        | sum1_93            | fadd      | fulldsp                | 3       |
|     fadd_32ns_32ns_32_4_full_dsp_1_U2184                       | 2    |        | sum1_94            | fadd      | fulldsp                | 3       |
|     fadd_32ns_32ns_32_4_full_dsp_1_U2097                       | 2    |        | sum2_261           | fadd      | fulldsp                | 3       |
|     fadd_32ns_32ns_32_4_full_dsp_1_U2098                       | 2    |        | sum2_262           | fadd      | fulldsp                | 3       |
|     fadd_32ns_32ns_32_4_full_dsp_1_U2099                       | 2    |        | sum2_263           | fadd      | fulldsp                | 3       |
|     fadd_32ns_32ns_32_4_full_dsp_1_U2100                       | 2    |        | sum2_264           | fadd      | fulldsp                | 3       |
|     fadd_32ns_32ns_32_4_full_dsp_1_U2101                       | 2    |        | sum2_265           | fadd      | fulldsp                | 3       |
|     fadd_32ns_32ns_32_4_full_dsp_1_U2102                       | 2    |        | sum2_266           | fadd      | fulldsp                | 3       |
|     fadd_32ns_32ns_32_4_full_dsp_1_U2103                       | 2    |        | sum2_267           | fadd      | fulldsp                | 3       |
|     fadd_32ns_32ns_32_4_full_dsp_1_U2059                       | 2    |        | sum3_129           | fadd      | fulldsp                | 3       |
|     fadd_32ns_32ns_32_4_full_dsp_1_U2060                       | 2    |        | sum3_130           | fadd      | fulldsp                | 3       |
|     fadd_32ns_32ns_32_4_full_dsp_1_U2061                       | 2    |        | sum3_131           | fadd      | fulldsp                | 3       |
|     fadd_32ns_32ns_32_4_full_dsp_1_U2040                       | 2    |        | sum4_63            | fadd      | fulldsp                | 3       |
|     fmul_32ns_32ns_32_3_max_dsp_1_U2455                        | 3    |        | res1_525           | fmul      | maxdsp                 | 2       |
|     fmul_32ns_32ns_32_3_max_dsp_1_U2456                        | 3    |        | res1_526           | fmul      | maxdsp                 | 2       |
|     fmul_32ns_32ns_32_3_max_dsp_1_U2457                        | 3    |        | res1_527           | fmul      | maxdsp                 | 2       |
|     fmul_32ns_32ns_32_3_max_dsp_1_U2458                        | 3    |        | res1_528           | fmul      | maxdsp                 | 2       |
|     fmul_32ns_32ns_32_3_max_dsp_1_U2459                        | 3    |        | res1_529           | fmul      | maxdsp                 | 2       |
|     fmul_32ns_32ns_32_3_max_dsp_1_U2460                        | 3    |        | res1_530           | fmul      | maxdsp                 | 2       |
|     fmul_32ns_32ns_32_3_max_dsp_1_U2461                        | 3    |        | res1_531           | fmul      | maxdsp                 | 2       |
|     fmul_32ns_32ns_32_3_max_dsp_1_U2462                        | 3    |        | res1_532           | fmul      | maxdsp                 | 2       |
|     fmul_32ns_32ns_32_3_max_dsp_1_U2463                        | 3    |        | res1_533           | fmul      | maxdsp                 | 2       |
|     fmul_32ns_32ns_32_3_max_dsp_1_U2464                        | 3    |        | res1_534           | fmul      | maxdsp                 | 2       |
|     fmul_32ns_32ns_32_3_max_dsp_1_U2465                        | 3    |        | res1_535           | fmul      | maxdsp                 | 2       |
|     fmul_32ns_32ns_32_3_max_dsp_1_U2466                        | 3    |        | res1_536           | fmul      | maxdsp                 | 2       |
|     fmul_32ns_32ns_32_3_max_dsp_1_U2467                        | 3    |        | res1_537           | fmul      | maxdsp                 | 2       |
|     fmul_32ns_32ns_32_3_max_dsp_1_U2468                        | 3    |        | res1_538           | fmul      | maxdsp                 | 2       |
|     fmul_32ns_32ns_32_3_max_dsp_1_U2469                        | 3    |        | res1_539           | fmul      | maxdsp                 | 2       |
|     fmul_32ns_32ns_32_3_max_dsp_1_U2470                        | 3    |        | res1_540           | fmul      | maxdsp                 | 2       |
|     fmul_32ns_32ns_32_3_max_dsp_1_U2471                        | 3    |        | res1_541           | fmul      | maxdsp                 | 2       |
|     fmul_32ns_32ns_32_3_max_dsp_1_U2472                        | 3    |        | res1_542           | fmul      | maxdsp                 | 2       |
|     fmul_32ns_32ns_32_3_max_dsp_1_U2473                        | 3    |        | res1_543           | fmul      | maxdsp                 | 2       |
|     fmul_32ns_32ns_32_3_max_dsp_1_U2474                        | 3    |        | res1_544           | fmul      | maxdsp                 | 2       |
|     fmul_32ns_32ns_32_3_max_dsp_1_U2475                        | 3    |        | res1_545           | fmul      | maxdsp                 | 2       |
|     fmul_32ns_32ns_32_3_max_dsp_1_U2476                        | 3    |        | res1_546           | fmul      | maxdsp                 | 2       |
|     fmul_32ns_32ns_32_3_max_dsp_1_U2477                        | 3    |        | res1_547           | fmul      | maxdsp                 | 2       |
|     fmul_32ns_32ns_32_3_max_dsp_1_U2478                        | 3    |        | res1_548           | fmul      | maxdsp                 | 2       |
|     fmul_32ns_32ns_32_3_max_dsp_1_U2479                        | 3    |        | res1_549           | fmul      | maxdsp                 | 2       |
|     fmul_32ns_32ns_32_3_max_dsp_1_U2480                        | 3    |        | res1_550           | fmul      | maxdsp                 | 2       |
|     fmul_32ns_32ns_32_3_max_dsp_1_U2481                        | 3    |        | res1_551           | fmul      | maxdsp                 | 2       |
|     fmul_32ns_32ns_32_3_max_dsp_1_U2482                        | 3    |        | res1_552           | fmul      | maxdsp                 | 2       |
|     fmul_32ns_32ns_32_3_max_dsp_1_U2483                        | 3    |        | res1_553           | fmul      | maxdsp                 | 2       |
|     fmul_32ns_32ns_32_3_max_dsp_1_U2370                        | 3    |        | res1_932           | fmul      | maxdsp                 | 2       |
|     fadd_32ns_32ns_32_4_full_dsp_1_U2065                       | 2    |        | sum1_95            | fadd      | fulldsp                | 3       |
|     fadd_32ns_32ns_32_4_full_dsp_1_U2066                       | 2    |        | sum1_96            | fadd      | fulldsp                | 3       |
|     fadd_32ns_32ns_32_4_full_dsp_1_U2067                       | 2    |        | sum1_97            | fadd      | fulldsp                | 3       |
|     fadd_32ns_32ns_32_4_full_dsp_1_U2068                       | 2    |        | sum1_98            | fadd      | fulldsp                | 3       |
|     fadd_32ns_32ns_32_4_full_dsp_1_U2069                       | 2    |        | sum1_99            | fadd      | fulldsp                | 3       |
|     fadd_32ns_32ns_32_4_full_dsp_1_U2070                       | 2    |        | sum1_100           | fadd      | fulldsp                | 3       |
|     fadd_32ns_32ns_32_4_full_dsp_1_U2071                       | 2    |        | sum1_101           | fadd      | fulldsp                | 3       |
|     fadd_32ns_32ns_32_4_full_dsp_1_U2072                       | 2    |        | sum1_102           | fadd      | fulldsp                | 3       |
|     fadd_32ns_32ns_32_4_full_dsp_1_U2073                       | 2    |        | sum1_103           | fadd      | fulldsp                | 3       |
|     fadd_32ns_32ns_32_4_full_dsp_1_U2074                       | 2    |        | sum1_104           | fadd      | fulldsp                | 3       |
|     fadd_32ns_32ns_32_4_full_dsp_1_U2075                       | 2    |        | sum1_105           | fadd      | fulldsp                | 3       |
|     fadd_32ns_32ns_32_4_full_dsp_1_U2076                       | 2    |        | sum1_106           | fadd      | fulldsp                | 3       |
|     fadd_32ns_32ns_32_4_full_dsp_1_U2077                       | 2    |        | sum1_107           | fadd      | fulldsp                | 3       |
|     fadd_32ns_32ns_32_4_full_dsp_1_U2078                       | 2    |        | sum1_108           | fadd      | fulldsp                | 3       |
|     fadd_32ns_32ns_32_4_full_dsp_1_U2044                       | 2    |        | sum2_268           | fadd      | fulldsp                | 3       |
|     fadd_32ns_32ns_32_4_full_dsp_1_U2045                       | 2    |        | sum2_269           | fadd      | fulldsp                | 3       |
|     fadd_32ns_32ns_32_4_full_dsp_1_U2046                       | 2    |        | sum2_270           | fadd      | fulldsp                | 3       |
|     fadd_32ns_32ns_32_4_full_dsp_1_U2047                       | 2    |        | sum2_271           | fadd      | fulldsp                | 3       |
|     fadd_32ns_32ns_32_4_full_dsp_1_U2048                       | 2    |        | sum2_272           | fadd      | fulldsp                | 3       |
|     fadd_32ns_32ns_32_4_full_dsp_1_U2049                       | 2    |        | sum2_273           | fadd      | fulldsp                | 3       |
|     fadd_32ns_32ns_32_4_full_dsp_1_U2050                       | 2    |        | sum2_274           | fadd      | fulldsp                | 3       |
|     fadd_32ns_32ns_32_4_full_dsp_1_U2032                       | 2    |        | sum3_132           | fadd      | fulldsp                | 3       |
|     fadd_32ns_32ns_32_4_full_dsp_1_U2033                       | 2    |        | sum3_133           | fadd      | fulldsp                | 3       |
|     fadd_32ns_32ns_32_4_full_dsp_1_U2034                       | 2    |        | sum3_134           | fadd      | fulldsp                | 3       |
|     fadd_32ns_32ns_32_4_full_dsp_1_U2026                       | 2    |        | sum4_64            | fadd      | fulldsp                | 3       |
|     fadd_32ns_32ns_32_4_full_dsp_1_U2185                       | 2    |        | sum1_109           | fadd      | fulldsp                | 3       |
|     fadd_32ns_32ns_32_4_full_dsp_1_U2186                       | 2    |        | sum1_110           | fadd      | fulldsp                | 3       |
|     fadd_32ns_32ns_32_4_full_dsp_1_U2187                       | 2    |        | sum1_111           | fadd      | fulldsp                | 3       |
|     fadd_32ns_32ns_32_4_full_dsp_1_U2188                       | 2    |        | sum1_112           | fadd      | fulldsp                | 3       |
|     fadd_32ns_32ns_32_4_full_dsp_1_U2189                       | 2    |        | sum1_113           | fadd      | fulldsp                | 3       |
|     fadd_32ns_32ns_32_4_full_dsp_1_U2190                       | 2    |        | sum1_114           | fadd      | fulldsp                | 3       |
|     fadd_32ns_32ns_32_4_full_dsp_1_U2191                       | 2    |        | sum1_115           | fadd      | fulldsp                | 3       |
|     fadd_32ns_32ns_32_4_full_dsp_1_U2192                       | 2    |        | sum1_116           | fadd      | fulldsp                | 3       |
|     fadd_32ns_32ns_32_4_full_dsp_1_U2193                       | 2    |        | sum1_117           | fadd      | fulldsp                | 3       |
|     fadd_32ns_32ns_32_4_full_dsp_1_U2194                       | 2    |        | sum1_118           | fadd      | fulldsp                | 3       |
|     fadd_32ns_32ns_32_4_full_dsp_1_U2195                       | 2    |        | sum1_119           | fadd      | fulldsp                | 3       |
|     fadd_32ns_32ns_32_4_full_dsp_1_U2196                       | 2    |        | sum1_120           | fadd      | fulldsp                | 3       |
|     fadd_32ns_32ns_32_4_full_dsp_1_U2197                       | 2    |        | sum1_121           | fadd      | fulldsp                | 3       |
|     fadd_32ns_32ns_32_4_full_dsp_1_U2198                       | 2    |        | sum1_122           | fadd      | fulldsp                | 3       |
|     fadd_32ns_32ns_32_4_full_dsp_1_U2104                       | 2    |        | sum2_275           | fadd      | fulldsp                | 3       |
|     fadd_32ns_32ns_32_4_full_dsp_1_U2105                       | 2    |        | sum2_276           | fadd      | fulldsp                | 3       |
|     fadd_32ns_32ns_32_4_full_dsp_1_U2106                       | 2    |        | sum2_277           | fadd      | fulldsp                | 3       |
|     fadd_32ns_32ns_32_4_full_dsp_1_U2107                       | 2    |        | sum2_278           | fadd      | fulldsp                | 3       |
|     fadd_32ns_32ns_32_4_full_dsp_1_U2108                       | 2    |        | sum2_279           | fadd      | fulldsp                | 3       |
|     fadd_32ns_32ns_32_4_full_dsp_1_U2109                       | 2    |        | sum2_280           | fadd      | fulldsp                | 3       |
|     fadd_32ns_32ns_32_4_full_dsp_1_U2110                       | 2    |        | sum2_281           | fadd      | fulldsp                | 3       |
|     fadd_32ns_32ns_32_4_full_dsp_1_U2062                       | 2    |        | sum3_135           | fadd      | fulldsp                | 3       |
|     fadd_32ns_32ns_32_4_full_dsp_1_U2063                       | 2    |        | sum3_136           | fadd      | fulldsp                | 3       |
|     fadd_32ns_32ns_32_4_full_dsp_1_U2064                       | 2    |        | sum3_137           | fadd      | fulldsp                | 3       |
|     fadd_32ns_32ns_32_4_full_dsp_1_U2041                       | 2    |        | sum4_65            | fadd      | fulldsp                | 3       |
|     fmul_32ns_32ns_32_3_max_dsp_1_U2484                        | 3    |        | res1_555           | fmul      | maxdsp                 | 2       |
|     fmul_32ns_32ns_32_3_max_dsp_1_U2485                        | 3    |        | res1_556           | fmul      | maxdsp                 | 2       |
|     fmul_32ns_32ns_32_3_max_dsp_1_U2486                        | 3    |        | res1_557           | fmul      | maxdsp                 | 2       |
|     fmul_32ns_32ns_32_3_max_dsp_1_U2487                        | 3    |        | res1_558           | fmul      | maxdsp                 | 2       |
|     fmul_32ns_32ns_32_3_max_dsp_1_U2488                        | 3    |        | res1_559           | fmul      | maxdsp                 | 2       |
|     fmul_32ns_32ns_32_3_max_dsp_1_U2489                        | 3    |        | res1_560           | fmul      | maxdsp                 | 2       |
|     fmul_32ns_32ns_32_3_max_dsp_1_U2490                        | 3    |        | res1_561           | fmul      | maxdsp                 | 2       |
|     fmul_32ns_32ns_32_3_max_dsp_1_U2491                        | 3    |        | res1_562           | fmul      | maxdsp                 | 2       |
|     fmul_32ns_32ns_32_3_max_dsp_1_U2492                        | 3    |        | res1_563           | fmul      | maxdsp                 | 2       |
|     fmul_32ns_32ns_32_3_max_dsp_1_U2493                        | 3    |        | res1_564           | fmul      | maxdsp                 | 2       |
|     fmul_32ns_32ns_32_3_max_dsp_1_U2494                        | 3    |        | res1_565           | fmul      | maxdsp                 | 2       |
|     fmul_32ns_32ns_32_3_max_dsp_1_U2495                        | 3    |        | res1_566           | fmul      | maxdsp                 | 2       |
|     fmul_32ns_32ns_32_3_max_dsp_1_U2496                        | 3    |        | res1_567           | fmul      | maxdsp                 | 2       |
|     fmul_32ns_32ns_32_3_max_dsp_1_U2497                        | 3    |        | res1_568           | fmul      | maxdsp                 | 2       |
|     fmul_32ns_32ns_32_3_max_dsp_1_U2498                        | 3    |        | res1_569           | fmul      | maxdsp                 | 2       |
|     fmul_32ns_32ns_32_3_max_dsp_1_U2499                        | 3    |        | res1_570           | fmul      | maxdsp                 | 2       |
|     fmul_32ns_32ns_32_3_max_dsp_1_U2500                        | 3    |        | res1_571           | fmul      | maxdsp                 | 2       |
|     fmul_32ns_32ns_32_3_max_dsp_1_U2501                        | 3    |        | res1_572           | fmul      | maxdsp                 | 2       |
|     fmul_32ns_32ns_32_3_max_dsp_1_U2502                        | 3    |        | res1_573           | fmul      | maxdsp                 | 2       |
|     fmul_32ns_32ns_32_3_max_dsp_1_U2503                        | 3    |        | res1_574           | fmul      | maxdsp                 | 2       |
|     fmul_32ns_32ns_32_3_max_dsp_1_U2504                        | 3    |        | res1_575           | fmul      | maxdsp                 | 2       |
|     fmul_32ns_32ns_32_3_max_dsp_1_U2505                        | 3    |        | res1_576           | fmul      | maxdsp                 | 2       |
|     fmul_32ns_32ns_32_3_max_dsp_1_U2506                        | 3    |        | res1_577           | fmul      | maxdsp                 | 2       |
|     fmul_32ns_32ns_32_3_max_dsp_1_U2507                        | 3    |        | res1_578           | fmul      | maxdsp                 | 2       |
|     fmul_32ns_32ns_32_3_max_dsp_1_U2508                        | 3    |        | res1_579           | fmul      | maxdsp                 | 2       |
|     fmul_32ns_32ns_32_3_max_dsp_1_U2509                        | 3    |        | res1_580           | fmul      | maxdsp                 | 2       |
|     fmul_32ns_32ns_32_3_max_dsp_1_U2510                        | 3    |        | res1_581           | fmul      | maxdsp                 | 2       |
|     fmul_32ns_32ns_32_3_max_dsp_1_U2511                        | 3    |        | res1_582           | fmul      | maxdsp                 | 2       |
|     fmul_32ns_32ns_32_3_max_dsp_1_U2512                        | 3    |        | res1_583           | fmul      | maxdsp                 | 2       |
|     fmul_32ns_32ns_32_3_max_dsp_1_U2371                        | 3    |        | res1_933           | fmul      | maxdsp                 | 2       |
|     fadd_32ns_32ns_32_4_full_dsp_1_U2079                       | 2    |        | sum1_123           | fadd      | fulldsp                | 3       |
|     fadd_32ns_32ns_32_4_full_dsp_1_U2080                       | 2    |        | sum1_124           | fadd      | fulldsp                | 3       |
|     fadd_32ns_32ns_32_4_full_dsp_1_U2081                       | 2    |        | sum1_125           | fadd      | fulldsp                | 3       |
|     fadd_32ns_32ns_32_4_full_dsp_1_U2082                       | 2    |        | sum1_126           | fadd      | fulldsp                | 3       |
|     fadd_32ns_32ns_32_4_full_dsp_1_U2083                       | 2    |        | sum1_127           | fadd      | fulldsp                | 3       |
|     fadd_32ns_32ns_32_4_full_dsp_1_U2084                       | 2    |        | sum1_128           | fadd      | fulldsp                | 3       |
|     fadd_32ns_32ns_32_4_full_dsp_1_U2085                       | 2    |        | sum1_129           | fadd      | fulldsp                | 3       |
|     fadd_32ns_32ns_32_4_full_dsp_1_U2086                       | 2    |        | sum1_130           | fadd      | fulldsp                | 3       |
|     fadd_32ns_32ns_32_4_full_dsp_1_U2087                       | 2    |        | sum1_131           | fadd      | fulldsp                | 3       |
|     fadd_32ns_32ns_32_4_full_dsp_1_U2088                       | 2    |        | sum1_132           | fadd      | fulldsp                | 3       |
|     fadd_32ns_32ns_32_4_full_dsp_1_U2089                       | 2    |        | sum1_133           | fadd      | fulldsp                | 3       |
|     fadd_32ns_32ns_32_4_full_dsp_1_U2090                       | 2    |        | sum1_134           | fadd      | fulldsp                | 3       |
|     fadd_32ns_32ns_32_4_full_dsp_1_U2091                       | 2    |        | sum1_135           | fadd      | fulldsp                | 3       |
|     fadd_32ns_32ns_32_4_full_dsp_1_U2092                       | 2    |        | sum1_136           | fadd      | fulldsp                | 3       |
|     fadd_32ns_32ns_32_4_full_dsp_1_U2051                       | 2    |        | sum2_282           | fadd      | fulldsp                | 3       |
|     fadd_32ns_32ns_32_4_full_dsp_1_U2052                       | 2    |        | sum2_283           | fadd      | fulldsp                | 3       |
|     fadd_32ns_32ns_32_4_full_dsp_1_U2053                       | 2    |        | sum2_284           | fadd      | fulldsp                | 3       |
|     fadd_32ns_32ns_32_4_full_dsp_1_U2054                       | 2    |        | sum2_285           | fadd      | fulldsp                | 3       |
|     fadd_32ns_32ns_32_4_full_dsp_1_U2055                       | 2    |        | sum2_286           | fadd      | fulldsp                | 3       |
|     fadd_32ns_32ns_32_4_full_dsp_1_U2056                       | 2    |        | sum2_287           | fadd      | fulldsp                | 3       |
|     fadd_32ns_32ns_32_4_full_dsp_1_U2057                       | 2    |        | sum2_288           | fadd      | fulldsp                | 3       |
|     fadd_32ns_32ns_32_4_full_dsp_1_U2035                       | 2    |        | sum3_138           | fadd      | fulldsp                | 3       |
|     fadd_32ns_32ns_32_4_full_dsp_1_U2036                       | 2    |        | sum3_139           | fadd      | fulldsp                | 3       |
|     fadd_32ns_32ns_32_4_full_dsp_1_U2037                       | 2    |        | sum3_140           | fadd      | fulldsp                | 3       |
|     fadd_32ns_32ns_32_4_full_dsp_1_U2027                       | 2    |        | sum4_66            | fadd      | fulldsp                | 3       |
|     fadd_32ns_32ns_32_4_full_dsp_1_U2199                       | 2    |        | sum1_137           | fadd      | fulldsp                | 3       |
|     fadd_32ns_32ns_32_4_full_dsp_1_U2200                       | 2    |        | sum1_138           | fadd      | fulldsp                | 3       |
|     fadd_32ns_32ns_32_4_full_dsp_1_U2201                       | 2    |        | sum1_139           | fadd      | fulldsp                | 3       |
|     fadd_32ns_32ns_32_4_full_dsp_1_U2202                       | 2    |        | sum1_140           | fadd      | fulldsp                | 3       |
|     fadd_32ns_32ns_32_4_full_dsp_1_U2203                       | 2    |        | sum1_141           | fadd      | fulldsp                | 3       |
|     fadd_32ns_32ns_32_4_full_dsp_1_U2204                       | 2    |        | sum1_142           | fadd      | fulldsp                | 3       |
|     fadd_32ns_32ns_32_4_full_dsp_1_U2205                       | 2    |        | sum1_143           | fadd      | fulldsp                | 3       |
|     fadd_32ns_32ns_32_4_full_dsp_1_U2206                       | 2    |        | sum1_144           | fadd      | fulldsp                | 3       |
|     fadd_32ns_32ns_32_4_full_dsp_1_U2207                       | 2    |        | sum1_145           | fadd      | fulldsp                | 3       |
|     fadd_32ns_32ns_32_4_full_dsp_1_U2208                       | 2    |        | sum1_146           | fadd      | fulldsp                | 3       |
|     fadd_32ns_32ns_32_4_full_dsp_1_U2209                       | 2    |        | sum1_147           | fadd      | fulldsp                | 3       |
|     fadd_32ns_32ns_32_4_full_dsp_1_U2210                       | 2    |        | sum1_148           | fadd      | fulldsp                | 3       |
|     fadd_32ns_32ns_32_4_full_dsp_1_U2211                       | 2    |        | sum1_149           | fadd      | fulldsp                | 3       |
|     fadd_32ns_32ns_32_4_full_dsp_1_U2212                       | 2    |        | sum1_150           | fadd      | fulldsp                | 3       |
|     fadd_32ns_32ns_32_4_full_dsp_1_U2111                       | 2    |        | sum2_289           | fadd      | fulldsp                | 3       |
|     fadd_32ns_32ns_32_4_full_dsp_1_U2112                       | 2    |        | sum2_290           | fadd      | fulldsp                | 3       |
|     fadd_32ns_32ns_32_4_full_dsp_1_U2113                       | 2    |        | sum2_291           | fadd      | fulldsp                | 3       |
|     fadd_32ns_32ns_32_4_full_dsp_1_U2114                       | 2    |        | sum2_292           | fadd      | fulldsp                | 3       |
|     fadd_32ns_32ns_32_4_full_dsp_1_U2115                       | 2    |        | sum2_293           | fadd      | fulldsp                | 3       |
|     fadd_32ns_32ns_32_4_full_dsp_1_U2116                       | 2    |        | sum2_294           | fadd      | fulldsp                | 3       |
|     fadd_32ns_32ns_32_4_full_dsp_1_U2117                       | 2    |        | sum2_295           | fadd      | fulldsp                | 3       |
|     fadd_32ns_32ns_32_4_full_dsp_1_U2065                       | 2    |        | sum3_141           | fadd      | fulldsp                | 3       |
|     fadd_32ns_32ns_32_4_full_dsp_1_U2066                       | 2    |        | sum3_142           | fadd      | fulldsp                | 3       |
|     fadd_32ns_32ns_32_4_full_dsp_1_U2067                       | 2    |        | sum3_143           | fadd      | fulldsp                | 3       |
|     fadd_32ns_32ns_32_4_full_dsp_1_U2042                       | 2    |        | sum4_67            | fadd      | fulldsp                | 3       |
|     fmul_32ns_32ns_32_3_max_dsp_1_U2513                        | 3    |        | res1_585           | fmul      | maxdsp                 | 2       |
|     fmul_32ns_32ns_32_3_max_dsp_1_U2514                        | 3    |        | res1_586           | fmul      | maxdsp                 | 2       |
|     fmul_32ns_32ns_32_3_max_dsp_1_U2515                        | 3    |        | res1_587           | fmul      | maxdsp                 | 2       |
|     fmul_32ns_32ns_32_3_max_dsp_1_U2516                        | 3    |        | res1_588           | fmul      | maxdsp                 | 2       |
|     fmul_32ns_32ns_32_3_max_dsp_1_U2517                        | 3    |        | res1_589           | fmul      | maxdsp                 | 2       |
|     fmul_32ns_32ns_32_3_max_dsp_1_U2518                        | 3    |        | res1_590           | fmul      | maxdsp                 | 2       |
|     fmul_32ns_32ns_32_3_max_dsp_1_U2519                        | 3    |        | res1_591           | fmul      | maxdsp                 | 2       |
|     fmul_32ns_32ns_32_3_max_dsp_1_U2520                        | 3    |        | res1_592           | fmul      | maxdsp                 | 2       |
|     fmul_32ns_32ns_32_3_max_dsp_1_U2521                        | 3    |        | res1_593           | fmul      | maxdsp                 | 2       |
|     fmul_32ns_32ns_32_3_max_dsp_1_U2522                        | 3    |        | res1_594           | fmul      | maxdsp                 | 2       |
|     fmul_32ns_32ns_32_3_max_dsp_1_U2523                        | 3    |        | res1_595           | fmul      | maxdsp                 | 2       |
|     fmul_32ns_32ns_32_3_max_dsp_1_U2524                        | 3    |        | res1_596           | fmul      | maxdsp                 | 2       |
|     fmul_32ns_32ns_32_3_max_dsp_1_U2525                        | 3    |        | res1_597           | fmul      | maxdsp                 | 2       |
|     fmul_32ns_32ns_32_3_max_dsp_1_U2526                        | 3    |        | res1_598           | fmul      | maxdsp                 | 2       |
|     fmul_32ns_32ns_32_3_max_dsp_1_U2527                        | 3    |        | res1_599           | fmul      | maxdsp                 | 2       |
|     fmul_32ns_32ns_32_3_max_dsp_1_U2528                        | 3    |        | res1_600           | fmul      | maxdsp                 | 2       |
|     fmul_32ns_32ns_32_3_max_dsp_1_U2529                        | 3    |        | res1_601           | fmul      | maxdsp                 | 2       |
|     fmul_32ns_32ns_32_3_max_dsp_1_U2530                        | 3    |        | res1_602           | fmul      | maxdsp                 | 2       |
|     fmul_32ns_32ns_32_3_max_dsp_1_U2531                        | 3    |        | res1_603           | fmul      | maxdsp                 | 2       |
|     fmul_32ns_32ns_32_3_max_dsp_1_U2532                        | 3    |        | res1_604           | fmul      | maxdsp                 | 2       |
|     fmul_32ns_32ns_32_3_max_dsp_1_U2533                        | 3    |        | res1_605           | fmul      | maxdsp                 | 2       |
|     fmul_32ns_32ns_32_3_max_dsp_1_U2534                        | 3    |        | res1_606           | fmul      | maxdsp                 | 2       |
|     fmul_32ns_32ns_32_3_max_dsp_1_U2535                        | 3    |        | res1_607           | fmul      | maxdsp                 | 2       |
|     fmul_32ns_32ns_32_3_max_dsp_1_U2536                        | 3    |        | res1_608           | fmul      | maxdsp                 | 2       |
|     fmul_32ns_32ns_32_3_max_dsp_1_U2537                        | 3    |        | res1_609           | fmul      | maxdsp                 | 2       |
|     fmul_32ns_32ns_32_3_max_dsp_1_U2538                        | 3    |        | res1_610           | fmul      | maxdsp                 | 2       |
|     fmul_32ns_32ns_32_3_max_dsp_1_U2539                        | 3    |        | res1_611           | fmul      | maxdsp                 | 2       |
|     fmul_32ns_32ns_32_3_max_dsp_1_U2540                        | 3    |        | res1_612           | fmul      | maxdsp                 | 2       |
|     fmul_32ns_32ns_32_3_max_dsp_1_U2541                        | 3    |        | res1_613           | fmul      | maxdsp                 | 2       |
|     fmul_32ns_32ns_32_3_max_dsp_1_U2372                        | 3    |        | res1_934           | fmul      | maxdsp                 | 2       |
|     fadd_32ns_32ns_32_4_full_dsp_1_U2093                       | 2    |        | sum1_151           | fadd      | fulldsp                | 3       |
|     fadd_32ns_32ns_32_4_full_dsp_1_U2094                       | 2    |        | sum1_152           | fadd      | fulldsp                | 3       |
|     fadd_32ns_32ns_32_4_full_dsp_1_U2095                       | 2    |        | sum1_153           | fadd      | fulldsp                | 3       |
|     fadd_32ns_32ns_32_4_full_dsp_1_U2096                       | 2    |        | sum1_154           | fadd      | fulldsp                | 3       |
|     fadd_32ns_32ns_32_4_full_dsp_1_U2097                       | 2    |        | sum1_155           | fadd      | fulldsp                | 3       |
|     fadd_32ns_32ns_32_4_full_dsp_1_U2098                       | 2    |        | sum1_156           | fadd      | fulldsp                | 3       |
|     fadd_32ns_32ns_32_4_full_dsp_1_U2099                       | 2    |        | sum1_157           | fadd      | fulldsp                | 3       |
|     fadd_32ns_32ns_32_4_full_dsp_1_U2100                       | 2    |        | sum1_158           | fadd      | fulldsp                | 3       |
|     fadd_32ns_32ns_32_4_full_dsp_1_U2101                       | 2    |        | sum1_159           | fadd      | fulldsp                | 3       |
|     fadd_32ns_32ns_32_4_full_dsp_1_U2102                       | 2    |        | sum1_160           | fadd      | fulldsp                | 3       |
|     fadd_32ns_32ns_32_4_full_dsp_1_U2103                       | 2    |        | sum1_161           | fadd      | fulldsp                | 3       |
|     fadd_32ns_32ns_32_4_full_dsp_1_U2104                       | 2    |        | sum1_162           | fadd      | fulldsp                | 3       |
|     fadd_32ns_32ns_32_4_full_dsp_1_U2105                       | 2    |        | sum1_163           | fadd      | fulldsp                | 3       |
|     fadd_32ns_32ns_32_4_full_dsp_1_U2106                       | 2    |        | sum1_164           | fadd      | fulldsp                | 3       |
|     fadd_32ns_32ns_32_4_full_dsp_1_U2058                       | 2    |        | sum2_296           | fadd      | fulldsp                | 3       |
|     fadd_32ns_32ns_32_4_full_dsp_1_U2059                       | 2    |        | sum2_297           | fadd      | fulldsp                | 3       |
|     fadd_32ns_32ns_32_4_full_dsp_1_U2060                       | 2    |        | sum2_298           | fadd      | fulldsp                | 3       |
|     fadd_32ns_32ns_32_4_full_dsp_1_U2061                       | 2    |        | sum2_299           | fadd      | fulldsp                | 3       |
|     fadd_32ns_32ns_32_4_full_dsp_1_U2062                       | 2    |        | sum2_300           | fadd      | fulldsp                | 3       |
|     fadd_32ns_32ns_32_4_full_dsp_1_U2063                       | 2    |        | sum2_301           | fadd      | fulldsp                | 3       |
|     fadd_32ns_32ns_32_4_full_dsp_1_U2064                       | 2    |        | sum2_302           | fadd      | fulldsp                | 3       |
|     fadd_32ns_32ns_32_4_full_dsp_1_U2038                       | 2    |        | sum3_144           | fadd      | fulldsp                | 3       |
|     fadd_32ns_32ns_32_4_full_dsp_1_U2039                       | 2    |        | sum3_145           | fadd      | fulldsp                | 3       |
|     fadd_32ns_32ns_32_4_full_dsp_1_U2040                       | 2    |        | sum3_146           | fadd      | fulldsp                | 3       |
|     fadd_32ns_32ns_32_4_full_dsp_1_U2028                       | 2    |        | sum4_68            | fadd      | fulldsp                | 3       |
|     fadd_32ns_32ns_32_4_full_dsp_1_U2213                       | 2    |        | sum1_165           | fadd      | fulldsp                | 3       |
|     fadd_32ns_32ns_32_4_full_dsp_1_U2214                       | 2    |        | sum1_166           | fadd      | fulldsp                | 3       |
|     fadd_32ns_32ns_32_4_full_dsp_1_U2215                       | 2    |        | sum1_167           | fadd      | fulldsp                | 3       |
|     fadd_32ns_32ns_32_4_full_dsp_1_U2216                       | 2    |        | sum1_168           | fadd      | fulldsp                | 3       |
|     fadd_32ns_32ns_32_4_full_dsp_1_U2217                       | 2    |        | sum1_169           | fadd      | fulldsp                | 3       |
|     fadd_32ns_32ns_32_4_full_dsp_1_U2218                       | 2    |        | sum1_170           | fadd      | fulldsp                | 3       |
|     fadd_32ns_32ns_32_4_full_dsp_1_U2219                       | 2    |        | sum1_171           | fadd      | fulldsp                | 3       |
|     fadd_32ns_32ns_32_4_full_dsp_1_U2220                       | 2    |        | sum1_172           | fadd      | fulldsp                | 3       |
|     fadd_32ns_32ns_32_4_full_dsp_1_U2221                       | 2    |        | sum1_173           | fadd      | fulldsp                | 3       |
|     fadd_32ns_32ns_32_4_full_dsp_1_U2222                       | 2    |        | sum1_174           | fadd      | fulldsp                | 3       |
|     fadd_32ns_32ns_32_4_full_dsp_1_U2223                       | 2    |        | sum1_175           | fadd      | fulldsp                | 3       |
|     fadd_32ns_32ns_32_4_full_dsp_1_U2224                       | 2    |        | sum1_176           | fadd      | fulldsp                | 3       |
|     fadd_32ns_32ns_32_4_full_dsp_1_U2225                       | 2    |        | sum1_177           | fadd      | fulldsp                | 3       |
|     fadd_32ns_32ns_32_4_full_dsp_1_U2226                       | 2    |        | sum1_178           | fadd      | fulldsp                | 3       |
|     fadd_32ns_32ns_32_4_full_dsp_1_U2118                       | 2    |        | sum2_303           | fadd      | fulldsp                | 3       |
|     fadd_32ns_32ns_32_4_full_dsp_1_U2119                       | 2    |        | sum2_304           | fadd      | fulldsp                | 3       |
|     fadd_32ns_32ns_32_4_full_dsp_1_U2120                       | 2    |        | sum2_305           | fadd      | fulldsp                | 3       |
|     fadd_32ns_32ns_32_4_full_dsp_1_U2121                       | 2    |        | sum2_306           | fadd      | fulldsp                | 3       |
|     fadd_32ns_32ns_32_4_full_dsp_1_U2122                       | 2    |        | sum2_307           | fadd      | fulldsp                | 3       |
|     fadd_32ns_32ns_32_4_full_dsp_1_U2123                       | 2    |        | sum2_308           | fadd      | fulldsp                | 3       |
|     fadd_32ns_32ns_32_4_full_dsp_1_U2124                       | 2    |        | sum2_309           | fadd      | fulldsp                | 3       |
|     fadd_32ns_32ns_32_4_full_dsp_1_U2068                       | 2    |        | sum3_147           | fadd      | fulldsp                | 3       |
|     fadd_32ns_32ns_32_4_full_dsp_1_U2069                       | 2    |        | sum3_148           | fadd      | fulldsp                | 3       |
|     fadd_32ns_32ns_32_4_full_dsp_1_U2070                       | 2    |        | sum3_149           | fadd      | fulldsp                | 3       |
|     fadd_32ns_32ns_32_4_full_dsp_1_U2043                       | 2    |        | sum4_69            | fadd      | fulldsp                | 3       |
|     fmul_32ns_32ns_32_3_max_dsp_1_U2542                        | 3    |        | res1_615           | fmul      | maxdsp                 | 2       |
|     fmul_32ns_32ns_32_3_max_dsp_1_U2543                        | 3    |        | res1_616           | fmul      | maxdsp                 | 2       |
|     fmul_32ns_32ns_32_3_max_dsp_1_U2544                        | 3    |        | res1_617           | fmul      | maxdsp                 | 2       |
|     fmul_32ns_32ns_32_3_max_dsp_1_U2545                        | 3    |        | res1_618           | fmul      | maxdsp                 | 2       |
|     fmul_32ns_32ns_32_3_max_dsp_1_U2546                        | 3    |        | res1_619           | fmul      | maxdsp                 | 2       |
|     fmul_32ns_32ns_32_3_max_dsp_1_U2547                        | 3    |        | res1_620           | fmul      | maxdsp                 | 2       |
|     fmul_32ns_32ns_32_3_max_dsp_1_U2548                        | 3    |        | res1_621           | fmul      | maxdsp                 | 2       |
|     fmul_32ns_32ns_32_3_max_dsp_1_U2549                        | 3    |        | res1_622           | fmul      | maxdsp                 | 2       |
|     fmul_32ns_32ns_32_3_max_dsp_1_U2550                        | 3    |        | res1_623           | fmul      | maxdsp                 | 2       |
|     fmul_32ns_32ns_32_3_max_dsp_1_U2551                        | 3    |        | res1_624           | fmul      | maxdsp                 | 2       |
|     fmul_32ns_32ns_32_3_max_dsp_1_U2552                        | 3    |        | res1_625           | fmul      | maxdsp                 | 2       |
|     fmul_32ns_32ns_32_3_max_dsp_1_U2553                        | 3    |        | res1_626           | fmul      | maxdsp                 | 2       |
|     fmul_32ns_32ns_32_3_max_dsp_1_U2554                        | 3    |        | res1_627           | fmul      | maxdsp                 | 2       |
|     fmul_32ns_32ns_32_3_max_dsp_1_U2555                        | 3    |        | res1_628           | fmul      | maxdsp                 | 2       |
|     fmul_32ns_32ns_32_3_max_dsp_1_U2556                        | 3    |        | res1_629           | fmul      | maxdsp                 | 2       |
|     fmul_32ns_32ns_32_3_max_dsp_1_U2557                        | 3    |        | res1_630           | fmul      | maxdsp                 | 2       |
|     fmul_32ns_32ns_32_3_max_dsp_1_U2558                        | 3    |        | res1_631           | fmul      | maxdsp                 | 2       |
|     fmul_32ns_32ns_32_3_max_dsp_1_U2559                        | 3    |        | res1_632           | fmul      | maxdsp                 | 2       |
|     fmul_32ns_32ns_32_3_max_dsp_1_U2560                        | 3    |        | res1_633           | fmul      | maxdsp                 | 2       |
|     fmul_32ns_32ns_32_3_max_dsp_1_U2561                        | 3    |        | res1_634           | fmul      | maxdsp                 | 2       |
|     fmul_32ns_32ns_32_3_max_dsp_1_U2562                        | 3    |        | res1_635           | fmul      | maxdsp                 | 2       |
|     fmul_32ns_32ns_32_3_max_dsp_1_U2563                        | 3    |        | res1_636           | fmul      | maxdsp                 | 2       |
|     fmul_32ns_32ns_32_3_max_dsp_1_U2564                        | 3    |        | res1_637           | fmul      | maxdsp                 | 2       |
|     fmul_32ns_32ns_32_3_max_dsp_1_U2565                        | 3    |        | res1_638           | fmul      | maxdsp                 | 2       |
|     fmul_32ns_32ns_32_3_max_dsp_1_U2566                        | 3    |        | res1_639           | fmul      | maxdsp                 | 2       |
|     fmul_32ns_32ns_32_3_max_dsp_1_U2567                        | 3    |        | res1_640           | fmul      | maxdsp                 | 2       |
|     fmul_32ns_32ns_32_3_max_dsp_1_U2568                        | 3    |        | res1_641           | fmul      | maxdsp                 | 2       |
|     fmul_32ns_32ns_32_3_max_dsp_1_U2569                        | 3    |        | res1_642           | fmul      | maxdsp                 | 2       |
|     fmul_32ns_32ns_32_3_max_dsp_1_U2570                        | 3    |        | res1_643           | fmul      | maxdsp                 | 2       |
|     fmul_32ns_32ns_32_3_max_dsp_1_U2373                        | 3    |        | res1_935           | fmul      | maxdsp                 | 2       |
|     fadd_32ns_32ns_32_4_full_dsp_1_U2107                       | 2    |        | sum1_179           | fadd      | fulldsp                | 3       |
|     fadd_32ns_32ns_32_4_full_dsp_1_U2108                       | 2    |        | sum1_180           | fadd      | fulldsp                | 3       |
|     fadd_32ns_32ns_32_4_full_dsp_1_U2109                       | 2    |        | sum1_181           | fadd      | fulldsp                | 3       |
|     fadd_32ns_32ns_32_4_full_dsp_1_U2110                       | 2    |        | sum1_182           | fadd      | fulldsp                | 3       |
|     fadd_32ns_32ns_32_4_full_dsp_1_U2111                       | 2    |        | sum1_183           | fadd      | fulldsp                | 3       |
|     fadd_32ns_32ns_32_4_full_dsp_1_U2112                       | 2    |        | sum1_184           | fadd      | fulldsp                | 3       |
|     fadd_32ns_32ns_32_4_full_dsp_1_U2113                       | 2    |        | sum1_185           | fadd      | fulldsp                | 3       |
|     fadd_32ns_32ns_32_4_full_dsp_1_U2114                       | 2    |        | sum1_186           | fadd      | fulldsp                | 3       |
|     fadd_32ns_32ns_32_4_full_dsp_1_U2115                       | 2    |        | sum1_187           | fadd      | fulldsp                | 3       |
|     fadd_32ns_32ns_32_4_full_dsp_1_U2116                       | 2    |        | sum1_188           | fadd      | fulldsp                | 3       |
|     fadd_32ns_32ns_32_4_full_dsp_1_U2117                       | 2    |        | sum1_189           | fadd      | fulldsp                | 3       |
|     fadd_32ns_32ns_32_4_full_dsp_1_U2118                       | 2    |        | sum1_190           | fadd      | fulldsp                | 3       |
|     fadd_32ns_32ns_32_4_full_dsp_1_U2119                       | 2    |        | sum1_191           | fadd      | fulldsp                | 3       |
|     fadd_32ns_32ns_32_4_full_dsp_1_U2120                       | 2    |        | sum1_192           | fadd      | fulldsp                | 3       |
|     fadd_32ns_32ns_32_4_full_dsp_1_U2065                       | 2    |        | sum2_310           | fadd      | fulldsp                | 3       |
|     fadd_32ns_32ns_32_4_full_dsp_1_U2066                       | 2    |        | sum2_311           | fadd      | fulldsp                | 3       |
|     fadd_32ns_32ns_32_4_full_dsp_1_U2067                       | 2    |        | sum2_312           | fadd      | fulldsp                | 3       |
|     fadd_32ns_32ns_32_4_full_dsp_1_U2068                       | 2    |        | sum2_313           | fadd      | fulldsp                | 3       |
|     fadd_32ns_32ns_32_4_full_dsp_1_U2069                       | 2    |        | sum2_314           | fadd      | fulldsp                | 3       |
|     fadd_32ns_32ns_32_4_full_dsp_1_U2070                       | 2    |        | sum2_315           | fadd      | fulldsp                | 3       |
|     fadd_32ns_32ns_32_4_full_dsp_1_U2071                       | 2    |        | sum2_316           | fadd      | fulldsp                | 3       |
|     fadd_32ns_32ns_32_4_full_dsp_1_U2041                       | 2    |        | sum3_150           | fadd      | fulldsp                | 3       |
|     fadd_32ns_32ns_32_4_full_dsp_1_U2042                       | 2    |        | sum3_151           | fadd      | fulldsp                | 3       |
|     fadd_32ns_32ns_32_4_full_dsp_1_U2043                       | 2    |        | sum3_152           | fadd      | fulldsp                | 3       |
|     fadd_32ns_32ns_32_4_full_dsp_1_U2029                       | 2    |        | sum4_70            | fadd      | fulldsp                | 3       |
|     fadd_32ns_32ns_32_4_full_dsp_1_U2227                       | 2    |        | sum1_193           | fadd      | fulldsp                | 3       |
|     fadd_32ns_32ns_32_4_full_dsp_1_U2228                       | 2    |        | sum1_194           | fadd      | fulldsp                | 3       |
|     fadd_32ns_32ns_32_4_full_dsp_1_U2229                       | 2    |        | sum1_195           | fadd      | fulldsp                | 3       |
|     fadd_32ns_32ns_32_4_full_dsp_1_U2230                       | 2    |        | sum1_196           | fadd      | fulldsp                | 3       |
|     fadd_32ns_32ns_32_4_full_dsp_1_U2231                       | 2    |        | sum1_197           | fadd      | fulldsp                | 3       |
|     fadd_32ns_32ns_32_4_full_dsp_1_U2232                       | 2    |        | sum1_198           | fadd      | fulldsp                | 3       |
|     fadd_32ns_32ns_32_4_full_dsp_1_U2233                       | 2    |        | sum1_199           | fadd      | fulldsp                | 3       |
|     fadd_32ns_32ns_32_4_full_dsp_1_U2234                       | 2    |        | sum1_200           | fadd      | fulldsp                | 3       |
|     fadd_32ns_32ns_32_4_full_dsp_1_U2235                       | 2    |        | sum1_201           | fadd      | fulldsp                | 3       |
|     fadd_32ns_32ns_32_4_full_dsp_1_U2236                       | 2    |        | sum1_202           | fadd      | fulldsp                | 3       |
|     fadd_32ns_32ns_32_4_full_dsp_1_U2237                       | 2    |        | sum1_203           | fadd      | fulldsp                | 3       |
|     fadd_32ns_32ns_32_4_full_dsp_1_U2238                       | 2    |        | sum1_204           | fadd      | fulldsp                | 3       |
|     fadd_32ns_32ns_32_4_full_dsp_1_U2239                       | 2    |        | sum1_205           | fadd      | fulldsp                | 3       |
|     fadd_32ns_32ns_32_4_full_dsp_1_U2240                       | 2    |        | sum1_206           | fadd      | fulldsp                | 3       |
|     fadd_32ns_32ns_32_4_full_dsp_1_U2125                       | 2    |        | sum2_317           | fadd      | fulldsp                | 3       |
|     fadd_32ns_32ns_32_4_full_dsp_1_U2126                       | 2    |        | sum2_318           | fadd      | fulldsp                | 3       |
|     fadd_32ns_32ns_32_4_full_dsp_1_U2127                       | 2    |        | sum2_319           | fadd      | fulldsp                | 3       |
|     fadd_32ns_32ns_32_4_full_dsp_1_U2128                       | 2    |        | sum2_320           | fadd      | fulldsp                | 3       |
|     fadd_32ns_32ns_32_4_full_dsp_1_U2129                       | 2    |        | sum2_321           | fadd      | fulldsp                | 3       |
|     fadd_32ns_32ns_32_4_full_dsp_1_U2130                       | 2    |        | sum2_322           | fadd      | fulldsp                | 3       |
|     fadd_32ns_32ns_32_4_full_dsp_1_U2131                       | 2    |        | sum2_323           | fadd      | fulldsp                | 3       |
|     fadd_32ns_32ns_32_4_full_dsp_1_U2071                       | 2    |        | sum3_153           | fadd      | fulldsp                | 3       |
|     fadd_32ns_32ns_32_4_full_dsp_1_U2072                       | 2    |        | sum3_154           | fadd      | fulldsp                | 3       |
|     fadd_32ns_32ns_32_4_full_dsp_1_U2073                       | 2    |        | sum3_155           | fadd      | fulldsp                | 3       |
|     fadd_32ns_32ns_32_4_full_dsp_1_U2044                       | 2    |        | sum4_71            | fadd      | fulldsp                | 3       |
|     fmul_32ns_32ns_32_3_max_dsp_1_U2571                        | 3    |        | res1_645           | fmul      | maxdsp                 | 2       |
|     fmul_32ns_32ns_32_3_max_dsp_1_U2572                        | 3    |        | res1_646           | fmul      | maxdsp                 | 2       |
|     fmul_32ns_32ns_32_3_max_dsp_1_U2573                        | 3    |        | res1_647           | fmul      | maxdsp                 | 2       |
|     fmul_32ns_32ns_32_3_max_dsp_1_U2574                        | 3    |        | res1_648           | fmul      | maxdsp                 | 2       |
|     fmul_32ns_32ns_32_3_max_dsp_1_U2575                        | 3    |        | res1_649           | fmul      | maxdsp                 | 2       |
|     fmul_32ns_32ns_32_3_max_dsp_1_U2576                        | 3    |        | res1_650           | fmul      | maxdsp                 | 2       |
|     fmul_32ns_32ns_32_3_max_dsp_1_U2577                        | 3    |        | res1_651           | fmul      | maxdsp                 | 2       |
|     fmul_32ns_32ns_32_3_max_dsp_1_U2578                        | 3    |        | res1_652           | fmul      | maxdsp                 | 2       |
|     fmul_32ns_32ns_32_3_max_dsp_1_U2579                        | 3    |        | res1_653           | fmul      | maxdsp                 | 2       |
|     fmul_32ns_32ns_32_3_max_dsp_1_U2580                        | 3    |        | res1_654           | fmul      | maxdsp                 | 2       |
|     fmul_32ns_32ns_32_3_max_dsp_1_U2581                        | 3    |        | res1_655           | fmul      | maxdsp                 | 2       |
|     fmul_32ns_32ns_32_3_max_dsp_1_U2582                        | 3    |        | res1_656           | fmul      | maxdsp                 | 2       |
|     fmul_32ns_32ns_32_3_max_dsp_1_U2583                        | 3    |        | res1_657           | fmul      | maxdsp                 | 2       |
|     fmul_32ns_32ns_32_3_max_dsp_1_U2584                        | 3    |        | res1_658           | fmul      | maxdsp                 | 2       |
|     fmul_32ns_32ns_32_3_max_dsp_1_U2585                        | 3    |        | res1_659           | fmul      | maxdsp                 | 2       |
|     fmul_32ns_32ns_32_3_max_dsp_1_U2586                        | 3    |        | res1_660           | fmul      | maxdsp                 | 2       |
|     fmul_32ns_32ns_32_3_max_dsp_1_U2587                        | 3    |        | res1_661           | fmul      | maxdsp                 | 2       |
|     fmul_32ns_32ns_32_3_max_dsp_1_U2588                        | 3    |        | res1_662           | fmul      | maxdsp                 | 2       |
|     fmul_32ns_32ns_32_3_max_dsp_1_U2589                        | 3    |        | res1_663           | fmul      | maxdsp                 | 2       |
|     fmul_32ns_32ns_32_3_max_dsp_1_U2590                        | 3    |        | res1_664           | fmul      | maxdsp                 | 2       |
|     fmul_32ns_32ns_32_3_max_dsp_1_U2591                        | 3    |        | res1_665           | fmul      | maxdsp                 | 2       |
|     fmul_32ns_32ns_32_3_max_dsp_1_U2592                        | 3    |        | res1_666           | fmul      | maxdsp                 | 2       |
|     fmul_32ns_32ns_32_3_max_dsp_1_U2593                        | 3    |        | res1_667           | fmul      | maxdsp                 | 2       |
|     fmul_32ns_32ns_32_3_max_dsp_1_U2594                        | 3    |        | res1_668           | fmul      | maxdsp                 | 2       |
|     fmul_32ns_32ns_32_3_max_dsp_1_U2595                        | 3    |        | res1_669           | fmul      | maxdsp                 | 2       |
|     fmul_32ns_32ns_32_3_max_dsp_1_U2596                        | 3    |        | res1_670           | fmul      | maxdsp                 | 2       |
|     fmul_32ns_32ns_32_3_max_dsp_1_U2597                        | 3    |        | res1_671           | fmul      | maxdsp                 | 2       |
|     fmul_32ns_32ns_32_3_max_dsp_1_U2598                        | 3    |        | res1_672           | fmul      | maxdsp                 | 2       |
|     fmul_32ns_32ns_32_3_max_dsp_1_U2599                        | 3    |        | res1_673           | fmul      | maxdsp                 | 2       |
|     fmul_32ns_32ns_32_3_max_dsp_1_U2374                        | 3    |        | res1_936           | fmul      | maxdsp                 | 2       |
|     fadd_32ns_32ns_32_4_full_dsp_1_U2121                       | 2    |        | sum1_207           | fadd      | fulldsp                | 3       |
|     fadd_32ns_32ns_32_4_full_dsp_1_U2122                       | 2    |        | sum1_208           | fadd      | fulldsp                | 3       |
|     fadd_32ns_32ns_32_4_full_dsp_1_U2123                       | 2    |        | sum1_209           | fadd      | fulldsp                | 3       |
|     fadd_32ns_32ns_32_4_full_dsp_1_U2124                       | 2    |        | sum1_210           | fadd      | fulldsp                | 3       |
|     fadd_32ns_32ns_32_4_full_dsp_1_U2125                       | 2    |        | sum1_211           | fadd      | fulldsp                | 3       |
|     fadd_32ns_32ns_32_4_full_dsp_1_U2126                       | 2    |        | sum1_212           | fadd      | fulldsp                | 3       |
|     fadd_32ns_32ns_32_4_full_dsp_1_U2127                       | 2    |        | sum1_213           | fadd      | fulldsp                | 3       |
|     fadd_32ns_32ns_32_4_full_dsp_1_U2128                       | 2    |        | sum1_214           | fadd      | fulldsp                | 3       |
|     fadd_32ns_32ns_32_4_full_dsp_1_U2129                       | 2    |        | sum1_215           | fadd      | fulldsp                | 3       |
|     fadd_32ns_32ns_32_4_full_dsp_1_U2130                       | 2    |        | sum1_216           | fadd      | fulldsp                | 3       |
|     fadd_32ns_32ns_32_4_full_dsp_1_U2131                       | 2    |        | sum1_217           | fadd      | fulldsp                | 3       |
|     fadd_32ns_32ns_32_4_full_dsp_1_U2132                       | 2    |        | sum1_218           | fadd      | fulldsp                | 3       |
|     fadd_32ns_32ns_32_4_full_dsp_1_U2133                       | 2    |        | sum1_219           | fadd      | fulldsp                | 3       |
|     fadd_32ns_32ns_32_4_full_dsp_1_U2134                       | 2    |        | sum1_220           | fadd      | fulldsp                | 3       |
|     fadd_32ns_32ns_32_4_full_dsp_1_U2072                       | 2    |        | sum2_324           | fadd      | fulldsp                | 3       |
|     fadd_32ns_32ns_32_4_full_dsp_1_U2073                       | 2    |        | sum2_325           | fadd      | fulldsp                | 3       |
|     fadd_32ns_32ns_32_4_full_dsp_1_U2074                       | 2    |        | sum2_326           | fadd      | fulldsp                | 3       |
|     fadd_32ns_32ns_32_4_full_dsp_1_U2075                       | 2    |        | sum2_327           | fadd      | fulldsp                | 3       |
|     fadd_32ns_32ns_32_4_full_dsp_1_U2076                       | 2    |        | sum2_328           | fadd      | fulldsp                | 3       |
|     fadd_32ns_32ns_32_4_full_dsp_1_U2077                       | 2    |        | sum2_329           | fadd      | fulldsp                | 3       |
|     fadd_32ns_32ns_32_4_full_dsp_1_U2078                       | 2    |        | sum2_330           | fadd      | fulldsp                | 3       |
|     fadd_32ns_32ns_32_4_full_dsp_1_U2044                       | 2    |        | sum3_156           | fadd      | fulldsp                | 3       |
|     fadd_32ns_32ns_32_4_full_dsp_1_U2045                       | 2    |        | sum3_157           | fadd      | fulldsp                | 3       |
|     fadd_32ns_32ns_32_4_full_dsp_1_U2046                       | 2    |        | sum3_158           | fadd      | fulldsp                | 3       |
|     fadd_32ns_32ns_32_4_full_dsp_1_U2030                       | 2    |        | sum4_72            | fadd      | fulldsp                | 3       |
|     fadd_32ns_32ns_32_4_full_dsp_1_U2241                       | 2    |        | sum1_221           | fadd      | fulldsp                | 3       |
|     fadd_32ns_32ns_32_4_full_dsp_1_U2242                       | 2    |        | sum1_222           | fadd      | fulldsp                | 3       |
|     fadd_32ns_32ns_32_4_full_dsp_1_U2243                       | 2    |        | sum1_223           | fadd      | fulldsp                | 3       |
|     fadd_32ns_32ns_32_4_full_dsp_1_U2244                       | 2    |        | sum1_224           | fadd      | fulldsp                | 3       |
|     fadd_32ns_32ns_32_4_full_dsp_1_U2245                       | 2    |        | sum1_225           | fadd      | fulldsp                | 3       |
|     fadd_32ns_32ns_32_4_full_dsp_1_U2246                       | 2    |        | sum1_226           | fadd      | fulldsp                | 3       |
|     fadd_32ns_32ns_32_4_full_dsp_1_U2247                       | 2    |        | sum1_227           | fadd      | fulldsp                | 3       |
|     fadd_32ns_32ns_32_4_full_dsp_1_U2248                       | 2    |        | sum1_228           | fadd      | fulldsp                | 3       |
|     fadd_32ns_32ns_32_4_full_dsp_1_U2249                       | 2    |        | sum1_229           | fadd      | fulldsp                | 3       |
|     fadd_32ns_32ns_32_4_full_dsp_1_U2250                       | 2    |        | sum1_230           | fadd      | fulldsp                | 3       |
|     fadd_32ns_32ns_32_4_full_dsp_1_U2251                       | 2    |        | sum1_231           | fadd      | fulldsp                | 3       |
|     fadd_32ns_32ns_32_4_full_dsp_1_U2252                       | 2    |        | sum1_232           | fadd      | fulldsp                | 3       |
|     fadd_32ns_32ns_32_4_full_dsp_1_U2253                       | 2    |        | sum1_233           | fadd      | fulldsp                | 3       |
|     fadd_32ns_32ns_32_4_full_dsp_1_U2254                       | 2    |        | sum1_234           | fadd      | fulldsp                | 3       |
|     fadd_32ns_32ns_32_4_full_dsp_1_U2132                       | 2    |        | sum2_331           | fadd      | fulldsp                | 3       |
|     fadd_32ns_32ns_32_4_full_dsp_1_U2133                       | 2    |        | sum2_332           | fadd      | fulldsp                | 3       |
|     fadd_32ns_32ns_32_4_full_dsp_1_U2134                       | 2    |        | sum2_333           | fadd      | fulldsp                | 3       |
|     fadd_32ns_32ns_32_4_full_dsp_1_U2135                       | 2    |        | sum2_334           | fadd      | fulldsp                | 3       |
|     fadd_32ns_32ns_32_4_full_dsp_1_U2136                       | 2    |        | sum2_335           | fadd      | fulldsp                | 3       |
|     fadd_32ns_32ns_32_4_full_dsp_1_U2137                       | 2    |        | sum2_336           | fadd      | fulldsp                | 3       |
|     fadd_32ns_32ns_32_4_full_dsp_1_U2138                       | 2    |        | sum2_337           | fadd      | fulldsp                | 3       |
|     fadd_32ns_32ns_32_4_full_dsp_1_U2074                       | 2    |        | sum3_159           | fadd      | fulldsp                | 3       |
|     fadd_32ns_32ns_32_4_full_dsp_1_U2075                       | 2    |        | sum3_160           | fadd      | fulldsp                | 3       |
|     fadd_32ns_32ns_32_4_full_dsp_1_U2076                       | 2    |        | sum3_161           | fadd      | fulldsp                | 3       |
|     fadd_32ns_32ns_32_4_full_dsp_1_U2045                       | 2    |        | sum4_73            | fadd      | fulldsp                | 3       |
|     fmul_32ns_32ns_32_3_max_dsp_1_U2600                        | 3    |        | res1_675           | fmul      | maxdsp                 | 2       |
|     fmul_32ns_32ns_32_3_max_dsp_1_U2601                        | 3    |        | res1_676           | fmul      | maxdsp                 | 2       |
|     fmul_32ns_32ns_32_3_max_dsp_1_U2602                        | 3    |        | res1_677           | fmul      | maxdsp                 | 2       |
|     fmul_32ns_32ns_32_3_max_dsp_1_U2603                        | 3    |        | res1_678           | fmul      | maxdsp                 | 2       |
|     fmul_32ns_32ns_32_3_max_dsp_1_U2604                        | 3    |        | res1_679           | fmul      | maxdsp                 | 2       |
|     fmul_32ns_32ns_32_3_max_dsp_1_U2605                        | 3    |        | res1_680           | fmul      | maxdsp                 | 2       |
|     fmul_32ns_32ns_32_3_max_dsp_1_U2606                        | 3    |        | res1_681           | fmul      | maxdsp                 | 2       |
|     fmul_32ns_32ns_32_3_max_dsp_1_U2607                        | 3    |        | res1_682           | fmul      | maxdsp                 | 2       |
|     fmul_32ns_32ns_32_3_max_dsp_1_U2608                        | 3    |        | res1_683           | fmul      | maxdsp                 | 2       |
|     fmul_32ns_32ns_32_3_max_dsp_1_U2609                        | 3    |        | res1_684           | fmul      | maxdsp                 | 2       |
|     fmul_32ns_32ns_32_3_max_dsp_1_U2610                        | 3    |        | res1_685           | fmul      | maxdsp                 | 2       |
|     fmul_32ns_32ns_32_3_max_dsp_1_U2611                        | 3    |        | res1_686           | fmul      | maxdsp                 | 2       |
|     fmul_32ns_32ns_32_3_max_dsp_1_U2612                        | 3    |        | res1_687           | fmul      | maxdsp                 | 2       |
|     fmul_32ns_32ns_32_3_max_dsp_1_U2613                        | 3    |        | res1_688           | fmul      | maxdsp                 | 2       |
|     fmul_32ns_32ns_32_3_max_dsp_1_U2614                        | 3    |        | res1_689           | fmul      | maxdsp                 | 2       |
|     fmul_32ns_32ns_32_3_max_dsp_1_U2615                        | 3    |        | res1_690           | fmul      | maxdsp                 | 2       |
|     fmul_32ns_32ns_32_3_max_dsp_1_U2616                        | 3    |        | res1_691           | fmul      | maxdsp                 | 2       |
|     fmul_32ns_32ns_32_3_max_dsp_1_U2617                        | 3    |        | res1_692           | fmul      | maxdsp                 | 2       |
|     fmul_32ns_32ns_32_3_max_dsp_1_U2618                        | 3    |        | res1_693           | fmul      | maxdsp                 | 2       |
|     fmul_32ns_32ns_32_3_max_dsp_1_U2619                        | 3    |        | res1_694           | fmul      | maxdsp                 | 2       |
|     fmul_32ns_32ns_32_3_max_dsp_1_U2620                        | 3    |        | res1_695           | fmul      | maxdsp                 | 2       |
|     fmul_32ns_32ns_32_3_max_dsp_1_U2621                        | 3    |        | res1_696           | fmul      | maxdsp                 | 2       |
|     fmul_32ns_32ns_32_3_max_dsp_1_U2622                        | 3    |        | res1_697           | fmul      | maxdsp                 | 2       |
|     fmul_32ns_32ns_32_3_max_dsp_1_U2623                        | 3    |        | res1_698           | fmul      | maxdsp                 | 2       |
|     fmul_32ns_32ns_32_3_max_dsp_1_U2624                        | 3    |        | res1_699           | fmul      | maxdsp                 | 2       |
|     fmul_32ns_32ns_32_3_max_dsp_1_U2625                        | 3    |        | res1_700           | fmul      | maxdsp                 | 2       |
|     fmul_32ns_32ns_32_3_max_dsp_1_U2626                        | 3    |        | res1_701           | fmul      | maxdsp                 | 2       |
|     fmul_32ns_32ns_32_3_max_dsp_1_U2627                        | 3    |        | res1_702           | fmul      | maxdsp                 | 2       |
|     fmul_32ns_32ns_32_3_max_dsp_1_U2628                        | 3    |        | res1_703           | fmul      | maxdsp                 | 2       |
|     fmul_32ns_32ns_32_3_max_dsp_1_U2375                        | 3    |        | res1_937           | fmul      | maxdsp                 | 2       |
|     fadd_32ns_32ns_32_4_full_dsp_1_U2135                       | 2    |        | sum1_235           | fadd      | fulldsp                | 3       |
|     fadd_32ns_32ns_32_4_full_dsp_1_U2136                       | 2    |        | sum1_236           | fadd      | fulldsp                | 3       |
|     fadd_32ns_32ns_32_4_full_dsp_1_U2137                       | 2    |        | sum1_237           | fadd      | fulldsp                | 3       |
|     fadd_32ns_32ns_32_4_full_dsp_1_U2138                       | 2    |        | sum1_238           | fadd      | fulldsp                | 3       |
|     fadd_32ns_32ns_32_4_full_dsp_1_U2139                       | 2    |        | sum1_239           | fadd      | fulldsp                | 3       |
|     fadd_32ns_32ns_32_4_full_dsp_1_U2140                       | 2    |        | sum1_240           | fadd      | fulldsp                | 3       |
|     fadd_32ns_32ns_32_4_full_dsp_1_U2141                       | 2    |        | sum1_241           | fadd      | fulldsp                | 3       |
|     fadd_32ns_32ns_32_4_full_dsp_1_U2142                       | 2    |        | sum1_242           | fadd      | fulldsp                | 3       |
|     fadd_32ns_32ns_32_4_full_dsp_1_U2143                       | 2    |        | sum1_243           | fadd      | fulldsp                | 3       |
|     fadd_32ns_32ns_32_4_full_dsp_1_U2144                       | 2    |        | sum1_244           | fadd      | fulldsp                | 3       |
|     fadd_32ns_32ns_32_4_full_dsp_1_U2145                       | 2    |        | sum1_245           | fadd      | fulldsp                | 3       |
|     fadd_32ns_32ns_32_4_full_dsp_1_U2146                       | 2    |        | sum1_246           | fadd      | fulldsp                | 3       |
|     fadd_32ns_32ns_32_4_full_dsp_1_U2147                       | 2    |        | sum1_247           | fadd      | fulldsp                | 3       |
|     fadd_32ns_32ns_32_4_full_dsp_1_U2148                       | 2    |        | sum1_248           | fadd      | fulldsp                | 3       |
|     fadd_32ns_32ns_32_4_full_dsp_1_U2079                       | 2    |        | sum2_338           | fadd      | fulldsp                | 3       |
|     fadd_32ns_32ns_32_4_full_dsp_1_U2080                       | 2    |        | sum2_339           | fadd      | fulldsp                | 3       |
|     fadd_32ns_32ns_32_4_full_dsp_1_U2081                       | 2    |        | sum2_340           | fadd      | fulldsp                | 3       |
|     fadd_32ns_32ns_32_4_full_dsp_1_U2082                       | 2    |        | sum2_341           | fadd      | fulldsp                | 3       |
|     fadd_32ns_32ns_32_4_full_dsp_1_U2083                       | 2    |        | sum2_342           | fadd      | fulldsp                | 3       |
|     fadd_32ns_32ns_32_4_full_dsp_1_U2084                       | 2    |        | sum2_343           | fadd      | fulldsp                | 3       |
|     fadd_32ns_32ns_32_4_full_dsp_1_U2085                       | 2    |        | sum2_344           | fadd      | fulldsp                | 3       |
|     fadd_32ns_32ns_32_4_full_dsp_1_U2047                       | 2    |        | sum3_162           | fadd      | fulldsp                | 3       |
|     fadd_32ns_32ns_32_4_full_dsp_1_U2048                       | 2    |        | sum3_163           | fadd      | fulldsp                | 3       |
|     fadd_32ns_32ns_32_4_full_dsp_1_U2049                       | 2    |        | sum3_164           | fadd      | fulldsp                | 3       |
|     fadd_32ns_32ns_32_4_full_dsp_1_U2031                       | 2    |        | sum4_74            | fadd      | fulldsp                | 3       |
|     fadd_32ns_32ns_32_4_full_dsp_1_U2255                       | 2    |        | sum1_249           | fadd      | fulldsp                | 3       |
|     fadd_32ns_32ns_32_4_full_dsp_1_U2256                       | 2    |        | sum1_250           | fadd      | fulldsp                | 3       |
|     fadd_32ns_32ns_32_4_full_dsp_1_U2257                       | 2    |        | sum1_251           | fadd      | fulldsp                | 3       |
|     fadd_32ns_32ns_32_4_full_dsp_1_U2258                       | 2    |        | sum1_252           | fadd      | fulldsp                | 3       |
|     fadd_32ns_32ns_32_4_full_dsp_1_U2259                       | 2    |        | sum1_253           | fadd      | fulldsp                | 3       |
|     fadd_32ns_32ns_32_4_full_dsp_1_U2260                       | 2    |        | sum1_254           | fadd      | fulldsp                | 3       |
|     fadd_32ns_32ns_32_4_full_dsp_1_U2261                       | 2    |        | sum1_255           | fadd      | fulldsp                | 3       |
|     fadd_32ns_32ns_32_4_full_dsp_1_U2262                       | 2    |        | sum1_256           | fadd      | fulldsp                | 3       |
|     fadd_32ns_32ns_32_4_full_dsp_1_U2263                       | 2    |        | sum1_257           | fadd      | fulldsp                | 3       |
|     fadd_32ns_32ns_32_4_full_dsp_1_U2264                       | 2    |        | sum1_258           | fadd      | fulldsp                | 3       |
|     fadd_32ns_32ns_32_4_full_dsp_1_U2265                       | 2    |        | sum1_259           | fadd      | fulldsp                | 3       |
|     fadd_32ns_32ns_32_4_full_dsp_1_U2266                       | 2    |        | sum1_260           | fadd      | fulldsp                | 3       |
|     fadd_32ns_32ns_32_4_full_dsp_1_U2267                       | 2    |        | sum1_261           | fadd      | fulldsp                | 3       |
|     fadd_32ns_32ns_32_4_full_dsp_1_U2268                       | 2    |        | sum1_262           | fadd      | fulldsp                | 3       |
|     fadd_32ns_32ns_32_4_full_dsp_1_U2139                       | 2    |        | sum2_345           | fadd      | fulldsp                | 3       |
|     fadd_32ns_32ns_32_4_full_dsp_1_U2140                       | 2    |        | sum2_346           | fadd      | fulldsp                | 3       |
|     fadd_32ns_32ns_32_4_full_dsp_1_U2141                       | 2    |        | sum2_347           | fadd      | fulldsp                | 3       |
|     fadd_32ns_32ns_32_4_full_dsp_1_U2142                       | 2    |        | sum2_348           | fadd      | fulldsp                | 3       |
|     fadd_32ns_32ns_32_4_full_dsp_1_U2143                       | 2    |        | sum2_349           | fadd      | fulldsp                | 3       |
|     fadd_32ns_32ns_32_4_full_dsp_1_U2144                       | 2    |        | sum2_350           | fadd      | fulldsp                | 3       |
|     fadd_32ns_32ns_32_4_full_dsp_1_U2145                       | 2    |        | sum2_351           | fadd      | fulldsp                | 3       |
|     fadd_32ns_32ns_32_4_full_dsp_1_U2077                       | 2    |        | sum3_165           | fadd      | fulldsp                | 3       |
|     fadd_32ns_32ns_32_4_full_dsp_1_U2078                       | 2    |        | sum3_166           | fadd      | fulldsp                | 3       |
|     fadd_32ns_32ns_32_4_full_dsp_1_U2079                       | 2    |        | sum3_167           | fadd      | fulldsp                | 3       |
|     fadd_32ns_32ns_32_4_full_dsp_1_U2046                       | 2    |        | sum4_75            | fadd      | fulldsp                | 3       |
|     fmul_32ns_32ns_32_3_max_dsp_1_U2629                        | 3    |        | res1_705           | fmul      | maxdsp                 | 2       |
|     fmul_32ns_32ns_32_3_max_dsp_1_U2630                        | 3    |        | res1_706           | fmul      | maxdsp                 | 2       |
|     fmul_32ns_32ns_32_3_max_dsp_1_U2631                        | 3    |        | res1_707           | fmul      | maxdsp                 | 2       |
|     fmul_32ns_32ns_32_3_max_dsp_1_U2632                        | 3    |        | res1_708           | fmul      | maxdsp                 | 2       |
|     fmul_32ns_32ns_32_3_max_dsp_1_U2633                        | 3    |        | res1_709           | fmul      | maxdsp                 | 2       |
|     fmul_32ns_32ns_32_3_max_dsp_1_U2634                        | 3    |        | res1_710           | fmul      | maxdsp                 | 2       |
|     fmul_32ns_32ns_32_3_max_dsp_1_U2635                        | 3    |        | res1_711           | fmul      | maxdsp                 | 2       |
|     fmul_32ns_32ns_32_3_max_dsp_1_U2636                        | 3    |        | res1_712           | fmul      | maxdsp                 | 2       |
|     fmul_32ns_32ns_32_3_max_dsp_1_U2637                        | 3    |        | res1_713           | fmul      | maxdsp                 | 2       |
|     fmul_32ns_32ns_32_3_max_dsp_1_U2638                        | 3    |        | res1_714           | fmul      | maxdsp                 | 2       |
|     fmul_32ns_32ns_32_3_max_dsp_1_U2639                        | 3    |        | res1_715           | fmul      | maxdsp                 | 2       |
|     fmul_32ns_32ns_32_3_max_dsp_1_U2640                        | 3    |        | res1_716           | fmul      | maxdsp                 | 2       |
|     fmul_32ns_32ns_32_3_max_dsp_1_U2641                        | 3    |        | res1_717           | fmul      | maxdsp                 | 2       |
|     fmul_32ns_32ns_32_3_max_dsp_1_U2642                        | 3    |        | res1_718           | fmul      | maxdsp                 | 2       |
|     fmul_32ns_32ns_32_3_max_dsp_1_U2643                        | 3    |        | res1_719           | fmul      | maxdsp                 | 2       |
|     fmul_32ns_32ns_32_3_max_dsp_1_U2644                        | 3    |        | res1_720           | fmul      | maxdsp                 | 2       |
|     fmul_32ns_32ns_32_3_max_dsp_1_U2645                        | 3    |        | res1_721           | fmul      | maxdsp                 | 2       |
|     fmul_32ns_32ns_32_3_max_dsp_1_U2646                        | 3    |        | res1_722           | fmul      | maxdsp                 | 2       |
|     fmul_32ns_32ns_32_3_max_dsp_1_U2647                        | 3    |        | res1_723           | fmul      | maxdsp                 | 2       |
|     fmul_32ns_32ns_32_3_max_dsp_1_U2648                        | 3    |        | res1_724           | fmul      | maxdsp                 | 2       |
|     fmul_32ns_32ns_32_3_max_dsp_1_U2649                        | 3    |        | res1_725           | fmul      | maxdsp                 | 2       |
|     fmul_32ns_32ns_32_3_max_dsp_1_U2650                        | 3    |        | res1_726           | fmul      | maxdsp                 | 2       |
|     fmul_32ns_32ns_32_3_max_dsp_1_U2651                        | 3    |        | res1_727           | fmul      | maxdsp                 | 2       |
|     fmul_32ns_32ns_32_3_max_dsp_1_U2652                        | 3    |        | res1_728           | fmul      | maxdsp                 | 2       |
|     fmul_32ns_32ns_32_3_max_dsp_1_U2653                        | 3    |        | res1_729           | fmul      | maxdsp                 | 2       |
|     fmul_32ns_32ns_32_3_max_dsp_1_U2654                        | 3    |        | res1_730           | fmul      | maxdsp                 | 2       |
|     fmul_32ns_32ns_32_3_max_dsp_1_U2655                        | 3    |        | res1_731           | fmul      | maxdsp                 | 2       |
|     fmul_32ns_32ns_32_3_max_dsp_1_U2656                        | 3    |        | res1_732           | fmul      | maxdsp                 | 2       |
|     fmul_32ns_32ns_32_3_max_dsp_1_U2657                        | 3    |        | res1_733           | fmul      | maxdsp                 | 2       |
|     fmul_32ns_32ns_32_3_max_dsp_1_U2376                        | 3    |        | res1_938           | fmul      | maxdsp                 | 2       |
|     fadd_32ns_32ns_32_4_full_dsp_1_U2149                       | 2    |        | sum1_263           | fadd      | fulldsp                | 3       |
|     fadd_32ns_32ns_32_4_full_dsp_1_U2150                       | 2    |        | sum1_264           | fadd      | fulldsp                | 3       |
|     fadd_32ns_32ns_32_4_full_dsp_1_U2151                       | 2    |        | sum1_265           | fadd      | fulldsp                | 3       |
|     fadd_32ns_32ns_32_4_full_dsp_1_U2152                       | 2    |        | sum1_266           | fadd      | fulldsp                | 3       |
|     fadd_32ns_32ns_32_4_full_dsp_1_U2153                       | 2    |        | sum1_267           | fadd      | fulldsp                | 3       |
|     fadd_32ns_32ns_32_4_full_dsp_1_U2154                       | 2    |        | sum1_268           | fadd      | fulldsp                | 3       |
|     fadd_32ns_32ns_32_4_full_dsp_1_U2155                       | 2    |        | sum1_269           | fadd      | fulldsp                | 3       |
|     fadd_32ns_32ns_32_4_full_dsp_1_U2156                       | 2    |        | sum1_270           | fadd      | fulldsp                | 3       |
|     fadd_32ns_32ns_32_4_full_dsp_1_U2157                       | 2    |        | sum1_271           | fadd      | fulldsp                | 3       |
|     fadd_32ns_32ns_32_4_full_dsp_1_U2158                       | 2    |        | sum1_272           | fadd      | fulldsp                | 3       |
|     fadd_32ns_32ns_32_4_full_dsp_1_U2159                       | 2    |        | sum1_273           | fadd      | fulldsp                | 3       |
|     fadd_32ns_32ns_32_4_full_dsp_1_U2160                       | 2    |        | sum1_274           | fadd      | fulldsp                | 3       |
|     fadd_32ns_32ns_32_4_full_dsp_1_U2161                       | 2    |        | sum1_275           | fadd      | fulldsp                | 3       |
|     fadd_32ns_32ns_32_4_full_dsp_1_U2162                       | 2    |        | sum1_276           | fadd      | fulldsp                | 3       |
|     fadd_32ns_32ns_32_4_full_dsp_1_U2086                       | 2    |        | sum2_352           | fadd      | fulldsp                | 3       |
|     fadd_32ns_32ns_32_4_full_dsp_1_U2087                       | 2    |        | sum2_353           | fadd      | fulldsp                | 3       |
|     fadd_32ns_32ns_32_4_full_dsp_1_U2088                       | 2    |        | sum2_354           | fadd      | fulldsp                | 3       |
|     fadd_32ns_32ns_32_4_full_dsp_1_U2089                       | 2    |        | sum2_355           | fadd      | fulldsp                | 3       |
|     fadd_32ns_32ns_32_4_full_dsp_1_U2090                       | 2    |        | sum2_356           | fadd      | fulldsp                | 3       |
|     fadd_32ns_32ns_32_4_full_dsp_1_U2091                       | 2    |        | sum2_357           | fadd      | fulldsp                | 3       |
|     fadd_32ns_32ns_32_4_full_dsp_1_U2092                       | 2    |        | sum2_358           | fadd      | fulldsp                | 3       |
|     fadd_32ns_32ns_32_4_full_dsp_1_U2050                       | 2    |        | sum3_168           | fadd      | fulldsp                | 3       |
|     fadd_32ns_32ns_32_4_full_dsp_1_U2051                       | 2    |        | sum3_169           | fadd      | fulldsp                | 3       |
|     fadd_32ns_32ns_32_4_full_dsp_1_U2052                       | 2    |        | sum3_170           | fadd      | fulldsp                | 3       |
|     fadd_32ns_32ns_32_4_full_dsp_1_U2032                       | 2    |        | sum4_76            | fadd      | fulldsp                | 3       |
|     fadd_32ns_32ns_32_4_full_dsp_1_U2269                       | 2    |        | sum1_277           | fadd      | fulldsp                | 3       |
|     fadd_32ns_32ns_32_4_full_dsp_1_U2270                       | 2    |        | sum1_278           | fadd      | fulldsp                | 3       |
|     fadd_32ns_32ns_32_4_full_dsp_1_U2271                       | 2    |        | sum1_279           | fadd      | fulldsp                | 3       |
|     fadd_32ns_32ns_32_4_full_dsp_1_U2272                       | 2    |        | sum1_280           | fadd      | fulldsp                | 3       |
|     fadd_32ns_32ns_32_4_full_dsp_1_U2273                       | 2    |        | sum1_281           | fadd      | fulldsp                | 3       |
|     fadd_32ns_32ns_32_4_full_dsp_1_U2274                       | 2    |        | sum1_282           | fadd      | fulldsp                | 3       |
|     fadd_32ns_32ns_32_4_full_dsp_1_U2275                       | 2    |        | sum1_283           | fadd      | fulldsp                | 3       |
|     fadd_32ns_32ns_32_4_full_dsp_1_U2276                       | 2    |        | sum1_284           | fadd      | fulldsp                | 3       |
|     fadd_32ns_32ns_32_4_full_dsp_1_U2277                       | 2    |        | sum1_285           | fadd      | fulldsp                | 3       |
|     fadd_32ns_32ns_32_4_full_dsp_1_U2278                       | 2    |        | sum1_286           | fadd      | fulldsp                | 3       |
|     fadd_32ns_32ns_32_4_full_dsp_1_U2279                       | 2    |        | sum1_287           | fadd      | fulldsp                | 3       |
|     fadd_32ns_32ns_32_4_full_dsp_1_U2280                       | 2    |        | sum1_288           | fadd      | fulldsp                | 3       |
|     fadd_32ns_32ns_32_4_full_dsp_1_U2281                       | 2    |        | sum1_289           | fadd      | fulldsp                | 3       |
|     fadd_32ns_32ns_32_4_full_dsp_1_U2282                       | 2    |        | sum1_290           | fadd      | fulldsp                | 3       |
|     fadd_32ns_32ns_32_4_full_dsp_1_U2146                       | 2    |        | sum2_359           | fadd      | fulldsp                | 3       |
|     fadd_32ns_32ns_32_4_full_dsp_1_U2147                       | 2    |        | sum2_360           | fadd      | fulldsp                | 3       |
|     fadd_32ns_32ns_32_4_full_dsp_1_U2148                       | 2    |        | sum2_361           | fadd      | fulldsp                | 3       |
|     fadd_32ns_32ns_32_4_full_dsp_1_U2149                       | 2    |        | sum2_362           | fadd      | fulldsp                | 3       |
|     fadd_32ns_32ns_32_4_full_dsp_1_U2150                       | 2    |        | sum2_363           | fadd      | fulldsp                | 3       |
|     fadd_32ns_32ns_32_4_full_dsp_1_U2151                       | 2    |        | sum2_364           | fadd      | fulldsp                | 3       |
|     fadd_32ns_32ns_32_4_full_dsp_1_U2152                       | 2    |        | sum2_365           | fadd      | fulldsp                | 3       |
|     fadd_32ns_32ns_32_4_full_dsp_1_U2080                       | 2    |        | sum3_171           | fadd      | fulldsp                | 3       |
|     fadd_32ns_32ns_32_4_full_dsp_1_U2081                       | 2    |        | sum3_172           | fadd      | fulldsp                | 3       |
|     fadd_32ns_32ns_32_4_full_dsp_1_U2082                       | 2    |        | sum3_173           | fadd      | fulldsp                | 3       |
|     fadd_32ns_32ns_32_4_full_dsp_1_U2047                       | 2    |        | sum4_77            | fadd      | fulldsp                | 3       |
|     fmul_32ns_32ns_32_3_max_dsp_1_U2658                        | 3    |        | res1_735           | fmul      | maxdsp                 | 2       |
|     fmul_32ns_32ns_32_3_max_dsp_1_U2659                        | 3    |        | res1_736           | fmul      | maxdsp                 | 2       |
|     fmul_32ns_32ns_32_3_max_dsp_1_U2660                        | 3    |        | res1_737           | fmul      | maxdsp                 | 2       |
|     fmul_32ns_32ns_32_3_max_dsp_1_U2661                        | 3    |        | res1_738           | fmul      | maxdsp                 | 2       |
|     fmul_32ns_32ns_32_3_max_dsp_1_U2662                        | 3    |        | res1_739           | fmul      | maxdsp                 | 2       |
|     fmul_32ns_32ns_32_3_max_dsp_1_U2663                        | 3    |        | res1_740           | fmul      | maxdsp                 | 2       |
|     fmul_32ns_32ns_32_3_max_dsp_1_U2664                        | 3    |        | res1_741           | fmul      | maxdsp                 | 2       |
|     fmul_32ns_32ns_32_3_max_dsp_1_U2665                        | 3    |        | res1_742           | fmul      | maxdsp                 | 2       |
|     fmul_32ns_32ns_32_3_max_dsp_1_U2666                        | 3    |        | res1_743           | fmul      | maxdsp                 | 2       |
|     fmul_32ns_32ns_32_3_max_dsp_1_U2667                        | 3    |        | res1_744           | fmul      | maxdsp                 | 2       |
|     fmul_32ns_32ns_32_3_max_dsp_1_U2668                        | 3    |        | res1_745           | fmul      | maxdsp                 | 2       |
|     fmul_32ns_32ns_32_3_max_dsp_1_U2669                        | 3    |        | res1_746           | fmul      | maxdsp                 | 2       |
|     fmul_32ns_32ns_32_3_max_dsp_1_U2670                        | 3    |        | res1_747           | fmul      | maxdsp                 | 2       |
|     fmul_32ns_32ns_32_3_max_dsp_1_U2671                        | 3    |        | res1_748           | fmul      | maxdsp                 | 2       |
|     fmul_32ns_32ns_32_3_max_dsp_1_U2672                        | 3    |        | res1_749           | fmul      | maxdsp                 | 2       |
|     fmul_32ns_32ns_32_3_max_dsp_1_U2673                        | 3    |        | res1_750           | fmul      | maxdsp                 | 2       |
|     fmul_32ns_32ns_32_3_max_dsp_1_U2674                        | 3    |        | res1_751           | fmul      | maxdsp                 | 2       |
|     fmul_32ns_32ns_32_3_max_dsp_1_U2675                        | 3    |        | res1_752           | fmul      | maxdsp                 | 2       |
|     fmul_32ns_32ns_32_3_max_dsp_1_U2676                        | 3    |        | res1_753           | fmul      | maxdsp                 | 2       |
|     fmul_32ns_32ns_32_3_max_dsp_1_U2677                        | 3    |        | res1_754           | fmul      | maxdsp                 | 2       |
|     fmul_32ns_32ns_32_3_max_dsp_1_U2678                        | 3    |        | res1_755           | fmul      | maxdsp                 | 2       |
|     fmul_32ns_32ns_32_3_max_dsp_1_U2679                        | 3    |        | res1_756           | fmul      | maxdsp                 | 2       |
|     fmul_32ns_32ns_32_3_max_dsp_1_U2680                        | 3    |        | res1_757           | fmul      | maxdsp                 | 2       |
|     fmul_32ns_32ns_32_3_max_dsp_1_U2681                        | 3    |        | res1_758           | fmul      | maxdsp                 | 2       |
|     fmul_32ns_32ns_32_3_max_dsp_1_U2682                        | 3    |        | res1_759           | fmul      | maxdsp                 | 2       |
|     fmul_32ns_32ns_32_3_max_dsp_1_U2683                        | 3    |        | res1_760           | fmul      | maxdsp                 | 2       |
|     fmul_32ns_32ns_32_3_max_dsp_1_U2684                        | 3    |        | res1_761           | fmul      | maxdsp                 | 2       |
|     fmul_32ns_32ns_32_3_max_dsp_1_U2685                        | 3    |        | res1_762           | fmul      | maxdsp                 | 2       |
|     fmul_32ns_32ns_32_3_max_dsp_1_U2686                        | 3    |        | res1_763           | fmul      | maxdsp                 | 2       |
|     fmul_32ns_32ns_32_3_max_dsp_1_U2377                        | 3    |        | res1_939           | fmul      | maxdsp                 | 2       |
|     fadd_32ns_32ns_32_4_full_dsp_1_U2163                       | 2    |        | sum1_291           | fadd      | fulldsp                | 3       |
|     fadd_32ns_32ns_32_4_full_dsp_1_U2164                       | 2    |        | sum1_292           | fadd      | fulldsp                | 3       |
|     fadd_32ns_32ns_32_4_full_dsp_1_U2165                       | 2    |        | sum1_293           | fadd      | fulldsp                | 3       |
|     fadd_32ns_32ns_32_4_full_dsp_1_U2166                       | 2    |        | sum1_294           | fadd      | fulldsp                | 3       |
|     fadd_32ns_32ns_32_4_full_dsp_1_U2167                       | 2    |        | sum1_295           | fadd      | fulldsp                | 3       |
|     fadd_32ns_32ns_32_4_full_dsp_1_U2168                       | 2    |        | sum1_296           | fadd      | fulldsp                | 3       |
|     fadd_32ns_32ns_32_4_full_dsp_1_U2169                       | 2    |        | sum1_297           | fadd      | fulldsp                | 3       |
|     fadd_32ns_32ns_32_4_full_dsp_1_U2170                       | 2    |        | sum1_298           | fadd      | fulldsp                | 3       |
|     fadd_32ns_32ns_32_4_full_dsp_1_U2171                       | 2    |        | sum1_299           | fadd      | fulldsp                | 3       |
|     fadd_32ns_32ns_32_4_full_dsp_1_U2172                       | 2    |        | sum1_300           | fadd      | fulldsp                | 3       |
|     fadd_32ns_32ns_32_4_full_dsp_1_U2173                       | 2    |        | sum1_301           | fadd      | fulldsp                | 3       |
|     fadd_32ns_32ns_32_4_full_dsp_1_U2174                       | 2    |        | sum1_302           | fadd      | fulldsp                | 3       |
|     fadd_32ns_32ns_32_4_full_dsp_1_U2175                       | 2    |        | sum1_303           | fadd      | fulldsp                | 3       |
|     fadd_32ns_32ns_32_4_full_dsp_1_U2176                       | 2    |        | sum1_304           | fadd      | fulldsp                | 3       |
|     fadd_32ns_32ns_32_4_full_dsp_1_U2093                       | 2    |        | sum2_366           | fadd      | fulldsp                | 3       |
|     fadd_32ns_32ns_32_4_full_dsp_1_U2094                       | 2    |        | sum2_367           | fadd      | fulldsp                | 3       |
|     fadd_32ns_32ns_32_4_full_dsp_1_U2095                       | 2    |        | sum2_368           | fadd      | fulldsp                | 3       |
|     fadd_32ns_32ns_32_4_full_dsp_1_U2096                       | 2    |        | sum2_369           | fadd      | fulldsp                | 3       |
|     fadd_32ns_32ns_32_4_full_dsp_1_U2097                       | 2    |        | sum2_370           | fadd      | fulldsp                | 3       |
|     fadd_32ns_32ns_32_4_full_dsp_1_U2098                       | 2    |        | sum2_371           | fadd      | fulldsp                | 3       |
|     fadd_32ns_32ns_32_4_full_dsp_1_U2099                       | 2    |        | sum2_372           | fadd      | fulldsp                | 3       |
|     fadd_32ns_32ns_32_4_full_dsp_1_U2053                       | 2    |        | sum3_174           | fadd      | fulldsp                | 3       |
|     fadd_32ns_32ns_32_4_full_dsp_1_U2054                       | 2    |        | sum3_175           | fadd      | fulldsp                | 3       |
|     fadd_32ns_32ns_32_4_full_dsp_1_U2055                       | 2    |        | sum3_176           | fadd      | fulldsp                | 3       |
|     fadd_32ns_32ns_32_4_full_dsp_1_U2033                       | 2    |        | sum4_78            | fadd      | fulldsp                | 3       |
|     fadd_32ns_32ns_32_4_full_dsp_1_U2283                       | 2    |        | sum1_305           | fadd      | fulldsp                | 3       |
|     fadd_32ns_32ns_32_4_full_dsp_1_U2284                       | 2    |        | sum1_306           | fadd      | fulldsp                | 3       |
|     fadd_32ns_32ns_32_4_full_dsp_1_U2285                       | 2    |        | sum1_307           | fadd      | fulldsp                | 3       |
|     fadd_32ns_32ns_32_4_full_dsp_1_U2286                       | 2    |        | sum1_308           | fadd      | fulldsp                | 3       |
|     fadd_32ns_32ns_32_4_full_dsp_1_U2287                       | 2    |        | sum1_309           | fadd      | fulldsp                | 3       |
|     fadd_32ns_32ns_32_4_full_dsp_1_U2288                       | 2    |        | sum1_310           | fadd      | fulldsp                | 3       |
|     fadd_32ns_32ns_32_4_full_dsp_1_U2289                       | 2    |        | sum1_311           | fadd      | fulldsp                | 3       |
|     fadd_32ns_32ns_32_4_full_dsp_1_U2290                       | 2    |        | sum1_312           | fadd      | fulldsp                | 3       |
|     fadd_32ns_32ns_32_4_full_dsp_1_U2291                       | 2    |        | sum1_313           | fadd      | fulldsp                | 3       |
|     fadd_32ns_32ns_32_4_full_dsp_1_U2292                       | 2    |        | sum1_314           | fadd      | fulldsp                | 3       |
|     fadd_32ns_32ns_32_4_full_dsp_1_U2293                       | 2    |        | sum1_315           | fadd      | fulldsp                | 3       |
|     fadd_32ns_32ns_32_4_full_dsp_1_U2294                       | 2    |        | sum1_316           | fadd      | fulldsp                | 3       |
|     fadd_32ns_32ns_32_4_full_dsp_1_U2295                       | 2    |        | sum1_317           | fadd      | fulldsp                | 3       |
|     fadd_32ns_32ns_32_4_full_dsp_1_U2296                       | 2    |        | sum1_318           | fadd      | fulldsp                | 3       |
|     fadd_32ns_32ns_32_4_full_dsp_1_U2153                       | 2    |        | sum2_373           | fadd      | fulldsp                | 3       |
|     fadd_32ns_32ns_32_4_full_dsp_1_U2154                       | 2    |        | sum2_374           | fadd      | fulldsp                | 3       |
|     fadd_32ns_32ns_32_4_full_dsp_1_U2155                       | 2    |        | sum2_375           | fadd      | fulldsp                | 3       |
|     fadd_32ns_32ns_32_4_full_dsp_1_U2156                       | 2    |        | sum2_376           | fadd      | fulldsp                | 3       |
|     fadd_32ns_32ns_32_4_full_dsp_1_U2157                       | 2    |        | sum2_377           | fadd      | fulldsp                | 3       |
|     fadd_32ns_32ns_32_4_full_dsp_1_U2158                       | 2    |        | sum2_378           | fadd      | fulldsp                | 3       |
|     fadd_32ns_32ns_32_4_full_dsp_1_U2159                       | 2    |        | sum2_379           | fadd      | fulldsp                | 3       |
|     fadd_32ns_32ns_32_4_full_dsp_1_U2083                       | 2    |        | sum3_177           | fadd      | fulldsp                | 3       |
|     fadd_32ns_32ns_32_4_full_dsp_1_U2084                       | 2    |        | sum3_178           | fadd      | fulldsp                | 3       |
|     fadd_32ns_32ns_32_4_full_dsp_1_U2085                       | 2    |        | sum3_179           | fadd      | fulldsp                | 3       |
|     fadd_32ns_32ns_32_4_full_dsp_1_U2048                       | 2    |        | sum4_79            | fadd      | fulldsp                | 3       |
|     fmul_32ns_32ns_32_3_max_dsp_1_U2687                        | 3    |        | res1_765           | fmul      | maxdsp                 | 2       |
|     fmul_32ns_32ns_32_3_max_dsp_1_U2688                        | 3    |        | res1_766           | fmul      | maxdsp                 | 2       |
|     fmul_32ns_32ns_32_3_max_dsp_1_U2689                        | 3    |        | res1_767           | fmul      | maxdsp                 | 2       |
|     fmul_32ns_32ns_32_3_max_dsp_1_U2690                        | 3    |        | res1_768           | fmul      | maxdsp                 | 2       |
|     fmul_32ns_32ns_32_3_max_dsp_1_U2691                        | 3    |        | res1_769           | fmul      | maxdsp                 | 2       |
|     fmul_32ns_32ns_32_3_max_dsp_1_U2692                        | 3    |        | res1_770           | fmul      | maxdsp                 | 2       |
|     fmul_32ns_32ns_32_3_max_dsp_1_U2693                        | 3    |        | res1_771           | fmul      | maxdsp                 | 2       |
|     fmul_32ns_32ns_32_3_max_dsp_1_U2694                        | 3    |        | res1_772           | fmul      | maxdsp                 | 2       |
|     fmul_32ns_32ns_32_3_max_dsp_1_U2695                        | 3    |        | res1_773           | fmul      | maxdsp                 | 2       |
|     fmul_32ns_32ns_32_3_max_dsp_1_U2696                        | 3    |        | res1_774           | fmul      | maxdsp                 | 2       |
|     fmul_32ns_32ns_32_3_max_dsp_1_U2697                        | 3    |        | res1_775           | fmul      | maxdsp                 | 2       |
|     fmul_32ns_32ns_32_3_max_dsp_1_U2698                        | 3    |        | res1_776           | fmul      | maxdsp                 | 2       |
|     fmul_32ns_32ns_32_3_max_dsp_1_U2699                        | 3    |        | res1_777           | fmul      | maxdsp                 | 2       |
|     fmul_32ns_32ns_32_3_max_dsp_1_U2700                        | 3    |        | res1_778           | fmul      | maxdsp                 | 2       |
|     fmul_32ns_32ns_32_3_max_dsp_1_U2701                        | 3    |        | res1_779           | fmul      | maxdsp                 | 2       |
|     fmul_32ns_32ns_32_3_max_dsp_1_U2702                        | 3    |        | res1_780           | fmul      | maxdsp                 | 2       |
|     fmul_32ns_32ns_32_3_max_dsp_1_U2703                        | 3    |        | res1_781           | fmul      | maxdsp                 | 2       |
|     fmul_32ns_32ns_32_3_max_dsp_1_U2704                        | 3    |        | res1_782           | fmul      | maxdsp                 | 2       |
|     fmul_32ns_32ns_32_3_max_dsp_1_U2705                        | 3    |        | res1_783           | fmul      | maxdsp                 | 2       |
|     fmul_32ns_32ns_32_3_max_dsp_1_U2706                        | 3    |        | res1_784           | fmul      | maxdsp                 | 2       |
|     fmul_32ns_32ns_32_3_max_dsp_1_U2707                        | 3    |        | res1_785           | fmul      | maxdsp                 | 2       |
|     fmul_32ns_32ns_32_3_max_dsp_1_U2708                        | 3    |        | res1_786           | fmul      | maxdsp                 | 2       |
|     fmul_32ns_32ns_32_3_max_dsp_1_U2709                        | 3    |        | res1_787           | fmul      | maxdsp                 | 2       |
|     fmul_32ns_32ns_32_3_max_dsp_1_U2710                        | 3    |        | res1_788           | fmul      | maxdsp                 | 2       |
|     fmul_32ns_32ns_32_3_max_dsp_1_U2711                        | 3    |        | res1_789           | fmul      | maxdsp                 | 2       |
|     fmul_32ns_32ns_32_3_max_dsp_1_U2712                        | 3    |        | res1_790           | fmul      | maxdsp                 | 2       |
|     fmul_32ns_32ns_32_3_max_dsp_1_U2713                        | 3    |        | res1_791           | fmul      | maxdsp                 | 2       |
|     fmul_32ns_32ns_32_3_max_dsp_1_U2714                        | 3    |        | res1_792           | fmul      | maxdsp                 | 2       |
|     fmul_32ns_32ns_32_3_max_dsp_1_U2715                        | 3    |        | res1_793           | fmul      | maxdsp                 | 2       |
|     fmul_32ns_32ns_32_3_max_dsp_1_U2378                        | 3    |        | res1_940           | fmul      | maxdsp                 | 2       |
|     fadd_32ns_32ns_32_4_full_dsp_1_U2177                       | 2    |        | sum1_319           | fadd      | fulldsp                | 3       |
|     fadd_32ns_32ns_32_4_full_dsp_1_U2178                       | 2    |        | sum1_320           | fadd      | fulldsp                | 3       |
|     fadd_32ns_32ns_32_4_full_dsp_1_U2179                       | 2    |        | sum1_321           | fadd      | fulldsp                | 3       |
|     fadd_32ns_32ns_32_4_full_dsp_1_U2180                       | 2    |        | sum1_322           | fadd      | fulldsp                | 3       |
|     fadd_32ns_32ns_32_4_full_dsp_1_U2181                       | 2    |        | sum1_323           | fadd      | fulldsp                | 3       |
|     fadd_32ns_32ns_32_4_full_dsp_1_U2182                       | 2    |        | sum1_324           | fadd      | fulldsp                | 3       |
|     fadd_32ns_32ns_32_4_full_dsp_1_U2183                       | 2    |        | sum1_325           | fadd      | fulldsp                | 3       |
|     fadd_32ns_32ns_32_4_full_dsp_1_U2184                       | 2    |        | sum1_326           | fadd      | fulldsp                | 3       |
|     fadd_32ns_32ns_32_4_full_dsp_1_U2185                       | 2    |        | sum1_327           | fadd      | fulldsp                | 3       |
|     fadd_32ns_32ns_32_4_full_dsp_1_U2186                       | 2    |        | sum1_328           | fadd      | fulldsp                | 3       |
|     fadd_32ns_32ns_32_4_full_dsp_1_U2187                       | 2    |        | sum1_329           | fadd      | fulldsp                | 3       |
|     fadd_32ns_32ns_32_4_full_dsp_1_U2188                       | 2    |        | sum1_330           | fadd      | fulldsp                | 3       |
|     fadd_32ns_32ns_32_4_full_dsp_1_U2189                       | 2    |        | sum1_331           | fadd      | fulldsp                | 3       |
|     fadd_32ns_32ns_32_4_full_dsp_1_U2190                       | 2    |        | sum1_332           | fadd      | fulldsp                | 3       |
|     fadd_32ns_32ns_32_4_full_dsp_1_U2100                       | 2    |        | sum2_380           | fadd      | fulldsp                | 3       |
|     fadd_32ns_32ns_32_4_full_dsp_1_U2101                       | 2    |        | sum2_381           | fadd      | fulldsp                | 3       |
|     fadd_32ns_32ns_32_4_full_dsp_1_U2102                       | 2    |        | sum2_382           | fadd      | fulldsp                | 3       |
|     fadd_32ns_32ns_32_4_full_dsp_1_U2103                       | 2    |        | sum2_383           | fadd      | fulldsp                | 3       |
|     fadd_32ns_32ns_32_4_full_dsp_1_U2104                       | 2    |        | sum2_384           | fadd      | fulldsp                | 3       |
|     fadd_32ns_32ns_32_4_full_dsp_1_U2105                       | 2    |        | sum2_385           | fadd      | fulldsp                | 3       |
|     fadd_32ns_32ns_32_4_full_dsp_1_U2106                       | 2    |        | sum2_386           | fadd      | fulldsp                | 3       |
|     fadd_32ns_32ns_32_4_full_dsp_1_U2056                       | 2    |        | sum3_180           | fadd      | fulldsp                | 3       |
|     fadd_32ns_32ns_32_4_full_dsp_1_U2057                       | 2    |        | sum3_181           | fadd      | fulldsp                | 3       |
|     fadd_32ns_32ns_32_4_full_dsp_1_U2058                       | 2    |        | sum3_182           | fadd      | fulldsp                | 3       |
|     fadd_32ns_32ns_32_4_full_dsp_1_U2034                       | 2    |        | sum4_80            | fadd      | fulldsp                | 3       |
|     fadd_32ns_32ns_32_4_full_dsp_1_U2297                       | 2    |        | sum1_333           | fadd      | fulldsp                | 3       |
|     fadd_32ns_32ns_32_4_full_dsp_1_U2298                       | 2    |        | sum1_334           | fadd      | fulldsp                | 3       |
|     fadd_32ns_32ns_32_4_full_dsp_1_U2299                       | 2    |        | sum1_335           | fadd      | fulldsp                | 3       |
|     fadd_32ns_32ns_32_4_full_dsp_1_U2300                       | 2    |        | sum1_336           | fadd      | fulldsp                | 3       |
|     fadd_32ns_32ns_32_4_full_dsp_1_U2301                       | 2    |        | sum1_337           | fadd      | fulldsp                | 3       |
|     fadd_32ns_32ns_32_4_full_dsp_1_U2302                       | 2    |        | sum1_338           | fadd      | fulldsp                | 3       |
|     fadd_32ns_32ns_32_4_full_dsp_1_U2303                       | 2    |        | sum1_339           | fadd      | fulldsp                | 3       |
|     fadd_32ns_32ns_32_4_full_dsp_1_U2304                       | 2    |        | sum1_340           | fadd      | fulldsp                | 3       |
|     fadd_32ns_32ns_32_4_full_dsp_1_U2305                       | 2    |        | sum1_341           | fadd      | fulldsp                | 3       |
|     fadd_32ns_32ns_32_4_full_dsp_1_U2306                       | 2    |        | sum1_342           | fadd      | fulldsp                | 3       |
|     fadd_32ns_32ns_32_4_full_dsp_1_U2307                       | 2    |        | sum1_343           | fadd      | fulldsp                | 3       |
|     fadd_32ns_32ns_32_4_full_dsp_1_U2308                       | 2    |        | sum1_344           | fadd      | fulldsp                | 3       |
|     fadd_32ns_32ns_32_4_full_dsp_1_U2309                       | 2    |        | sum1_345           | fadd      | fulldsp                | 3       |
|     fadd_32ns_32ns_32_4_full_dsp_1_U2310                       | 2    |        | sum1_346           | fadd      | fulldsp                | 3       |
|     fadd_32ns_32ns_32_4_full_dsp_1_U2160                       | 2    |        | sum2_387           | fadd      | fulldsp                | 3       |
|     fadd_32ns_32ns_32_4_full_dsp_1_U2161                       | 2    |        | sum2_388           | fadd      | fulldsp                | 3       |
|     fadd_32ns_32ns_32_4_full_dsp_1_U2162                       | 2    |        | sum2_389           | fadd      | fulldsp                | 3       |
|     fadd_32ns_32ns_32_4_full_dsp_1_U2163                       | 2    |        | sum2_390           | fadd      | fulldsp                | 3       |
|     fadd_32ns_32ns_32_4_full_dsp_1_U2164                       | 2    |        | sum2_391           | fadd      | fulldsp                | 3       |
|     fadd_32ns_32ns_32_4_full_dsp_1_U2165                       | 2    |        | sum2_392           | fadd      | fulldsp                | 3       |
|     fadd_32ns_32ns_32_4_full_dsp_1_U2166                       | 2    |        | sum2_393           | fadd      | fulldsp                | 3       |
|     fadd_32ns_32ns_32_4_full_dsp_1_U2086                       | 2    |        | sum3_183           | fadd      | fulldsp                | 3       |
|     fadd_32ns_32ns_32_4_full_dsp_1_U2087                       | 2    |        | sum3_184           | fadd      | fulldsp                | 3       |
|     fadd_32ns_32ns_32_4_full_dsp_1_U2088                       | 2    |        | sum3_185           | fadd      | fulldsp                | 3       |
|     fadd_32ns_32ns_32_4_full_dsp_1_U2049                       | 2    |        | sum4_81            | fadd      | fulldsp                | 3       |
|     fmul_32ns_32ns_32_3_max_dsp_1_U2716                        | 3    |        | res1_795           | fmul      | maxdsp                 | 2       |
|     fmul_32ns_32ns_32_3_max_dsp_1_U2717                        | 3    |        | res1_796           | fmul      | maxdsp                 | 2       |
|     fmul_32ns_32ns_32_3_max_dsp_1_U2718                        | 3    |        | res1_797           | fmul      | maxdsp                 | 2       |
|     fmul_32ns_32ns_32_3_max_dsp_1_U2719                        | 3    |        | res1_798           | fmul      | maxdsp                 | 2       |
|     fmul_32ns_32ns_32_3_max_dsp_1_U2720                        | 3    |        | res1_799           | fmul      | maxdsp                 | 2       |
|     fmul_32ns_32ns_32_3_max_dsp_1_U2721                        | 3    |        | res1_800           | fmul      | maxdsp                 | 2       |
|     fmul_32ns_32ns_32_3_max_dsp_1_U2722                        | 3    |        | res1_801           | fmul      | maxdsp                 | 2       |
|     fmul_32ns_32ns_32_3_max_dsp_1_U2723                        | 3    |        | res1_802           | fmul      | maxdsp                 | 2       |
|     fmul_32ns_32ns_32_3_max_dsp_1_U2724                        | 3    |        | res1_803           | fmul      | maxdsp                 | 2       |
|     fmul_32ns_32ns_32_3_max_dsp_1_U2725                        | 3    |        | res1_804           | fmul      | maxdsp                 | 2       |
|     fmul_32ns_32ns_32_3_max_dsp_1_U2726                        | 3    |        | res1_805           | fmul      | maxdsp                 | 2       |
|     fmul_32ns_32ns_32_3_max_dsp_1_U2727                        | 3    |        | res1_806           | fmul      | maxdsp                 | 2       |
|     fmul_32ns_32ns_32_3_max_dsp_1_U2728                        | 3    |        | res1_807           | fmul      | maxdsp                 | 2       |
|     fmul_32ns_32ns_32_3_max_dsp_1_U2729                        | 3    |        | res1_808           | fmul      | maxdsp                 | 2       |
|     fmul_32ns_32ns_32_3_max_dsp_1_U2730                        | 3    |        | res1_809           | fmul      | maxdsp                 | 2       |
|     fmul_32ns_32ns_32_3_max_dsp_1_U2731                        | 3    |        | res1_810           | fmul      | maxdsp                 | 2       |
|     fmul_32ns_32ns_32_3_max_dsp_1_U2732                        | 3    |        | res1_811           | fmul      | maxdsp                 | 2       |
|     fmul_32ns_32ns_32_3_max_dsp_1_U2733                        | 3    |        | res1_812           | fmul      | maxdsp                 | 2       |
|     fmul_32ns_32ns_32_3_max_dsp_1_U2734                        | 3    |        | res1_813           | fmul      | maxdsp                 | 2       |
|     fmul_32ns_32ns_32_3_max_dsp_1_U2735                        | 3    |        | res1_814           | fmul      | maxdsp                 | 2       |
|     fmul_32ns_32ns_32_3_max_dsp_1_U2736                        | 3    |        | res1_815           | fmul      | maxdsp                 | 2       |
|     fmul_32ns_32ns_32_3_max_dsp_1_U2737                        | 3    |        | res1_816           | fmul      | maxdsp                 | 2       |
|     fmul_32ns_32ns_32_3_max_dsp_1_U2738                        | 3    |        | res1_817           | fmul      | maxdsp                 | 2       |
|     fmul_32ns_32ns_32_3_max_dsp_1_U2739                        | 3    |        | res1_818           | fmul      | maxdsp                 | 2       |
|     fmul_32ns_32ns_32_3_max_dsp_1_U2740                        | 3    |        | res1_819           | fmul      | maxdsp                 | 2       |
|     fmul_32ns_32ns_32_3_max_dsp_1_U2741                        | 3    |        | res1_820           | fmul      | maxdsp                 | 2       |
|     fmul_32ns_32ns_32_3_max_dsp_1_U2742                        | 3    |        | res1_821           | fmul      | maxdsp                 | 2       |
|     fmul_32ns_32ns_32_3_max_dsp_1_U2743                        | 3    |        | res1_822           | fmul      | maxdsp                 | 2       |
|     fmul_32ns_32ns_32_3_max_dsp_1_U2744                        | 3    |        | res1_823           | fmul      | maxdsp                 | 2       |
|     fmul_32ns_32ns_32_3_max_dsp_1_U2379                        | 3    |        | res1_941           | fmul      | maxdsp                 | 2       |
|     fadd_32ns_32ns_32_4_full_dsp_1_U2191                       | 2    |        | sum1_347           | fadd      | fulldsp                | 3       |
|     fadd_32ns_32ns_32_4_full_dsp_1_U2192                       | 2    |        | sum1_348           | fadd      | fulldsp                | 3       |
|     fadd_32ns_32ns_32_4_full_dsp_1_U2193                       | 2    |        | sum1_349           | fadd      | fulldsp                | 3       |
|     fadd_32ns_32ns_32_4_full_dsp_1_U2194                       | 2    |        | sum1_350           | fadd      | fulldsp                | 3       |
|     fadd_32ns_32ns_32_4_full_dsp_1_U2195                       | 2    |        | sum1_351           | fadd      | fulldsp                | 3       |
|     fadd_32ns_32ns_32_4_full_dsp_1_U2196                       | 2    |        | sum1_352           | fadd      | fulldsp                | 3       |
|     fadd_32ns_32ns_32_4_full_dsp_1_U2197                       | 2    |        | sum1_353           | fadd      | fulldsp                | 3       |
|     fadd_32ns_32ns_32_4_full_dsp_1_U2198                       | 2    |        | sum1_354           | fadd      | fulldsp                | 3       |
|     fadd_32ns_32ns_32_4_full_dsp_1_U2199                       | 2    |        | sum1_355           | fadd      | fulldsp                | 3       |
|     fadd_32ns_32ns_32_4_full_dsp_1_U2200                       | 2    |        | sum1_356           | fadd      | fulldsp                | 3       |
|     fadd_32ns_32ns_32_4_full_dsp_1_U2201                       | 2    |        | sum1_357           | fadd      | fulldsp                | 3       |
|     fadd_32ns_32ns_32_4_full_dsp_1_U2202                       | 2    |        | sum1_358           | fadd      | fulldsp                | 3       |
|     fadd_32ns_32ns_32_4_full_dsp_1_U2203                       | 2    |        | sum1_359           | fadd      | fulldsp                | 3       |
|     fadd_32ns_32ns_32_4_full_dsp_1_U2204                       | 2    |        | sum1_360           | fadd      | fulldsp                | 3       |
|     fadd_32ns_32ns_32_4_full_dsp_1_U2107                       | 2    |        | sum2_394           | fadd      | fulldsp                | 3       |
|     fadd_32ns_32ns_32_4_full_dsp_1_U2108                       | 2    |        | sum2_395           | fadd      | fulldsp                | 3       |
|     fadd_32ns_32ns_32_4_full_dsp_1_U2109                       | 2    |        | sum2_396           | fadd      | fulldsp                | 3       |
|     fadd_32ns_32ns_32_4_full_dsp_1_U2110                       | 2    |        | sum2_397           | fadd      | fulldsp                | 3       |
|     fadd_32ns_32ns_32_4_full_dsp_1_U2111                       | 2    |        | sum2_398           | fadd      | fulldsp                | 3       |
|     fadd_32ns_32ns_32_4_full_dsp_1_U2112                       | 2    |        | sum2_399           | fadd      | fulldsp                | 3       |
|     fadd_32ns_32ns_32_4_full_dsp_1_U2113                       | 2    |        | sum2_400           | fadd      | fulldsp                | 3       |
|     fadd_32ns_32ns_32_4_full_dsp_1_U2059                       | 2    |        | sum3_186           | fadd      | fulldsp                | 3       |
|     fadd_32ns_32ns_32_4_full_dsp_1_U2060                       | 2    |        | sum3_187           | fadd      | fulldsp                | 3       |
|     fadd_32ns_32ns_32_4_full_dsp_1_U2061                       | 2    |        | sum3_188           | fadd      | fulldsp                | 3       |
|     fadd_32ns_32ns_32_4_full_dsp_1_U2035                       | 2    |        | sum4_82            | fadd      | fulldsp                | 3       |
|     fadd_32ns_32ns_32_4_full_dsp_1_U2311                       | 2    |        | sum1_361           | fadd      | fulldsp                | 3       |
|     fadd_32ns_32ns_32_4_full_dsp_1_U2312                       | 2    |        | sum1_362           | fadd      | fulldsp                | 3       |
|     fadd_32ns_32ns_32_4_full_dsp_1_U2313                       | 2    |        | sum1_363           | fadd      | fulldsp                | 3       |
|     fadd_32ns_32ns_32_4_full_dsp_1_U2314                       | 2    |        | sum1_364           | fadd      | fulldsp                | 3       |
|     fadd_32ns_32ns_32_4_full_dsp_1_U2315                       | 2    |        | sum1_365           | fadd      | fulldsp                | 3       |
|     fadd_32ns_32ns_32_4_full_dsp_1_U2316                       | 2    |        | sum1_366           | fadd      | fulldsp                | 3       |
|     fadd_32ns_32ns_32_4_full_dsp_1_U2317                       | 2    |        | sum1_367           | fadd      | fulldsp                | 3       |
|     fadd_32ns_32ns_32_4_full_dsp_1_U2318                       | 2    |        | sum1_368           | fadd      | fulldsp                | 3       |
|     fadd_32ns_32ns_32_4_full_dsp_1_U2319                       | 2    |        | sum1_369           | fadd      | fulldsp                | 3       |
|     fadd_32ns_32ns_32_4_full_dsp_1_U2320                       | 2    |        | sum1_370           | fadd      | fulldsp                | 3       |
|     fadd_32ns_32ns_32_4_full_dsp_1_U2321                       | 2    |        | sum1_371           | fadd      | fulldsp                | 3       |
|     fadd_32ns_32ns_32_4_full_dsp_1_U2322                       | 2    |        | sum1_372           | fadd      | fulldsp                | 3       |
|     fadd_32ns_32ns_32_4_full_dsp_1_U2323                       | 2    |        | sum1_373           | fadd      | fulldsp                | 3       |
|     fadd_32ns_32ns_32_4_full_dsp_1_U2324                       | 2    |        | sum1_374           | fadd      | fulldsp                | 3       |
|     fadd_32ns_32ns_32_4_full_dsp_1_U2167                       | 2    |        | sum2_401           | fadd      | fulldsp                | 3       |
|     fadd_32ns_32ns_32_4_full_dsp_1_U2168                       | 2    |        | sum2_402           | fadd      | fulldsp                | 3       |
|     fadd_32ns_32ns_32_4_full_dsp_1_U2169                       | 2    |        | sum2_403           | fadd      | fulldsp                | 3       |
|     fadd_32ns_32ns_32_4_full_dsp_1_U2170                       | 2    |        | sum2_404           | fadd      | fulldsp                | 3       |
|     fadd_32ns_32ns_32_4_full_dsp_1_U2171                       | 2    |        | sum2_405           | fadd      | fulldsp                | 3       |
|     fadd_32ns_32ns_32_4_full_dsp_1_U2172                       | 2    |        | sum2_406           | fadd      | fulldsp                | 3       |
|     fadd_32ns_32ns_32_4_full_dsp_1_U2173                       | 2    |        | sum2_407           | fadd      | fulldsp                | 3       |
|     fadd_32ns_32ns_32_4_full_dsp_1_U2089                       | 2    |        | sum3_189           | fadd      | fulldsp                | 3       |
|     fadd_32ns_32ns_32_4_full_dsp_1_U2090                       | 2    |        | sum3_190           | fadd      | fulldsp                | 3       |
|     fadd_32ns_32ns_32_4_full_dsp_1_U2091                       | 2    |        | sum3_191           | fadd      | fulldsp                | 3       |
|     fadd_32ns_32ns_32_4_full_dsp_1_U2050                       | 2    |        | sum4_83            | fadd      | fulldsp                | 3       |
|     fmul_32ns_32ns_32_3_max_dsp_1_U2745                        | 3    |        | res1_825           | fmul      | maxdsp                 | 2       |
|     fmul_32ns_32ns_32_3_max_dsp_1_U2746                        | 3    |        | res1_826           | fmul      | maxdsp                 | 2       |
|     fmul_32ns_32ns_32_3_max_dsp_1_U2747                        | 3    |        | res1_827           | fmul      | maxdsp                 | 2       |
|     fmul_32ns_32ns_32_3_max_dsp_1_U2748                        | 3    |        | res1_828           | fmul      | maxdsp                 | 2       |
|     fmul_32ns_32ns_32_3_max_dsp_1_U2749                        | 3    |        | res1_829           | fmul      | maxdsp                 | 2       |
|     fmul_32ns_32ns_32_3_max_dsp_1_U2750                        | 3    |        | res1_830           | fmul      | maxdsp                 | 2       |
|     fmul_32ns_32ns_32_3_max_dsp_1_U2751                        | 3    |        | res1_831           | fmul      | maxdsp                 | 2       |
|     fmul_32ns_32ns_32_3_max_dsp_1_U2752                        | 3    |        | res1_832           | fmul      | maxdsp                 | 2       |
|     fmul_32ns_32ns_32_3_max_dsp_1_U2753                        | 3    |        | res1_833           | fmul      | maxdsp                 | 2       |
|     fmul_32ns_32ns_32_3_max_dsp_1_U2754                        | 3    |        | res1_834           | fmul      | maxdsp                 | 2       |
|     fmul_32ns_32ns_32_3_max_dsp_1_U2755                        | 3    |        | res1_835           | fmul      | maxdsp                 | 2       |
|     fmul_32ns_32ns_32_3_max_dsp_1_U2756                        | 3    |        | res1_836           | fmul      | maxdsp                 | 2       |
|     fmul_32ns_32ns_32_3_max_dsp_1_U2757                        | 3    |        | res1_837           | fmul      | maxdsp                 | 2       |
|     fmul_32ns_32ns_32_3_max_dsp_1_U2758                        | 3    |        | res1_838           | fmul      | maxdsp                 | 2       |
|     fmul_32ns_32ns_32_3_max_dsp_1_U2759                        | 3    |        | res1_839           | fmul      | maxdsp                 | 2       |
|     fmul_32ns_32ns_32_3_max_dsp_1_U2760                        | 3    |        | res1_840           | fmul      | maxdsp                 | 2       |
|     fmul_32ns_32ns_32_3_max_dsp_1_U2761                        | 3    |        | res1_841           | fmul      | maxdsp                 | 2       |
|     fmul_32ns_32ns_32_3_max_dsp_1_U2762                        | 3    |        | res1_842           | fmul      | maxdsp                 | 2       |
|     fmul_32ns_32ns_32_3_max_dsp_1_U2763                        | 3    |        | res1_843           | fmul      | maxdsp                 | 2       |
|     fmul_32ns_32ns_32_3_max_dsp_1_U2764                        | 3    |        | res1_844           | fmul      | maxdsp                 | 2       |
|     fmul_32ns_32ns_32_3_max_dsp_1_U2765                        | 3    |        | res1_845           | fmul      | maxdsp                 | 2       |
|     fmul_32ns_32ns_32_3_max_dsp_1_U2766                        | 3    |        | res1_846           | fmul      | maxdsp                 | 2       |
|     fmul_32ns_32ns_32_3_max_dsp_1_U2767                        | 3    |        | res1_847           | fmul      | maxdsp                 | 2       |
|     fmul_32ns_32ns_32_3_max_dsp_1_U2768                        | 3    |        | res1_848           | fmul      | maxdsp                 | 2       |
|     fmul_32ns_32ns_32_3_max_dsp_1_U2769                        | 3    |        | res1_849           | fmul      | maxdsp                 | 2       |
|     fmul_32ns_32ns_32_3_max_dsp_1_U2770                        | 3    |        | res1_850           | fmul      | maxdsp                 | 2       |
|     fmul_32ns_32ns_32_3_max_dsp_1_U2771                        | 3    |        | res1_851           | fmul      | maxdsp                 | 2       |
|     fmul_32ns_32ns_32_3_max_dsp_1_U2772                        | 3    |        | res1_852           | fmul      | maxdsp                 | 2       |
|     fmul_32ns_32ns_32_3_max_dsp_1_U2773                        | 3    |        | res1_853           | fmul      | maxdsp                 | 2       |
|     fmul_32ns_32ns_32_3_max_dsp_1_U2380                        | 3    |        | res1_942           | fmul      | maxdsp                 | 2       |
|     fadd_32ns_32ns_32_4_full_dsp_1_U2205                       | 2    |        | sum1_375           | fadd      | fulldsp                | 3       |
|     fadd_32ns_32ns_32_4_full_dsp_1_U2206                       | 2    |        | sum1_376           | fadd      | fulldsp                | 3       |
|     fadd_32ns_32ns_32_4_full_dsp_1_U2207                       | 2    |        | sum1_377           | fadd      | fulldsp                | 3       |
|     fadd_32ns_32ns_32_4_full_dsp_1_U2208                       | 2    |        | sum1_378           | fadd      | fulldsp                | 3       |
|     fadd_32ns_32ns_32_4_full_dsp_1_U2209                       | 2    |        | sum1_379           | fadd      | fulldsp                | 3       |
|     fadd_32ns_32ns_32_4_full_dsp_1_U2210                       | 2    |        | sum1_380           | fadd      | fulldsp                | 3       |
|     fadd_32ns_32ns_32_4_full_dsp_1_U2211                       | 2    |        | sum1_381           | fadd      | fulldsp                | 3       |
|     fadd_32ns_32ns_32_4_full_dsp_1_U2212                       | 2    |        | sum1_382           | fadd      | fulldsp                | 3       |
|     fadd_32ns_32ns_32_4_full_dsp_1_U2213                       | 2    |        | sum1_383           | fadd      | fulldsp                | 3       |
|     fadd_32ns_32ns_32_4_full_dsp_1_U2214                       | 2    |        | sum1_384           | fadd      | fulldsp                | 3       |
|     fadd_32ns_32ns_32_4_full_dsp_1_U2215                       | 2    |        | sum1_385           | fadd      | fulldsp                | 3       |
|     fadd_32ns_32ns_32_4_full_dsp_1_U2216                       | 2    |        | sum1_386           | fadd      | fulldsp                | 3       |
|     fadd_32ns_32ns_32_4_full_dsp_1_U2217                       | 2    |        | sum1_387           | fadd      | fulldsp                | 3       |
|     fadd_32ns_32ns_32_4_full_dsp_1_U2218                       | 2    |        | sum1_388           | fadd      | fulldsp                | 3       |
|     fadd_32ns_32ns_32_4_full_dsp_1_U2114                       | 2    |        | sum2_408           | fadd      | fulldsp                | 3       |
|     fadd_32ns_32ns_32_4_full_dsp_1_U2115                       | 2    |        | sum2_409           | fadd      | fulldsp                | 3       |
|     fadd_32ns_32ns_32_4_full_dsp_1_U2116                       | 2    |        | sum2_410           | fadd      | fulldsp                | 3       |
|     fadd_32ns_32ns_32_4_full_dsp_1_U2117                       | 2    |        | sum2_411           | fadd      | fulldsp                | 3       |
|     fadd_32ns_32ns_32_4_full_dsp_1_U2118                       | 2    |        | sum2_412           | fadd      | fulldsp                | 3       |
|     fadd_32ns_32ns_32_4_full_dsp_1_U2119                       | 2    |        | sum2_413           | fadd      | fulldsp                | 3       |
|     fadd_32ns_32ns_32_4_full_dsp_1_U2120                       | 2    |        | sum2_414           | fadd      | fulldsp                | 3       |
|     fadd_32ns_32ns_32_4_full_dsp_1_U2062                       | 2    |        | sum3_192           | fadd      | fulldsp                | 3       |
|     fadd_32ns_32ns_32_4_full_dsp_1_U2063                       | 2    |        | sum3_193           | fadd      | fulldsp                | 3       |
|     fadd_32ns_32ns_32_4_full_dsp_1_U2064                       | 2    |        | sum3_194           | fadd      | fulldsp                | 3       |
|     fadd_32ns_32ns_32_4_full_dsp_1_U2036                       | 2    |        | sum4_84            | fadd      | fulldsp                | 3       |
|     fadd_32ns_32ns_32_4_full_dsp_1_U2325                       | 2    |        | sum1_389           | fadd      | fulldsp                | 3       |
|     fadd_32ns_32ns_32_4_full_dsp_1_U2326                       | 2    |        | sum1_390           | fadd      | fulldsp                | 3       |
|     fadd_32ns_32ns_32_4_full_dsp_1_U2327                       | 2    |        | sum1_391           | fadd      | fulldsp                | 3       |
|     fadd_32ns_32ns_32_4_full_dsp_1_U2328                       | 2    |        | sum1_392           | fadd      | fulldsp                | 3       |
|     fadd_32ns_32ns_32_4_full_dsp_1_U2329                       | 2    |        | sum1_393           | fadd      | fulldsp                | 3       |
|     fadd_32ns_32ns_32_4_full_dsp_1_U2330                       | 2    |        | sum1_394           | fadd      | fulldsp                | 3       |
|     fadd_32ns_32ns_32_4_full_dsp_1_U2331                       | 2    |        | sum1_395           | fadd      | fulldsp                | 3       |
|     fadd_32ns_32ns_32_4_full_dsp_1_U2332                       | 2    |        | sum1_396           | fadd      | fulldsp                | 3       |
|     fadd_32ns_32ns_32_4_full_dsp_1_U2333                       | 2    |        | sum1_397           | fadd      | fulldsp                | 3       |
|     fadd_32ns_32ns_32_4_full_dsp_1_U2334                       | 2    |        | sum1_398           | fadd      | fulldsp                | 3       |
|     fadd_32ns_32ns_32_4_full_dsp_1_U2335                       | 2    |        | sum1_399           | fadd      | fulldsp                | 3       |
|     fadd_32ns_32ns_32_4_full_dsp_1_U2336                       | 2    |        | sum1_400           | fadd      | fulldsp                | 3       |
|     fadd_32ns_32ns_32_4_full_dsp_1_U2337                       | 2    |        | sum1_401           | fadd      | fulldsp                | 3       |
|     fadd_32ns_32ns_32_4_full_dsp_1_U2338                       | 2    |        | sum1_402           | fadd      | fulldsp                | 3       |
|     fadd_32ns_32ns_32_4_full_dsp_1_U2174                       | 2    |        | sum2_415           | fadd      | fulldsp                | 3       |
|     fadd_32ns_32ns_32_4_full_dsp_1_U2175                       | 2    |        | sum2_416           | fadd      | fulldsp                | 3       |
|     fadd_32ns_32ns_32_4_full_dsp_1_U2176                       | 2    |        | sum2_417           | fadd      | fulldsp                | 3       |
|     fadd_32ns_32ns_32_4_full_dsp_1_U2177                       | 2    |        | sum2_418           | fadd      | fulldsp                | 3       |
|     fadd_32ns_32ns_32_4_full_dsp_1_U2178                       | 2    |        | sum2_419           | fadd      | fulldsp                | 3       |
|     fadd_32ns_32ns_32_4_full_dsp_1_U2179                       | 2    |        | sum2_420           | fadd      | fulldsp                | 3       |
|     fadd_32ns_32ns_32_4_full_dsp_1_U2180                       | 2    |        | sum2_421           | fadd      | fulldsp                | 3       |
|     fadd_32ns_32ns_32_4_full_dsp_1_U2092                       | 2    |        | sum3_195           | fadd      | fulldsp                | 3       |
|     fadd_32ns_32ns_32_4_full_dsp_1_U2093                       | 2    |        | sum3_196           | fadd      | fulldsp                | 3       |
|     fadd_32ns_32ns_32_4_full_dsp_1_U2094                       | 2    |        | sum3_197           | fadd      | fulldsp                | 3       |
|     fadd_32ns_32ns_32_4_full_dsp_1_U2051                       | 2    |        | sum4_85            | fadd      | fulldsp                | 3       |
|     fmul_32ns_32ns_32_3_max_dsp_1_U2774                        | 3    |        | res1_855           | fmul      | maxdsp                 | 2       |
|     fmul_32ns_32ns_32_3_max_dsp_1_U2775                        | 3    |        | res1_856           | fmul      | maxdsp                 | 2       |
|     fmul_32ns_32ns_32_3_max_dsp_1_U2776                        | 3    |        | res1_857           | fmul      | maxdsp                 | 2       |
|     fmul_32ns_32ns_32_3_max_dsp_1_U2777                        | 3    |        | res1_858           | fmul      | maxdsp                 | 2       |
|     fmul_32ns_32ns_32_3_max_dsp_1_U2778                        | 3    |        | res1_859           | fmul      | maxdsp                 | 2       |
|     fmul_32ns_32ns_32_3_max_dsp_1_U2779                        | 3    |        | res1_860           | fmul      | maxdsp                 | 2       |
|     fmul_32ns_32ns_32_3_max_dsp_1_U2780                        | 3    |        | res1_861           | fmul      | maxdsp                 | 2       |
|     fmul_32ns_32ns_32_3_max_dsp_1_U2781                        | 3    |        | res1_862           | fmul      | maxdsp                 | 2       |
|     fmul_32ns_32ns_32_3_max_dsp_1_U2782                        | 3    |        | res1_863           | fmul      | maxdsp                 | 2       |
|     fmul_32ns_32ns_32_3_max_dsp_1_U2783                        | 3    |        | res1_864           | fmul      | maxdsp                 | 2       |
|     fmul_32ns_32ns_32_3_max_dsp_1_U2784                        | 3    |        | res1_865           | fmul      | maxdsp                 | 2       |
|     fmul_32ns_32ns_32_3_max_dsp_1_U2785                        | 3    |        | res1_866           | fmul      | maxdsp                 | 2       |
|     fmul_32ns_32ns_32_3_max_dsp_1_U2786                        | 3    |        | res1_867           | fmul      | maxdsp                 | 2       |
|     fmul_32ns_32ns_32_3_max_dsp_1_U2787                        | 3    |        | res1_868           | fmul      | maxdsp                 | 2       |
|     fmul_32ns_32ns_32_3_max_dsp_1_U2788                        | 3    |        | res1_869           | fmul      | maxdsp                 | 2       |
|     fmul_32ns_32ns_32_3_max_dsp_1_U2789                        | 3    |        | res1_870           | fmul      | maxdsp                 | 2       |
|     fmul_32ns_32ns_32_3_max_dsp_1_U2790                        | 3    |        | res1_871           | fmul      | maxdsp                 | 2       |
|     fmul_32ns_32ns_32_3_max_dsp_1_U2791                        | 3    |        | res1_872           | fmul      | maxdsp                 | 2       |
|     fmul_32ns_32ns_32_3_max_dsp_1_U2792                        | 3    |        | res1_873           | fmul      | maxdsp                 | 2       |
|     fmul_32ns_32ns_32_3_max_dsp_1_U2793                        | 3    |        | res1_874           | fmul      | maxdsp                 | 2       |
|     fmul_32ns_32ns_32_3_max_dsp_1_U2794                        | 3    |        | res1_875           | fmul      | maxdsp                 | 2       |
|     fmul_32ns_32ns_32_3_max_dsp_1_U2795                        | 3    |        | res1_876           | fmul      | maxdsp                 | 2       |
|     fmul_32ns_32ns_32_3_max_dsp_1_U2796                        | 3    |        | res1_877           | fmul      | maxdsp                 | 2       |
|     fmul_32ns_32ns_32_3_max_dsp_1_U2797                        | 3    |        | res1_878           | fmul      | maxdsp                 | 2       |
|     fmul_32ns_32ns_32_3_max_dsp_1_U2798                        | 3    |        | res1_879           | fmul      | maxdsp                 | 2       |
|     fmul_32ns_32ns_32_3_max_dsp_1_U2799                        | 3    |        | res1_880           | fmul      | maxdsp                 | 2       |
|     fmul_32ns_32ns_32_3_max_dsp_1_U2800                        | 3    |        | res1_881           | fmul      | maxdsp                 | 2       |
|     fmul_32ns_32ns_32_3_max_dsp_1_U2801                        | 3    |        | res1_882           | fmul      | maxdsp                 | 2       |
|     fmul_32ns_32ns_32_3_max_dsp_1_U2802                        | 3    |        | res1_883           | fmul      | maxdsp                 | 2       |
|     fmul_32ns_32ns_32_3_max_dsp_1_U2381                        | 3    |        | res1_943           | fmul      | maxdsp                 | 2       |
|     fadd_32ns_32ns_32_4_full_dsp_1_U2219                       | 2    |        | sum1_403           | fadd      | fulldsp                | 3       |
|     fadd_32ns_32ns_32_4_full_dsp_1_U2220                       | 2    |        | sum1_404           | fadd      | fulldsp                | 3       |
|     fadd_32ns_32ns_32_4_full_dsp_1_U2221                       | 2    |        | sum1_405           | fadd      | fulldsp                | 3       |
|     fadd_32ns_32ns_32_4_full_dsp_1_U2222                       | 2    |        | sum1_406           | fadd      | fulldsp                | 3       |
|     fadd_32ns_32ns_32_4_full_dsp_1_U2223                       | 2    |        | sum1_407           | fadd      | fulldsp                | 3       |
|     fadd_32ns_32ns_32_4_full_dsp_1_U2224                       | 2    |        | sum1_408           | fadd      | fulldsp                | 3       |
|     fadd_32ns_32ns_32_4_full_dsp_1_U2225                       | 2    |        | sum1_409           | fadd      | fulldsp                | 3       |
|     fadd_32ns_32ns_32_4_full_dsp_1_U2226                       | 2    |        | sum1_410           | fadd      | fulldsp                | 3       |
|     fadd_32ns_32ns_32_4_full_dsp_1_U2227                       | 2    |        | sum1_411           | fadd      | fulldsp                | 3       |
|     fadd_32ns_32ns_32_4_full_dsp_1_U2228                       | 2    |        | sum1_412           | fadd      | fulldsp                | 3       |
|     fadd_32ns_32ns_32_4_full_dsp_1_U2229                       | 2    |        | sum1_413           | fadd      | fulldsp                | 3       |
|     fadd_32ns_32ns_32_4_full_dsp_1_U2230                       | 2    |        | sum1_414           | fadd      | fulldsp                | 3       |
|     fadd_32ns_32ns_32_4_full_dsp_1_U2231                       | 2    |        | sum1_415           | fadd      | fulldsp                | 3       |
|     fadd_32ns_32ns_32_4_full_dsp_1_U2232                       | 2    |        | sum1_416           | fadd      | fulldsp                | 3       |
|     fadd_32ns_32ns_32_4_full_dsp_1_U2121                       | 2    |        | sum2_422           | fadd      | fulldsp                | 3       |
|     fadd_32ns_32ns_32_4_full_dsp_1_U2122                       | 2    |        | sum2_423           | fadd      | fulldsp                | 3       |
|     fadd_32ns_32ns_32_4_full_dsp_1_U2123                       | 2    |        | sum2_424           | fadd      | fulldsp                | 3       |
|     fadd_32ns_32ns_32_4_full_dsp_1_U2124                       | 2    |        | sum2_425           | fadd      | fulldsp                | 3       |
|     fadd_32ns_32ns_32_4_full_dsp_1_U2125                       | 2    |        | sum2_426           | fadd      | fulldsp                | 3       |
|     fadd_32ns_32ns_32_4_full_dsp_1_U2126                       | 2    |        | sum2_427           | fadd      | fulldsp                | 3       |
|     fadd_32ns_32ns_32_4_full_dsp_1_U2127                       | 2    |        | sum2_428           | fadd      | fulldsp                | 3       |
|     fadd_32ns_32ns_32_4_full_dsp_1_U2065                       | 2    |        | sum3_198           | fadd      | fulldsp                | 3       |
|     fadd_32ns_32ns_32_4_full_dsp_1_U2066                       | 2    |        | sum3_199           | fadd      | fulldsp                | 3       |
|     fadd_32ns_32ns_32_4_full_dsp_1_U2067                       | 2    |        | sum3_200           | fadd      | fulldsp                | 3       |
|     fadd_32ns_32ns_32_4_full_dsp_1_U2037                       | 2    |        | sum4_86            | fadd      | fulldsp                | 3       |
|     fadd_32ns_32ns_32_4_full_dsp_1_U2339                       | 2    |        | sum1_417           | fadd      | fulldsp                | 3       |
|     fadd_32ns_32ns_32_4_full_dsp_1_U2340                       | 2    |        | sum1_418           | fadd      | fulldsp                | 3       |
|     fadd_32ns_32ns_32_4_full_dsp_1_U2341                       | 2    |        | sum1_419           | fadd      | fulldsp                | 3       |
|     fadd_32ns_32ns_32_4_full_dsp_1_U2342                       | 2    |        | sum1_420           | fadd      | fulldsp                | 3       |
|     fadd_32ns_32ns_32_4_full_dsp_1_U2343                       | 2    |        | sum1_421           | fadd      | fulldsp                | 3       |
|     fadd_32ns_32ns_32_4_full_dsp_1_U2344                       | 2    |        | sum1_422           | fadd      | fulldsp                | 3       |
|     fadd_32ns_32ns_32_4_full_dsp_1_U2345                       | 2    |        | sum1_423           | fadd      | fulldsp                | 3       |
|     fadd_32ns_32ns_32_4_full_dsp_1_U2346                       | 2    |        | sum1_424           | fadd      | fulldsp                | 3       |
|     fadd_32ns_32ns_32_4_full_dsp_1_U2347                       | 2    |        | sum1_425           | fadd      | fulldsp                | 3       |
|     fadd_32ns_32ns_32_4_full_dsp_1_U2348                       | 2    |        | sum1_426           | fadd      | fulldsp                | 3       |
|     fadd_32ns_32ns_32_4_full_dsp_1_U2349                       | 2    |        | sum1_427           | fadd      | fulldsp                | 3       |
|     fadd_32ns_32ns_32_4_full_dsp_1_U2350                       | 2    |        | sum1_428           | fadd      | fulldsp                | 3       |
|     fadd_32ns_32ns_32_4_full_dsp_1_U2351                       | 2    |        | sum1_429           | fadd      | fulldsp                | 3       |
|     fadd_32ns_32ns_32_4_full_dsp_1_U2352                       | 2    |        | sum1_430           | fadd      | fulldsp                | 3       |
|     fadd_32ns_32ns_32_4_full_dsp_1_U2181                       | 2    |        | sum2_429           | fadd      | fulldsp                | 3       |
|     fadd_32ns_32ns_32_4_full_dsp_1_U2182                       | 2    |        | sum2_430           | fadd      | fulldsp                | 3       |
|     fadd_32ns_32ns_32_4_full_dsp_1_U2183                       | 2    |        | sum2_431           | fadd      | fulldsp                | 3       |
|     fadd_32ns_32ns_32_4_full_dsp_1_U2184                       | 2    |        | sum2_432           | fadd      | fulldsp                | 3       |
|     fadd_32ns_32ns_32_4_full_dsp_1_U2185                       | 2    |        | sum2_433           | fadd      | fulldsp                | 3       |
|     fadd_32ns_32ns_32_4_full_dsp_1_U2186                       | 2    |        | sum2_434           | fadd      | fulldsp                | 3       |
|     fadd_32ns_32ns_32_4_full_dsp_1_U2187                       | 2    |        | sum2_435           | fadd      | fulldsp                | 3       |
|     fadd_32ns_32ns_32_4_full_dsp_1_U2095                       | 2    |        | sum3_201           | fadd      | fulldsp                | 3       |
|     fadd_32ns_32ns_32_4_full_dsp_1_U2096                       | 2    |        | sum3_202           | fadd      | fulldsp                | 3       |
|     fadd_32ns_32ns_32_4_full_dsp_1_U2097                       | 2    |        | sum3_203           | fadd      | fulldsp                | 3       |
|     fadd_32ns_32ns_32_4_full_dsp_1_U2052                       | 2    |        | sum4_87            | fadd      | fulldsp                | 3       |
|     fmul_32ns_32ns_32_3_max_dsp_1_U2382                        | 3    |        | res1_885           | fmul      | maxdsp                 | 2       |
|     fmul_32ns_32ns_32_3_max_dsp_1_U2383                        | 3    |        | res1_886           | fmul      | maxdsp                 | 2       |
|     fmul_32ns_32ns_32_3_max_dsp_1_U2384                        | 3    |        | res1_887           | fmul      | maxdsp                 | 2       |
|     fmul_32ns_32ns_32_3_max_dsp_1_U2385                        | 3    |        | res1_888           | fmul      | maxdsp                 | 2       |
|     fmul_32ns_32ns_32_3_max_dsp_1_U2386                        | 3    |        | res1_889           | fmul      | maxdsp                 | 2       |
|     fmul_32ns_32ns_32_3_max_dsp_1_U2387                        | 3    |        | res1_890           | fmul      | maxdsp                 | 2       |
|     fmul_32ns_32ns_32_3_max_dsp_1_U2388                        | 3    |        | res1_891           | fmul      | maxdsp                 | 2       |
|     fmul_32ns_32ns_32_3_max_dsp_1_U2389                        | 3    |        | res1_892           | fmul      | maxdsp                 | 2       |
|     fmul_32ns_32ns_32_3_max_dsp_1_U2390                        | 3    |        | res1_893           | fmul      | maxdsp                 | 2       |
|     fmul_32ns_32ns_32_3_max_dsp_1_U2391                        | 3    |        | res1_894           | fmul      | maxdsp                 | 2       |
|     fmul_32ns_32ns_32_3_max_dsp_1_U2392                        | 3    |        | res1_895           | fmul      | maxdsp                 | 2       |
|     fmul_32ns_32ns_32_3_max_dsp_1_U2393                        | 3    |        | res1_896           | fmul      | maxdsp                 | 2       |
|     fmul_32ns_32ns_32_3_max_dsp_1_U2394                        | 3    |        | res1_897           | fmul      | maxdsp                 | 2       |
|     fmul_32ns_32ns_32_3_max_dsp_1_U2395                        | 3    |        | res1_898           | fmul      | maxdsp                 | 2       |
|     fmul_32ns_32ns_32_3_max_dsp_1_U2396                        | 3    |        | res1_899           | fmul      | maxdsp                 | 2       |
|     fmul_32ns_32ns_32_3_max_dsp_1_U2397                        | 3    |        | res1_900           | fmul      | maxdsp                 | 2       |
|     fmul_32ns_32ns_32_3_max_dsp_1_U2398                        | 3    |        | res1_901           | fmul      | maxdsp                 | 2       |
|     fmul_32ns_32ns_32_3_max_dsp_1_U2399                        | 3    |        | res1_902           | fmul      | maxdsp                 | 2       |
|     fmul_32ns_32ns_32_3_max_dsp_1_U2400                        | 3    |        | res1_903           | fmul      | maxdsp                 | 2       |
|     fmul_32ns_32ns_32_3_max_dsp_1_U2401                        | 3    |        | res1_904           | fmul      | maxdsp                 | 2       |
|     fmul_32ns_32ns_32_3_max_dsp_1_U2402                        | 3    |        | res1_905           | fmul      | maxdsp                 | 2       |
|     fmul_32ns_32ns_32_3_max_dsp_1_U2403                        | 3    |        | res1_906           | fmul      | maxdsp                 | 2       |
|     fmul_32ns_32ns_32_3_max_dsp_1_U2404                        | 3    |        | res1_907           | fmul      | maxdsp                 | 2       |
|     fmul_32ns_32ns_32_3_max_dsp_1_U2405                        | 3    |        | res1_908           | fmul      | maxdsp                 | 2       |
|     fmul_32ns_32ns_32_3_max_dsp_1_U2406                        | 3    |        | res1_909           | fmul      | maxdsp                 | 2       |
|     fmul_32ns_32ns_32_3_max_dsp_1_U2407                        | 3    |        | res1_910           | fmul      | maxdsp                 | 2       |
|     fmul_32ns_32ns_32_3_max_dsp_1_U2408                        | 3    |        | res1_911           | fmul      | maxdsp                 | 2       |
|     fmul_32ns_32ns_32_3_max_dsp_1_U2409                        | 3    |        | res1_912           | fmul      | maxdsp                 | 2       |
|     fmul_32ns_32ns_32_3_max_dsp_1_U2410                        | 3    |        | res1_913           | fmul      | maxdsp                 | 2       |
|     fmul_32ns_32ns_32_3_max_dsp_1_U2367                        | 3    |        | res1_944           | fmul      | maxdsp                 | 2       |
|     fadd_32ns_32ns_32_4_full_dsp_1_U2128                       | 2    |        | sum1_431           | fadd      | fulldsp                | 3       |
|     fadd_32ns_32ns_32_4_full_dsp_1_U2129                       | 2    |        | sum1_432           | fadd      | fulldsp                | 3       |
|     fadd_32ns_32ns_32_4_full_dsp_1_U2130                       | 2    |        | sum1_433           | fadd      | fulldsp                | 3       |
|     fadd_32ns_32ns_32_4_full_dsp_1_U2131                       | 2    |        | sum1_434           | fadd      | fulldsp                | 3       |
|     fadd_32ns_32ns_32_4_full_dsp_1_U2132                       | 2    |        | sum1_435           | fadd      | fulldsp                | 3       |
|     fadd_32ns_32ns_32_4_full_dsp_1_U2133                       | 2    |        | sum1_436           | fadd      | fulldsp                | 3       |
|     fadd_32ns_32ns_32_4_full_dsp_1_U2134                       | 2    |        | sum1_437           | fadd      | fulldsp                | 3       |
|     fadd_32ns_32ns_32_4_full_dsp_1_U2135                       | 2    |        | sum1_438           | fadd      | fulldsp                | 3       |
|     fadd_32ns_32ns_32_4_full_dsp_1_U2136                       | 2    |        | sum1_439           | fadd      | fulldsp                | 3       |
|     fadd_32ns_32ns_32_4_full_dsp_1_U2137                       | 2    |        | sum1_440           | fadd      | fulldsp                | 3       |
|     fadd_32ns_32ns_32_4_full_dsp_1_U2138                       | 2    |        | sum1_441           | fadd      | fulldsp                | 3       |
|     fadd_32ns_32ns_32_4_full_dsp_1_U2139                       | 2    |        | sum1_442           | fadd      | fulldsp                | 3       |
|     fadd_32ns_32ns_32_4_full_dsp_1_U2140                       | 2    |        | sum1_443           | fadd      | fulldsp                | 3       |
|     fadd_32ns_32ns_32_4_full_dsp_1_U2141                       | 2    |        | sum1_444           | fadd      | fulldsp                | 3       |
|     fadd_32ns_32ns_32_4_full_dsp_1_U2068                       | 2    |        | sum2_436           | fadd      | fulldsp                | 3       |
|     fadd_32ns_32ns_32_4_full_dsp_1_U2069                       | 2    |        | sum2_437           | fadd      | fulldsp                | 3       |
|     fadd_32ns_32ns_32_4_full_dsp_1_U2070                       | 2    |        | sum2_438           | fadd      | fulldsp                | 3       |
|     fadd_32ns_32ns_32_4_full_dsp_1_U2071                       | 2    |        | sum2_439           | fadd      | fulldsp                | 3       |
|     fadd_32ns_32ns_32_4_full_dsp_1_U2072                       | 2    |        | sum2_440           | fadd      | fulldsp                | 3       |
|     fadd_32ns_32ns_32_4_full_dsp_1_U2073                       | 2    |        | sum2_441           | fadd      | fulldsp                | 3       |
|     fadd_32ns_32ns_32_4_full_dsp_1_U2074                       | 2    |        | sum2_442           | fadd      | fulldsp                | 3       |
|     fadd_32ns_32ns_32_4_full_dsp_1_U2038                       | 2    |        | sum3_204           | fadd      | fulldsp                | 3       |
|     fadd_32ns_32ns_32_4_full_dsp_1_U2039                       | 2    |        | sum3_205           | fadd      | fulldsp                | 3       |
|     fadd_32ns_32ns_32_4_full_dsp_1_U2040                       | 2    |        | sum3_206           | fadd      | fulldsp                | 3       |
|     fadd_32ns_32ns_32_4_full_dsp_1_U2023                       | 2    |        | sum4_88            | fadd      | fulldsp                | 3       |
|     fadd_32ns_32ns_32_4_full_dsp_1_U2188                       | 2    |        | sum1_445           | fadd      | fulldsp                | 3       |
|     fadd_32ns_32ns_32_4_full_dsp_1_U2189                       | 2    |        | sum1_446           | fadd      | fulldsp                | 3       |
|     fadd_32ns_32ns_32_4_full_dsp_1_U2190                       | 2    |        | sum1_447           | fadd      | fulldsp                | 3       |
|     fadd_32ns_32ns_32_4_full_dsp_1_U2191                       | 2    |        | sum1_448           | fadd      | fulldsp                | 3       |
|     fadd_32ns_32ns_32_4_full_dsp_1_U2192                       | 2    |        | sum1_449           | fadd      | fulldsp                | 3       |
|     fadd_32ns_32ns_32_4_full_dsp_1_U2193                       | 2    |        | sum1_450           | fadd      | fulldsp                | 3       |
|     fadd_32ns_32ns_32_4_full_dsp_1_U2194                       | 2    |        | sum1_451           | fadd      | fulldsp                | 3       |
|     fadd_32ns_32ns_32_4_full_dsp_1_U2195                       | 2    |        | sum1_452           | fadd      | fulldsp                | 3       |
|     fadd_32ns_32ns_32_4_full_dsp_1_U2196                       | 2    |        | sum1_453           | fadd      | fulldsp                | 3       |
|     fadd_32ns_32ns_32_4_full_dsp_1_U2197                       | 2    |        | sum1_454           | fadd      | fulldsp                | 3       |
|     fadd_32ns_32ns_32_4_full_dsp_1_U2198                       | 2    |        | sum1_455           | fadd      | fulldsp                | 3       |
|     fadd_32ns_32ns_32_4_full_dsp_1_U2199                       | 2    |        | sum1_456           | fadd      | fulldsp                | 3       |
|     fadd_32ns_32ns_32_4_full_dsp_1_U2200                       | 2    |        | sum1_457           | fadd      | fulldsp                | 3       |
|     fadd_32ns_32ns_32_4_full_dsp_1_U2201                       | 2    |        | sum1_458           | fadd      | fulldsp                | 3       |
|     fadd_32ns_32ns_32_4_full_dsp_1_U2098                       | 2    |        | sum2_443           | fadd      | fulldsp                | 3       |
|     fadd_32ns_32ns_32_4_full_dsp_1_U2099                       | 2    |        | sum2_444           | fadd      | fulldsp                | 3       |
|     fadd_32ns_32ns_32_4_full_dsp_1_U2100                       | 2    |        | sum2_445           | fadd      | fulldsp                | 3       |
|     fadd_32ns_32ns_32_4_full_dsp_1_U2101                       | 2    |        | sum2_446           | fadd      | fulldsp                | 3       |
|     fadd_32ns_32ns_32_4_full_dsp_1_U2102                       | 2    |        | sum2_447           | fadd      | fulldsp                | 3       |
|     fadd_32ns_32ns_32_4_full_dsp_1_U2103                       | 2    |        | sum2_448           | fadd      | fulldsp                | 3       |
|     fadd_32ns_32ns_32_4_full_dsp_1_U2104                       | 2    |        | sum2_449           | fadd      | fulldsp                | 3       |
|     fadd_32ns_32ns_32_4_full_dsp_1_U2053                       | 2    |        | sum3_207           | fadd      | fulldsp                | 3       |
|     fadd_32ns_32ns_32_4_full_dsp_1_U2054                       | 2    |        | sum3_208           | fadd      | fulldsp                | 3       |
|     fadd_32ns_32ns_32_4_full_dsp_1_U2055                       | 2    |        | sum3_209           | fadd      | fulldsp                | 3       |
|     fadd_32ns_32ns_32_4_full_dsp_1_U2023                       | 2    |        | sum4_89            | fadd      | fulldsp                | 3       |
|     fmul_32ns_32ns_32_3_max_dsp_1_U2803                        | 3    |        | res1_959_i         | fmul      | maxdsp                 | 2       |
|     fadd_32ns_32ns_32_4_full_dsp_1_U2233                       | 2    |        | sum1_479_i         | fadd      | fulldsp                | 3       |
|     fadd_32ns_32ns_32_4_full_dsp_1_U2142                       | 2    |        | sum2_494_i         | fadd      | fulldsp                | 3       |
|     fadd_32ns_32ns_32_4_full_dsp_1_U2075                       | 2    |        | sum3_246_i         | fadd      | fulldsp                | 3       |
|     fadd_32ns_32ns_32_4_full_dsp_1_U2041                       | 2    |        | sum4_122_i         | fadd      | fulldsp                | 3       |
|     fadd_32ns_32ns_32_4_full_dsp_1_U2024                       | 2    |        | sum_val            | fadd      | fulldsp                | 3       |
|     fadd_32ns_32ns_32_4_full_dsp_1_U2353                       | 2    |        | sum1_1_i           | fadd      | fulldsp                | 3       |
|     fadd_32ns_32ns_32_4_full_dsp_1_U2202                       | 2    |        | sum2_1_i           | fadd      | fulldsp                | 3       |
|     fadd_32ns_32ns_32_4_full_dsp_1_U2105                       | 2    |        | sum3_1_i           | fadd      | fulldsp                | 3       |
|     fadd_32ns_32ns_32_4_full_dsp_1_U2056                       | 2    |        | sum4_1_i           | fadd      | fulldsp                | 3       |
|     fadd_32ns_32ns_32_4_full_dsp_1_U2024                       | 2    |        | prod_val           | fadd      | fulldsp                | 3       |
|     fmul_32ns_32ns_32_3_max_dsp_1_U2804                        | 3    |        | res1_480_i         | fmul      | maxdsp                 | 2       |
|     fadd_32ns_32ns_32_4_full_dsp_1_U2234                       | 2    |        | sum1_2_i           | fadd      | fulldsp                | 3       |
|     fadd_32ns_32ns_32_4_full_dsp_1_U2143                       | 2    |        | sum2_2_i           | fadd      | fulldsp                | 3       |
|     fadd_32ns_32ns_32_4_full_dsp_1_U2076                       | 2    |        | sum3_2_i           | fadd      | fulldsp                | 3       |
|     fadd_32ns_32ns_32_4_full_dsp_1_U2042                       | 2    |        | sum4_61_i          | fadd      | fulldsp                | 3       |
|     fadd_32ns_32ns_32_4_full_dsp_1_U2025                       | 2    |        | sum_val_1          | fadd      | fulldsp                | 3       |
|     fadd_32ns_32ns_32_4_full_dsp_1_U2354                       | 2    |        | sum1_3_i           | fadd      | fulldsp                | 3       |
|     fadd_32ns_32ns_32_4_full_dsp_1_U2203                       | 2    |        | sum2_3_i           | fadd      | fulldsp                | 3       |
|     fadd_32ns_32ns_32_4_full_dsp_1_U2106                       | 2    |        | sum3_3_i           | fadd      | fulldsp                | 3       |
|     fadd_32ns_32ns_32_4_full_dsp_1_U2057                       | 2    |        | sum4_63_i          | fadd      | fulldsp                | 3       |
|     fadd_32ns_32ns_32_4_full_dsp_1_U2025                       | 2    |        | prod_val_1         | fadd      | fulldsp                | 3       |
|     fmul_32ns_32ns_32_3_max_dsp_1_U2805                        | 3    |        | res1_495_i         | fmul      | maxdsp                 | 2       |
|     fadd_32ns_32ns_32_4_full_dsp_1_U2235                       | 2    |        | sum1_4_i           | fadd      | fulldsp                | 3       |
|     fadd_32ns_32ns_32_4_full_dsp_1_U2144                       | 2    |        | sum2_4_i           | fadd      | fulldsp                | 3       |
|     fadd_32ns_32ns_32_4_full_dsp_1_U2077                       | 2    |        | sum3_124_i         | fadd      | fulldsp                | 3       |
|     fadd_32ns_32ns_32_4_full_dsp_1_U2043                       | 2    |        | sum4_65_i          | fadd      | fulldsp                | 3       |
|     fadd_32ns_32ns_32_4_full_dsp_1_U2026                       | 2    |        | sum_val_2          | fadd      | fulldsp                | 3       |
|     fadd_32ns_32ns_32_4_full_dsp_1_U2355                       | 2    |        | sum1_5_i           | fadd      | fulldsp                | 3       |
|     fadd_32ns_32ns_32_4_full_dsp_1_U2204                       | 2    |        | sum2_5_i           | fadd      | fulldsp                | 3       |
|     fadd_32ns_32ns_32_4_full_dsp_1_U2107                       | 2    |        | sum3_128_i         | fadd      | fulldsp                | 3       |
|     fadd_32ns_32ns_32_4_full_dsp_1_U2058                       | 2    |        | sum4_67_i          | fadd      | fulldsp                | 3       |
|     fadd_32ns_32ns_32_4_full_dsp_1_U2026                       | 2    |        | prod_val_2         | fadd      | fulldsp                | 3       |
|     fmul_32ns_32ns_32_3_max_dsp_1_U2806                        | 3    |        | res1_511_i         | fmul      | maxdsp                 | 2       |
|     fadd_32ns_32ns_32_4_full_dsp_1_U2236                       | 2    |        | sum1_6_i           | fadd      | fulldsp                | 3       |
|     fadd_32ns_32ns_32_4_full_dsp_1_U2145                       | 2    |        | sum2_6_i           | fadd      | fulldsp                | 3       |
|     fadd_32ns_32ns_32_4_full_dsp_1_U2078                       | 2    |        | sum3_132_i         | fadd      | fulldsp                | 3       |
|     fadd_32ns_32ns_32_4_full_dsp_1_U2044                       | 2    |        | sum4_69_i          | fadd      | fulldsp                | 3       |
|     fadd_32ns_32ns_32_4_full_dsp_1_U2027                       | 2    |        | sum_val_3          | fadd      | fulldsp                | 3       |
|     fadd_32ns_32ns_32_4_full_dsp_1_U2356                       | 2    |        | sum1_7_i           | fadd      | fulldsp                | 3       |
|     fadd_32ns_32ns_32_4_full_dsp_1_U2205                       | 2    |        | sum2_7_i           | fadd      | fulldsp                | 3       |
|     fadd_32ns_32ns_32_4_full_dsp_1_U2108                       | 2    |        | sum3_136_i         | fadd      | fulldsp                | 3       |
|     fadd_32ns_32ns_32_4_full_dsp_1_U2059                       | 2    |        | sum4_71_i          | fadd      | fulldsp                | 3       |
|     fadd_32ns_32ns_32_4_full_dsp_1_U2027                       | 2    |        | prod_val_3         | fadd      | fulldsp                | 3       |
|     fmul_32ns_32ns_32_3_max_dsp_1_U2807                        | 3    |        | res1_526_i         | fmul      | maxdsp                 | 2       |
|     fadd_32ns_32ns_32_4_full_dsp_1_U2237                       | 2    |        | sum1_8_i           | fadd      | fulldsp                | 3       |
|     fadd_32ns_32ns_32_4_full_dsp_1_U2146                       | 2    |        | sum2_250_i         | fadd      | fulldsp                | 3       |
|     fadd_32ns_32ns_32_4_full_dsp_1_U2079                       | 2    |        | sum3_140_i         | fadd      | fulldsp                | 3       |
|     fadd_32ns_32ns_32_4_full_dsp_1_U2045                       | 2    |        | sum4_73_i          | fadd      | fulldsp                | 3       |
|     fadd_32ns_32ns_32_4_full_dsp_1_U2028                       | 2    |        | sum_val_4          | fadd      | fulldsp                | 3       |
|     fadd_32ns_32ns_32_4_full_dsp_1_U2357                       | 2    |        | sum1_9_i           | fadd      | fulldsp                | 3       |
|     fadd_32ns_32ns_32_4_full_dsp_1_U2206                       | 2    |        | sum2_258_i         | fadd      | fulldsp                | 3       |
|     fadd_32ns_32ns_32_4_full_dsp_1_U2109                       | 2    |        | sum3_144_i         | fadd      | fulldsp                | 3       |
|     fadd_32ns_32ns_32_4_full_dsp_1_U2060                       | 2    |        | sum4_75_i          | fadd      | fulldsp                | 3       |
|     fadd_32ns_32ns_32_4_full_dsp_1_U2028                       | 2    |        | prod_val_4         | fadd      | fulldsp                | 3       |
|     fmul_32ns_32ns_32_3_max_dsp_1_U2808                        | 3    |        | res1_542_i         | fmul      | maxdsp                 | 2       |
|     fadd_32ns_32ns_32_4_full_dsp_1_U2238                       | 2    |        | sum1_10_i          | fadd      | fulldsp                | 3       |
|     fadd_32ns_32ns_32_4_full_dsp_1_U2147                       | 2    |        | sum2_266_i         | fadd      | fulldsp                | 3       |
|     fadd_32ns_32ns_32_4_full_dsp_1_U2080                       | 2    |        | sum3_148_i         | fadd      | fulldsp                | 3       |
|     fadd_32ns_32ns_32_4_full_dsp_1_U2046                       | 2    |        | sum4_77_i          | fadd      | fulldsp                | 3       |
|     fadd_32ns_32ns_32_4_full_dsp_1_U2029                       | 2    |        | sum_val_5          | fadd      | fulldsp                | 3       |
|     fadd_32ns_32ns_32_4_full_dsp_1_U2358                       | 2    |        | sum1_11_i          | fadd      | fulldsp                | 3       |
|     fadd_32ns_32ns_32_4_full_dsp_1_U2207                       | 2    |        | sum2_274_i         | fadd      | fulldsp                | 3       |
|     fadd_32ns_32ns_32_4_full_dsp_1_U2110                       | 2    |        | sum3_152_i         | fadd      | fulldsp                | 3       |
|     fadd_32ns_32ns_32_4_full_dsp_1_U2061                       | 2    |        | sum4_79_i          | fadd      | fulldsp                | 3       |
|     fadd_32ns_32ns_32_4_full_dsp_1_U2029                       | 2    |        | prod_val_5         | fadd      | fulldsp                | 3       |
|     fmul_32ns_32ns_32_3_max_dsp_1_U2809                        | 3    |        | res1_557_i         | fmul      | maxdsp                 | 2       |
|     fadd_32ns_32ns_32_4_full_dsp_1_U2239                       | 2    |        | sum1_12_i          | fadd      | fulldsp                | 3       |
|     fadd_32ns_32ns_32_4_full_dsp_1_U2148                       | 2    |        | sum2_282_i         | fadd      | fulldsp                | 3       |
|     fadd_32ns_32ns_32_4_full_dsp_1_U2081                       | 2    |        | sum3_156_i         | fadd      | fulldsp                | 3       |
|     fadd_32ns_32ns_32_4_full_dsp_1_U2047                       | 2    |        | sum4_81_i          | fadd      | fulldsp                | 3       |
|     fadd_32ns_32ns_32_4_full_dsp_1_U2030                       | 2    |        | sum_val_6          | fadd      | fulldsp                | 3       |
|     fadd_32ns_32ns_32_4_full_dsp_1_U2359                       | 2    |        | sum1_13_i          | fadd      | fulldsp                | 3       |
|     fadd_32ns_32ns_32_4_full_dsp_1_U2208                       | 2    |        | sum2_290_i         | fadd      | fulldsp                | 3       |
|     fadd_32ns_32ns_32_4_full_dsp_1_U2111                       | 2    |        | sum3_160_i         | fadd      | fulldsp                | 3       |
|     fadd_32ns_32ns_32_4_full_dsp_1_U2062                       | 2    |        | sum4_83_i          | fadd      | fulldsp                | 3       |
|     fadd_32ns_32ns_32_4_full_dsp_1_U2030                       | 2    |        | prod_val_6         | fadd      | fulldsp                | 3       |
|     fmul_32ns_32ns_32_3_max_dsp_1_U2810                        | 3    |        | res1_573_i         | fmul      | maxdsp                 | 2       |
|     fadd_32ns_32ns_32_4_full_dsp_1_U2240                       | 2    |        | sum1_14_i          | fadd      | fulldsp                | 3       |
|     fadd_32ns_32ns_32_4_full_dsp_1_U2149                       | 2    |        | sum2_298_i         | fadd      | fulldsp                | 3       |
|     fadd_32ns_32ns_32_4_full_dsp_1_U2082                       | 2    |        | sum3_164_i         | fadd      | fulldsp                | 3       |
|     fadd_32ns_32ns_32_4_full_dsp_1_U2048                       | 2    |        | sum4_85_i          | fadd      | fulldsp                | 3       |
|     fadd_32ns_32ns_32_4_full_dsp_1_U2031                       | 2    |        | sum_val_7          | fadd      | fulldsp                | 3       |
|     fadd_32ns_32ns_32_4_full_dsp_1_U2360                       | 2    |        | sum1_15_i          | fadd      | fulldsp                | 3       |
|     fadd_32ns_32ns_32_4_full_dsp_1_U2209                       | 2    |        | sum2_306_i         | fadd      | fulldsp                | 3       |
|     fadd_32ns_32ns_32_4_full_dsp_1_U2112                       | 2    |        | sum3_168_i         | fadd      | fulldsp                | 3       |
|     fadd_32ns_32ns_32_4_full_dsp_1_U2063                       | 2    |        | sum4_87_i          | fadd      | fulldsp                | 3       |
|     fadd_32ns_32ns_32_4_full_dsp_1_U2031                       | 2    |        | prod_val_7         | fadd      | fulldsp                | 3       |
|     fmul_32ns_32ns_32_3_max_dsp_1_U2811                        | 3    |        | res1_588_i         | fmul      | maxdsp                 | 2       |
|     fadd_32ns_32ns_32_4_full_dsp_1_U2241                       | 2    |        | sum1_45_i          | fadd      | fulldsp                | 3       |
|     fadd_32ns_32ns_32_4_full_dsp_1_U2150                       | 2    |        | sum2_314_i         | fadd      | fulldsp                | 3       |
|     fadd_32ns_32ns_32_4_full_dsp_1_U2083                       | 2    |        | sum3_172_i         | fadd      | fulldsp                | 3       |
|     fadd_32ns_32ns_32_4_full_dsp_1_U2049                       | 2    |        | sum4_89_i          | fadd      | fulldsp                | 3       |
|     fadd_32ns_32ns_32_4_full_dsp_1_U2032                       | 2    |        | sum_val_8          | fadd      | fulldsp                | 3       |
|     fadd_32ns_32ns_32_4_full_dsp_1_U2361                       | 2    |        | sum1_76_i          | fadd      | fulldsp                | 3       |
|     fadd_32ns_32ns_32_4_full_dsp_1_U2210                       | 2    |        | sum2_322_i         | fadd      | fulldsp                | 3       |
|     fadd_32ns_32ns_32_4_full_dsp_1_U2113                       | 2    |        | sum3_176_i         | fadd      | fulldsp                | 3       |
|     fadd_32ns_32ns_32_4_full_dsp_1_U2064                       | 2    |        | sum4_91_i          | fadd      | fulldsp                | 3       |
|     fadd_32ns_32ns_32_4_full_dsp_1_U2032                       | 2    |        | prod_val_8         | fadd      | fulldsp                | 3       |
|     fmul_32ns_32ns_32_3_max_dsp_1_U2812                        | 3    |        | res1_604_i         | fmul      | maxdsp                 | 2       |
|     fadd_32ns_32ns_32_4_full_dsp_1_U2242                       | 2    |        | sum1_107_i         | fadd      | fulldsp                | 3       |
|     fadd_32ns_32ns_32_4_full_dsp_1_U2151                       | 2    |        | sum2_330_i         | fadd      | fulldsp                | 3       |
|     fadd_32ns_32ns_32_4_full_dsp_1_U2084                       | 2    |        | sum3_180_i         | fadd      | fulldsp                | 3       |
|     fadd_32ns_32ns_32_4_full_dsp_1_U2050                       | 2    |        | sum4_93_i          | fadd      | fulldsp                | 3       |
|     fadd_32ns_32ns_32_4_full_dsp_1_U2033                       | 2    |        | sum_val_9          | fadd      | fulldsp                | 3       |
|     fadd_32ns_32ns_32_4_full_dsp_1_U2362                       | 2    |        | sum1_138_i         | fadd      | fulldsp                | 3       |
|     fadd_32ns_32ns_32_4_full_dsp_1_U2211                       | 2    |        | sum2_338_i         | fadd      | fulldsp                | 3       |
|     fadd_32ns_32ns_32_4_full_dsp_1_U2114                       | 2    |        | sum3_184_i         | fadd      | fulldsp                | 3       |
|     fadd_32ns_32ns_32_4_full_dsp_1_U2065                       | 2    |        | sum4_95_i          | fadd      | fulldsp                | 3       |
|     fadd_32ns_32ns_32_4_full_dsp_1_U2033                       | 2    |        | prod_val_9         | fadd      | fulldsp                | 3       |
|     fmul_32ns_32ns_32_3_max_dsp_1_U2813                        | 3    |        | res1_619_i         | fmul      | maxdsp                 | 2       |
|     fadd_32ns_32ns_32_4_full_dsp_1_U2243                       | 2    |        | sum1_169_i         | fadd      | fulldsp                | 3       |
|     fadd_32ns_32ns_32_4_full_dsp_1_U2152                       | 2    |        | sum2_346_i         | fadd      | fulldsp                | 3       |
|     fadd_32ns_32ns_32_4_full_dsp_1_U2085                       | 2    |        | sum3_188_i         | fadd      | fulldsp                | 3       |
|     fadd_32ns_32ns_32_4_full_dsp_1_U2051                       | 2    |        | sum4_97_i          | fadd      | fulldsp                | 3       |
|     fadd_32ns_32ns_32_4_full_dsp_1_U2034                       | 2    |        | sum_val_10         | fadd      | fulldsp                | 3       |
|     fadd_32ns_32ns_32_4_full_dsp_1_U2363                       | 2    |        | sum1_200_i         | fadd      | fulldsp                | 3       |
|     fadd_32ns_32ns_32_4_full_dsp_1_U2212                       | 2    |        | sum2_354_i         | fadd      | fulldsp                | 3       |
|     fadd_32ns_32ns_32_4_full_dsp_1_U2115                       | 2    |        | sum3_192_i         | fadd      | fulldsp                | 3       |
|     fadd_32ns_32ns_32_4_full_dsp_1_U2066                       | 2    |        | sum4_99_i          | fadd      | fulldsp                | 3       |
|     fadd_32ns_32ns_32_4_full_dsp_1_U2034                       | 2    |        | prod_val_10        | fadd      | fulldsp                | 3       |
|     fmul_32ns_32ns_32_3_max_dsp_1_U2814                        | 3    |        | res1_635_i         | fmul      | maxdsp                 | 2       |
|     fadd_32ns_32ns_32_4_full_dsp_1_U2244                       | 2    |        | sum1_231_i         | fadd      | fulldsp                | 3       |
|     fadd_32ns_32ns_32_4_full_dsp_1_U2153                       | 2    |        | sum2_362_i         | fadd      | fulldsp                | 3       |
|     fadd_32ns_32ns_32_4_full_dsp_1_U2086                       | 2    |        | sum3_196_i         | fadd      | fulldsp                | 3       |
|     fadd_32ns_32ns_32_4_full_dsp_1_U2052                       | 2    |        | sum4_101_i         | fadd      | fulldsp                | 3       |
|     fadd_32ns_32ns_32_4_full_dsp_1_U2035                       | 2    |        | sum_val_11         | fadd      | fulldsp                | 3       |
|     fadd_32ns_32ns_32_4_full_dsp_1_U2364                       | 2    |        | sum1_262_i         | fadd      | fulldsp                | 3       |
|     fadd_32ns_32ns_32_4_full_dsp_1_U2213                       | 2    |        | sum2_370_i         | fadd      | fulldsp                | 3       |
|     fadd_32ns_32ns_32_4_full_dsp_1_U2116                       | 2    |        | sum3_200_i         | fadd      | fulldsp                | 3       |
|     fadd_32ns_32ns_32_4_full_dsp_1_U2067                       | 2    |        | sum4_103_i         | fadd      | fulldsp                | 3       |
|     fadd_32ns_32ns_32_4_full_dsp_1_U2035                       | 2    |        | prod_val_11        | fadd      | fulldsp                | 3       |
|     fmul_32ns_32ns_32_3_max_dsp_1_U2815                        | 3    |        | res1_650_i         | fmul      | maxdsp                 | 2       |
|     fadd_32ns_32ns_32_4_full_dsp_1_U2245                       | 2    |        | sum1_293_i         | fadd      | fulldsp                | 3       |
|     fadd_32ns_32ns_32_4_full_dsp_1_U2154                       | 2    |        | sum2_378_i         | fadd      | fulldsp                | 3       |
|     fadd_32ns_32ns_32_4_full_dsp_1_U2087                       | 2    |        | sum3_204_i         | fadd      | fulldsp                | 3       |
|     fadd_32ns_32ns_32_4_full_dsp_1_U2053                       | 2    |        | sum4_105_i         | fadd      | fulldsp                | 3       |
|     fadd_32ns_32ns_32_4_full_dsp_1_U2036                       | 2    |        | sum_val_12         | fadd      | fulldsp                | 3       |
|     fadd_32ns_32ns_32_4_full_dsp_1_U2365                       | 2    |        | sum1_324_i         | fadd      | fulldsp                | 3       |
|     fadd_32ns_32ns_32_4_full_dsp_1_U2214                       | 2    |        | sum2_386_i         | fadd      | fulldsp                | 3       |
|     fadd_32ns_32ns_32_4_full_dsp_1_U2117                       | 2    |        | sum3_208_i         | fadd      | fulldsp                | 3       |
|     fadd_32ns_32ns_32_4_full_dsp_1_U2068                       | 2    |        | sum4_107_i         | fadd      | fulldsp                | 3       |
|     fadd_32ns_32ns_32_4_full_dsp_1_U2036                       | 2    |        | prod_val_12        | fadd      | fulldsp                | 3       |
|     fmul_32ns_32ns_32_3_max_dsp_1_U2816                        | 3    |        | res1_666_i         | fmul      | maxdsp                 | 2       |
|     fadd_32ns_32ns_32_4_full_dsp_1_U2246                       | 2    |        | sum1_355_i         | fadd      | fulldsp                | 3       |
|     fadd_32ns_32ns_32_4_full_dsp_1_U2155                       | 2    |        | sum2_394_i         | fadd      | fulldsp                | 3       |
|     fadd_32ns_32ns_32_4_full_dsp_1_U2088                       | 2    |        | sum3_212_i         | fadd      | fulldsp                | 3       |
|     fadd_32ns_32ns_32_4_full_dsp_1_U2054                       | 2    |        | sum4_109_i         | fadd      | fulldsp                | 3       |
|     fadd_32ns_32ns_32_4_full_dsp_1_U2037                       | 2    |        | sum_val_13         | fadd      | fulldsp                | 3       |
|     fadd_32ns_32ns_32_4_full_dsp_1_U2366                       | 2    |        | sum1_386_i         | fadd      | fulldsp                | 3       |
|     fadd_32ns_32ns_32_4_full_dsp_1_U2215                       | 2    |        | sum2_402_i         | fadd      | fulldsp                | 3       |
|     fadd_32ns_32ns_32_4_full_dsp_1_U2118                       | 2    |        | sum3_216_i         | fadd      | fulldsp                | 3       |
|     fadd_32ns_32ns_32_4_full_dsp_1_U2069                       | 2    |        | sum4_111_i         | fadd      | fulldsp                | 3       |
|     fadd_32ns_32ns_32_4_full_dsp_1_U2037                       | 2    |        | prod_val_13        | fadd      | fulldsp                | 3       |
|     fmul_32ns_32ns_32_3_max_dsp_1_U2411                        | 3    |        | res1_681_i         | fmul      | maxdsp                 | 2       |
|     fadd_32ns_32ns_32_4_full_dsp_1_U2156                       | 2    |        | sum1_417_i         | fadd      | fulldsp                | 3       |
|     fadd_32ns_32ns_32_4_full_dsp_1_U2089                       | 2    |        | sum2_410_i         | fadd      | fulldsp                | 3       |
|     fadd_32ns_32ns_32_4_full_dsp_1_U2055                       | 2    |        | sum3_220_i         | fadd      | fulldsp                | 3       |
|     fadd_32ns_32ns_32_4_full_dsp_1_U2038                       | 2    |        | sum4_113_i         | fadd      | fulldsp                | 3       |
|     fadd_32ns_32ns_32_4_full_dsp_1_U2022                       | 2    |        | sum_val_16         | fadd      | fulldsp                | 3       |
|     fadd_32ns_32ns_32_4_full_dsp_1_U2216                       | 2    |        | sum1_448_i         | fadd      | fulldsp                | 3       |
|     fadd_32ns_32ns_32_4_full_dsp_1_U2119                       | 2    |        | sum2_418_i         | fadd      | fulldsp                | 3       |
|     fadd_32ns_32ns_32_4_full_dsp_1_U2070                       | 2    |        | sum3_224_i         | fadd      | fulldsp                | 3       |
|     fadd_32ns_32ns_32_4_full_dsp_1_U2038                       | 2    |        | sum4_115_i         | fadd      | fulldsp                | 3       |
|     fadd_32ns_32ns_32_4_full_dsp_1_U2022                       | 2    |        | prod_val_16        | fadd      | fulldsp                | 3       |
|     fadd_32ns_32ns_32_4_full_dsp_1_U2023                       | 2    |        | sum1_459           | fadd      | fulldsp                | 3       |
|     fadd_32ns_32ns_32_4_full_dsp_1_U2024                       | 2    |        | sum1_460           | fadd      | fulldsp                | 3       |
|     fadd_32ns_32ns_32_4_full_dsp_1_U2025                       | 2    |        | sum1_461           | fadd      | fulldsp                | 3       |
|     fadd_32ns_32ns_32_4_full_dsp_1_U2026                       | 2    |        | sum1_462           | fadd      | fulldsp                | 3       |
|     fadd_32ns_32ns_32_4_full_dsp_1_U2027                       | 2    |        | sum1_463           | fadd      | fulldsp                | 3       |
|     fadd_32ns_32ns_32_4_full_dsp_1_U2028                       | 2    |        | sum1_464           | fadd      | fulldsp                | 3       |
|     fadd_32ns_32ns_32_4_full_dsp_1_U2029                       | 2    |        | sum1_465           | fadd      | fulldsp                | 3       |
|     fadd_32ns_32ns_32_4_full_dsp_1_U2030                       | 2    |        | sum1_466           | fadd      | fulldsp                | 3       |
|     fadd_32ns_32ns_32_4_full_dsp_1_U2023                       | 2    |        | sum1_467           | fadd      | fulldsp                | 3       |
|     fadd_32ns_32ns_32_4_full_dsp_1_U2024                       | 2    |        | sum1_468           | fadd      | fulldsp                | 3       |
|     fadd_32ns_32ns_32_4_full_dsp_1_U2025                       | 2    |        | sum1_469           | fadd      | fulldsp                | 3       |
|     fadd_32ns_32ns_32_4_full_dsp_1_U2026                       | 2    |        | sum1_470           | fadd      | fulldsp                | 3       |
|     fadd_32ns_32ns_32_4_full_dsp_1_U2027                       | 2    |        | sum1_471           | fadd      | fulldsp                | 3       |
|     fadd_32ns_32ns_32_4_full_dsp_1_U2028                       | 2    |        | sum1_472           | fadd      | fulldsp                | 3       |
|     fadd_32ns_32ns_32_4_full_dsp_1_U2029                       | 2    |        | sum1_473           | fadd      | fulldsp                | 3       |
|     fadd_32ns_32ns_32_4_full_dsp_1_U2022                       | 2    |        | sum2_450           | fadd      | fulldsp                | 3       |
|     fadd_32ns_32ns_32_4_full_dsp_1_U2023                       | 2    |        | sum2_451           | fadd      | fulldsp                | 3       |
|     fadd_32ns_32ns_32_4_full_dsp_1_U2024                       | 2    |        | sum2_452           | fadd      | fulldsp                | 3       |
|     fadd_32ns_32ns_32_4_full_dsp_1_U2025                       | 2    |        | sum2_453           | fadd      | fulldsp                | 3       |
|     fadd_32ns_32ns_32_4_full_dsp_1_U2022                       | 2    |        | sum2_454           | fadd      | fulldsp                | 3       |
|     fadd_32ns_32ns_32_4_full_dsp_1_U2023                       | 2    |        | sum2_455           | fadd      | fulldsp                | 3       |
|     fadd_32ns_32ns_32_4_full_dsp_1_U2024                       | 2    |        | sum2_456           | fadd      | fulldsp                | 3       |
|     fadd_32ns_32ns_32_4_full_dsp_1_U2025                       | 2    |        | sum2_457           | fadd      | fulldsp                | 3       |
|     fadd_32ns_32ns_32_4_full_dsp_1_U2022                       | 2    |        | sum3_210           | fadd      | fulldsp                | 3       |
|     fadd_32ns_32ns_32_4_full_dsp_1_U2023                       | 2    |        | sum3_211           | fadd      | fulldsp                | 3       |
|     fadd_32ns_32ns_32_4_full_dsp_1_U2022                       | 2    |        | sum3_212           | fadd      | fulldsp                | 3       |
|     fadd_32ns_32ns_32_4_full_dsp_1_U2023                       | 2    |        | sum3_213           | fadd      | fulldsp                | 3       |
|     fadd_32ns_32ns_32_4_full_dsp_1_U2022                       | 2    |        | sum4_90            | fadd      | fulldsp                | 3       |
|     fadd_32ns_32ns_32_4_full_dsp_1_U2022                       | 2    |        | sum4_91            | fadd      | fulldsp                | 3       |
|     fadd_32ns_32ns_32_4_full_dsp_1_U2022                       | 2    |        | sum_write_assign   | fadd      | fulldsp                | 3       |
|     fadd_32ns_32ns_32_4_full_dsp_1_U2031                       | 2    |        | sum1_474           | fadd      | fulldsp                | 3       |
|     fadd_32ns_32ns_32_4_full_dsp_1_U2032                       | 2    |        | sum1_475           | fadd      | fulldsp                | 3       |
|     fadd_32ns_32ns_32_4_full_dsp_1_U2033                       | 2    |        | sum1_476           | fadd      | fulldsp                | 3       |
|     fadd_32ns_32ns_32_4_full_dsp_1_U2034                       | 2    |        | sum1_477           | fadd      | fulldsp                | 3       |
|     fadd_32ns_32ns_32_4_full_dsp_1_U2035                       | 2    |        | sum1_478           | fadd      | fulldsp                | 3       |
|     fadd_32ns_32ns_32_4_full_dsp_1_U2036                       | 2    |        | sum1_479           | fadd      | fulldsp                | 3       |
|     fadd_32ns_32ns_32_4_full_dsp_1_U2037                       | 2    |        | sum1_480           | fadd      | fulldsp                | 3       |
|     fadd_32ns_32ns_32_4_full_dsp_1_U2038                       | 2    |        | sum1_481           | fadd      | fulldsp                | 3       |
|     fadd_32ns_32ns_32_4_full_dsp_1_U2039                       | 2    |        | sum1_482           | fadd      | fulldsp                | 3       |
|     fadd_32ns_32ns_32_4_full_dsp_1_U2040                       | 2    |        | sum1_483           | fadd      | fulldsp                | 3       |
|     fadd_32ns_32ns_32_4_full_dsp_1_U2041                       | 2    |        | sum1_484           | fadd      | fulldsp                | 3       |
|     fadd_32ns_32ns_32_4_full_dsp_1_U2042                       | 2    |        | sum1_485           | fadd      | fulldsp                | 3       |
|     fadd_32ns_32ns_32_4_full_dsp_1_U2043                       | 2    |        | sum1_486           | fadd      | fulldsp                | 3       |
|     fadd_32ns_32ns_32_4_full_dsp_1_U2044                       | 2    |        | sum1_487           | fadd      | fulldsp                | 3       |
|     fadd_32ns_32ns_32_4_full_dsp_1_U2045                       | 2    |        | sum1_488           | fadd      | fulldsp                | 3       |
|     fadd_32ns_32ns_32_4_full_dsp_1_U2026                       | 2    |        | sum2_458           | fadd      | fulldsp                | 3       |
|     fadd_32ns_32ns_32_4_full_dsp_1_U2027                       | 2    |        | sum2_459           | fadd      | fulldsp                | 3       |
|     fadd_32ns_32ns_32_4_full_dsp_1_U2028                       | 2    |        | sum2_460           | fadd      | fulldsp                | 3       |
|     fadd_32ns_32ns_32_4_full_dsp_1_U2029                       | 2    |        | sum2_461           | fadd      | fulldsp                | 3       |
|     fadd_32ns_32ns_32_4_full_dsp_1_U2030                       | 2    |        | sum2_462           | fadd      | fulldsp                | 3       |
|     fadd_32ns_32ns_32_4_full_dsp_1_U2031                       | 2    |        | sum2_463           | fadd      | fulldsp                | 3       |
|     fadd_32ns_32ns_32_4_full_dsp_1_U2032                       | 2    |        | sum2_464           | fadd      | fulldsp                | 3       |
|     fadd_32ns_32ns_32_4_full_dsp_1_U2033                       | 2    |        | sum2_465           | fadd      | fulldsp                | 3       |
|     fadd_32ns_32ns_32_4_full_dsp_1_U2024                       | 2    |        | sum3_214           | fadd      | fulldsp                | 3       |
|     fadd_32ns_32ns_32_4_full_dsp_1_U2025                       | 2    |        | sum3_215           | fadd      | fulldsp                | 3       |
|     fadd_32ns_32ns_32_4_full_dsp_1_U2026                       | 2    |        | sum3_216           | fadd      | fulldsp                | 3       |
|     fadd_32ns_32ns_32_4_full_dsp_1_U2027                       | 2    |        | sum3_217           | fadd      | fulldsp                | 3       |
|     fadd_32ns_32ns_32_4_full_dsp_1_U2023                       | 2    |        | sum4_92            | fadd      | fulldsp                | 3       |
|     fadd_32ns_32ns_32_4_full_dsp_1_U2024                       | 2    |        | sum4_93            | fadd      | fulldsp                | 3       |
|     fadd_32ns_32ns_32_4_full_dsp_1_U2023                       | 2    |        | sum_write_assign_2 | fadd      | fulldsp                | 3       |
|    + matrix_sum_prod_Pipeline_VITIS_LOOP_191_1                 | 0    |        |                    |           |                        |         |
|      icmp_ln195_fu_676_p2                                      |      |        | icmp_ln195         | seteq     | auto                   | 0       |
|      icmp_ln191_fu_698_p2                                      |      |        | icmp_ln191         | seteq     | auto                   | 0       |
|   + dataflow_in_loop_VITIS_LOOP_241_1_1_Block_newFuncRoot_proc | 0    |        |                    |           |                        |         |
|     add_ln263_fu_36_p2                                         |      |        | add_ln263          | add       | fabric                 | 0       |
|   + post_process                                               | 3    |        |                    |           |                        |         |
|     fdiv_32ns_32ns_32_9_no_dsp_1_U4741                         |      |        | div_i              | fdiv      | fabric                 | 8       |
|     fmul_32ns_32ns_32_3_max_dsp_1_U4740                        | 3    |        | mul_i              | fmul      | maxdsp                 | 2       |
+----------------------------------------------------------------+------+--------+--------------------+-----------+------------------------+---------+


================================================================
== Storage Report
================================================================
+----------------------------------------+--------------+------------+------+------+--------+---------------------+------+---------+------------------+
| Name                                   | Usage        | Type       | BRAM | URAM | Pragma | Variable            | Impl | Latency | Bitwidth, Depth, |
|                                        |              |            |      |      |        |                     |      |         | Banks            |
+----------------------------------------+--------------+------------+------+------+--------+---------------------+------+---------+------------------+
| + reconstruct                          |              |            | 39   | 0    |        |                     |      |         |                  |
|   control_s_axi_U                      | interface    | s_axilite  |      |      |        |                     |      |         |                  |
|   scalar_data_s_axi_U                  | interface    | s_axilite  |      |      |        |                     |      |         |                  |
|   atomLocations_m_axi_U                | interface    | m_axi      | 4    |      |        |                     |      |         |                  |
|   emissions_m_axi_U                    | interface    | m_axi      | 2    |      |        |                     |      |         |                  |
|   fullImage_m_axi_U                    | interface    | m_axi      | 29   |      |        |                     |      |         |                  |
|   imageProjs_m_axi_U                   | interface    | m_axi      | 2    |      |        |                     |      |         |                  |
|   imageProjs_local_m_axi_U             | interface    | m_axi      | 2    |      |        |                     |      |         |                  |
|  + dataflow_in_loop_VITIS_LOOP_241_1_1 |              |            | 0    | 0    |        |                     |      |         |                  |
|    p_loc_channel_U                     | fifo channel | task level |      |      |        | p_loc_channel       | srl  | 0       | 64, 4, 1         |
|    localImages_U                       | fifo channel | stream     |      |      |        | localImages         | srl  | 0       | 256, 4, 1        |
|    curr_fullImage_U                    | fifo channel | task level |      |      |        | curr_fullImage      | srl  | 0       | 32, 2, 1         |
|    curr_fullImage_1_U                  | fifo channel | task level |      |      |        | curr_fullImage_1    | srl  | 0       | 32, 2, 1         |
|    curr_fullImage_2_U                  | fifo channel | task level |      |      |        | curr_fullImage_2    | srl  | 0       | 32, 2, 1         |
|    curr_fullImage_3_U                  | fifo channel | task level |      |      |        | curr_fullImage_3    | srl  | 0       | 32, 2, 1         |
|    curr_fullImage_4_U                  | fifo channel | task level |      |      |        | curr_fullImage_4    | srl  | 0       | 32, 2, 1         |
|    curr_fullImage_5_U                  | fifo channel | task level |      |      |        | curr_fullImage_5    | srl  | 0       | 32, 2, 1         |
|    curr_fullImage_6_U                  | fifo channel | task level |      |      |        | curr_fullImage_6    | srl  | 0       | 32, 2, 1         |
|    curr_fullImage_7_U                  | fifo channel | task level |      |      |        | curr_fullImage_7    | srl  | 0       | 32, 2, 1         |
|    curr_fullImage_8_U                  | fifo channel | task level |      |      |        | curr_fullImage_8    | srl  | 0       | 32, 2, 1         |
|    curr_fullImage_9_U                  | fifo channel | task level |      |      |        | curr_fullImage_9    | srl  | 0       | 32, 2, 1         |
|    curr_fullImage_10_U                 | fifo channel | task level |      |      |        | curr_fullImage_10   | srl  | 0       | 32, 2, 1         |
|    curr_fullImage_11_U                 | fifo channel | task level |      |      |        | curr_fullImage_11   | srl  | 0       | 32, 2, 1         |
|    curr_fullImage_12_U                 | fifo channel | task level |      |      |        | curr_fullImage_12   | srl  | 0       | 32, 2, 1         |
|    curr_fullImage_13_U                 | fifo channel | task level |      |      |        | curr_fullImage_13   | srl  | 0       | 32, 2, 1         |
|    curr_fullImage_14_U                 | fifo channel | task level |      |      |        | curr_fullImage_14   | srl  | 0       | 32, 2, 1         |
|    curr_fullImage_15_U                 | fifo channel | task level |      |      |        | curr_fullImage_15   | srl  | 0       | 32, 2, 1         |
|    curr_fullImage_16_U                 | fifo channel | task level |      |      |        | curr_fullImage_16   | srl  | 0       | 32, 2, 1         |
|    curr_fullImage_17_U                 | fifo channel | task level |      |      |        | curr_fullImage_17   | srl  | 0       | 32, 2, 1         |
|    curr_fullImage_18_U                 | fifo channel | task level |      |      |        | curr_fullImage_18   | srl  | 0       | 32, 2, 1         |
|    curr_fullImage_19_U                 | fifo channel | task level |      |      |        | curr_fullImage_19   | srl  | 0       | 32, 2, 1         |
|    curr_fullImage_20_U                 | fifo channel | task level |      |      |        | curr_fullImage_20   | srl  | 0       | 32, 2, 1         |
|    curr_fullImage_21_U                 | fifo channel | task level |      |      |        | curr_fullImage_21   | srl  | 0       | 32, 2, 1         |
|    curr_fullImage_22_U                 | fifo channel | task level |      |      |        | curr_fullImage_22   | srl  | 0       | 32, 2, 1         |
|    curr_fullImage_23_U                 | fifo channel | task level |      |      |        | curr_fullImage_23   | srl  | 0       | 32, 2, 1         |
|    curr_fullImage_24_U                 | fifo channel | task level |      |      |        | curr_fullImage_24   | srl  | 0       | 32, 2, 1         |
|    curr_fullImage_25_U                 | fifo channel | task level |      |      |        | curr_fullImage_25   | srl  | 0       | 32, 2, 1         |
|    curr_fullImage_26_U                 | fifo channel | task level |      |      |        | curr_fullImage_26   | srl  | 0       | 32, 2, 1         |
|    curr_fullImage_27_U                 | fifo channel | task level |      |      |        | curr_fullImage_27   | srl  | 0       | 32, 2, 1         |
|    curr_fullImage_28_U                 | fifo channel | task level |      |      |        | curr_fullImage_28   | srl  | 0       | 32, 2, 1         |
|    curr_fullImage_29_U                 | fifo channel | task level |      |      |        | curr_fullImage_29   | srl  | 0       | 32, 2, 1         |
|    curr_fullImage_30_U                 | fifo channel | task level |      |      |        | curr_fullImage_30   | srl  | 0       | 32, 2, 1         |
|    curr_fullImage_31_U                 | fifo channel | task level |      |      |        | curr_fullImage_31   | srl  | 0       | 32, 2, 1         |
|    curr_fullImage_32_U                 | fifo channel | task level |      |      |        | curr_fullImage_32   | srl  | 0       | 32, 2, 1         |
|    curr_fullImage_33_U                 | fifo channel | task level |      |      |        | curr_fullImage_33   | srl  | 0       | 32, 2, 1         |
|    curr_fullImage_34_U                 | fifo channel | task level |      |      |        | curr_fullImage_34   | srl  | 0       | 32, 2, 1         |
|    curr_fullImage_35_U                 | fifo channel | task level |      |      |        | curr_fullImage_35   | srl  | 0       | 32, 2, 1         |
|    curr_fullImage_36_U                 | fifo channel | task level |      |      |        | curr_fullImage_36   | srl  | 0       | 32, 2, 1         |
|    curr_fullImage_37_U                 | fifo channel | task level |      |      |        | curr_fullImage_37   | srl  | 0       | 32, 2, 1         |
|    curr_fullImage_38_U                 | fifo channel | task level |      |      |        | curr_fullImage_38   | srl  | 0       | 32, 2, 1         |
|    curr_fullImage_39_U                 | fifo channel | task level |      |      |        | curr_fullImage_39   | srl  | 0       | 32, 2, 1         |
|    curr_fullImage_40_U                 | fifo channel | task level |      |      |        | curr_fullImage_40   | srl  | 0       | 32, 2, 1         |
|    curr_fullImage_41_U                 | fifo channel | task level |      |      |        | curr_fullImage_41   | srl  | 0       | 32, 2, 1         |
|    curr_fullImage_42_U                 | fifo channel | task level |      |      |        | curr_fullImage_42   | srl  | 0       | 32, 2, 1         |
|    curr_fullImage_43_U                 | fifo channel | task level |      |      |        | curr_fullImage_43   | srl  | 0       | 32, 2, 1         |
|    curr_fullImage_44_U                 | fifo channel | task level |      |      |        | curr_fullImage_44   | srl  | 0       | 32, 2, 1         |
|    curr_fullImage_45_U                 | fifo channel | task level |      |      |        | curr_fullImage_45   | srl  | 0       | 32, 2, 1         |
|    curr_fullImage_46_U                 | fifo channel | task level |      |      |        | curr_fullImage_46   | srl  | 0       | 32, 2, 1         |
|    curr_fullImage_47_U                 | fifo channel | task level |      |      |        | curr_fullImage_47   | srl  | 0       | 32, 2, 1         |
|    curr_fullImage_48_U                 | fifo channel | task level |      |      |        | curr_fullImage_48   | srl  | 0       | 32, 2, 1         |
|    curr_fullImage_49_U                 | fifo channel | task level |      |      |        | curr_fullImage_49   | srl  | 0       | 32, 2, 1         |
|    curr_fullImage_50_U                 | fifo channel | task level |      |      |        | curr_fullImage_50   | srl  | 0       | 32, 2, 1         |
|    curr_fullImage_51_U                 | fifo channel | task level |      |      |        | curr_fullImage_51   | srl  | 0       | 32, 2, 1         |
|    curr_fullImage_52_U                 | fifo channel | task level |      |      |        | curr_fullImage_52   | srl  | 0       | 32, 2, 1         |
|    curr_fullImage_53_U                 | fifo channel | task level |      |      |        | curr_fullImage_53   | srl  | 0       | 32, 2, 1         |
|    curr_fullImage_54_U                 | fifo channel | task level |      |      |        | curr_fullImage_54   | srl  | 0       | 32, 2, 1         |
|    curr_fullImage_55_U                 | fifo channel | task level |      |      |        | curr_fullImage_55   | srl  | 0       | 32, 2, 1         |
|    curr_fullImage_56_U                 | fifo channel | task level |      |      |        | curr_fullImage_56   | srl  | 0       | 32, 2, 1         |
|    curr_fullImage_57_U                 | fifo channel | task level |      |      |        | curr_fullImage_57   | srl  | 0       | 32, 2, 1         |
|    curr_fullImage_58_U                 | fifo channel | task level |      |      |        | curr_fullImage_58   | srl  | 0       | 32, 2, 1         |
|    curr_fullImage_59_U                 | fifo channel | task level |      |      |        | curr_fullImage_59   | srl  | 0       | 32, 2, 1         |
|    curr_fullImage_60_U                 | fifo channel | task level |      |      |        | curr_fullImage_60   | srl  | 0       | 32, 2, 1         |
|    curr_fullImage_61_U                 | fifo channel | task level |      |      |        | curr_fullImage_61   | srl  | 0       | 32, 2, 1         |
|    curr_fullImage_62_U                 | fifo channel | task level |      |      |        | curr_fullImage_62   | srl  | 0       | 32, 2, 1         |
|    curr_fullImage_63_U                 | fifo channel | task level |      |      |        | curr_fullImage_63   | srl  | 0       | 32, 2, 1         |
|    curr_fullImage_64_U                 | fifo channel | task level |      |      |        | curr_fullImage_64   | srl  | 0       | 32, 2, 1         |
|    curr_fullImage_65_U                 | fifo channel | task level |      |      |        | curr_fullImage_65   | srl  | 0       | 32, 2, 1         |
|    curr_fullImage_66_U                 | fifo channel | task level |      |      |        | curr_fullImage_66   | srl  | 0       | 32, 2, 1         |
|    curr_fullImage_67_U                 | fifo channel | task level |      |      |        | curr_fullImage_67   | srl  | 0       | 32, 2, 1         |
|    curr_fullImage_68_U                 | fifo channel | task level |      |      |        | curr_fullImage_68   | srl  | 0       | 32, 2, 1         |
|    curr_fullImage_69_U                 | fifo channel | task level |      |      |        | curr_fullImage_69   | srl  | 0       | 32, 2, 1         |
|    curr_fullImage_70_U                 | fifo channel | task level |      |      |        | curr_fullImage_70   | srl  | 0       | 32, 2, 1         |
|    curr_fullImage_71_U                 | fifo channel | task level |      |      |        | curr_fullImage_71   | srl  | 0       | 32, 2, 1         |
|    curr_fullImage_72_U                 | fifo channel | task level |      |      |        | curr_fullImage_72   | srl  | 0       | 32, 2, 1         |
|    curr_fullImage_73_U                 | fifo channel | task level |      |      |        | curr_fullImage_73   | srl  | 0       | 32, 2, 1         |
|    curr_fullImage_74_U                 | fifo channel | task level |      |      |        | curr_fullImage_74   | srl  | 0       | 32, 2, 1         |
|    curr_fullImage_75_U                 | fifo channel | task level |      |      |        | curr_fullImage_75   | srl  | 0       | 32, 2, 1         |
|    curr_fullImage_76_U                 | fifo channel | task level |      |      |        | curr_fullImage_76   | srl  | 0       | 32, 2, 1         |
|    curr_fullImage_77_U                 | fifo channel | task level |      |      |        | curr_fullImage_77   | srl  | 0       | 32, 2, 1         |
|    curr_fullImage_78_U                 | fifo channel | task level |      |      |        | curr_fullImage_78   | srl  | 0       | 32, 2, 1         |
|    curr_fullImage_79_U                 | fifo channel | task level |      |      |        | curr_fullImage_79   | srl  | 0       | 32, 2, 1         |
|    curr_fullImage_80_U                 | fifo channel | task level |      |      |        | curr_fullImage_80   | srl  | 0       | 32, 2, 1         |
|    curr_fullImage_81_U                 | fifo channel | task level |      |      |        | curr_fullImage_81   | srl  | 0       | 32, 2, 1         |
|    curr_fullImage_82_U                 | fifo channel | task level |      |      |        | curr_fullImage_82   | srl  | 0       | 32, 2, 1         |
|    curr_fullImage_83_U                 | fifo channel | task level |      |      |        | curr_fullImage_83   | srl  | 0       | 32, 2, 1         |
|    curr_fullImage_84_U                 | fifo channel | task level |      |      |        | curr_fullImage_84   | srl  | 0       | 32, 2, 1         |
|    curr_fullImage_85_U                 | fifo channel | task level |      |      |        | curr_fullImage_85   | srl  | 0       | 32, 2, 1         |
|    curr_fullImage_86_U                 | fifo channel | task level |      |      |        | curr_fullImage_86   | srl  | 0       | 32, 2, 1         |
|    curr_fullImage_87_U                 | fifo channel | task level |      |      |        | curr_fullImage_87   | srl  | 0       | 32, 2, 1         |
|    curr_fullImage_88_U                 | fifo channel | task level |      |      |        | curr_fullImage_88   | srl  | 0       | 32, 2, 1         |
|    curr_fullImage_89_U                 | fifo channel | task level |      |      |        | curr_fullImage_89   | srl  | 0       | 32, 2, 1         |
|    curr_fullImage_90_U                 | fifo channel | task level |      |      |        | curr_fullImage_90   | srl  | 0       | 32, 2, 1         |
|    curr_fullImage_91_U                 | fifo channel | task level |      |      |        | curr_fullImage_91   | srl  | 0       | 32, 2, 1         |
|    curr_fullImage_92_U                 | fifo channel | task level |      |      |        | curr_fullImage_92   | srl  | 0       | 32, 2, 1         |
|    curr_fullImage_93_U                 | fifo channel | task level |      |      |        | curr_fullImage_93   | srl  | 0       | 32, 2, 1         |
|    curr_fullImage_94_U                 | fifo channel | task level |      |      |        | curr_fullImage_94   | srl  | 0       | 32, 2, 1         |
|    curr_fullImage_95_U                 | fifo channel | task level |      |      |        | curr_fullImage_95   | srl  | 0       | 32, 2, 1         |
|    curr_fullImage_96_U                 | fifo channel | task level |      |      |        | curr_fullImage_96   | srl  | 0       | 32, 2, 1         |
|    curr_fullImage_97_U                 | fifo channel | task level |      |      |        | curr_fullImage_97   | srl  | 0       | 32, 2, 1         |
|    curr_fullImage_98_U                 | fifo channel | task level |      |      |        | curr_fullImage_98   | srl  | 0       | 32, 2, 1         |
|    curr_fullImage_99_U                 | fifo channel | task level |      |      |        | curr_fullImage_99   | srl  | 0       | 32, 2, 1         |
|    curr_fullImage_100_U                | fifo channel | task level |      |      |        | curr_fullImage_100  | srl  | 0       | 32, 2, 1         |
|    curr_fullImage_101_U                | fifo channel | task level |      |      |        | curr_fullImage_101  | srl  | 0       | 32, 2, 1         |
|    curr_fullImage_102_U                | fifo channel | task level |      |      |        | curr_fullImage_102  | srl  | 0       | 32, 2, 1         |
|    curr_fullImage_103_U                | fifo channel | task level |      |      |        | curr_fullImage_103  | srl  | 0       | 32, 2, 1         |
|    curr_fullImage_104_U                | fifo channel | task level |      |      |        | curr_fullImage_104  | srl  | 0       | 32, 2, 1         |
|    curr_fullImage_105_U                | fifo channel | task level |      |      |        | curr_fullImage_105  | srl  | 0       | 32, 2, 1         |
|    curr_fullImage_106_U                | fifo channel | task level |      |      |        | curr_fullImage_106  | srl  | 0       | 32, 2, 1         |
|    curr_fullImage_107_U                | fifo channel | task level |      |      |        | curr_fullImage_107  | srl  | 0       | 32, 2, 1         |
|    curr_fullImage_108_U                | fifo channel | task level |      |      |        | curr_fullImage_108  | srl  | 0       | 32, 2, 1         |
|    curr_fullImage_109_U                | fifo channel | task level |      |      |        | curr_fullImage_109  | srl  | 0       | 32, 2, 1         |
|    curr_fullImage_110_U                | fifo channel | task level |      |      |        | curr_fullImage_110  | srl  | 0       | 32, 2, 1         |
|    curr_fullImage_111_U                | fifo channel | task level |      |      |        | curr_fullImage_111  | srl  | 0       | 32, 2, 1         |
|    curr_fullImage_112_U                | fifo channel | task level |      |      |        | curr_fullImage_112  | srl  | 0       | 32, 2, 1         |
|    curr_fullImage_113_U                | fifo channel | task level |      |      |        | curr_fullImage_113  | srl  | 0       | 32, 2, 1         |
|    curr_fullImage_114_U                | fifo channel | task level |      |      |        | curr_fullImage_114  | srl  | 0       | 32, 2, 1         |
|    curr_fullImage_115_U                | fifo channel | task level |      |      |        | curr_fullImage_115  | srl  | 0       | 32, 2, 1         |
|    curr_fullImage_116_U                | fifo channel | task level |      |      |        | curr_fullImage_116  | srl  | 0       | 32, 2, 1         |
|    curr_fullImage_117_U                | fifo channel | task level |      |      |        | curr_fullImage_117  | srl  | 0       | 32, 2, 1         |
|    curr_fullImage_118_U                | fifo channel | task level |      |      |        | curr_fullImage_118  | srl  | 0       | 32, 2, 1         |
|    curr_fullImage_119_U                | fifo channel | task level |      |      |        | curr_fullImage_119  | srl  | 0       | 32, 2, 1         |
|    curr_fullImage_120_U                | fifo channel | task level |      |      |        | curr_fullImage_120  | srl  | 0       | 32, 2, 1         |
|    curr_fullImage_121_U                | fifo channel | task level |      |      |        | curr_fullImage_121  | srl  | 0       | 32, 2, 1         |
|    curr_fullImage_122_U                | fifo channel | task level |      |      |        | curr_fullImage_122  | srl  | 0       | 32, 2, 1         |
|    curr_fullImage_123_U                | fifo channel | task level |      |      |        | curr_fullImage_123  | srl  | 0       | 32, 2, 1         |
|    curr_fullImage_124_U                | fifo channel | task level |      |      |        | curr_fullImage_124  | srl  | 0       | 32, 2, 1         |
|    curr_fullImage_125_U                | fifo channel | task level |      |      |        | curr_fullImage_125  | srl  | 0       | 32, 2, 1         |
|    curr_fullImage_126_U                | fifo channel | task level |      |      |        | curr_fullImage_126  | srl  | 0       | 32, 2, 1         |
|    curr_fullImage_127_U                | fifo channel | task level |      |      |        | curr_fullImage_127  | srl  | 0       | 32, 2, 1         |
|    curr_fullImage_128_U                | fifo channel | task level |      |      |        | curr_fullImage_128  | srl  | 0       | 32, 2, 1         |
|    curr_fullImage_129_U                | fifo channel | task level |      |      |        | curr_fullImage_129  | srl  | 0       | 32, 2, 1         |
|    curr_fullImage_130_U                | fifo channel | task level |      |      |        | curr_fullImage_130  | srl  | 0       | 32, 2, 1         |
|    curr_fullImage_131_U                | fifo channel | task level |      |      |        | curr_fullImage_131  | srl  | 0       | 32, 2, 1         |
|    curr_fullImage_132_U                | fifo channel | task level |      |      |        | curr_fullImage_132  | srl  | 0       | 32, 2, 1         |
|    curr_fullImage_133_U                | fifo channel | task level |      |      |        | curr_fullImage_133  | srl  | 0       | 32, 2, 1         |
|    curr_fullImage_134_U                | fifo channel | task level |      |      |        | curr_fullImage_134  | srl  | 0       | 32, 2, 1         |
|    curr_fullImage_135_U                | fifo channel | task level |      |      |        | curr_fullImage_135  | srl  | 0       | 32, 2, 1         |
|    curr_fullImage_136_U                | fifo channel | task level |      |      |        | curr_fullImage_136  | srl  | 0       | 32, 2, 1         |
|    curr_fullImage_137_U                | fifo channel | task level |      |      |        | curr_fullImage_137  | srl  | 0       | 32, 2, 1         |
|    curr_fullImage_138_U                | fifo channel | task level |      |      |        | curr_fullImage_138  | srl  | 0       | 32, 2, 1         |
|    curr_fullImage_139_U                | fifo channel | task level |      |      |        | curr_fullImage_139  | srl  | 0       | 32, 2, 1         |
|    curr_fullImage_140_U                | fifo channel | task level |      |      |        | curr_fullImage_140  | srl  | 0       | 32, 2, 1         |
|    curr_fullImage_141_U                | fifo channel | task level |      |      |        | curr_fullImage_141  | srl  | 0       | 32, 2, 1         |
|    curr_fullImage_142_U                | fifo channel | task level |      |      |        | curr_fullImage_142  | srl  | 0       | 32, 2, 1         |
|    curr_fullImage_143_U                | fifo channel | task level |      |      |        | curr_fullImage_143  | srl  | 0       | 32, 2, 1         |
|    curr_fullImage_144_U                | fifo channel | task level |      |      |        | curr_fullImage_144  | srl  | 0       | 32, 2, 1         |
|    curr_fullImage_145_U                | fifo channel | task level |      |      |        | curr_fullImage_145  | srl  | 0       | 32, 2, 1         |
|    curr_fullImage_146_U                | fifo channel | task level |      |      |        | curr_fullImage_146  | srl  | 0       | 32, 2, 1         |
|    curr_fullImage_147_U                | fifo channel | task level |      |      |        | curr_fullImage_147  | srl  | 0       | 32, 2, 1         |
|    curr_fullImage_148_U                | fifo channel | task level |      |      |        | curr_fullImage_148  | srl  | 0       | 32, 2, 1         |
|    curr_fullImage_149_U                | fifo channel | task level |      |      |        | curr_fullImage_149  | srl  | 0       | 32, 2, 1         |
|    curr_fullImage_150_U                | fifo channel | task level |      |      |        | curr_fullImage_150  | srl  | 0       | 32, 2, 1         |
|    curr_fullImage_151_U                | fifo channel | task level |      |      |        | curr_fullImage_151  | srl  | 0       | 32, 2, 1         |
|    curr_fullImage_152_U                | fifo channel | task level |      |      |        | curr_fullImage_152  | srl  | 0       | 32, 2, 1         |
|    curr_fullImage_153_U                | fifo channel | task level |      |      |        | curr_fullImage_153  | srl  | 0       | 32, 2, 1         |
|    curr_fullImage_154_U                | fifo channel | task level |      |      |        | curr_fullImage_154  | srl  | 0       | 32, 2, 1         |
|    curr_fullImage_155_U                | fifo channel | task level |      |      |        | curr_fullImage_155  | srl  | 0       | 32, 2, 1         |
|    curr_fullImage_156_U                | fifo channel | task level |      |      |        | curr_fullImage_156  | srl  | 0       | 32, 2, 1         |
|    curr_fullImage_157_U                | fifo channel | task level |      |      |        | curr_fullImage_157  | srl  | 0       | 32, 2, 1         |
|    curr_fullImage_158_U                | fifo channel | task level |      |      |        | curr_fullImage_158  | srl  | 0       | 32, 2, 1         |
|    curr_fullImage_159_U                | fifo channel | task level |      |      |        | curr_fullImage_159  | srl  | 0       | 32, 2, 1         |
|    curr_fullImage_160_U                | fifo channel | task level |      |      |        | curr_fullImage_160  | srl  | 0       | 32, 2, 1         |
|    curr_fullImage_161_U                | fifo channel | task level |      |      |        | curr_fullImage_161  | srl  | 0       | 32, 2, 1         |
|    curr_fullImage_162_U                | fifo channel | task level |      |      |        | curr_fullImage_162  | srl  | 0       | 32, 2, 1         |
|    curr_fullImage_163_U                | fifo channel | task level |      |      |        | curr_fullImage_163  | srl  | 0       | 32, 2, 1         |
|    curr_fullImage_164_U                | fifo channel | task level |      |      |        | curr_fullImage_164  | srl  | 0       | 32, 2, 1         |
|    curr_fullImage_165_U                | fifo channel | task level |      |      |        | curr_fullImage_165  | srl  | 0       | 32, 2, 1         |
|    curr_fullImage_166_U                | fifo channel | task level |      |      |        | curr_fullImage_166  | srl  | 0       | 32, 2, 1         |
|    curr_fullImage_167_U                | fifo channel | task level |      |      |        | curr_fullImage_167  | srl  | 0       | 32, 2, 1         |
|    curr_fullImage_168_U                | fifo channel | task level |      |      |        | curr_fullImage_168  | srl  | 0       | 32, 2, 1         |
|    curr_fullImage_169_U                | fifo channel | task level |      |      |        | curr_fullImage_169  | srl  | 0       | 32, 2, 1         |
|    curr_fullImage_170_U                | fifo channel | task level |      |      |        | curr_fullImage_170  | srl  | 0       | 32, 2, 1         |
|    curr_fullImage_171_U                | fifo channel | task level |      |      |        | curr_fullImage_171  | srl  | 0       | 32, 2, 1         |
|    curr_fullImage_172_U                | fifo channel | task level |      |      |        | curr_fullImage_172  | srl  | 0       | 32, 2, 1         |
|    curr_fullImage_173_U                | fifo channel | task level |      |      |        | curr_fullImage_173  | srl  | 0       | 32, 2, 1         |
|    curr_fullImage_174_U                | fifo channel | task level |      |      |        | curr_fullImage_174  | srl  | 0       | 32, 2, 1         |
|    curr_fullImage_175_U                | fifo channel | task level |      |      |        | curr_fullImage_175  | srl  | 0       | 32, 2, 1         |
|    curr_fullImage_176_U                | fifo channel | task level |      |      |        | curr_fullImage_176  | srl  | 0       | 32, 2, 1         |
|    curr_fullImage_177_U                | fifo channel | task level |      |      |        | curr_fullImage_177  | srl  | 0       | 32, 2, 1         |
|    curr_fullImage_178_U                | fifo channel | task level |      |      |        | curr_fullImage_178  | srl  | 0       | 32, 2, 1         |
|    curr_fullImage_179_U                | fifo channel | task level |      |      |        | curr_fullImage_179  | srl  | 0       | 32, 2, 1         |
|    curr_fullImage_180_U                | fifo channel | task level |      |      |        | curr_fullImage_180  | srl  | 0       | 32, 2, 1         |
|    curr_fullImage_181_U                | fifo channel | task level |      |      |        | curr_fullImage_181  | srl  | 0       | 32, 2, 1         |
|    curr_fullImage_182_U                | fifo channel | task level |      |      |        | curr_fullImage_182  | srl  | 0       | 32, 2, 1         |
|    curr_fullImage_183_U                | fifo channel | task level |      |      |        | curr_fullImage_183  | srl  | 0       | 32, 2, 1         |
|    curr_fullImage_184_U                | fifo channel | task level |      |      |        | curr_fullImage_184  | srl  | 0       | 32, 2, 1         |
|    curr_fullImage_185_U                | fifo channel | task level |      |      |        | curr_fullImage_185  | srl  | 0       | 32, 2, 1         |
|    curr_fullImage_186_U                | fifo channel | task level |      |      |        | curr_fullImage_186  | srl  | 0       | 32, 2, 1         |
|    curr_fullImage_187_U                | fifo channel | task level |      |      |        | curr_fullImage_187  | srl  | 0       | 32, 2, 1         |
|    curr_fullImage_188_U                | fifo channel | task level |      |      |        | curr_fullImage_188  | srl  | 0       | 32, 2, 1         |
|    curr_fullImage_189_U                | fifo channel | task level |      |      |        | curr_fullImage_189  | srl  | 0       | 32, 2, 1         |
|    curr_fullImage_190_U                | fifo channel | task level |      |      |        | curr_fullImage_190  | srl  | 0       | 32, 2, 1         |
|    curr_fullImage_191_U                | fifo channel | task level |      |      |        | curr_fullImage_191  | srl  | 0       | 32, 2, 1         |
|    curr_fullImage_192_U                | fifo channel | task level |      |      |        | curr_fullImage_192  | srl  | 0       | 32, 2, 1         |
|    curr_fullImage_193_U                | fifo channel | task level |      |      |        | curr_fullImage_193  | srl  | 0       | 32, 2, 1         |
|    curr_fullImage_194_U                | fifo channel | task level |      |      |        | curr_fullImage_194  | srl  | 0       | 32, 2, 1         |
|    curr_fullImage_195_U                | fifo channel | task level |      |      |        | curr_fullImage_195  | srl  | 0       | 32, 2, 1         |
|    curr_fullImage_196_U                | fifo channel | task level |      |      |        | curr_fullImage_196  | srl  | 0       | 32, 2, 1         |
|    curr_fullImage_197_U                | fifo channel | task level |      |      |        | curr_fullImage_197  | srl  | 0       | 32, 2, 1         |
|    curr_fullImage_198_U                | fifo channel | task level |      |      |        | curr_fullImage_198  | srl  | 0       | 32, 2, 1         |
|    curr_fullImage_199_U                | fifo channel | task level |      |      |        | curr_fullImage_199  | srl  | 0       | 32, 2, 1         |
|    curr_fullImage_200_U                | fifo channel | task level |      |      |        | curr_fullImage_200  | srl  | 0       | 32, 2, 1         |
|    curr_fullImage_201_U                | fifo channel | task level |      |      |        | curr_fullImage_201  | srl  | 0       | 32, 2, 1         |
|    curr_fullImage_202_U                | fifo channel | task level |      |      |        | curr_fullImage_202  | srl  | 0       | 32, 2, 1         |
|    curr_fullImage_203_U                | fifo channel | task level |      |      |        | curr_fullImage_203  | srl  | 0       | 32, 2, 1         |
|    curr_fullImage_204_U                | fifo channel | task level |      |      |        | curr_fullImage_204  | srl  | 0       | 32, 2, 1         |
|    curr_fullImage_205_U                | fifo channel | task level |      |      |        | curr_fullImage_205  | srl  | 0       | 32, 2, 1         |
|    curr_fullImage_206_U                | fifo channel | task level |      |      |        | curr_fullImage_206  | srl  | 0       | 32, 2, 1         |
|    curr_fullImage_207_U                | fifo channel | task level |      |      |        | curr_fullImage_207  | srl  | 0       | 32, 2, 1         |
|    curr_fullImage_208_U                | fifo channel | task level |      |      |        | curr_fullImage_208  | srl  | 0       | 32, 2, 1         |
|    curr_fullImage_209_U                | fifo channel | task level |      |      |        | curr_fullImage_209  | srl  | 0       | 32, 2, 1         |
|    curr_fullImage_210_U                | fifo channel | task level |      |      |        | curr_fullImage_210  | srl  | 0       | 32, 2, 1         |
|    curr_fullImage_211_U                | fifo channel | task level |      |      |        | curr_fullImage_211  | srl  | 0       | 32, 2, 1         |
|    curr_fullImage_212_U                | fifo channel | task level |      |      |        | curr_fullImage_212  | srl  | 0       | 32, 2, 1         |
|    curr_fullImage_213_U                | fifo channel | task level |      |      |        | curr_fullImage_213  | srl  | 0       | 32, 2, 1         |
|    curr_fullImage_214_U                | fifo channel | task level |      |      |        | curr_fullImage_214  | srl  | 0       | 32, 2, 1         |
|    curr_fullImage_215_U                | fifo channel | task level |      |      |        | curr_fullImage_215  | srl  | 0       | 32, 2, 1         |
|    curr_fullImage_216_U                | fifo channel | task level |      |      |        | curr_fullImage_216  | srl  | 0       | 32, 2, 1         |
|    curr_fullImage_217_U                | fifo channel | task level |      |      |        | curr_fullImage_217  | srl  | 0       | 32, 2, 1         |
|    curr_fullImage_218_U                | fifo channel | task level |      |      |        | curr_fullImage_218  | srl  | 0       | 32, 2, 1         |
|    curr_fullImage_219_U                | fifo channel | task level |      |      |        | curr_fullImage_219  | srl  | 0       | 32, 2, 1         |
|    curr_fullImage_220_U                | fifo channel | task level |      |      |        | curr_fullImage_220  | srl  | 0       | 32, 2, 1         |
|    curr_fullImage_221_U                | fifo channel | task level |      |      |        | curr_fullImage_221  | srl  | 0       | 32, 2, 1         |
|    curr_fullImage_222_U                | fifo channel | task level |      |      |        | curr_fullImage_222  | srl  | 0       | 32, 2, 1         |
|    curr_fullImage_223_U                | fifo channel | task level |      |      |        | curr_fullImage_223  | srl  | 0       | 32, 2, 1         |
|    curr_fullImage_224_U                | fifo channel | task level |      |      |        | curr_fullImage_224  | srl  | 0       | 32, 2, 1         |
|    curr_fullImage_225_U                | fifo channel | task level |      |      |        | curr_fullImage_225  | srl  | 0       | 32, 2, 1         |
|    curr_fullImage_226_U                | fifo channel | task level |      |      |        | curr_fullImage_226  | srl  | 0       | 32, 2, 1         |
|    curr_fullImage_227_U                | fifo channel | task level |      |      |        | curr_fullImage_227  | srl  | 0       | 32, 2, 1         |
|    curr_fullImage_228_U                | fifo channel | task level |      |      |        | curr_fullImage_228  | srl  | 0       | 32, 2, 1         |
|    curr_fullImage_229_U                | fifo channel | task level |      |      |        | curr_fullImage_229  | srl  | 0       | 32, 2, 1         |
|    curr_fullImage_230_U                | fifo channel | task level |      |      |        | curr_fullImage_230  | srl  | 0       | 32, 2, 1         |
|    curr_fullImage_231_U                | fifo channel | task level |      |      |        | curr_fullImage_231  | srl  | 0       | 32, 2, 1         |
|    curr_fullImage_232_U                | fifo channel | task level |      |      |        | curr_fullImage_232  | srl  | 0       | 32, 2, 1         |
|    curr_fullImage_233_U                | fifo channel | task level |      |      |        | curr_fullImage_233  | srl  | 0       | 32, 2, 1         |
|    curr_fullImage_234_U                | fifo channel | task level |      |      |        | curr_fullImage_234  | srl  | 0       | 32, 2, 1         |
|    curr_fullImage_235_U                | fifo channel | task level |      |      |        | curr_fullImage_235  | srl  | 0       | 32, 2, 1         |
|    curr_fullImage_236_U                | fifo channel | task level |      |      |        | curr_fullImage_236  | srl  | 0       | 32, 2, 1         |
|    curr_fullImage_237_U                | fifo channel | task level |      |      |        | curr_fullImage_237  | srl  | 0       | 32, 2, 1         |
|    curr_fullImage_238_U                | fifo channel | task level |      |      |        | curr_fullImage_238  | srl  | 0       | 32, 2, 1         |
|    curr_fullImage_239_U                | fifo channel | task level |      |      |        | curr_fullImage_239  | srl  | 0       | 32, 2, 1         |
|    curr_fullImage_240_U                | fifo channel | task level |      |      |        | curr_fullImage_240  | srl  | 0       | 32, 2, 1         |
|    curr_fullImage_241_U                | fifo channel | task level |      |      |        | curr_fullImage_241  | srl  | 0       | 32, 2, 1         |
|    curr_fullImage_242_U                | fifo channel | task level |      |      |        | curr_fullImage_242  | srl  | 0       | 32, 2, 1         |
|    curr_fullImage_243_U                | fifo channel | task level |      |      |        | curr_fullImage_243  | srl  | 0       | 32, 2, 1         |
|    curr_fullImage_244_U                | fifo channel | task level |      |      |        | curr_fullImage_244  | srl  | 0       | 32, 2, 1         |
|    curr_fullImage_245_U                | fifo channel | task level |      |      |        | curr_fullImage_245  | srl  | 0       | 32, 2, 1         |
|    curr_fullImage_246_U                | fifo channel | task level |      |      |        | curr_fullImage_246  | srl  | 0       | 32, 2, 1         |
|    curr_fullImage_247_U                | fifo channel | task level |      |      |        | curr_fullImage_247  | srl  | 0       | 32, 2, 1         |
|    curr_fullImage_248_U                | fifo channel | task level |      |      |        | curr_fullImage_248  | srl  | 0       | 32, 2, 1         |
|    curr_fullImage_249_U                | fifo channel | task level |      |      |        | curr_fullImage_249  | srl  | 0       | 32, 2, 1         |
|    curr_fullImage_250_U                | fifo channel | task level |      |      |        | curr_fullImage_250  | srl  | 0       | 32, 2, 1         |
|    curr_fullImage_251_U                | fifo channel | task level |      |      |        | curr_fullImage_251  | srl  | 0       | 32, 2, 1         |
|    curr_fullImage_252_U                | fifo channel | task level |      |      |        | curr_fullImage_252  | srl  | 0       | 32, 2, 1         |
|    curr_fullImage_253_U                | fifo channel | task level |      |      |        | curr_fullImage_253  | srl  | 0       | 32, 2, 1         |
|    curr_fullImage_254_U                | fifo channel | task level |      |      |        | curr_fullImage_254  | srl  | 0       | 32, 2, 1         |
|    curr_fullImage_255_U                | fifo channel | task level |      |      |        | curr_fullImage_255  | srl  | 0       | 32, 2, 1         |
|    curr_fullImage_256_U                | fifo channel | task level |      |      |        | curr_fullImage_256  | srl  | 0       | 32, 2, 1         |
|    curr_fullImage_257_U                | fifo channel | task level |      |      |        | curr_fullImage_257  | srl  | 0       | 32, 2, 1         |
|    curr_fullImage_258_U                | fifo channel | task level |      |      |        | curr_fullImage_258  | srl  | 0       | 32, 2, 1         |
|    curr_fullImage_259_U                | fifo channel | task level |      |      |        | curr_fullImage_259  | srl  | 0       | 32, 2, 1         |
|    curr_fullImage_260_U                | fifo channel | task level |      |      |        | curr_fullImage_260  | srl  | 0       | 32, 2, 1         |
|    curr_fullImage_261_U                | fifo channel | task level |      |      |        | curr_fullImage_261  | srl  | 0       | 32, 2, 1         |
|    curr_fullImage_262_U                | fifo channel | task level |      |      |        | curr_fullImage_262  | srl  | 0       | 32, 2, 1         |
|    curr_fullImage_263_U                | fifo channel | task level |      |      |        | curr_fullImage_263  | srl  | 0       | 32, 2, 1         |
|    curr_fullImage_264_U                | fifo channel | task level |      |      |        | curr_fullImage_264  | srl  | 0       | 32, 2, 1         |
|    curr_fullImage_265_U                | fifo channel | task level |      |      |        | curr_fullImage_265  | srl  | 0       | 32, 2, 1         |
|    curr_fullImage_266_U                | fifo channel | task level |      |      |        | curr_fullImage_266  | srl  | 0       | 32, 2, 1         |
|    curr_fullImage_267_U                | fifo channel | task level |      |      |        | curr_fullImage_267  | srl  | 0       | 32, 2, 1         |
|    curr_fullImage_268_U                | fifo channel | task level |      |      |        | curr_fullImage_268  | srl  | 0       | 32, 2, 1         |
|    curr_fullImage_269_U                | fifo channel | task level |      |      |        | curr_fullImage_269  | srl  | 0       | 32, 2, 1         |
|    curr_fullImage_270_U                | fifo channel | task level |      |      |        | curr_fullImage_270  | srl  | 0       | 32, 2, 1         |
|    curr_fullImage_271_U                | fifo channel | task level |      |      |        | curr_fullImage_271  | srl  | 0       | 32, 2, 1         |
|    curr_fullImage_272_U                | fifo channel | task level |      |      |        | curr_fullImage_272  | srl  | 0       | 32, 2, 1         |
|    curr_fullImage_273_U                | fifo channel | task level |      |      |        | curr_fullImage_273  | srl  | 0       | 32, 2, 1         |
|    curr_fullImage_274_U                | fifo channel | task level |      |      |        | curr_fullImage_274  | srl  | 0       | 32, 2, 1         |
|    curr_fullImage_275_U                | fifo channel | task level |      |      |        | curr_fullImage_275  | srl  | 0       | 32, 2, 1         |
|    curr_fullImage_276_U                | fifo channel | task level |      |      |        | curr_fullImage_276  | srl  | 0       | 32, 2, 1         |
|    curr_fullImage_277_U                | fifo channel | task level |      |      |        | curr_fullImage_277  | srl  | 0       | 32, 2, 1         |
|    curr_fullImage_278_U                | fifo channel | task level |      |      |        | curr_fullImage_278  | srl  | 0       | 32, 2, 1         |
|    curr_fullImage_279_U                | fifo channel | task level |      |      |        | curr_fullImage_279  | srl  | 0       | 32, 2, 1         |
|    curr_fullImage_280_U                | fifo channel | task level |      |      |        | curr_fullImage_280  | srl  | 0       | 32, 2, 1         |
|    curr_fullImage_281_U                | fifo channel | task level |      |      |        | curr_fullImage_281  | srl  | 0       | 32, 2, 1         |
|    curr_fullImage_282_U                | fifo channel | task level |      |      |        | curr_fullImage_282  | srl  | 0       | 32, 2, 1         |
|    curr_fullImage_283_U                | fifo channel | task level |      |      |        | curr_fullImage_283  | srl  | 0       | 32, 2, 1         |
|    curr_fullImage_284_U                | fifo channel | task level |      |      |        | curr_fullImage_284  | srl  | 0       | 32, 2, 1         |
|    curr_fullImage_285_U                | fifo channel | task level |      |      |        | curr_fullImage_285  | srl  | 0       | 32, 2, 1         |
|    curr_fullImage_286_U                | fifo channel | task level |      |      |        | curr_fullImage_286  | srl  | 0       | 32, 2, 1         |
|    curr_fullImage_287_U                | fifo channel | task level |      |      |        | curr_fullImage_287  | srl  | 0       | 32, 2, 1         |
|    curr_fullImage_288_U                | fifo channel | task level |      |      |        | curr_fullImage_288  | srl  | 0       | 32, 2, 1         |
|    curr_fullImage_289_U                | fifo channel | task level |      |      |        | curr_fullImage_289  | srl  | 0       | 32, 2, 1         |
|    curr_fullImage_290_U                | fifo channel | task level |      |      |        | curr_fullImage_290  | srl  | 0       | 32, 2, 1         |
|    curr_fullImage_291_U                | fifo channel | task level |      |      |        | curr_fullImage_291  | srl  | 0       | 32, 2, 1         |
|    curr_fullImage_292_U                | fifo channel | task level |      |      |        | curr_fullImage_292  | srl  | 0       | 32, 2, 1         |
|    curr_fullImage_293_U                | fifo channel | task level |      |      |        | curr_fullImage_293  | srl  | 0       | 32, 2, 1         |
|    curr_fullImage_294_U                | fifo channel | task level |      |      |        | curr_fullImage_294  | srl  | 0       | 32, 2, 1         |
|    curr_fullImage_295_U                | fifo channel | task level |      |      |        | curr_fullImage_295  | srl  | 0       | 32, 2, 1         |
|    curr_fullImage_296_U                | fifo channel | task level |      |      |        | curr_fullImage_296  | srl  | 0       | 32, 2, 1         |
|    curr_fullImage_297_U                | fifo channel | task level |      |      |        | curr_fullImage_297  | srl  | 0       | 32, 2, 1         |
|    curr_fullImage_298_U                | fifo channel | task level |      |      |        | curr_fullImage_298  | srl  | 0       | 32, 2, 1         |
|    curr_fullImage_299_U                | fifo channel | task level |      |      |        | curr_fullImage_299  | srl  | 0       | 32, 2, 1         |
|    curr_fullImage_300_U                | fifo channel | task level |      |      |        | curr_fullImage_300  | srl  | 0       | 32, 2, 1         |
|    curr_fullImage_301_U                | fifo channel | task level |      |      |        | curr_fullImage_301  | srl  | 0       | 32, 2, 1         |
|    curr_fullImage_302_U                | fifo channel | task level |      |      |        | curr_fullImage_302  | srl  | 0       | 32, 2, 1         |
|    curr_fullImage_303_U                | fifo channel | task level |      |      |        | curr_fullImage_303  | srl  | 0       | 32, 2, 1         |
|    curr_fullImage_304_U                | fifo channel | task level |      |      |        | curr_fullImage_304  | srl  | 0       | 32, 2, 1         |
|    curr_fullImage_305_U                | fifo channel | task level |      |      |        | curr_fullImage_305  | srl  | 0       | 32, 2, 1         |
|    curr_fullImage_306_U                | fifo channel | task level |      |      |        | curr_fullImage_306  | srl  | 0       | 32, 2, 1         |
|    curr_fullImage_307_U                | fifo channel | task level |      |      |        | curr_fullImage_307  | srl  | 0       | 32, 2, 1         |
|    curr_fullImage_308_U                | fifo channel | task level |      |      |        | curr_fullImage_308  | srl  | 0       | 32, 2, 1         |
|    curr_fullImage_309_U                | fifo channel | task level |      |      |        | curr_fullImage_309  | srl  | 0       | 32, 2, 1         |
|    curr_fullImage_310_U                | fifo channel | task level |      |      |        | curr_fullImage_310  | srl  | 0       | 32, 2, 1         |
|    curr_fullImage_311_U                | fifo channel | task level |      |      |        | curr_fullImage_311  | srl  | 0       | 32, 2, 1         |
|    curr_fullImage_312_U                | fifo channel | task level |      |      |        | curr_fullImage_312  | srl  | 0       | 32, 2, 1         |
|    curr_fullImage_313_U                | fifo channel | task level |      |      |        | curr_fullImage_313  | srl  | 0       | 32, 2, 1         |
|    curr_fullImage_314_U                | fifo channel | task level |      |      |        | curr_fullImage_314  | srl  | 0       | 32, 2, 1         |
|    curr_fullImage_315_U                | fifo channel | task level |      |      |        | curr_fullImage_315  | srl  | 0       | 32, 2, 1         |
|    curr_fullImage_316_U                | fifo channel | task level |      |      |        | curr_fullImage_316  | srl  | 0       | 32, 2, 1         |
|    curr_fullImage_317_U                | fifo channel | task level |      |      |        | curr_fullImage_317  | srl  | 0       | 32, 2, 1         |
|    curr_fullImage_318_U                | fifo channel | task level |      |      |        | curr_fullImage_318  | srl  | 0       | 32, 2, 1         |
|    curr_fullImage_319_U                | fifo channel | task level |      |      |        | curr_fullImage_319  | srl  | 0       | 32, 2, 1         |
|    curr_fullImage_320_U                | fifo channel | task level |      |      |        | curr_fullImage_320  | srl  | 0       | 32, 2, 1         |
|    curr_fullImage_321_U                | fifo channel | task level |      |      |        | curr_fullImage_321  | srl  | 0       | 32, 2, 1         |
|    curr_fullImage_322_U                | fifo channel | task level |      |      |        | curr_fullImage_322  | srl  | 0       | 32, 2, 1         |
|    curr_fullImage_323_U                | fifo channel | task level |      |      |        | curr_fullImage_323  | srl  | 0       | 32, 2, 1         |
|    curr_fullImage_324_U                | fifo channel | task level |      |      |        | curr_fullImage_324  | srl  | 0       | 32, 2, 1         |
|    curr_fullImage_325_U                | fifo channel | task level |      |      |        | curr_fullImage_325  | srl  | 0       | 32, 2, 1         |
|    curr_fullImage_326_U                | fifo channel | task level |      |      |        | curr_fullImage_326  | srl  | 0       | 32, 2, 1         |
|    curr_fullImage_327_U                | fifo channel | task level |      |      |        | curr_fullImage_327  | srl  | 0       | 32, 2, 1         |
|    curr_fullImage_328_U                | fifo channel | task level |      |      |        | curr_fullImage_328  | srl  | 0       | 32, 2, 1         |
|    curr_fullImage_329_U                | fifo channel | task level |      |      |        | curr_fullImage_329  | srl  | 0       | 32, 2, 1         |
|    curr_fullImage_330_U                | fifo channel | task level |      |      |        | curr_fullImage_330  | srl  | 0       | 32, 2, 1         |
|    curr_fullImage_331_U                | fifo channel | task level |      |      |        | curr_fullImage_331  | srl  | 0       | 32, 2, 1         |
|    curr_fullImage_332_U                | fifo channel | task level |      |      |        | curr_fullImage_332  | srl  | 0       | 32, 2, 1         |
|    curr_fullImage_333_U                | fifo channel | task level |      |      |        | curr_fullImage_333  | srl  | 0       | 32, 2, 1         |
|    curr_fullImage_334_U                | fifo channel | task level |      |      |        | curr_fullImage_334  | srl  | 0       | 32, 2, 1         |
|    curr_fullImage_335_U                | fifo channel | task level |      |      |        | curr_fullImage_335  | srl  | 0       | 32, 2, 1         |
|    curr_fullImage_336_U                | fifo channel | task level |      |      |        | curr_fullImage_336  | srl  | 0       | 32, 2, 1         |
|    curr_fullImage_337_U                | fifo channel | task level |      |      |        | curr_fullImage_337  | srl  | 0       | 32, 2, 1         |
|    curr_fullImage_338_U                | fifo channel | task level |      |      |        | curr_fullImage_338  | srl  | 0       | 32, 2, 1         |
|    curr_fullImage_339_U                | fifo channel | task level |      |      |        | curr_fullImage_339  | srl  | 0       | 32, 2, 1         |
|    curr_fullImage_340_U                | fifo channel | task level |      |      |        | curr_fullImage_340  | srl  | 0       | 32, 2, 1         |
|    curr_fullImage_341_U                | fifo channel | task level |      |      |        | curr_fullImage_341  | srl  | 0       | 32, 2, 1         |
|    curr_fullImage_342_U                | fifo channel | task level |      |      |        | curr_fullImage_342  | srl  | 0       | 32, 2, 1         |
|    curr_fullImage_343_U                | fifo channel | task level |      |      |        | curr_fullImage_343  | srl  | 0       | 32, 2, 1         |
|    curr_fullImage_344_U                | fifo channel | task level |      |      |        | curr_fullImage_344  | srl  | 0       | 32, 2, 1         |
|    curr_fullImage_345_U                | fifo channel | task level |      |      |        | curr_fullImage_345  | srl  | 0       | 32, 2, 1         |
|    curr_fullImage_346_U                | fifo channel | task level |      |      |        | curr_fullImage_346  | srl  | 0       | 32, 2, 1         |
|    curr_fullImage_347_U                | fifo channel | task level |      |      |        | curr_fullImage_347  | srl  | 0       | 32, 2, 1         |
|    curr_fullImage_348_U                | fifo channel | task level |      |      |        | curr_fullImage_348  | srl  | 0       | 32, 2, 1         |
|    curr_fullImage_349_U                | fifo channel | task level |      |      |        | curr_fullImage_349  | srl  | 0       | 32, 2, 1         |
|    curr_fullImage_350_U                | fifo channel | task level |      |      |        | curr_fullImage_350  | srl  | 0       | 32, 2, 1         |
|    curr_fullImage_351_U                | fifo channel | task level |      |      |        | curr_fullImage_351  | srl  | 0       | 32, 2, 1         |
|    curr_fullImage_352_U                | fifo channel | task level |      |      |        | curr_fullImage_352  | srl  | 0       | 32, 2, 1         |
|    curr_fullImage_353_U                | fifo channel | task level |      |      |        | curr_fullImage_353  | srl  | 0       | 32, 2, 1         |
|    curr_fullImage_354_U                | fifo channel | task level |      |      |        | curr_fullImage_354  | srl  | 0       | 32, 2, 1         |
|    curr_fullImage_355_U                | fifo channel | task level |      |      |        | curr_fullImage_355  | srl  | 0       | 32, 2, 1         |
|    curr_fullImage_356_U                | fifo channel | task level |      |      |        | curr_fullImage_356  | srl  | 0       | 32, 2, 1         |
|    curr_fullImage_357_U                | fifo channel | task level |      |      |        | curr_fullImage_357  | srl  | 0       | 32, 2, 1         |
|    curr_fullImage_358_U                | fifo channel | task level |      |      |        | curr_fullImage_358  | srl  | 0       | 32, 2, 1         |
|    curr_fullImage_359_U                | fifo channel | task level |      |      |        | curr_fullImage_359  | srl  | 0       | 32, 2, 1         |
|    curr_fullImage_360_U                | fifo channel | task level |      |      |        | curr_fullImage_360  | srl  | 0       | 32, 2, 1         |
|    curr_fullImage_361_U                | fifo channel | task level |      |      |        | curr_fullImage_361  | srl  | 0       | 32, 2, 1         |
|    curr_fullImage_362_U                | fifo channel | task level |      |      |        | curr_fullImage_362  | srl  | 0       | 32, 2, 1         |
|    curr_fullImage_363_U                | fifo channel | task level |      |      |        | curr_fullImage_363  | srl  | 0       | 32, 2, 1         |
|    curr_fullImage_364_U                | fifo channel | task level |      |      |        | curr_fullImage_364  | srl  | 0       | 32, 2, 1         |
|    curr_fullImage_365_U                | fifo channel | task level |      |      |        | curr_fullImage_365  | srl  | 0       | 32, 2, 1         |
|    curr_fullImage_366_U                | fifo channel | task level |      |      |        | curr_fullImage_366  | srl  | 0       | 32, 2, 1         |
|    curr_fullImage_367_U                | fifo channel | task level |      |      |        | curr_fullImage_367  | srl  | 0       | 32, 2, 1         |
|    curr_fullImage_368_U                | fifo channel | task level |      |      |        | curr_fullImage_368  | srl  | 0       | 32, 2, 1         |
|    curr_fullImage_369_U                | fifo channel | task level |      |      |        | curr_fullImage_369  | srl  | 0       | 32, 2, 1         |
|    curr_fullImage_370_U                | fifo channel | task level |      |      |        | curr_fullImage_370  | srl  | 0       | 32, 2, 1         |
|    curr_fullImage_371_U                | fifo channel | task level |      |      |        | curr_fullImage_371  | srl  | 0       | 32, 2, 1         |
|    curr_fullImage_372_U                | fifo channel | task level |      |      |        | curr_fullImage_372  | srl  | 0       | 32, 2, 1         |
|    curr_fullImage_373_U                | fifo channel | task level |      |      |        | curr_fullImage_373  | srl  | 0       | 32, 2, 1         |
|    curr_fullImage_374_U                | fifo channel | task level |      |      |        | curr_fullImage_374  | srl  | 0       | 32, 2, 1         |
|    curr_fullImage_375_U                | fifo channel | task level |      |      |        | curr_fullImage_375  | srl  | 0       | 32, 2, 1         |
|    curr_fullImage_376_U                | fifo channel | task level |      |      |        | curr_fullImage_376  | srl  | 0       | 32, 2, 1         |
|    curr_fullImage_377_U                | fifo channel | task level |      |      |        | curr_fullImage_377  | srl  | 0       | 32, 2, 1         |
|    curr_fullImage_378_U                | fifo channel | task level |      |      |        | curr_fullImage_378  | srl  | 0       | 32, 2, 1         |
|    curr_fullImage_379_U                | fifo channel | task level |      |      |        | curr_fullImage_379  | srl  | 0       | 32, 2, 1         |
|    curr_fullImage_380_U                | fifo channel | task level |      |      |        | curr_fullImage_380  | srl  | 0       | 32, 2, 1         |
|    curr_fullImage_381_U                | fifo channel | task level |      |      |        | curr_fullImage_381  | srl  | 0       | 32, 2, 1         |
|    curr_fullImage_382_U                | fifo channel | task level |      |      |        | curr_fullImage_382  | srl  | 0       | 32, 2, 1         |
|    curr_fullImage_383_U                | fifo channel | task level |      |      |        | curr_fullImage_383  | srl  | 0       | 32, 2, 1         |
|    curr_fullImage_384_U                | fifo channel | task level |      |      |        | curr_fullImage_384  | srl  | 0       | 32, 2, 1         |
|    curr_fullImage_385_U                | fifo channel | task level |      |      |        | curr_fullImage_385  | srl  | 0       | 32, 2, 1         |
|    curr_fullImage_386_U                | fifo channel | task level |      |      |        | curr_fullImage_386  | srl  | 0       | 32, 2, 1         |
|    curr_fullImage_387_U                | fifo channel | task level |      |      |        | curr_fullImage_387  | srl  | 0       | 32, 2, 1         |
|    curr_fullImage_388_U                | fifo channel | task level |      |      |        | curr_fullImage_388  | srl  | 0       | 32, 2, 1         |
|    curr_fullImage_389_U                | fifo channel | task level |      |      |        | curr_fullImage_389  | srl  | 0       | 32, 2, 1         |
|    curr_fullImage_390_U                | fifo channel | task level |      |      |        | curr_fullImage_390  | srl  | 0       | 32, 2, 1         |
|    curr_fullImage_391_U                | fifo channel | task level |      |      |        | curr_fullImage_391  | srl  | 0       | 32, 2, 1         |
|    curr_fullImage_392_U                | fifo channel | task level |      |      |        | curr_fullImage_392  | srl  | 0       | 32, 2, 1         |
|    curr_fullImage_393_U                | fifo channel | task level |      |      |        | curr_fullImage_393  | srl  | 0       | 32, 2, 1         |
|    curr_fullImage_394_U                | fifo channel | task level |      |      |        | curr_fullImage_394  | srl  | 0       | 32, 2, 1         |
|    curr_fullImage_395_U                | fifo channel | task level |      |      |        | curr_fullImage_395  | srl  | 0       | 32, 2, 1         |
|    curr_fullImage_396_U                | fifo channel | task level |      |      |        | curr_fullImage_396  | srl  | 0       | 32, 2, 1         |
|    curr_fullImage_397_U                | fifo channel | task level |      |      |        | curr_fullImage_397  | srl  | 0       | 32, 2, 1         |
|    curr_fullImage_398_U                | fifo channel | task level |      |      |        | curr_fullImage_398  | srl  | 0       | 32, 2, 1         |
|    curr_fullImage_399_U                | fifo channel | task level |      |      |        | curr_fullImage_399  | srl  | 0       | 32, 2, 1         |
|    curr_fullImage_400_U                | fifo channel | task level |      |      |        | curr_fullImage_400  | srl  | 0       | 32, 2, 1         |
|    curr_fullImage_401_U                | fifo channel | task level |      |      |        | curr_fullImage_401  | srl  | 0       | 32, 2, 1         |
|    curr_fullImage_402_U                | fifo channel | task level |      |      |        | curr_fullImage_402  | srl  | 0       | 32, 2, 1         |
|    curr_fullImage_403_U                | fifo channel | task level |      |      |        | curr_fullImage_403  | srl  | 0       | 32, 2, 1         |
|    curr_fullImage_404_U                | fifo channel | task level |      |      |        | curr_fullImage_404  | srl  | 0       | 32, 2, 1         |
|    curr_fullImage_405_U                | fifo channel | task level |      |      |        | curr_fullImage_405  | srl  | 0       | 32, 2, 1         |
|    curr_fullImage_406_U                | fifo channel | task level |      |      |        | curr_fullImage_406  | srl  | 0       | 32, 2, 1         |
|    curr_fullImage_407_U                | fifo channel | task level |      |      |        | curr_fullImage_407  | srl  | 0       | 32, 2, 1         |
|    curr_fullImage_408_U                | fifo channel | task level |      |      |        | curr_fullImage_408  | srl  | 0       | 32, 2, 1         |
|    curr_fullImage_409_U                | fifo channel | task level |      |      |        | curr_fullImage_409  | srl  | 0       | 32, 2, 1         |
|    curr_fullImage_410_U                | fifo channel | task level |      |      |        | curr_fullImage_410  | srl  | 0       | 32, 2, 1         |
|    curr_fullImage_411_U                | fifo channel | task level |      |      |        | curr_fullImage_411  | srl  | 0       | 32, 2, 1         |
|    curr_fullImage_412_U                | fifo channel | task level |      |      |        | curr_fullImage_412  | srl  | 0       | 32, 2, 1         |
|    curr_fullImage_413_U                | fifo channel | task level |      |      |        | curr_fullImage_413  | srl  | 0       | 32, 2, 1         |
|    curr_fullImage_414_U                | fifo channel | task level |      |      |        | curr_fullImage_414  | srl  | 0       | 32, 2, 1         |
|    curr_fullImage_415_U                | fifo channel | task level |      |      |        | curr_fullImage_415  | srl  | 0       | 32, 2, 1         |
|    curr_fullImage_416_U                | fifo channel | task level |      |      |        | curr_fullImage_416  | srl  | 0       | 32, 2, 1         |
|    curr_fullImage_417_U                | fifo channel | task level |      |      |        | curr_fullImage_417  | srl  | 0       | 32, 2, 1         |
|    curr_fullImage_418_U                | fifo channel | task level |      |      |        | curr_fullImage_418  | srl  | 0       | 32, 2, 1         |
|    curr_fullImage_419_U                | fifo channel | task level |      |      |        | curr_fullImage_419  | srl  | 0       | 32, 2, 1         |
|    curr_fullImage_420_U                | fifo channel | task level |      |      |        | curr_fullImage_420  | srl  | 0       | 32, 2, 1         |
|    curr_fullImage_421_U                | fifo channel | task level |      |      |        | curr_fullImage_421  | srl  | 0       | 32, 2, 1         |
|    curr_fullImage_422_U                | fifo channel | task level |      |      |        | curr_fullImage_422  | srl  | 0       | 32, 2, 1         |
|    curr_fullImage_423_U                | fifo channel | task level |      |      |        | curr_fullImage_423  | srl  | 0       | 32, 2, 1         |
|    curr_fullImage_424_U                | fifo channel | task level |      |      |        | curr_fullImage_424  | srl  | 0       | 32, 2, 1         |
|    curr_fullImage_425_U                | fifo channel | task level |      |      |        | curr_fullImage_425  | srl  | 0       | 32, 2, 1         |
|    curr_fullImage_426_U                | fifo channel | task level |      |      |        | curr_fullImage_426  | srl  | 0       | 32, 2, 1         |
|    curr_fullImage_427_U                | fifo channel | task level |      |      |        | curr_fullImage_427  | srl  | 0       | 32, 2, 1         |
|    curr_fullImage_428_U                | fifo channel | task level |      |      |        | curr_fullImage_428  | srl  | 0       | 32, 2, 1         |
|    curr_fullImage_429_U                | fifo channel | task level |      |      |        | curr_fullImage_429  | srl  | 0       | 32, 2, 1         |
|    curr_fullImage_430_U                | fifo channel | task level |      |      |        | curr_fullImage_430  | srl  | 0       | 32, 2, 1         |
|    curr_fullImage_431_U                | fifo channel | task level |      |      |        | curr_fullImage_431  | srl  | 0       | 32, 2, 1         |
|    curr_fullImage_432_U                | fifo channel | task level |      |      |        | curr_fullImage_432  | srl  | 0       | 32, 2, 1         |
|    curr_fullImage_433_U                | fifo channel | task level |      |      |        | curr_fullImage_433  | srl  | 0       | 32, 2, 1         |
|    curr_fullImage_434_U                | fifo channel | task level |      |      |        | curr_fullImage_434  | srl  | 0       | 32, 2, 1         |
|    curr_fullImage_435_U                | fifo channel | task level |      |      |        | curr_fullImage_435  | srl  | 0       | 32, 2, 1         |
|    curr_fullImage_436_U                | fifo channel | task level |      |      |        | curr_fullImage_436  | srl  | 0       | 32, 2, 1         |
|    curr_fullImage_437_U                | fifo channel | task level |      |      |        | curr_fullImage_437  | srl  | 0       | 32, 2, 1         |
|    curr_fullImage_438_U                | fifo channel | task level |      |      |        | curr_fullImage_438  | srl  | 0       | 32, 2, 1         |
|    curr_fullImage_439_U                | fifo channel | task level |      |      |        | curr_fullImage_439  | srl  | 0       | 32, 2, 1         |
|    curr_fullImage_440_U                | fifo channel | task level |      |      |        | curr_fullImage_440  | srl  | 0       | 32, 2, 1         |
|    curr_fullImage_441_U                | fifo channel | task level |      |      |        | curr_fullImage_441  | srl  | 0       | 32, 2, 1         |
|    curr_fullImage_442_U                | fifo channel | task level |      |      |        | curr_fullImage_442  | srl  | 0       | 32, 2, 1         |
|    curr_fullImage_443_U                | fifo channel | task level |      |      |        | curr_fullImage_443  | srl  | 0       | 32, 2, 1         |
|    curr_fullImage_444_U                | fifo channel | task level |      |      |        | curr_fullImage_444  | srl  | 0       | 32, 2, 1         |
|    curr_fullImage_445_U                | fifo channel | task level |      |      |        | curr_fullImage_445  | srl  | 0       | 32, 2, 1         |
|    curr_fullImage_446_U                | fifo channel | task level |      |      |        | curr_fullImage_446  | srl  | 0       | 32, 2, 1         |
|    curr_fullImage_447_U                | fifo channel | task level |      |      |        | curr_fullImage_447  | srl  | 0       | 32, 2, 1         |
|    curr_fullImage_448_U                | fifo channel | task level |      |      |        | curr_fullImage_448  | srl  | 0       | 32, 2, 1         |
|    curr_fullImage_449_U                | fifo channel | task level |      |      |        | curr_fullImage_449  | srl  | 0       | 32, 2, 1         |
|    curr_fullImage_450_U                | fifo channel | task level |      |      |        | curr_fullImage_450  | srl  | 0       | 32, 2, 1         |
|    curr_fullImage_451_U                | fifo channel | task level |      |      |        | curr_fullImage_451  | srl  | 0       | 32, 2, 1         |
|    curr_fullImage_452_U                | fifo channel | task level |      |      |        | curr_fullImage_452  | srl  | 0       | 32, 2, 1         |
|    curr_fullImage_453_U                | fifo channel | task level |      |      |        | curr_fullImage_453  | srl  | 0       | 32, 2, 1         |
|    curr_fullImage_454_U                | fifo channel | task level |      |      |        | curr_fullImage_454  | srl  | 0       | 32, 2, 1         |
|    curr_fullImage_455_U                | fifo channel | task level |      |      |        | curr_fullImage_455  | srl  | 0       | 32, 2, 1         |
|    curr_fullImage_456_U                | fifo channel | task level |      |      |        | curr_fullImage_456  | srl  | 0       | 32, 2, 1         |
|    curr_fullImage_457_U                | fifo channel | task level |      |      |        | curr_fullImage_457  | srl  | 0       | 32, 2, 1         |
|    curr_fullImage_458_U                | fifo channel | task level |      |      |        | curr_fullImage_458  | srl  | 0       | 32, 2, 1         |
|    curr_fullImage_459_U                | fifo channel | task level |      |      |        | curr_fullImage_459  | srl  | 0       | 32, 2, 1         |
|    curr_fullImage_460_U                | fifo channel | task level |      |      |        | curr_fullImage_460  | srl  | 0       | 32, 2, 1         |
|    curr_fullImage_461_U                | fifo channel | task level |      |      |        | curr_fullImage_461  | srl  | 0       | 32, 2, 1         |
|    curr_fullImage_462_U                | fifo channel | task level |      |      |        | curr_fullImage_462  | srl  | 0       | 32, 2, 1         |
|    curr_fullImage_463_U                | fifo channel | task level |      |      |        | curr_fullImage_463  | srl  | 0       | 32, 2, 1         |
|    curr_fullImage_464_U                | fifo channel | task level |      |      |        | curr_fullImage_464  | srl  | 0       | 32, 2, 1         |
|    curr_fullImage_465_U                | fifo channel | task level |      |      |        | curr_fullImage_465  | srl  | 0       | 32, 2, 1         |
|    curr_fullImage_466_U                | fifo channel | task level |      |      |        | curr_fullImage_466  | srl  | 0       | 32, 2, 1         |
|    curr_fullImage_467_U                | fifo channel | task level |      |      |        | curr_fullImage_467  | srl  | 0       | 32, 2, 1         |
|    curr_fullImage_468_U                | fifo channel | task level |      |      |        | curr_fullImage_468  | srl  | 0       | 32, 2, 1         |
|    curr_fullImage_469_U                | fifo channel | task level |      |      |        | curr_fullImage_469  | srl  | 0       | 32, 2, 1         |
|    curr_fullImage_470_U                | fifo channel | task level |      |      |        | curr_fullImage_470  | srl  | 0       | 32, 2, 1         |
|    curr_fullImage_471_U                | fifo channel | task level |      |      |        | curr_fullImage_471  | srl  | 0       | 32, 2, 1         |
|    curr_fullImage_472_U                | fifo channel | task level |      |      |        | curr_fullImage_472  | srl  | 0       | 32, 2, 1         |
|    curr_fullImage_473_U                | fifo channel | task level |      |      |        | curr_fullImage_473  | srl  | 0       | 32, 2, 1         |
|    curr_fullImage_474_U                | fifo channel | task level |      |      |        | curr_fullImage_474  | srl  | 0       | 32, 2, 1         |
|    curr_fullImage_475_U                | fifo channel | task level |      |      |        | curr_fullImage_475  | srl  | 0       | 32, 2, 1         |
|    curr_fullImage_476_U                | fifo channel | task level |      |      |        | curr_fullImage_476  | srl  | 0       | 32, 2, 1         |
|    curr_fullImage_477_U                | fifo channel | task level |      |      |        | curr_fullImage_477  | srl  | 0       | 32, 2, 1         |
|    curr_fullImage_478_U                | fifo channel | task level |      |      |        | curr_fullImage_478  | srl  | 0       | 32, 2, 1         |
|    curr_fullImage_479_U                | fifo channel | task level |      |      |        | curr_fullImage_479  | srl  | 0       | 32, 2, 1         |
|    curr_fullImage_480_U                | fifo channel | task level |      |      |        | curr_fullImage_480  | srl  | 0       | 32, 2, 1         |
|    curr_fullImage_481_U                | fifo channel | task level |      |      |        | curr_fullImage_481  | srl  | 0       | 32, 2, 1         |
|    curr_fullImage_482_U                | fifo channel | task level |      |      |        | curr_fullImage_482  | srl  | 0       | 32, 2, 1         |
|    curr_fullImage_483_U                | fifo channel | task level |      |      |        | curr_fullImage_483  | srl  | 0       | 32, 2, 1         |
|    curr_fullImage_484_U                | fifo channel | task level |      |      |        | curr_fullImage_484  | srl  | 0       | 32, 2, 1         |
|    curr_fullImage_485_U                | fifo channel | task level |      |      |        | curr_fullImage_485  | srl  | 0       | 32, 2, 1         |
|    curr_fullImage_486_U                | fifo channel | task level |      |      |        | curr_fullImage_486  | srl  | 0       | 32, 2, 1         |
|    curr_fullImage_487_U                | fifo channel | task level |      |      |        | curr_fullImage_487  | srl  | 0       | 32, 2, 1         |
|    curr_fullImage_488_U                | fifo channel | task level |      |      |        | curr_fullImage_488  | srl  | 0       | 32, 2, 1         |
|    curr_fullImage_489_U                | fifo channel | task level |      |      |        | curr_fullImage_489  | srl  | 0       | 32, 2, 1         |
|    curr_fullImage_490_U                | fifo channel | task level |      |      |        | curr_fullImage_490  | srl  | 0       | 32, 2, 1         |
|    curr_fullImage_491_U                | fifo channel | task level |      |      |        | curr_fullImage_491  | srl  | 0       | 32, 2, 1         |
|    curr_fullImage_492_U                | fifo channel | task level |      |      |        | curr_fullImage_492  | srl  | 0       | 32, 2, 1         |
|    curr_fullImage_493_U                | fifo channel | task level |      |      |        | curr_fullImage_493  | srl  | 0       | 32, 2, 1         |
|    curr_fullImage_494_U                | fifo channel | task level |      |      |        | curr_fullImage_494  | srl  | 0       | 32, 2, 1         |
|    curr_fullImage_495_U                | fifo channel | task level |      |      |        | curr_fullImage_495  | srl  | 0       | 32, 2, 1         |
|    curr_fullImage_496_U                | fifo channel | task level |      |      |        | curr_fullImage_496  | srl  | 0       | 32, 2, 1         |
|    curr_fullImage_497_U                | fifo channel | task level |      |      |        | curr_fullImage_497  | srl  | 0       | 32, 2, 1         |
|    curr_fullImage_498_U                | fifo channel | task level |      |      |        | curr_fullImage_498  | srl  | 0       | 32, 2, 1         |
|    curr_fullImage_499_U                | fifo channel | task level |      |      |        | curr_fullImage_499  | srl  | 0       | 32, 2, 1         |
|    curr_fullImage_500_U                | fifo channel | task level |      |      |        | curr_fullImage_500  | srl  | 0       | 32, 2, 1         |
|    curr_fullImage_501_U                | fifo channel | task level |      |      |        | curr_fullImage_501  | srl  | 0       | 32, 2, 1         |
|    curr_fullImage_502_U                | fifo channel | task level |      |      |        | curr_fullImage_502  | srl  | 0       | 32, 2, 1         |
|    curr_fullImage_503_U                | fifo channel | task level |      |      |        | curr_fullImage_503  | srl  | 0       | 32, 2, 1         |
|    curr_fullImage_504_U                | fifo channel | task level |      |      |        | curr_fullImage_504  | srl  | 0       | 32, 2, 1         |
|    curr_fullImage_505_U                | fifo channel | task level |      |      |        | curr_fullImage_505  | srl  | 0       | 32, 2, 1         |
|    curr_fullImage_506_U                | fifo channel | task level |      |      |        | curr_fullImage_506  | srl  | 0       | 32, 2, 1         |
|    curr_fullImage_507_U                | fifo channel | task level |      |      |        | curr_fullImage_507  | srl  | 0       | 32, 2, 1         |
|    curr_fullImage_508_U                | fifo channel | task level |      |      |        | curr_fullImage_508  | srl  | 0       | 32, 2, 1         |
|    curr_fullImage_509_U                | fifo channel | task level |      |      |        | curr_fullImage_509  | srl  | 0       | 32, 2, 1         |
|    curr_fullImage_510_U                | fifo channel | task level |      |      |        | curr_fullImage_510  | srl  | 0       | 32, 2, 1         |
|    curr_fullImage_511_U                | fifo channel | task level |      |      |        | curr_fullImage_511  | srl  | 0       | 32, 2, 1         |
|    curr_fullImage_512_U                | fifo channel | task level |      |      |        | curr_fullImage_512  | srl  | 0       | 32, 2, 1         |
|    curr_fullImage_513_U                | fifo channel | task level |      |      |        | curr_fullImage_513  | srl  | 0       | 32, 2, 1         |
|    curr_fullImage_514_U                | fifo channel | task level |      |      |        | curr_fullImage_514  | srl  | 0       | 32, 2, 1         |
|    curr_fullImage_515_U                | fifo channel | task level |      |      |        | curr_fullImage_515  | srl  | 0       | 32, 2, 1         |
|    curr_fullImage_516_U                | fifo channel | task level |      |      |        | curr_fullImage_516  | srl  | 0       | 32, 2, 1         |
|    curr_fullImage_517_U                | fifo channel | task level |      |      |        | curr_fullImage_517  | srl  | 0       | 32, 2, 1         |
|    curr_fullImage_518_U                | fifo channel | task level |      |      |        | curr_fullImage_518  | srl  | 0       | 32, 2, 1         |
|    curr_fullImage_519_U                | fifo channel | task level |      |      |        | curr_fullImage_519  | srl  | 0       | 32, 2, 1         |
|    curr_fullImage_520_U                | fifo channel | task level |      |      |        | curr_fullImage_520  | srl  | 0       | 32, 2, 1         |
|    curr_fullImage_521_U                | fifo channel | task level |      |      |        | curr_fullImage_521  | srl  | 0       | 32, 2, 1         |
|    curr_fullImage_522_U                | fifo channel | task level |      |      |        | curr_fullImage_522  | srl  | 0       | 32, 2, 1         |
|    curr_fullImage_523_U                | fifo channel | task level |      |      |        | curr_fullImage_523  | srl  | 0       | 32, 2, 1         |
|    curr_fullImage_524_U                | fifo channel | task level |      |      |        | curr_fullImage_524  | srl  | 0       | 32, 2, 1         |
|    curr_fullImage_525_U                | fifo channel | task level |      |      |        | curr_fullImage_525  | srl  | 0       | 32, 2, 1         |
|    curr_fullImage_526_U                | fifo channel | task level |      |      |        | curr_fullImage_526  | srl  | 0       | 32, 2, 1         |
|    curr_fullImage_527_U                | fifo channel | task level |      |      |        | curr_fullImage_527  | srl  | 0       | 32, 2, 1         |
|    curr_fullImage_528_U                | fifo channel | task level |      |      |        | curr_fullImage_528  | srl  | 0       | 32, 2, 1         |
|    curr_fullImage_529_U                | fifo channel | task level |      |      |        | curr_fullImage_529  | srl  | 0       | 32, 2, 1         |
|    curr_fullImage_530_U                | fifo channel | task level |      |      |        | curr_fullImage_530  | srl  | 0       | 32, 2, 1         |
|    curr_fullImage_531_U                | fifo channel | task level |      |      |        | curr_fullImage_531  | srl  | 0       | 32, 2, 1         |
|    curr_fullImage_532_U                | fifo channel | task level |      |      |        | curr_fullImage_532  | srl  | 0       | 32, 2, 1         |
|    curr_fullImage_533_U                | fifo channel | task level |      |      |        | curr_fullImage_533  | srl  | 0       | 32, 2, 1         |
|    curr_fullImage_534_U                | fifo channel | task level |      |      |        | curr_fullImage_534  | srl  | 0       | 32, 2, 1         |
|    curr_fullImage_535_U                | fifo channel | task level |      |      |        | curr_fullImage_535  | srl  | 0       | 32, 2, 1         |
|    curr_fullImage_536_U                | fifo channel | task level |      |      |        | curr_fullImage_536  | srl  | 0       | 32, 2, 1         |
|    curr_fullImage_537_U                | fifo channel | task level |      |      |        | curr_fullImage_537  | srl  | 0       | 32, 2, 1         |
|    curr_fullImage_538_U                | fifo channel | task level |      |      |        | curr_fullImage_538  | srl  | 0       | 32, 2, 1         |
|    curr_fullImage_539_U                | fifo channel | task level |      |      |        | curr_fullImage_539  | srl  | 0       | 32, 2, 1         |
|    curr_fullImage_540_U                | fifo channel | task level |      |      |        | curr_fullImage_540  | srl  | 0       | 32, 2, 1         |
|    curr_fullImage_541_U                | fifo channel | task level |      |      |        | curr_fullImage_541  | srl  | 0       | 32, 2, 1         |
|    curr_fullImage_542_U                | fifo channel | task level |      |      |        | curr_fullImage_542  | srl  | 0       | 32, 2, 1         |
|    curr_fullImage_543_U                | fifo channel | task level |      |      |        | curr_fullImage_543  | srl  | 0       | 32, 2, 1         |
|    curr_fullImage_544_U                | fifo channel | task level |      |      |        | curr_fullImage_544  | srl  | 0       | 32, 2, 1         |
|    curr_fullImage_545_U                | fifo channel | task level |      |      |        | curr_fullImage_545  | srl  | 0       | 32, 2, 1         |
|    curr_fullImage_546_U                | fifo channel | task level |      |      |        | curr_fullImage_546  | srl  | 0       | 32, 2, 1         |
|    curr_fullImage_547_U                | fifo channel | task level |      |      |        | curr_fullImage_547  | srl  | 0       | 32, 2, 1         |
|    curr_fullImage_548_U                | fifo channel | task level |      |      |        | curr_fullImage_548  | srl  | 0       | 32, 2, 1         |
|    curr_fullImage_549_U                | fifo channel | task level |      |      |        | curr_fullImage_549  | srl  | 0       | 32, 2, 1         |
|    curr_fullImage_550_U                | fifo channel | task level |      |      |        | curr_fullImage_550  | srl  | 0       | 32, 2, 1         |
|    curr_fullImage_551_U                | fifo channel | task level |      |      |        | curr_fullImage_551  | srl  | 0       | 32, 2, 1         |
|    curr_fullImage_552_U                | fifo channel | task level |      |      |        | curr_fullImage_552  | srl  | 0       | 32, 2, 1         |
|    curr_fullImage_553_U                | fifo channel | task level |      |      |        | curr_fullImage_553  | srl  | 0       | 32, 2, 1         |
|    curr_fullImage_554_U                | fifo channel | task level |      |      |        | curr_fullImage_554  | srl  | 0       | 32, 2, 1         |
|    curr_fullImage_555_U                | fifo channel | task level |      |      |        | curr_fullImage_555  | srl  | 0       | 32, 2, 1         |
|    curr_fullImage_556_U                | fifo channel | task level |      |      |        | curr_fullImage_556  | srl  | 0       | 32, 2, 1         |
|    curr_fullImage_557_U                | fifo channel | task level |      |      |        | curr_fullImage_557  | srl  | 0       | 32, 2, 1         |
|    curr_fullImage_558_U                | fifo channel | task level |      |      |        | curr_fullImage_558  | srl  | 0       | 32, 2, 1         |
|    curr_fullImage_559_U                | fifo channel | task level |      |      |        | curr_fullImage_559  | srl  | 0       | 32, 2, 1         |
|    curr_fullImage_560_U                | fifo channel | task level |      |      |        | curr_fullImage_560  | srl  | 0       | 32, 2, 1         |
|    curr_fullImage_561_U                | fifo channel | task level |      |      |        | curr_fullImage_561  | srl  | 0       | 32, 2, 1         |
|    curr_fullImage_562_U                | fifo channel | task level |      |      |        | curr_fullImage_562  | srl  | 0       | 32, 2, 1         |
|    curr_fullImage_563_U                | fifo channel | task level |      |      |        | curr_fullImage_563  | srl  | 0       | 32, 2, 1         |
|    curr_fullImage_564_U                | fifo channel | task level |      |      |        | curr_fullImage_564  | srl  | 0       | 32, 2, 1         |
|    curr_fullImage_565_U                | fifo channel | task level |      |      |        | curr_fullImage_565  | srl  | 0       | 32, 2, 1         |
|    curr_fullImage_566_U                | fifo channel | task level |      |      |        | curr_fullImage_566  | srl  | 0       | 32, 2, 1         |
|    curr_fullImage_567_U                | fifo channel | task level |      |      |        | curr_fullImage_567  | srl  | 0       | 32, 2, 1         |
|    curr_fullImage_568_U                | fifo channel | task level |      |      |        | curr_fullImage_568  | srl  | 0       | 32, 2, 1         |
|    curr_fullImage_569_U                | fifo channel | task level |      |      |        | curr_fullImage_569  | srl  | 0       | 32, 2, 1         |
|    curr_fullImage_570_U                | fifo channel | task level |      |      |        | curr_fullImage_570  | srl  | 0       | 32, 2, 1         |
|    curr_fullImage_571_U                | fifo channel | task level |      |      |        | curr_fullImage_571  | srl  | 0       | 32, 2, 1         |
|    curr_fullImage_572_U                | fifo channel | task level |      |      |        | curr_fullImage_572  | srl  | 0       | 32, 2, 1         |
|    curr_fullImage_573_U                | fifo channel | task level |      |      |        | curr_fullImage_573  | srl  | 0       | 32, 2, 1         |
|    curr_fullImage_574_U                | fifo channel | task level |      |      |        | curr_fullImage_574  | srl  | 0       | 32, 2, 1         |
|    curr_fullImage_575_U                | fifo channel | task level |      |      |        | curr_fullImage_575  | srl  | 0       | 32, 2, 1         |
|    curr_fullImage_576_U                | fifo channel | task level |      |      |        | curr_fullImage_576  | srl  | 0       | 32, 2, 1         |
|    curr_fullImage_577_U                | fifo channel | task level |      |      |        | curr_fullImage_577  | srl  | 0       | 32, 2, 1         |
|    curr_fullImage_578_U                | fifo channel | task level |      |      |        | curr_fullImage_578  | srl  | 0       | 32, 2, 1         |
|    curr_fullImage_579_U                | fifo channel | task level |      |      |        | curr_fullImage_579  | srl  | 0       | 32, 2, 1         |
|    curr_fullImage_580_U                | fifo channel | task level |      |      |        | curr_fullImage_580  | srl  | 0       | 32, 2, 1         |
|    curr_fullImage_581_U                | fifo channel | task level |      |      |        | curr_fullImage_581  | srl  | 0       | 32, 2, 1         |
|    curr_fullImage_582_U                | fifo channel | task level |      |      |        | curr_fullImage_582  | srl  | 0       | 32, 2, 1         |
|    curr_fullImage_583_U                | fifo channel | task level |      |      |        | curr_fullImage_583  | srl  | 0       | 32, 2, 1         |
|    curr_fullImage_584_U                | fifo channel | task level |      |      |        | curr_fullImage_584  | srl  | 0       | 32, 2, 1         |
|    curr_fullImage_585_U                | fifo channel | task level |      |      |        | curr_fullImage_585  | srl  | 0       | 32, 2, 1         |
|    curr_fullImage_586_U                | fifo channel | task level |      |      |        | curr_fullImage_586  | srl  | 0       | 32, 2, 1         |
|    curr_fullImage_587_U                | fifo channel | task level |      |      |        | curr_fullImage_587  | srl  | 0       | 32, 2, 1         |
|    curr_fullImage_588_U                | fifo channel | task level |      |      |        | curr_fullImage_588  | srl  | 0       | 32, 2, 1         |
|    curr_fullImage_589_U                | fifo channel | task level |      |      |        | curr_fullImage_589  | srl  | 0       | 32, 2, 1         |
|    curr_fullImage_590_U                | fifo channel | task level |      |      |        | curr_fullImage_590  | srl  | 0       | 32, 2, 1         |
|    curr_fullImage_591_U                | fifo channel | task level |      |      |        | curr_fullImage_591  | srl  | 0       | 32, 2, 1         |
|    curr_fullImage_592_U                | fifo channel | task level |      |      |        | curr_fullImage_592  | srl  | 0       | 32, 2, 1         |
|    curr_fullImage_593_U                | fifo channel | task level |      |      |        | curr_fullImage_593  | srl  | 0       | 32, 2, 1         |
|    curr_fullImage_594_U                | fifo channel | task level |      |      |        | curr_fullImage_594  | srl  | 0       | 32, 2, 1         |
|    curr_fullImage_595_U                | fifo channel | task level |      |      |        | curr_fullImage_595  | srl  | 0       | 32, 2, 1         |
|    curr_fullImage_596_U                | fifo channel | task level |      |      |        | curr_fullImage_596  | srl  | 0       | 32, 2, 1         |
|    curr_fullImage_597_U                | fifo channel | task level |      |      |        | curr_fullImage_597  | srl  | 0       | 32, 2, 1         |
|    curr_fullImage_598_U                | fifo channel | task level |      |      |        | curr_fullImage_598  | srl  | 0       | 32, 2, 1         |
|    curr_fullImage_599_U                | fifo channel | task level |      |      |        | curr_fullImage_599  | srl  | 0       | 32, 2, 1         |
|    curr_fullImage_600_U                | fifo channel | task level |      |      |        | curr_fullImage_600  | srl  | 0       | 32, 2, 1         |
|    curr_fullImage_601_U                | fifo channel | task level |      |      |        | curr_fullImage_601  | srl  | 0       | 32, 2, 1         |
|    curr_fullImage_602_U                | fifo channel | task level |      |      |        | curr_fullImage_602  | srl  | 0       | 32, 2, 1         |
|    curr_fullImage_603_U                | fifo channel | task level |      |      |        | curr_fullImage_603  | srl  | 0       | 32, 2, 1         |
|    curr_fullImage_604_U                | fifo channel | task level |      |      |        | curr_fullImage_604  | srl  | 0       | 32, 2, 1         |
|    curr_fullImage_605_U                | fifo channel | task level |      |      |        | curr_fullImage_605  | srl  | 0       | 32, 2, 1         |
|    curr_fullImage_606_U                | fifo channel | task level |      |      |        | curr_fullImage_606  | srl  | 0       | 32, 2, 1         |
|    curr_fullImage_607_U                | fifo channel | task level |      |      |        | curr_fullImage_607  | srl  | 0       | 32, 2, 1         |
|    curr_fullImage_608_U                | fifo channel | task level |      |      |        | curr_fullImage_608  | srl  | 0       | 32, 2, 1         |
|    curr_fullImage_609_U                | fifo channel | task level |      |      |        | curr_fullImage_609  | srl  | 0       | 32, 2, 1         |
|    curr_fullImage_610_U                | fifo channel | task level |      |      |        | curr_fullImage_610  | srl  | 0       | 32, 2, 1         |
|    curr_fullImage_611_U                | fifo channel | task level |      |      |        | curr_fullImage_611  | srl  | 0       | 32, 2, 1         |
|    curr_fullImage_612_U                | fifo channel | task level |      |      |        | curr_fullImage_612  | srl  | 0       | 32, 2, 1         |
|    curr_fullImage_613_U                | fifo channel | task level |      |      |        | curr_fullImage_613  | srl  | 0       | 32, 2, 1         |
|    curr_fullImage_614_U                | fifo channel | task level |      |      |        | curr_fullImage_614  | srl  | 0       | 32, 2, 1         |
|    curr_fullImage_615_U                | fifo channel | task level |      |      |        | curr_fullImage_615  | srl  | 0       | 32, 2, 1         |
|    curr_fullImage_616_U                | fifo channel | task level |      |      |        | curr_fullImage_616  | srl  | 0       | 32, 2, 1         |
|    curr_fullImage_617_U                | fifo channel | task level |      |      |        | curr_fullImage_617  | srl  | 0       | 32, 2, 1         |
|    curr_fullImage_618_U                | fifo channel | task level |      |      |        | curr_fullImage_618  | srl  | 0       | 32, 2, 1         |
|    curr_fullImage_619_U                | fifo channel | task level |      |      |        | curr_fullImage_619  | srl  | 0       | 32, 2, 1         |
|    curr_fullImage_620_U                | fifo channel | task level |      |      |        | curr_fullImage_620  | srl  | 0       | 32, 2, 1         |
|    curr_fullImage_621_U                | fifo channel | task level |      |      |        | curr_fullImage_621  | srl  | 0       | 32, 2, 1         |
|    curr_fullImage_622_U                | fifo channel | task level |      |      |        | curr_fullImage_622  | srl  | 0       | 32, 2, 1         |
|    curr_fullImage_623_U                | fifo channel | task level |      |      |        | curr_fullImage_623  | srl  | 0       | 32, 2, 1         |
|    curr_fullImage_624_U                | fifo channel | task level |      |      |        | curr_fullImage_624  | srl  | 0       | 32, 2, 1         |
|    curr_fullImage_625_U                | fifo channel | task level |      |      |        | curr_fullImage_625  | srl  | 0       | 32, 2, 1         |
|    curr_fullImage_626_U                | fifo channel | task level |      |      |        | curr_fullImage_626  | srl  | 0       | 32, 2, 1         |
|    curr_fullImage_627_U                | fifo channel | task level |      |      |        | curr_fullImage_627  | srl  | 0       | 32, 2, 1         |
|    curr_fullImage_628_U                | fifo channel | task level |      |      |        | curr_fullImage_628  | srl  | 0       | 32, 2, 1         |
|    curr_fullImage_629_U                | fifo channel | task level |      |      |        | curr_fullImage_629  | srl  | 0       | 32, 2, 1         |
|    curr_fullImage_630_U                | fifo channel | task level |      |      |        | curr_fullImage_630  | srl  | 0       | 32, 2, 1         |
|    curr_fullImage_631_U                | fifo channel | task level |      |      |        | curr_fullImage_631  | srl  | 0       | 32, 2, 1         |
|    curr_fullImage_632_U                | fifo channel | task level |      |      |        | curr_fullImage_632  | srl  | 0       | 32, 2, 1         |
|    curr_fullImage_633_U                | fifo channel | task level |      |      |        | curr_fullImage_633  | srl  | 0       | 32, 2, 1         |
|    curr_fullImage_634_U                | fifo channel | task level |      |      |        | curr_fullImage_634  | srl  | 0       | 32, 2, 1         |
|    curr_fullImage_635_U                | fifo channel | task level |      |      |        | curr_fullImage_635  | srl  | 0       | 32, 2, 1         |
|    curr_fullImage_636_U                | fifo channel | task level |      |      |        | curr_fullImage_636  | srl  | 0       | 32, 2, 1         |
|    curr_fullImage_637_U                | fifo channel | task level |      |      |        | curr_fullImage_637  | srl  | 0       | 32, 2, 1         |
|    curr_fullImage_638_U                | fifo channel | task level |      |      |        | curr_fullImage_638  | srl  | 0       | 32, 2, 1         |
|    curr_fullImage_639_U                | fifo channel | task level |      |      |        | curr_fullImage_639  | srl  | 0       | 32, 2, 1         |
|    curr_fullImage_640_U                | fifo channel | task level |      |      |        | curr_fullImage_640  | srl  | 0       | 32, 2, 1         |
|    curr_fullImage_641_U                | fifo channel | task level |      |      |        | curr_fullImage_641  | srl  | 0       | 32, 2, 1         |
|    curr_fullImage_642_U                | fifo channel | task level |      |      |        | curr_fullImage_642  | srl  | 0       | 32, 2, 1         |
|    curr_fullImage_643_U                | fifo channel | task level |      |      |        | curr_fullImage_643  | srl  | 0       | 32, 2, 1         |
|    curr_fullImage_644_U                | fifo channel | task level |      |      |        | curr_fullImage_644  | srl  | 0       | 32, 2, 1         |
|    curr_fullImage_645_U                | fifo channel | task level |      |      |        | curr_fullImage_645  | srl  | 0       | 32, 2, 1         |
|    curr_fullImage_646_U                | fifo channel | task level |      |      |        | curr_fullImage_646  | srl  | 0       | 32, 2, 1         |
|    curr_fullImage_647_U                | fifo channel | task level |      |      |        | curr_fullImage_647  | srl  | 0       | 32, 2, 1         |
|    curr_fullImage_648_U                | fifo channel | task level |      |      |        | curr_fullImage_648  | srl  | 0       | 32, 2, 1         |
|    curr_fullImage_649_U                | fifo channel | task level |      |      |        | curr_fullImage_649  | srl  | 0       | 32, 2, 1         |
|    curr_fullImage_650_U                | fifo channel | task level |      |      |        | curr_fullImage_650  | srl  | 0       | 32, 2, 1         |
|    curr_fullImage_651_U                | fifo channel | task level |      |      |        | curr_fullImage_651  | srl  | 0       | 32, 2, 1         |
|    curr_fullImage_652_U                | fifo channel | task level |      |      |        | curr_fullImage_652  | srl  | 0       | 32, 2, 1         |
|    curr_fullImage_653_U                | fifo channel | task level |      |      |        | curr_fullImage_653  | srl  | 0       | 32, 2, 1         |
|    curr_fullImage_654_U                | fifo channel | task level |      |      |        | curr_fullImage_654  | srl  | 0       | 32, 2, 1         |
|    curr_fullImage_655_U                | fifo channel | task level |      |      |        | curr_fullImage_655  | srl  | 0       | 32, 2, 1         |
|    curr_fullImage_656_U                | fifo channel | task level |      |      |        | curr_fullImage_656  | srl  | 0       | 32, 2, 1         |
|    curr_fullImage_657_U                | fifo channel | task level |      |      |        | curr_fullImage_657  | srl  | 0       | 32, 2, 1         |
|    curr_fullImage_658_U                | fifo channel | task level |      |      |        | curr_fullImage_658  | srl  | 0       | 32, 2, 1         |
|    curr_fullImage_659_U                | fifo channel | task level |      |      |        | curr_fullImage_659  | srl  | 0       | 32, 2, 1         |
|    curr_fullImage_660_U                | fifo channel | task level |      |      |        | curr_fullImage_660  | srl  | 0       | 32, 2, 1         |
|    curr_fullImage_661_U                | fifo channel | task level |      |      |        | curr_fullImage_661  | srl  | 0       | 32, 2, 1         |
|    curr_fullImage_662_U                | fifo channel | task level |      |      |        | curr_fullImage_662  | srl  | 0       | 32, 2, 1         |
|    curr_fullImage_663_U                | fifo channel | task level |      |      |        | curr_fullImage_663  | srl  | 0       | 32, 2, 1         |
|    curr_fullImage_664_U                | fifo channel | task level |      |      |        | curr_fullImage_664  | srl  | 0       | 32, 2, 1         |
|    curr_fullImage_665_U                | fifo channel | task level |      |      |        | curr_fullImage_665  | srl  | 0       | 32, 2, 1         |
|    curr_fullImage_666_U                | fifo channel | task level |      |      |        | curr_fullImage_666  | srl  | 0       | 32, 2, 1         |
|    curr_fullImage_667_U                | fifo channel | task level |      |      |        | curr_fullImage_667  | srl  | 0       | 32, 2, 1         |
|    curr_fullImage_668_U                | fifo channel | task level |      |      |        | curr_fullImage_668  | srl  | 0       | 32, 2, 1         |
|    curr_fullImage_669_U                | fifo channel | task level |      |      |        | curr_fullImage_669  | srl  | 0       | 32, 2, 1         |
|    curr_fullImage_670_U                | fifo channel | task level |      |      |        | curr_fullImage_670  | srl  | 0       | 32, 2, 1         |
|    curr_fullImage_671_U                | fifo channel | task level |      |      |        | curr_fullImage_671  | srl  | 0       | 32, 2, 1         |
|    curr_fullImage_672_U                | fifo channel | task level |      |      |        | curr_fullImage_672  | srl  | 0       | 32, 2, 1         |
|    curr_fullImage_673_U                | fifo channel | task level |      |      |        | curr_fullImage_673  | srl  | 0       | 32, 2, 1         |
|    curr_fullImage_674_U                | fifo channel | task level |      |      |        | curr_fullImage_674  | srl  | 0       | 32, 2, 1         |
|    curr_fullImage_675_U                | fifo channel | task level |      |      |        | curr_fullImage_675  | srl  | 0       | 32, 2, 1         |
|    curr_fullImage_676_U                | fifo channel | task level |      |      |        | curr_fullImage_676  | srl  | 0       | 32, 2, 1         |
|    curr_fullImage_677_U                | fifo channel | task level |      |      |        | curr_fullImage_677  | srl  | 0       | 32, 2, 1         |
|    curr_fullImage_678_U                | fifo channel | task level |      |      |        | curr_fullImage_678  | srl  | 0       | 32, 2, 1         |
|    curr_fullImage_679_U                | fifo channel | task level |      |      |        | curr_fullImage_679  | srl  | 0       | 32, 2, 1         |
|    curr_fullImage_680_U                | fifo channel | task level |      |      |        | curr_fullImage_680  | srl  | 0       | 32, 2, 1         |
|    curr_fullImage_681_U                | fifo channel | task level |      |      |        | curr_fullImage_681  | srl  | 0       | 32, 2, 1         |
|    curr_fullImage_682_U                | fifo channel | task level |      |      |        | curr_fullImage_682  | srl  | 0       | 32, 2, 1         |
|    curr_fullImage_683_U                | fifo channel | task level |      |      |        | curr_fullImage_683  | srl  | 0       | 32, 2, 1         |
|    curr_fullImage_684_U                | fifo channel | task level |      |      |        | curr_fullImage_684  | srl  | 0       | 32, 2, 1         |
|    curr_fullImage_685_U                | fifo channel | task level |      |      |        | curr_fullImage_685  | srl  | 0       | 32, 2, 1         |
|    curr_fullImage_686_U                | fifo channel | task level |      |      |        | curr_fullImage_686  | srl  | 0       | 32, 2, 1         |
|    curr_fullImage_687_U                | fifo channel | task level |      |      |        | curr_fullImage_687  | srl  | 0       | 32, 2, 1         |
|    curr_fullImage_688_U                | fifo channel | task level |      |      |        | curr_fullImage_688  | srl  | 0       | 32, 2, 1         |
|    curr_fullImage_689_U                | fifo channel | task level |      |      |        | curr_fullImage_689  | srl  | 0       | 32, 2, 1         |
|    curr_fullImage_690_U                | fifo channel | task level |      |      |        | curr_fullImage_690  | srl  | 0       | 32, 2, 1         |
|    curr_fullImage_691_U                | fifo channel | task level |      |      |        | curr_fullImage_691  | srl  | 0       | 32, 2, 1         |
|    curr_fullImage_692_U                | fifo channel | task level |      |      |        | curr_fullImage_692  | srl  | 0       | 32, 2, 1         |
|    curr_fullImage_693_U                | fifo channel | task level |      |      |        | curr_fullImage_693  | srl  | 0       | 32, 2, 1         |
|    curr_fullImage_694_U                | fifo channel | task level |      |      |        | curr_fullImage_694  | srl  | 0       | 32, 2, 1         |
|    curr_fullImage_695_U                | fifo channel | task level |      |      |        | curr_fullImage_695  | srl  | 0       | 32, 2, 1         |
|    curr_fullImage_696_U                | fifo channel | task level |      |      |        | curr_fullImage_696  | srl  | 0       | 32, 2, 1         |
|    curr_fullImage_697_U                | fifo channel | task level |      |      |        | curr_fullImage_697  | srl  | 0       | 32, 2, 1         |
|    curr_fullImage_698_U                | fifo channel | task level |      |      |        | curr_fullImage_698  | srl  | 0       | 32, 2, 1         |
|    curr_fullImage_699_U                | fifo channel | task level |      |      |        | curr_fullImage_699  | srl  | 0       | 32, 2, 1         |
|    curr_fullImage_700_U                | fifo channel | task level |      |      |        | curr_fullImage_700  | srl  | 0       | 32, 2, 1         |
|    curr_fullImage_701_U                | fifo channel | task level |      |      |        | curr_fullImage_701  | srl  | 0       | 32, 2, 1         |
|    curr_fullImage_702_U                | fifo channel | task level |      |      |        | curr_fullImage_702  | srl  | 0       | 32, 2, 1         |
|    curr_fullImage_703_U                | fifo channel | task level |      |      |        | curr_fullImage_703  | srl  | 0       | 32, 2, 1         |
|    curr_fullImage_704_U                | fifo channel | task level |      |      |        | curr_fullImage_704  | srl  | 0       | 32, 2, 1         |
|    curr_fullImage_705_U                | fifo channel | task level |      |      |        | curr_fullImage_705  | srl  | 0       | 32, 2, 1         |
|    curr_fullImage_706_U                | fifo channel | task level |      |      |        | curr_fullImage_706  | srl  | 0       | 32, 2, 1         |
|    curr_fullImage_707_U                | fifo channel | task level |      |      |        | curr_fullImage_707  | srl  | 0       | 32, 2, 1         |
|    curr_fullImage_708_U                | fifo channel | task level |      |      |        | curr_fullImage_708  | srl  | 0       | 32, 2, 1         |
|    curr_fullImage_709_U                | fifo channel | task level |      |      |        | curr_fullImage_709  | srl  | 0       | 32, 2, 1         |
|    curr_fullImage_710_U                | fifo channel | task level |      |      |        | curr_fullImage_710  | srl  | 0       | 32, 2, 1         |
|    curr_fullImage_711_U                | fifo channel | task level |      |      |        | curr_fullImage_711  | srl  | 0       | 32, 2, 1         |
|    curr_fullImage_712_U                | fifo channel | task level |      |      |        | curr_fullImage_712  | srl  | 0       | 32, 2, 1         |
|    curr_fullImage_713_U                | fifo channel | task level |      |      |        | curr_fullImage_713  | srl  | 0       | 32, 2, 1         |
|    curr_fullImage_714_U                | fifo channel | task level |      |      |        | curr_fullImage_714  | srl  | 0       | 32, 2, 1         |
|    curr_fullImage_715_U                | fifo channel | task level |      |      |        | curr_fullImage_715  | srl  | 0       | 32, 2, 1         |
|    curr_fullImage_716_U                | fifo channel | task level |      |      |        | curr_fullImage_716  | srl  | 0       | 32, 2, 1         |
|    curr_fullImage_717_U                | fifo channel | task level |      |      |        | curr_fullImage_717  | srl  | 0       | 32, 2, 1         |
|    curr_fullImage_718_U                | fifo channel | task level |      |      |        | curr_fullImage_718  | srl  | 0       | 32, 2, 1         |
|    curr_fullImage_719_U                | fifo channel | task level |      |      |        | curr_fullImage_719  | srl  | 0       | 32, 2, 1         |
|    curr_fullImage_720_U                | fifo channel | task level |      |      |        | curr_fullImage_720  | srl  | 0       | 32, 2, 1         |
|    curr_fullImage_721_U                | fifo channel | task level |      |      |        | curr_fullImage_721  | srl  | 0       | 32, 2, 1         |
|    curr_fullImage_722_U                | fifo channel | task level |      |      |        | curr_fullImage_722  | srl  | 0       | 32, 2, 1         |
|    curr_fullImage_723_U                | fifo channel | task level |      |      |        | curr_fullImage_723  | srl  | 0       | 32, 2, 1         |
|    curr_fullImage_724_U                | fifo channel | task level |      |      |        | curr_fullImage_724  | srl  | 0       | 32, 2, 1         |
|    curr_fullImage_725_U                | fifo channel | task level |      |      |        | curr_fullImage_725  | srl  | 0       | 32, 2, 1         |
|    curr_fullImage_726_U                | fifo channel | task level |      |      |        | curr_fullImage_726  | srl  | 0       | 32, 2, 1         |
|    curr_fullImage_727_U                | fifo channel | task level |      |      |        | curr_fullImage_727  | srl  | 0       | 32, 2, 1         |
|    curr_fullImage_728_U                | fifo channel | task level |      |      |        | curr_fullImage_728  | srl  | 0       | 32, 2, 1         |
|    curr_fullImage_729_U                | fifo channel | task level |      |      |        | curr_fullImage_729  | srl  | 0       | 32, 2, 1         |
|    curr_fullImage_730_U                | fifo channel | task level |      |      |        | curr_fullImage_730  | srl  | 0       | 32, 2, 1         |
|    curr_fullImage_731_U                | fifo channel | task level |      |      |        | curr_fullImage_731  | srl  | 0       | 32, 2, 1         |
|    curr_fullImage_732_U                | fifo channel | task level |      |      |        | curr_fullImage_732  | srl  | 0       | 32, 2, 1         |
|    curr_fullImage_733_U                | fifo channel | task level |      |      |        | curr_fullImage_733  | srl  | 0       | 32, 2, 1         |
|    curr_fullImage_734_U                | fifo channel | task level |      |      |        | curr_fullImage_734  | srl  | 0       | 32, 2, 1         |
|    curr_fullImage_735_U                | fifo channel | task level |      |      |        | curr_fullImage_735  | srl  | 0       | 32, 2, 1         |
|    curr_fullImage_736_U                | fifo channel | task level |      |      |        | curr_fullImage_736  | srl  | 0       | 32, 2, 1         |
|    curr_fullImage_737_U                | fifo channel | task level |      |      |        | curr_fullImage_737  | srl  | 0       | 32, 2, 1         |
|    curr_fullImage_738_U                | fifo channel | task level |      |      |        | curr_fullImage_738  | srl  | 0       | 32, 2, 1         |
|    curr_fullImage_739_U                | fifo channel | task level |      |      |        | curr_fullImage_739  | srl  | 0       | 32, 2, 1         |
|    curr_fullImage_740_U                | fifo channel | task level |      |      |        | curr_fullImage_740  | srl  | 0       | 32, 2, 1         |
|    curr_fullImage_741_U                | fifo channel | task level |      |      |        | curr_fullImage_741  | srl  | 0       | 32, 2, 1         |
|    curr_fullImage_742_U                | fifo channel | task level |      |      |        | curr_fullImage_742  | srl  | 0       | 32, 2, 1         |
|    curr_fullImage_743_U                | fifo channel | task level |      |      |        | curr_fullImage_743  | srl  | 0       | 32, 2, 1         |
|    curr_fullImage_744_U                | fifo channel | task level |      |      |        | curr_fullImage_744  | srl  | 0       | 32, 2, 1         |
|    curr_fullImage_745_U                | fifo channel | task level |      |      |        | curr_fullImage_745  | srl  | 0       | 32, 2, 1         |
|    curr_fullImage_746_U                | fifo channel | task level |      |      |        | curr_fullImage_746  | srl  | 0       | 32, 2, 1         |
|    curr_fullImage_747_U                | fifo channel | task level |      |      |        | curr_fullImage_747  | srl  | 0       | 32, 2, 1         |
|    curr_fullImage_748_U                | fifo channel | task level |      |      |        | curr_fullImage_748  | srl  | 0       | 32, 2, 1         |
|    curr_fullImage_749_U                | fifo channel | task level |      |      |        | curr_fullImage_749  | srl  | 0       | 32, 2, 1         |
|    curr_fullImage_750_U                | fifo channel | task level |      |      |        | curr_fullImage_750  | srl  | 0       | 32, 2, 1         |
|    curr_fullImage_751_U                | fifo channel | task level |      |      |        | curr_fullImage_751  | srl  | 0       | 32, 2, 1         |
|    curr_fullImage_752_U                | fifo channel | task level |      |      |        | curr_fullImage_752  | srl  | 0       | 32, 2, 1         |
|    curr_fullImage_753_U                | fifo channel | task level |      |      |        | curr_fullImage_753  | srl  | 0       | 32, 2, 1         |
|    curr_fullImage_754_U                | fifo channel | task level |      |      |        | curr_fullImage_754  | srl  | 0       | 32, 2, 1         |
|    curr_fullImage_755_U                | fifo channel | task level |      |      |        | curr_fullImage_755  | srl  | 0       | 32, 2, 1         |
|    curr_fullImage_756_U                | fifo channel | task level |      |      |        | curr_fullImage_756  | srl  | 0       | 32, 2, 1         |
|    curr_fullImage_757_U                | fifo channel | task level |      |      |        | curr_fullImage_757  | srl  | 0       | 32, 2, 1         |
|    curr_fullImage_758_U                | fifo channel | task level |      |      |        | curr_fullImage_758  | srl  | 0       | 32, 2, 1         |
|    curr_fullImage_759_U                | fifo channel | task level |      |      |        | curr_fullImage_759  | srl  | 0       | 32, 2, 1         |
|    curr_fullImage_760_U                | fifo channel | task level |      |      |        | curr_fullImage_760  | srl  | 0       | 32, 2, 1         |
|    curr_fullImage_761_U                | fifo channel | task level |      |      |        | curr_fullImage_761  | srl  | 0       | 32, 2, 1         |
|    curr_fullImage_762_U                | fifo channel | task level |      |      |        | curr_fullImage_762  | srl  | 0       | 32, 2, 1         |
|    curr_fullImage_763_U                | fifo channel | task level |      |      |        | curr_fullImage_763  | srl  | 0       | 32, 2, 1         |
|    curr_fullImage_764_U                | fifo channel | task level |      |      |        | curr_fullImage_764  | srl  | 0       | 32, 2, 1         |
|    curr_fullImage_765_U                | fifo channel | task level |      |      |        | curr_fullImage_765  | srl  | 0       | 32, 2, 1         |
|    curr_fullImage_766_U                | fifo channel | task level |      |      |        | curr_fullImage_766  | srl  | 0       | 32, 2, 1         |
|    curr_fullImage_767_U                | fifo channel | task level |      |      |        | curr_fullImage_767  | srl  | 0       | 32, 2, 1         |
|    curr_fullImage_768_U                | fifo channel | task level |      |      |        | curr_fullImage_768  | srl  | 0       | 32, 2, 1         |
|    curr_fullImage_769_U                | fifo channel | task level |      |      |        | curr_fullImage_769  | srl  | 0       | 32, 2, 1         |
|    curr_fullImage_770_U                | fifo channel | task level |      |      |        | curr_fullImage_770  | srl  | 0       | 32, 2, 1         |
|    curr_fullImage_771_U                | fifo channel | task level |      |      |        | curr_fullImage_771  | srl  | 0       | 32, 2, 1         |
|    curr_fullImage_772_U                | fifo channel | task level |      |      |        | curr_fullImage_772  | srl  | 0       | 32, 2, 1         |
|    curr_fullImage_773_U                | fifo channel | task level |      |      |        | curr_fullImage_773  | srl  | 0       | 32, 2, 1         |
|    curr_fullImage_774_U                | fifo channel | task level |      |      |        | curr_fullImage_774  | srl  | 0       | 32, 2, 1         |
|    curr_fullImage_775_U                | fifo channel | task level |      |      |        | curr_fullImage_775  | srl  | 0       | 32, 2, 1         |
|    curr_fullImage_776_U                | fifo channel | task level |      |      |        | curr_fullImage_776  | srl  | 0       | 32, 2, 1         |
|    curr_fullImage_777_U                | fifo channel | task level |      |      |        | curr_fullImage_777  | srl  | 0       | 32, 2, 1         |
|    curr_fullImage_778_U                | fifo channel | task level |      |      |        | curr_fullImage_778  | srl  | 0       | 32, 2, 1         |
|    curr_fullImage_779_U                | fifo channel | task level |      |      |        | curr_fullImage_779  | srl  | 0       | 32, 2, 1         |
|    curr_fullImage_780_U                | fifo channel | task level |      |      |        | curr_fullImage_780  | srl  | 0       | 32, 2, 1         |
|    curr_fullImage_781_U                | fifo channel | task level |      |      |        | curr_fullImage_781  | srl  | 0       | 32, 2, 1         |
|    curr_fullImage_782_U                | fifo channel | task level |      |      |        | curr_fullImage_782  | srl  | 0       | 32, 2, 1         |
|    curr_fullImage_783_U                | fifo channel | task level |      |      |        | curr_fullImage_783  | srl  | 0       | 32, 2, 1         |
|    curr_fullImage_784_U                | fifo channel | task level |      |      |        | curr_fullImage_784  | srl  | 0       | 32, 2, 1         |
|    curr_fullImage_785_U                | fifo channel | task level |      |      |        | curr_fullImage_785  | srl  | 0       | 32, 2, 1         |
|    curr_fullImage_786_U                | fifo channel | task level |      |      |        | curr_fullImage_786  | srl  | 0       | 32, 2, 1         |
|    curr_fullImage_787_U                | fifo channel | task level |      |      |        | curr_fullImage_787  | srl  | 0       | 32, 2, 1         |
|    curr_fullImage_788_U                | fifo channel | task level |      |      |        | curr_fullImage_788  | srl  | 0       | 32, 2, 1         |
|    curr_fullImage_789_U                | fifo channel | task level |      |      |        | curr_fullImage_789  | srl  | 0       | 32, 2, 1         |
|    curr_fullImage_790_U                | fifo channel | task level |      |      |        | curr_fullImage_790  | srl  | 0       | 32, 2, 1         |
|    curr_fullImage_791_U                | fifo channel | task level |      |      |        | curr_fullImage_791  | srl  | 0       | 32, 2, 1         |
|    curr_fullImage_792_U                | fifo channel | task level |      |      |        | curr_fullImage_792  | srl  | 0       | 32, 2, 1         |
|    curr_fullImage_793_U                | fifo channel | task level |      |      |        | curr_fullImage_793  | srl  | 0       | 32, 2, 1         |
|    curr_fullImage_794_U                | fifo channel | task level |      |      |        | curr_fullImage_794  | srl  | 0       | 32, 2, 1         |
|    curr_fullImage_795_U                | fifo channel | task level |      |      |        | curr_fullImage_795  | srl  | 0       | 32, 2, 1         |
|    curr_fullImage_796_U                | fifo channel | task level |      |      |        | curr_fullImage_796  | srl  | 0       | 32, 2, 1         |
|    curr_fullImage_797_U                | fifo channel | task level |      |      |        | curr_fullImage_797  | srl  | 0       | 32, 2, 1         |
|    curr_fullImage_798_U                | fifo channel | task level |      |      |        | curr_fullImage_798  | srl  | 0       | 32, 2, 1         |
|    curr_fullImage_799_U                | fifo channel | task level |      |      |        | curr_fullImage_799  | srl  | 0       | 32, 2, 1         |
|    curr_fullImage_800_U                | fifo channel | task level |      |      |        | curr_fullImage_800  | srl  | 0       | 32, 2, 1         |
|    curr_fullImage_801_U                | fifo channel | task level |      |      |        | curr_fullImage_801  | srl  | 0       | 32, 2, 1         |
|    curr_fullImage_802_U                | fifo channel | task level |      |      |        | curr_fullImage_802  | srl  | 0       | 32, 2, 1         |
|    curr_fullImage_803_U                | fifo channel | task level |      |      |        | curr_fullImage_803  | srl  | 0       | 32, 2, 1         |
|    curr_fullImage_804_U                | fifo channel | task level |      |      |        | curr_fullImage_804  | srl  | 0       | 32, 2, 1         |
|    curr_fullImage_805_U                | fifo channel | task level |      |      |        | curr_fullImage_805  | srl  | 0       | 32, 2, 1         |
|    curr_fullImage_806_U                | fifo channel | task level |      |      |        | curr_fullImage_806  | srl  | 0       | 32, 2, 1         |
|    curr_fullImage_807_U                | fifo channel | task level |      |      |        | curr_fullImage_807  | srl  | 0       | 32, 2, 1         |
|    curr_fullImage_808_U                | fifo channel | task level |      |      |        | curr_fullImage_808  | srl  | 0       | 32, 2, 1         |
|    curr_fullImage_809_U                | fifo channel | task level |      |      |        | curr_fullImage_809  | srl  | 0       | 32, 2, 1         |
|    curr_fullImage_810_U                | fifo channel | task level |      |      |        | curr_fullImage_810  | srl  | 0       | 32, 2, 1         |
|    curr_fullImage_811_U                | fifo channel | task level |      |      |        | curr_fullImage_811  | srl  | 0       | 32, 2, 1         |
|    curr_fullImage_812_U                | fifo channel | task level |      |      |        | curr_fullImage_812  | srl  | 0       | 32, 2, 1         |
|    curr_fullImage_813_U                | fifo channel | task level |      |      |        | curr_fullImage_813  | srl  | 0       | 32, 2, 1         |
|    curr_fullImage_814_U                | fifo channel | task level |      |      |        | curr_fullImage_814  | srl  | 0       | 32, 2, 1         |
|    curr_fullImage_815_U                | fifo channel | task level |      |      |        | curr_fullImage_815  | srl  | 0       | 32, 2, 1         |
|    curr_fullImage_816_U                | fifo channel | task level |      |      |        | curr_fullImage_816  | srl  | 0       | 32, 2, 1         |
|    curr_fullImage_817_U                | fifo channel | task level |      |      |        | curr_fullImage_817  | srl  | 0       | 32, 2, 1         |
|    curr_fullImage_818_U                | fifo channel | task level |      |      |        | curr_fullImage_818  | srl  | 0       | 32, 2, 1         |
|    curr_fullImage_819_U                | fifo channel | task level |      |      |        | curr_fullImage_819  | srl  | 0       | 32, 2, 1         |
|    curr_fullImage_820_U                | fifo channel | task level |      |      |        | curr_fullImage_820  | srl  | 0       | 32, 2, 1         |
|    curr_fullImage_821_U                | fifo channel | task level |      |      |        | curr_fullImage_821  | srl  | 0       | 32, 2, 1         |
|    curr_fullImage_822_U                | fifo channel | task level |      |      |        | curr_fullImage_822  | srl  | 0       | 32, 2, 1         |
|    curr_fullImage_823_U                | fifo channel | task level |      |      |        | curr_fullImage_823  | srl  | 0       | 32, 2, 1         |
|    curr_fullImage_824_U                | fifo channel | task level |      |      |        | curr_fullImage_824  | srl  | 0       | 32, 2, 1         |
|    curr_fullImage_825_U                | fifo channel | task level |      |      |        | curr_fullImage_825  | srl  | 0       | 32, 2, 1         |
|    curr_fullImage_826_U                | fifo channel | task level |      |      |        | curr_fullImage_826  | srl  | 0       | 32, 2, 1         |
|    curr_fullImage_827_U                | fifo channel | task level |      |      |        | curr_fullImage_827  | srl  | 0       | 32, 2, 1         |
|    curr_fullImage_828_U                | fifo channel | task level |      |      |        | curr_fullImage_828  | srl  | 0       | 32, 2, 1         |
|    curr_fullImage_829_U                | fifo channel | task level |      |      |        | curr_fullImage_829  | srl  | 0       | 32, 2, 1         |
|    curr_fullImage_830_U                | fifo channel | task level |      |      |        | curr_fullImage_830  | srl  | 0       | 32, 2, 1         |
|    curr_fullImage_831_U                | fifo channel | task level |      |      |        | curr_fullImage_831  | srl  | 0       | 32, 2, 1         |
|    curr_fullImage_832_U                | fifo channel | task level |      |      |        | curr_fullImage_832  | srl  | 0       | 32, 2, 1         |
|    curr_fullImage_833_U                | fifo channel | task level |      |      |        | curr_fullImage_833  | srl  | 0       | 32, 2, 1         |
|    curr_fullImage_834_U                | fifo channel | task level |      |      |        | curr_fullImage_834  | srl  | 0       | 32, 2, 1         |
|    curr_fullImage_835_U                | fifo channel | task level |      |      |        | curr_fullImage_835  | srl  | 0       | 32, 2, 1         |
|    curr_fullImage_836_U                | fifo channel | task level |      |      |        | curr_fullImage_836  | srl  | 0       | 32, 2, 1         |
|    curr_fullImage_837_U                | fifo channel | task level |      |      |        | curr_fullImage_837  | srl  | 0       | 32, 2, 1         |
|    curr_fullImage_838_U                | fifo channel | task level |      |      |        | curr_fullImage_838  | srl  | 0       | 32, 2, 1         |
|    curr_fullImage_839_U                | fifo channel | task level |      |      |        | curr_fullImage_839  | srl  | 0       | 32, 2, 1         |
|    curr_fullImage_840_U                | fifo channel | task level |      |      |        | curr_fullImage_840  | srl  | 0       | 32, 2, 1         |
|    curr_fullImage_841_U                | fifo channel | task level |      |      |        | curr_fullImage_841  | srl  | 0       | 32, 2, 1         |
|    curr_fullImage_842_U                | fifo channel | task level |      |      |        | curr_fullImage_842  | srl  | 0       | 32, 2, 1         |
|    curr_fullImage_843_U                | fifo channel | task level |      |      |        | curr_fullImage_843  | srl  | 0       | 32, 2, 1         |
|    curr_fullImage_844_U                | fifo channel | task level |      |      |        | curr_fullImage_844  | srl  | 0       | 32, 2, 1         |
|    curr_fullImage_845_U                | fifo channel | task level |      |      |        | curr_fullImage_845  | srl  | 0       | 32, 2, 1         |
|    curr_fullImage_846_U                | fifo channel | task level |      |      |        | curr_fullImage_846  | srl  | 0       | 32, 2, 1         |
|    curr_fullImage_847_U                | fifo channel | task level |      |      |        | curr_fullImage_847  | srl  | 0       | 32, 2, 1         |
|    curr_fullImage_848_U                | fifo channel | task level |      |      |        | curr_fullImage_848  | srl  | 0       | 32, 2, 1         |
|    curr_fullImage_849_U                | fifo channel | task level |      |      |        | curr_fullImage_849  | srl  | 0       | 32, 2, 1         |
|    curr_fullImage_850_U                | fifo channel | task level |      |      |        | curr_fullImage_850  | srl  | 0       | 32, 2, 1         |
|    curr_fullImage_851_U                | fifo channel | task level |      |      |        | curr_fullImage_851  | srl  | 0       | 32, 2, 1         |
|    curr_fullImage_852_U                | fifo channel | task level |      |      |        | curr_fullImage_852  | srl  | 0       | 32, 2, 1         |
|    curr_fullImage_853_U                | fifo channel | task level |      |      |        | curr_fullImage_853  | srl  | 0       | 32, 2, 1         |
|    curr_fullImage_854_U                | fifo channel | task level |      |      |        | curr_fullImage_854  | srl  | 0       | 32, 2, 1         |
|    curr_fullImage_855_U                | fifo channel | task level |      |      |        | curr_fullImage_855  | srl  | 0       | 32, 2, 1         |
|    curr_fullImage_856_U                | fifo channel | task level |      |      |        | curr_fullImage_856  | srl  | 0       | 32, 2, 1         |
|    curr_fullImage_857_U                | fifo channel | task level |      |      |        | curr_fullImage_857  | srl  | 0       | 32, 2, 1         |
|    curr_fullImage_858_U                | fifo channel | task level |      |      |        | curr_fullImage_858  | srl  | 0       | 32, 2, 1         |
|    curr_fullImage_859_U                | fifo channel | task level |      |      |        | curr_fullImage_859  | srl  | 0       | 32, 2, 1         |
|    curr_fullImage_860_U                | fifo channel | task level |      |      |        | curr_fullImage_860  | srl  | 0       | 32, 2, 1         |
|    curr_fullImage_861_U                | fifo channel | task level |      |      |        | curr_fullImage_861  | srl  | 0       | 32, 2, 1         |
|    curr_fullImage_862_U                | fifo channel | task level |      |      |        | curr_fullImage_862  | srl  | 0       | 32, 2, 1         |
|    curr_fullImage_863_U                | fifo channel | task level |      |      |        | curr_fullImage_863  | srl  | 0       | 32, 2, 1         |
|    curr_fullImage_864_U                | fifo channel | task level |      |      |        | curr_fullImage_864  | srl  | 0       | 32, 2, 1         |
|    curr_fullImage_865_U                | fifo channel | task level |      |      |        | curr_fullImage_865  | srl  | 0       | 32, 2, 1         |
|    curr_fullImage_866_U                | fifo channel | task level |      |      |        | curr_fullImage_866  | srl  | 0       | 32, 2, 1         |
|    curr_fullImage_867_U                | fifo channel | task level |      |      |        | curr_fullImage_867  | srl  | 0       | 32, 2, 1         |
|    curr_fullImage_868_U                | fifo channel | task level |      |      |        | curr_fullImage_868  | srl  | 0       | 32, 2, 1         |
|    curr_fullImage_869_U                | fifo channel | task level |      |      |        | curr_fullImage_869  | srl  | 0       | 32, 2, 1         |
|    curr_fullImage_870_U                | fifo channel | task level |      |      |        | curr_fullImage_870  | srl  | 0       | 32, 2, 1         |
|    curr_fullImage_871_U                | fifo channel | task level |      |      |        | curr_fullImage_871  | srl  | 0       | 32, 2, 1         |
|    curr_fullImage_872_U                | fifo channel | task level |      |      |        | curr_fullImage_872  | srl  | 0       | 32, 2, 1         |
|    curr_fullImage_873_U                | fifo channel | task level |      |      |        | curr_fullImage_873  | srl  | 0       | 32, 2, 1         |
|    curr_fullImage_874_U                | fifo channel | task level |      |      |        | curr_fullImage_874  | srl  | 0       | 32, 2, 1         |
|    curr_fullImage_875_U                | fifo channel | task level |      |      |        | curr_fullImage_875  | srl  | 0       | 32, 2, 1         |
|    curr_fullImage_876_U                | fifo channel | task level |      |      |        | curr_fullImage_876  | srl  | 0       | 32, 2, 1         |
|    curr_fullImage_877_U                | fifo channel | task level |      |      |        | curr_fullImage_877  | srl  | 0       | 32, 2, 1         |
|    curr_fullImage_878_U                | fifo channel | task level |      |      |        | curr_fullImage_878  | srl  | 0       | 32, 2, 1         |
|    curr_fullImage_879_U                | fifo channel | task level |      |      |        | curr_fullImage_879  | srl  | 0       | 32, 2, 1         |
|    curr_fullImage_880_U                | fifo channel | task level |      |      |        | curr_fullImage_880  | srl  | 0       | 32, 2, 1         |
|    curr_fullImage_881_U                | fifo channel | task level |      |      |        | curr_fullImage_881  | srl  | 0       | 32, 2, 1         |
|    curr_fullImage_882_U                | fifo channel | task level |      |      |        | curr_fullImage_882  | srl  | 0       | 32, 2, 1         |
|    curr_fullImage_883_U                | fifo channel | task level |      |      |        | curr_fullImage_883  | srl  | 0       | 32, 2, 1         |
|    curr_fullImage_884_U                | fifo channel | task level |      |      |        | curr_fullImage_884  | srl  | 0       | 32, 2, 1         |
|    curr_fullImage_885_U                | fifo channel | task level |      |      |        | curr_fullImage_885  | srl  | 0       | 32, 2, 1         |
|    curr_fullImage_886_U                | fifo channel | task level |      |      |        | curr_fullImage_886  | srl  | 0       | 32, 2, 1         |
|    curr_fullImage_887_U                | fifo channel | task level |      |      |        | curr_fullImage_887  | srl  | 0       | 32, 2, 1         |
|    curr_fullImage_888_U                | fifo channel | task level |      |      |        | curr_fullImage_888  | srl  | 0       | 32, 2, 1         |
|    curr_fullImage_889_U                | fifo channel | task level |      |      |        | curr_fullImage_889  | srl  | 0       | 32, 2, 1         |
|    curr_fullImage_890_U                | fifo channel | task level |      |      |        | curr_fullImage_890  | srl  | 0       | 32, 2, 1         |
|    curr_fullImage_891_U                | fifo channel | task level |      |      |        | curr_fullImage_891  | srl  | 0       | 32, 2, 1         |
|    curr_fullImage_892_U                | fifo channel | task level |      |      |        | curr_fullImage_892  | srl  | 0       | 32, 2, 1         |
|    curr_fullImage_893_U                | fifo channel | task level |      |      |        | curr_fullImage_893  | srl  | 0       | 32, 2, 1         |
|    curr_fullImage_894_U                | fifo channel | task level |      |      |        | curr_fullImage_894  | srl  | 0       | 32, 2, 1         |
|    curr_fullImage_895_U                | fifo channel | task level |      |      |        | curr_fullImage_895  | srl  | 0       | 32, 2, 1         |
|    curr_fullImage_896_U                | fifo channel | task level |      |      |        | curr_fullImage_896  | srl  | 0       | 32, 2, 1         |
|    curr_fullImage_897_U                | fifo channel | task level |      |      |        | curr_fullImage_897  | srl  | 0       | 32, 2, 1         |
|    curr_fullImage_898_U                | fifo channel | task level |      |      |        | curr_fullImage_898  | srl  | 0       | 32, 2, 1         |
|    curr_fullImage_899_U                | fifo channel | task level |      |      |        | curr_fullImage_899  | srl  | 0       | 32, 2, 1         |
|    curr_fullImage_900_U                | fifo channel | task level |      |      |        | curr_fullImage_900  | srl  | 0       | 32, 2, 1         |
|    curr_fullImage_901_U                | fifo channel | task level |      |      |        | curr_fullImage_901  | srl  | 0       | 32, 2, 1         |
|    curr_fullImage_902_U                | fifo channel | task level |      |      |        | curr_fullImage_902  | srl  | 0       | 32, 2, 1         |
|    curr_fullImage_903_U                | fifo channel | task level |      |      |        | curr_fullImage_903  | srl  | 0       | 32, 2, 1         |
|    curr_fullImage_904_U                | fifo channel | task level |      |      |        | curr_fullImage_904  | srl  | 0       | 32, 2, 1         |
|    curr_fullImage_905_U                | fifo channel | task level |      |      |        | curr_fullImage_905  | srl  | 0       | 32, 2, 1         |
|    curr_fullImage_906_U                | fifo channel | task level |      |      |        | curr_fullImage_906  | srl  | 0       | 32, 2, 1         |
|    curr_fullImage_907_U                | fifo channel | task level |      |      |        | curr_fullImage_907  | srl  | 0       | 32, 2, 1         |
|    curr_fullImage_908_U                | fifo channel | task level |      |      |        | curr_fullImage_908  | srl  | 0       | 32, 2, 1         |
|    curr_fullImage_909_U                | fifo channel | task level |      |      |        | curr_fullImage_909  | srl  | 0       | 32, 2, 1         |
|    curr_fullImage_910_U                | fifo channel | task level |      |      |        | curr_fullImage_910  | srl  | 0       | 32, 2, 1         |
|    curr_fullImage_911_U                | fifo channel | task level |      |      |        | curr_fullImage_911  | srl  | 0       | 32, 2, 1         |
|    curr_fullImage_912_U                | fifo channel | task level |      |      |        | curr_fullImage_912  | srl  | 0       | 32, 2, 1         |
|    curr_fullImage_913_U                | fifo channel | task level |      |      |        | curr_fullImage_913  | srl  | 0       | 32, 2, 1         |
|    curr_fullImage_914_U                | fifo channel | task level |      |      |        | curr_fullImage_914  | srl  | 0       | 32, 2, 1         |
|    curr_fullImage_915_U                | fifo channel | task level |      |      |        | curr_fullImage_915  | srl  | 0       | 32, 2, 1         |
|    curr_fullImage_916_U                | fifo channel | task level |      |      |        | curr_fullImage_916  | srl  | 0       | 32, 2, 1         |
|    curr_fullImage_917_U                | fifo channel | task level |      |      |        | curr_fullImage_917  | srl  | 0       | 32, 2, 1         |
|    curr_fullImage_918_U                | fifo channel | task level |      |      |        | curr_fullImage_918  | srl  | 0       | 32, 2, 1         |
|    curr_fullImage_919_U                | fifo channel | task level |      |      |        | curr_fullImage_919  | srl  | 0       | 32, 2, 1         |
|    curr_fullImage_920_U                | fifo channel | task level |      |      |        | curr_fullImage_920  | srl  | 0       | 32, 2, 1         |
|    curr_fullImage_921_U                | fifo channel | task level |      |      |        | curr_fullImage_921  | srl  | 0       | 32, 2, 1         |
|    curr_fullImage_922_U                | fifo channel | task level |      |      |        | curr_fullImage_922  | srl  | 0       | 32, 2, 1         |
|    curr_fullImage_923_U                | fifo channel | task level |      |      |        | curr_fullImage_923  | srl  | 0       | 32, 2, 1         |
|    curr_fullImage_924_U                | fifo channel | task level |      |      |        | curr_fullImage_924  | srl  | 0       | 32, 2, 1         |
|    curr_fullImage_925_U                | fifo channel | task level |      |      |        | curr_fullImage_925  | srl  | 0       | 32, 2, 1         |
|    curr_fullImage_926_U                | fifo channel | task level |      |      |        | curr_fullImage_926  | srl  | 0       | 32, 2, 1         |
|    curr_fullImage_927_U                | fifo channel | task level |      |      |        | curr_fullImage_927  | srl  | 0       | 32, 2, 1         |
|    curr_fullImage_928_U                | fifo channel | task level |      |      |        | curr_fullImage_928  | srl  | 0       | 32, 2, 1         |
|    curr_fullImage_929_U                | fifo channel | task level |      |      |        | curr_fullImage_929  | srl  | 0       | 32, 2, 1         |
|    curr_fullImage_930_U                | fifo channel | task level |      |      |        | curr_fullImage_930  | srl  | 0       | 32, 2, 1         |
|    curr_fullImage_931_U                | fifo channel | task level |      |      |        | curr_fullImage_931  | srl  | 0       | 32, 2, 1         |
|    curr_fullImage_932_U                | fifo channel | task level |      |      |        | curr_fullImage_932  | srl  | 0       | 32, 2, 1         |
|    curr_fullImage_933_U                | fifo channel | task level |      |      |        | curr_fullImage_933  | srl  | 0       | 32, 2, 1         |
|    curr_fullImage_934_U                | fifo channel | task level |      |      |        | curr_fullImage_934  | srl  | 0       | 32, 2, 1         |
|    curr_fullImage_935_U                | fifo channel | task level |      |      |        | curr_fullImage_935  | srl  | 0       | 32, 2, 1         |
|    curr_fullImage_936_U                | fifo channel | task level |      |      |        | curr_fullImage_936  | srl  | 0       | 32, 2, 1         |
|    curr_fullImage_937_U                | fifo channel | task level |      |      |        | curr_fullImage_937  | srl  | 0       | 32, 2, 1         |
|    curr_fullImage_938_U                | fifo channel | task level |      |      |        | curr_fullImage_938  | srl  | 0       | 32, 2, 1         |
|    curr_fullImage_939_U                | fifo channel | task level |      |      |        | curr_fullImage_939  | srl  | 0       | 32, 2, 1         |
|    curr_fullImage_940_U                | fifo channel | task level |      |      |        | curr_fullImage_940  | srl  | 0       | 32, 2, 1         |
|    curr_fullImage_941_U                | fifo channel | task level |      |      |        | curr_fullImage_941  | srl  | 0       | 32, 2, 1         |
|    curr_fullImage_942_U                | fifo channel | task level |      |      |        | curr_fullImage_942  | srl  | 0       | 32, 2, 1         |
|    curr_fullImage_943_U                | fifo channel | task level |      |      |        | curr_fullImage_943  | srl  | 0       | 32, 2, 1         |
|    curr_fullImage_944_U                | fifo channel | task level |      |      |        | curr_fullImage_944  | srl  | 0       | 32, 2, 1         |
|    curr_fullImage_945_U                | fifo channel | task level |      |      |        | curr_fullImage_945  | srl  | 0       | 32, 2, 1         |
|    curr_fullImage_946_U                | fifo channel | task level |      |      |        | curr_fullImage_946  | srl  | 0       | 32, 2, 1         |
|    curr_fullImage_947_U                | fifo channel | task level |      |      |        | curr_fullImage_947  | srl  | 0       | 32, 2, 1         |
|    curr_fullImage_948_U                | fifo channel | task level |      |      |        | curr_fullImage_948  | srl  | 0       | 32, 2, 1         |
|    curr_fullImage_949_U                | fifo channel | task level |      |      |        | curr_fullImage_949  | srl  | 0       | 32, 2, 1         |
|    curr_fullImage_950_U                | fifo channel | task level |      |      |        | curr_fullImage_950  | srl  | 0       | 32, 2, 1         |
|    curr_fullImage_951_U                | fifo channel | task level |      |      |        | curr_fullImage_951  | srl  | 0       | 32, 2, 1         |
|    curr_fullImage_952_U                | fifo channel | task level |      |      |        | curr_fullImage_952  | srl  | 0       | 32, 2, 1         |
|    curr_fullImage_953_U                | fifo channel | task level |      |      |        | curr_fullImage_953  | srl  | 0       | 32, 2, 1         |
|    curr_fullImage_954_U                | fifo channel | task level |      |      |        | curr_fullImage_954  | srl  | 0       | 32, 2, 1         |
|    curr_fullImage_955_U                | fifo channel | task level |      |      |        | curr_fullImage_955  | srl  | 0       | 32, 2, 1         |
|    curr_fullImage_956_U                | fifo channel | task level |      |      |        | curr_fullImage_956  | srl  | 0       | 32, 2, 1         |
|    curr_fullImage_957_U                | fifo channel | task level |      |      |        | curr_fullImage_957  | srl  | 0       | 32, 2, 1         |
|    curr_fullImage_958_U                | fifo channel | task level |      |      |        | curr_fullImage_958  | srl  | 0       | 32, 2, 1         |
|    curr_fullImage_959_U                | fifo channel | task level |      |      |        | curr_fullImage_959  | srl  | 0       | 32, 2, 1         |
|    curr_fullImage960_U                 | fifo channel | task level |      |      |        | curr_fullImage960   | srl  | 0       | 32, 2, 1         |
|    curr_localImage_U                   | fifo channel | task level |      |      |        | curr_localImage     | srl  | 0       | 32, 2, 1         |
|    curr_localImage_1_U                 | fifo channel | task level |      |      |        | curr_localImage_1   | srl  | 0       | 32, 2, 1         |
|    curr_localImage_2_U                 | fifo channel | task level |      |      |        | curr_localImage_2   | srl  | 0       | 32, 2, 1         |
|    curr_localImage_3_U                 | fifo channel | task level |      |      |        | curr_localImage_3   | srl  | 0       | 32, 2, 1         |
|    curr_localImage_4_U                 | fifo channel | task level |      |      |        | curr_localImage_4   | srl  | 0       | 32, 2, 1         |
|    curr_localImage_5_U                 | fifo channel | task level |      |      |        | curr_localImage_5   | srl  | 0       | 32, 2, 1         |
|    curr_localImage_6_U                 | fifo channel | task level |      |      |        | curr_localImage_6   | srl  | 0       | 32, 2, 1         |
|    curr_localImage_7_U                 | fifo channel | task level |      |      |        | curr_localImage_7   | srl  | 0       | 32, 2, 1         |
|    curr_localImage_8_U                 | fifo channel | task level |      |      |        | curr_localImage_8   | srl  | 0       | 32, 2, 1         |
|    curr_localImage_9_U                 | fifo channel | task level |      |      |        | curr_localImage_9   | srl  | 0       | 32, 2, 1         |
|    curr_localImage_10_U                | fifo channel | task level |      |      |        | curr_localImage_10  | srl  | 0       | 32, 2, 1         |
|    curr_localImage_11_U                | fifo channel | task level |      |      |        | curr_localImage_11  | srl  | 0       | 32, 2, 1         |
|    curr_localImage_12_U                | fifo channel | task level |      |      |        | curr_localImage_12  | srl  | 0       | 32, 2, 1         |
|    curr_localImage_13_U                | fifo channel | task level |      |      |        | curr_localImage_13  | srl  | 0       | 32, 2, 1         |
|    curr_localImage_14_U                | fifo channel | task level |      |      |        | curr_localImage_14  | srl  | 0       | 32, 2, 1         |
|    curr_localImage_15_U                | fifo channel | task level |      |      |        | curr_localImage_15  | srl  | 0       | 32, 2, 1         |
|    curr_localImage_16_U                | fifo channel | task level |      |      |        | curr_localImage_16  | srl  | 0       | 32, 2, 1         |
|    curr_localImage_17_U                | fifo channel | task level |      |      |        | curr_localImage_17  | srl  | 0       | 32, 2, 1         |
|    curr_localImage_18_U                | fifo channel | task level |      |      |        | curr_localImage_18  | srl  | 0       | 32, 2, 1         |
|    curr_localImage_19_U                | fifo channel | task level |      |      |        | curr_localImage_19  | srl  | 0       | 32, 2, 1         |
|    curr_localImage_20_U                | fifo channel | task level |      |      |        | curr_localImage_20  | srl  | 0       | 32, 2, 1         |
|    curr_localImage_21_U                | fifo channel | task level |      |      |        | curr_localImage_21  | srl  | 0       | 32, 2, 1         |
|    curr_localImage_22_U                | fifo channel | task level |      |      |        | curr_localImage_22  | srl  | 0       | 32, 2, 1         |
|    curr_localImage_23_U                | fifo channel | task level |      |      |        | curr_localImage_23  | srl  | 0       | 32, 2, 1         |
|    curr_localImage_24_U                | fifo channel | task level |      |      |        | curr_localImage_24  | srl  | 0       | 32, 2, 1         |
|    curr_localImage_25_U                | fifo channel | task level |      |      |        | curr_localImage_25  | srl  | 0       | 32, 2, 1         |
|    curr_localImage_26_U                | fifo channel | task level |      |      |        | curr_localImage_26  | srl  | 0       | 32, 2, 1         |
|    curr_localImage_27_U                | fifo channel | task level |      |      |        | curr_localImage_27  | srl  | 0       | 32, 2, 1         |
|    curr_localImage_28_U                | fifo channel | task level |      |      |        | curr_localImage_28  | srl  | 0       | 32, 2, 1         |
|    curr_localImage_29_U                | fifo channel | task level |      |      |        | curr_localImage_29  | srl  | 0       | 32, 2, 1         |
|    curr_localImage_30_U                | fifo channel | task level |      |      |        | curr_localImage_30  | srl  | 0       | 32, 2, 1         |
|    curr_localImage_31_U                | fifo channel | task level |      |      |        | curr_localImage_31  | srl  | 0       | 32, 2, 1         |
|    curr_localImage_32_U                | fifo channel | task level |      |      |        | curr_localImage_32  | srl  | 0       | 32, 2, 1         |
|    curr_localImage_33_U                | fifo channel | task level |      |      |        | curr_localImage_33  | srl  | 0       | 32, 2, 1         |
|    curr_localImage_34_U                | fifo channel | task level |      |      |        | curr_localImage_34  | srl  | 0       | 32, 2, 1         |
|    curr_localImage_35_U                | fifo channel | task level |      |      |        | curr_localImage_35  | srl  | 0       | 32, 2, 1         |
|    curr_localImage_36_U                | fifo channel | task level |      |      |        | curr_localImage_36  | srl  | 0       | 32, 2, 1         |
|    curr_localImage_37_U                | fifo channel | task level |      |      |        | curr_localImage_37  | srl  | 0       | 32, 2, 1         |
|    curr_localImage_38_U                | fifo channel | task level |      |      |        | curr_localImage_38  | srl  | 0       | 32, 2, 1         |
|    curr_localImage_39_U                | fifo channel | task level |      |      |        | curr_localImage_39  | srl  | 0       | 32, 2, 1         |
|    curr_localImage_40_U                | fifo channel | task level |      |      |        | curr_localImage_40  | srl  | 0       | 32, 2, 1         |
|    curr_localImage_41_U                | fifo channel | task level |      |      |        | curr_localImage_41  | srl  | 0       | 32, 2, 1         |
|    curr_localImage_42_U                | fifo channel | task level |      |      |        | curr_localImage_42  | srl  | 0       | 32, 2, 1         |
|    curr_localImage_43_U                | fifo channel | task level |      |      |        | curr_localImage_43  | srl  | 0       | 32, 2, 1         |
|    curr_localImage_44_U                | fifo channel | task level |      |      |        | curr_localImage_44  | srl  | 0       | 32, 2, 1         |
|    curr_localImage_45_U                | fifo channel | task level |      |      |        | curr_localImage_45  | srl  | 0       | 32, 2, 1         |
|    curr_localImage_46_U                | fifo channel | task level |      |      |        | curr_localImage_46  | srl  | 0       | 32, 2, 1         |
|    curr_localImage_47_U                | fifo channel | task level |      |      |        | curr_localImage_47  | srl  | 0       | 32, 2, 1         |
|    curr_localImage_48_U                | fifo channel | task level |      |      |        | curr_localImage_48  | srl  | 0       | 32, 2, 1         |
|    curr_localImage_49_U                | fifo channel | task level |      |      |        | curr_localImage_49  | srl  | 0       | 32, 2, 1         |
|    curr_localImage_50_U                | fifo channel | task level |      |      |        | curr_localImage_50  | srl  | 0       | 32, 2, 1         |
|    curr_localImage_51_U                | fifo channel | task level |      |      |        | curr_localImage_51  | srl  | 0       | 32, 2, 1         |
|    curr_localImage_52_U                | fifo channel | task level |      |      |        | curr_localImage_52  | srl  | 0       | 32, 2, 1         |
|    curr_localImage_53_U                | fifo channel | task level |      |      |        | curr_localImage_53  | srl  | 0       | 32, 2, 1         |
|    curr_localImage_54_U                | fifo channel | task level |      |      |        | curr_localImage_54  | srl  | 0       | 32, 2, 1         |
|    curr_localImage_55_U                | fifo channel | task level |      |      |        | curr_localImage_55  | srl  | 0       | 32, 2, 1         |
|    curr_localImage_56_U                | fifo channel | task level |      |      |        | curr_localImage_56  | srl  | 0       | 32, 2, 1         |
|    curr_localImage_57_U                | fifo channel | task level |      |      |        | curr_localImage_57  | srl  | 0       | 32, 2, 1         |
|    curr_localImage_58_U                | fifo channel | task level |      |      |        | curr_localImage_58  | srl  | 0       | 32, 2, 1         |
|    curr_localImage_59_U                | fifo channel | task level |      |      |        | curr_localImage_59  | srl  | 0       | 32, 2, 1         |
|    curr_localImage_60_U                | fifo channel | task level |      |      |        | curr_localImage_60  | srl  | 0       | 32, 2, 1         |
|    curr_localImage_61_U                | fifo channel | task level |      |      |        | curr_localImage_61  | srl  | 0       | 32, 2, 1         |
|    curr_localImage_62_U                | fifo channel | task level |      |      |        | curr_localImage_62  | srl  | 0       | 32, 2, 1         |
|    curr_localImage_63_U                | fifo channel | task level |      |      |        | curr_localImage_63  | srl  | 0       | 32, 2, 1         |
|    curr_localImage_64_U                | fifo channel | task level |      |      |        | curr_localImage_64  | srl  | 0       | 32, 2, 1         |
|    curr_localImage_65_U                | fifo channel | task level |      |      |        | curr_localImage_65  | srl  | 0       | 32, 2, 1         |
|    curr_localImage_66_U                | fifo channel | task level |      |      |        | curr_localImage_66  | srl  | 0       | 32, 2, 1         |
|    curr_localImage_67_U                | fifo channel | task level |      |      |        | curr_localImage_67  | srl  | 0       | 32, 2, 1         |
|    curr_localImage_68_U                | fifo channel | task level |      |      |        | curr_localImage_68  | srl  | 0       | 32, 2, 1         |
|    curr_localImage_69_U                | fifo channel | task level |      |      |        | curr_localImage_69  | srl  | 0       | 32, 2, 1         |
|    curr_localImage_70_U                | fifo channel | task level |      |      |        | curr_localImage_70  | srl  | 0       | 32, 2, 1         |
|    curr_localImage_71_U                | fifo channel | task level |      |      |        | curr_localImage_71  | srl  | 0       | 32, 2, 1         |
|    curr_localImage_72_U                | fifo channel | task level |      |      |        | curr_localImage_72  | srl  | 0       | 32, 2, 1         |
|    curr_localImage_73_U                | fifo channel | task level |      |      |        | curr_localImage_73  | srl  | 0       | 32, 2, 1         |
|    curr_localImage_74_U                | fifo channel | task level |      |      |        | curr_localImage_74  | srl  | 0       | 32, 2, 1         |
|    curr_localImage_75_U                | fifo channel | task level |      |      |        | curr_localImage_75  | srl  | 0       | 32, 2, 1         |
|    curr_localImage_76_U                | fifo channel | task level |      |      |        | curr_localImage_76  | srl  | 0       | 32, 2, 1         |
|    curr_localImage_77_U                | fifo channel | task level |      |      |        | curr_localImage_77  | srl  | 0       | 32, 2, 1         |
|    curr_localImage_78_U                | fifo channel | task level |      |      |        | curr_localImage_78  | srl  | 0       | 32, 2, 1         |
|    curr_localImage_79_U                | fifo channel | task level |      |      |        | curr_localImage_79  | srl  | 0       | 32, 2, 1         |
|    curr_localImage_80_U                | fifo channel | task level |      |      |        | curr_localImage_80  | srl  | 0       | 32, 2, 1         |
|    curr_localImage_81_U                | fifo channel | task level |      |      |        | curr_localImage_81  | srl  | 0       | 32, 2, 1         |
|    curr_localImage_82_U                | fifo channel | task level |      |      |        | curr_localImage_82  | srl  | 0       | 32, 2, 1         |
|    curr_localImage_83_U                | fifo channel | task level |      |      |        | curr_localImage_83  | srl  | 0       | 32, 2, 1         |
|    curr_localImage_84_U                | fifo channel | task level |      |      |        | curr_localImage_84  | srl  | 0       | 32, 2, 1         |
|    curr_localImage_85_U                | fifo channel | task level |      |      |        | curr_localImage_85  | srl  | 0       | 32, 2, 1         |
|    curr_localImage_86_U                | fifo channel | task level |      |      |        | curr_localImage_86  | srl  | 0       | 32, 2, 1         |
|    curr_localImage_87_U                | fifo channel | task level |      |      |        | curr_localImage_87  | srl  | 0       | 32, 2, 1         |
|    curr_localImage_88_U                | fifo channel | task level |      |      |        | curr_localImage_88  | srl  | 0       | 32, 2, 1         |
|    curr_localImage_89_U                | fifo channel | task level |      |      |        | curr_localImage_89  | srl  | 0       | 32, 2, 1         |
|    curr_localImage_90_U                | fifo channel | task level |      |      |        | curr_localImage_90  | srl  | 0       | 32, 2, 1         |
|    curr_localImage_91_U                | fifo channel | task level |      |      |        | curr_localImage_91  | srl  | 0       | 32, 2, 1         |
|    curr_localImage_92_U                | fifo channel | task level |      |      |        | curr_localImage_92  | srl  | 0       | 32, 2, 1         |
|    curr_localImage_93_U                | fifo channel | task level |      |      |        | curr_localImage_93  | srl  | 0       | 32, 2, 1         |
|    curr_localImage_94_U                | fifo channel | task level |      |      |        | curr_localImage_94  | srl  | 0       | 32, 2, 1         |
|    curr_localImage_95_U                | fifo channel | task level |      |      |        | curr_localImage_95  | srl  | 0       | 32, 2, 1         |
|    curr_localImage_96_U                | fifo channel | task level |      |      |        | curr_localImage_96  | srl  | 0       | 32, 2, 1         |
|    curr_localImage_97_U                | fifo channel | task level |      |      |        | curr_localImage_97  | srl  | 0       | 32, 2, 1         |
|    curr_localImage_98_U                | fifo channel | task level |      |      |        | curr_localImage_98  | srl  | 0       | 32, 2, 1         |
|    curr_localImage_99_U                | fifo channel | task level |      |      |        | curr_localImage_99  | srl  | 0       | 32, 2, 1         |
|    curr_localImage_100_U               | fifo channel | task level |      |      |        | curr_localImage_100 | srl  | 0       | 32, 2, 1         |
|    curr_localImage_101_U               | fifo channel | task level |      |      |        | curr_localImage_101 | srl  | 0       | 32, 2, 1         |
|    curr_localImage_102_U               | fifo channel | task level |      |      |        | curr_localImage_102 | srl  | 0       | 32, 2, 1         |
|    curr_localImage_103_U               | fifo channel | task level |      |      |        | curr_localImage_103 | srl  | 0       | 32, 2, 1         |
|    curr_localImage_104_U               | fifo channel | task level |      |      |        | curr_localImage_104 | srl  | 0       | 32, 2, 1         |
|    curr_localImage_105_U               | fifo channel | task level |      |      |        | curr_localImage_105 | srl  | 0       | 32, 2, 1         |
|    curr_localImage_106_U               | fifo channel | task level |      |      |        | curr_localImage_106 | srl  | 0       | 32, 2, 1         |
|    curr_localImage_107_U               | fifo channel | task level |      |      |        | curr_localImage_107 | srl  | 0       | 32, 2, 1         |
|    curr_localImage_108_U               | fifo channel | task level |      |      |        | curr_localImage_108 | srl  | 0       | 32, 2, 1         |
|    curr_localImage_109_U               | fifo channel | task level |      |      |        | curr_localImage_109 | srl  | 0       | 32, 2, 1         |
|    curr_localImage_110_U               | fifo channel | task level |      |      |        | curr_localImage_110 | srl  | 0       | 32, 2, 1         |
|    curr_localImage_111_U               | fifo channel | task level |      |      |        | curr_localImage_111 | srl  | 0       | 32, 2, 1         |
|    curr_localImage_112_U               | fifo channel | task level |      |      |        | curr_localImage_112 | srl  | 0       | 32, 2, 1         |
|    curr_localImage_113_U               | fifo channel | task level |      |      |        | curr_localImage_113 | srl  | 0       | 32, 2, 1         |
|    curr_localImage_114_U               | fifo channel | task level |      |      |        | curr_localImage_114 | srl  | 0       | 32, 2, 1         |
|    curr_localImage_115_U               | fifo channel | task level |      |      |        | curr_localImage_115 | srl  | 0       | 32, 2, 1         |
|    curr_localImage_116_U               | fifo channel | task level |      |      |        | curr_localImage_116 | srl  | 0       | 32, 2, 1         |
|    curr_localImage_117_U               | fifo channel | task level |      |      |        | curr_localImage_117 | srl  | 0       | 32, 2, 1         |
|    curr_localImage_118_U               | fifo channel | task level |      |      |        | curr_localImage_118 | srl  | 0       | 32, 2, 1         |
|    curr_localImage_119_U               | fifo channel | task level |      |      |        | curr_localImage_119 | srl  | 0       | 32, 2, 1         |
|    curr_localImage_120_U               | fifo channel | task level |      |      |        | curr_localImage_120 | srl  | 0       | 32, 2, 1         |
|    curr_localImage_121_U               | fifo channel | task level |      |      |        | curr_localImage_121 | srl  | 0       | 32, 2, 1         |
|    curr_localImage_122_U               | fifo channel | task level |      |      |        | curr_localImage_122 | srl  | 0       | 32, 2, 1         |
|    curr_localImage_123_U               | fifo channel | task level |      |      |        | curr_localImage_123 | srl  | 0       | 32, 2, 1         |
|    curr_localImage_124_U               | fifo channel | task level |      |      |        | curr_localImage_124 | srl  | 0       | 32, 2, 1         |
|    curr_localImage_125_U               | fifo channel | task level |      |      |        | curr_localImage_125 | srl  | 0       | 32, 2, 1         |
|    curr_localImage_126_U               | fifo channel | task level |      |      |        | curr_localImage_126 | srl  | 0       | 32, 2, 1         |
|    curr_localImage_127_U               | fifo channel | task level |      |      |        | curr_localImage_127 | srl  | 0       | 32, 2, 1         |
|    curr_localImage_128_U               | fifo channel | task level |      |      |        | curr_localImage_128 | srl  | 0       | 32, 2, 1         |
|    curr_localImage_129_U               | fifo channel | task level |      |      |        | curr_localImage_129 | srl  | 0       | 32, 2, 1         |
|    curr_localImage_130_U               | fifo channel | task level |      |      |        | curr_localImage_130 | srl  | 0       | 32, 2, 1         |
|    curr_localImage_131_U               | fifo channel | task level |      |      |        | curr_localImage_131 | srl  | 0       | 32, 2, 1         |
|    curr_localImage_132_U               | fifo channel | task level |      |      |        | curr_localImage_132 | srl  | 0       | 32, 2, 1         |
|    curr_localImage_133_U               | fifo channel | task level |      |      |        | curr_localImage_133 | srl  | 0       | 32, 2, 1         |
|    curr_localImage_134_U               | fifo channel | task level |      |      |        | curr_localImage_134 | srl  | 0       | 32, 2, 1         |
|    curr_localImage_135_U               | fifo channel | task level |      |      |        | curr_localImage_135 | srl  | 0       | 32, 2, 1         |
|    curr_localImage_136_U               | fifo channel | task level |      |      |        | curr_localImage_136 | srl  | 0       | 32, 2, 1         |
|    curr_localImage_137_U               | fifo channel | task level |      |      |        | curr_localImage_137 | srl  | 0       | 32, 2, 1         |
|    curr_localImage_138_U               | fifo channel | task level |      |      |        | curr_localImage_138 | srl  | 0       | 32, 2, 1         |
|    curr_localImage_139_U               | fifo channel | task level |      |      |        | curr_localImage_139 | srl  | 0       | 32, 2, 1         |
|    curr_localImage_140_U               | fifo channel | task level |      |      |        | curr_localImage_140 | srl  | 0       | 32, 2, 1         |
|    curr_localImage_141_U               | fifo channel | task level |      |      |        | curr_localImage_141 | srl  | 0       | 32, 2, 1         |
|    curr_localImage_142_U               | fifo channel | task level |      |      |        | curr_localImage_142 | srl  | 0       | 32, 2, 1         |
|    curr_localImage_143_U               | fifo channel | task level |      |      |        | curr_localImage_143 | srl  | 0       | 32, 2, 1         |
|    curr_localImage_144_U               | fifo channel | task level |      |      |        | curr_localImage_144 | srl  | 0       | 32, 2, 1         |
|    curr_localImage_145_U               | fifo channel | task level |      |      |        | curr_localImage_145 | srl  | 0       | 32, 2, 1         |
|    curr_localImage_146_U               | fifo channel | task level |      |      |        | curr_localImage_146 | srl  | 0       | 32, 2, 1         |
|    curr_localImage_147_U               | fifo channel | task level |      |      |        | curr_localImage_147 | srl  | 0       | 32, 2, 1         |
|    curr_localImage_148_U               | fifo channel | task level |      |      |        | curr_localImage_148 | srl  | 0       | 32, 2, 1         |
|    curr_localImage_149_U               | fifo channel | task level |      |      |        | curr_localImage_149 | srl  | 0       | 32, 2, 1         |
|    curr_localImage_150_U               | fifo channel | task level |      |      |        | curr_localImage_150 | srl  | 0       | 32, 2, 1         |
|    curr_localImage_151_U               | fifo channel | task level |      |      |        | curr_localImage_151 | srl  | 0       | 32, 2, 1         |
|    curr_localImage_152_U               | fifo channel | task level |      |      |        | curr_localImage_152 | srl  | 0       | 32, 2, 1         |
|    curr_localImage_153_U               | fifo channel | task level |      |      |        | curr_localImage_153 | srl  | 0       | 32, 2, 1         |
|    curr_localImage_154_U               | fifo channel | task level |      |      |        | curr_localImage_154 | srl  | 0       | 32, 2, 1         |
|    curr_localImage_155_U               | fifo channel | task level |      |      |        | curr_localImage_155 | srl  | 0       | 32, 2, 1         |
|    curr_localImage_156_U               | fifo channel | task level |      |      |        | curr_localImage_156 | srl  | 0       | 32, 2, 1         |
|    curr_localImage_157_U               | fifo channel | task level |      |      |        | curr_localImage_157 | srl  | 0       | 32, 2, 1         |
|    curr_localImage_158_U               | fifo channel | task level |      |      |        | curr_localImage_158 | srl  | 0       | 32, 2, 1         |
|    curr_localImage_159_U               | fifo channel | task level |      |      |        | curr_localImage_159 | srl  | 0       | 32, 2, 1         |
|    curr_localImage_160_U               | fifo channel | task level |      |      |        | curr_localImage_160 | srl  | 0       | 32, 2, 1         |
|    curr_localImage_161_U               | fifo channel | task level |      |      |        | curr_localImage_161 | srl  | 0       | 32, 2, 1         |
|    curr_localImage_162_U               | fifo channel | task level |      |      |        | curr_localImage_162 | srl  | 0       | 32, 2, 1         |
|    curr_localImage_163_U               | fifo channel | task level |      |      |        | curr_localImage_163 | srl  | 0       | 32, 2, 1         |
|    curr_localImage_164_U               | fifo channel | task level |      |      |        | curr_localImage_164 | srl  | 0       | 32, 2, 1         |
|    curr_localImage_165_U               | fifo channel | task level |      |      |        | curr_localImage_165 | srl  | 0       | 32, 2, 1         |
|    curr_localImage_166_U               | fifo channel | task level |      |      |        | curr_localImage_166 | srl  | 0       | 32, 2, 1         |
|    curr_localImage_167_U               | fifo channel | task level |      |      |        | curr_localImage_167 | srl  | 0       | 32, 2, 1         |
|    curr_localImage_168_U               | fifo channel | task level |      |      |        | curr_localImage_168 | srl  | 0       | 32, 2, 1         |
|    curr_localImage_169_U               | fifo channel | task level |      |      |        | curr_localImage_169 | srl  | 0       | 32, 2, 1         |
|    curr_localImage_170_U               | fifo channel | task level |      |      |        | curr_localImage_170 | srl  | 0       | 32, 2, 1         |
|    curr_localImage_171_U               | fifo channel | task level |      |      |        | curr_localImage_171 | srl  | 0       | 32, 2, 1         |
|    curr_localImage_172_U               | fifo channel | task level |      |      |        | curr_localImage_172 | srl  | 0       | 32, 2, 1         |
|    curr_localImage_173_U               | fifo channel | task level |      |      |        | curr_localImage_173 | srl  | 0       | 32, 2, 1         |
|    curr_localImage_174_U               | fifo channel | task level |      |      |        | curr_localImage_174 | srl  | 0       | 32, 2, 1         |
|    curr_localImage_175_U               | fifo channel | task level |      |      |        | curr_localImage_175 | srl  | 0       | 32, 2, 1         |
|    curr_localImage_176_U               | fifo channel | task level |      |      |        | curr_localImage_176 | srl  | 0       | 32, 2, 1         |
|    curr_localImage_177_U               | fifo channel | task level |      |      |        | curr_localImage_177 | srl  | 0       | 32, 2, 1         |
|    curr_localImage_178_U               | fifo channel | task level |      |      |        | curr_localImage_178 | srl  | 0       | 32, 2, 1         |
|    curr_localImage_179_U               | fifo channel | task level |      |      |        | curr_localImage_179 | srl  | 0       | 32, 2, 1         |
|    curr_localImage_180_U               | fifo channel | task level |      |      |        | curr_localImage_180 | srl  | 0       | 32, 2, 1         |
|    curr_localImage_181_U               | fifo channel | task level |      |      |        | curr_localImage_181 | srl  | 0       | 32, 2, 1         |
|    curr_localImage_182_U               | fifo channel | task level |      |      |        | curr_localImage_182 | srl  | 0       | 32, 2, 1         |
|    curr_localImage_183_U               | fifo channel | task level |      |      |        | curr_localImage_183 | srl  | 0       | 32, 2, 1         |
|    curr_localImage_184_U               | fifo channel | task level |      |      |        | curr_localImage_184 | srl  | 0       | 32, 2, 1         |
|    curr_localImage_185_U               | fifo channel | task level |      |      |        | curr_localImage_185 | srl  | 0       | 32, 2, 1         |
|    curr_localImage_186_U               | fifo channel | task level |      |      |        | curr_localImage_186 | srl  | 0       | 32, 2, 1         |
|    curr_localImage_187_U               | fifo channel | task level |      |      |        | curr_localImage_187 | srl  | 0       | 32, 2, 1         |
|    curr_localImage_188_U               | fifo channel | task level |      |      |        | curr_localImage_188 | srl  | 0       | 32, 2, 1         |
|    curr_localImage_189_U               | fifo channel | task level |      |      |        | curr_localImage_189 | srl  | 0       | 32, 2, 1         |
|    curr_localImage_190_U               | fifo channel | task level |      |      |        | curr_localImage_190 | srl  | 0       | 32, 2, 1         |
|    curr_localImage_191_U               | fifo channel | task level |      |      |        | curr_localImage_191 | srl  | 0       | 32, 2, 1         |
|    curr_localImage_192_U               | fifo channel | task level |      |      |        | curr_localImage_192 | srl  | 0       | 32, 2, 1         |
|    curr_localImage_193_U               | fifo channel | task level |      |      |        | curr_localImage_193 | srl  | 0       | 32, 2, 1         |
|    curr_localImage_194_U               | fifo channel | task level |      |      |        | curr_localImage_194 | srl  | 0       | 32, 2, 1         |
|    curr_localImage_195_U               | fifo channel | task level |      |      |        | curr_localImage_195 | srl  | 0       | 32, 2, 1         |
|    curr_localImage_196_U               | fifo channel | task level |      |      |        | curr_localImage_196 | srl  | 0       | 32, 2, 1         |
|    curr_localImage_197_U               | fifo channel | task level |      |      |        | curr_localImage_197 | srl  | 0       | 32, 2, 1         |
|    curr_localImage_198_U               | fifo channel | task level |      |      |        | curr_localImage_198 | srl  | 0       | 32, 2, 1         |
|    curr_localImage_199_U               | fifo channel | task level |      |      |        | curr_localImage_199 | srl  | 0       | 32, 2, 1         |
|    curr_localImage_200_U               | fifo channel | task level |      |      |        | curr_localImage_200 | srl  | 0       | 32, 2, 1         |
|    curr_localImage_201_U               | fifo channel | task level |      |      |        | curr_localImage_201 | srl  | 0       | 32, 2, 1         |
|    curr_localImage_202_U               | fifo channel | task level |      |      |        | curr_localImage_202 | srl  | 0       | 32, 2, 1         |
|    curr_localImage_203_U               | fifo channel | task level |      |      |        | curr_localImage_203 | srl  | 0       | 32, 2, 1         |
|    curr_localImage_204_U               | fifo channel | task level |      |      |        | curr_localImage_204 | srl  | 0       | 32, 2, 1         |
|    curr_localImage_205_U               | fifo channel | task level |      |      |        | curr_localImage_205 | srl  | 0       | 32, 2, 1         |
|    curr_localImage_206_U               | fifo channel | task level |      |      |        | curr_localImage_206 | srl  | 0       | 32, 2, 1         |
|    curr_localImage_207_U               | fifo channel | task level |      |      |        | curr_localImage_207 | srl  | 0       | 32, 2, 1         |
|    curr_localImage_208_U               | fifo channel | task level |      |      |        | curr_localImage_208 | srl  | 0       | 32, 2, 1         |
|    curr_localImage_209_U               | fifo channel | task level |      |      |        | curr_localImage_209 | srl  | 0       | 32, 2, 1         |
|    curr_localImage_210_U               | fifo channel | task level |      |      |        | curr_localImage_210 | srl  | 0       | 32, 2, 1         |
|    curr_localImage_211_U               | fifo channel | task level |      |      |        | curr_localImage_211 | srl  | 0       | 32, 2, 1         |
|    curr_localImage_212_U               | fifo channel | task level |      |      |        | curr_localImage_212 | srl  | 0       | 32, 2, 1         |
|    curr_localImage_213_U               | fifo channel | task level |      |      |        | curr_localImage_213 | srl  | 0       | 32, 2, 1         |
|    curr_localImage_214_U               | fifo channel | task level |      |      |        | curr_localImage_214 | srl  | 0       | 32, 2, 1         |
|    curr_localImage_215_U               | fifo channel | task level |      |      |        | curr_localImage_215 | srl  | 0       | 32, 2, 1         |
|    curr_localImage_216_U               | fifo channel | task level |      |      |        | curr_localImage_216 | srl  | 0       | 32, 2, 1         |
|    curr_localImage_217_U               | fifo channel | task level |      |      |        | curr_localImage_217 | srl  | 0       | 32, 2, 1         |
|    curr_localImage_218_U               | fifo channel | task level |      |      |        | curr_localImage_218 | srl  | 0       | 32, 2, 1         |
|    curr_localImage_219_U               | fifo channel | task level |      |      |        | curr_localImage_219 | srl  | 0       | 32, 2, 1         |
|    curr_localImage_220_U               | fifo channel | task level |      |      |        | curr_localImage_220 | srl  | 0       | 32, 2, 1         |
|    curr_localImage_221_U               | fifo channel | task level |      |      |        | curr_localImage_221 | srl  | 0       | 32, 2, 1         |
|    curr_localImage_222_U               | fifo channel | task level |      |      |        | curr_localImage_222 | srl  | 0       | 32, 2, 1         |
|    curr_localImage_223_U               | fifo channel | task level |      |      |        | curr_localImage_223 | srl  | 0       | 32, 2, 1         |
|    curr_localImage_224_U               | fifo channel | task level |      |      |        | curr_localImage_224 | srl  | 0       | 32, 2, 1         |
|    curr_localImage_225_U               | fifo channel | task level |      |      |        | curr_localImage_225 | srl  | 0       | 32, 2, 1         |
|    curr_localImage_226_U               | fifo channel | task level |      |      |        | curr_localImage_226 | srl  | 0       | 32, 2, 1         |
|    curr_localImage_227_U               | fifo channel | task level |      |      |        | curr_localImage_227 | srl  | 0       | 32, 2, 1         |
|    curr_localImage_228_U               | fifo channel | task level |      |      |        | curr_localImage_228 | srl  | 0       | 32, 2, 1         |
|    curr_localImage_229_U               | fifo channel | task level |      |      |        | curr_localImage_229 | srl  | 0       | 32, 2, 1         |
|    curr_localImage_230_U               | fifo channel | task level |      |      |        | curr_localImage_230 | srl  | 0       | 32, 2, 1         |
|    curr_localImage_231_U               | fifo channel | task level |      |      |        | curr_localImage_231 | srl  | 0       | 32, 2, 1         |
|    curr_localImage_232_U               | fifo channel | task level |      |      |        | curr_localImage_232 | srl  | 0       | 32, 2, 1         |
|    curr_localImage_233_U               | fifo channel | task level |      |      |        | curr_localImage_233 | srl  | 0       | 32, 2, 1         |
|    curr_localImage_234_U               | fifo channel | task level |      |      |        | curr_localImage_234 | srl  | 0       | 32, 2, 1         |
|    curr_localImage_235_U               | fifo channel | task level |      |      |        | curr_localImage_235 | srl  | 0       | 32, 2, 1         |
|    curr_localImage_236_U               | fifo channel | task level |      |      |        | curr_localImage_236 | srl  | 0       | 32, 2, 1         |
|    curr_localImage_237_U               | fifo channel | task level |      |      |        | curr_localImage_237 | srl  | 0       | 32, 2, 1         |
|    curr_localImage_238_U               | fifo channel | task level |      |      |        | curr_localImage_238 | srl  | 0       | 32, 2, 1         |
|    curr_localImage_239_U               | fifo channel | task level |      |      |        | curr_localImage_239 | srl  | 0       | 32, 2, 1         |
|    curr_localImage_240_U               | fifo channel | task level |      |      |        | curr_localImage_240 | srl  | 0       | 32, 2, 1         |
|    curr_localImage_241_U               | fifo channel | task level |      |      |        | curr_localImage_241 | srl  | 0       | 32, 2, 1         |
|    curr_localImage_242_U               | fifo channel | task level |      |      |        | curr_localImage_242 | srl  | 0       | 32, 2, 1         |
|    curr_localImage_243_U               | fifo channel | task level |      |      |        | curr_localImage_243 | srl  | 0       | 32, 2, 1         |
|    curr_localImage_244_U               | fifo channel | task level |      |      |        | curr_localImage_244 | srl  | 0       | 32, 2, 1         |
|    curr_localImage_245_U               | fifo channel | task level |      |      |        | curr_localImage_245 | srl  | 0       | 32, 2, 1         |
|    curr_localImage_246_U               | fifo channel | task level |      |      |        | curr_localImage_246 | srl  | 0       | 32, 2, 1         |
|    curr_localImage_247_U               | fifo channel | task level |      |      |        | curr_localImage_247 | srl  | 0       | 32, 2, 1         |
|    curr_localImage_248_U               | fifo channel | task level |      |      |        | curr_localImage_248 | srl  | 0       | 32, 2, 1         |
|    curr_localImage_249_U               | fifo channel | task level |      |      |        | curr_localImage_249 | srl  | 0       | 32, 2, 1         |
|    curr_localImage_250_U               | fifo channel | task level |      |      |        | curr_localImage_250 | srl  | 0       | 32, 2, 1         |
|    curr_localImage_251_U               | fifo channel | task level |      |      |        | curr_localImage_251 | srl  | 0       | 32, 2, 1         |
|    curr_localImage_252_U               | fifo channel | task level |      |      |        | curr_localImage_252 | srl  | 0       | 32, 2, 1         |
|    curr_localImage_253_U               | fifo channel | task level |      |      |        | curr_localImage_253 | srl  | 0       | 32, 2, 1         |
|    curr_localImage_254_U               | fifo channel | task level |      |      |        | curr_localImage_254 | srl  | 0       | 32, 2, 1         |
|    curr_localImage_255_U               | fifo channel | task level |      |      |        | curr_localImage_255 | srl  | 0       | 32, 2, 1         |
|    curr_localImage_256_U               | fifo channel | task level |      |      |        | curr_localImage_256 | srl  | 0       | 32, 2, 1         |
|    curr_localImage_257_U               | fifo channel | task level |      |      |        | curr_localImage_257 | srl  | 0       | 32, 2, 1         |
|    curr_localImage_258_U               | fifo channel | task level |      |      |        | curr_localImage_258 | srl  | 0       | 32, 2, 1         |
|    curr_localImage_259_U               | fifo channel | task level |      |      |        | curr_localImage_259 | srl  | 0       | 32, 2, 1         |
|    curr_localImage_260_U               | fifo channel | task level |      |      |        | curr_localImage_260 | srl  | 0       | 32, 2, 1         |
|    curr_localImage_261_U               | fifo channel | task level |      |      |        | curr_localImage_261 | srl  | 0       | 32, 2, 1         |
|    curr_localImage_262_U               | fifo channel | task level |      |      |        | curr_localImage_262 | srl  | 0       | 32, 2, 1         |
|    curr_localImage_263_U               | fifo channel | task level |      |      |        | curr_localImage_263 | srl  | 0       | 32, 2, 1         |
|    curr_localImage_264_U               | fifo channel | task level |      |      |        | curr_localImage_264 | srl  | 0       | 32, 2, 1         |
|    curr_localImage_265_U               | fifo channel | task level |      |      |        | curr_localImage_265 | srl  | 0       | 32, 2, 1         |
|    curr_localImage_266_U               | fifo channel | task level |      |      |        | curr_localImage_266 | srl  | 0       | 32, 2, 1         |
|    curr_localImage_267_U               | fifo channel | task level |      |      |        | curr_localImage_267 | srl  | 0       | 32, 2, 1         |
|    curr_localImage_268_U               | fifo channel | task level |      |      |        | curr_localImage_268 | srl  | 0       | 32, 2, 1         |
|    curr_localImage_269_U               | fifo channel | task level |      |      |        | curr_localImage_269 | srl  | 0       | 32, 2, 1         |
|    curr_localImage_270_U               | fifo channel | task level |      |      |        | curr_localImage_270 | srl  | 0       | 32, 2, 1         |
|    curr_localImage_271_U               | fifo channel | task level |      |      |        | curr_localImage_271 | srl  | 0       | 32, 2, 1         |
|    curr_localImage_272_U               | fifo channel | task level |      |      |        | curr_localImage_272 | srl  | 0       | 32, 2, 1         |
|    curr_localImage_273_U               | fifo channel | task level |      |      |        | curr_localImage_273 | srl  | 0       | 32, 2, 1         |
|    curr_localImage_274_U               | fifo channel | task level |      |      |        | curr_localImage_274 | srl  | 0       | 32, 2, 1         |
|    curr_localImage_275_U               | fifo channel | task level |      |      |        | curr_localImage_275 | srl  | 0       | 32, 2, 1         |
|    curr_localImage_276_U               | fifo channel | task level |      |      |        | curr_localImage_276 | srl  | 0       | 32, 2, 1         |
|    curr_localImage_277_U               | fifo channel | task level |      |      |        | curr_localImage_277 | srl  | 0       | 32, 2, 1         |
|    curr_localImage_278_U               | fifo channel | task level |      |      |        | curr_localImage_278 | srl  | 0       | 32, 2, 1         |
|    curr_localImage_279_U               | fifo channel | task level |      |      |        | curr_localImage_279 | srl  | 0       | 32, 2, 1         |
|    curr_localImage_280_U               | fifo channel | task level |      |      |        | curr_localImage_280 | srl  | 0       | 32, 2, 1         |
|    curr_localImage_281_U               | fifo channel | task level |      |      |        | curr_localImage_281 | srl  | 0       | 32, 2, 1         |
|    curr_localImage_282_U               | fifo channel | task level |      |      |        | curr_localImage_282 | srl  | 0       | 32, 2, 1         |
|    curr_localImage_283_U               | fifo channel | task level |      |      |        | curr_localImage_283 | srl  | 0       | 32, 2, 1         |
|    curr_localImage_284_U               | fifo channel | task level |      |      |        | curr_localImage_284 | srl  | 0       | 32, 2, 1         |
|    curr_localImage_285_U               | fifo channel | task level |      |      |        | curr_localImage_285 | srl  | 0       | 32, 2, 1         |
|    curr_localImage_286_U               | fifo channel | task level |      |      |        | curr_localImage_286 | srl  | 0       | 32, 2, 1         |
|    curr_localImage_287_U               | fifo channel | task level |      |      |        | curr_localImage_287 | srl  | 0       | 32, 2, 1         |
|    curr_localImage_288_U               | fifo channel | task level |      |      |        | curr_localImage_288 | srl  | 0       | 32, 2, 1         |
|    curr_localImage_289_U               | fifo channel | task level |      |      |        | curr_localImage_289 | srl  | 0       | 32, 2, 1         |
|    curr_localImage_290_U               | fifo channel | task level |      |      |        | curr_localImage_290 | srl  | 0       | 32, 2, 1         |
|    curr_localImage_291_U               | fifo channel | task level |      |      |        | curr_localImage_291 | srl  | 0       | 32, 2, 1         |
|    curr_localImage_292_U               | fifo channel | task level |      |      |        | curr_localImage_292 | srl  | 0       | 32, 2, 1         |
|    curr_localImage_293_U               | fifo channel | task level |      |      |        | curr_localImage_293 | srl  | 0       | 32, 2, 1         |
|    curr_localImage_294_U               | fifo channel | task level |      |      |        | curr_localImage_294 | srl  | 0       | 32, 2, 1         |
|    curr_localImage_295_U               | fifo channel | task level |      |      |        | curr_localImage_295 | srl  | 0       | 32, 2, 1         |
|    curr_localImage_296_U               | fifo channel | task level |      |      |        | curr_localImage_296 | srl  | 0       | 32, 2, 1         |
|    curr_localImage_297_U               | fifo channel | task level |      |      |        | curr_localImage_297 | srl  | 0       | 32, 2, 1         |
|    curr_localImage_298_U               | fifo channel | task level |      |      |        | curr_localImage_298 | srl  | 0       | 32, 2, 1         |
|    curr_localImage_299_U               | fifo channel | task level |      |      |        | curr_localImage_299 | srl  | 0       | 32, 2, 1         |
|    curr_localImage_300_U               | fifo channel | task level |      |      |        | curr_localImage_300 | srl  | 0       | 32, 2, 1         |
|    curr_localImage_301_U               | fifo channel | task level |      |      |        | curr_localImage_301 | srl  | 0       | 32, 2, 1         |
|    curr_localImage_302_U               | fifo channel | task level |      |      |        | curr_localImage_302 | srl  | 0       | 32, 2, 1         |
|    curr_localImage_303_U               | fifo channel | task level |      |      |        | curr_localImage_303 | srl  | 0       | 32, 2, 1         |
|    curr_localImage_304_U               | fifo channel | task level |      |      |        | curr_localImage_304 | srl  | 0       | 32, 2, 1         |
|    curr_localImage_305_U               | fifo channel | task level |      |      |        | curr_localImage_305 | srl  | 0       | 32, 2, 1         |
|    curr_localImage_306_U               | fifo channel | task level |      |      |        | curr_localImage_306 | srl  | 0       | 32, 2, 1         |
|    curr_localImage_307_U               | fifo channel | task level |      |      |        | curr_localImage_307 | srl  | 0       | 32, 2, 1         |
|    curr_localImage_308_U               | fifo channel | task level |      |      |        | curr_localImage_308 | srl  | 0       | 32, 2, 1         |
|    curr_localImage_309_U               | fifo channel | task level |      |      |        | curr_localImage_309 | srl  | 0       | 32, 2, 1         |
|    curr_localImage_310_U               | fifo channel | task level |      |      |        | curr_localImage_310 | srl  | 0       | 32, 2, 1         |
|    curr_localImage_311_U               | fifo channel | task level |      |      |        | curr_localImage_311 | srl  | 0       | 32, 2, 1         |
|    curr_localImage_312_U               | fifo channel | task level |      |      |        | curr_localImage_312 | srl  | 0       | 32, 2, 1         |
|    curr_localImage_313_U               | fifo channel | task level |      |      |        | curr_localImage_313 | srl  | 0       | 32, 2, 1         |
|    curr_localImage_314_U               | fifo channel | task level |      |      |        | curr_localImage_314 | srl  | 0       | 32, 2, 1         |
|    curr_localImage_315_U               | fifo channel | task level |      |      |        | curr_localImage_315 | srl  | 0       | 32, 2, 1         |
|    curr_localImage_316_U               | fifo channel | task level |      |      |        | curr_localImage_316 | srl  | 0       | 32, 2, 1         |
|    curr_localImage_317_U               | fifo channel | task level |      |      |        | curr_localImage_317 | srl  | 0       | 32, 2, 1         |
|    curr_localImage_318_U               | fifo channel | task level |      |      |        | curr_localImage_318 | srl  | 0       | 32, 2, 1         |
|    curr_localImage_319_U               | fifo channel | task level |      |      |        | curr_localImage_319 | srl  | 0       | 32, 2, 1         |
|    curr_localImage_320_U               | fifo channel | task level |      |      |        | curr_localImage_320 | srl  | 0       | 32, 2, 1         |
|    curr_localImage_321_U               | fifo channel | task level |      |      |        | curr_localImage_321 | srl  | 0       | 32, 2, 1         |
|    curr_localImage_322_U               | fifo channel | task level |      |      |        | curr_localImage_322 | srl  | 0       | 32, 2, 1         |
|    curr_localImage_323_U               | fifo channel | task level |      |      |        | curr_localImage_323 | srl  | 0       | 32, 2, 1         |
|    curr_localImage_324_U               | fifo channel | task level |      |      |        | curr_localImage_324 | srl  | 0       | 32, 2, 1         |
|    curr_localImage_325_U               | fifo channel | task level |      |      |        | curr_localImage_325 | srl  | 0       | 32, 2, 1         |
|    curr_localImage_326_U               | fifo channel | task level |      |      |        | curr_localImage_326 | srl  | 0       | 32, 2, 1         |
|    curr_localImage_327_U               | fifo channel | task level |      |      |        | curr_localImage_327 | srl  | 0       | 32, 2, 1         |
|    curr_localImage_328_U               | fifo channel | task level |      |      |        | curr_localImage_328 | srl  | 0       | 32, 2, 1         |
|    curr_localImage_329_U               | fifo channel | task level |      |      |        | curr_localImage_329 | srl  | 0       | 32, 2, 1         |
|    curr_localImage_330_U               | fifo channel | task level |      |      |        | curr_localImage_330 | srl  | 0       | 32, 2, 1         |
|    curr_localImage_331_U               | fifo channel | task level |      |      |        | curr_localImage_331 | srl  | 0       | 32, 2, 1         |
|    curr_localImage_332_U               | fifo channel | task level |      |      |        | curr_localImage_332 | srl  | 0       | 32, 2, 1         |
|    curr_localImage_333_U               | fifo channel | task level |      |      |        | curr_localImage_333 | srl  | 0       | 32, 2, 1         |
|    curr_localImage_334_U               | fifo channel | task level |      |      |        | curr_localImage_334 | srl  | 0       | 32, 2, 1         |
|    curr_localImage_335_U               | fifo channel | task level |      |      |        | curr_localImage_335 | srl  | 0       | 32, 2, 1         |
|    curr_localImage_336_U               | fifo channel | task level |      |      |        | curr_localImage_336 | srl  | 0       | 32, 2, 1         |
|    curr_localImage_337_U               | fifo channel | task level |      |      |        | curr_localImage_337 | srl  | 0       | 32, 2, 1         |
|    curr_localImage_338_U               | fifo channel | task level |      |      |        | curr_localImage_338 | srl  | 0       | 32, 2, 1         |
|    curr_localImage_339_U               | fifo channel | task level |      |      |        | curr_localImage_339 | srl  | 0       | 32, 2, 1         |
|    curr_localImage_340_U               | fifo channel | task level |      |      |        | curr_localImage_340 | srl  | 0       | 32, 2, 1         |
|    curr_localImage_341_U               | fifo channel | task level |      |      |        | curr_localImage_341 | srl  | 0       | 32, 2, 1         |
|    curr_localImage_342_U               | fifo channel | task level |      |      |        | curr_localImage_342 | srl  | 0       | 32, 2, 1         |
|    curr_localImage_343_U               | fifo channel | task level |      |      |        | curr_localImage_343 | srl  | 0       | 32, 2, 1         |
|    curr_localImage_344_U               | fifo channel | task level |      |      |        | curr_localImage_344 | srl  | 0       | 32, 2, 1         |
|    curr_localImage_345_U               | fifo channel | task level |      |      |        | curr_localImage_345 | srl  | 0       | 32, 2, 1         |
|    curr_localImage_346_U               | fifo channel | task level |      |      |        | curr_localImage_346 | srl  | 0       | 32, 2, 1         |
|    curr_localImage_347_U               | fifo channel | task level |      |      |        | curr_localImage_347 | srl  | 0       | 32, 2, 1         |
|    curr_localImage_348_U               | fifo channel | task level |      |      |        | curr_localImage_348 | srl  | 0       | 32, 2, 1         |
|    curr_localImage_349_U               | fifo channel | task level |      |      |        | curr_localImage_349 | srl  | 0       | 32, 2, 1         |
|    curr_localImage_350_U               | fifo channel | task level |      |      |        | curr_localImage_350 | srl  | 0       | 32, 2, 1         |
|    curr_localImage_351_U               | fifo channel | task level |      |      |        | curr_localImage_351 | srl  | 0       | 32, 2, 1         |
|    curr_localImage_352_U               | fifo channel | task level |      |      |        | curr_localImage_352 | srl  | 0       | 32, 2, 1         |
|    curr_localImage_353_U               | fifo channel | task level |      |      |        | curr_localImage_353 | srl  | 0       | 32, 2, 1         |
|    curr_localImage_354_U               | fifo channel | task level |      |      |        | curr_localImage_354 | srl  | 0       | 32, 2, 1         |
|    curr_localImage_355_U               | fifo channel | task level |      |      |        | curr_localImage_355 | srl  | 0       | 32, 2, 1         |
|    curr_localImage_356_U               | fifo channel | task level |      |      |        | curr_localImage_356 | srl  | 0       | 32, 2, 1         |
|    curr_localImage_357_U               | fifo channel | task level |      |      |        | curr_localImage_357 | srl  | 0       | 32, 2, 1         |
|    curr_localImage_358_U               | fifo channel | task level |      |      |        | curr_localImage_358 | srl  | 0       | 32, 2, 1         |
|    curr_localImage_359_U               | fifo channel | task level |      |      |        | curr_localImage_359 | srl  | 0       | 32, 2, 1         |
|    curr_localImage_360_U               | fifo channel | task level |      |      |        | curr_localImage_360 | srl  | 0       | 32, 2, 1         |
|    curr_localImage_361_U               | fifo channel | task level |      |      |        | curr_localImage_361 | srl  | 0       | 32, 2, 1         |
|    curr_localImage_362_U               | fifo channel | task level |      |      |        | curr_localImage_362 | srl  | 0       | 32, 2, 1         |
|    curr_localImage_363_U               | fifo channel | task level |      |      |        | curr_localImage_363 | srl  | 0       | 32, 2, 1         |
|    curr_localImage_364_U               | fifo channel | task level |      |      |        | curr_localImage_364 | srl  | 0       | 32, 2, 1         |
|    curr_localImage_365_U               | fifo channel | task level |      |      |        | curr_localImage_365 | srl  | 0       | 32, 2, 1         |
|    curr_localImage_366_U               | fifo channel | task level |      |      |        | curr_localImage_366 | srl  | 0       | 32, 2, 1         |
|    curr_localImage_367_U               | fifo channel | task level |      |      |        | curr_localImage_367 | srl  | 0       | 32, 2, 1         |
|    curr_localImage_368_U               | fifo channel | task level |      |      |        | curr_localImage_368 | srl  | 0       | 32, 2, 1         |
|    curr_localImage_369_U               | fifo channel | task level |      |      |        | curr_localImage_369 | srl  | 0       | 32, 2, 1         |
|    curr_localImage_370_U               | fifo channel | task level |      |      |        | curr_localImage_370 | srl  | 0       | 32, 2, 1         |
|    curr_localImage_371_U               | fifo channel | task level |      |      |        | curr_localImage_371 | srl  | 0       | 32, 2, 1         |
|    curr_localImage_372_U               | fifo channel | task level |      |      |        | curr_localImage_372 | srl  | 0       | 32, 2, 1         |
|    curr_localImage_373_U               | fifo channel | task level |      |      |        | curr_localImage_373 | srl  | 0       | 32, 2, 1         |
|    curr_localImage_374_U               | fifo channel | task level |      |      |        | curr_localImage_374 | srl  | 0       | 32, 2, 1         |
|    curr_localImage_375_U               | fifo channel | task level |      |      |        | curr_localImage_375 | srl  | 0       | 32, 2, 1         |
|    curr_localImage_376_U               | fifo channel | task level |      |      |        | curr_localImage_376 | srl  | 0       | 32, 2, 1         |
|    curr_localImage_377_U               | fifo channel | task level |      |      |        | curr_localImage_377 | srl  | 0       | 32, 2, 1         |
|    curr_localImage_378_U               | fifo channel | task level |      |      |        | curr_localImage_378 | srl  | 0       | 32, 2, 1         |
|    curr_localImage_379_U               | fifo channel | task level |      |      |        | curr_localImage_379 | srl  | 0       | 32, 2, 1         |
|    curr_localImage_380_U               | fifo channel | task level |      |      |        | curr_localImage_380 | srl  | 0       | 32, 2, 1         |
|    curr_localImage_381_U               | fifo channel | task level |      |      |        | curr_localImage_381 | srl  | 0       | 32, 2, 1         |
|    curr_localImage_382_U               | fifo channel | task level |      |      |        | curr_localImage_382 | srl  | 0       | 32, 2, 1         |
|    curr_localImage_383_U               | fifo channel | task level |      |      |        | curr_localImage_383 | srl  | 0       | 32, 2, 1         |
|    curr_localImage_384_U               | fifo channel | task level |      |      |        | curr_localImage_384 | srl  | 0       | 32, 2, 1         |
|    curr_localImage_385_U               | fifo channel | task level |      |      |        | curr_localImage_385 | srl  | 0       | 32, 2, 1         |
|    curr_localImage_386_U               | fifo channel | task level |      |      |        | curr_localImage_386 | srl  | 0       | 32, 2, 1         |
|    curr_localImage_387_U               | fifo channel | task level |      |      |        | curr_localImage_387 | srl  | 0       | 32, 2, 1         |
|    curr_localImage_388_U               | fifo channel | task level |      |      |        | curr_localImage_388 | srl  | 0       | 32, 2, 1         |
|    curr_localImage_389_U               | fifo channel | task level |      |      |        | curr_localImage_389 | srl  | 0       | 32, 2, 1         |
|    curr_localImage_390_U               | fifo channel | task level |      |      |        | curr_localImage_390 | srl  | 0       | 32, 2, 1         |
|    curr_localImage_391_U               | fifo channel | task level |      |      |        | curr_localImage_391 | srl  | 0       | 32, 2, 1         |
|    curr_localImage_392_U               | fifo channel | task level |      |      |        | curr_localImage_392 | srl  | 0       | 32, 2, 1         |
|    curr_localImage_393_U               | fifo channel | task level |      |      |        | curr_localImage_393 | srl  | 0       | 32, 2, 1         |
|    curr_localImage_394_U               | fifo channel | task level |      |      |        | curr_localImage_394 | srl  | 0       | 32, 2, 1         |
|    curr_localImage_395_U               | fifo channel | task level |      |      |        | curr_localImage_395 | srl  | 0       | 32, 2, 1         |
|    curr_localImage_396_U               | fifo channel | task level |      |      |        | curr_localImage_396 | srl  | 0       | 32, 2, 1         |
|    curr_localImage_397_U               | fifo channel | task level |      |      |        | curr_localImage_397 | srl  | 0       | 32, 2, 1         |
|    curr_localImage_398_U               | fifo channel | task level |      |      |        | curr_localImage_398 | srl  | 0       | 32, 2, 1         |
|    curr_localImage_399_U               | fifo channel | task level |      |      |        | curr_localImage_399 | srl  | 0       | 32, 2, 1         |
|    curr_localImage_400_U               | fifo channel | task level |      |      |        | curr_localImage_400 | srl  | 0       | 32, 2, 1         |
|    curr_localImage_401_U               | fifo channel | task level |      |      |        | curr_localImage_401 | srl  | 0       | 32, 2, 1         |
|    curr_localImage_402_U               | fifo channel | task level |      |      |        | curr_localImage_402 | srl  | 0       | 32, 2, 1         |
|    curr_localImage_403_U               | fifo channel | task level |      |      |        | curr_localImage_403 | srl  | 0       | 32, 2, 1         |
|    curr_localImage_404_U               | fifo channel | task level |      |      |        | curr_localImage_404 | srl  | 0       | 32, 2, 1         |
|    curr_localImage_405_U               | fifo channel | task level |      |      |        | curr_localImage_405 | srl  | 0       | 32, 2, 1         |
|    curr_localImage_406_U               | fifo channel | task level |      |      |        | curr_localImage_406 | srl  | 0       | 32, 2, 1         |
|    curr_localImage_407_U               | fifo channel | task level |      |      |        | curr_localImage_407 | srl  | 0       | 32, 2, 1         |
|    curr_localImage_408_U               | fifo channel | task level |      |      |        | curr_localImage_408 | srl  | 0       | 32, 2, 1         |
|    curr_localImage_409_U               | fifo channel | task level |      |      |        | curr_localImage_409 | srl  | 0       | 32, 2, 1         |
|    curr_localImage_410_U               | fifo channel | task level |      |      |        | curr_localImage_410 | srl  | 0       | 32, 2, 1         |
|    curr_localImage_411_U               | fifo channel | task level |      |      |        | curr_localImage_411 | srl  | 0       | 32, 2, 1         |
|    curr_localImage_412_U               | fifo channel | task level |      |      |        | curr_localImage_412 | srl  | 0       | 32, 2, 1         |
|    curr_localImage_413_U               | fifo channel | task level |      |      |        | curr_localImage_413 | srl  | 0       | 32, 2, 1         |
|    curr_localImage_414_U               | fifo channel | task level |      |      |        | curr_localImage_414 | srl  | 0       | 32, 2, 1         |
|    curr_localImage_415_U               | fifo channel | task level |      |      |        | curr_localImage_415 | srl  | 0       | 32, 2, 1         |
|    curr_localImage_416_U               | fifo channel | task level |      |      |        | curr_localImage_416 | srl  | 0       | 32, 2, 1         |
|    curr_localImage_417_U               | fifo channel | task level |      |      |        | curr_localImage_417 | srl  | 0       | 32, 2, 1         |
|    curr_localImage_418_U               | fifo channel | task level |      |      |        | curr_localImage_418 | srl  | 0       | 32, 2, 1         |
|    curr_localImage_419_U               | fifo channel | task level |      |      |        | curr_localImage_419 | srl  | 0       | 32, 2, 1         |
|    curr_localImage_420_U               | fifo channel | task level |      |      |        | curr_localImage_420 | srl  | 0       | 32, 2, 1         |
|    curr_localImage_421_U               | fifo channel | task level |      |      |        | curr_localImage_421 | srl  | 0       | 32, 2, 1         |
|    curr_localImage_422_U               | fifo channel | task level |      |      |        | curr_localImage_422 | srl  | 0       | 32, 2, 1         |
|    curr_localImage_423_U               | fifo channel | task level |      |      |        | curr_localImage_423 | srl  | 0       | 32, 2, 1         |
|    curr_localImage_424_U               | fifo channel | task level |      |      |        | curr_localImage_424 | srl  | 0       | 32, 2, 1         |
|    curr_localImage_425_U               | fifo channel | task level |      |      |        | curr_localImage_425 | srl  | 0       | 32, 2, 1         |
|    curr_localImage_426_U               | fifo channel | task level |      |      |        | curr_localImage_426 | srl  | 0       | 32, 2, 1         |
|    curr_localImage_427_U               | fifo channel | task level |      |      |        | curr_localImage_427 | srl  | 0       | 32, 2, 1         |
|    curr_localImage_428_U               | fifo channel | task level |      |      |        | curr_localImage_428 | srl  | 0       | 32, 2, 1         |
|    curr_localImage_429_U               | fifo channel | task level |      |      |        | curr_localImage_429 | srl  | 0       | 32, 2, 1         |
|    curr_localImage_430_U               | fifo channel | task level |      |      |        | curr_localImage_430 | srl  | 0       | 32, 2, 1         |
|    curr_localImage_431_U               | fifo channel | task level |      |      |        | curr_localImage_431 | srl  | 0       | 32, 2, 1         |
|    curr_localImage_432_U               | fifo channel | task level |      |      |        | curr_localImage_432 | srl  | 0       | 32, 2, 1         |
|    curr_localImage_433_U               | fifo channel | task level |      |      |        | curr_localImage_433 | srl  | 0       | 32, 2, 1         |
|    curr_localImage_434_U               | fifo channel | task level |      |      |        | curr_localImage_434 | srl  | 0       | 32, 2, 1         |
|    curr_localImage_435_U               | fifo channel | task level |      |      |        | curr_localImage_435 | srl  | 0       | 32, 2, 1         |
|    curr_localImage_436_U               | fifo channel | task level |      |      |        | curr_localImage_436 | srl  | 0       | 32, 2, 1         |
|    curr_localImage_437_U               | fifo channel | task level |      |      |        | curr_localImage_437 | srl  | 0       | 32, 2, 1         |
|    curr_localImage_438_U               | fifo channel | task level |      |      |        | curr_localImage_438 | srl  | 0       | 32, 2, 1         |
|    curr_localImage_439_U               | fifo channel | task level |      |      |        | curr_localImage_439 | srl  | 0       | 32, 2, 1         |
|    curr_localImage_440_U               | fifo channel | task level |      |      |        | curr_localImage_440 | srl  | 0       | 32, 2, 1         |
|    curr_localImage_441_U               | fifo channel | task level |      |      |        | curr_localImage_441 | srl  | 0       | 32, 2, 1         |
|    curr_localImage_442_U               | fifo channel | task level |      |      |        | curr_localImage_442 | srl  | 0       | 32, 2, 1         |
|    curr_localImage_443_U               | fifo channel | task level |      |      |        | curr_localImage_443 | srl  | 0       | 32, 2, 1         |
|    curr_localImage_444_U               | fifo channel | task level |      |      |        | curr_localImage_444 | srl  | 0       | 32, 2, 1         |
|    curr_localImage_445_U               | fifo channel | task level |      |      |        | curr_localImage_445 | srl  | 0       | 32, 2, 1         |
|    curr_localImage_446_U               | fifo channel | task level |      |      |        | curr_localImage_446 | srl  | 0       | 32, 2, 1         |
|    curr_localImage_447_U               | fifo channel | task level |      |      |        | curr_localImage_447 | srl  | 0       | 32, 2, 1         |
|    curr_localImage_448_U               | fifo channel | task level |      |      |        | curr_localImage_448 | srl  | 0       | 32, 2, 1         |
|    curr_localImage_449_U               | fifo channel | task level |      |      |        | curr_localImage_449 | srl  | 0       | 32, 2, 1         |
|    curr_localImage_450_U               | fifo channel | task level |      |      |        | curr_localImage_450 | srl  | 0       | 32, 2, 1         |
|    curr_localImage_451_U               | fifo channel | task level |      |      |        | curr_localImage_451 | srl  | 0       | 32, 2, 1         |
|    curr_localImage_452_U               | fifo channel | task level |      |      |        | curr_localImage_452 | srl  | 0       | 32, 2, 1         |
|    curr_localImage_453_U               | fifo channel | task level |      |      |        | curr_localImage_453 | srl  | 0       | 32, 2, 1         |
|    curr_localImage_454_U               | fifo channel | task level |      |      |        | curr_localImage_454 | srl  | 0       | 32, 2, 1         |
|    curr_localImage_455_U               | fifo channel | task level |      |      |        | curr_localImage_455 | srl  | 0       | 32, 2, 1         |
|    curr_localImage_456_U               | fifo channel | task level |      |      |        | curr_localImage_456 | srl  | 0       | 32, 2, 1         |
|    curr_localImage_457_U               | fifo channel | task level |      |      |        | curr_localImage_457 | srl  | 0       | 32, 2, 1         |
|    curr_localImage_458_U               | fifo channel | task level |      |      |        | curr_localImage_458 | srl  | 0       | 32, 2, 1         |
|    curr_localImage_459_U               | fifo channel | task level |      |      |        | curr_localImage_459 | srl  | 0       | 32, 2, 1         |
|    curr_localImage_460_U               | fifo channel | task level |      |      |        | curr_localImage_460 | srl  | 0       | 32, 2, 1         |
|    curr_localImage_461_U               | fifo channel | task level |      |      |        | curr_localImage_461 | srl  | 0       | 32, 2, 1         |
|    curr_localImage_462_U               | fifo channel | task level |      |      |        | curr_localImage_462 | srl  | 0       | 32, 2, 1         |
|    curr_localImage_463_U               | fifo channel | task level |      |      |        | curr_localImage_463 | srl  | 0       | 32, 2, 1         |
|    curr_localImage_464_U               | fifo channel | task level |      |      |        | curr_localImage_464 | srl  | 0       | 32, 2, 1         |
|    curr_localImage_465_U               | fifo channel | task level |      |      |        | curr_localImage_465 | srl  | 0       | 32, 2, 1         |
|    curr_localImage_466_U               | fifo channel | task level |      |      |        | curr_localImage_466 | srl  | 0       | 32, 2, 1         |
|    curr_localImage_467_U               | fifo channel | task level |      |      |        | curr_localImage_467 | srl  | 0       | 32, 2, 1         |
|    curr_localImage_468_U               | fifo channel | task level |      |      |        | curr_localImage_468 | srl  | 0       | 32, 2, 1         |
|    curr_localImage_469_U               | fifo channel | task level |      |      |        | curr_localImage_469 | srl  | 0       | 32, 2, 1         |
|    curr_localImage_470_U               | fifo channel | task level |      |      |        | curr_localImage_470 | srl  | 0       | 32, 2, 1         |
|    curr_localImage_471_U               | fifo channel | task level |      |      |        | curr_localImage_471 | srl  | 0       | 32, 2, 1         |
|    curr_localImage_472_U               | fifo channel | task level |      |      |        | curr_localImage_472 | srl  | 0       | 32, 2, 1         |
|    curr_localImage_473_U               | fifo channel | task level |      |      |        | curr_localImage_473 | srl  | 0       | 32, 2, 1         |
|    curr_localImage_474_U               | fifo channel | task level |      |      |        | curr_localImage_474 | srl  | 0       | 32, 2, 1         |
|    curr_localImage_475_U               | fifo channel | task level |      |      |        | curr_localImage_475 | srl  | 0       | 32, 2, 1         |
|    curr_localImage_476_U               | fifo channel | task level |      |      |        | curr_localImage_476 | srl  | 0       | 32, 2, 1         |
|    curr_localImage_477_U               | fifo channel | task level |      |      |        | curr_localImage_477 | srl  | 0       | 32, 2, 1         |
|    curr_localImage_478_U               | fifo channel | task level |      |      |        | curr_localImage_478 | srl  | 0       | 32, 2, 1         |
|    curr_localImage_479_U               | fifo channel | task level |      |      |        | curr_localImage_479 | srl  | 0       | 32, 2, 1         |
|    curr_localImage_480_U               | fifo channel | task level |      |      |        | curr_localImage_480 | srl  | 0       | 32, 2, 1         |
|    curr_localImage_481_U               | fifo channel | task level |      |      |        | curr_localImage_481 | srl  | 0       | 32, 2, 1         |
|    curr_localImage_482_U               | fifo channel | task level |      |      |        | curr_localImage_482 | srl  | 0       | 32, 2, 1         |
|    curr_localImage_483_U               | fifo channel | task level |      |      |        | curr_localImage_483 | srl  | 0       | 32, 2, 1         |
|    curr_localImage_484_U               | fifo channel | task level |      |      |        | curr_localImage_484 | srl  | 0       | 32, 2, 1         |
|    curr_localImage_485_U               | fifo channel | task level |      |      |        | curr_localImage_485 | srl  | 0       | 32, 2, 1         |
|    curr_localImage_486_U               | fifo channel | task level |      |      |        | curr_localImage_486 | srl  | 0       | 32, 2, 1         |
|    curr_localImage_487_U               | fifo channel | task level |      |      |        | curr_localImage_487 | srl  | 0       | 32, 2, 1         |
|    curr_localImage_488_U               | fifo channel | task level |      |      |        | curr_localImage_488 | srl  | 0       | 32, 2, 1         |
|    curr_localImage_489_U               | fifo channel | task level |      |      |        | curr_localImage_489 | srl  | 0       | 32, 2, 1         |
|    curr_localImage_490_U               | fifo channel | task level |      |      |        | curr_localImage_490 | srl  | 0       | 32, 2, 1         |
|    curr_localImage_491_U               | fifo channel | task level |      |      |        | curr_localImage_491 | srl  | 0       | 32, 2, 1         |
|    curr_localImage_492_U               | fifo channel | task level |      |      |        | curr_localImage_492 | srl  | 0       | 32, 2, 1         |
|    curr_localImage_493_U               | fifo channel | task level |      |      |        | curr_localImage_493 | srl  | 0       | 32, 2, 1         |
|    curr_localImage_494_U               | fifo channel | task level |      |      |        | curr_localImage_494 | srl  | 0       | 32, 2, 1         |
|    curr_localImage_495_U               | fifo channel | task level |      |      |        | curr_localImage_495 | srl  | 0       | 32, 2, 1         |
|    curr_localImage_496_U               | fifo channel | task level |      |      |        | curr_localImage_496 | srl  | 0       | 32, 2, 1         |
|    curr_localImage_497_U               | fifo channel | task level |      |      |        | curr_localImage_497 | srl  | 0       | 32, 2, 1         |
|    curr_localImage_498_U               | fifo channel | task level |      |      |        | curr_localImage_498 | srl  | 0       | 32, 2, 1         |
|    curr_localImage_499_U               | fifo channel | task level |      |      |        | curr_localImage_499 | srl  | 0       | 32, 2, 1         |
|    curr_localImage_500_U               | fifo channel | task level |      |      |        | curr_localImage_500 | srl  | 0       | 32, 2, 1         |
|    curr_localImage_501_U               | fifo channel | task level |      |      |        | curr_localImage_501 | srl  | 0       | 32, 2, 1         |
|    curr_localImage_502_U               | fifo channel | task level |      |      |        | curr_localImage_502 | srl  | 0       | 32, 2, 1         |
|    curr_localImage_503_U               | fifo channel | task level |      |      |        | curr_localImage_503 | srl  | 0       | 32, 2, 1         |
|    curr_localImage_504_U               | fifo channel | task level |      |      |        | curr_localImage_504 | srl  | 0       | 32, 2, 1         |
|    curr_localImage_505_U               | fifo channel | task level |      |      |        | curr_localImage_505 | srl  | 0       | 32, 2, 1         |
|    curr_localImage_506_U               | fifo channel | task level |      |      |        | curr_localImage_506 | srl  | 0       | 32, 2, 1         |
|    curr_localImage_507_U               | fifo channel | task level |      |      |        | curr_localImage_507 | srl  | 0       | 32, 2, 1         |
|    curr_localImage_508_U               | fifo channel | task level |      |      |        | curr_localImage_508 | srl  | 0       | 32, 2, 1         |
|    curr_localImage_509_U               | fifo channel | task level |      |      |        | curr_localImage_509 | srl  | 0       | 32, 2, 1         |
|    curr_localImage_510_U               | fifo channel | task level |      |      |        | curr_localImage_510 | srl  | 0       | 32, 2, 1         |
|    curr_localImage_511_U               | fifo channel | task level |      |      |        | curr_localImage_511 | srl  | 0       | 32, 2, 1         |
|    curr_localImage_512_U               | fifo channel | task level |      |      |        | curr_localImage_512 | srl  | 0       | 32, 2, 1         |
|    curr_localImage_513_U               | fifo channel | task level |      |      |        | curr_localImage_513 | srl  | 0       | 32, 2, 1         |
|    curr_localImage_514_U               | fifo channel | task level |      |      |        | curr_localImage_514 | srl  | 0       | 32, 2, 1         |
|    curr_localImage_515_U               | fifo channel | task level |      |      |        | curr_localImage_515 | srl  | 0       | 32, 2, 1         |
|    curr_localImage_516_U               | fifo channel | task level |      |      |        | curr_localImage_516 | srl  | 0       | 32, 2, 1         |
|    curr_localImage_517_U               | fifo channel | task level |      |      |        | curr_localImage_517 | srl  | 0       | 32, 2, 1         |
|    curr_localImage_518_U               | fifo channel | task level |      |      |        | curr_localImage_518 | srl  | 0       | 32, 2, 1         |
|    curr_localImage_519_U               | fifo channel | task level |      |      |        | curr_localImage_519 | srl  | 0       | 32, 2, 1         |
|    curr_localImage_520_U               | fifo channel | task level |      |      |        | curr_localImage_520 | srl  | 0       | 32, 2, 1         |
|    curr_localImage_521_U               | fifo channel | task level |      |      |        | curr_localImage_521 | srl  | 0       | 32, 2, 1         |
|    curr_localImage_522_U               | fifo channel | task level |      |      |        | curr_localImage_522 | srl  | 0       | 32, 2, 1         |
|    curr_localImage_523_U               | fifo channel | task level |      |      |        | curr_localImage_523 | srl  | 0       | 32, 2, 1         |
|    curr_localImage_524_U               | fifo channel | task level |      |      |        | curr_localImage_524 | srl  | 0       | 32, 2, 1         |
|    curr_localImage_525_U               | fifo channel | task level |      |      |        | curr_localImage_525 | srl  | 0       | 32, 2, 1         |
|    curr_localImage_526_U               | fifo channel | task level |      |      |        | curr_localImage_526 | srl  | 0       | 32, 2, 1         |
|    curr_localImage_527_U               | fifo channel | task level |      |      |        | curr_localImage_527 | srl  | 0       | 32, 2, 1         |
|    curr_localImage_528_U               | fifo channel | task level |      |      |        | curr_localImage_528 | srl  | 0       | 32, 2, 1         |
|    curr_localImage_529_U               | fifo channel | task level |      |      |        | curr_localImage_529 | srl  | 0       | 32, 2, 1         |
|    curr_localImage_530_U               | fifo channel | task level |      |      |        | curr_localImage_530 | srl  | 0       | 32, 2, 1         |
|    curr_localImage_531_U               | fifo channel | task level |      |      |        | curr_localImage_531 | srl  | 0       | 32, 2, 1         |
|    curr_localImage_532_U               | fifo channel | task level |      |      |        | curr_localImage_532 | srl  | 0       | 32, 2, 1         |
|    curr_localImage_533_U               | fifo channel | task level |      |      |        | curr_localImage_533 | srl  | 0       | 32, 2, 1         |
|    curr_localImage_534_U               | fifo channel | task level |      |      |        | curr_localImage_534 | srl  | 0       | 32, 2, 1         |
|    curr_localImage_535_U               | fifo channel | task level |      |      |        | curr_localImage_535 | srl  | 0       | 32, 2, 1         |
|    curr_localImage_536_U               | fifo channel | task level |      |      |        | curr_localImage_536 | srl  | 0       | 32, 2, 1         |
|    curr_localImage_537_U               | fifo channel | task level |      |      |        | curr_localImage_537 | srl  | 0       | 32, 2, 1         |
|    curr_localImage_538_U               | fifo channel | task level |      |      |        | curr_localImage_538 | srl  | 0       | 32, 2, 1         |
|    curr_localImage_539_U               | fifo channel | task level |      |      |        | curr_localImage_539 | srl  | 0       | 32, 2, 1         |
|    curr_localImage_540_U               | fifo channel | task level |      |      |        | curr_localImage_540 | srl  | 0       | 32, 2, 1         |
|    curr_localImage_541_U               | fifo channel | task level |      |      |        | curr_localImage_541 | srl  | 0       | 32, 2, 1         |
|    curr_localImage_542_U               | fifo channel | task level |      |      |        | curr_localImage_542 | srl  | 0       | 32, 2, 1         |
|    curr_localImage_543_U               | fifo channel | task level |      |      |        | curr_localImage_543 | srl  | 0       | 32, 2, 1         |
|    curr_localImage_544_U               | fifo channel | task level |      |      |        | curr_localImage_544 | srl  | 0       | 32, 2, 1         |
|    curr_localImage_545_U               | fifo channel | task level |      |      |        | curr_localImage_545 | srl  | 0       | 32, 2, 1         |
|    curr_localImage_546_U               | fifo channel | task level |      |      |        | curr_localImage_546 | srl  | 0       | 32, 2, 1         |
|    curr_localImage_547_U               | fifo channel | task level |      |      |        | curr_localImage_547 | srl  | 0       | 32, 2, 1         |
|    curr_localImage_548_U               | fifo channel | task level |      |      |        | curr_localImage_548 | srl  | 0       | 32, 2, 1         |
|    curr_localImage_549_U               | fifo channel | task level |      |      |        | curr_localImage_549 | srl  | 0       | 32, 2, 1         |
|    curr_localImage_550_U               | fifo channel | task level |      |      |        | curr_localImage_550 | srl  | 0       | 32, 2, 1         |
|    curr_localImage_551_U               | fifo channel | task level |      |      |        | curr_localImage_551 | srl  | 0       | 32, 2, 1         |
|    curr_localImage_552_U               | fifo channel | task level |      |      |        | curr_localImage_552 | srl  | 0       | 32, 2, 1         |
|    curr_localImage_553_U               | fifo channel | task level |      |      |        | curr_localImage_553 | srl  | 0       | 32, 2, 1         |
|    curr_localImage_554_U               | fifo channel | task level |      |      |        | curr_localImage_554 | srl  | 0       | 32, 2, 1         |
|    curr_localImage_555_U               | fifo channel | task level |      |      |        | curr_localImage_555 | srl  | 0       | 32, 2, 1         |
|    curr_localImage_556_U               | fifo channel | task level |      |      |        | curr_localImage_556 | srl  | 0       | 32, 2, 1         |
|    curr_localImage_557_U               | fifo channel | task level |      |      |        | curr_localImage_557 | srl  | 0       | 32, 2, 1         |
|    curr_localImage_558_U               | fifo channel | task level |      |      |        | curr_localImage_558 | srl  | 0       | 32, 2, 1         |
|    curr_localImage_559_U               | fifo channel | task level |      |      |        | curr_localImage_559 | srl  | 0       | 32, 2, 1         |
|    curr_localImage_560_U               | fifo channel | task level |      |      |        | curr_localImage_560 | srl  | 0       | 32, 2, 1         |
|    curr_localImage_561_U               | fifo channel | task level |      |      |        | curr_localImage_561 | srl  | 0       | 32, 2, 1         |
|    curr_localImage_562_U               | fifo channel | task level |      |      |        | curr_localImage_562 | srl  | 0       | 32, 2, 1         |
|    curr_localImage_563_U               | fifo channel | task level |      |      |        | curr_localImage_563 | srl  | 0       | 32, 2, 1         |
|    curr_localImage_564_U               | fifo channel | task level |      |      |        | curr_localImage_564 | srl  | 0       | 32, 2, 1         |
|    curr_localImage_565_U               | fifo channel | task level |      |      |        | curr_localImage_565 | srl  | 0       | 32, 2, 1         |
|    curr_localImage_566_U               | fifo channel | task level |      |      |        | curr_localImage_566 | srl  | 0       | 32, 2, 1         |
|    curr_localImage_567_U               | fifo channel | task level |      |      |        | curr_localImage_567 | srl  | 0       | 32, 2, 1         |
|    curr_localImage_568_U               | fifo channel | task level |      |      |        | curr_localImage_568 | srl  | 0       | 32, 2, 1         |
|    curr_localImage_569_U               | fifo channel | task level |      |      |        | curr_localImage_569 | srl  | 0       | 32, 2, 1         |
|    curr_localImage_570_U               | fifo channel | task level |      |      |        | curr_localImage_570 | srl  | 0       | 32, 2, 1         |
|    curr_localImage_571_U               | fifo channel | task level |      |      |        | curr_localImage_571 | srl  | 0       | 32, 2, 1         |
|    curr_localImage_572_U               | fifo channel | task level |      |      |        | curr_localImage_572 | srl  | 0       | 32, 2, 1         |
|    curr_localImage_573_U               | fifo channel | task level |      |      |        | curr_localImage_573 | srl  | 0       | 32, 2, 1         |
|    curr_localImage_574_U               | fifo channel | task level |      |      |        | curr_localImage_574 | srl  | 0       | 32, 2, 1         |
|    curr_localImage_575_U               | fifo channel | task level |      |      |        | curr_localImage_575 | srl  | 0       | 32, 2, 1         |
|    curr_localImage_576_U               | fifo channel | task level |      |      |        | curr_localImage_576 | srl  | 0       | 32, 2, 1         |
|    curr_localImage_577_U               | fifo channel | task level |      |      |        | curr_localImage_577 | srl  | 0       | 32, 2, 1         |
|    curr_localImage_578_U               | fifo channel | task level |      |      |        | curr_localImage_578 | srl  | 0       | 32, 2, 1         |
|    curr_localImage_579_U               | fifo channel | task level |      |      |        | curr_localImage_579 | srl  | 0       | 32, 2, 1         |
|    curr_localImage_580_U               | fifo channel | task level |      |      |        | curr_localImage_580 | srl  | 0       | 32, 2, 1         |
|    curr_localImage_581_U               | fifo channel | task level |      |      |        | curr_localImage_581 | srl  | 0       | 32, 2, 1         |
|    curr_localImage_582_U               | fifo channel | task level |      |      |        | curr_localImage_582 | srl  | 0       | 32, 2, 1         |
|    curr_localImage_583_U               | fifo channel | task level |      |      |        | curr_localImage_583 | srl  | 0       | 32, 2, 1         |
|    curr_localImage_584_U               | fifo channel | task level |      |      |        | curr_localImage_584 | srl  | 0       | 32, 2, 1         |
|    curr_localImage_585_U               | fifo channel | task level |      |      |        | curr_localImage_585 | srl  | 0       | 32, 2, 1         |
|    curr_localImage_586_U               | fifo channel | task level |      |      |        | curr_localImage_586 | srl  | 0       | 32, 2, 1         |
|    curr_localImage_587_U               | fifo channel | task level |      |      |        | curr_localImage_587 | srl  | 0       | 32, 2, 1         |
|    curr_localImage_588_U               | fifo channel | task level |      |      |        | curr_localImage_588 | srl  | 0       | 32, 2, 1         |
|    curr_localImage_589_U               | fifo channel | task level |      |      |        | curr_localImage_589 | srl  | 0       | 32, 2, 1         |
|    curr_localImage_590_U               | fifo channel | task level |      |      |        | curr_localImage_590 | srl  | 0       | 32, 2, 1         |
|    curr_localImage_591_U               | fifo channel | task level |      |      |        | curr_localImage_591 | srl  | 0       | 32, 2, 1         |
|    curr_localImage_592_U               | fifo channel | task level |      |      |        | curr_localImage_592 | srl  | 0       | 32, 2, 1         |
|    curr_localImage_593_U               | fifo channel | task level |      |      |        | curr_localImage_593 | srl  | 0       | 32, 2, 1         |
|    curr_localImage_594_U               | fifo channel | task level |      |      |        | curr_localImage_594 | srl  | 0       | 32, 2, 1         |
|    curr_localImage_595_U               | fifo channel | task level |      |      |        | curr_localImage_595 | srl  | 0       | 32, 2, 1         |
|    curr_localImage_596_U               | fifo channel | task level |      |      |        | curr_localImage_596 | srl  | 0       | 32, 2, 1         |
|    curr_localImage_597_U               | fifo channel | task level |      |      |        | curr_localImage_597 | srl  | 0       | 32, 2, 1         |
|    curr_localImage_598_U               | fifo channel | task level |      |      |        | curr_localImage_598 | srl  | 0       | 32, 2, 1         |
|    curr_localImage_599_U               | fifo channel | task level |      |      |        | curr_localImage_599 | srl  | 0       | 32, 2, 1         |
|    curr_localImage_600_U               | fifo channel | task level |      |      |        | curr_localImage_600 | srl  | 0       | 32, 2, 1         |
|    curr_localImage_601_U               | fifo channel | task level |      |      |        | curr_localImage_601 | srl  | 0       | 32, 2, 1         |
|    curr_localImage_602_U               | fifo channel | task level |      |      |        | curr_localImage_602 | srl  | 0       | 32, 2, 1         |
|    curr_localImage_603_U               | fifo channel | task level |      |      |        | curr_localImage_603 | srl  | 0       | 32, 2, 1         |
|    curr_localImage_604_U               | fifo channel | task level |      |      |        | curr_localImage_604 | srl  | 0       | 32, 2, 1         |
|    curr_localImage_605_U               | fifo channel | task level |      |      |        | curr_localImage_605 | srl  | 0       | 32, 2, 1         |
|    curr_localImage_606_U               | fifo channel | task level |      |      |        | curr_localImage_606 | srl  | 0       | 32, 2, 1         |
|    curr_localImage_607_U               | fifo channel | task level |      |      |        | curr_localImage_607 | srl  | 0       | 32, 2, 1         |
|    curr_localImage_608_U               | fifo channel | task level |      |      |        | curr_localImage_608 | srl  | 0       | 32, 2, 1         |
|    curr_localImage_609_U               | fifo channel | task level |      |      |        | curr_localImage_609 | srl  | 0       | 32, 2, 1         |
|    curr_localImage_610_U               | fifo channel | task level |      |      |        | curr_localImage_610 | srl  | 0       | 32, 2, 1         |
|    curr_localImage_611_U               | fifo channel | task level |      |      |        | curr_localImage_611 | srl  | 0       | 32, 2, 1         |
|    curr_localImage_612_U               | fifo channel | task level |      |      |        | curr_localImage_612 | srl  | 0       | 32, 2, 1         |
|    curr_localImage_613_U               | fifo channel | task level |      |      |        | curr_localImage_613 | srl  | 0       | 32, 2, 1         |
|    curr_localImage_614_U               | fifo channel | task level |      |      |        | curr_localImage_614 | srl  | 0       | 32, 2, 1         |
|    curr_localImage_615_U               | fifo channel | task level |      |      |        | curr_localImage_615 | srl  | 0       | 32, 2, 1         |
|    curr_localImage_616_U               | fifo channel | task level |      |      |        | curr_localImage_616 | srl  | 0       | 32, 2, 1         |
|    curr_localImage_617_U               | fifo channel | task level |      |      |        | curr_localImage_617 | srl  | 0       | 32, 2, 1         |
|    curr_localImage_618_U               | fifo channel | task level |      |      |        | curr_localImage_618 | srl  | 0       | 32, 2, 1         |
|    curr_localImage_619_U               | fifo channel | task level |      |      |        | curr_localImage_619 | srl  | 0       | 32, 2, 1         |
|    curr_localImage_620_U               | fifo channel | task level |      |      |        | curr_localImage_620 | srl  | 0       | 32, 2, 1         |
|    curr_localImage_621_U               | fifo channel | task level |      |      |        | curr_localImage_621 | srl  | 0       | 32, 2, 1         |
|    curr_localImage_622_U               | fifo channel | task level |      |      |        | curr_localImage_622 | srl  | 0       | 32, 2, 1         |
|    curr_localImage_623_U               | fifo channel | task level |      |      |        | curr_localImage_623 | srl  | 0       | 32, 2, 1         |
|    curr_localImage_624_U               | fifo channel | task level |      |      |        | curr_localImage_624 | srl  | 0       | 32, 2, 1         |
|    curr_localImage_625_U               | fifo channel | task level |      |      |        | curr_localImage_625 | srl  | 0       | 32, 2, 1         |
|    curr_localImage_626_U               | fifo channel | task level |      |      |        | curr_localImage_626 | srl  | 0       | 32, 2, 1         |
|    curr_localImage_627_U               | fifo channel | task level |      |      |        | curr_localImage_627 | srl  | 0       | 32, 2, 1         |
|    curr_localImage_628_U               | fifo channel | task level |      |      |        | curr_localImage_628 | srl  | 0       | 32, 2, 1         |
|    curr_localImage_629_U               | fifo channel | task level |      |      |        | curr_localImage_629 | srl  | 0       | 32, 2, 1         |
|    curr_localImage_630_U               | fifo channel | task level |      |      |        | curr_localImage_630 | srl  | 0       | 32, 2, 1         |
|    curr_localImage_631_U               | fifo channel | task level |      |      |        | curr_localImage_631 | srl  | 0       | 32, 2, 1         |
|    curr_localImage_632_U               | fifo channel | task level |      |      |        | curr_localImage_632 | srl  | 0       | 32, 2, 1         |
|    curr_localImage_633_U               | fifo channel | task level |      |      |        | curr_localImage_633 | srl  | 0       | 32, 2, 1         |
|    curr_localImage_634_U               | fifo channel | task level |      |      |        | curr_localImage_634 | srl  | 0       | 32, 2, 1         |
|    curr_localImage_635_U               | fifo channel | task level |      |      |        | curr_localImage_635 | srl  | 0       | 32, 2, 1         |
|    curr_localImage_636_U               | fifo channel | task level |      |      |        | curr_localImage_636 | srl  | 0       | 32, 2, 1         |
|    curr_localImage_637_U               | fifo channel | task level |      |      |        | curr_localImage_637 | srl  | 0       | 32, 2, 1         |
|    curr_localImage_638_U               | fifo channel | task level |      |      |        | curr_localImage_638 | srl  | 0       | 32, 2, 1         |
|    curr_localImage_639_U               | fifo channel | task level |      |      |        | curr_localImage_639 | srl  | 0       | 32, 2, 1         |
|    curr_localImage_640_U               | fifo channel | task level |      |      |        | curr_localImage_640 | srl  | 0       | 32, 2, 1         |
|    curr_localImage_641_U               | fifo channel | task level |      |      |        | curr_localImage_641 | srl  | 0       | 32, 2, 1         |
|    curr_localImage_642_U               | fifo channel | task level |      |      |        | curr_localImage_642 | srl  | 0       | 32, 2, 1         |
|    curr_localImage_643_U               | fifo channel | task level |      |      |        | curr_localImage_643 | srl  | 0       | 32, 2, 1         |
|    curr_localImage_644_U               | fifo channel | task level |      |      |        | curr_localImage_644 | srl  | 0       | 32, 2, 1         |
|    curr_localImage_645_U               | fifo channel | task level |      |      |        | curr_localImage_645 | srl  | 0       | 32, 2, 1         |
|    curr_localImage_646_U               | fifo channel | task level |      |      |        | curr_localImage_646 | srl  | 0       | 32, 2, 1         |
|    curr_localImage_647_U               | fifo channel | task level |      |      |        | curr_localImage_647 | srl  | 0       | 32, 2, 1         |
|    curr_localImage_648_U               | fifo channel | task level |      |      |        | curr_localImage_648 | srl  | 0       | 32, 2, 1         |
|    curr_localImage_649_U               | fifo channel | task level |      |      |        | curr_localImage_649 | srl  | 0       | 32, 2, 1         |
|    curr_localImage_650_U               | fifo channel | task level |      |      |        | curr_localImage_650 | srl  | 0       | 32, 2, 1         |
|    curr_localImage_651_U               | fifo channel | task level |      |      |        | curr_localImage_651 | srl  | 0       | 32, 2, 1         |
|    curr_localImage_652_U               | fifo channel | task level |      |      |        | curr_localImage_652 | srl  | 0       | 32, 2, 1         |
|    curr_localImage_653_U               | fifo channel | task level |      |      |        | curr_localImage_653 | srl  | 0       | 32, 2, 1         |
|    curr_localImage_654_U               | fifo channel | task level |      |      |        | curr_localImage_654 | srl  | 0       | 32, 2, 1         |
|    curr_localImage_655_U               | fifo channel | task level |      |      |        | curr_localImage_655 | srl  | 0       | 32, 2, 1         |
|    curr_localImage_656_U               | fifo channel | task level |      |      |        | curr_localImage_656 | srl  | 0       | 32, 2, 1         |
|    curr_localImage_657_U               | fifo channel | task level |      |      |        | curr_localImage_657 | srl  | 0       | 32, 2, 1         |
|    curr_localImage_658_U               | fifo channel | task level |      |      |        | curr_localImage_658 | srl  | 0       | 32, 2, 1         |
|    curr_localImage_659_U               | fifo channel | task level |      |      |        | curr_localImage_659 | srl  | 0       | 32, 2, 1         |
|    curr_localImage_660_U               | fifo channel | task level |      |      |        | curr_localImage_660 | srl  | 0       | 32, 2, 1         |
|    curr_localImage_661_U               | fifo channel | task level |      |      |        | curr_localImage_661 | srl  | 0       | 32, 2, 1         |
|    curr_localImage_662_U               | fifo channel | task level |      |      |        | curr_localImage_662 | srl  | 0       | 32, 2, 1         |
|    curr_localImage_663_U               | fifo channel | task level |      |      |        | curr_localImage_663 | srl  | 0       | 32, 2, 1         |
|    curr_localImage_664_U               | fifo channel | task level |      |      |        | curr_localImage_664 | srl  | 0       | 32, 2, 1         |
|    curr_localImage_665_U               | fifo channel | task level |      |      |        | curr_localImage_665 | srl  | 0       | 32, 2, 1         |
|    curr_localImage_666_U               | fifo channel | task level |      |      |        | curr_localImage_666 | srl  | 0       | 32, 2, 1         |
|    curr_localImage_667_U               | fifo channel | task level |      |      |        | curr_localImage_667 | srl  | 0       | 32, 2, 1         |
|    curr_localImage_668_U               | fifo channel | task level |      |      |        | curr_localImage_668 | srl  | 0       | 32, 2, 1         |
|    curr_localImage_669_U               | fifo channel | task level |      |      |        | curr_localImage_669 | srl  | 0       | 32, 2, 1         |
|    curr_localImage_670_U               | fifo channel | task level |      |      |        | curr_localImage_670 | srl  | 0       | 32, 2, 1         |
|    curr_localImage_671_U               | fifo channel | task level |      |      |        | curr_localImage_671 | srl  | 0       | 32, 2, 1         |
|    curr_localImage_672_U               | fifo channel | task level |      |      |        | curr_localImage_672 | srl  | 0       | 32, 2, 1         |
|    curr_localImage_673_U               | fifo channel | task level |      |      |        | curr_localImage_673 | srl  | 0       | 32, 2, 1         |
|    curr_localImage_674_U               | fifo channel | task level |      |      |        | curr_localImage_674 | srl  | 0       | 32, 2, 1         |
|    curr_localImage_675_U               | fifo channel | task level |      |      |        | curr_localImage_675 | srl  | 0       | 32, 2, 1         |
|    curr_localImage_676_U               | fifo channel | task level |      |      |        | curr_localImage_676 | srl  | 0       | 32, 2, 1         |
|    curr_localImage_677_U               | fifo channel | task level |      |      |        | curr_localImage_677 | srl  | 0       | 32, 2, 1         |
|    curr_localImage_678_U               | fifo channel | task level |      |      |        | curr_localImage_678 | srl  | 0       | 32, 2, 1         |
|    curr_localImage_679_U               | fifo channel | task level |      |      |        | curr_localImage_679 | srl  | 0       | 32, 2, 1         |
|    curr_localImage_680_U               | fifo channel | task level |      |      |        | curr_localImage_680 | srl  | 0       | 32, 2, 1         |
|    curr_localImage_681_U               | fifo channel | task level |      |      |        | curr_localImage_681 | srl  | 0       | 32, 2, 1         |
|    curr_localImage_682_U               | fifo channel | task level |      |      |        | curr_localImage_682 | srl  | 0       | 32, 2, 1         |
|    curr_localImage_683_U               | fifo channel | task level |      |      |        | curr_localImage_683 | srl  | 0       | 32, 2, 1         |
|    curr_localImage_684_U               | fifo channel | task level |      |      |        | curr_localImage_684 | srl  | 0       | 32, 2, 1         |
|    curr_localImage_685_U               | fifo channel | task level |      |      |        | curr_localImage_685 | srl  | 0       | 32, 2, 1         |
|    curr_localImage_686_U               | fifo channel | task level |      |      |        | curr_localImage_686 | srl  | 0       | 32, 2, 1         |
|    curr_localImage_687_U               | fifo channel | task level |      |      |        | curr_localImage_687 | srl  | 0       | 32, 2, 1         |
|    curr_localImage_688_U               | fifo channel | task level |      |      |        | curr_localImage_688 | srl  | 0       | 32, 2, 1         |
|    curr_localImage_689_U               | fifo channel | task level |      |      |        | curr_localImage_689 | srl  | 0       | 32, 2, 1         |
|    curr_localImage_690_U               | fifo channel | task level |      |      |        | curr_localImage_690 | srl  | 0       | 32, 2, 1         |
|    curr_localImage_691_U               | fifo channel | task level |      |      |        | curr_localImage_691 | srl  | 0       | 32, 2, 1         |
|    curr_localImage_692_U               | fifo channel | task level |      |      |        | curr_localImage_692 | srl  | 0       | 32, 2, 1         |
|    curr_localImage_693_U               | fifo channel | task level |      |      |        | curr_localImage_693 | srl  | 0       | 32, 2, 1         |
|    curr_localImage_694_U               | fifo channel | task level |      |      |        | curr_localImage_694 | srl  | 0       | 32, 2, 1         |
|    curr_localImage_695_U               | fifo channel | task level |      |      |        | curr_localImage_695 | srl  | 0       | 32, 2, 1         |
|    curr_localImage_696_U               | fifo channel | task level |      |      |        | curr_localImage_696 | srl  | 0       | 32, 2, 1         |
|    curr_localImage_697_U               | fifo channel | task level |      |      |        | curr_localImage_697 | srl  | 0       | 32, 2, 1         |
|    curr_localImage_698_U               | fifo channel | task level |      |      |        | curr_localImage_698 | srl  | 0       | 32, 2, 1         |
|    curr_localImage_699_U               | fifo channel | task level |      |      |        | curr_localImage_699 | srl  | 0       | 32, 2, 1         |
|    curr_localImage_700_U               | fifo channel | task level |      |      |        | curr_localImage_700 | srl  | 0       | 32, 2, 1         |
|    curr_localImage_701_U               | fifo channel | task level |      |      |        | curr_localImage_701 | srl  | 0       | 32, 2, 1         |
|    curr_localImage_702_U               | fifo channel | task level |      |      |        | curr_localImage_702 | srl  | 0       | 32, 2, 1         |
|    curr_localImage_703_U               | fifo channel | task level |      |      |        | curr_localImage_703 | srl  | 0       | 32, 2, 1         |
|    curr_localImage_704_U               | fifo channel | task level |      |      |        | curr_localImage_704 | srl  | 0       | 32, 2, 1         |
|    curr_localImage_705_U               | fifo channel | task level |      |      |        | curr_localImage_705 | srl  | 0       | 32, 2, 1         |
|    curr_localImage_706_U               | fifo channel | task level |      |      |        | curr_localImage_706 | srl  | 0       | 32, 2, 1         |
|    curr_localImage_707_U               | fifo channel | task level |      |      |        | curr_localImage_707 | srl  | 0       | 32, 2, 1         |
|    curr_localImage_708_U               | fifo channel | task level |      |      |        | curr_localImage_708 | srl  | 0       | 32, 2, 1         |
|    curr_localImage_709_U               | fifo channel | task level |      |      |        | curr_localImage_709 | srl  | 0       | 32, 2, 1         |
|    curr_localImage_710_U               | fifo channel | task level |      |      |        | curr_localImage_710 | srl  | 0       | 32, 2, 1         |
|    curr_localImage_711_U               | fifo channel | task level |      |      |        | curr_localImage_711 | srl  | 0       | 32, 2, 1         |
|    curr_localImage_712_U               | fifo channel | task level |      |      |        | curr_localImage_712 | srl  | 0       | 32, 2, 1         |
|    curr_localImage_713_U               | fifo channel | task level |      |      |        | curr_localImage_713 | srl  | 0       | 32, 2, 1         |
|    curr_localImage_714_U               | fifo channel | task level |      |      |        | curr_localImage_714 | srl  | 0       | 32, 2, 1         |
|    curr_localImage_715_U               | fifo channel | task level |      |      |        | curr_localImage_715 | srl  | 0       | 32, 2, 1         |
|    curr_localImage_716_U               | fifo channel | task level |      |      |        | curr_localImage_716 | srl  | 0       | 32, 2, 1         |
|    curr_localImage_717_U               | fifo channel | task level |      |      |        | curr_localImage_717 | srl  | 0       | 32, 2, 1         |
|    curr_localImage_718_U               | fifo channel | task level |      |      |        | curr_localImage_718 | srl  | 0       | 32, 2, 1         |
|    curr_localImage_719_U               | fifo channel | task level |      |      |        | curr_localImage_719 | srl  | 0       | 32, 2, 1         |
|    curr_localImage_720_U               | fifo channel | task level |      |      |        | curr_localImage_720 | srl  | 0       | 32, 2, 1         |
|    curr_localImage_721_U               | fifo channel | task level |      |      |        | curr_localImage_721 | srl  | 0       | 32, 2, 1         |
|    curr_localImage_722_U               | fifo channel | task level |      |      |        | curr_localImage_722 | srl  | 0       | 32, 2, 1         |
|    curr_localImage_723_U               | fifo channel | task level |      |      |        | curr_localImage_723 | srl  | 0       | 32, 2, 1         |
|    curr_localImage_724_U               | fifo channel | task level |      |      |        | curr_localImage_724 | srl  | 0       | 32, 2, 1         |
|    curr_localImage_725_U               | fifo channel | task level |      |      |        | curr_localImage_725 | srl  | 0       | 32, 2, 1         |
|    curr_localImage_726_U               | fifo channel | task level |      |      |        | curr_localImage_726 | srl  | 0       | 32, 2, 1         |
|    curr_localImage_727_U               | fifo channel | task level |      |      |        | curr_localImage_727 | srl  | 0       | 32, 2, 1         |
|    curr_localImage_728_U               | fifo channel | task level |      |      |        | curr_localImage_728 | srl  | 0       | 32, 2, 1         |
|    curr_localImage_729_U               | fifo channel | task level |      |      |        | curr_localImage_729 | srl  | 0       | 32, 2, 1         |
|    curr_localImage_730_U               | fifo channel | task level |      |      |        | curr_localImage_730 | srl  | 0       | 32, 2, 1         |
|    curr_localImage_731_U               | fifo channel | task level |      |      |        | curr_localImage_731 | srl  | 0       | 32, 2, 1         |
|    curr_localImage_732_U               | fifo channel | task level |      |      |        | curr_localImage_732 | srl  | 0       | 32, 2, 1         |
|    curr_localImage_733_U               | fifo channel | task level |      |      |        | curr_localImage_733 | srl  | 0       | 32, 2, 1         |
|    curr_localImage_734_U               | fifo channel | task level |      |      |        | curr_localImage_734 | srl  | 0       | 32, 2, 1         |
|    curr_localImage_735_U               | fifo channel | task level |      |      |        | curr_localImage_735 | srl  | 0       | 32, 2, 1         |
|    curr_localImage_736_U               | fifo channel | task level |      |      |        | curr_localImage_736 | srl  | 0       | 32, 2, 1         |
|    curr_localImage_737_U               | fifo channel | task level |      |      |        | curr_localImage_737 | srl  | 0       | 32, 2, 1         |
|    curr_localImage_738_U               | fifo channel | task level |      |      |        | curr_localImage_738 | srl  | 0       | 32, 2, 1         |
|    curr_localImage_739_U               | fifo channel | task level |      |      |        | curr_localImage_739 | srl  | 0       | 32, 2, 1         |
|    curr_localImage_740_U               | fifo channel | task level |      |      |        | curr_localImage_740 | srl  | 0       | 32, 2, 1         |
|    curr_localImage_741_U               | fifo channel | task level |      |      |        | curr_localImage_741 | srl  | 0       | 32, 2, 1         |
|    curr_localImage_742_U               | fifo channel | task level |      |      |        | curr_localImage_742 | srl  | 0       | 32, 2, 1         |
|    curr_localImage_743_U               | fifo channel | task level |      |      |        | curr_localImage_743 | srl  | 0       | 32, 2, 1         |
|    curr_localImage_744_U               | fifo channel | task level |      |      |        | curr_localImage_744 | srl  | 0       | 32, 2, 1         |
|    curr_localImage_745_U               | fifo channel | task level |      |      |        | curr_localImage_745 | srl  | 0       | 32, 2, 1         |
|    curr_localImage_746_U               | fifo channel | task level |      |      |        | curr_localImage_746 | srl  | 0       | 32, 2, 1         |
|    curr_localImage_747_U               | fifo channel | task level |      |      |        | curr_localImage_747 | srl  | 0       | 32, 2, 1         |
|    curr_localImage_748_U               | fifo channel | task level |      |      |        | curr_localImage_748 | srl  | 0       | 32, 2, 1         |
|    curr_localImage_749_U               | fifo channel | task level |      |      |        | curr_localImage_749 | srl  | 0       | 32, 2, 1         |
|    curr_localImage_750_U               | fifo channel | task level |      |      |        | curr_localImage_750 | srl  | 0       | 32, 2, 1         |
|    curr_localImage_751_U               | fifo channel | task level |      |      |        | curr_localImage_751 | srl  | 0       | 32, 2, 1         |
|    curr_localImage_752_U               | fifo channel | task level |      |      |        | curr_localImage_752 | srl  | 0       | 32, 2, 1         |
|    curr_localImage_753_U               | fifo channel | task level |      |      |        | curr_localImage_753 | srl  | 0       | 32, 2, 1         |
|    curr_localImage_754_U               | fifo channel | task level |      |      |        | curr_localImage_754 | srl  | 0       | 32, 2, 1         |
|    curr_localImage_755_U               | fifo channel | task level |      |      |        | curr_localImage_755 | srl  | 0       | 32, 2, 1         |
|    curr_localImage_756_U               | fifo channel | task level |      |      |        | curr_localImage_756 | srl  | 0       | 32, 2, 1         |
|    curr_localImage_757_U               | fifo channel | task level |      |      |        | curr_localImage_757 | srl  | 0       | 32, 2, 1         |
|    curr_localImage_758_U               | fifo channel | task level |      |      |        | curr_localImage_758 | srl  | 0       | 32, 2, 1         |
|    curr_localImage_759_U               | fifo channel | task level |      |      |        | curr_localImage_759 | srl  | 0       | 32, 2, 1         |
|    curr_localImage_760_U               | fifo channel | task level |      |      |        | curr_localImage_760 | srl  | 0       | 32, 2, 1         |
|    curr_localImage_761_U               | fifo channel | task level |      |      |        | curr_localImage_761 | srl  | 0       | 32, 2, 1         |
|    curr_localImage_762_U               | fifo channel | task level |      |      |        | curr_localImage_762 | srl  | 0       | 32, 2, 1         |
|    curr_localImage_763_U               | fifo channel | task level |      |      |        | curr_localImage_763 | srl  | 0       | 32, 2, 1         |
|    curr_localImage_764_U               | fifo channel | task level |      |      |        | curr_localImage_764 | srl  | 0       | 32, 2, 1         |
|    curr_localImage_765_U               | fifo channel | task level |      |      |        | curr_localImage_765 | srl  | 0       | 32, 2, 1         |
|    curr_localImage_766_U               | fifo channel | task level |      |      |        | curr_localImage_766 | srl  | 0       | 32, 2, 1         |
|    curr_localImage_767_U               | fifo channel | task level |      |      |        | curr_localImage_767 | srl  | 0       | 32, 2, 1         |
|    curr_localImage_768_U               | fifo channel | task level |      |      |        | curr_localImage_768 | srl  | 0       | 32, 2, 1         |
|    curr_localImage_769_U               | fifo channel | task level |      |      |        | curr_localImage_769 | srl  | 0       | 32, 2, 1         |
|    curr_localImage_770_U               | fifo channel | task level |      |      |        | curr_localImage_770 | srl  | 0       | 32, 2, 1         |
|    curr_localImage_771_U               | fifo channel | task level |      |      |        | curr_localImage_771 | srl  | 0       | 32, 2, 1         |
|    curr_localImage_772_U               | fifo channel | task level |      |      |        | curr_localImage_772 | srl  | 0       | 32, 2, 1         |
|    curr_localImage_773_U               | fifo channel | task level |      |      |        | curr_localImage_773 | srl  | 0       | 32, 2, 1         |
|    curr_localImage_774_U               | fifo channel | task level |      |      |        | curr_localImage_774 | srl  | 0       | 32, 2, 1         |
|    curr_localImage_775_U               | fifo channel | task level |      |      |        | curr_localImage_775 | srl  | 0       | 32, 2, 1         |
|    curr_localImage_776_U               | fifo channel | task level |      |      |        | curr_localImage_776 | srl  | 0       | 32, 2, 1         |
|    curr_localImage_777_U               | fifo channel | task level |      |      |        | curr_localImage_777 | srl  | 0       | 32, 2, 1         |
|    curr_localImage_778_U               | fifo channel | task level |      |      |        | curr_localImage_778 | srl  | 0       | 32, 2, 1         |
|    curr_localImage_779_U               | fifo channel | task level |      |      |        | curr_localImage_779 | srl  | 0       | 32, 2, 1         |
|    curr_localImage_780_U               | fifo channel | task level |      |      |        | curr_localImage_780 | srl  | 0       | 32, 2, 1         |
|    curr_localImage_781_U               | fifo channel | task level |      |      |        | curr_localImage_781 | srl  | 0       | 32, 2, 1         |
|    curr_localImage_782_U               | fifo channel | task level |      |      |        | curr_localImage_782 | srl  | 0       | 32, 2, 1         |
|    curr_localImage_783_U               | fifo channel | task level |      |      |        | curr_localImage_783 | srl  | 0       | 32, 2, 1         |
|    curr_localImage_784_U               | fifo channel | task level |      |      |        | curr_localImage_784 | srl  | 0       | 32, 2, 1         |
|    curr_localImage_785_U               | fifo channel | task level |      |      |        | curr_localImage_785 | srl  | 0       | 32, 2, 1         |
|    curr_localImage_786_U               | fifo channel | task level |      |      |        | curr_localImage_786 | srl  | 0       | 32, 2, 1         |
|    curr_localImage_787_U               | fifo channel | task level |      |      |        | curr_localImage_787 | srl  | 0       | 32, 2, 1         |
|    curr_localImage_788_U               | fifo channel | task level |      |      |        | curr_localImage_788 | srl  | 0       | 32, 2, 1         |
|    curr_localImage_789_U               | fifo channel | task level |      |      |        | curr_localImage_789 | srl  | 0       | 32, 2, 1         |
|    curr_localImage_790_U               | fifo channel | task level |      |      |        | curr_localImage_790 | srl  | 0       | 32, 2, 1         |
|    curr_localImage_791_U               | fifo channel | task level |      |      |        | curr_localImage_791 | srl  | 0       | 32, 2, 1         |
|    curr_localImage_792_U               | fifo channel | task level |      |      |        | curr_localImage_792 | srl  | 0       | 32, 2, 1         |
|    curr_localImage_793_U               | fifo channel | task level |      |      |        | curr_localImage_793 | srl  | 0       | 32, 2, 1         |
|    curr_localImage_794_U               | fifo channel | task level |      |      |        | curr_localImage_794 | srl  | 0       | 32, 2, 1         |
|    curr_localImage_795_U               | fifo channel | task level |      |      |        | curr_localImage_795 | srl  | 0       | 32, 2, 1         |
|    curr_localImage_796_U               | fifo channel | task level |      |      |        | curr_localImage_796 | srl  | 0       | 32, 2, 1         |
|    curr_localImage_797_U               | fifo channel | task level |      |      |        | curr_localImage_797 | srl  | 0       | 32, 2, 1         |
|    curr_localImage_798_U               | fifo channel | task level |      |      |        | curr_localImage_798 | srl  | 0       | 32, 2, 1         |
|    curr_localImage_799_U               | fifo channel | task level |      |      |        | curr_localImage_799 | srl  | 0       | 32, 2, 1         |
|    curr_localImage_800_U               | fifo channel | task level |      |      |        | curr_localImage_800 | srl  | 0       | 32, 2, 1         |
|    curr_localImage_801_U               | fifo channel | task level |      |      |        | curr_localImage_801 | srl  | 0       | 32, 2, 1         |
|    curr_localImage_802_U               | fifo channel | task level |      |      |        | curr_localImage_802 | srl  | 0       | 32, 2, 1         |
|    curr_localImage_803_U               | fifo channel | task level |      |      |        | curr_localImage_803 | srl  | 0       | 32, 2, 1         |
|    curr_localImage_804_U               | fifo channel | task level |      |      |        | curr_localImage_804 | srl  | 0       | 32, 2, 1         |
|    curr_localImage_805_U               | fifo channel | task level |      |      |        | curr_localImage_805 | srl  | 0       | 32, 2, 1         |
|    curr_localImage_806_U               | fifo channel | task level |      |      |        | curr_localImage_806 | srl  | 0       | 32, 2, 1         |
|    curr_localImage_807_U               | fifo channel | task level |      |      |        | curr_localImage_807 | srl  | 0       | 32, 2, 1         |
|    curr_localImage_808_U               | fifo channel | task level |      |      |        | curr_localImage_808 | srl  | 0       | 32, 2, 1         |
|    curr_localImage_809_U               | fifo channel | task level |      |      |        | curr_localImage_809 | srl  | 0       | 32, 2, 1         |
|    curr_localImage_810_U               | fifo channel | task level |      |      |        | curr_localImage_810 | srl  | 0       | 32, 2, 1         |
|    curr_localImage_811_U               | fifo channel | task level |      |      |        | curr_localImage_811 | srl  | 0       | 32, 2, 1         |
|    curr_localImage_812_U               | fifo channel | task level |      |      |        | curr_localImage_812 | srl  | 0       | 32, 2, 1         |
|    curr_localImage_813_U               | fifo channel | task level |      |      |        | curr_localImage_813 | srl  | 0       | 32, 2, 1         |
|    curr_localImage_814_U               | fifo channel | task level |      |      |        | curr_localImage_814 | srl  | 0       | 32, 2, 1         |
|    curr_localImage_815_U               | fifo channel | task level |      |      |        | curr_localImage_815 | srl  | 0       | 32, 2, 1         |
|    curr_localImage_816_U               | fifo channel | task level |      |      |        | curr_localImage_816 | srl  | 0       | 32, 2, 1         |
|    curr_localImage_817_U               | fifo channel | task level |      |      |        | curr_localImage_817 | srl  | 0       | 32, 2, 1         |
|    curr_localImage_818_U               | fifo channel | task level |      |      |        | curr_localImage_818 | srl  | 0       | 32, 2, 1         |
|    curr_localImage_819_U               | fifo channel | task level |      |      |        | curr_localImage_819 | srl  | 0       | 32, 2, 1         |
|    curr_localImage_820_U               | fifo channel | task level |      |      |        | curr_localImage_820 | srl  | 0       | 32, 2, 1         |
|    curr_localImage_821_U               | fifo channel | task level |      |      |        | curr_localImage_821 | srl  | 0       | 32, 2, 1         |
|    curr_localImage_822_U               | fifo channel | task level |      |      |        | curr_localImage_822 | srl  | 0       | 32, 2, 1         |
|    curr_localImage_823_U               | fifo channel | task level |      |      |        | curr_localImage_823 | srl  | 0       | 32, 2, 1         |
|    curr_localImage_824_U               | fifo channel | task level |      |      |        | curr_localImage_824 | srl  | 0       | 32, 2, 1         |
|    curr_localImage_825_U               | fifo channel | task level |      |      |        | curr_localImage_825 | srl  | 0       | 32, 2, 1         |
|    curr_localImage_826_U               | fifo channel | task level |      |      |        | curr_localImage_826 | srl  | 0       | 32, 2, 1         |
|    curr_localImage_827_U               | fifo channel | task level |      |      |        | curr_localImage_827 | srl  | 0       | 32, 2, 1         |
|    curr_localImage_828_U               | fifo channel | task level |      |      |        | curr_localImage_828 | srl  | 0       | 32, 2, 1         |
|    curr_localImage_829_U               | fifo channel | task level |      |      |        | curr_localImage_829 | srl  | 0       | 32, 2, 1         |
|    curr_localImage_830_U               | fifo channel | task level |      |      |        | curr_localImage_830 | srl  | 0       | 32, 2, 1         |
|    curr_localImage_831_U               | fifo channel | task level |      |      |        | curr_localImage_831 | srl  | 0       | 32, 2, 1         |
|    curr_localImage_832_U               | fifo channel | task level |      |      |        | curr_localImage_832 | srl  | 0       | 32, 2, 1         |
|    curr_localImage_833_U               | fifo channel | task level |      |      |        | curr_localImage_833 | srl  | 0       | 32, 2, 1         |
|    curr_localImage_834_U               | fifo channel | task level |      |      |        | curr_localImage_834 | srl  | 0       | 32, 2, 1         |
|    curr_localImage_835_U               | fifo channel | task level |      |      |        | curr_localImage_835 | srl  | 0       | 32, 2, 1         |
|    curr_localImage_836_U               | fifo channel | task level |      |      |        | curr_localImage_836 | srl  | 0       | 32, 2, 1         |
|    curr_localImage_837_U               | fifo channel | task level |      |      |        | curr_localImage_837 | srl  | 0       | 32, 2, 1         |
|    curr_localImage_838_U               | fifo channel | task level |      |      |        | curr_localImage_838 | srl  | 0       | 32, 2, 1         |
|    curr_localImage_839_U               | fifo channel | task level |      |      |        | curr_localImage_839 | srl  | 0       | 32, 2, 1         |
|    curr_localImage_840_U               | fifo channel | task level |      |      |        | curr_localImage_840 | srl  | 0       | 32, 2, 1         |
|    curr_localImage_841_U               | fifo channel | task level |      |      |        | curr_localImage_841 | srl  | 0       | 32, 2, 1         |
|    curr_localImage_842_U               | fifo channel | task level |      |      |        | curr_localImage_842 | srl  | 0       | 32, 2, 1         |
|    curr_localImage_843_U               | fifo channel | task level |      |      |        | curr_localImage_843 | srl  | 0       | 32, 2, 1         |
|    curr_localImage_844_U               | fifo channel | task level |      |      |        | curr_localImage_844 | srl  | 0       | 32, 2, 1         |
|    curr_localImage_845_U               | fifo channel | task level |      |      |        | curr_localImage_845 | srl  | 0       | 32, 2, 1         |
|    curr_localImage_846_U               | fifo channel | task level |      |      |        | curr_localImage_846 | srl  | 0       | 32, 2, 1         |
|    curr_localImage_847_U               | fifo channel | task level |      |      |        | curr_localImage_847 | srl  | 0       | 32, 2, 1         |
|    curr_localImage_848_U               | fifo channel | task level |      |      |        | curr_localImage_848 | srl  | 0       | 32, 2, 1         |
|    curr_localImage_849_U               | fifo channel | task level |      |      |        | curr_localImage_849 | srl  | 0       | 32, 2, 1         |
|    curr_localImage_850_U               | fifo channel | task level |      |      |        | curr_localImage_850 | srl  | 0       | 32, 2, 1         |
|    curr_localImage_851_U               | fifo channel | task level |      |      |        | curr_localImage_851 | srl  | 0       | 32, 2, 1         |
|    curr_localImage_852_U               | fifo channel | task level |      |      |        | curr_localImage_852 | srl  | 0       | 32, 2, 1         |
|    curr_localImage_853_U               | fifo channel | task level |      |      |        | curr_localImage_853 | srl  | 0       | 32, 2, 1         |
|    curr_localImage_854_U               | fifo channel | task level |      |      |        | curr_localImage_854 | srl  | 0       | 32, 2, 1         |
|    curr_localImage_855_U               | fifo channel | task level |      |      |        | curr_localImage_855 | srl  | 0       | 32, 2, 1         |
|    curr_localImage_856_U               | fifo channel | task level |      |      |        | curr_localImage_856 | srl  | 0       | 32, 2, 1         |
|    curr_localImage_857_U               | fifo channel | task level |      |      |        | curr_localImage_857 | srl  | 0       | 32, 2, 1         |
|    curr_localImage_858_U               | fifo channel | task level |      |      |        | curr_localImage_858 | srl  | 0       | 32, 2, 1         |
|    curr_localImage_859_U               | fifo channel | task level |      |      |        | curr_localImage_859 | srl  | 0       | 32, 2, 1         |
|    curr_localImage_860_U               | fifo channel | task level |      |      |        | curr_localImage_860 | srl  | 0       | 32, 2, 1         |
|    curr_localImage_861_U               | fifo channel | task level |      |      |        | curr_localImage_861 | srl  | 0       | 32, 2, 1         |
|    curr_localImage_862_U               | fifo channel | task level |      |      |        | curr_localImage_862 | srl  | 0       | 32, 2, 1         |
|    curr_localImage_863_U               | fifo channel | task level |      |      |        | curr_localImage_863 | srl  | 0       | 32, 2, 1         |
|    curr_localImage_864_U               | fifo channel | task level |      |      |        | curr_localImage_864 | srl  | 0       | 32, 2, 1         |
|    curr_localImage_865_U               | fifo channel | task level |      |      |        | curr_localImage_865 | srl  | 0       | 32, 2, 1         |
|    curr_localImage_866_U               | fifo channel | task level |      |      |        | curr_localImage_866 | srl  | 0       | 32, 2, 1         |
|    curr_localImage_867_U               | fifo channel | task level |      |      |        | curr_localImage_867 | srl  | 0       | 32, 2, 1         |
|    curr_localImage_868_U               | fifo channel | task level |      |      |        | curr_localImage_868 | srl  | 0       | 32, 2, 1         |
|    curr_localImage_869_U               | fifo channel | task level |      |      |        | curr_localImage_869 | srl  | 0       | 32, 2, 1         |
|    curr_localImage_870_U               | fifo channel | task level |      |      |        | curr_localImage_870 | srl  | 0       | 32, 2, 1         |
|    curr_localImage_871_U               | fifo channel | task level |      |      |        | curr_localImage_871 | srl  | 0       | 32, 2, 1         |
|    curr_localImage_872_U               | fifo channel | task level |      |      |        | curr_localImage_872 | srl  | 0       | 32, 2, 1         |
|    curr_localImage_873_U               | fifo channel | task level |      |      |        | curr_localImage_873 | srl  | 0       | 32, 2, 1         |
|    curr_localImage_874_U               | fifo channel | task level |      |      |        | curr_localImage_874 | srl  | 0       | 32, 2, 1         |
|    curr_localImage_875_U               | fifo channel | task level |      |      |        | curr_localImage_875 | srl  | 0       | 32, 2, 1         |
|    curr_localImage_876_U               | fifo channel | task level |      |      |        | curr_localImage_876 | srl  | 0       | 32, 2, 1         |
|    curr_localImage_877_U               | fifo channel | task level |      |      |        | curr_localImage_877 | srl  | 0       | 32, 2, 1         |
|    curr_localImage_878_U               | fifo channel | task level |      |      |        | curr_localImage_878 | srl  | 0       | 32, 2, 1         |
|    curr_localImage_879_U               | fifo channel | task level |      |      |        | curr_localImage_879 | srl  | 0       | 32, 2, 1         |
|    curr_localImage_880_U               | fifo channel | task level |      |      |        | curr_localImage_880 | srl  | 0       | 32, 2, 1         |
|    curr_localImage_881_U               | fifo channel | task level |      |      |        | curr_localImage_881 | srl  | 0       | 32, 2, 1         |
|    curr_localImage_882_U               | fifo channel | task level |      |      |        | curr_localImage_882 | srl  | 0       | 32, 2, 1         |
|    curr_localImage_883_U               | fifo channel | task level |      |      |        | curr_localImage_883 | srl  | 0       | 32, 2, 1         |
|    curr_localImage_884_U               | fifo channel | task level |      |      |        | curr_localImage_884 | srl  | 0       | 32, 2, 1         |
|    curr_localImage_885_U               | fifo channel | task level |      |      |        | curr_localImage_885 | srl  | 0       | 32, 2, 1         |
|    curr_localImage_886_U               | fifo channel | task level |      |      |        | curr_localImage_886 | srl  | 0       | 32, 2, 1         |
|    curr_localImage_887_U               | fifo channel | task level |      |      |        | curr_localImage_887 | srl  | 0       | 32, 2, 1         |
|    curr_localImage_888_U               | fifo channel | task level |      |      |        | curr_localImage_888 | srl  | 0       | 32, 2, 1         |
|    curr_localImage_889_U               | fifo channel | task level |      |      |        | curr_localImage_889 | srl  | 0       | 32, 2, 1         |
|    curr_localImage_890_U               | fifo channel | task level |      |      |        | curr_localImage_890 | srl  | 0       | 32, 2, 1         |
|    curr_localImage_891_U               | fifo channel | task level |      |      |        | curr_localImage_891 | srl  | 0       | 32, 2, 1         |
|    curr_localImage_892_U               | fifo channel | task level |      |      |        | curr_localImage_892 | srl  | 0       | 32, 2, 1         |
|    curr_localImage_893_U               | fifo channel | task level |      |      |        | curr_localImage_893 | srl  | 0       | 32, 2, 1         |
|    curr_localImage_894_U               | fifo channel | task level |      |      |        | curr_localImage_894 | srl  | 0       | 32, 2, 1         |
|    curr_localImage_895_U               | fifo channel | task level |      |      |        | curr_localImage_895 | srl  | 0       | 32, 2, 1         |
|    curr_localImage_896_U               | fifo channel | task level |      |      |        | curr_localImage_896 | srl  | 0       | 32, 2, 1         |
|    curr_localImage_897_U               | fifo channel | task level |      |      |        | curr_localImage_897 | srl  | 0       | 32, 2, 1         |
|    curr_localImage_898_U               | fifo channel | task level |      |      |        | curr_localImage_898 | srl  | 0       | 32, 2, 1         |
|    curr_localImage_899_U               | fifo channel | task level |      |      |        | curr_localImage_899 | srl  | 0       | 32, 2, 1         |
|    curr_localImage_900_U               | fifo channel | task level |      |      |        | curr_localImage_900 | srl  | 0       | 32, 2, 1         |
|    curr_localImage_901_U               | fifo channel | task level |      |      |        | curr_localImage_901 | srl  | 0       | 32, 2, 1         |
|    curr_localImage_902_U               | fifo channel | task level |      |      |        | curr_localImage_902 | srl  | 0       | 32, 2, 1         |
|    curr_localImage_903_U               | fifo channel | task level |      |      |        | curr_localImage_903 | srl  | 0       | 32, 2, 1         |
|    curr_localImage_904_U               | fifo channel | task level |      |      |        | curr_localImage_904 | srl  | 0       | 32, 2, 1         |
|    curr_localImage_905_U               | fifo channel | task level |      |      |        | curr_localImage_905 | srl  | 0       | 32, 2, 1         |
|    curr_localImage_906_U               | fifo channel | task level |      |      |        | curr_localImage_906 | srl  | 0       | 32, 2, 1         |
|    curr_localImage_907_U               | fifo channel | task level |      |      |        | curr_localImage_907 | srl  | 0       | 32, 2, 1         |
|    curr_localImage_908_U               | fifo channel | task level |      |      |        | curr_localImage_908 | srl  | 0       | 32, 2, 1         |
|    curr_localImage_909_U               | fifo channel | task level |      |      |        | curr_localImage_909 | srl  | 0       | 32, 2, 1         |
|    curr_localImage_910_U               | fifo channel | task level |      |      |        | curr_localImage_910 | srl  | 0       | 32, 2, 1         |
|    curr_localImage_911_U               | fifo channel | task level |      |      |        | curr_localImage_911 | srl  | 0       | 32, 2, 1         |
|    curr_localImage_912_U               | fifo channel | task level |      |      |        | curr_localImage_912 | srl  | 0       | 32, 2, 1         |
|    curr_localImage_913_U               | fifo channel | task level |      |      |        | curr_localImage_913 | srl  | 0       | 32, 2, 1         |
|    curr_localImage_914_U               | fifo channel | task level |      |      |        | curr_localImage_914 | srl  | 0       | 32, 2, 1         |
|    curr_localImage_915_U               | fifo channel | task level |      |      |        | curr_localImage_915 | srl  | 0       | 32, 2, 1         |
|    curr_localImage_916_U               | fifo channel | task level |      |      |        | curr_localImage_916 | srl  | 0       | 32, 2, 1         |
|    curr_localImage_917_U               | fifo channel | task level |      |      |        | curr_localImage_917 | srl  | 0       | 32, 2, 1         |
|    curr_localImage_918_U               | fifo channel | task level |      |      |        | curr_localImage_918 | srl  | 0       | 32, 2, 1         |
|    curr_localImage_919_U               | fifo channel | task level |      |      |        | curr_localImage_919 | srl  | 0       | 32, 2, 1         |
|    curr_localImage_920_U               | fifo channel | task level |      |      |        | curr_localImage_920 | srl  | 0       | 32, 2, 1         |
|    curr_localImage_921_U               | fifo channel | task level |      |      |        | curr_localImage_921 | srl  | 0       | 32, 2, 1         |
|    curr_localImage_922_U               | fifo channel | task level |      |      |        | curr_localImage_922 | srl  | 0       | 32, 2, 1         |
|    curr_localImage_923_U               | fifo channel | task level |      |      |        | curr_localImage_923 | srl  | 0       | 32, 2, 1         |
|    curr_localImage_924_U               | fifo channel | task level |      |      |        | curr_localImage_924 | srl  | 0       | 32, 2, 1         |
|    curr_localImage_925_U               | fifo channel | task level |      |      |        | curr_localImage_925 | srl  | 0       | 32, 2, 1         |
|    curr_localImage_926_U               | fifo channel | task level |      |      |        | curr_localImage_926 | srl  | 0       | 32, 2, 1         |
|    curr_localImage_927_U               | fifo channel | task level |      |      |        | curr_localImage_927 | srl  | 0       | 32, 2, 1         |
|    curr_localImage_928_U               | fifo channel | task level |      |      |        | curr_localImage_928 | srl  | 0       | 32, 2, 1         |
|    curr_localImage_929_U               | fifo channel | task level |      |      |        | curr_localImage_929 | srl  | 0       | 32, 2, 1         |
|    curr_localImage_930_U               | fifo channel | task level |      |      |        | curr_localImage_930 | srl  | 0       | 32, 2, 1         |
|    curr_localImage_931_U               | fifo channel | task level |      |      |        | curr_localImage_931 | srl  | 0       | 32, 2, 1         |
|    curr_localImage_932_U               | fifo channel | task level |      |      |        | curr_localImage_932 | srl  | 0       | 32, 2, 1         |
|    curr_localImage_933_U               | fifo channel | task level |      |      |        | curr_localImage_933 | srl  | 0       | 32, 2, 1         |
|    curr_localImage_934_U               | fifo channel | task level |      |      |        | curr_localImage_934 | srl  | 0       | 32, 2, 1         |
|    curr_localImage_935_U               | fifo channel | task level |      |      |        | curr_localImage_935 | srl  | 0       | 32, 2, 1         |
|    curr_localImage_936_U               | fifo channel | task level |      |      |        | curr_localImage_936 | srl  | 0       | 32, 2, 1         |
|    curr_localImage_937_U               | fifo channel | task level |      |      |        | curr_localImage_937 | srl  | 0       | 32, 2, 1         |
|    curr_localImage_938_U               | fifo channel | task level |      |      |        | curr_localImage_938 | srl  | 0       | 32, 2, 1         |
|    curr_localImage_939_U               | fifo channel | task level |      |      |        | curr_localImage_939 | srl  | 0       | 32, 2, 1         |
|    curr_localImage_940_U               | fifo channel | task level |      |      |        | curr_localImage_940 | srl  | 0       | 32, 2, 1         |
|    curr_localImage_941_U               | fifo channel | task level |      |      |        | curr_localImage_941 | srl  | 0       | 32, 2, 1         |
|    curr_localImage_942_U               | fifo channel | task level |      |      |        | curr_localImage_942 | srl  | 0       | 32, 2, 1         |
|    curr_localImage_943_U               | fifo channel | task level |      |      |        | curr_localImage_943 | srl  | 0       | 32, 2, 1         |
|    curr_localImage_944_U               | fifo channel | task level |      |      |        | curr_localImage_944 | srl  | 0       | 32, 2, 1         |
|    curr_localImage_945_U               | fifo channel | task level |      |      |        | curr_localImage_945 | srl  | 0       | 32, 2, 1         |
|    curr_localImage_946_U               | fifo channel | task level |      |      |        | curr_localImage_946 | srl  | 0       | 32, 2, 1         |
|    curr_localImage_947_U               | fifo channel | task level |      |      |        | curr_localImage_947 | srl  | 0       | 32, 2, 1         |
|    curr_localImage_948_U               | fifo channel | task level |      |      |        | curr_localImage_948 | srl  | 0       | 32, 2, 1         |
|    curr_localImage_949_U               | fifo channel | task level |      |      |        | curr_localImage_949 | srl  | 0       | 32, 2, 1         |
|    curr_localImage_950_U               | fifo channel | task level |      |      |        | curr_localImage_950 | srl  | 0       | 32, 2, 1         |
|    curr_localImage_951_U               | fifo channel | task level |      |      |        | curr_localImage_951 | srl  | 0       | 32, 2, 1         |
|    curr_localImage_952_U               | fifo channel | task level |      |      |        | curr_localImage_952 | srl  | 0       | 32, 2, 1         |
|    curr_localImage_953_U               | fifo channel | task level |      |      |        | curr_localImage_953 | srl  | 0       | 32, 2, 1         |
|    curr_localImage_954_U               | fifo channel | task level |      |      |        | curr_localImage_954 | srl  | 0       | 32, 2, 1         |
|    curr_localImage_955_U               | fifo channel | task level |      |      |        | curr_localImage_955 | srl  | 0       | 32, 2, 1         |
|    curr_localImage_956_U               | fifo channel | task level |      |      |        | curr_localImage_956 | srl  | 0       | 32, 2, 1         |
|    curr_localImage_957_U               | fifo channel | task level |      |      |        | curr_localImage_957 | srl  | 0       | 32, 2, 1         |
|    curr_localImage_958_U               | fifo channel | task level |      |      |        | curr_localImage_958 | srl  | 0       | 32, 2, 1         |
|    curr_localImage_959_U               | fifo channel | task level |      |      |        | curr_localImage_959 | srl  | 0       | 32, 2, 1         |
|    curr_localImage960_U                | fifo channel | task level |      |      |        | curr_localImage960  | srl  | 0       | 32, 2, 1         |
|    curr_imageProjs_U                   | fifo channel | task level |      |      |        | curr_imageProjs     | srl  | 0       | 32, 3, 1         |
|    projSumUsed_U                       | fifo channel | task level |      |      |        | projSumUsed         | srl  | 0       | 32, 2, 1         |
|    sum_U                               | fifo channel | task level |      |      |        | sum                 | srl  | 0       | 32, 2, 1         |
|   + getLocalImages_single              |              |            | 0    | 0    |        |                     |      |         |                  |
|     mask_table_U                       | rom_2p       |            |      |      |        | mask_table          | auto | 1       | 23, 32, 1        |
|     one_half_table_U                   | rom_2p       |            |      |      |        | one_half_table      | auto | 1       | 24, 32, 1        |
+----------------------------------------+--------------+------------+------+------+--------+---------------------+------+---------+------------------+


================================================================
== Pragma Report
================================================================
* Valid Pragma Syntax
+-----------------+-----------------------------------------------------------------------------------------------------------+-----------------------------------------------------------------+
| Type            | Options                                                                                                   | Location                                                        |
+-----------------+-----------------------------------------------------------------------------------------------------------+-----------------------------------------------------------------+
| array_partition | variable=curr_fullImage dim=2 type=complete                                                               | ../image_analysis.cpp:72 in image_extract, curr_fullImage       |
| array_partition | variable=curr_localImage dim=2 type=complete                                                              | ../image_analysis.cpp:73 in image_extract, curr_localImage      |
| dependence      | variable=imageProjs_local type=inter false                                                                | ../image_analysis.cpp:82 in image_extract, imageProjs_local     |
| dependence      | variable=fullImage type=inter false                                                                       | ../image_analysis.cpp:83 in image_extract, fullImage            |
| unroll          |                                                                                                           | ../image_analysis.cpp:85 in image_extract                       |
| unroll          |                                                                                                           | ../image_analysis.cpp:109 in conv_kernel                        |
| unroll          |                                                                                                           | ../image_analysis.cpp:125 in vector_sum                         |
| unroll          |                                                                                                           | ../image_analysis.cpp:131 in vector_sum                         |
| unroll          |                                                                                                           | ../image_analysis.cpp:136 in vector_sum                         |
| unroll          |                                                                                                           | ../image_analysis.cpp:141 in vector_sum                         |
| unroll          |                                                                                                           | ../image_analysis.cpp:152 in vector_sum_prod                    |
| array_partition | variable=mat dim=1 type=complete                                                                          | ../image_analysis.cpp:184 in matrix_sum_prod, mat               |
| array_partition | variable=mat1 dim=1 type=complete                                                                         | ../image_analysis.cpp:185 in matrix_sum_prod, mat1              |
| pipeline        | II=1                                                                                                      | ../image_analysis.cpp:192 in matrix_sum_prod                    |
| unroll          | factor=16                                                                                                 | ../image_analysis.cpp:193 in matrix_sum_prod                    |
| loop_tripcount  | max=31 min=31 avg=31                                                                                      | ../image_analysis.cpp:194 in matrix_sum_prod                    |
| pipeline        | II=1                                                                                                      | ../image_analysis.cpp:203 in post_process                       |
| interface       | port=return mode=s_axilite bundle=control                                                                 | ../image_analysis.cpp:217 in reconstruct, return                |
| interface       | port=atomLocationsSize mode=s_axilite bundle=scalar_data                                                  | ../image_analysis.cpp:219 in reconstruct, atomLocationsSize     |
| interface       | port=projShape0 mode=s_axilite bundle=scalar_data                                                         | ../image_analysis.cpp:220 in reconstruct, projShape0            |
| interface       | port=projShape1 mode=s_axilite bundle=scalar_data                                                         | ../image_analysis.cpp:221 in reconstruct, projShape1            |
| interface       | port=atomLocations mode=m_axi bundle=atomLocations depth=1024                                             | ../image_analysis.cpp:223 in reconstruct, atomLocations         |
| interface       | port=psfSupersample mode=s_axilite bundle=scalar_data                                                     | ../image_analysis.cpp:225 in reconstruct, psfSupersample        |
| interface       | port=imageProjectionSize mode=s_axilite bundle=scalar_data                                                | ../image_analysis.cpp:226 in reconstruct, imageProjectionSize   |
| interface       | port=imageProjs_local mode=m_axi bundle=imageProjs_local                                                  | ../image_analysis.cpp:228 in reconstruct, imageProjs_local      |
| interface       | port=imageProjs mode=m_axi bundle=imageProjs                                                              | ../image_analysis.cpp:229 in reconstruct, imageProjs            |
| interface       | port=imageProjs_local_size mode=m_axi bundle=imageProjs_local_size                                        | ../image_analysis.cpp:230 in reconstruct, imageProjs_local_size |
| interface       | port=fullImage mode=m_axi bundle=fullImage depth=256*256 num_read_outstanding=64 max_read_burst_length=64 | ../image_analysis.cpp:232 in reconstruct, fullImage             |
| cache           | port=fullImage lines=64 depth=64                                                                          | ../image_analysis.cpp:233 in reconstruct, fullImage             |
| interface       | port=fullImage_rows mode=s_axilite bundle=scalar_data                                                     | ../image_analysis.cpp:235 in reconstruct, fullImage_rows        |
| interface       | port=fullImage_cols mode=s_axilite bundle=scalar_data                                                     | ../image_analysis.cpp:236 in reconstruct, fullImage_cols        |
| interface       | port=emissions mode=m_axi bundle=emissions depth=1024                                                     | ../image_analysis.cpp:238 in reconstruct, emissions             |
| dataflow        |                                                                                                           | ../image_analysis.cpp:242 in reconstruct                        |
| loop_tripcount  | max=1024 min=1024 avg=1024                                                                                | ../image_analysis.cpp:244 in reconstruct                        |
| array_partition | variable=curr_fullImage type=complete                                                                     | ../image_analysis.cpp:255 in reconstruct, curr_fullImage        |
| array_partition | variable=curr_localImage type=complete                                                                    | ../image_analysis.cpp:256 in reconstruct, curr_localImage       |
+-----------------+-----------------------------------------------------------------------------------------------------------+-----------------------------------------------------------------+

* Inferred Pragmas
+-------------------------------------+-----------------+----------------------------------------+----------------------------------------------------------------+
| Source                              | Inferred Pragma | Options                                | Location                                                       |
+-------------------------------------+-----------------+----------------------------------------+----------------------------------------------------------------+
| pipeline  ../image_analysis.cpp:192 | array_partition | dim=1 type=complete  variable=sum_val  | variable sum_val in matrix_sum_prod ../image_analysis.cpp:187  |
| pipeline  ../image_analysis.cpp:192 | array_partition | dim=1 type=complete  variable=prod_val | variable prod_val in matrix_sum_prod ../image_analysis.cpp:188 |
+-------------------------------------+-----------------+----------------------------------------+----------------------------------------------------------------+


