

================================================================
== Vitis HLS Report for 'Image_extract'
================================================================
* Date:           Sat Jul 26 18:43:50 2025

* Version:        2024.2 (Build 5238294 on Nov  8 2024)
* Project:        reconstruct
* Solution:       hls (Vivado IP Flow Target)
* Product family: zynquplusRFSOC
* Target device:  xczu49dr-ffvf1760-2-e


================================================================
== Performance Estimates
================================================================
+ Timing: 
    * Summary: 
    +--------+----------+----------+------------+
    |  Clock |  Target  | Estimated| Uncertainty|
    +--------+----------+----------+------------+
    |ap_clk  |  10.00 ns|  7.300 ns|     2.70 ns|
    +--------+----------+----------+------------+

+ Latency: 
    * Summary: 
    +---------+---------+----------+----------+-----+-----+---------+
    |  Latency (cycles) |  Latency (absolute) |  Interval | Pipeline|
    |   min   |   max   |    min   |    max   | min | max |   Type  |
    +---------+---------+----------+----------+-----+-----+---------+
    |      980|      980|  9.800 us|  9.800 us|  980|  980|       no|
    +---------+---------+----------+----------+-----+-----+---------+

    + Detail: 
        * Instance: 
        +----------------------------------------------------+----------------------------------------+---------+---------+----------+----------+-----+-----+------------------------------------------------+
        |                                                    |                                        |  Latency (cycles) |  Latency (absolute) |  Interval |                    Pipeline                    |
        |                      Instance                      |                 Module                 |   min   |   max   |    min   |    max   | min | max |                      Type                      |
        +----------------------------------------------------+----------------------------------------+---------+---------+----------+----------+-----+-----+------------------------------------------------+
        |grp_Image_extract_Pipeline_VITIS_LOOP_81_1_fu_7811  |Image_extract_Pipeline_VITIS_LOOP_81_1  |      969|      969|  9.690 us|  9.690 us|  961|  961|  loop auto-rewind stp (delay=0 clock cycles(s))|
        +----------------------------------------------------+----------------------------------------+---------+---------+----------+----------+-----+-----+------------------------------------------------+

        * Loop: 
        N/A



================================================================
== Utilization Estimates
================================================================
* Summary: 
+-----------------+---------+------+--------+--------+-----+
|       Name      | BRAM_18K|  DSP |   FF   |   LUT  | URAM|
+-----------------+---------+------+--------+--------+-----+
|DSP              |        -|     -|       -|       -|    -|
|Expression       |        -|     -|       0|       6|    -|
|FIFO             |        -|     -|       -|       -|    -|
|Instance         |        -|     -|   64799|    4094|    -|
|Memory           |        -|     -|       -|       -|    -|
|Multiplexer      |        -|     -|       0|     260|    -|
|Register         |        -|     -|     290|       -|    -|
+-----------------+---------+------+--------+--------+-----+
|Total            |        0|     0|   65089|    4360|    0|
+-----------------+---------+------+--------+--------+-----+
|Available        |     2160|  4272|  850560|  425280|   80|
+-----------------+---------+------+--------+--------+-----+
|Utilization (%)  |        0|     0|       7|       1|    0|
+-----------------+---------+------+--------+--------+-----+

+ Detail: 
    * Instance: 
    +----------------------------------------------------+----------------------------------------+---------+----+-------+------+-----+
    |                      Instance                      |                 Module                 | BRAM_18K| DSP|   FF  |  LUT | URAM|
    +----------------------------------------------------+----------------------------------------+---------+----+-------+------+-----+
    |grp_Image_extract_Pipeline_VITIS_LOOP_81_1_fu_7811  |Image_extract_Pipeline_VITIS_LOOP_81_1  |        0|   0|  64799|  4094|    0|
    +----------------------------------------------------+----------------------------------------+---------+----+-------+------+-----+
    |Total                                               |                                        |        0|   0|  64799|  4094|    0|
    +----------------------------------------------------+----------------------------------------+---------+----+-------+------+-----+

    * DSP: 
    N/A

    * Memory: 
    N/A

    * FIFO: 
    N/A

    * Expression: 
    +--------------------+----------+----+---+----+------------+------------+
    |    Variable Name   | Operation| DSP| FF| LUT| Bitwidth P0| Bitwidth P1|
    +--------------------+----------+----+---+----+------------+------------+
    |ap_block_state1     |        or|   0|  0|   2|           1|           1|
    |ap_block_state1_io  |        or|   0|  0|   2|           1|           1|
    |ap_block_state9     |        or|   0|  0|   2|           1|           1|
    +--------------------+----------+----+---+----+------------+------------+
    |Total               |          |   0|  0|   6|           3|           3|
    +--------------------+----------+----+---+----+------------+------------+

    * Multiplexer: 
    +-----------------------------------+----+-----------+-----+-----------+
    |                Name               | LUT| Input Size| Bits| Total Bits|
    +-----------------------------------+----+-----------+-----+-----------+
    |ap_NS_fsm                          |  65|         13|    1|         13|
    |ap_done                            |   9|          2|    1|          2|
    |imageProjs_blk_n_AR                |   9|          2|    1|          2|
    |imageProjs_blk_n_R                 |   9|          2|    1|          2|
    |imageProjs_local_blk_n_AR          |   9|          2|    1|          2|
    |localImages_blk_n                  |   9|          2|    1|          2|
    |m_axi_fullImage_0_ARVALID          |   9|          2|    1|          2|
    |m_axi_fullImage_0_RREADY           |   9|          2|    1|          2|
    |m_axi_imageProjs_local_0_ARADDR    |  14|          3|   64|        192|
    |m_axi_imageProjs_local_0_ARBURST   |   9|          2|    2|          4|
    |m_axi_imageProjs_local_0_ARCACHE   |   9|          2|    4|          8|
    |m_axi_imageProjs_local_0_ARID      |   9|          2|    1|          2|
    |m_axi_imageProjs_local_0_ARLEN     |  14|          3|   32|         96|
    |m_axi_imageProjs_local_0_ARLOCK    |   9|          2|    2|          4|
    |m_axi_imageProjs_local_0_ARPROT    |   9|          2|    3|          6|
    |m_axi_imageProjs_local_0_ARQOS     |   9|          2|    4|          8|
    |m_axi_imageProjs_local_0_ARREGION  |   9|          2|    4|          8|
    |m_axi_imageProjs_local_0_ARSIZE    |   9|          2|    3|          6|
    |m_axi_imageProjs_local_0_ARUSER    |   9|          2|    1|          2|
    |m_axi_imageProjs_local_0_ARVALID   |  14|          3|    1|          3|
    |m_axi_imageProjs_local_0_RREADY    |   9|          2|    1|          2|
    +-----------------------------------+----+-----------+-----+-----------+
    |Total                              | 260|         56|  130|        368|
    +-----------------------------------+----+-----------+-----+-----------+

    * Register: 
    +-----------------------------------------------------------------+----+----+-----+-----------+
    |                               Name                              | FF | LUT| Bits| Const Bits|
    +-----------------------------------------------------------------+----+----+-----+-----------+
    |ap_CS_fsm                                                        |  12|   0|   12|          0|
    |ap_done_reg                                                      |   1|   0|    1|          0|
    |curr_info_X_min_reg_38680                                        |  32|   0|   32|          0|
    |fullImage2_read_reg_38690                                        |  64|   0|   64|          0|
    |grp_Image_extract_Pipeline_VITIS_LOOP_81_1_fu_7811_ap_start_reg  |   1|   0|    1|          0|
    |imageProjs_addr_read_reg_38675                                   |  32|   0|   32|          0|
    |lshr_ln74_1_cast_i_reg_38685                                     |  24|   0|   24|          0|
    |p_cast4_i_reg_38695                                              |  62|   0|   62|          0|
    |trunc_ln_reg_38665                                               |  62|   0|   62|          0|
    +-----------------------------------------------------------------+----+----+-----+-----------+
    |Total                                                            | 290|   0|  290|          0|
    +-----------------------------------------------------------------+----+----+-----+-----------+



================================================================
== Interface
================================================================
* Summary: 
+-----------------------------------+-----+-----+------------+-------------------+--------------+
|             RTL Ports             | Dir | Bits|  Protocol  |   Source Object   |    C Type    |
+-----------------------------------+-----+-----+------------+-------------------+--------------+
|ap_clk                             |   in|    1|  ap_ctrl_hs|      Image_extract|  return value|
|ap_rst                             |   in|    1|  ap_ctrl_hs|      Image_extract|  return value|
|ap_start                           |   in|    1|  ap_ctrl_hs|      Image_extract|  return value|
|ap_done                            |  out|    1|  ap_ctrl_hs|      Image_extract|  return value|
|ap_continue                        |   in|    1|  ap_ctrl_hs|      Image_extract|  return value|
|ap_idle                            |  out|    1|  ap_ctrl_hs|      Image_extract|  return value|
|ap_ready                           |  out|    1|  ap_ctrl_hs|      Image_extract|  return value|
|ap_return_0                        |  out|   32|  ap_ctrl_hs|      Image_extract|  return value|
|ap_return_1                        |  out|   32|  ap_ctrl_hs|      Image_extract|  return value|
|ap_return_2                        |  out|   32|  ap_ctrl_hs|      Image_extract|  return value|
|ap_return_3                        |  out|   32|  ap_ctrl_hs|      Image_extract|  return value|
|ap_return_4                        |  out|   32|  ap_ctrl_hs|      Image_extract|  return value|
|ap_return_5                        |  out|   32|  ap_ctrl_hs|      Image_extract|  return value|
|ap_return_6                        |  out|   32|  ap_ctrl_hs|      Image_extract|  return value|
|ap_return_7                        |  out|   32|  ap_ctrl_hs|      Image_extract|  return value|
|ap_return_8                        |  out|   32|  ap_ctrl_hs|      Image_extract|  return value|
|ap_return_9                        |  out|   32|  ap_ctrl_hs|      Image_extract|  return value|
|ap_return_10                       |  out|   32|  ap_ctrl_hs|      Image_extract|  return value|
|ap_return_11                       |  out|   32|  ap_ctrl_hs|      Image_extract|  return value|
|ap_return_12                       |  out|   32|  ap_ctrl_hs|      Image_extract|  return value|
|ap_return_13                       |  out|   32|  ap_ctrl_hs|      Image_extract|  return value|
|ap_return_14                       |  out|   32|  ap_ctrl_hs|      Image_extract|  return value|
|ap_return_15                       |  out|   32|  ap_ctrl_hs|      Image_extract|  return value|
|ap_return_16                       |  out|   32|  ap_ctrl_hs|      Image_extract|  return value|
|ap_return_17                       |  out|   32|  ap_ctrl_hs|      Image_extract|  return value|
|ap_return_18                       |  out|   32|  ap_ctrl_hs|      Image_extract|  return value|
|ap_return_19                       |  out|   32|  ap_ctrl_hs|      Image_extract|  return value|
|ap_return_20                       |  out|   32|  ap_ctrl_hs|      Image_extract|  return value|
|ap_return_21                       |  out|   32|  ap_ctrl_hs|      Image_extract|  return value|
|ap_return_22                       |  out|   32|  ap_ctrl_hs|      Image_extract|  return value|
|ap_return_23                       |  out|   32|  ap_ctrl_hs|      Image_extract|  return value|
|ap_return_24                       |  out|   32|  ap_ctrl_hs|      Image_extract|  return value|
|ap_return_25                       |  out|   32|  ap_ctrl_hs|      Image_extract|  return value|
|ap_return_26                       |  out|   32|  ap_ctrl_hs|      Image_extract|  return value|
|ap_return_27                       |  out|   32|  ap_ctrl_hs|      Image_extract|  return value|
|ap_return_28                       |  out|   32|  ap_ctrl_hs|      Image_extract|  return value|
|ap_return_29                       |  out|   32|  ap_ctrl_hs|      Image_extract|  return value|
|ap_return_30                       |  out|   32|  ap_ctrl_hs|      Image_extract|  return value|
|ap_return_31                       |  out|   32|  ap_ctrl_hs|      Image_extract|  return value|
|ap_return_32                       |  out|   32|  ap_ctrl_hs|      Image_extract|  return value|
|ap_return_33                       |  out|   32|  ap_ctrl_hs|      Image_extract|  return value|
|ap_return_34                       |  out|   32|  ap_ctrl_hs|      Image_extract|  return value|
|ap_return_35                       |  out|   32|  ap_ctrl_hs|      Image_extract|  return value|
|ap_return_36                       |  out|   32|  ap_ctrl_hs|      Image_extract|  return value|
|ap_return_37                       |  out|   32|  ap_ctrl_hs|      Image_extract|  return value|
|ap_return_38                       |  out|   32|  ap_ctrl_hs|      Image_extract|  return value|
|ap_return_39                       |  out|   32|  ap_ctrl_hs|      Image_extract|  return value|
|ap_return_40                       |  out|   32|  ap_ctrl_hs|      Image_extract|  return value|
|ap_return_41                       |  out|   32|  ap_ctrl_hs|      Image_extract|  return value|
|ap_return_42                       |  out|   32|  ap_ctrl_hs|      Image_extract|  return value|
|ap_return_43                       |  out|   32|  ap_ctrl_hs|      Image_extract|  return value|
|ap_return_44                       |  out|   32|  ap_ctrl_hs|      Image_extract|  return value|
|ap_return_45                       |  out|   32|  ap_ctrl_hs|      Image_extract|  return value|
|ap_return_46                       |  out|   32|  ap_ctrl_hs|      Image_extract|  return value|
|ap_return_47                       |  out|   32|  ap_ctrl_hs|      Image_extract|  return value|
|ap_return_48                       |  out|   32|  ap_ctrl_hs|      Image_extract|  return value|
|ap_return_49                       |  out|   32|  ap_ctrl_hs|      Image_extract|  return value|
|ap_return_50                       |  out|   32|  ap_ctrl_hs|      Image_extract|  return value|
|ap_return_51                       |  out|   32|  ap_ctrl_hs|      Image_extract|  return value|
|ap_return_52                       |  out|   32|  ap_ctrl_hs|      Image_extract|  return value|
|ap_return_53                       |  out|   32|  ap_ctrl_hs|      Image_extract|  return value|
|ap_return_54                       |  out|   32|  ap_ctrl_hs|      Image_extract|  return value|
|ap_return_55                       |  out|   32|  ap_ctrl_hs|      Image_extract|  return value|
|ap_return_56                       |  out|   32|  ap_ctrl_hs|      Image_extract|  return value|
|ap_return_57                       |  out|   32|  ap_ctrl_hs|      Image_extract|  return value|
|ap_return_58                       |  out|   32|  ap_ctrl_hs|      Image_extract|  return value|
|ap_return_59                       |  out|   32|  ap_ctrl_hs|      Image_extract|  return value|
|ap_return_60                       |  out|   32|  ap_ctrl_hs|      Image_extract|  return value|
|ap_return_61                       |  out|   32|  ap_ctrl_hs|      Image_extract|  return value|
|ap_return_62                       |  out|   32|  ap_ctrl_hs|      Image_extract|  return value|
|ap_return_63                       |  out|   32|  ap_ctrl_hs|      Image_extract|  return value|
|ap_return_64                       |  out|   32|  ap_ctrl_hs|      Image_extract|  return value|
|ap_return_65                       |  out|   32|  ap_ctrl_hs|      Image_extract|  return value|
|ap_return_66                       |  out|   32|  ap_ctrl_hs|      Image_extract|  return value|
|ap_return_67                       |  out|   32|  ap_ctrl_hs|      Image_extract|  return value|
|ap_return_68                       |  out|   32|  ap_ctrl_hs|      Image_extract|  return value|
|ap_return_69                       |  out|   32|  ap_ctrl_hs|      Image_extract|  return value|
|ap_return_70                       |  out|   32|  ap_ctrl_hs|      Image_extract|  return value|
|ap_return_71                       |  out|   32|  ap_ctrl_hs|      Image_extract|  return value|
|ap_return_72                       |  out|   32|  ap_ctrl_hs|      Image_extract|  return value|
|ap_return_73                       |  out|   32|  ap_ctrl_hs|      Image_extract|  return value|
|ap_return_74                       |  out|   32|  ap_ctrl_hs|      Image_extract|  return value|
|ap_return_75                       |  out|   32|  ap_ctrl_hs|      Image_extract|  return value|
|ap_return_76                       |  out|   32|  ap_ctrl_hs|      Image_extract|  return value|
|ap_return_77                       |  out|   32|  ap_ctrl_hs|      Image_extract|  return value|
|ap_return_78                       |  out|   32|  ap_ctrl_hs|      Image_extract|  return value|
|ap_return_79                       |  out|   32|  ap_ctrl_hs|      Image_extract|  return value|
|ap_return_80                       |  out|   32|  ap_ctrl_hs|      Image_extract|  return value|
|ap_return_81                       |  out|   32|  ap_ctrl_hs|      Image_extract|  return value|
|ap_return_82                       |  out|   32|  ap_ctrl_hs|      Image_extract|  return value|
|ap_return_83                       |  out|   32|  ap_ctrl_hs|      Image_extract|  return value|
|ap_return_84                       |  out|   32|  ap_ctrl_hs|      Image_extract|  return value|
|ap_return_85                       |  out|   32|  ap_ctrl_hs|      Image_extract|  return value|
|ap_return_86                       |  out|   32|  ap_ctrl_hs|      Image_extract|  return value|
|ap_return_87                       |  out|   32|  ap_ctrl_hs|      Image_extract|  return value|
|ap_return_88                       |  out|   32|  ap_ctrl_hs|      Image_extract|  return value|
|ap_return_89                       |  out|   32|  ap_ctrl_hs|      Image_extract|  return value|
|ap_return_90                       |  out|   32|  ap_ctrl_hs|      Image_extract|  return value|
|ap_return_91                       |  out|   32|  ap_ctrl_hs|      Image_extract|  return value|
|ap_return_92                       |  out|   32|  ap_ctrl_hs|      Image_extract|  return value|
|ap_return_93                       |  out|   32|  ap_ctrl_hs|      Image_extract|  return value|
|ap_return_94                       |  out|   32|  ap_ctrl_hs|      Image_extract|  return value|
|ap_return_95                       |  out|   32|  ap_ctrl_hs|      Image_extract|  return value|
|ap_return_96                       |  out|   32|  ap_ctrl_hs|      Image_extract|  return value|
|ap_return_97                       |  out|   32|  ap_ctrl_hs|      Image_extract|  return value|
|ap_return_98                       |  out|   32|  ap_ctrl_hs|      Image_extract|  return value|
|ap_return_99                       |  out|   32|  ap_ctrl_hs|      Image_extract|  return value|
|ap_return_100                      |  out|   32|  ap_ctrl_hs|      Image_extract|  return value|
|ap_return_101                      |  out|   32|  ap_ctrl_hs|      Image_extract|  return value|
|ap_return_102                      |  out|   32|  ap_ctrl_hs|      Image_extract|  return value|
|ap_return_103                      |  out|   32|  ap_ctrl_hs|      Image_extract|  return value|
|ap_return_104                      |  out|   32|  ap_ctrl_hs|      Image_extract|  return value|
|ap_return_105                      |  out|   32|  ap_ctrl_hs|      Image_extract|  return value|
|ap_return_106                      |  out|   32|  ap_ctrl_hs|      Image_extract|  return value|
|ap_return_107                      |  out|   32|  ap_ctrl_hs|      Image_extract|  return value|
|ap_return_108                      |  out|   32|  ap_ctrl_hs|      Image_extract|  return value|
|ap_return_109                      |  out|   32|  ap_ctrl_hs|      Image_extract|  return value|
|ap_return_110                      |  out|   32|  ap_ctrl_hs|      Image_extract|  return value|
|ap_return_111                      |  out|   32|  ap_ctrl_hs|      Image_extract|  return value|
|ap_return_112                      |  out|   32|  ap_ctrl_hs|      Image_extract|  return value|
|ap_return_113                      |  out|   32|  ap_ctrl_hs|      Image_extract|  return value|
|ap_return_114                      |  out|   32|  ap_ctrl_hs|      Image_extract|  return value|
|ap_return_115                      |  out|   32|  ap_ctrl_hs|      Image_extract|  return value|
|ap_return_116                      |  out|   32|  ap_ctrl_hs|      Image_extract|  return value|
|ap_return_117                      |  out|   32|  ap_ctrl_hs|      Image_extract|  return value|
|ap_return_118                      |  out|   32|  ap_ctrl_hs|      Image_extract|  return value|
|ap_return_119                      |  out|   32|  ap_ctrl_hs|      Image_extract|  return value|
|ap_return_120                      |  out|   32|  ap_ctrl_hs|      Image_extract|  return value|
|ap_return_121                      |  out|   32|  ap_ctrl_hs|      Image_extract|  return value|
|ap_return_122                      |  out|   32|  ap_ctrl_hs|      Image_extract|  return value|
|ap_return_123                      |  out|   32|  ap_ctrl_hs|      Image_extract|  return value|
|ap_return_124                      |  out|   32|  ap_ctrl_hs|      Image_extract|  return value|
|ap_return_125                      |  out|   32|  ap_ctrl_hs|      Image_extract|  return value|
|ap_return_126                      |  out|   32|  ap_ctrl_hs|      Image_extract|  return value|
|ap_return_127                      |  out|   32|  ap_ctrl_hs|      Image_extract|  return value|
|ap_return_128                      |  out|   32|  ap_ctrl_hs|      Image_extract|  return value|
|ap_return_129                      |  out|   32|  ap_ctrl_hs|      Image_extract|  return value|
|ap_return_130                      |  out|   32|  ap_ctrl_hs|      Image_extract|  return value|
|ap_return_131                      |  out|   32|  ap_ctrl_hs|      Image_extract|  return value|
|ap_return_132                      |  out|   32|  ap_ctrl_hs|      Image_extract|  return value|
|ap_return_133                      |  out|   32|  ap_ctrl_hs|      Image_extract|  return value|
|ap_return_134                      |  out|   32|  ap_ctrl_hs|      Image_extract|  return value|
|ap_return_135                      |  out|   32|  ap_ctrl_hs|      Image_extract|  return value|
|ap_return_136                      |  out|   32|  ap_ctrl_hs|      Image_extract|  return value|
|ap_return_137                      |  out|   32|  ap_ctrl_hs|      Image_extract|  return value|
|ap_return_138                      |  out|   32|  ap_ctrl_hs|      Image_extract|  return value|
|ap_return_139                      |  out|   32|  ap_ctrl_hs|      Image_extract|  return value|
|ap_return_140                      |  out|   32|  ap_ctrl_hs|      Image_extract|  return value|
|ap_return_141                      |  out|   32|  ap_ctrl_hs|      Image_extract|  return value|
|ap_return_142                      |  out|   32|  ap_ctrl_hs|      Image_extract|  return value|
|ap_return_143                      |  out|   32|  ap_ctrl_hs|      Image_extract|  return value|
|ap_return_144                      |  out|   32|  ap_ctrl_hs|      Image_extract|  return value|
|ap_return_145                      |  out|   32|  ap_ctrl_hs|      Image_extract|  return value|
|ap_return_146                      |  out|   32|  ap_ctrl_hs|      Image_extract|  return value|
|ap_return_147                      |  out|   32|  ap_ctrl_hs|      Image_extract|  return value|
|ap_return_148                      |  out|   32|  ap_ctrl_hs|      Image_extract|  return value|
|ap_return_149                      |  out|   32|  ap_ctrl_hs|      Image_extract|  return value|
|ap_return_150                      |  out|   32|  ap_ctrl_hs|      Image_extract|  return value|
|ap_return_151                      |  out|   32|  ap_ctrl_hs|      Image_extract|  return value|
|ap_return_152                      |  out|   32|  ap_ctrl_hs|      Image_extract|  return value|
|ap_return_153                      |  out|   32|  ap_ctrl_hs|      Image_extract|  return value|
|ap_return_154                      |  out|   32|  ap_ctrl_hs|      Image_extract|  return value|
|ap_return_155                      |  out|   32|  ap_ctrl_hs|      Image_extract|  return value|
|ap_return_156                      |  out|   32|  ap_ctrl_hs|      Image_extract|  return value|
|ap_return_157                      |  out|   32|  ap_ctrl_hs|      Image_extract|  return value|
|ap_return_158                      |  out|   32|  ap_ctrl_hs|      Image_extract|  return value|
|ap_return_159                      |  out|   32|  ap_ctrl_hs|      Image_extract|  return value|
|ap_return_160                      |  out|   32|  ap_ctrl_hs|      Image_extract|  return value|
|ap_return_161                      |  out|   32|  ap_ctrl_hs|      Image_extract|  return value|
|ap_return_162                      |  out|   32|  ap_ctrl_hs|      Image_extract|  return value|
|ap_return_163                      |  out|   32|  ap_ctrl_hs|      Image_extract|  return value|
|ap_return_164                      |  out|   32|  ap_ctrl_hs|      Image_extract|  return value|
|ap_return_165                      |  out|   32|  ap_ctrl_hs|      Image_extract|  return value|
|ap_return_166                      |  out|   32|  ap_ctrl_hs|      Image_extract|  return value|
|ap_return_167                      |  out|   32|  ap_ctrl_hs|      Image_extract|  return value|
|ap_return_168                      |  out|   32|  ap_ctrl_hs|      Image_extract|  return value|
|ap_return_169                      |  out|   32|  ap_ctrl_hs|      Image_extract|  return value|
|ap_return_170                      |  out|   32|  ap_ctrl_hs|      Image_extract|  return value|
|ap_return_171                      |  out|   32|  ap_ctrl_hs|      Image_extract|  return value|
|ap_return_172                      |  out|   32|  ap_ctrl_hs|      Image_extract|  return value|
|ap_return_173                      |  out|   32|  ap_ctrl_hs|      Image_extract|  return value|
|ap_return_174                      |  out|   32|  ap_ctrl_hs|      Image_extract|  return value|
|ap_return_175                      |  out|   32|  ap_ctrl_hs|      Image_extract|  return value|
|ap_return_176                      |  out|   32|  ap_ctrl_hs|      Image_extract|  return value|
|ap_return_177                      |  out|   32|  ap_ctrl_hs|      Image_extract|  return value|
|ap_return_178                      |  out|   32|  ap_ctrl_hs|      Image_extract|  return value|
|ap_return_179                      |  out|   32|  ap_ctrl_hs|      Image_extract|  return value|
|ap_return_180                      |  out|   32|  ap_ctrl_hs|      Image_extract|  return value|
|ap_return_181                      |  out|   32|  ap_ctrl_hs|      Image_extract|  return value|
|ap_return_182                      |  out|   32|  ap_ctrl_hs|      Image_extract|  return value|
|ap_return_183                      |  out|   32|  ap_ctrl_hs|      Image_extract|  return value|
|ap_return_184                      |  out|   32|  ap_ctrl_hs|      Image_extract|  return value|
|ap_return_185                      |  out|   32|  ap_ctrl_hs|      Image_extract|  return value|
|ap_return_186                      |  out|   32|  ap_ctrl_hs|      Image_extract|  return value|
|ap_return_187                      |  out|   32|  ap_ctrl_hs|      Image_extract|  return value|
|ap_return_188                      |  out|   32|  ap_ctrl_hs|      Image_extract|  return value|
|ap_return_189                      |  out|   32|  ap_ctrl_hs|      Image_extract|  return value|
|ap_return_190                      |  out|   32|  ap_ctrl_hs|      Image_extract|  return value|
|ap_return_191                      |  out|   32|  ap_ctrl_hs|      Image_extract|  return value|
|ap_return_192                      |  out|   32|  ap_ctrl_hs|      Image_extract|  return value|
|ap_return_193                      |  out|   32|  ap_ctrl_hs|      Image_extract|  return value|
|ap_return_194                      |  out|   32|  ap_ctrl_hs|      Image_extract|  return value|
|ap_return_195                      |  out|   32|  ap_ctrl_hs|      Image_extract|  return value|
|ap_return_196                      |  out|   32|  ap_ctrl_hs|      Image_extract|  return value|
|ap_return_197                      |  out|   32|  ap_ctrl_hs|      Image_extract|  return value|
|ap_return_198                      |  out|   32|  ap_ctrl_hs|      Image_extract|  return value|
|ap_return_199                      |  out|   32|  ap_ctrl_hs|      Image_extract|  return value|
|ap_return_200                      |  out|   32|  ap_ctrl_hs|      Image_extract|  return value|
|ap_return_201                      |  out|   32|  ap_ctrl_hs|      Image_extract|  return value|
|ap_return_202                      |  out|   32|  ap_ctrl_hs|      Image_extract|  return value|
|ap_return_203                      |  out|   32|  ap_ctrl_hs|      Image_extract|  return value|
|ap_return_204                      |  out|   32|  ap_ctrl_hs|      Image_extract|  return value|
|ap_return_205                      |  out|   32|  ap_ctrl_hs|      Image_extract|  return value|
|ap_return_206                      |  out|   32|  ap_ctrl_hs|      Image_extract|  return value|
|ap_return_207                      |  out|   32|  ap_ctrl_hs|      Image_extract|  return value|
|ap_return_208                      |  out|   32|  ap_ctrl_hs|      Image_extract|  return value|
|ap_return_209                      |  out|   32|  ap_ctrl_hs|      Image_extract|  return value|
|ap_return_210                      |  out|   32|  ap_ctrl_hs|      Image_extract|  return value|
|ap_return_211                      |  out|   32|  ap_ctrl_hs|      Image_extract|  return value|
|ap_return_212                      |  out|   32|  ap_ctrl_hs|      Image_extract|  return value|
|ap_return_213                      |  out|   32|  ap_ctrl_hs|      Image_extract|  return value|
|ap_return_214                      |  out|   32|  ap_ctrl_hs|      Image_extract|  return value|
|ap_return_215                      |  out|   32|  ap_ctrl_hs|      Image_extract|  return value|
|ap_return_216                      |  out|   32|  ap_ctrl_hs|      Image_extract|  return value|
|ap_return_217                      |  out|   32|  ap_ctrl_hs|      Image_extract|  return value|
|ap_return_218                      |  out|   32|  ap_ctrl_hs|      Image_extract|  return value|
|ap_return_219                      |  out|   32|  ap_ctrl_hs|      Image_extract|  return value|
|ap_return_220                      |  out|   32|  ap_ctrl_hs|      Image_extract|  return value|
|ap_return_221                      |  out|   32|  ap_ctrl_hs|      Image_extract|  return value|
|ap_return_222                      |  out|   32|  ap_ctrl_hs|      Image_extract|  return value|
|ap_return_223                      |  out|   32|  ap_ctrl_hs|      Image_extract|  return value|
|ap_return_224                      |  out|   32|  ap_ctrl_hs|      Image_extract|  return value|
|ap_return_225                      |  out|   32|  ap_ctrl_hs|      Image_extract|  return value|
|ap_return_226                      |  out|   32|  ap_ctrl_hs|      Image_extract|  return value|
|ap_return_227                      |  out|   32|  ap_ctrl_hs|      Image_extract|  return value|
|ap_return_228                      |  out|   32|  ap_ctrl_hs|      Image_extract|  return value|
|ap_return_229                      |  out|   32|  ap_ctrl_hs|      Image_extract|  return value|
|ap_return_230                      |  out|   32|  ap_ctrl_hs|      Image_extract|  return value|
|ap_return_231                      |  out|   32|  ap_ctrl_hs|      Image_extract|  return value|
|ap_return_232                      |  out|   32|  ap_ctrl_hs|      Image_extract|  return value|
|ap_return_233                      |  out|   32|  ap_ctrl_hs|      Image_extract|  return value|
|ap_return_234                      |  out|   32|  ap_ctrl_hs|      Image_extract|  return value|
|ap_return_235                      |  out|   32|  ap_ctrl_hs|      Image_extract|  return value|
|ap_return_236                      |  out|   32|  ap_ctrl_hs|      Image_extract|  return value|
|ap_return_237                      |  out|   32|  ap_ctrl_hs|      Image_extract|  return value|
|ap_return_238                      |  out|   32|  ap_ctrl_hs|      Image_extract|  return value|
|ap_return_239                      |  out|   32|  ap_ctrl_hs|      Image_extract|  return value|
|ap_return_240                      |  out|   32|  ap_ctrl_hs|      Image_extract|  return value|
|ap_return_241                      |  out|   32|  ap_ctrl_hs|      Image_extract|  return value|
|ap_return_242                      |  out|   32|  ap_ctrl_hs|      Image_extract|  return value|
|ap_return_243                      |  out|   32|  ap_ctrl_hs|      Image_extract|  return value|
|ap_return_244                      |  out|   32|  ap_ctrl_hs|      Image_extract|  return value|
|ap_return_245                      |  out|   32|  ap_ctrl_hs|      Image_extract|  return value|
|ap_return_246                      |  out|   32|  ap_ctrl_hs|      Image_extract|  return value|
|ap_return_247                      |  out|   32|  ap_ctrl_hs|      Image_extract|  return value|
|ap_return_248                      |  out|   32|  ap_ctrl_hs|      Image_extract|  return value|
|ap_return_249                      |  out|   32|  ap_ctrl_hs|      Image_extract|  return value|
|ap_return_250                      |  out|   32|  ap_ctrl_hs|      Image_extract|  return value|
|ap_return_251                      |  out|   32|  ap_ctrl_hs|      Image_extract|  return value|
|ap_return_252                      |  out|   32|  ap_ctrl_hs|      Image_extract|  return value|
|ap_return_253                      |  out|   32|  ap_ctrl_hs|      Image_extract|  return value|
|ap_return_254                      |  out|   32|  ap_ctrl_hs|      Image_extract|  return value|
|ap_return_255                      |  out|   32|  ap_ctrl_hs|      Image_extract|  return value|
|ap_return_256                      |  out|   32|  ap_ctrl_hs|      Image_extract|  return value|
|ap_return_257                      |  out|   32|  ap_ctrl_hs|      Image_extract|  return value|
|ap_return_258                      |  out|   32|  ap_ctrl_hs|      Image_extract|  return value|
|ap_return_259                      |  out|   32|  ap_ctrl_hs|      Image_extract|  return value|
|ap_return_260                      |  out|   32|  ap_ctrl_hs|      Image_extract|  return value|
|ap_return_261                      |  out|   32|  ap_ctrl_hs|      Image_extract|  return value|
|ap_return_262                      |  out|   32|  ap_ctrl_hs|      Image_extract|  return value|
|ap_return_263                      |  out|   32|  ap_ctrl_hs|      Image_extract|  return value|
|ap_return_264                      |  out|   32|  ap_ctrl_hs|      Image_extract|  return value|
|ap_return_265                      |  out|   32|  ap_ctrl_hs|      Image_extract|  return value|
|ap_return_266                      |  out|   32|  ap_ctrl_hs|      Image_extract|  return value|
|ap_return_267                      |  out|   32|  ap_ctrl_hs|      Image_extract|  return value|
|ap_return_268                      |  out|   32|  ap_ctrl_hs|      Image_extract|  return value|
|ap_return_269                      |  out|   32|  ap_ctrl_hs|      Image_extract|  return value|
|ap_return_270                      |  out|   32|  ap_ctrl_hs|      Image_extract|  return value|
|ap_return_271                      |  out|   32|  ap_ctrl_hs|      Image_extract|  return value|
|ap_return_272                      |  out|   32|  ap_ctrl_hs|      Image_extract|  return value|
|ap_return_273                      |  out|   32|  ap_ctrl_hs|      Image_extract|  return value|
|ap_return_274                      |  out|   32|  ap_ctrl_hs|      Image_extract|  return value|
|ap_return_275                      |  out|   32|  ap_ctrl_hs|      Image_extract|  return value|
|ap_return_276                      |  out|   32|  ap_ctrl_hs|      Image_extract|  return value|
|ap_return_277                      |  out|   32|  ap_ctrl_hs|      Image_extract|  return value|
|ap_return_278                      |  out|   32|  ap_ctrl_hs|      Image_extract|  return value|
|ap_return_279                      |  out|   32|  ap_ctrl_hs|      Image_extract|  return value|
|ap_return_280                      |  out|   32|  ap_ctrl_hs|      Image_extract|  return value|
|ap_return_281                      |  out|   32|  ap_ctrl_hs|      Image_extract|  return value|
|ap_return_282                      |  out|   32|  ap_ctrl_hs|      Image_extract|  return value|
|ap_return_283                      |  out|   32|  ap_ctrl_hs|      Image_extract|  return value|
|ap_return_284                      |  out|   32|  ap_ctrl_hs|      Image_extract|  return value|
|ap_return_285                      |  out|   32|  ap_ctrl_hs|      Image_extract|  return value|
|ap_return_286                      |  out|   32|  ap_ctrl_hs|      Image_extract|  return value|
|ap_return_287                      |  out|   32|  ap_ctrl_hs|      Image_extract|  return value|
|ap_return_288                      |  out|   32|  ap_ctrl_hs|      Image_extract|  return value|
|ap_return_289                      |  out|   32|  ap_ctrl_hs|      Image_extract|  return value|
|ap_return_290                      |  out|   32|  ap_ctrl_hs|      Image_extract|  return value|
|ap_return_291                      |  out|   32|  ap_ctrl_hs|      Image_extract|  return value|
|ap_return_292                      |  out|   32|  ap_ctrl_hs|      Image_extract|  return value|
|ap_return_293                      |  out|   32|  ap_ctrl_hs|      Image_extract|  return value|
|ap_return_294                      |  out|   32|  ap_ctrl_hs|      Image_extract|  return value|
|ap_return_295                      |  out|   32|  ap_ctrl_hs|      Image_extract|  return value|
|ap_return_296                      |  out|   32|  ap_ctrl_hs|      Image_extract|  return value|
|ap_return_297                      |  out|   32|  ap_ctrl_hs|      Image_extract|  return value|
|ap_return_298                      |  out|   32|  ap_ctrl_hs|      Image_extract|  return value|
|ap_return_299                      |  out|   32|  ap_ctrl_hs|      Image_extract|  return value|
|ap_return_300                      |  out|   32|  ap_ctrl_hs|      Image_extract|  return value|
|ap_return_301                      |  out|   32|  ap_ctrl_hs|      Image_extract|  return value|
|ap_return_302                      |  out|   32|  ap_ctrl_hs|      Image_extract|  return value|
|ap_return_303                      |  out|   32|  ap_ctrl_hs|      Image_extract|  return value|
|ap_return_304                      |  out|   32|  ap_ctrl_hs|      Image_extract|  return value|
|ap_return_305                      |  out|   32|  ap_ctrl_hs|      Image_extract|  return value|
|ap_return_306                      |  out|   32|  ap_ctrl_hs|      Image_extract|  return value|
|ap_return_307                      |  out|   32|  ap_ctrl_hs|      Image_extract|  return value|
|ap_return_308                      |  out|   32|  ap_ctrl_hs|      Image_extract|  return value|
|ap_return_309                      |  out|   32|  ap_ctrl_hs|      Image_extract|  return value|
|ap_return_310                      |  out|   32|  ap_ctrl_hs|      Image_extract|  return value|
|ap_return_311                      |  out|   32|  ap_ctrl_hs|      Image_extract|  return value|
|ap_return_312                      |  out|   32|  ap_ctrl_hs|      Image_extract|  return value|
|ap_return_313                      |  out|   32|  ap_ctrl_hs|      Image_extract|  return value|
|ap_return_314                      |  out|   32|  ap_ctrl_hs|      Image_extract|  return value|
|ap_return_315                      |  out|   32|  ap_ctrl_hs|      Image_extract|  return value|
|ap_return_316                      |  out|   32|  ap_ctrl_hs|      Image_extract|  return value|
|ap_return_317                      |  out|   32|  ap_ctrl_hs|      Image_extract|  return value|
|ap_return_318                      |  out|   32|  ap_ctrl_hs|      Image_extract|  return value|
|ap_return_319                      |  out|   32|  ap_ctrl_hs|      Image_extract|  return value|
|ap_return_320                      |  out|   32|  ap_ctrl_hs|      Image_extract|  return value|
|ap_return_321                      |  out|   32|  ap_ctrl_hs|      Image_extract|  return value|
|ap_return_322                      |  out|   32|  ap_ctrl_hs|      Image_extract|  return value|
|ap_return_323                      |  out|   32|  ap_ctrl_hs|      Image_extract|  return value|
|ap_return_324                      |  out|   32|  ap_ctrl_hs|      Image_extract|  return value|
|ap_return_325                      |  out|   32|  ap_ctrl_hs|      Image_extract|  return value|
|ap_return_326                      |  out|   32|  ap_ctrl_hs|      Image_extract|  return value|
|ap_return_327                      |  out|   32|  ap_ctrl_hs|      Image_extract|  return value|
|ap_return_328                      |  out|   32|  ap_ctrl_hs|      Image_extract|  return value|
|ap_return_329                      |  out|   32|  ap_ctrl_hs|      Image_extract|  return value|
|ap_return_330                      |  out|   32|  ap_ctrl_hs|      Image_extract|  return value|
|ap_return_331                      |  out|   32|  ap_ctrl_hs|      Image_extract|  return value|
|ap_return_332                      |  out|   32|  ap_ctrl_hs|      Image_extract|  return value|
|ap_return_333                      |  out|   32|  ap_ctrl_hs|      Image_extract|  return value|
|ap_return_334                      |  out|   32|  ap_ctrl_hs|      Image_extract|  return value|
|ap_return_335                      |  out|   32|  ap_ctrl_hs|      Image_extract|  return value|
|ap_return_336                      |  out|   32|  ap_ctrl_hs|      Image_extract|  return value|
|ap_return_337                      |  out|   32|  ap_ctrl_hs|      Image_extract|  return value|
|ap_return_338                      |  out|   32|  ap_ctrl_hs|      Image_extract|  return value|
|ap_return_339                      |  out|   32|  ap_ctrl_hs|      Image_extract|  return value|
|ap_return_340                      |  out|   32|  ap_ctrl_hs|      Image_extract|  return value|
|ap_return_341                      |  out|   32|  ap_ctrl_hs|      Image_extract|  return value|
|ap_return_342                      |  out|   32|  ap_ctrl_hs|      Image_extract|  return value|
|ap_return_343                      |  out|   32|  ap_ctrl_hs|      Image_extract|  return value|
|ap_return_344                      |  out|   32|  ap_ctrl_hs|      Image_extract|  return value|
|ap_return_345                      |  out|   32|  ap_ctrl_hs|      Image_extract|  return value|
|ap_return_346                      |  out|   32|  ap_ctrl_hs|      Image_extract|  return value|
|ap_return_347                      |  out|   32|  ap_ctrl_hs|      Image_extract|  return value|
|ap_return_348                      |  out|   32|  ap_ctrl_hs|      Image_extract|  return value|
|ap_return_349                      |  out|   32|  ap_ctrl_hs|      Image_extract|  return value|
|ap_return_350                      |  out|   32|  ap_ctrl_hs|      Image_extract|  return value|
|ap_return_351                      |  out|   32|  ap_ctrl_hs|      Image_extract|  return value|
|ap_return_352                      |  out|   32|  ap_ctrl_hs|      Image_extract|  return value|
|ap_return_353                      |  out|   32|  ap_ctrl_hs|      Image_extract|  return value|
|ap_return_354                      |  out|   32|  ap_ctrl_hs|      Image_extract|  return value|
|ap_return_355                      |  out|   32|  ap_ctrl_hs|      Image_extract|  return value|
|ap_return_356                      |  out|   32|  ap_ctrl_hs|      Image_extract|  return value|
|ap_return_357                      |  out|   32|  ap_ctrl_hs|      Image_extract|  return value|
|ap_return_358                      |  out|   32|  ap_ctrl_hs|      Image_extract|  return value|
|ap_return_359                      |  out|   32|  ap_ctrl_hs|      Image_extract|  return value|
|ap_return_360                      |  out|   32|  ap_ctrl_hs|      Image_extract|  return value|
|ap_return_361                      |  out|   32|  ap_ctrl_hs|      Image_extract|  return value|
|ap_return_362                      |  out|   32|  ap_ctrl_hs|      Image_extract|  return value|
|ap_return_363                      |  out|   32|  ap_ctrl_hs|      Image_extract|  return value|
|ap_return_364                      |  out|   32|  ap_ctrl_hs|      Image_extract|  return value|
|ap_return_365                      |  out|   32|  ap_ctrl_hs|      Image_extract|  return value|
|ap_return_366                      |  out|   32|  ap_ctrl_hs|      Image_extract|  return value|
|ap_return_367                      |  out|   32|  ap_ctrl_hs|      Image_extract|  return value|
|ap_return_368                      |  out|   32|  ap_ctrl_hs|      Image_extract|  return value|
|ap_return_369                      |  out|   32|  ap_ctrl_hs|      Image_extract|  return value|
|ap_return_370                      |  out|   32|  ap_ctrl_hs|      Image_extract|  return value|
|ap_return_371                      |  out|   32|  ap_ctrl_hs|      Image_extract|  return value|
|ap_return_372                      |  out|   32|  ap_ctrl_hs|      Image_extract|  return value|
|ap_return_373                      |  out|   32|  ap_ctrl_hs|      Image_extract|  return value|
|ap_return_374                      |  out|   32|  ap_ctrl_hs|      Image_extract|  return value|
|ap_return_375                      |  out|   32|  ap_ctrl_hs|      Image_extract|  return value|
|ap_return_376                      |  out|   32|  ap_ctrl_hs|      Image_extract|  return value|
|ap_return_377                      |  out|   32|  ap_ctrl_hs|      Image_extract|  return value|
|ap_return_378                      |  out|   32|  ap_ctrl_hs|      Image_extract|  return value|
|ap_return_379                      |  out|   32|  ap_ctrl_hs|      Image_extract|  return value|
|ap_return_380                      |  out|   32|  ap_ctrl_hs|      Image_extract|  return value|
|ap_return_381                      |  out|   32|  ap_ctrl_hs|      Image_extract|  return value|
|ap_return_382                      |  out|   32|  ap_ctrl_hs|      Image_extract|  return value|
|ap_return_383                      |  out|   32|  ap_ctrl_hs|      Image_extract|  return value|
|ap_return_384                      |  out|   32|  ap_ctrl_hs|      Image_extract|  return value|
|ap_return_385                      |  out|   32|  ap_ctrl_hs|      Image_extract|  return value|
|ap_return_386                      |  out|   32|  ap_ctrl_hs|      Image_extract|  return value|
|ap_return_387                      |  out|   32|  ap_ctrl_hs|      Image_extract|  return value|
|ap_return_388                      |  out|   32|  ap_ctrl_hs|      Image_extract|  return value|
|ap_return_389                      |  out|   32|  ap_ctrl_hs|      Image_extract|  return value|
|ap_return_390                      |  out|   32|  ap_ctrl_hs|      Image_extract|  return value|
|ap_return_391                      |  out|   32|  ap_ctrl_hs|      Image_extract|  return value|
|ap_return_392                      |  out|   32|  ap_ctrl_hs|      Image_extract|  return value|
|ap_return_393                      |  out|   32|  ap_ctrl_hs|      Image_extract|  return value|
|ap_return_394                      |  out|   32|  ap_ctrl_hs|      Image_extract|  return value|
|ap_return_395                      |  out|   32|  ap_ctrl_hs|      Image_extract|  return value|
|ap_return_396                      |  out|   32|  ap_ctrl_hs|      Image_extract|  return value|
|ap_return_397                      |  out|   32|  ap_ctrl_hs|      Image_extract|  return value|
|ap_return_398                      |  out|   32|  ap_ctrl_hs|      Image_extract|  return value|
|ap_return_399                      |  out|   32|  ap_ctrl_hs|      Image_extract|  return value|
|ap_return_400                      |  out|   32|  ap_ctrl_hs|      Image_extract|  return value|
|ap_return_401                      |  out|   32|  ap_ctrl_hs|      Image_extract|  return value|
|ap_return_402                      |  out|   32|  ap_ctrl_hs|      Image_extract|  return value|
|ap_return_403                      |  out|   32|  ap_ctrl_hs|      Image_extract|  return value|
|ap_return_404                      |  out|   32|  ap_ctrl_hs|      Image_extract|  return value|
|ap_return_405                      |  out|   32|  ap_ctrl_hs|      Image_extract|  return value|
|ap_return_406                      |  out|   32|  ap_ctrl_hs|      Image_extract|  return value|
|ap_return_407                      |  out|   32|  ap_ctrl_hs|      Image_extract|  return value|
|ap_return_408                      |  out|   32|  ap_ctrl_hs|      Image_extract|  return value|
|ap_return_409                      |  out|   32|  ap_ctrl_hs|      Image_extract|  return value|
|ap_return_410                      |  out|   32|  ap_ctrl_hs|      Image_extract|  return value|
|ap_return_411                      |  out|   32|  ap_ctrl_hs|      Image_extract|  return value|
|ap_return_412                      |  out|   32|  ap_ctrl_hs|      Image_extract|  return value|
|ap_return_413                      |  out|   32|  ap_ctrl_hs|      Image_extract|  return value|
|ap_return_414                      |  out|   32|  ap_ctrl_hs|      Image_extract|  return value|
|ap_return_415                      |  out|   32|  ap_ctrl_hs|      Image_extract|  return value|
|ap_return_416                      |  out|   32|  ap_ctrl_hs|      Image_extract|  return value|
|ap_return_417                      |  out|   32|  ap_ctrl_hs|      Image_extract|  return value|
|ap_return_418                      |  out|   32|  ap_ctrl_hs|      Image_extract|  return value|
|ap_return_419                      |  out|   32|  ap_ctrl_hs|      Image_extract|  return value|
|ap_return_420                      |  out|   32|  ap_ctrl_hs|      Image_extract|  return value|
|ap_return_421                      |  out|   32|  ap_ctrl_hs|      Image_extract|  return value|
|ap_return_422                      |  out|   32|  ap_ctrl_hs|      Image_extract|  return value|
|ap_return_423                      |  out|   32|  ap_ctrl_hs|      Image_extract|  return value|
|ap_return_424                      |  out|   32|  ap_ctrl_hs|      Image_extract|  return value|
|ap_return_425                      |  out|   32|  ap_ctrl_hs|      Image_extract|  return value|
|ap_return_426                      |  out|   32|  ap_ctrl_hs|      Image_extract|  return value|
|ap_return_427                      |  out|   32|  ap_ctrl_hs|      Image_extract|  return value|
|ap_return_428                      |  out|   32|  ap_ctrl_hs|      Image_extract|  return value|
|ap_return_429                      |  out|   32|  ap_ctrl_hs|      Image_extract|  return value|
|ap_return_430                      |  out|   32|  ap_ctrl_hs|      Image_extract|  return value|
|ap_return_431                      |  out|   32|  ap_ctrl_hs|      Image_extract|  return value|
|ap_return_432                      |  out|   32|  ap_ctrl_hs|      Image_extract|  return value|
|ap_return_433                      |  out|   32|  ap_ctrl_hs|      Image_extract|  return value|
|ap_return_434                      |  out|   32|  ap_ctrl_hs|      Image_extract|  return value|
|ap_return_435                      |  out|   32|  ap_ctrl_hs|      Image_extract|  return value|
|ap_return_436                      |  out|   32|  ap_ctrl_hs|      Image_extract|  return value|
|ap_return_437                      |  out|   32|  ap_ctrl_hs|      Image_extract|  return value|
|ap_return_438                      |  out|   32|  ap_ctrl_hs|      Image_extract|  return value|
|ap_return_439                      |  out|   32|  ap_ctrl_hs|      Image_extract|  return value|
|ap_return_440                      |  out|   32|  ap_ctrl_hs|      Image_extract|  return value|
|ap_return_441                      |  out|   32|  ap_ctrl_hs|      Image_extract|  return value|
|ap_return_442                      |  out|   32|  ap_ctrl_hs|      Image_extract|  return value|
|ap_return_443                      |  out|   32|  ap_ctrl_hs|      Image_extract|  return value|
|ap_return_444                      |  out|   32|  ap_ctrl_hs|      Image_extract|  return value|
|ap_return_445                      |  out|   32|  ap_ctrl_hs|      Image_extract|  return value|
|ap_return_446                      |  out|   32|  ap_ctrl_hs|      Image_extract|  return value|
|ap_return_447                      |  out|   32|  ap_ctrl_hs|      Image_extract|  return value|
|ap_return_448                      |  out|   32|  ap_ctrl_hs|      Image_extract|  return value|
|ap_return_449                      |  out|   32|  ap_ctrl_hs|      Image_extract|  return value|
|ap_return_450                      |  out|   32|  ap_ctrl_hs|      Image_extract|  return value|
|ap_return_451                      |  out|   32|  ap_ctrl_hs|      Image_extract|  return value|
|ap_return_452                      |  out|   32|  ap_ctrl_hs|      Image_extract|  return value|
|ap_return_453                      |  out|   32|  ap_ctrl_hs|      Image_extract|  return value|
|ap_return_454                      |  out|   32|  ap_ctrl_hs|      Image_extract|  return value|
|ap_return_455                      |  out|   32|  ap_ctrl_hs|      Image_extract|  return value|
|ap_return_456                      |  out|   32|  ap_ctrl_hs|      Image_extract|  return value|
|ap_return_457                      |  out|   32|  ap_ctrl_hs|      Image_extract|  return value|
|ap_return_458                      |  out|   32|  ap_ctrl_hs|      Image_extract|  return value|
|ap_return_459                      |  out|   32|  ap_ctrl_hs|      Image_extract|  return value|
|ap_return_460                      |  out|   32|  ap_ctrl_hs|      Image_extract|  return value|
|ap_return_461                      |  out|   32|  ap_ctrl_hs|      Image_extract|  return value|
|ap_return_462                      |  out|   32|  ap_ctrl_hs|      Image_extract|  return value|
|ap_return_463                      |  out|   32|  ap_ctrl_hs|      Image_extract|  return value|
|ap_return_464                      |  out|   32|  ap_ctrl_hs|      Image_extract|  return value|
|ap_return_465                      |  out|   32|  ap_ctrl_hs|      Image_extract|  return value|
|ap_return_466                      |  out|   32|  ap_ctrl_hs|      Image_extract|  return value|
|ap_return_467                      |  out|   32|  ap_ctrl_hs|      Image_extract|  return value|
|ap_return_468                      |  out|   32|  ap_ctrl_hs|      Image_extract|  return value|
|ap_return_469                      |  out|   32|  ap_ctrl_hs|      Image_extract|  return value|
|ap_return_470                      |  out|   32|  ap_ctrl_hs|      Image_extract|  return value|
|ap_return_471                      |  out|   32|  ap_ctrl_hs|      Image_extract|  return value|
|ap_return_472                      |  out|   32|  ap_ctrl_hs|      Image_extract|  return value|
|ap_return_473                      |  out|   32|  ap_ctrl_hs|      Image_extract|  return value|
|ap_return_474                      |  out|   32|  ap_ctrl_hs|      Image_extract|  return value|
|ap_return_475                      |  out|   32|  ap_ctrl_hs|      Image_extract|  return value|
|ap_return_476                      |  out|   32|  ap_ctrl_hs|      Image_extract|  return value|
|ap_return_477                      |  out|   32|  ap_ctrl_hs|      Image_extract|  return value|
|ap_return_478                      |  out|   32|  ap_ctrl_hs|      Image_extract|  return value|
|ap_return_479                      |  out|   32|  ap_ctrl_hs|      Image_extract|  return value|
|ap_return_480                      |  out|   32|  ap_ctrl_hs|      Image_extract|  return value|
|ap_return_481                      |  out|   32|  ap_ctrl_hs|      Image_extract|  return value|
|ap_return_482                      |  out|   32|  ap_ctrl_hs|      Image_extract|  return value|
|ap_return_483                      |  out|   32|  ap_ctrl_hs|      Image_extract|  return value|
|ap_return_484                      |  out|   32|  ap_ctrl_hs|      Image_extract|  return value|
|ap_return_485                      |  out|   32|  ap_ctrl_hs|      Image_extract|  return value|
|ap_return_486                      |  out|   32|  ap_ctrl_hs|      Image_extract|  return value|
|ap_return_487                      |  out|   32|  ap_ctrl_hs|      Image_extract|  return value|
|ap_return_488                      |  out|   32|  ap_ctrl_hs|      Image_extract|  return value|
|ap_return_489                      |  out|   32|  ap_ctrl_hs|      Image_extract|  return value|
|ap_return_490                      |  out|   32|  ap_ctrl_hs|      Image_extract|  return value|
|ap_return_491                      |  out|   32|  ap_ctrl_hs|      Image_extract|  return value|
|ap_return_492                      |  out|   32|  ap_ctrl_hs|      Image_extract|  return value|
|ap_return_493                      |  out|   32|  ap_ctrl_hs|      Image_extract|  return value|
|ap_return_494                      |  out|   32|  ap_ctrl_hs|      Image_extract|  return value|
|ap_return_495                      |  out|   32|  ap_ctrl_hs|      Image_extract|  return value|
|ap_return_496                      |  out|   32|  ap_ctrl_hs|      Image_extract|  return value|
|ap_return_497                      |  out|   32|  ap_ctrl_hs|      Image_extract|  return value|
|ap_return_498                      |  out|   32|  ap_ctrl_hs|      Image_extract|  return value|
|ap_return_499                      |  out|   32|  ap_ctrl_hs|      Image_extract|  return value|
|ap_return_500                      |  out|   32|  ap_ctrl_hs|      Image_extract|  return value|
|ap_return_501                      |  out|   32|  ap_ctrl_hs|      Image_extract|  return value|
|ap_return_502                      |  out|   32|  ap_ctrl_hs|      Image_extract|  return value|
|ap_return_503                      |  out|   32|  ap_ctrl_hs|      Image_extract|  return value|
|ap_return_504                      |  out|   32|  ap_ctrl_hs|      Image_extract|  return value|
|ap_return_505                      |  out|   32|  ap_ctrl_hs|      Image_extract|  return value|
|ap_return_506                      |  out|   32|  ap_ctrl_hs|      Image_extract|  return value|
|ap_return_507                      |  out|   32|  ap_ctrl_hs|      Image_extract|  return value|
|ap_return_508                      |  out|   32|  ap_ctrl_hs|      Image_extract|  return value|
|ap_return_509                      |  out|   32|  ap_ctrl_hs|      Image_extract|  return value|
|ap_return_510                      |  out|   32|  ap_ctrl_hs|      Image_extract|  return value|
|ap_return_511                      |  out|   32|  ap_ctrl_hs|      Image_extract|  return value|
|ap_return_512                      |  out|   32|  ap_ctrl_hs|      Image_extract|  return value|
|ap_return_513                      |  out|   32|  ap_ctrl_hs|      Image_extract|  return value|
|ap_return_514                      |  out|   32|  ap_ctrl_hs|      Image_extract|  return value|
|ap_return_515                      |  out|   32|  ap_ctrl_hs|      Image_extract|  return value|
|ap_return_516                      |  out|   32|  ap_ctrl_hs|      Image_extract|  return value|
|ap_return_517                      |  out|   32|  ap_ctrl_hs|      Image_extract|  return value|
|ap_return_518                      |  out|   32|  ap_ctrl_hs|      Image_extract|  return value|
|ap_return_519                      |  out|   32|  ap_ctrl_hs|      Image_extract|  return value|
|ap_return_520                      |  out|   32|  ap_ctrl_hs|      Image_extract|  return value|
|ap_return_521                      |  out|   32|  ap_ctrl_hs|      Image_extract|  return value|
|ap_return_522                      |  out|   32|  ap_ctrl_hs|      Image_extract|  return value|
|ap_return_523                      |  out|   32|  ap_ctrl_hs|      Image_extract|  return value|
|ap_return_524                      |  out|   32|  ap_ctrl_hs|      Image_extract|  return value|
|ap_return_525                      |  out|   32|  ap_ctrl_hs|      Image_extract|  return value|
|ap_return_526                      |  out|   32|  ap_ctrl_hs|      Image_extract|  return value|
|ap_return_527                      |  out|   32|  ap_ctrl_hs|      Image_extract|  return value|
|ap_return_528                      |  out|   32|  ap_ctrl_hs|      Image_extract|  return value|
|ap_return_529                      |  out|   32|  ap_ctrl_hs|      Image_extract|  return value|
|ap_return_530                      |  out|   32|  ap_ctrl_hs|      Image_extract|  return value|
|ap_return_531                      |  out|   32|  ap_ctrl_hs|      Image_extract|  return value|
|ap_return_532                      |  out|   32|  ap_ctrl_hs|      Image_extract|  return value|
|ap_return_533                      |  out|   32|  ap_ctrl_hs|      Image_extract|  return value|
|ap_return_534                      |  out|   32|  ap_ctrl_hs|      Image_extract|  return value|
|ap_return_535                      |  out|   32|  ap_ctrl_hs|      Image_extract|  return value|
|ap_return_536                      |  out|   32|  ap_ctrl_hs|      Image_extract|  return value|
|ap_return_537                      |  out|   32|  ap_ctrl_hs|      Image_extract|  return value|
|ap_return_538                      |  out|   32|  ap_ctrl_hs|      Image_extract|  return value|
|ap_return_539                      |  out|   32|  ap_ctrl_hs|      Image_extract|  return value|
|ap_return_540                      |  out|   32|  ap_ctrl_hs|      Image_extract|  return value|
|ap_return_541                      |  out|   32|  ap_ctrl_hs|      Image_extract|  return value|
|ap_return_542                      |  out|   32|  ap_ctrl_hs|      Image_extract|  return value|
|ap_return_543                      |  out|   32|  ap_ctrl_hs|      Image_extract|  return value|
|ap_return_544                      |  out|   32|  ap_ctrl_hs|      Image_extract|  return value|
|ap_return_545                      |  out|   32|  ap_ctrl_hs|      Image_extract|  return value|
|ap_return_546                      |  out|   32|  ap_ctrl_hs|      Image_extract|  return value|
|ap_return_547                      |  out|   32|  ap_ctrl_hs|      Image_extract|  return value|
|ap_return_548                      |  out|   32|  ap_ctrl_hs|      Image_extract|  return value|
|ap_return_549                      |  out|   32|  ap_ctrl_hs|      Image_extract|  return value|
|ap_return_550                      |  out|   32|  ap_ctrl_hs|      Image_extract|  return value|
|ap_return_551                      |  out|   32|  ap_ctrl_hs|      Image_extract|  return value|
|ap_return_552                      |  out|   32|  ap_ctrl_hs|      Image_extract|  return value|
|ap_return_553                      |  out|   32|  ap_ctrl_hs|      Image_extract|  return value|
|ap_return_554                      |  out|   32|  ap_ctrl_hs|      Image_extract|  return value|
|ap_return_555                      |  out|   32|  ap_ctrl_hs|      Image_extract|  return value|
|ap_return_556                      |  out|   32|  ap_ctrl_hs|      Image_extract|  return value|
|ap_return_557                      |  out|   32|  ap_ctrl_hs|      Image_extract|  return value|
|ap_return_558                      |  out|   32|  ap_ctrl_hs|      Image_extract|  return value|
|ap_return_559                      |  out|   32|  ap_ctrl_hs|      Image_extract|  return value|
|ap_return_560                      |  out|   32|  ap_ctrl_hs|      Image_extract|  return value|
|ap_return_561                      |  out|   32|  ap_ctrl_hs|      Image_extract|  return value|
|ap_return_562                      |  out|   32|  ap_ctrl_hs|      Image_extract|  return value|
|ap_return_563                      |  out|   32|  ap_ctrl_hs|      Image_extract|  return value|
|ap_return_564                      |  out|   32|  ap_ctrl_hs|      Image_extract|  return value|
|ap_return_565                      |  out|   32|  ap_ctrl_hs|      Image_extract|  return value|
|ap_return_566                      |  out|   32|  ap_ctrl_hs|      Image_extract|  return value|
|ap_return_567                      |  out|   32|  ap_ctrl_hs|      Image_extract|  return value|
|ap_return_568                      |  out|   32|  ap_ctrl_hs|      Image_extract|  return value|
|ap_return_569                      |  out|   32|  ap_ctrl_hs|      Image_extract|  return value|
|ap_return_570                      |  out|   32|  ap_ctrl_hs|      Image_extract|  return value|
|ap_return_571                      |  out|   32|  ap_ctrl_hs|      Image_extract|  return value|
|ap_return_572                      |  out|   32|  ap_ctrl_hs|      Image_extract|  return value|
|ap_return_573                      |  out|   32|  ap_ctrl_hs|      Image_extract|  return value|
|ap_return_574                      |  out|   32|  ap_ctrl_hs|      Image_extract|  return value|
|ap_return_575                      |  out|   32|  ap_ctrl_hs|      Image_extract|  return value|
|ap_return_576                      |  out|   32|  ap_ctrl_hs|      Image_extract|  return value|
|ap_return_577                      |  out|   32|  ap_ctrl_hs|      Image_extract|  return value|
|ap_return_578                      |  out|   32|  ap_ctrl_hs|      Image_extract|  return value|
|ap_return_579                      |  out|   32|  ap_ctrl_hs|      Image_extract|  return value|
|ap_return_580                      |  out|   32|  ap_ctrl_hs|      Image_extract|  return value|
|ap_return_581                      |  out|   32|  ap_ctrl_hs|      Image_extract|  return value|
|ap_return_582                      |  out|   32|  ap_ctrl_hs|      Image_extract|  return value|
|ap_return_583                      |  out|   32|  ap_ctrl_hs|      Image_extract|  return value|
|ap_return_584                      |  out|   32|  ap_ctrl_hs|      Image_extract|  return value|
|ap_return_585                      |  out|   32|  ap_ctrl_hs|      Image_extract|  return value|
|ap_return_586                      |  out|   32|  ap_ctrl_hs|      Image_extract|  return value|
|ap_return_587                      |  out|   32|  ap_ctrl_hs|      Image_extract|  return value|
|ap_return_588                      |  out|   32|  ap_ctrl_hs|      Image_extract|  return value|
|ap_return_589                      |  out|   32|  ap_ctrl_hs|      Image_extract|  return value|
|ap_return_590                      |  out|   32|  ap_ctrl_hs|      Image_extract|  return value|
|ap_return_591                      |  out|   32|  ap_ctrl_hs|      Image_extract|  return value|
|ap_return_592                      |  out|   32|  ap_ctrl_hs|      Image_extract|  return value|
|ap_return_593                      |  out|   32|  ap_ctrl_hs|      Image_extract|  return value|
|ap_return_594                      |  out|   32|  ap_ctrl_hs|      Image_extract|  return value|
|ap_return_595                      |  out|   32|  ap_ctrl_hs|      Image_extract|  return value|
|ap_return_596                      |  out|   32|  ap_ctrl_hs|      Image_extract|  return value|
|ap_return_597                      |  out|   32|  ap_ctrl_hs|      Image_extract|  return value|
|ap_return_598                      |  out|   32|  ap_ctrl_hs|      Image_extract|  return value|
|ap_return_599                      |  out|   32|  ap_ctrl_hs|      Image_extract|  return value|
|ap_return_600                      |  out|   32|  ap_ctrl_hs|      Image_extract|  return value|
|ap_return_601                      |  out|   32|  ap_ctrl_hs|      Image_extract|  return value|
|ap_return_602                      |  out|   32|  ap_ctrl_hs|      Image_extract|  return value|
|ap_return_603                      |  out|   32|  ap_ctrl_hs|      Image_extract|  return value|
|ap_return_604                      |  out|   32|  ap_ctrl_hs|      Image_extract|  return value|
|ap_return_605                      |  out|   32|  ap_ctrl_hs|      Image_extract|  return value|
|ap_return_606                      |  out|   32|  ap_ctrl_hs|      Image_extract|  return value|
|ap_return_607                      |  out|   32|  ap_ctrl_hs|      Image_extract|  return value|
|ap_return_608                      |  out|   32|  ap_ctrl_hs|      Image_extract|  return value|
|ap_return_609                      |  out|   32|  ap_ctrl_hs|      Image_extract|  return value|
|ap_return_610                      |  out|   32|  ap_ctrl_hs|      Image_extract|  return value|
|ap_return_611                      |  out|   32|  ap_ctrl_hs|      Image_extract|  return value|
|ap_return_612                      |  out|   32|  ap_ctrl_hs|      Image_extract|  return value|
|ap_return_613                      |  out|   32|  ap_ctrl_hs|      Image_extract|  return value|
|ap_return_614                      |  out|   32|  ap_ctrl_hs|      Image_extract|  return value|
|ap_return_615                      |  out|   32|  ap_ctrl_hs|      Image_extract|  return value|
|ap_return_616                      |  out|   32|  ap_ctrl_hs|      Image_extract|  return value|
|ap_return_617                      |  out|   32|  ap_ctrl_hs|      Image_extract|  return value|
|ap_return_618                      |  out|   32|  ap_ctrl_hs|      Image_extract|  return value|
|ap_return_619                      |  out|   32|  ap_ctrl_hs|      Image_extract|  return value|
|ap_return_620                      |  out|   32|  ap_ctrl_hs|      Image_extract|  return value|
|ap_return_621                      |  out|   32|  ap_ctrl_hs|      Image_extract|  return value|
|ap_return_622                      |  out|   32|  ap_ctrl_hs|      Image_extract|  return value|
|ap_return_623                      |  out|   32|  ap_ctrl_hs|      Image_extract|  return value|
|ap_return_624                      |  out|   32|  ap_ctrl_hs|      Image_extract|  return value|
|ap_return_625                      |  out|   32|  ap_ctrl_hs|      Image_extract|  return value|
|ap_return_626                      |  out|   32|  ap_ctrl_hs|      Image_extract|  return value|
|ap_return_627                      |  out|   32|  ap_ctrl_hs|      Image_extract|  return value|
|ap_return_628                      |  out|   32|  ap_ctrl_hs|      Image_extract|  return value|
|ap_return_629                      |  out|   32|  ap_ctrl_hs|      Image_extract|  return value|
|ap_return_630                      |  out|   32|  ap_ctrl_hs|      Image_extract|  return value|
|ap_return_631                      |  out|   32|  ap_ctrl_hs|      Image_extract|  return value|
|ap_return_632                      |  out|   32|  ap_ctrl_hs|      Image_extract|  return value|
|ap_return_633                      |  out|   32|  ap_ctrl_hs|      Image_extract|  return value|
|ap_return_634                      |  out|   32|  ap_ctrl_hs|      Image_extract|  return value|
|ap_return_635                      |  out|   32|  ap_ctrl_hs|      Image_extract|  return value|
|ap_return_636                      |  out|   32|  ap_ctrl_hs|      Image_extract|  return value|
|ap_return_637                      |  out|   32|  ap_ctrl_hs|      Image_extract|  return value|
|ap_return_638                      |  out|   32|  ap_ctrl_hs|      Image_extract|  return value|
|ap_return_639                      |  out|   32|  ap_ctrl_hs|      Image_extract|  return value|
|ap_return_640                      |  out|   32|  ap_ctrl_hs|      Image_extract|  return value|
|ap_return_641                      |  out|   32|  ap_ctrl_hs|      Image_extract|  return value|
|ap_return_642                      |  out|   32|  ap_ctrl_hs|      Image_extract|  return value|
|ap_return_643                      |  out|   32|  ap_ctrl_hs|      Image_extract|  return value|
|ap_return_644                      |  out|   32|  ap_ctrl_hs|      Image_extract|  return value|
|ap_return_645                      |  out|   32|  ap_ctrl_hs|      Image_extract|  return value|
|ap_return_646                      |  out|   32|  ap_ctrl_hs|      Image_extract|  return value|
|ap_return_647                      |  out|   32|  ap_ctrl_hs|      Image_extract|  return value|
|ap_return_648                      |  out|   32|  ap_ctrl_hs|      Image_extract|  return value|
|ap_return_649                      |  out|   32|  ap_ctrl_hs|      Image_extract|  return value|
|ap_return_650                      |  out|   32|  ap_ctrl_hs|      Image_extract|  return value|
|ap_return_651                      |  out|   32|  ap_ctrl_hs|      Image_extract|  return value|
|ap_return_652                      |  out|   32|  ap_ctrl_hs|      Image_extract|  return value|
|ap_return_653                      |  out|   32|  ap_ctrl_hs|      Image_extract|  return value|
|ap_return_654                      |  out|   32|  ap_ctrl_hs|      Image_extract|  return value|
|ap_return_655                      |  out|   32|  ap_ctrl_hs|      Image_extract|  return value|
|ap_return_656                      |  out|   32|  ap_ctrl_hs|      Image_extract|  return value|
|ap_return_657                      |  out|   32|  ap_ctrl_hs|      Image_extract|  return value|
|ap_return_658                      |  out|   32|  ap_ctrl_hs|      Image_extract|  return value|
|ap_return_659                      |  out|   32|  ap_ctrl_hs|      Image_extract|  return value|
|ap_return_660                      |  out|   32|  ap_ctrl_hs|      Image_extract|  return value|
|ap_return_661                      |  out|   32|  ap_ctrl_hs|      Image_extract|  return value|
|ap_return_662                      |  out|   32|  ap_ctrl_hs|      Image_extract|  return value|
|ap_return_663                      |  out|   32|  ap_ctrl_hs|      Image_extract|  return value|
|ap_return_664                      |  out|   32|  ap_ctrl_hs|      Image_extract|  return value|
|ap_return_665                      |  out|   32|  ap_ctrl_hs|      Image_extract|  return value|
|ap_return_666                      |  out|   32|  ap_ctrl_hs|      Image_extract|  return value|
|ap_return_667                      |  out|   32|  ap_ctrl_hs|      Image_extract|  return value|
|ap_return_668                      |  out|   32|  ap_ctrl_hs|      Image_extract|  return value|
|ap_return_669                      |  out|   32|  ap_ctrl_hs|      Image_extract|  return value|
|ap_return_670                      |  out|   32|  ap_ctrl_hs|      Image_extract|  return value|
|ap_return_671                      |  out|   32|  ap_ctrl_hs|      Image_extract|  return value|
|ap_return_672                      |  out|   32|  ap_ctrl_hs|      Image_extract|  return value|
|ap_return_673                      |  out|   32|  ap_ctrl_hs|      Image_extract|  return value|
|ap_return_674                      |  out|   32|  ap_ctrl_hs|      Image_extract|  return value|
|ap_return_675                      |  out|   32|  ap_ctrl_hs|      Image_extract|  return value|
|ap_return_676                      |  out|   32|  ap_ctrl_hs|      Image_extract|  return value|
|ap_return_677                      |  out|   32|  ap_ctrl_hs|      Image_extract|  return value|
|ap_return_678                      |  out|   32|  ap_ctrl_hs|      Image_extract|  return value|
|ap_return_679                      |  out|   32|  ap_ctrl_hs|      Image_extract|  return value|
|ap_return_680                      |  out|   32|  ap_ctrl_hs|      Image_extract|  return value|
|ap_return_681                      |  out|   32|  ap_ctrl_hs|      Image_extract|  return value|
|ap_return_682                      |  out|   32|  ap_ctrl_hs|      Image_extract|  return value|
|ap_return_683                      |  out|   32|  ap_ctrl_hs|      Image_extract|  return value|
|ap_return_684                      |  out|   32|  ap_ctrl_hs|      Image_extract|  return value|
|ap_return_685                      |  out|   32|  ap_ctrl_hs|      Image_extract|  return value|
|ap_return_686                      |  out|   32|  ap_ctrl_hs|      Image_extract|  return value|
|ap_return_687                      |  out|   32|  ap_ctrl_hs|      Image_extract|  return value|
|ap_return_688                      |  out|   32|  ap_ctrl_hs|      Image_extract|  return value|
|ap_return_689                      |  out|   32|  ap_ctrl_hs|      Image_extract|  return value|
|ap_return_690                      |  out|   32|  ap_ctrl_hs|      Image_extract|  return value|
|ap_return_691                      |  out|   32|  ap_ctrl_hs|      Image_extract|  return value|
|ap_return_692                      |  out|   32|  ap_ctrl_hs|      Image_extract|  return value|
|ap_return_693                      |  out|   32|  ap_ctrl_hs|      Image_extract|  return value|
|ap_return_694                      |  out|   32|  ap_ctrl_hs|      Image_extract|  return value|
|ap_return_695                      |  out|   32|  ap_ctrl_hs|      Image_extract|  return value|
|ap_return_696                      |  out|   32|  ap_ctrl_hs|      Image_extract|  return value|
|ap_return_697                      |  out|   32|  ap_ctrl_hs|      Image_extract|  return value|
|ap_return_698                      |  out|   32|  ap_ctrl_hs|      Image_extract|  return value|
|ap_return_699                      |  out|   32|  ap_ctrl_hs|      Image_extract|  return value|
|ap_return_700                      |  out|   32|  ap_ctrl_hs|      Image_extract|  return value|
|ap_return_701                      |  out|   32|  ap_ctrl_hs|      Image_extract|  return value|
|ap_return_702                      |  out|   32|  ap_ctrl_hs|      Image_extract|  return value|
|ap_return_703                      |  out|   32|  ap_ctrl_hs|      Image_extract|  return value|
|ap_return_704                      |  out|   32|  ap_ctrl_hs|      Image_extract|  return value|
|ap_return_705                      |  out|   32|  ap_ctrl_hs|      Image_extract|  return value|
|ap_return_706                      |  out|   32|  ap_ctrl_hs|      Image_extract|  return value|
|ap_return_707                      |  out|   32|  ap_ctrl_hs|      Image_extract|  return value|
|ap_return_708                      |  out|   32|  ap_ctrl_hs|      Image_extract|  return value|
|ap_return_709                      |  out|   32|  ap_ctrl_hs|      Image_extract|  return value|
|ap_return_710                      |  out|   32|  ap_ctrl_hs|      Image_extract|  return value|
|ap_return_711                      |  out|   32|  ap_ctrl_hs|      Image_extract|  return value|
|ap_return_712                      |  out|   32|  ap_ctrl_hs|      Image_extract|  return value|
|ap_return_713                      |  out|   32|  ap_ctrl_hs|      Image_extract|  return value|
|ap_return_714                      |  out|   32|  ap_ctrl_hs|      Image_extract|  return value|
|ap_return_715                      |  out|   32|  ap_ctrl_hs|      Image_extract|  return value|
|ap_return_716                      |  out|   32|  ap_ctrl_hs|      Image_extract|  return value|
|ap_return_717                      |  out|   32|  ap_ctrl_hs|      Image_extract|  return value|
|ap_return_718                      |  out|   32|  ap_ctrl_hs|      Image_extract|  return value|
|ap_return_719                      |  out|   32|  ap_ctrl_hs|      Image_extract|  return value|
|ap_return_720                      |  out|   32|  ap_ctrl_hs|      Image_extract|  return value|
|ap_return_721                      |  out|   32|  ap_ctrl_hs|      Image_extract|  return value|
|ap_return_722                      |  out|   32|  ap_ctrl_hs|      Image_extract|  return value|
|ap_return_723                      |  out|   32|  ap_ctrl_hs|      Image_extract|  return value|
|ap_return_724                      |  out|   32|  ap_ctrl_hs|      Image_extract|  return value|
|ap_return_725                      |  out|   32|  ap_ctrl_hs|      Image_extract|  return value|
|ap_return_726                      |  out|   32|  ap_ctrl_hs|      Image_extract|  return value|
|ap_return_727                      |  out|   32|  ap_ctrl_hs|      Image_extract|  return value|
|ap_return_728                      |  out|   32|  ap_ctrl_hs|      Image_extract|  return value|
|ap_return_729                      |  out|   32|  ap_ctrl_hs|      Image_extract|  return value|
|ap_return_730                      |  out|   32|  ap_ctrl_hs|      Image_extract|  return value|
|ap_return_731                      |  out|   32|  ap_ctrl_hs|      Image_extract|  return value|
|ap_return_732                      |  out|   32|  ap_ctrl_hs|      Image_extract|  return value|
|ap_return_733                      |  out|   32|  ap_ctrl_hs|      Image_extract|  return value|
|ap_return_734                      |  out|   32|  ap_ctrl_hs|      Image_extract|  return value|
|ap_return_735                      |  out|   32|  ap_ctrl_hs|      Image_extract|  return value|
|ap_return_736                      |  out|   32|  ap_ctrl_hs|      Image_extract|  return value|
|ap_return_737                      |  out|   32|  ap_ctrl_hs|      Image_extract|  return value|
|ap_return_738                      |  out|   32|  ap_ctrl_hs|      Image_extract|  return value|
|ap_return_739                      |  out|   32|  ap_ctrl_hs|      Image_extract|  return value|
|ap_return_740                      |  out|   32|  ap_ctrl_hs|      Image_extract|  return value|
|ap_return_741                      |  out|   32|  ap_ctrl_hs|      Image_extract|  return value|
|ap_return_742                      |  out|   32|  ap_ctrl_hs|      Image_extract|  return value|
|ap_return_743                      |  out|   32|  ap_ctrl_hs|      Image_extract|  return value|
|ap_return_744                      |  out|   32|  ap_ctrl_hs|      Image_extract|  return value|
|ap_return_745                      |  out|   32|  ap_ctrl_hs|      Image_extract|  return value|
|ap_return_746                      |  out|   32|  ap_ctrl_hs|      Image_extract|  return value|
|ap_return_747                      |  out|   32|  ap_ctrl_hs|      Image_extract|  return value|
|ap_return_748                      |  out|   32|  ap_ctrl_hs|      Image_extract|  return value|
|ap_return_749                      |  out|   32|  ap_ctrl_hs|      Image_extract|  return value|
|ap_return_750                      |  out|   32|  ap_ctrl_hs|      Image_extract|  return value|
|ap_return_751                      |  out|   32|  ap_ctrl_hs|      Image_extract|  return value|
|ap_return_752                      |  out|   32|  ap_ctrl_hs|      Image_extract|  return value|
|ap_return_753                      |  out|   32|  ap_ctrl_hs|      Image_extract|  return value|
|ap_return_754                      |  out|   32|  ap_ctrl_hs|      Image_extract|  return value|
|ap_return_755                      |  out|   32|  ap_ctrl_hs|      Image_extract|  return value|
|ap_return_756                      |  out|   32|  ap_ctrl_hs|      Image_extract|  return value|
|ap_return_757                      |  out|   32|  ap_ctrl_hs|      Image_extract|  return value|
|ap_return_758                      |  out|   32|  ap_ctrl_hs|      Image_extract|  return value|
|ap_return_759                      |  out|   32|  ap_ctrl_hs|      Image_extract|  return value|
|ap_return_760                      |  out|   32|  ap_ctrl_hs|      Image_extract|  return value|
|ap_return_761                      |  out|   32|  ap_ctrl_hs|      Image_extract|  return value|
|ap_return_762                      |  out|   32|  ap_ctrl_hs|      Image_extract|  return value|
|ap_return_763                      |  out|   32|  ap_ctrl_hs|      Image_extract|  return value|
|ap_return_764                      |  out|   32|  ap_ctrl_hs|      Image_extract|  return value|
|ap_return_765                      |  out|   32|  ap_ctrl_hs|      Image_extract|  return value|
|ap_return_766                      |  out|   32|  ap_ctrl_hs|      Image_extract|  return value|
|ap_return_767                      |  out|   32|  ap_ctrl_hs|      Image_extract|  return value|
|ap_return_768                      |  out|   32|  ap_ctrl_hs|      Image_extract|  return value|
|ap_return_769                      |  out|   32|  ap_ctrl_hs|      Image_extract|  return value|
|ap_return_770                      |  out|   32|  ap_ctrl_hs|      Image_extract|  return value|
|ap_return_771                      |  out|   32|  ap_ctrl_hs|      Image_extract|  return value|
|ap_return_772                      |  out|   32|  ap_ctrl_hs|      Image_extract|  return value|
|ap_return_773                      |  out|   32|  ap_ctrl_hs|      Image_extract|  return value|
|ap_return_774                      |  out|   32|  ap_ctrl_hs|      Image_extract|  return value|
|ap_return_775                      |  out|   32|  ap_ctrl_hs|      Image_extract|  return value|
|ap_return_776                      |  out|   32|  ap_ctrl_hs|      Image_extract|  return value|
|ap_return_777                      |  out|   32|  ap_ctrl_hs|      Image_extract|  return value|
|ap_return_778                      |  out|   32|  ap_ctrl_hs|      Image_extract|  return value|
|ap_return_779                      |  out|   32|  ap_ctrl_hs|      Image_extract|  return value|
|ap_return_780                      |  out|   32|  ap_ctrl_hs|      Image_extract|  return value|
|ap_return_781                      |  out|   32|  ap_ctrl_hs|      Image_extract|  return value|
|ap_return_782                      |  out|   32|  ap_ctrl_hs|      Image_extract|  return value|
|ap_return_783                      |  out|   32|  ap_ctrl_hs|      Image_extract|  return value|
|ap_return_784                      |  out|   32|  ap_ctrl_hs|      Image_extract|  return value|
|ap_return_785                      |  out|   32|  ap_ctrl_hs|      Image_extract|  return value|
|ap_return_786                      |  out|   32|  ap_ctrl_hs|      Image_extract|  return value|
|ap_return_787                      |  out|   32|  ap_ctrl_hs|      Image_extract|  return value|
|ap_return_788                      |  out|   32|  ap_ctrl_hs|      Image_extract|  return value|
|ap_return_789                      |  out|   32|  ap_ctrl_hs|      Image_extract|  return value|
|ap_return_790                      |  out|   32|  ap_ctrl_hs|      Image_extract|  return value|
|ap_return_791                      |  out|   32|  ap_ctrl_hs|      Image_extract|  return value|
|ap_return_792                      |  out|   32|  ap_ctrl_hs|      Image_extract|  return value|
|ap_return_793                      |  out|   32|  ap_ctrl_hs|      Image_extract|  return value|
|ap_return_794                      |  out|   32|  ap_ctrl_hs|      Image_extract|  return value|
|ap_return_795                      |  out|   32|  ap_ctrl_hs|      Image_extract|  return value|
|ap_return_796                      |  out|   32|  ap_ctrl_hs|      Image_extract|  return value|
|ap_return_797                      |  out|   32|  ap_ctrl_hs|      Image_extract|  return value|
|ap_return_798                      |  out|   32|  ap_ctrl_hs|      Image_extract|  return value|
|ap_return_799                      |  out|   32|  ap_ctrl_hs|      Image_extract|  return value|
|ap_return_800                      |  out|   32|  ap_ctrl_hs|      Image_extract|  return value|
|ap_return_801                      |  out|   32|  ap_ctrl_hs|      Image_extract|  return value|
|ap_return_802                      |  out|   32|  ap_ctrl_hs|      Image_extract|  return value|
|ap_return_803                      |  out|   32|  ap_ctrl_hs|      Image_extract|  return value|
|ap_return_804                      |  out|   32|  ap_ctrl_hs|      Image_extract|  return value|
|ap_return_805                      |  out|   32|  ap_ctrl_hs|      Image_extract|  return value|
|ap_return_806                      |  out|   32|  ap_ctrl_hs|      Image_extract|  return value|
|ap_return_807                      |  out|   32|  ap_ctrl_hs|      Image_extract|  return value|
|ap_return_808                      |  out|   32|  ap_ctrl_hs|      Image_extract|  return value|
|ap_return_809                      |  out|   32|  ap_ctrl_hs|      Image_extract|  return value|
|ap_return_810                      |  out|   32|  ap_ctrl_hs|      Image_extract|  return value|
|ap_return_811                      |  out|   32|  ap_ctrl_hs|      Image_extract|  return value|
|ap_return_812                      |  out|   32|  ap_ctrl_hs|      Image_extract|  return value|
|ap_return_813                      |  out|   32|  ap_ctrl_hs|      Image_extract|  return value|
|ap_return_814                      |  out|   32|  ap_ctrl_hs|      Image_extract|  return value|
|ap_return_815                      |  out|   32|  ap_ctrl_hs|      Image_extract|  return value|
|ap_return_816                      |  out|   32|  ap_ctrl_hs|      Image_extract|  return value|
|ap_return_817                      |  out|   32|  ap_ctrl_hs|      Image_extract|  return value|
|ap_return_818                      |  out|   32|  ap_ctrl_hs|      Image_extract|  return value|
|ap_return_819                      |  out|   32|  ap_ctrl_hs|      Image_extract|  return value|
|ap_return_820                      |  out|   32|  ap_ctrl_hs|      Image_extract|  return value|
|ap_return_821                      |  out|   32|  ap_ctrl_hs|      Image_extract|  return value|
|ap_return_822                      |  out|   32|  ap_ctrl_hs|      Image_extract|  return value|
|ap_return_823                      |  out|   32|  ap_ctrl_hs|      Image_extract|  return value|
|ap_return_824                      |  out|   32|  ap_ctrl_hs|      Image_extract|  return value|
|ap_return_825                      |  out|   32|  ap_ctrl_hs|      Image_extract|  return value|
|ap_return_826                      |  out|   32|  ap_ctrl_hs|      Image_extract|  return value|
|ap_return_827                      |  out|   32|  ap_ctrl_hs|      Image_extract|  return value|
|ap_return_828                      |  out|   32|  ap_ctrl_hs|      Image_extract|  return value|
|ap_return_829                      |  out|   32|  ap_ctrl_hs|      Image_extract|  return value|
|ap_return_830                      |  out|   32|  ap_ctrl_hs|      Image_extract|  return value|
|ap_return_831                      |  out|   32|  ap_ctrl_hs|      Image_extract|  return value|
|ap_return_832                      |  out|   32|  ap_ctrl_hs|      Image_extract|  return value|
|ap_return_833                      |  out|   32|  ap_ctrl_hs|      Image_extract|  return value|
|ap_return_834                      |  out|   32|  ap_ctrl_hs|      Image_extract|  return value|
|ap_return_835                      |  out|   32|  ap_ctrl_hs|      Image_extract|  return value|
|ap_return_836                      |  out|   32|  ap_ctrl_hs|      Image_extract|  return value|
|ap_return_837                      |  out|   32|  ap_ctrl_hs|      Image_extract|  return value|
|ap_return_838                      |  out|   32|  ap_ctrl_hs|      Image_extract|  return value|
|ap_return_839                      |  out|   32|  ap_ctrl_hs|      Image_extract|  return value|
|ap_return_840                      |  out|   32|  ap_ctrl_hs|      Image_extract|  return value|
|ap_return_841                      |  out|   32|  ap_ctrl_hs|      Image_extract|  return value|
|ap_return_842                      |  out|   32|  ap_ctrl_hs|      Image_extract|  return value|
|ap_return_843                      |  out|   32|  ap_ctrl_hs|      Image_extract|  return value|
|ap_return_844                      |  out|   32|  ap_ctrl_hs|      Image_extract|  return value|
|ap_return_845                      |  out|   32|  ap_ctrl_hs|      Image_extract|  return value|
|ap_return_846                      |  out|   32|  ap_ctrl_hs|      Image_extract|  return value|
|ap_return_847                      |  out|   32|  ap_ctrl_hs|      Image_extract|  return value|
|ap_return_848                      |  out|   32|  ap_ctrl_hs|      Image_extract|  return value|
|ap_return_849                      |  out|   32|  ap_ctrl_hs|      Image_extract|  return value|
|ap_return_850                      |  out|   32|  ap_ctrl_hs|      Image_extract|  return value|
|ap_return_851                      |  out|   32|  ap_ctrl_hs|      Image_extract|  return value|
|ap_return_852                      |  out|   32|  ap_ctrl_hs|      Image_extract|  return value|
|ap_return_853                      |  out|   32|  ap_ctrl_hs|      Image_extract|  return value|
|ap_return_854                      |  out|   32|  ap_ctrl_hs|      Image_extract|  return value|
|ap_return_855                      |  out|   32|  ap_ctrl_hs|      Image_extract|  return value|
|ap_return_856                      |  out|   32|  ap_ctrl_hs|      Image_extract|  return value|
|ap_return_857                      |  out|   32|  ap_ctrl_hs|      Image_extract|  return value|
|ap_return_858                      |  out|   32|  ap_ctrl_hs|      Image_extract|  return value|
|ap_return_859                      |  out|   32|  ap_ctrl_hs|      Image_extract|  return value|
|ap_return_860                      |  out|   32|  ap_ctrl_hs|      Image_extract|  return value|
|ap_return_861                      |  out|   32|  ap_ctrl_hs|      Image_extract|  return value|
|ap_return_862                      |  out|   32|  ap_ctrl_hs|      Image_extract|  return value|
|ap_return_863                      |  out|   32|  ap_ctrl_hs|      Image_extract|  return value|
|ap_return_864                      |  out|   32|  ap_ctrl_hs|      Image_extract|  return value|
|ap_return_865                      |  out|   32|  ap_ctrl_hs|      Image_extract|  return value|
|ap_return_866                      |  out|   32|  ap_ctrl_hs|      Image_extract|  return value|
|ap_return_867                      |  out|   32|  ap_ctrl_hs|      Image_extract|  return value|
|ap_return_868                      |  out|   32|  ap_ctrl_hs|      Image_extract|  return value|
|ap_return_869                      |  out|   32|  ap_ctrl_hs|      Image_extract|  return value|
|ap_return_870                      |  out|   32|  ap_ctrl_hs|      Image_extract|  return value|
|ap_return_871                      |  out|   32|  ap_ctrl_hs|      Image_extract|  return value|
|ap_return_872                      |  out|   32|  ap_ctrl_hs|      Image_extract|  return value|
|ap_return_873                      |  out|   32|  ap_ctrl_hs|      Image_extract|  return value|
|ap_return_874                      |  out|   32|  ap_ctrl_hs|      Image_extract|  return value|
|ap_return_875                      |  out|   32|  ap_ctrl_hs|      Image_extract|  return value|
|ap_return_876                      |  out|   32|  ap_ctrl_hs|      Image_extract|  return value|
|ap_return_877                      |  out|   32|  ap_ctrl_hs|      Image_extract|  return value|
|ap_return_878                      |  out|   32|  ap_ctrl_hs|      Image_extract|  return value|
|ap_return_879                      |  out|   32|  ap_ctrl_hs|      Image_extract|  return value|
|ap_return_880                      |  out|   32|  ap_ctrl_hs|      Image_extract|  return value|
|ap_return_881                      |  out|   32|  ap_ctrl_hs|      Image_extract|  return value|
|ap_return_882                      |  out|   32|  ap_ctrl_hs|      Image_extract|  return value|
|ap_return_883                      |  out|   32|  ap_ctrl_hs|      Image_extract|  return value|
|ap_return_884                      |  out|   32|  ap_ctrl_hs|      Image_extract|  return value|
|ap_return_885                      |  out|   32|  ap_ctrl_hs|      Image_extract|  return value|
|ap_return_886                      |  out|   32|  ap_ctrl_hs|      Image_extract|  return value|
|ap_return_887                      |  out|   32|  ap_ctrl_hs|      Image_extract|  return value|
|ap_return_888                      |  out|   32|  ap_ctrl_hs|      Image_extract|  return value|
|ap_return_889                      |  out|   32|  ap_ctrl_hs|      Image_extract|  return value|
|ap_return_890                      |  out|   32|  ap_ctrl_hs|      Image_extract|  return value|
|ap_return_891                      |  out|   32|  ap_ctrl_hs|      Image_extract|  return value|
|ap_return_892                      |  out|   32|  ap_ctrl_hs|      Image_extract|  return value|
|ap_return_893                      |  out|   32|  ap_ctrl_hs|      Image_extract|  return value|
|ap_return_894                      |  out|   32|  ap_ctrl_hs|      Image_extract|  return value|
|ap_return_895                      |  out|   32|  ap_ctrl_hs|      Image_extract|  return value|
|ap_return_896                      |  out|   32|  ap_ctrl_hs|      Image_extract|  return value|
|ap_return_897                      |  out|   32|  ap_ctrl_hs|      Image_extract|  return value|
|ap_return_898                      |  out|   32|  ap_ctrl_hs|      Image_extract|  return value|
|ap_return_899                      |  out|   32|  ap_ctrl_hs|      Image_extract|  return value|
|ap_return_900                      |  out|   32|  ap_ctrl_hs|      Image_extract|  return value|
|ap_return_901                      |  out|   32|  ap_ctrl_hs|      Image_extract|  return value|
|ap_return_902                      |  out|   32|  ap_ctrl_hs|      Image_extract|  return value|
|ap_return_903                      |  out|   32|  ap_ctrl_hs|      Image_extract|  return value|
|ap_return_904                      |  out|   32|  ap_ctrl_hs|      Image_extract|  return value|
|ap_return_905                      |  out|   32|  ap_ctrl_hs|      Image_extract|  return value|
|ap_return_906                      |  out|   32|  ap_ctrl_hs|      Image_extract|  return value|
|ap_return_907                      |  out|   32|  ap_ctrl_hs|      Image_extract|  return value|
|ap_return_908                      |  out|   32|  ap_ctrl_hs|      Image_extract|  return value|
|ap_return_909                      |  out|   32|  ap_ctrl_hs|      Image_extract|  return value|
|ap_return_910                      |  out|   32|  ap_ctrl_hs|      Image_extract|  return value|
|ap_return_911                      |  out|   32|  ap_ctrl_hs|      Image_extract|  return value|
|ap_return_912                      |  out|   32|  ap_ctrl_hs|      Image_extract|  return value|
|ap_return_913                      |  out|   32|  ap_ctrl_hs|      Image_extract|  return value|
|ap_return_914                      |  out|   32|  ap_ctrl_hs|      Image_extract|  return value|
|ap_return_915                      |  out|   32|  ap_ctrl_hs|      Image_extract|  return value|
|ap_return_916                      |  out|   32|  ap_ctrl_hs|      Image_extract|  return value|
|ap_return_917                      |  out|   32|  ap_ctrl_hs|      Image_extract|  return value|
|ap_return_918                      |  out|   32|  ap_ctrl_hs|      Image_extract|  return value|
|ap_return_919                      |  out|   32|  ap_ctrl_hs|      Image_extract|  return value|
|ap_return_920                      |  out|   32|  ap_ctrl_hs|      Image_extract|  return value|
|ap_return_921                      |  out|   32|  ap_ctrl_hs|      Image_extract|  return value|
|ap_return_922                      |  out|   32|  ap_ctrl_hs|      Image_extract|  return value|
|ap_return_923                      |  out|   32|  ap_ctrl_hs|      Image_extract|  return value|
|ap_return_924                      |  out|   32|  ap_ctrl_hs|      Image_extract|  return value|
|ap_return_925                      |  out|   32|  ap_ctrl_hs|      Image_extract|  return value|
|ap_return_926                      |  out|   32|  ap_ctrl_hs|      Image_extract|  return value|
|ap_return_927                      |  out|   32|  ap_ctrl_hs|      Image_extract|  return value|
|ap_return_928                      |  out|   32|  ap_ctrl_hs|      Image_extract|  return value|
|ap_return_929                      |  out|   32|  ap_ctrl_hs|      Image_extract|  return value|
|ap_return_930                      |  out|   32|  ap_ctrl_hs|      Image_extract|  return value|
|ap_return_931                      |  out|   32|  ap_ctrl_hs|      Image_extract|  return value|
|ap_return_932                      |  out|   32|  ap_ctrl_hs|      Image_extract|  return value|
|ap_return_933                      |  out|   32|  ap_ctrl_hs|      Image_extract|  return value|
|ap_return_934                      |  out|   32|  ap_ctrl_hs|      Image_extract|  return value|
|ap_return_935                      |  out|   32|  ap_ctrl_hs|      Image_extract|  return value|
|ap_return_936                      |  out|   32|  ap_ctrl_hs|      Image_extract|  return value|
|ap_return_937                      |  out|   32|  ap_ctrl_hs|      Image_extract|  return value|
|ap_return_938                      |  out|   32|  ap_ctrl_hs|      Image_extract|  return value|
|ap_return_939                      |  out|   32|  ap_ctrl_hs|      Image_extract|  return value|
|ap_return_940                      |  out|   32|  ap_ctrl_hs|      Image_extract|  return value|
|ap_return_941                      |  out|   32|  ap_ctrl_hs|      Image_extract|  return value|
|ap_return_942                      |  out|   32|  ap_ctrl_hs|      Image_extract|  return value|
|ap_return_943                      |  out|   32|  ap_ctrl_hs|      Image_extract|  return value|
|ap_return_944                      |  out|   32|  ap_ctrl_hs|      Image_extract|  return value|
|ap_return_945                      |  out|   32|  ap_ctrl_hs|      Image_extract|  return value|
|ap_return_946                      |  out|   32|  ap_ctrl_hs|      Image_extract|  return value|
|ap_return_947                      |  out|   32|  ap_ctrl_hs|      Image_extract|  return value|
|ap_return_948                      |  out|   32|  ap_ctrl_hs|      Image_extract|  return value|
|ap_return_949                      |  out|   32|  ap_ctrl_hs|      Image_extract|  return value|
|ap_return_950                      |  out|   32|  ap_ctrl_hs|      Image_extract|  return value|
|ap_return_951                      |  out|   32|  ap_ctrl_hs|      Image_extract|  return value|
|ap_return_952                      |  out|   32|  ap_ctrl_hs|      Image_extract|  return value|
|ap_return_953                      |  out|   32|  ap_ctrl_hs|      Image_extract|  return value|
|ap_return_954                      |  out|   32|  ap_ctrl_hs|      Image_extract|  return value|
|ap_return_955                      |  out|   32|  ap_ctrl_hs|      Image_extract|  return value|
|ap_return_956                      |  out|   32|  ap_ctrl_hs|      Image_extract|  return value|
|ap_return_957                      |  out|   32|  ap_ctrl_hs|      Image_extract|  return value|
|ap_return_958                      |  out|   32|  ap_ctrl_hs|      Image_extract|  return value|
|ap_return_959                      |  out|   32|  ap_ctrl_hs|      Image_extract|  return value|
|ap_return_960                      |  out|   32|  ap_ctrl_hs|      Image_extract|  return value|
|ap_return_961                      |  out|   32|  ap_ctrl_hs|      Image_extract|  return value|
|ap_return_962                      |  out|   32|  ap_ctrl_hs|      Image_extract|  return value|
|ap_return_963                      |  out|   32|  ap_ctrl_hs|      Image_extract|  return value|
|ap_return_964                      |  out|   32|  ap_ctrl_hs|      Image_extract|  return value|
|ap_return_965                      |  out|   32|  ap_ctrl_hs|      Image_extract|  return value|
|ap_return_966                      |  out|   32|  ap_ctrl_hs|      Image_extract|  return value|
|ap_return_967                      |  out|   32|  ap_ctrl_hs|      Image_extract|  return value|
|ap_return_968                      |  out|   32|  ap_ctrl_hs|      Image_extract|  return value|
|ap_return_969                      |  out|   32|  ap_ctrl_hs|      Image_extract|  return value|
|ap_return_970                      |  out|   32|  ap_ctrl_hs|      Image_extract|  return value|
|ap_return_971                      |  out|   32|  ap_ctrl_hs|      Image_extract|  return value|
|ap_return_972                      |  out|   32|  ap_ctrl_hs|      Image_extract|  return value|
|ap_return_973                      |  out|   32|  ap_ctrl_hs|      Image_extract|  return value|
|ap_return_974                      |  out|   32|  ap_ctrl_hs|      Image_extract|  return value|
|ap_return_975                      |  out|   32|  ap_ctrl_hs|      Image_extract|  return value|
|ap_return_976                      |  out|   32|  ap_ctrl_hs|      Image_extract|  return value|
|ap_return_977                      |  out|   32|  ap_ctrl_hs|      Image_extract|  return value|
|ap_return_978                      |  out|   32|  ap_ctrl_hs|      Image_extract|  return value|
|ap_return_979                      |  out|   32|  ap_ctrl_hs|      Image_extract|  return value|
|ap_return_980                      |  out|   32|  ap_ctrl_hs|      Image_extract|  return value|
|ap_return_981                      |  out|   32|  ap_ctrl_hs|      Image_extract|  return value|
|ap_return_982                      |  out|   32|  ap_ctrl_hs|      Image_extract|  return value|
|ap_return_983                      |  out|   32|  ap_ctrl_hs|      Image_extract|  return value|
|ap_return_984                      |  out|   32|  ap_ctrl_hs|      Image_extract|  return value|
|ap_return_985                      |  out|   32|  ap_ctrl_hs|      Image_extract|  return value|
|ap_return_986                      |  out|   32|  ap_ctrl_hs|      Image_extract|  return value|
|ap_return_987                      |  out|   32|  ap_ctrl_hs|      Image_extract|  return value|
|ap_return_988                      |  out|   32|  ap_ctrl_hs|      Image_extract|  return value|
|ap_return_989                      |  out|   32|  ap_ctrl_hs|      Image_extract|  return value|
|ap_return_990                      |  out|   32|  ap_ctrl_hs|      Image_extract|  return value|
|ap_return_991                      |  out|   32|  ap_ctrl_hs|      Image_extract|  return value|
|ap_return_992                      |  out|   32|  ap_ctrl_hs|      Image_extract|  return value|
|ap_return_993                      |  out|   32|  ap_ctrl_hs|      Image_extract|  return value|
|ap_return_994                      |  out|   32|  ap_ctrl_hs|      Image_extract|  return value|
|ap_return_995                      |  out|   32|  ap_ctrl_hs|      Image_extract|  return value|
|ap_return_996                      |  out|   32|  ap_ctrl_hs|      Image_extract|  return value|
|ap_return_997                      |  out|   32|  ap_ctrl_hs|      Image_extract|  return value|
|ap_return_998                      |  out|   32|  ap_ctrl_hs|      Image_extract|  return value|
|ap_return_999                      |  out|   32|  ap_ctrl_hs|      Image_extract|  return value|
|ap_return_1000                     |  out|   32|  ap_ctrl_hs|      Image_extract|  return value|
|ap_return_1001                     |  out|   32|  ap_ctrl_hs|      Image_extract|  return value|
|ap_return_1002                     |  out|   32|  ap_ctrl_hs|      Image_extract|  return value|
|ap_return_1003                     |  out|   32|  ap_ctrl_hs|      Image_extract|  return value|
|ap_return_1004                     |  out|   32|  ap_ctrl_hs|      Image_extract|  return value|
|ap_return_1005                     |  out|   32|  ap_ctrl_hs|      Image_extract|  return value|
|ap_return_1006                     |  out|   32|  ap_ctrl_hs|      Image_extract|  return value|
|ap_return_1007                     |  out|   32|  ap_ctrl_hs|      Image_extract|  return value|
|ap_return_1008                     |  out|   32|  ap_ctrl_hs|      Image_extract|  return value|
|ap_return_1009                     |  out|   32|  ap_ctrl_hs|      Image_extract|  return value|
|ap_return_1010                     |  out|   32|  ap_ctrl_hs|      Image_extract|  return value|
|ap_return_1011                     |  out|   32|  ap_ctrl_hs|      Image_extract|  return value|
|ap_return_1012                     |  out|   32|  ap_ctrl_hs|      Image_extract|  return value|
|ap_return_1013                     |  out|   32|  ap_ctrl_hs|      Image_extract|  return value|
|ap_return_1014                     |  out|   32|  ap_ctrl_hs|      Image_extract|  return value|
|ap_return_1015                     |  out|   32|  ap_ctrl_hs|      Image_extract|  return value|
|ap_return_1016                     |  out|   32|  ap_ctrl_hs|      Image_extract|  return value|
|ap_return_1017                     |  out|   32|  ap_ctrl_hs|      Image_extract|  return value|
|ap_return_1018                     |  out|   32|  ap_ctrl_hs|      Image_extract|  return value|
|ap_return_1019                     |  out|   32|  ap_ctrl_hs|      Image_extract|  return value|
|ap_return_1020                     |  out|   32|  ap_ctrl_hs|      Image_extract|  return value|
|ap_return_1021                     |  out|   32|  ap_ctrl_hs|      Image_extract|  return value|
|ap_return_1022                     |  out|   32|  ap_ctrl_hs|      Image_extract|  return value|
|ap_return_1023                     |  out|   32|  ap_ctrl_hs|      Image_extract|  return value|
|ap_return_1024                     |  out|   32|  ap_ctrl_hs|      Image_extract|  return value|
|ap_return_1025                     |  out|   32|  ap_ctrl_hs|      Image_extract|  return value|
|ap_return_1026                     |  out|   32|  ap_ctrl_hs|      Image_extract|  return value|
|ap_return_1027                     |  out|   32|  ap_ctrl_hs|      Image_extract|  return value|
|ap_return_1028                     |  out|   32|  ap_ctrl_hs|      Image_extract|  return value|
|ap_return_1029                     |  out|   32|  ap_ctrl_hs|      Image_extract|  return value|
|ap_return_1030                     |  out|   32|  ap_ctrl_hs|      Image_extract|  return value|
|ap_return_1031                     |  out|   32|  ap_ctrl_hs|      Image_extract|  return value|
|ap_return_1032                     |  out|   32|  ap_ctrl_hs|      Image_extract|  return value|
|ap_return_1033                     |  out|   32|  ap_ctrl_hs|      Image_extract|  return value|
|ap_return_1034                     |  out|   32|  ap_ctrl_hs|      Image_extract|  return value|
|ap_return_1035                     |  out|   32|  ap_ctrl_hs|      Image_extract|  return value|
|ap_return_1036                     |  out|   32|  ap_ctrl_hs|      Image_extract|  return value|
|ap_return_1037                     |  out|   32|  ap_ctrl_hs|      Image_extract|  return value|
|ap_return_1038                     |  out|   32|  ap_ctrl_hs|      Image_extract|  return value|
|ap_return_1039                     |  out|   32|  ap_ctrl_hs|      Image_extract|  return value|
|ap_return_1040                     |  out|   32|  ap_ctrl_hs|      Image_extract|  return value|
|ap_return_1041                     |  out|   32|  ap_ctrl_hs|      Image_extract|  return value|
|ap_return_1042                     |  out|   32|  ap_ctrl_hs|      Image_extract|  return value|
|ap_return_1043                     |  out|   32|  ap_ctrl_hs|      Image_extract|  return value|
|ap_return_1044                     |  out|   32|  ap_ctrl_hs|      Image_extract|  return value|
|ap_return_1045                     |  out|   32|  ap_ctrl_hs|      Image_extract|  return value|
|ap_return_1046                     |  out|   32|  ap_ctrl_hs|      Image_extract|  return value|
|ap_return_1047                     |  out|   32|  ap_ctrl_hs|      Image_extract|  return value|
|ap_return_1048                     |  out|   32|  ap_ctrl_hs|      Image_extract|  return value|
|ap_return_1049                     |  out|   32|  ap_ctrl_hs|      Image_extract|  return value|
|ap_return_1050                     |  out|   32|  ap_ctrl_hs|      Image_extract|  return value|
|ap_return_1051                     |  out|   32|  ap_ctrl_hs|      Image_extract|  return value|
|ap_return_1052                     |  out|   32|  ap_ctrl_hs|      Image_extract|  return value|
|ap_return_1053                     |  out|   32|  ap_ctrl_hs|      Image_extract|  return value|
|ap_return_1054                     |  out|   32|  ap_ctrl_hs|      Image_extract|  return value|
|ap_return_1055                     |  out|   32|  ap_ctrl_hs|      Image_extract|  return value|
|ap_return_1056                     |  out|   32|  ap_ctrl_hs|      Image_extract|  return value|
|ap_return_1057                     |  out|   32|  ap_ctrl_hs|      Image_extract|  return value|
|ap_return_1058                     |  out|   32|  ap_ctrl_hs|      Image_extract|  return value|
|ap_return_1059                     |  out|   32|  ap_ctrl_hs|      Image_extract|  return value|
|ap_return_1060                     |  out|   32|  ap_ctrl_hs|      Image_extract|  return value|
|ap_return_1061                     |  out|   32|  ap_ctrl_hs|      Image_extract|  return value|
|ap_return_1062                     |  out|   32|  ap_ctrl_hs|      Image_extract|  return value|
|ap_return_1063                     |  out|   32|  ap_ctrl_hs|      Image_extract|  return value|
|ap_return_1064                     |  out|   32|  ap_ctrl_hs|      Image_extract|  return value|
|ap_return_1065                     |  out|   32|  ap_ctrl_hs|      Image_extract|  return value|
|ap_return_1066                     |  out|   32|  ap_ctrl_hs|      Image_extract|  return value|
|ap_return_1067                     |  out|   32|  ap_ctrl_hs|      Image_extract|  return value|
|ap_return_1068                     |  out|   32|  ap_ctrl_hs|      Image_extract|  return value|
|ap_return_1069                     |  out|   32|  ap_ctrl_hs|      Image_extract|  return value|
|ap_return_1070                     |  out|   32|  ap_ctrl_hs|      Image_extract|  return value|
|ap_return_1071                     |  out|   32|  ap_ctrl_hs|      Image_extract|  return value|
|ap_return_1072                     |  out|   32|  ap_ctrl_hs|      Image_extract|  return value|
|ap_return_1073                     |  out|   32|  ap_ctrl_hs|      Image_extract|  return value|
|ap_return_1074                     |  out|   32|  ap_ctrl_hs|      Image_extract|  return value|
|ap_return_1075                     |  out|   32|  ap_ctrl_hs|      Image_extract|  return value|
|ap_return_1076                     |  out|   32|  ap_ctrl_hs|      Image_extract|  return value|
|ap_return_1077                     |  out|   32|  ap_ctrl_hs|      Image_extract|  return value|
|ap_return_1078                     |  out|   32|  ap_ctrl_hs|      Image_extract|  return value|
|ap_return_1079                     |  out|   32|  ap_ctrl_hs|      Image_extract|  return value|
|ap_return_1080                     |  out|   32|  ap_ctrl_hs|      Image_extract|  return value|
|ap_return_1081                     |  out|   32|  ap_ctrl_hs|      Image_extract|  return value|
|ap_return_1082                     |  out|   32|  ap_ctrl_hs|      Image_extract|  return value|
|ap_return_1083                     |  out|   32|  ap_ctrl_hs|      Image_extract|  return value|
|ap_return_1084                     |  out|   32|  ap_ctrl_hs|      Image_extract|  return value|
|ap_return_1085                     |  out|   32|  ap_ctrl_hs|      Image_extract|  return value|
|ap_return_1086                     |  out|   32|  ap_ctrl_hs|      Image_extract|  return value|
|ap_return_1087                     |  out|   32|  ap_ctrl_hs|      Image_extract|  return value|
|ap_return_1088                     |  out|   32|  ap_ctrl_hs|      Image_extract|  return value|
|ap_return_1089                     |  out|   32|  ap_ctrl_hs|      Image_extract|  return value|
|ap_return_1090                     |  out|   32|  ap_ctrl_hs|      Image_extract|  return value|
|ap_return_1091                     |  out|   32|  ap_ctrl_hs|      Image_extract|  return value|
|ap_return_1092                     |  out|   32|  ap_ctrl_hs|      Image_extract|  return value|
|ap_return_1093                     |  out|   32|  ap_ctrl_hs|      Image_extract|  return value|
|ap_return_1094                     |  out|   32|  ap_ctrl_hs|      Image_extract|  return value|
|ap_return_1095                     |  out|   32|  ap_ctrl_hs|      Image_extract|  return value|
|ap_return_1096                     |  out|   32|  ap_ctrl_hs|      Image_extract|  return value|
|ap_return_1097                     |  out|   32|  ap_ctrl_hs|      Image_extract|  return value|
|ap_return_1098                     |  out|   32|  ap_ctrl_hs|      Image_extract|  return value|
|ap_return_1099                     |  out|   32|  ap_ctrl_hs|      Image_extract|  return value|
|ap_return_1100                     |  out|   32|  ap_ctrl_hs|      Image_extract|  return value|
|ap_return_1101                     |  out|   32|  ap_ctrl_hs|      Image_extract|  return value|
|ap_return_1102                     |  out|   32|  ap_ctrl_hs|      Image_extract|  return value|
|ap_return_1103                     |  out|   32|  ap_ctrl_hs|      Image_extract|  return value|
|ap_return_1104                     |  out|   32|  ap_ctrl_hs|      Image_extract|  return value|
|ap_return_1105                     |  out|   32|  ap_ctrl_hs|      Image_extract|  return value|
|ap_return_1106                     |  out|   32|  ap_ctrl_hs|      Image_extract|  return value|
|ap_return_1107                     |  out|   32|  ap_ctrl_hs|      Image_extract|  return value|
|ap_return_1108                     |  out|   32|  ap_ctrl_hs|      Image_extract|  return value|
|ap_return_1109                     |  out|   32|  ap_ctrl_hs|      Image_extract|  return value|
|ap_return_1110                     |  out|   32|  ap_ctrl_hs|      Image_extract|  return value|
|ap_return_1111                     |  out|   32|  ap_ctrl_hs|      Image_extract|  return value|
|ap_return_1112                     |  out|   32|  ap_ctrl_hs|      Image_extract|  return value|
|ap_return_1113                     |  out|   32|  ap_ctrl_hs|      Image_extract|  return value|
|ap_return_1114                     |  out|   32|  ap_ctrl_hs|      Image_extract|  return value|
|ap_return_1115                     |  out|   32|  ap_ctrl_hs|      Image_extract|  return value|
|ap_return_1116                     |  out|   32|  ap_ctrl_hs|      Image_extract|  return value|
|ap_return_1117                     |  out|   32|  ap_ctrl_hs|      Image_extract|  return value|
|ap_return_1118                     |  out|   32|  ap_ctrl_hs|      Image_extract|  return value|
|ap_return_1119                     |  out|   32|  ap_ctrl_hs|      Image_extract|  return value|
|ap_return_1120                     |  out|   32|  ap_ctrl_hs|      Image_extract|  return value|
|ap_return_1121                     |  out|   32|  ap_ctrl_hs|      Image_extract|  return value|
|ap_return_1122                     |  out|   32|  ap_ctrl_hs|      Image_extract|  return value|
|ap_return_1123                     |  out|   32|  ap_ctrl_hs|      Image_extract|  return value|
|ap_return_1124                     |  out|   32|  ap_ctrl_hs|      Image_extract|  return value|
|ap_return_1125                     |  out|   32|  ap_ctrl_hs|      Image_extract|  return value|
|ap_return_1126                     |  out|   32|  ap_ctrl_hs|      Image_extract|  return value|
|ap_return_1127                     |  out|   32|  ap_ctrl_hs|      Image_extract|  return value|
|ap_return_1128                     |  out|   32|  ap_ctrl_hs|      Image_extract|  return value|
|ap_return_1129                     |  out|   32|  ap_ctrl_hs|      Image_extract|  return value|
|ap_return_1130                     |  out|   32|  ap_ctrl_hs|      Image_extract|  return value|
|ap_return_1131                     |  out|   32|  ap_ctrl_hs|      Image_extract|  return value|
|ap_return_1132                     |  out|   32|  ap_ctrl_hs|      Image_extract|  return value|
|ap_return_1133                     |  out|   32|  ap_ctrl_hs|      Image_extract|  return value|
|ap_return_1134                     |  out|   32|  ap_ctrl_hs|      Image_extract|  return value|
|ap_return_1135                     |  out|   32|  ap_ctrl_hs|      Image_extract|  return value|
|ap_return_1136                     |  out|   32|  ap_ctrl_hs|      Image_extract|  return value|
|ap_return_1137                     |  out|   32|  ap_ctrl_hs|      Image_extract|  return value|
|ap_return_1138                     |  out|   32|  ap_ctrl_hs|      Image_extract|  return value|
|ap_return_1139                     |  out|   32|  ap_ctrl_hs|      Image_extract|  return value|
|ap_return_1140                     |  out|   32|  ap_ctrl_hs|      Image_extract|  return value|
|ap_return_1141                     |  out|   32|  ap_ctrl_hs|      Image_extract|  return value|
|ap_return_1142                     |  out|   32|  ap_ctrl_hs|      Image_extract|  return value|
|ap_return_1143                     |  out|   32|  ap_ctrl_hs|      Image_extract|  return value|
|ap_return_1144                     |  out|   32|  ap_ctrl_hs|      Image_extract|  return value|
|ap_return_1145                     |  out|   32|  ap_ctrl_hs|      Image_extract|  return value|
|ap_return_1146                     |  out|   32|  ap_ctrl_hs|      Image_extract|  return value|
|ap_return_1147                     |  out|   32|  ap_ctrl_hs|      Image_extract|  return value|
|ap_return_1148                     |  out|   32|  ap_ctrl_hs|      Image_extract|  return value|
|ap_return_1149                     |  out|   32|  ap_ctrl_hs|      Image_extract|  return value|
|ap_return_1150                     |  out|   32|  ap_ctrl_hs|      Image_extract|  return value|
|ap_return_1151                     |  out|   32|  ap_ctrl_hs|      Image_extract|  return value|
|ap_return_1152                     |  out|   32|  ap_ctrl_hs|      Image_extract|  return value|
|ap_return_1153                     |  out|   32|  ap_ctrl_hs|      Image_extract|  return value|
|ap_return_1154                     |  out|   32|  ap_ctrl_hs|      Image_extract|  return value|
|ap_return_1155                     |  out|   32|  ap_ctrl_hs|      Image_extract|  return value|
|ap_return_1156                     |  out|   32|  ap_ctrl_hs|      Image_extract|  return value|
|ap_return_1157                     |  out|   32|  ap_ctrl_hs|      Image_extract|  return value|
|ap_return_1158                     |  out|   32|  ap_ctrl_hs|      Image_extract|  return value|
|ap_return_1159                     |  out|   32|  ap_ctrl_hs|      Image_extract|  return value|
|ap_return_1160                     |  out|   32|  ap_ctrl_hs|      Image_extract|  return value|
|ap_return_1161                     |  out|   32|  ap_ctrl_hs|      Image_extract|  return value|
|ap_return_1162                     |  out|   32|  ap_ctrl_hs|      Image_extract|  return value|
|ap_return_1163                     |  out|   32|  ap_ctrl_hs|      Image_extract|  return value|
|ap_return_1164                     |  out|   32|  ap_ctrl_hs|      Image_extract|  return value|
|ap_return_1165                     |  out|   32|  ap_ctrl_hs|      Image_extract|  return value|
|ap_return_1166                     |  out|   32|  ap_ctrl_hs|      Image_extract|  return value|
|ap_return_1167                     |  out|   32|  ap_ctrl_hs|      Image_extract|  return value|
|ap_return_1168                     |  out|   32|  ap_ctrl_hs|      Image_extract|  return value|
|ap_return_1169                     |  out|   32|  ap_ctrl_hs|      Image_extract|  return value|
|ap_return_1170                     |  out|   32|  ap_ctrl_hs|      Image_extract|  return value|
|ap_return_1171                     |  out|   32|  ap_ctrl_hs|      Image_extract|  return value|
|ap_return_1172                     |  out|   32|  ap_ctrl_hs|      Image_extract|  return value|
|ap_return_1173                     |  out|   32|  ap_ctrl_hs|      Image_extract|  return value|
|ap_return_1174                     |  out|   32|  ap_ctrl_hs|      Image_extract|  return value|
|ap_return_1175                     |  out|   32|  ap_ctrl_hs|      Image_extract|  return value|
|ap_return_1176                     |  out|   32|  ap_ctrl_hs|      Image_extract|  return value|
|ap_return_1177                     |  out|   32|  ap_ctrl_hs|      Image_extract|  return value|
|ap_return_1178                     |  out|   32|  ap_ctrl_hs|      Image_extract|  return value|
|ap_return_1179                     |  out|   32|  ap_ctrl_hs|      Image_extract|  return value|
|ap_return_1180                     |  out|   32|  ap_ctrl_hs|      Image_extract|  return value|
|ap_return_1181                     |  out|   32|  ap_ctrl_hs|      Image_extract|  return value|
|ap_return_1182                     |  out|   32|  ap_ctrl_hs|      Image_extract|  return value|
|ap_return_1183                     |  out|   32|  ap_ctrl_hs|      Image_extract|  return value|
|ap_return_1184                     |  out|   32|  ap_ctrl_hs|      Image_extract|  return value|
|ap_return_1185                     |  out|   32|  ap_ctrl_hs|      Image_extract|  return value|
|ap_return_1186                     |  out|   32|  ap_ctrl_hs|      Image_extract|  return value|
|ap_return_1187                     |  out|   32|  ap_ctrl_hs|      Image_extract|  return value|
|ap_return_1188                     |  out|   32|  ap_ctrl_hs|      Image_extract|  return value|
|ap_return_1189                     |  out|   32|  ap_ctrl_hs|      Image_extract|  return value|
|ap_return_1190                     |  out|   32|  ap_ctrl_hs|      Image_extract|  return value|
|ap_return_1191                     |  out|   32|  ap_ctrl_hs|      Image_extract|  return value|
|ap_return_1192                     |  out|   32|  ap_ctrl_hs|      Image_extract|  return value|
|ap_return_1193                     |  out|   32|  ap_ctrl_hs|      Image_extract|  return value|
|ap_return_1194                     |  out|   32|  ap_ctrl_hs|      Image_extract|  return value|
|ap_return_1195                     |  out|   32|  ap_ctrl_hs|      Image_extract|  return value|
|ap_return_1196                     |  out|   32|  ap_ctrl_hs|      Image_extract|  return value|
|ap_return_1197                     |  out|   32|  ap_ctrl_hs|      Image_extract|  return value|
|ap_return_1198                     |  out|   32|  ap_ctrl_hs|      Image_extract|  return value|
|ap_return_1199                     |  out|   32|  ap_ctrl_hs|      Image_extract|  return value|
|ap_return_1200                     |  out|   32|  ap_ctrl_hs|      Image_extract|  return value|
|ap_return_1201                     |  out|   32|  ap_ctrl_hs|      Image_extract|  return value|
|ap_return_1202                     |  out|   32|  ap_ctrl_hs|      Image_extract|  return value|
|ap_return_1203                     |  out|   32|  ap_ctrl_hs|      Image_extract|  return value|
|ap_return_1204                     |  out|   32|  ap_ctrl_hs|      Image_extract|  return value|
|ap_return_1205                     |  out|   32|  ap_ctrl_hs|      Image_extract|  return value|
|ap_return_1206                     |  out|   32|  ap_ctrl_hs|      Image_extract|  return value|
|ap_return_1207                     |  out|   32|  ap_ctrl_hs|      Image_extract|  return value|
|ap_return_1208                     |  out|   32|  ap_ctrl_hs|      Image_extract|  return value|
|ap_return_1209                     |  out|   32|  ap_ctrl_hs|      Image_extract|  return value|
|ap_return_1210                     |  out|   32|  ap_ctrl_hs|      Image_extract|  return value|
|ap_return_1211                     |  out|   32|  ap_ctrl_hs|      Image_extract|  return value|
|ap_return_1212                     |  out|   32|  ap_ctrl_hs|      Image_extract|  return value|
|ap_return_1213                     |  out|   32|  ap_ctrl_hs|      Image_extract|  return value|
|ap_return_1214                     |  out|   32|  ap_ctrl_hs|      Image_extract|  return value|
|ap_return_1215                     |  out|   32|  ap_ctrl_hs|      Image_extract|  return value|
|ap_return_1216                     |  out|   32|  ap_ctrl_hs|      Image_extract|  return value|
|ap_return_1217                     |  out|   32|  ap_ctrl_hs|      Image_extract|  return value|
|ap_return_1218                     |  out|   32|  ap_ctrl_hs|      Image_extract|  return value|
|ap_return_1219                     |  out|   32|  ap_ctrl_hs|      Image_extract|  return value|
|ap_return_1220                     |  out|   32|  ap_ctrl_hs|      Image_extract|  return value|
|ap_return_1221                     |  out|   32|  ap_ctrl_hs|      Image_extract|  return value|
|ap_return_1222                     |  out|   32|  ap_ctrl_hs|      Image_extract|  return value|
|ap_return_1223                     |  out|   32|  ap_ctrl_hs|      Image_extract|  return value|
|ap_return_1224                     |  out|   32|  ap_ctrl_hs|      Image_extract|  return value|
|ap_return_1225                     |  out|   32|  ap_ctrl_hs|      Image_extract|  return value|
|ap_return_1226                     |  out|   32|  ap_ctrl_hs|      Image_extract|  return value|
|ap_return_1227                     |  out|   32|  ap_ctrl_hs|      Image_extract|  return value|
|ap_return_1228                     |  out|   32|  ap_ctrl_hs|      Image_extract|  return value|
|ap_return_1229                     |  out|   32|  ap_ctrl_hs|      Image_extract|  return value|
|ap_return_1230                     |  out|   32|  ap_ctrl_hs|      Image_extract|  return value|
|ap_return_1231                     |  out|   32|  ap_ctrl_hs|      Image_extract|  return value|
|ap_return_1232                     |  out|   32|  ap_ctrl_hs|      Image_extract|  return value|
|ap_return_1233                     |  out|   32|  ap_ctrl_hs|      Image_extract|  return value|
|ap_return_1234                     |  out|   32|  ap_ctrl_hs|      Image_extract|  return value|
|ap_return_1235                     |  out|   32|  ap_ctrl_hs|      Image_extract|  return value|
|ap_return_1236                     |  out|   32|  ap_ctrl_hs|      Image_extract|  return value|
|ap_return_1237                     |  out|   32|  ap_ctrl_hs|      Image_extract|  return value|
|ap_return_1238                     |  out|   32|  ap_ctrl_hs|      Image_extract|  return value|
|ap_return_1239                     |  out|   32|  ap_ctrl_hs|      Image_extract|  return value|
|ap_return_1240                     |  out|   32|  ap_ctrl_hs|      Image_extract|  return value|
|ap_return_1241                     |  out|   32|  ap_ctrl_hs|      Image_extract|  return value|
|ap_return_1242                     |  out|   32|  ap_ctrl_hs|      Image_extract|  return value|
|ap_return_1243                     |  out|   32|  ap_ctrl_hs|      Image_extract|  return value|
|ap_return_1244                     |  out|   32|  ap_ctrl_hs|      Image_extract|  return value|
|ap_return_1245                     |  out|   32|  ap_ctrl_hs|      Image_extract|  return value|
|ap_return_1246                     |  out|   32|  ap_ctrl_hs|      Image_extract|  return value|
|ap_return_1247                     |  out|   32|  ap_ctrl_hs|      Image_extract|  return value|
|ap_return_1248                     |  out|   32|  ap_ctrl_hs|      Image_extract|  return value|
|ap_return_1249                     |  out|   32|  ap_ctrl_hs|      Image_extract|  return value|
|ap_return_1250                     |  out|   32|  ap_ctrl_hs|      Image_extract|  return value|
|ap_return_1251                     |  out|   32|  ap_ctrl_hs|      Image_extract|  return value|
|ap_return_1252                     |  out|   32|  ap_ctrl_hs|      Image_extract|  return value|
|ap_return_1253                     |  out|   32|  ap_ctrl_hs|      Image_extract|  return value|
|ap_return_1254                     |  out|   32|  ap_ctrl_hs|      Image_extract|  return value|
|ap_return_1255                     |  out|   32|  ap_ctrl_hs|      Image_extract|  return value|
|ap_return_1256                     |  out|   32|  ap_ctrl_hs|      Image_extract|  return value|
|ap_return_1257                     |  out|   32|  ap_ctrl_hs|      Image_extract|  return value|
|ap_return_1258                     |  out|   32|  ap_ctrl_hs|      Image_extract|  return value|
|ap_return_1259                     |  out|   32|  ap_ctrl_hs|      Image_extract|  return value|
|ap_return_1260                     |  out|   32|  ap_ctrl_hs|      Image_extract|  return value|
|ap_return_1261                     |  out|   32|  ap_ctrl_hs|      Image_extract|  return value|
|ap_return_1262                     |  out|   32|  ap_ctrl_hs|      Image_extract|  return value|
|ap_return_1263                     |  out|   32|  ap_ctrl_hs|      Image_extract|  return value|
|ap_return_1264                     |  out|   32|  ap_ctrl_hs|      Image_extract|  return value|
|ap_return_1265                     |  out|   32|  ap_ctrl_hs|      Image_extract|  return value|
|ap_return_1266                     |  out|   32|  ap_ctrl_hs|      Image_extract|  return value|
|ap_return_1267                     |  out|   32|  ap_ctrl_hs|      Image_extract|  return value|
|ap_return_1268                     |  out|   32|  ap_ctrl_hs|      Image_extract|  return value|
|ap_return_1269                     |  out|   32|  ap_ctrl_hs|      Image_extract|  return value|
|ap_return_1270                     |  out|   32|  ap_ctrl_hs|      Image_extract|  return value|
|ap_return_1271                     |  out|   32|  ap_ctrl_hs|      Image_extract|  return value|
|ap_return_1272                     |  out|   32|  ap_ctrl_hs|      Image_extract|  return value|
|ap_return_1273                     |  out|   32|  ap_ctrl_hs|      Image_extract|  return value|
|ap_return_1274                     |  out|   32|  ap_ctrl_hs|      Image_extract|  return value|
|ap_return_1275                     |  out|   32|  ap_ctrl_hs|      Image_extract|  return value|
|ap_return_1276                     |  out|   32|  ap_ctrl_hs|      Image_extract|  return value|
|ap_return_1277                     |  out|   32|  ap_ctrl_hs|      Image_extract|  return value|
|ap_return_1278                     |  out|   32|  ap_ctrl_hs|      Image_extract|  return value|
|ap_return_1279                     |  out|   32|  ap_ctrl_hs|      Image_extract|  return value|
|ap_return_1280                     |  out|   32|  ap_ctrl_hs|      Image_extract|  return value|
|ap_return_1281                     |  out|   32|  ap_ctrl_hs|      Image_extract|  return value|
|ap_return_1282                     |  out|   32|  ap_ctrl_hs|      Image_extract|  return value|
|ap_return_1283                     |  out|   32|  ap_ctrl_hs|      Image_extract|  return value|
|ap_return_1284                     |  out|   32|  ap_ctrl_hs|      Image_extract|  return value|
|ap_return_1285                     |  out|   32|  ap_ctrl_hs|      Image_extract|  return value|
|ap_return_1286                     |  out|   32|  ap_ctrl_hs|      Image_extract|  return value|
|ap_return_1287                     |  out|   32|  ap_ctrl_hs|      Image_extract|  return value|
|ap_return_1288                     |  out|   32|  ap_ctrl_hs|      Image_extract|  return value|
|ap_return_1289                     |  out|   32|  ap_ctrl_hs|      Image_extract|  return value|
|ap_return_1290                     |  out|   32|  ap_ctrl_hs|      Image_extract|  return value|
|ap_return_1291                     |  out|   32|  ap_ctrl_hs|      Image_extract|  return value|
|ap_return_1292                     |  out|   32|  ap_ctrl_hs|      Image_extract|  return value|
|ap_return_1293                     |  out|   32|  ap_ctrl_hs|      Image_extract|  return value|
|ap_return_1294                     |  out|   32|  ap_ctrl_hs|      Image_extract|  return value|
|ap_return_1295                     |  out|   32|  ap_ctrl_hs|      Image_extract|  return value|
|ap_return_1296                     |  out|   32|  ap_ctrl_hs|      Image_extract|  return value|
|ap_return_1297                     |  out|   32|  ap_ctrl_hs|      Image_extract|  return value|
|ap_return_1298                     |  out|   32|  ap_ctrl_hs|      Image_extract|  return value|
|ap_return_1299                     |  out|   32|  ap_ctrl_hs|      Image_extract|  return value|
|ap_return_1300                     |  out|   32|  ap_ctrl_hs|      Image_extract|  return value|
|ap_return_1301                     |  out|   32|  ap_ctrl_hs|      Image_extract|  return value|
|ap_return_1302                     |  out|   32|  ap_ctrl_hs|      Image_extract|  return value|
|ap_return_1303                     |  out|   32|  ap_ctrl_hs|      Image_extract|  return value|
|ap_return_1304                     |  out|   32|  ap_ctrl_hs|      Image_extract|  return value|
|ap_return_1305                     |  out|   32|  ap_ctrl_hs|      Image_extract|  return value|
|ap_return_1306                     |  out|   32|  ap_ctrl_hs|      Image_extract|  return value|
|ap_return_1307                     |  out|   32|  ap_ctrl_hs|      Image_extract|  return value|
|ap_return_1308                     |  out|   32|  ap_ctrl_hs|      Image_extract|  return value|
|ap_return_1309                     |  out|   32|  ap_ctrl_hs|      Image_extract|  return value|
|ap_return_1310                     |  out|   32|  ap_ctrl_hs|      Image_extract|  return value|
|ap_return_1311                     |  out|   32|  ap_ctrl_hs|      Image_extract|  return value|
|ap_return_1312                     |  out|   32|  ap_ctrl_hs|      Image_extract|  return value|
|ap_return_1313                     |  out|   32|  ap_ctrl_hs|      Image_extract|  return value|
|ap_return_1314                     |  out|   32|  ap_ctrl_hs|      Image_extract|  return value|
|ap_return_1315                     |  out|   32|  ap_ctrl_hs|      Image_extract|  return value|
|ap_return_1316                     |  out|   32|  ap_ctrl_hs|      Image_extract|  return value|
|ap_return_1317                     |  out|   32|  ap_ctrl_hs|      Image_extract|  return value|
|ap_return_1318                     |  out|   32|  ap_ctrl_hs|      Image_extract|  return value|
|ap_return_1319                     |  out|   32|  ap_ctrl_hs|      Image_extract|  return value|
|ap_return_1320                     |  out|   32|  ap_ctrl_hs|      Image_extract|  return value|
|ap_return_1321                     |  out|   32|  ap_ctrl_hs|      Image_extract|  return value|
|ap_return_1322                     |  out|   32|  ap_ctrl_hs|      Image_extract|  return value|
|ap_return_1323                     |  out|   32|  ap_ctrl_hs|      Image_extract|  return value|
|ap_return_1324                     |  out|   32|  ap_ctrl_hs|      Image_extract|  return value|
|ap_return_1325                     |  out|   32|  ap_ctrl_hs|      Image_extract|  return value|
|ap_return_1326                     |  out|   32|  ap_ctrl_hs|      Image_extract|  return value|
|ap_return_1327                     |  out|   32|  ap_ctrl_hs|      Image_extract|  return value|
|ap_return_1328                     |  out|   32|  ap_ctrl_hs|      Image_extract|  return value|
|ap_return_1329                     |  out|   32|  ap_ctrl_hs|      Image_extract|  return value|
|ap_return_1330                     |  out|   32|  ap_ctrl_hs|      Image_extract|  return value|
|ap_return_1331                     |  out|   32|  ap_ctrl_hs|      Image_extract|  return value|
|ap_return_1332                     |  out|   32|  ap_ctrl_hs|      Image_extract|  return value|
|ap_return_1333                     |  out|   32|  ap_ctrl_hs|      Image_extract|  return value|
|ap_return_1334                     |  out|   32|  ap_ctrl_hs|      Image_extract|  return value|
|ap_return_1335                     |  out|   32|  ap_ctrl_hs|      Image_extract|  return value|
|ap_return_1336                     |  out|   32|  ap_ctrl_hs|      Image_extract|  return value|
|ap_return_1337                     |  out|   32|  ap_ctrl_hs|      Image_extract|  return value|
|ap_return_1338                     |  out|   32|  ap_ctrl_hs|      Image_extract|  return value|
|ap_return_1339                     |  out|   32|  ap_ctrl_hs|      Image_extract|  return value|
|ap_return_1340                     |  out|   32|  ap_ctrl_hs|      Image_extract|  return value|
|ap_return_1341                     |  out|   32|  ap_ctrl_hs|      Image_extract|  return value|
|ap_return_1342                     |  out|   32|  ap_ctrl_hs|      Image_extract|  return value|
|ap_return_1343                     |  out|   32|  ap_ctrl_hs|      Image_extract|  return value|
|ap_return_1344                     |  out|   32|  ap_ctrl_hs|      Image_extract|  return value|
|ap_return_1345                     |  out|   32|  ap_ctrl_hs|      Image_extract|  return value|
|ap_return_1346                     |  out|   32|  ap_ctrl_hs|      Image_extract|  return value|
|ap_return_1347                     |  out|   32|  ap_ctrl_hs|      Image_extract|  return value|
|ap_return_1348                     |  out|   32|  ap_ctrl_hs|      Image_extract|  return value|
|ap_return_1349                     |  out|   32|  ap_ctrl_hs|      Image_extract|  return value|
|ap_return_1350                     |  out|   32|  ap_ctrl_hs|      Image_extract|  return value|
|ap_return_1351                     |  out|   32|  ap_ctrl_hs|      Image_extract|  return value|
|ap_return_1352                     |  out|   32|  ap_ctrl_hs|      Image_extract|  return value|
|ap_return_1353                     |  out|   32|  ap_ctrl_hs|      Image_extract|  return value|
|ap_return_1354                     |  out|   32|  ap_ctrl_hs|      Image_extract|  return value|
|ap_return_1355                     |  out|   32|  ap_ctrl_hs|      Image_extract|  return value|
|ap_return_1356                     |  out|   32|  ap_ctrl_hs|      Image_extract|  return value|
|ap_return_1357                     |  out|   32|  ap_ctrl_hs|      Image_extract|  return value|
|ap_return_1358                     |  out|   32|  ap_ctrl_hs|      Image_extract|  return value|
|ap_return_1359                     |  out|   32|  ap_ctrl_hs|      Image_extract|  return value|
|ap_return_1360                     |  out|   32|  ap_ctrl_hs|      Image_extract|  return value|
|ap_return_1361                     |  out|   32|  ap_ctrl_hs|      Image_extract|  return value|
|ap_return_1362                     |  out|   32|  ap_ctrl_hs|      Image_extract|  return value|
|ap_return_1363                     |  out|   32|  ap_ctrl_hs|      Image_extract|  return value|
|ap_return_1364                     |  out|   32|  ap_ctrl_hs|      Image_extract|  return value|
|ap_return_1365                     |  out|   32|  ap_ctrl_hs|      Image_extract|  return value|
|ap_return_1366                     |  out|   32|  ap_ctrl_hs|      Image_extract|  return value|
|ap_return_1367                     |  out|   32|  ap_ctrl_hs|      Image_extract|  return value|
|ap_return_1368                     |  out|   32|  ap_ctrl_hs|      Image_extract|  return value|
|ap_return_1369                     |  out|   32|  ap_ctrl_hs|      Image_extract|  return value|
|ap_return_1370                     |  out|   32|  ap_ctrl_hs|      Image_extract|  return value|
|ap_return_1371                     |  out|   32|  ap_ctrl_hs|      Image_extract|  return value|
|ap_return_1372                     |  out|   32|  ap_ctrl_hs|      Image_extract|  return value|
|ap_return_1373                     |  out|   32|  ap_ctrl_hs|      Image_extract|  return value|
|ap_return_1374                     |  out|   32|  ap_ctrl_hs|      Image_extract|  return value|
|ap_return_1375                     |  out|   32|  ap_ctrl_hs|      Image_extract|  return value|
|ap_return_1376                     |  out|   32|  ap_ctrl_hs|      Image_extract|  return value|
|ap_return_1377                     |  out|   32|  ap_ctrl_hs|      Image_extract|  return value|
|ap_return_1378                     |  out|   32|  ap_ctrl_hs|      Image_extract|  return value|
|ap_return_1379                     |  out|   32|  ap_ctrl_hs|      Image_extract|  return value|
|ap_return_1380                     |  out|   32|  ap_ctrl_hs|      Image_extract|  return value|
|ap_return_1381                     |  out|   32|  ap_ctrl_hs|      Image_extract|  return value|
|ap_return_1382                     |  out|   32|  ap_ctrl_hs|      Image_extract|  return value|
|ap_return_1383                     |  out|   32|  ap_ctrl_hs|      Image_extract|  return value|
|ap_return_1384                     |  out|   32|  ap_ctrl_hs|      Image_extract|  return value|
|ap_return_1385                     |  out|   32|  ap_ctrl_hs|      Image_extract|  return value|
|ap_return_1386                     |  out|   32|  ap_ctrl_hs|      Image_extract|  return value|
|ap_return_1387                     |  out|   32|  ap_ctrl_hs|      Image_extract|  return value|
|ap_return_1388                     |  out|   32|  ap_ctrl_hs|      Image_extract|  return value|
|ap_return_1389                     |  out|   32|  ap_ctrl_hs|      Image_extract|  return value|
|ap_return_1390                     |  out|   32|  ap_ctrl_hs|      Image_extract|  return value|
|ap_return_1391                     |  out|   32|  ap_ctrl_hs|      Image_extract|  return value|
|ap_return_1392                     |  out|   32|  ap_ctrl_hs|      Image_extract|  return value|
|ap_return_1393                     |  out|   32|  ap_ctrl_hs|      Image_extract|  return value|
|ap_return_1394                     |  out|   32|  ap_ctrl_hs|      Image_extract|  return value|
|ap_return_1395                     |  out|   32|  ap_ctrl_hs|      Image_extract|  return value|
|ap_return_1396                     |  out|   32|  ap_ctrl_hs|      Image_extract|  return value|
|ap_return_1397                     |  out|   32|  ap_ctrl_hs|      Image_extract|  return value|
|ap_return_1398                     |  out|   32|  ap_ctrl_hs|      Image_extract|  return value|
|ap_return_1399                     |  out|   32|  ap_ctrl_hs|      Image_extract|  return value|
|ap_return_1400                     |  out|   32|  ap_ctrl_hs|      Image_extract|  return value|
|ap_return_1401                     |  out|   32|  ap_ctrl_hs|      Image_extract|  return value|
|ap_return_1402                     |  out|   32|  ap_ctrl_hs|      Image_extract|  return value|
|ap_return_1403                     |  out|   32|  ap_ctrl_hs|      Image_extract|  return value|
|ap_return_1404                     |  out|   32|  ap_ctrl_hs|      Image_extract|  return value|
|ap_return_1405                     |  out|   32|  ap_ctrl_hs|      Image_extract|  return value|
|ap_return_1406                     |  out|   32|  ap_ctrl_hs|      Image_extract|  return value|
|ap_return_1407                     |  out|   32|  ap_ctrl_hs|      Image_extract|  return value|
|ap_return_1408                     |  out|   32|  ap_ctrl_hs|      Image_extract|  return value|
|ap_return_1409                     |  out|   32|  ap_ctrl_hs|      Image_extract|  return value|
|ap_return_1410                     |  out|   32|  ap_ctrl_hs|      Image_extract|  return value|
|ap_return_1411                     |  out|   32|  ap_ctrl_hs|      Image_extract|  return value|
|ap_return_1412                     |  out|   32|  ap_ctrl_hs|      Image_extract|  return value|
|ap_return_1413                     |  out|   32|  ap_ctrl_hs|      Image_extract|  return value|
|ap_return_1414                     |  out|   32|  ap_ctrl_hs|      Image_extract|  return value|
|ap_return_1415                     |  out|   32|  ap_ctrl_hs|      Image_extract|  return value|
|ap_return_1416                     |  out|   32|  ap_ctrl_hs|      Image_extract|  return value|
|ap_return_1417                     |  out|   32|  ap_ctrl_hs|      Image_extract|  return value|
|ap_return_1418                     |  out|   32|  ap_ctrl_hs|      Image_extract|  return value|
|ap_return_1419                     |  out|   32|  ap_ctrl_hs|      Image_extract|  return value|
|ap_return_1420                     |  out|   32|  ap_ctrl_hs|      Image_extract|  return value|
|ap_return_1421                     |  out|   32|  ap_ctrl_hs|      Image_extract|  return value|
|ap_return_1422                     |  out|   32|  ap_ctrl_hs|      Image_extract|  return value|
|ap_return_1423                     |  out|   32|  ap_ctrl_hs|      Image_extract|  return value|
|ap_return_1424                     |  out|   32|  ap_ctrl_hs|      Image_extract|  return value|
|ap_return_1425                     |  out|   32|  ap_ctrl_hs|      Image_extract|  return value|
|ap_return_1426                     |  out|   32|  ap_ctrl_hs|      Image_extract|  return value|
|ap_return_1427                     |  out|   32|  ap_ctrl_hs|      Image_extract|  return value|
|ap_return_1428                     |  out|   32|  ap_ctrl_hs|      Image_extract|  return value|
|ap_return_1429                     |  out|   32|  ap_ctrl_hs|      Image_extract|  return value|
|ap_return_1430                     |  out|   32|  ap_ctrl_hs|      Image_extract|  return value|
|ap_return_1431                     |  out|   32|  ap_ctrl_hs|      Image_extract|  return value|
|ap_return_1432                     |  out|   32|  ap_ctrl_hs|      Image_extract|  return value|
|ap_return_1433                     |  out|   32|  ap_ctrl_hs|      Image_extract|  return value|
|ap_return_1434                     |  out|   32|  ap_ctrl_hs|      Image_extract|  return value|
|ap_return_1435                     |  out|   32|  ap_ctrl_hs|      Image_extract|  return value|
|ap_return_1436                     |  out|   32|  ap_ctrl_hs|      Image_extract|  return value|
|ap_return_1437                     |  out|   32|  ap_ctrl_hs|      Image_extract|  return value|
|ap_return_1438                     |  out|   32|  ap_ctrl_hs|      Image_extract|  return value|
|ap_return_1439                     |  out|   32|  ap_ctrl_hs|      Image_extract|  return value|
|ap_return_1440                     |  out|   32|  ap_ctrl_hs|      Image_extract|  return value|
|ap_return_1441                     |  out|   32|  ap_ctrl_hs|      Image_extract|  return value|
|ap_return_1442                     |  out|   32|  ap_ctrl_hs|      Image_extract|  return value|
|ap_return_1443                     |  out|   32|  ap_ctrl_hs|      Image_extract|  return value|
|ap_return_1444                     |  out|   32|  ap_ctrl_hs|      Image_extract|  return value|
|ap_return_1445                     |  out|   32|  ap_ctrl_hs|      Image_extract|  return value|
|ap_return_1446                     |  out|   32|  ap_ctrl_hs|      Image_extract|  return value|
|ap_return_1447                     |  out|   32|  ap_ctrl_hs|      Image_extract|  return value|
|ap_return_1448                     |  out|   32|  ap_ctrl_hs|      Image_extract|  return value|
|ap_return_1449                     |  out|   32|  ap_ctrl_hs|      Image_extract|  return value|
|ap_return_1450                     |  out|   32|  ap_ctrl_hs|      Image_extract|  return value|
|ap_return_1451                     |  out|   32|  ap_ctrl_hs|      Image_extract|  return value|
|ap_return_1452                     |  out|   32|  ap_ctrl_hs|      Image_extract|  return value|
|ap_return_1453                     |  out|   32|  ap_ctrl_hs|      Image_extract|  return value|
|ap_return_1454                     |  out|   32|  ap_ctrl_hs|      Image_extract|  return value|
|ap_return_1455                     |  out|   32|  ap_ctrl_hs|      Image_extract|  return value|
|ap_return_1456                     |  out|   32|  ap_ctrl_hs|      Image_extract|  return value|
|ap_return_1457                     |  out|   32|  ap_ctrl_hs|      Image_extract|  return value|
|ap_return_1458                     |  out|   32|  ap_ctrl_hs|      Image_extract|  return value|
|ap_return_1459                     |  out|   32|  ap_ctrl_hs|      Image_extract|  return value|
|ap_return_1460                     |  out|   32|  ap_ctrl_hs|      Image_extract|  return value|
|ap_return_1461                     |  out|   32|  ap_ctrl_hs|      Image_extract|  return value|
|ap_return_1462                     |  out|   32|  ap_ctrl_hs|      Image_extract|  return value|
|ap_return_1463                     |  out|   32|  ap_ctrl_hs|      Image_extract|  return value|
|ap_return_1464                     |  out|   32|  ap_ctrl_hs|      Image_extract|  return value|
|ap_return_1465                     |  out|   32|  ap_ctrl_hs|      Image_extract|  return value|
|ap_return_1466                     |  out|   32|  ap_ctrl_hs|      Image_extract|  return value|
|ap_return_1467                     |  out|   32|  ap_ctrl_hs|      Image_extract|  return value|
|ap_return_1468                     |  out|   32|  ap_ctrl_hs|      Image_extract|  return value|
|ap_return_1469                     |  out|   32|  ap_ctrl_hs|      Image_extract|  return value|
|ap_return_1470                     |  out|   32|  ap_ctrl_hs|      Image_extract|  return value|
|ap_return_1471                     |  out|   32|  ap_ctrl_hs|      Image_extract|  return value|
|ap_return_1472                     |  out|   32|  ap_ctrl_hs|      Image_extract|  return value|
|ap_return_1473                     |  out|   32|  ap_ctrl_hs|      Image_extract|  return value|
|ap_return_1474                     |  out|   32|  ap_ctrl_hs|      Image_extract|  return value|
|ap_return_1475                     |  out|   32|  ap_ctrl_hs|      Image_extract|  return value|
|ap_return_1476                     |  out|   32|  ap_ctrl_hs|      Image_extract|  return value|
|ap_return_1477                     |  out|   32|  ap_ctrl_hs|      Image_extract|  return value|
|ap_return_1478                     |  out|   32|  ap_ctrl_hs|      Image_extract|  return value|
|ap_return_1479                     |  out|   32|  ap_ctrl_hs|      Image_extract|  return value|
|ap_return_1480                     |  out|   32|  ap_ctrl_hs|      Image_extract|  return value|
|ap_return_1481                     |  out|   32|  ap_ctrl_hs|      Image_extract|  return value|
|ap_return_1482                     |  out|   32|  ap_ctrl_hs|      Image_extract|  return value|
|ap_return_1483                     |  out|   32|  ap_ctrl_hs|      Image_extract|  return value|
|ap_return_1484                     |  out|   32|  ap_ctrl_hs|      Image_extract|  return value|
|ap_return_1485                     |  out|   32|  ap_ctrl_hs|      Image_extract|  return value|
|ap_return_1486                     |  out|   32|  ap_ctrl_hs|      Image_extract|  return value|
|ap_return_1487                     |  out|   32|  ap_ctrl_hs|      Image_extract|  return value|
|ap_return_1488                     |  out|   32|  ap_ctrl_hs|      Image_extract|  return value|
|ap_return_1489                     |  out|   32|  ap_ctrl_hs|      Image_extract|  return value|
|ap_return_1490                     |  out|   32|  ap_ctrl_hs|      Image_extract|  return value|
|ap_return_1491                     |  out|   32|  ap_ctrl_hs|      Image_extract|  return value|
|ap_return_1492                     |  out|   32|  ap_ctrl_hs|      Image_extract|  return value|
|ap_return_1493                     |  out|   32|  ap_ctrl_hs|      Image_extract|  return value|
|ap_return_1494                     |  out|   32|  ap_ctrl_hs|      Image_extract|  return value|
|ap_return_1495                     |  out|   32|  ap_ctrl_hs|      Image_extract|  return value|
|ap_return_1496                     |  out|   32|  ap_ctrl_hs|      Image_extract|  return value|
|ap_return_1497                     |  out|   32|  ap_ctrl_hs|      Image_extract|  return value|
|ap_return_1498                     |  out|   32|  ap_ctrl_hs|      Image_extract|  return value|
|ap_return_1499                     |  out|   32|  ap_ctrl_hs|      Image_extract|  return value|
|ap_return_1500                     |  out|   32|  ap_ctrl_hs|      Image_extract|  return value|
|ap_return_1501                     |  out|   32|  ap_ctrl_hs|      Image_extract|  return value|
|ap_return_1502                     |  out|   32|  ap_ctrl_hs|      Image_extract|  return value|
|ap_return_1503                     |  out|   32|  ap_ctrl_hs|      Image_extract|  return value|
|ap_return_1504                     |  out|   32|  ap_ctrl_hs|      Image_extract|  return value|
|ap_return_1505                     |  out|   32|  ap_ctrl_hs|      Image_extract|  return value|
|ap_return_1506                     |  out|   32|  ap_ctrl_hs|      Image_extract|  return value|
|ap_return_1507                     |  out|   32|  ap_ctrl_hs|      Image_extract|  return value|
|ap_return_1508                     |  out|   32|  ap_ctrl_hs|      Image_extract|  return value|
|ap_return_1509                     |  out|   32|  ap_ctrl_hs|      Image_extract|  return value|
|ap_return_1510                     |  out|   32|  ap_ctrl_hs|      Image_extract|  return value|
|ap_return_1511                     |  out|   32|  ap_ctrl_hs|      Image_extract|  return value|
|ap_return_1512                     |  out|   32|  ap_ctrl_hs|      Image_extract|  return value|
|ap_return_1513                     |  out|   32|  ap_ctrl_hs|      Image_extract|  return value|
|ap_return_1514                     |  out|   32|  ap_ctrl_hs|      Image_extract|  return value|
|ap_return_1515                     |  out|   32|  ap_ctrl_hs|      Image_extract|  return value|
|ap_return_1516                     |  out|   32|  ap_ctrl_hs|      Image_extract|  return value|
|ap_return_1517                     |  out|   32|  ap_ctrl_hs|      Image_extract|  return value|
|ap_return_1518                     |  out|   32|  ap_ctrl_hs|      Image_extract|  return value|
|ap_return_1519                     |  out|   32|  ap_ctrl_hs|      Image_extract|  return value|
|ap_return_1520                     |  out|   32|  ap_ctrl_hs|      Image_extract|  return value|
|ap_return_1521                     |  out|   32|  ap_ctrl_hs|      Image_extract|  return value|
|ap_return_1522                     |  out|   32|  ap_ctrl_hs|      Image_extract|  return value|
|ap_return_1523                     |  out|   32|  ap_ctrl_hs|      Image_extract|  return value|
|ap_return_1524                     |  out|   32|  ap_ctrl_hs|      Image_extract|  return value|
|ap_return_1525                     |  out|   32|  ap_ctrl_hs|      Image_extract|  return value|
|ap_return_1526                     |  out|   32|  ap_ctrl_hs|      Image_extract|  return value|
|ap_return_1527                     |  out|   32|  ap_ctrl_hs|      Image_extract|  return value|
|ap_return_1528                     |  out|   32|  ap_ctrl_hs|      Image_extract|  return value|
|ap_return_1529                     |  out|   32|  ap_ctrl_hs|      Image_extract|  return value|
|ap_return_1530                     |  out|   32|  ap_ctrl_hs|      Image_extract|  return value|
|ap_return_1531                     |  out|   32|  ap_ctrl_hs|      Image_extract|  return value|
|ap_return_1532                     |  out|   32|  ap_ctrl_hs|      Image_extract|  return value|
|ap_return_1533                     |  out|   32|  ap_ctrl_hs|      Image_extract|  return value|
|ap_return_1534                     |  out|   32|  ap_ctrl_hs|      Image_extract|  return value|
|ap_return_1535                     |  out|   32|  ap_ctrl_hs|      Image_extract|  return value|
|ap_return_1536                     |  out|   32|  ap_ctrl_hs|      Image_extract|  return value|
|ap_return_1537                     |  out|   32|  ap_ctrl_hs|      Image_extract|  return value|
|ap_return_1538                     |  out|   32|  ap_ctrl_hs|      Image_extract|  return value|
|ap_return_1539                     |  out|   32|  ap_ctrl_hs|      Image_extract|  return value|
|ap_return_1540                     |  out|   32|  ap_ctrl_hs|      Image_extract|  return value|
|ap_return_1541                     |  out|   32|  ap_ctrl_hs|      Image_extract|  return value|
|ap_return_1542                     |  out|   32|  ap_ctrl_hs|      Image_extract|  return value|
|ap_return_1543                     |  out|   32|  ap_ctrl_hs|      Image_extract|  return value|
|ap_return_1544                     |  out|   32|  ap_ctrl_hs|      Image_extract|  return value|
|ap_return_1545                     |  out|   32|  ap_ctrl_hs|      Image_extract|  return value|
|ap_return_1546                     |  out|   32|  ap_ctrl_hs|      Image_extract|  return value|
|ap_return_1547                     |  out|   32|  ap_ctrl_hs|      Image_extract|  return value|
|ap_return_1548                     |  out|   32|  ap_ctrl_hs|      Image_extract|  return value|
|ap_return_1549                     |  out|   32|  ap_ctrl_hs|      Image_extract|  return value|
|ap_return_1550                     |  out|   32|  ap_ctrl_hs|      Image_extract|  return value|
|ap_return_1551                     |  out|   32|  ap_ctrl_hs|      Image_extract|  return value|
|ap_return_1552                     |  out|   32|  ap_ctrl_hs|      Image_extract|  return value|
|ap_return_1553                     |  out|   32|  ap_ctrl_hs|      Image_extract|  return value|
|ap_return_1554                     |  out|   32|  ap_ctrl_hs|      Image_extract|  return value|
|ap_return_1555                     |  out|   32|  ap_ctrl_hs|      Image_extract|  return value|
|ap_return_1556                     |  out|   32|  ap_ctrl_hs|      Image_extract|  return value|
|ap_return_1557                     |  out|   32|  ap_ctrl_hs|      Image_extract|  return value|
|ap_return_1558                     |  out|   32|  ap_ctrl_hs|      Image_extract|  return value|
|ap_return_1559                     |  out|   32|  ap_ctrl_hs|      Image_extract|  return value|
|ap_return_1560                     |  out|   32|  ap_ctrl_hs|      Image_extract|  return value|
|ap_return_1561                     |  out|   32|  ap_ctrl_hs|      Image_extract|  return value|
|ap_return_1562                     |  out|   32|  ap_ctrl_hs|      Image_extract|  return value|
|ap_return_1563                     |  out|   32|  ap_ctrl_hs|      Image_extract|  return value|
|ap_return_1564                     |  out|   32|  ap_ctrl_hs|      Image_extract|  return value|
|ap_return_1565                     |  out|   32|  ap_ctrl_hs|      Image_extract|  return value|
|ap_return_1566                     |  out|   32|  ap_ctrl_hs|      Image_extract|  return value|
|ap_return_1567                     |  out|   32|  ap_ctrl_hs|      Image_extract|  return value|
|ap_return_1568                     |  out|   32|  ap_ctrl_hs|      Image_extract|  return value|
|ap_return_1569                     |  out|   32|  ap_ctrl_hs|      Image_extract|  return value|
|ap_return_1570                     |  out|   32|  ap_ctrl_hs|      Image_extract|  return value|
|ap_return_1571                     |  out|   32|  ap_ctrl_hs|      Image_extract|  return value|
|ap_return_1572                     |  out|   32|  ap_ctrl_hs|      Image_extract|  return value|
|ap_return_1573                     |  out|   32|  ap_ctrl_hs|      Image_extract|  return value|
|ap_return_1574                     |  out|   32|  ap_ctrl_hs|      Image_extract|  return value|
|ap_return_1575                     |  out|   32|  ap_ctrl_hs|      Image_extract|  return value|
|ap_return_1576                     |  out|   32|  ap_ctrl_hs|      Image_extract|  return value|
|ap_return_1577                     |  out|   32|  ap_ctrl_hs|      Image_extract|  return value|
|ap_return_1578                     |  out|   32|  ap_ctrl_hs|      Image_extract|  return value|
|ap_return_1579                     |  out|   32|  ap_ctrl_hs|      Image_extract|  return value|
|ap_return_1580                     |  out|   32|  ap_ctrl_hs|      Image_extract|  return value|
|ap_return_1581                     |  out|   32|  ap_ctrl_hs|      Image_extract|  return value|
|ap_return_1582                     |  out|   32|  ap_ctrl_hs|      Image_extract|  return value|
|ap_return_1583                     |  out|   32|  ap_ctrl_hs|      Image_extract|  return value|
|ap_return_1584                     |  out|   32|  ap_ctrl_hs|      Image_extract|  return value|
|ap_return_1585                     |  out|   32|  ap_ctrl_hs|      Image_extract|  return value|
|ap_return_1586                     |  out|   32|  ap_ctrl_hs|      Image_extract|  return value|
|ap_return_1587                     |  out|   32|  ap_ctrl_hs|      Image_extract|  return value|
|ap_return_1588                     |  out|   32|  ap_ctrl_hs|      Image_extract|  return value|
|ap_return_1589                     |  out|   32|  ap_ctrl_hs|      Image_extract|  return value|
|ap_return_1590                     |  out|   32|  ap_ctrl_hs|      Image_extract|  return value|
|ap_return_1591                     |  out|   32|  ap_ctrl_hs|      Image_extract|  return value|
|ap_return_1592                     |  out|   32|  ap_ctrl_hs|      Image_extract|  return value|
|ap_return_1593                     |  out|   32|  ap_ctrl_hs|      Image_extract|  return value|
|ap_return_1594                     |  out|   32|  ap_ctrl_hs|      Image_extract|  return value|
|ap_return_1595                     |  out|   32|  ap_ctrl_hs|      Image_extract|  return value|
|ap_return_1596                     |  out|   32|  ap_ctrl_hs|      Image_extract|  return value|
|ap_return_1597                     |  out|   32|  ap_ctrl_hs|      Image_extract|  return value|
|ap_return_1598                     |  out|   32|  ap_ctrl_hs|      Image_extract|  return value|
|ap_return_1599                     |  out|   32|  ap_ctrl_hs|      Image_extract|  return value|
|ap_return_1600                     |  out|   32|  ap_ctrl_hs|      Image_extract|  return value|
|ap_return_1601                     |  out|   32|  ap_ctrl_hs|      Image_extract|  return value|
|ap_return_1602                     |  out|   32|  ap_ctrl_hs|      Image_extract|  return value|
|ap_return_1603                     |  out|   32|  ap_ctrl_hs|      Image_extract|  return value|
|ap_return_1604                     |  out|   32|  ap_ctrl_hs|      Image_extract|  return value|
|ap_return_1605                     |  out|   32|  ap_ctrl_hs|      Image_extract|  return value|
|ap_return_1606                     |  out|   32|  ap_ctrl_hs|      Image_extract|  return value|
|ap_return_1607                     |  out|   32|  ap_ctrl_hs|      Image_extract|  return value|
|ap_return_1608                     |  out|   32|  ap_ctrl_hs|      Image_extract|  return value|
|ap_return_1609                     |  out|   32|  ap_ctrl_hs|      Image_extract|  return value|
|ap_return_1610                     |  out|   32|  ap_ctrl_hs|      Image_extract|  return value|
|ap_return_1611                     |  out|   32|  ap_ctrl_hs|      Image_extract|  return value|
|ap_return_1612                     |  out|   32|  ap_ctrl_hs|      Image_extract|  return value|
|ap_return_1613                     |  out|   32|  ap_ctrl_hs|      Image_extract|  return value|
|ap_return_1614                     |  out|   32|  ap_ctrl_hs|      Image_extract|  return value|
|ap_return_1615                     |  out|   32|  ap_ctrl_hs|      Image_extract|  return value|
|ap_return_1616                     |  out|   32|  ap_ctrl_hs|      Image_extract|  return value|
|ap_return_1617                     |  out|   32|  ap_ctrl_hs|      Image_extract|  return value|
|ap_return_1618                     |  out|   32|  ap_ctrl_hs|      Image_extract|  return value|
|ap_return_1619                     |  out|   32|  ap_ctrl_hs|      Image_extract|  return value|
|ap_return_1620                     |  out|   32|  ap_ctrl_hs|      Image_extract|  return value|
|ap_return_1621                     |  out|   32|  ap_ctrl_hs|      Image_extract|  return value|
|ap_return_1622                     |  out|   32|  ap_ctrl_hs|      Image_extract|  return value|
|ap_return_1623                     |  out|   32|  ap_ctrl_hs|      Image_extract|  return value|
|ap_return_1624                     |  out|   32|  ap_ctrl_hs|      Image_extract|  return value|
|ap_return_1625                     |  out|   32|  ap_ctrl_hs|      Image_extract|  return value|
|ap_return_1626                     |  out|   32|  ap_ctrl_hs|      Image_extract|  return value|
|ap_return_1627                     |  out|   32|  ap_ctrl_hs|      Image_extract|  return value|
|ap_return_1628                     |  out|   32|  ap_ctrl_hs|      Image_extract|  return value|
|ap_return_1629                     |  out|   32|  ap_ctrl_hs|      Image_extract|  return value|
|ap_return_1630                     |  out|   32|  ap_ctrl_hs|      Image_extract|  return value|
|ap_return_1631                     |  out|   32|  ap_ctrl_hs|      Image_extract|  return value|
|ap_return_1632                     |  out|   32|  ap_ctrl_hs|      Image_extract|  return value|
|ap_return_1633                     |  out|   32|  ap_ctrl_hs|      Image_extract|  return value|
|ap_return_1634                     |  out|   32|  ap_ctrl_hs|      Image_extract|  return value|
|ap_return_1635                     |  out|   32|  ap_ctrl_hs|      Image_extract|  return value|
|ap_return_1636                     |  out|   32|  ap_ctrl_hs|      Image_extract|  return value|
|ap_return_1637                     |  out|   32|  ap_ctrl_hs|      Image_extract|  return value|
|ap_return_1638                     |  out|   32|  ap_ctrl_hs|      Image_extract|  return value|
|ap_return_1639                     |  out|   32|  ap_ctrl_hs|      Image_extract|  return value|
|ap_return_1640                     |  out|   32|  ap_ctrl_hs|      Image_extract|  return value|
|ap_return_1641                     |  out|   32|  ap_ctrl_hs|      Image_extract|  return value|
|ap_return_1642                     |  out|   32|  ap_ctrl_hs|      Image_extract|  return value|
|ap_return_1643                     |  out|   32|  ap_ctrl_hs|      Image_extract|  return value|
|ap_return_1644                     |  out|   32|  ap_ctrl_hs|      Image_extract|  return value|
|ap_return_1645                     |  out|   32|  ap_ctrl_hs|      Image_extract|  return value|
|ap_return_1646                     |  out|   32|  ap_ctrl_hs|      Image_extract|  return value|
|ap_return_1647                     |  out|   32|  ap_ctrl_hs|      Image_extract|  return value|
|ap_return_1648                     |  out|   32|  ap_ctrl_hs|      Image_extract|  return value|
|ap_return_1649                     |  out|   32|  ap_ctrl_hs|      Image_extract|  return value|
|ap_return_1650                     |  out|   32|  ap_ctrl_hs|      Image_extract|  return value|
|ap_return_1651                     |  out|   32|  ap_ctrl_hs|      Image_extract|  return value|
|ap_return_1652                     |  out|   32|  ap_ctrl_hs|      Image_extract|  return value|
|ap_return_1653                     |  out|   32|  ap_ctrl_hs|      Image_extract|  return value|
|ap_return_1654                     |  out|   32|  ap_ctrl_hs|      Image_extract|  return value|
|ap_return_1655                     |  out|   32|  ap_ctrl_hs|      Image_extract|  return value|
|ap_return_1656                     |  out|   32|  ap_ctrl_hs|      Image_extract|  return value|
|ap_return_1657                     |  out|   32|  ap_ctrl_hs|      Image_extract|  return value|
|ap_return_1658                     |  out|   32|  ap_ctrl_hs|      Image_extract|  return value|
|ap_return_1659                     |  out|   32|  ap_ctrl_hs|      Image_extract|  return value|
|ap_return_1660                     |  out|   32|  ap_ctrl_hs|      Image_extract|  return value|
|ap_return_1661                     |  out|   32|  ap_ctrl_hs|      Image_extract|  return value|
|ap_return_1662                     |  out|   32|  ap_ctrl_hs|      Image_extract|  return value|
|ap_return_1663                     |  out|   32|  ap_ctrl_hs|      Image_extract|  return value|
|ap_return_1664                     |  out|   32|  ap_ctrl_hs|      Image_extract|  return value|
|ap_return_1665                     |  out|   32|  ap_ctrl_hs|      Image_extract|  return value|
|ap_return_1666                     |  out|   32|  ap_ctrl_hs|      Image_extract|  return value|
|ap_return_1667                     |  out|   32|  ap_ctrl_hs|      Image_extract|  return value|
|ap_return_1668                     |  out|   32|  ap_ctrl_hs|      Image_extract|  return value|
|ap_return_1669                     |  out|   32|  ap_ctrl_hs|      Image_extract|  return value|
|ap_return_1670                     |  out|   32|  ap_ctrl_hs|      Image_extract|  return value|
|ap_return_1671                     |  out|   32|  ap_ctrl_hs|      Image_extract|  return value|
|ap_return_1672                     |  out|   32|  ap_ctrl_hs|      Image_extract|  return value|
|ap_return_1673                     |  out|   32|  ap_ctrl_hs|      Image_extract|  return value|
|ap_return_1674                     |  out|   32|  ap_ctrl_hs|      Image_extract|  return value|
|ap_return_1675                     |  out|   32|  ap_ctrl_hs|      Image_extract|  return value|
|ap_return_1676                     |  out|   32|  ap_ctrl_hs|      Image_extract|  return value|
|ap_return_1677                     |  out|   32|  ap_ctrl_hs|      Image_extract|  return value|
|ap_return_1678                     |  out|   32|  ap_ctrl_hs|      Image_extract|  return value|
|ap_return_1679                     |  out|   32|  ap_ctrl_hs|      Image_extract|  return value|
|ap_return_1680                     |  out|   32|  ap_ctrl_hs|      Image_extract|  return value|
|ap_return_1681                     |  out|   32|  ap_ctrl_hs|      Image_extract|  return value|
|ap_return_1682                     |  out|   32|  ap_ctrl_hs|      Image_extract|  return value|
|ap_return_1683                     |  out|   32|  ap_ctrl_hs|      Image_extract|  return value|
|ap_return_1684                     |  out|   32|  ap_ctrl_hs|      Image_extract|  return value|
|ap_return_1685                     |  out|   32|  ap_ctrl_hs|      Image_extract|  return value|
|ap_return_1686                     |  out|   32|  ap_ctrl_hs|      Image_extract|  return value|
|ap_return_1687                     |  out|   32|  ap_ctrl_hs|      Image_extract|  return value|
|ap_return_1688                     |  out|   32|  ap_ctrl_hs|      Image_extract|  return value|
|ap_return_1689                     |  out|   32|  ap_ctrl_hs|      Image_extract|  return value|
|ap_return_1690                     |  out|   32|  ap_ctrl_hs|      Image_extract|  return value|
|ap_return_1691                     |  out|   32|  ap_ctrl_hs|      Image_extract|  return value|
|ap_return_1692                     |  out|   32|  ap_ctrl_hs|      Image_extract|  return value|
|ap_return_1693                     |  out|   32|  ap_ctrl_hs|      Image_extract|  return value|
|ap_return_1694                     |  out|   32|  ap_ctrl_hs|      Image_extract|  return value|
|ap_return_1695                     |  out|   32|  ap_ctrl_hs|      Image_extract|  return value|
|ap_return_1696                     |  out|   32|  ap_ctrl_hs|      Image_extract|  return value|
|ap_return_1697                     |  out|   32|  ap_ctrl_hs|      Image_extract|  return value|
|ap_return_1698                     |  out|   32|  ap_ctrl_hs|      Image_extract|  return value|
|ap_return_1699                     |  out|   32|  ap_ctrl_hs|      Image_extract|  return value|
|ap_return_1700                     |  out|   32|  ap_ctrl_hs|      Image_extract|  return value|
|ap_return_1701                     |  out|   32|  ap_ctrl_hs|      Image_extract|  return value|
|ap_return_1702                     |  out|   32|  ap_ctrl_hs|      Image_extract|  return value|
|ap_return_1703                     |  out|   32|  ap_ctrl_hs|      Image_extract|  return value|
|ap_return_1704                     |  out|   32|  ap_ctrl_hs|      Image_extract|  return value|
|ap_return_1705                     |  out|   32|  ap_ctrl_hs|      Image_extract|  return value|
|ap_return_1706                     |  out|   32|  ap_ctrl_hs|      Image_extract|  return value|
|ap_return_1707                     |  out|   32|  ap_ctrl_hs|      Image_extract|  return value|
|ap_return_1708                     |  out|   32|  ap_ctrl_hs|      Image_extract|  return value|
|ap_return_1709                     |  out|   32|  ap_ctrl_hs|      Image_extract|  return value|
|ap_return_1710                     |  out|   32|  ap_ctrl_hs|      Image_extract|  return value|
|ap_return_1711                     |  out|   32|  ap_ctrl_hs|      Image_extract|  return value|
|ap_return_1712                     |  out|   32|  ap_ctrl_hs|      Image_extract|  return value|
|ap_return_1713                     |  out|   32|  ap_ctrl_hs|      Image_extract|  return value|
|ap_return_1714                     |  out|   32|  ap_ctrl_hs|      Image_extract|  return value|
|ap_return_1715                     |  out|   32|  ap_ctrl_hs|      Image_extract|  return value|
|ap_return_1716                     |  out|   32|  ap_ctrl_hs|      Image_extract|  return value|
|ap_return_1717                     |  out|   32|  ap_ctrl_hs|      Image_extract|  return value|
|ap_return_1718                     |  out|   32|  ap_ctrl_hs|      Image_extract|  return value|
|ap_return_1719                     |  out|   32|  ap_ctrl_hs|      Image_extract|  return value|
|ap_return_1720                     |  out|   32|  ap_ctrl_hs|      Image_extract|  return value|
|ap_return_1721                     |  out|   32|  ap_ctrl_hs|      Image_extract|  return value|
|ap_return_1722                     |  out|   32|  ap_ctrl_hs|      Image_extract|  return value|
|ap_return_1723                     |  out|   32|  ap_ctrl_hs|      Image_extract|  return value|
|ap_return_1724                     |  out|   32|  ap_ctrl_hs|      Image_extract|  return value|
|ap_return_1725                     |  out|   32|  ap_ctrl_hs|      Image_extract|  return value|
|ap_return_1726                     |  out|   32|  ap_ctrl_hs|      Image_extract|  return value|
|ap_return_1727                     |  out|   32|  ap_ctrl_hs|      Image_extract|  return value|
|ap_return_1728                     |  out|   32|  ap_ctrl_hs|      Image_extract|  return value|
|ap_return_1729                     |  out|   32|  ap_ctrl_hs|      Image_extract|  return value|
|ap_return_1730                     |  out|   32|  ap_ctrl_hs|      Image_extract|  return value|
|ap_return_1731                     |  out|   32|  ap_ctrl_hs|      Image_extract|  return value|
|ap_return_1732                     |  out|   32|  ap_ctrl_hs|      Image_extract|  return value|
|ap_return_1733                     |  out|   32|  ap_ctrl_hs|      Image_extract|  return value|
|ap_return_1734                     |  out|   32|  ap_ctrl_hs|      Image_extract|  return value|
|ap_return_1735                     |  out|   32|  ap_ctrl_hs|      Image_extract|  return value|
|ap_return_1736                     |  out|   32|  ap_ctrl_hs|      Image_extract|  return value|
|ap_return_1737                     |  out|   32|  ap_ctrl_hs|      Image_extract|  return value|
|ap_return_1738                     |  out|   32|  ap_ctrl_hs|      Image_extract|  return value|
|ap_return_1739                     |  out|   32|  ap_ctrl_hs|      Image_extract|  return value|
|ap_return_1740                     |  out|   32|  ap_ctrl_hs|      Image_extract|  return value|
|ap_return_1741                     |  out|   32|  ap_ctrl_hs|      Image_extract|  return value|
|ap_return_1742                     |  out|   32|  ap_ctrl_hs|      Image_extract|  return value|
|ap_return_1743                     |  out|   32|  ap_ctrl_hs|      Image_extract|  return value|
|ap_return_1744                     |  out|   32|  ap_ctrl_hs|      Image_extract|  return value|
|ap_return_1745                     |  out|   32|  ap_ctrl_hs|      Image_extract|  return value|
|ap_return_1746                     |  out|   32|  ap_ctrl_hs|      Image_extract|  return value|
|ap_return_1747                     |  out|   32|  ap_ctrl_hs|      Image_extract|  return value|
|ap_return_1748                     |  out|   32|  ap_ctrl_hs|      Image_extract|  return value|
|ap_return_1749                     |  out|   32|  ap_ctrl_hs|      Image_extract|  return value|
|ap_return_1750                     |  out|   32|  ap_ctrl_hs|      Image_extract|  return value|
|ap_return_1751                     |  out|   32|  ap_ctrl_hs|      Image_extract|  return value|
|ap_return_1752                     |  out|   32|  ap_ctrl_hs|      Image_extract|  return value|
|ap_return_1753                     |  out|   32|  ap_ctrl_hs|      Image_extract|  return value|
|ap_return_1754                     |  out|   32|  ap_ctrl_hs|      Image_extract|  return value|
|ap_return_1755                     |  out|   32|  ap_ctrl_hs|      Image_extract|  return value|
|ap_return_1756                     |  out|   32|  ap_ctrl_hs|      Image_extract|  return value|
|ap_return_1757                     |  out|   32|  ap_ctrl_hs|      Image_extract|  return value|
|ap_return_1758                     |  out|   32|  ap_ctrl_hs|      Image_extract|  return value|
|ap_return_1759                     |  out|   32|  ap_ctrl_hs|      Image_extract|  return value|
|ap_return_1760                     |  out|   32|  ap_ctrl_hs|      Image_extract|  return value|
|ap_return_1761                     |  out|   32|  ap_ctrl_hs|      Image_extract|  return value|
|ap_return_1762                     |  out|   32|  ap_ctrl_hs|      Image_extract|  return value|
|ap_return_1763                     |  out|   32|  ap_ctrl_hs|      Image_extract|  return value|
|ap_return_1764                     |  out|   32|  ap_ctrl_hs|      Image_extract|  return value|
|ap_return_1765                     |  out|   32|  ap_ctrl_hs|      Image_extract|  return value|
|ap_return_1766                     |  out|   32|  ap_ctrl_hs|      Image_extract|  return value|
|ap_return_1767                     |  out|   32|  ap_ctrl_hs|      Image_extract|  return value|
|ap_return_1768                     |  out|   32|  ap_ctrl_hs|      Image_extract|  return value|
|ap_return_1769                     |  out|   32|  ap_ctrl_hs|      Image_extract|  return value|
|ap_return_1770                     |  out|   32|  ap_ctrl_hs|      Image_extract|  return value|
|ap_return_1771                     |  out|   32|  ap_ctrl_hs|      Image_extract|  return value|
|ap_return_1772                     |  out|   32|  ap_ctrl_hs|      Image_extract|  return value|
|ap_return_1773                     |  out|   32|  ap_ctrl_hs|      Image_extract|  return value|
|ap_return_1774                     |  out|   32|  ap_ctrl_hs|      Image_extract|  return value|
|ap_return_1775                     |  out|   32|  ap_ctrl_hs|      Image_extract|  return value|
|ap_return_1776                     |  out|   32|  ap_ctrl_hs|      Image_extract|  return value|
|ap_return_1777                     |  out|   32|  ap_ctrl_hs|      Image_extract|  return value|
|ap_return_1778                     |  out|   32|  ap_ctrl_hs|      Image_extract|  return value|
|ap_return_1779                     |  out|   32|  ap_ctrl_hs|      Image_extract|  return value|
|ap_return_1780                     |  out|   32|  ap_ctrl_hs|      Image_extract|  return value|
|ap_return_1781                     |  out|   32|  ap_ctrl_hs|      Image_extract|  return value|
|ap_return_1782                     |  out|   32|  ap_ctrl_hs|      Image_extract|  return value|
|ap_return_1783                     |  out|   32|  ap_ctrl_hs|      Image_extract|  return value|
|ap_return_1784                     |  out|   32|  ap_ctrl_hs|      Image_extract|  return value|
|ap_return_1785                     |  out|   32|  ap_ctrl_hs|      Image_extract|  return value|
|ap_return_1786                     |  out|   32|  ap_ctrl_hs|      Image_extract|  return value|
|ap_return_1787                     |  out|   32|  ap_ctrl_hs|      Image_extract|  return value|
|ap_return_1788                     |  out|   32|  ap_ctrl_hs|      Image_extract|  return value|
|ap_return_1789                     |  out|   32|  ap_ctrl_hs|      Image_extract|  return value|
|ap_return_1790                     |  out|   32|  ap_ctrl_hs|      Image_extract|  return value|
|ap_return_1791                     |  out|   32|  ap_ctrl_hs|      Image_extract|  return value|
|ap_return_1792                     |  out|   32|  ap_ctrl_hs|      Image_extract|  return value|
|ap_return_1793                     |  out|   32|  ap_ctrl_hs|      Image_extract|  return value|
|ap_return_1794                     |  out|   32|  ap_ctrl_hs|      Image_extract|  return value|
|ap_return_1795                     |  out|   32|  ap_ctrl_hs|      Image_extract|  return value|
|ap_return_1796                     |  out|   32|  ap_ctrl_hs|      Image_extract|  return value|
|ap_return_1797                     |  out|   32|  ap_ctrl_hs|      Image_extract|  return value|
|ap_return_1798                     |  out|   32|  ap_ctrl_hs|      Image_extract|  return value|
|ap_return_1799                     |  out|   32|  ap_ctrl_hs|      Image_extract|  return value|
|ap_return_1800                     |  out|   32|  ap_ctrl_hs|      Image_extract|  return value|
|ap_return_1801                     |  out|   32|  ap_ctrl_hs|      Image_extract|  return value|
|ap_return_1802                     |  out|   32|  ap_ctrl_hs|      Image_extract|  return value|
|ap_return_1803                     |  out|   32|  ap_ctrl_hs|      Image_extract|  return value|
|ap_return_1804                     |  out|   32|  ap_ctrl_hs|      Image_extract|  return value|
|ap_return_1805                     |  out|   32|  ap_ctrl_hs|      Image_extract|  return value|
|ap_return_1806                     |  out|   32|  ap_ctrl_hs|      Image_extract|  return value|
|ap_return_1807                     |  out|   32|  ap_ctrl_hs|      Image_extract|  return value|
|ap_return_1808                     |  out|   32|  ap_ctrl_hs|      Image_extract|  return value|
|ap_return_1809                     |  out|   32|  ap_ctrl_hs|      Image_extract|  return value|
|ap_return_1810                     |  out|   32|  ap_ctrl_hs|      Image_extract|  return value|
|ap_return_1811                     |  out|   32|  ap_ctrl_hs|      Image_extract|  return value|
|ap_return_1812                     |  out|   32|  ap_ctrl_hs|      Image_extract|  return value|
|ap_return_1813                     |  out|   32|  ap_ctrl_hs|      Image_extract|  return value|
|ap_return_1814                     |  out|   32|  ap_ctrl_hs|      Image_extract|  return value|
|ap_return_1815                     |  out|   32|  ap_ctrl_hs|      Image_extract|  return value|
|ap_return_1816                     |  out|   32|  ap_ctrl_hs|      Image_extract|  return value|
|ap_return_1817                     |  out|   32|  ap_ctrl_hs|      Image_extract|  return value|
|ap_return_1818                     |  out|   32|  ap_ctrl_hs|      Image_extract|  return value|
|ap_return_1819                     |  out|   32|  ap_ctrl_hs|      Image_extract|  return value|
|ap_return_1820                     |  out|   32|  ap_ctrl_hs|      Image_extract|  return value|
|ap_return_1821                     |  out|   32|  ap_ctrl_hs|      Image_extract|  return value|
|ap_return_1822                     |  out|   32|  ap_ctrl_hs|      Image_extract|  return value|
|ap_return_1823                     |  out|   32|  ap_ctrl_hs|      Image_extract|  return value|
|ap_return_1824                     |  out|   32|  ap_ctrl_hs|      Image_extract|  return value|
|ap_return_1825                     |  out|   32|  ap_ctrl_hs|      Image_extract|  return value|
|ap_return_1826                     |  out|   32|  ap_ctrl_hs|      Image_extract|  return value|
|ap_return_1827                     |  out|   32|  ap_ctrl_hs|      Image_extract|  return value|
|ap_return_1828                     |  out|   32|  ap_ctrl_hs|      Image_extract|  return value|
|ap_return_1829                     |  out|   32|  ap_ctrl_hs|      Image_extract|  return value|
|ap_return_1830                     |  out|   32|  ap_ctrl_hs|      Image_extract|  return value|
|ap_return_1831                     |  out|   32|  ap_ctrl_hs|      Image_extract|  return value|
|ap_return_1832                     |  out|   32|  ap_ctrl_hs|      Image_extract|  return value|
|ap_return_1833                     |  out|   32|  ap_ctrl_hs|      Image_extract|  return value|
|ap_return_1834                     |  out|   32|  ap_ctrl_hs|      Image_extract|  return value|
|ap_return_1835                     |  out|   32|  ap_ctrl_hs|      Image_extract|  return value|
|ap_return_1836                     |  out|   32|  ap_ctrl_hs|      Image_extract|  return value|
|ap_return_1837                     |  out|   32|  ap_ctrl_hs|      Image_extract|  return value|
|ap_return_1838                     |  out|   32|  ap_ctrl_hs|      Image_extract|  return value|
|ap_return_1839                     |  out|   32|  ap_ctrl_hs|      Image_extract|  return value|
|ap_return_1840                     |  out|   32|  ap_ctrl_hs|      Image_extract|  return value|
|ap_return_1841                     |  out|   32|  ap_ctrl_hs|      Image_extract|  return value|
|ap_return_1842                     |  out|   32|  ap_ctrl_hs|      Image_extract|  return value|
|ap_return_1843                     |  out|   32|  ap_ctrl_hs|      Image_extract|  return value|
|ap_return_1844                     |  out|   32|  ap_ctrl_hs|      Image_extract|  return value|
|ap_return_1845                     |  out|   32|  ap_ctrl_hs|      Image_extract|  return value|
|ap_return_1846                     |  out|   32|  ap_ctrl_hs|      Image_extract|  return value|
|ap_return_1847                     |  out|   32|  ap_ctrl_hs|      Image_extract|  return value|
|ap_return_1848                     |  out|   32|  ap_ctrl_hs|      Image_extract|  return value|
|ap_return_1849                     |  out|   32|  ap_ctrl_hs|      Image_extract|  return value|
|ap_return_1850                     |  out|   32|  ap_ctrl_hs|      Image_extract|  return value|
|ap_return_1851                     |  out|   32|  ap_ctrl_hs|      Image_extract|  return value|
|ap_return_1852                     |  out|   32|  ap_ctrl_hs|      Image_extract|  return value|
|ap_return_1853                     |  out|   32|  ap_ctrl_hs|      Image_extract|  return value|
|ap_return_1854                     |  out|   32|  ap_ctrl_hs|      Image_extract|  return value|
|ap_return_1855                     |  out|   32|  ap_ctrl_hs|      Image_extract|  return value|
|ap_return_1856                     |  out|   32|  ap_ctrl_hs|      Image_extract|  return value|
|ap_return_1857                     |  out|   32|  ap_ctrl_hs|      Image_extract|  return value|
|ap_return_1858                     |  out|   32|  ap_ctrl_hs|      Image_extract|  return value|
|ap_return_1859                     |  out|   32|  ap_ctrl_hs|      Image_extract|  return value|
|ap_return_1860                     |  out|   32|  ap_ctrl_hs|      Image_extract|  return value|
|ap_return_1861                     |  out|   32|  ap_ctrl_hs|      Image_extract|  return value|
|ap_return_1862                     |  out|   32|  ap_ctrl_hs|      Image_extract|  return value|
|ap_return_1863                     |  out|   32|  ap_ctrl_hs|      Image_extract|  return value|
|ap_return_1864                     |  out|   32|  ap_ctrl_hs|      Image_extract|  return value|
|ap_return_1865                     |  out|   32|  ap_ctrl_hs|      Image_extract|  return value|
|ap_return_1866                     |  out|   32|  ap_ctrl_hs|      Image_extract|  return value|
|ap_return_1867                     |  out|   32|  ap_ctrl_hs|      Image_extract|  return value|
|ap_return_1868                     |  out|   32|  ap_ctrl_hs|      Image_extract|  return value|
|ap_return_1869                     |  out|   32|  ap_ctrl_hs|      Image_extract|  return value|
|ap_return_1870                     |  out|   32|  ap_ctrl_hs|      Image_extract|  return value|
|ap_return_1871                     |  out|   32|  ap_ctrl_hs|      Image_extract|  return value|
|ap_return_1872                     |  out|   32|  ap_ctrl_hs|      Image_extract|  return value|
|ap_return_1873                     |  out|   32|  ap_ctrl_hs|      Image_extract|  return value|
|ap_return_1874                     |  out|   32|  ap_ctrl_hs|      Image_extract|  return value|
|ap_return_1875                     |  out|   32|  ap_ctrl_hs|      Image_extract|  return value|
|ap_return_1876                     |  out|   32|  ap_ctrl_hs|      Image_extract|  return value|
|ap_return_1877                     |  out|   32|  ap_ctrl_hs|      Image_extract|  return value|
|ap_return_1878                     |  out|   32|  ap_ctrl_hs|      Image_extract|  return value|
|ap_return_1879                     |  out|   32|  ap_ctrl_hs|      Image_extract|  return value|
|ap_return_1880                     |  out|   32|  ap_ctrl_hs|      Image_extract|  return value|
|ap_return_1881                     |  out|   32|  ap_ctrl_hs|      Image_extract|  return value|
|ap_return_1882                     |  out|   32|  ap_ctrl_hs|      Image_extract|  return value|
|ap_return_1883                     |  out|   32|  ap_ctrl_hs|      Image_extract|  return value|
|ap_return_1884                     |  out|   32|  ap_ctrl_hs|      Image_extract|  return value|
|ap_return_1885                     |  out|   32|  ap_ctrl_hs|      Image_extract|  return value|
|ap_return_1886                     |  out|   32|  ap_ctrl_hs|      Image_extract|  return value|
|ap_return_1887                     |  out|   32|  ap_ctrl_hs|      Image_extract|  return value|
|ap_return_1888                     |  out|   32|  ap_ctrl_hs|      Image_extract|  return value|
|ap_return_1889                     |  out|   32|  ap_ctrl_hs|      Image_extract|  return value|
|ap_return_1890                     |  out|   32|  ap_ctrl_hs|      Image_extract|  return value|
|ap_return_1891                     |  out|   32|  ap_ctrl_hs|      Image_extract|  return value|
|ap_return_1892                     |  out|   32|  ap_ctrl_hs|      Image_extract|  return value|
|ap_return_1893                     |  out|   32|  ap_ctrl_hs|      Image_extract|  return value|
|ap_return_1894                     |  out|   32|  ap_ctrl_hs|      Image_extract|  return value|
|ap_return_1895                     |  out|   32|  ap_ctrl_hs|      Image_extract|  return value|
|ap_return_1896                     |  out|   32|  ap_ctrl_hs|      Image_extract|  return value|
|ap_return_1897                     |  out|   32|  ap_ctrl_hs|      Image_extract|  return value|
|ap_return_1898                     |  out|   32|  ap_ctrl_hs|      Image_extract|  return value|
|ap_return_1899                     |  out|   32|  ap_ctrl_hs|      Image_extract|  return value|
|ap_return_1900                     |  out|   32|  ap_ctrl_hs|      Image_extract|  return value|
|ap_return_1901                     |  out|   32|  ap_ctrl_hs|      Image_extract|  return value|
|ap_return_1902                     |  out|   32|  ap_ctrl_hs|      Image_extract|  return value|
|ap_return_1903                     |  out|   32|  ap_ctrl_hs|      Image_extract|  return value|
|ap_return_1904                     |  out|   32|  ap_ctrl_hs|      Image_extract|  return value|
|ap_return_1905                     |  out|   32|  ap_ctrl_hs|      Image_extract|  return value|
|ap_return_1906                     |  out|   32|  ap_ctrl_hs|      Image_extract|  return value|
|ap_return_1907                     |  out|   32|  ap_ctrl_hs|      Image_extract|  return value|
|ap_return_1908                     |  out|   32|  ap_ctrl_hs|      Image_extract|  return value|
|ap_return_1909                     |  out|   32|  ap_ctrl_hs|      Image_extract|  return value|
|ap_return_1910                     |  out|   32|  ap_ctrl_hs|      Image_extract|  return value|
|ap_return_1911                     |  out|   32|  ap_ctrl_hs|      Image_extract|  return value|
|ap_return_1912                     |  out|   32|  ap_ctrl_hs|      Image_extract|  return value|
|ap_return_1913                     |  out|   32|  ap_ctrl_hs|      Image_extract|  return value|
|ap_return_1914                     |  out|   32|  ap_ctrl_hs|      Image_extract|  return value|
|ap_return_1915                     |  out|   32|  ap_ctrl_hs|      Image_extract|  return value|
|ap_return_1916                     |  out|   32|  ap_ctrl_hs|      Image_extract|  return value|
|ap_return_1917                     |  out|   32|  ap_ctrl_hs|      Image_extract|  return value|
|ap_return_1918                     |  out|   32|  ap_ctrl_hs|      Image_extract|  return value|
|ap_return_1919                     |  out|   32|  ap_ctrl_hs|      Image_extract|  return value|
|ap_return_1920                     |  out|   32|  ap_ctrl_hs|      Image_extract|  return value|
|ap_return_1921                     |  out|   32|  ap_ctrl_hs|      Image_extract|  return value|
|ap_return_1922                     |  out|   32|  ap_ctrl_hs|      Image_extract|  return value|
|localImages_dout                   |   in|  256|     ap_fifo|        localImages|       pointer|
|localImages_empty_n                |   in|    1|     ap_fifo|        localImages|       pointer|
|localImages_read                   |  out|    1|     ap_fifo|        localImages|       pointer|
|localImages_num_data_valid         |   in|    3|     ap_fifo|        localImages|       pointer|
|localImages_fifo_cap               |   in|    3|     ap_fifo|        localImages|       pointer|
|m_axi_fullImage_0_AWVALID          |  out|    1|       m_axi|          fullImage|       pointer|
|m_axi_fullImage_0_AWREADY          |   in|    1|       m_axi|          fullImage|       pointer|
|m_axi_fullImage_0_AWADDR           |  out|   64|       m_axi|          fullImage|       pointer|
|m_axi_fullImage_0_AWID             |  out|    1|       m_axi|          fullImage|       pointer|
|m_axi_fullImage_0_AWLEN            |  out|   32|       m_axi|          fullImage|       pointer|
|m_axi_fullImage_0_AWSIZE           |  out|    3|       m_axi|          fullImage|       pointer|
|m_axi_fullImage_0_AWBURST          |  out|    2|       m_axi|          fullImage|       pointer|
|m_axi_fullImage_0_AWLOCK           |  out|    2|       m_axi|          fullImage|       pointer|
|m_axi_fullImage_0_AWCACHE          |  out|    4|       m_axi|          fullImage|       pointer|
|m_axi_fullImage_0_AWPROT           |  out|    3|       m_axi|          fullImage|       pointer|
|m_axi_fullImage_0_AWQOS            |  out|    4|       m_axi|          fullImage|       pointer|
|m_axi_fullImage_0_AWREGION         |  out|    4|       m_axi|          fullImage|       pointer|
|m_axi_fullImage_0_AWUSER           |  out|    1|       m_axi|          fullImage|       pointer|
|m_axi_fullImage_0_WVALID           |  out|    1|       m_axi|          fullImage|       pointer|
|m_axi_fullImage_0_WREADY           |   in|    1|       m_axi|          fullImage|       pointer|
|m_axi_fullImage_0_WDATA            |  out|   32|       m_axi|          fullImage|       pointer|
|m_axi_fullImage_0_WSTRB            |  out|    4|       m_axi|          fullImage|       pointer|
|m_axi_fullImage_0_WLAST            |  out|    1|       m_axi|          fullImage|       pointer|
|m_axi_fullImage_0_WID              |  out|    1|       m_axi|          fullImage|       pointer|
|m_axi_fullImage_0_WUSER            |  out|    1|       m_axi|          fullImage|       pointer|
|m_axi_fullImage_0_ARVALID          |  out|    1|       m_axi|          fullImage|       pointer|
|m_axi_fullImage_0_ARREADY          |   in|    1|       m_axi|          fullImage|       pointer|
|m_axi_fullImage_0_ARADDR           |  out|   64|       m_axi|          fullImage|       pointer|
|m_axi_fullImage_0_ARID             |  out|    1|       m_axi|          fullImage|       pointer|
|m_axi_fullImage_0_ARLEN            |  out|   32|       m_axi|          fullImage|       pointer|
|m_axi_fullImage_0_ARSIZE           |  out|    3|       m_axi|          fullImage|       pointer|
|m_axi_fullImage_0_ARBURST          |  out|    2|       m_axi|          fullImage|       pointer|
|m_axi_fullImage_0_ARLOCK           |  out|    2|       m_axi|          fullImage|       pointer|
|m_axi_fullImage_0_ARCACHE          |  out|    4|       m_axi|          fullImage|       pointer|
|m_axi_fullImage_0_ARPROT           |  out|    3|       m_axi|          fullImage|       pointer|
|m_axi_fullImage_0_ARQOS            |  out|    4|       m_axi|          fullImage|       pointer|
|m_axi_fullImage_0_ARREGION         |  out|    4|       m_axi|          fullImage|       pointer|
|m_axi_fullImage_0_ARUSER           |  out|    1|       m_axi|          fullImage|       pointer|
|m_axi_fullImage_0_RVALID           |   in|    1|       m_axi|          fullImage|       pointer|
|m_axi_fullImage_0_RREADY           |  out|    1|       m_axi|          fullImage|       pointer|
|m_axi_fullImage_0_RDATA            |   in|   32|       m_axi|          fullImage|       pointer|
|m_axi_fullImage_0_RLAST            |   in|    1|       m_axi|          fullImage|       pointer|
|m_axi_fullImage_0_RID              |   in|    1|       m_axi|          fullImage|       pointer|
|m_axi_fullImage_0_RFIFONUM         |   in|   13|       m_axi|          fullImage|       pointer|
|m_axi_fullImage_0_RUSER            |   in|    1|       m_axi|          fullImage|       pointer|
|m_axi_fullImage_0_RRESP            |   in|    2|       m_axi|          fullImage|       pointer|
|m_axi_fullImage_0_BVALID           |   in|    1|       m_axi|          fullImage|       pointer|
|m_axi_fullImage_0_BREADY           |  out|    1|       m_axi|          fullImage|       pointer|
|m_axi_fullImage_0_BRESP            |   in|    2|       m_axi|          fullImage|       pointer|
|m_axi_fullImage_0_BID              |   in|    1|       m_axi|          fullImage|       pointer|
|m_axi_fullImage_0_BUSER            |   in|    1|       m_axi|          fullImage|       pointer|
|fullImage2                         |   in|   64|     ap_none|         fullImage2|        scalar|
|m_axi_imageProjs_local_0_AWVALID   |  out|    1|       m_axi|   imageProjs_local|       pointer|
|m_axi_imageProjs_local_0_AWREADY   |   in|    1|       m_axi|   imageProjs_local|       pointer|
|m_axi_imageProjs_local_0_AWADDR    |  out|   64|       m_axi|   imageProjs_local|       pointer|
|m_axi_imageProjs_local_0_AWID      |  out|    1|       m_axi|   imageProjs_local|       pointer|
|m_axi_imageProjs_local_0_AWLEN     |  out|   32|       m_axi|   imageProjs_local|       pointer|
|m_axi_imageProjs_local_0_AWSIZE    |  out|    3|       m_axi|   imageProjs_local|       pointer|
|m_axi_imageProjs_local_0_AWBURST   |  out|    2|       m_axi|   imageProjs_local|       pointer|
|m_axi_imageProjs_local_0_AWLOCK    |  out|    2|       m_axi|   imageProjs_local|       pointer|
|m_axi_imageProjs_local_0_AWCACHE   |  out|    4|       m_axi|   imageProjs_local|       pointer|
|m_axi_imageProjs_local_0_AWPROT    |  out|    3|       m_axi|   imageProjs_local|       pointer|
|m_axi_imageProjs_local_0_AWQOS     |  out|    4|       m_axi|   imageProjs_local|       pointer|
|m_axi_imageProjs_local_0_AWREGION  |  out|    4|       m_axi|   imageProjs_local|       pointer|
|m_axi_imageProjs_local_0_AWUSER    |  out|    1|       m_axi|   imageProjs_local|       pointer|
|m_axi_imageProjs_local_0_WVALID    |  out|    1|       m_axi|   imageProjs_local|       pointer|
|m_axi_imageProjs_local_0_WREADY    |   in|    1|       m_axi|   imageProjs_local|       pointer|
|m_axi_imageProjs_local_0_WDATA     |  out|   32|       m_axi|   imageProjs_local|       pointer|
|m_axi_imageProjs_local_0_WSTRB     |  out|    4|       m_axi|   imageProjs_local|       pointer|
|m_axi_imageProjs_local_0_WLAST     |  out|    1|       m_axi|   imageProjs_local|       pointer|
|m_axi_imageProjs_local_0_WID       |  out|    1|       m_axi|   imageProjs_local|       pointer|
|m_axi_imageProjs_local_0_WUSER     |  out|    1|       m_axi|   imageProjs_local|       pointer|
|m_axi_imageProjs_local_0_ARVALID   |  out|    1|       m_axi|   imageProjs_local|       pointer|
|m_axi_imageProjs_local_0_ARREADY   |   in|    1|       m_axi|   imageProjs_local|       pointer|
|m_axi_imageProjs_local_0_ARADDR    |  out|   64|       m_axi|   imageProjs_local|       pointer|
|m_axi_imageProjs_local_0_ARID      |  out|    1|       m_axi|   imageProjs_local|       pointer|
|m_axi_imageProjs_local_0_ARLEN     |  out|   32|       m_axi|   imageProjs_local|       pointer|
|m_axi_imageProjs_local_0_ARSIZE    |  out|    3|       m_axi|   imageProjs_local|       pointer|
|m_axi_imageProjs_local_0_ARBURST   |  out|    2|       m_axi|   imageProjs_local|       pointer|
|m_axi_imageProjs_local_0_ARLOCK    |  out|    2|       m_axi|   imageProjs_local|       pointer|
|m_axi_imageProjs_local_0_ARCACHE   |  out|    4|       m_axi|   imageProjs_local|       pointer|
|m_axi_imageProjs_local_0_ARPROT    |  out|    3|       m_axi|   imageProjs_local|       pointer|
|m_axi_imageProjs_local_0_ARQOS     |  out|    4|       m_axi|   imageProjs_local|       pointer|
|m_axi_imageProjs_local_0_ARREGION  |  out|    4|       m_axi|   imageProjs_local|       pointer|
|m_axi_imageProjs_local_0_ARUSER    |  out|    1|       m_axi|   imageProjs_local|       pointer|
|m_axi_imageProjs_local_0_RVALID    |   in|    1|       m_axi|   imageProjs_local|       pointer|
|m_axi_imageProjs_local_0_RREADY    |  out|    1|       m_axi|   imageProjs_local|       pointer|
|m_axi_imageProjs_local_0_RDATA     |   in|   32|       m_axi|   imageProjs_local|       pointer|
|m_axi_imageProjs_local_0_RLAST     |   in|    1|       m_axi|   imageProjs_local|       pointer|
|m_axi_imageProjs_local_0_RID       |   in|    1|       m_axi|   imageProjs_local|       pointer|
|m_axi_imageProjs_local_0_RFIFONUM  |   in|    9|       m_axi|   imageProjs_local|       pointer|
|m_axi_imageProjs_local_0_RUSER     |   in|    1|       m_axi|   imageProjs_local|       pointer|
|m_axi_imageProjs_local_0_RRESP     |   in|    2|       m_axi|   imageProjs_local|       pointer|
|m_axi_imageProjs_local_0_BVALID    |   in|    1|       m_axi|   imageProjs_local|       pointer|
|m_axi_imageProjs_local_0_BREADY    |  out|    1|       m_axi|   imageProjs_local|       pointer|
|m_axi_imageProjs_local_0_BRESP     |   in|    2|       m_axi|   imageProjs_local|       pointer|
|m_axi_imageProjs_local_0_BID       |   in|    1|       m_axi|   imageProjs_local|       pointer|
|m_axi_imageProjs_local_0_BUSER     |   in|    1|       m_axi|   imageProjs_local|       pointer|
|imageProjs_local3                  |   in|   64|     ap_none|  imageProjs_local3|        scalar|
|m_axi_imageProjs_0_AWVALID         |  out|    1|       m_axi|         imageProjs|       pointer|
|m_axi_imageProjs_0_AWREADY         |   in|    1|       m_axi|         imageProjs|       pointer|
|m_axi_imageProjs_0_AWADDR          |  out|   64|       m_axi|         imageProjs|       pointer|
|m_axi_imageProjs_0_AWID            |  out|    1|       m_axi|         imageProjs|       pointer|
|m_axi_imageProjs_0_AWLEN           |  out|   32|       m_axi|         imageProjs|       pointer|
|m_axi_imageProjs_0_AWSIZE          |  out|    3|       m_axi|         imageProjs|       pointer|
|m_axi_imageProjs_0_AWBURST         |  out|    2|       m_axi|         imageProjs|       pointer|
|m_axi_imageProjs_0_AWLOCK          |  out|    2|       m_axi|         imageProjs|       pointer|
|m_axi_imageProjs_0_AWCACHE         |  out|    4|       m_axi|         imageProjs|       pointer|
|m_axi_imageProjs_0_AWPROT          |  out|    3|       m_axi|         imageProjs|       pointer|
|m_axi_imageProjs_0_AWQOS           |  out|    4|       m_axi|         imageProjs|       pointer|
|m_axi_imageProjs_0_AWREGION        |  out|    4|       m_axi|         imageProjs|       pointer|
|m_axi_imageProjs_0_AWUSER          |  out|    1|       m_axi|         imageProjs|       pointer|
|m_axi_imageProjs_0_WVALID          |  out|    1|       m_axi|         imageProjs|       pointer|
|m_axi_imageProjs_0_WREADY          |   in|    1|       m_axi|         imageProjs|       pointer|
|m_axi_imageProjs_0_WDATA           |  out|   32|       m_axi|         imageProjs|       pointer|
|m_axi_imageProjs_0_WSTRB           |  out|    4|       m_axi|         imageProjs|       pointer|
|m_axi_imageProjs_0_WLAST           |  out|    1|       m_axi|         imageProjs|       pointer|
|m_axi_imageProjs_0_WID             |  out|    1|       m_axi|         imageProjs|       pointer|
|m_axi_imageProjs_0_WUSER           |  out|    1|       m_axi|         imageProjs|       pointer|
|m_axi_imageProjs_0_ARVALID         |  out|    1|       m_axi|         imageProjs|       pointer|
|m_axi_imageProjs_0_ARREADY         |   in|    1|       m_axi|         imageProjs|       pointer|
|m_axi_imageProjs_0_ARADDR          |  out|   64|       m_axi|         imageProjs|       pointer|
|m_axi_imageProjs_0_ARID            |  out|    1|       m_axi|         imageProjs|       pointer|
|m_axi_imageProjs_0_ARLEN           |  out|   32|       m_axi|         imageProjs|       pointer|
|m_axi_imageProjs_0_ARSIZE          |  out|    3|       m_axi|         imageProjs|       pointer|
|m_axi_imageProjs_0_ARBURST         |  out|    2|       m_axi|         imageProjs|       pointer|
|m_axi_imageProjs_0_ARLOCK          |  out|    2|       m_axi|         imageProjs|       pointer|
|m_axi_imageProjs_0_ARCACHE         |  out|    4|       m_axi|         imageProjs|       pointer|
|m_axi_imageProjs_0_ARPROT          |  out|    3|       m_axi|         imageProjs|       pointer|
|m_axi_imageProjs_0_ARQOS           |  out|    4|       m_axi|         imageProjs|       pointer|
|m_axi_imageProjs_0_ARREGION        |  out|    4|       m_axi|         imageProjs|       pointer|
|m_axi_imageProjs_0_ARUSER          |  out|    1|       m_axi|         imageProjs|       pointer|
|m_axi_imageProjs_0_RVALID          |   in|    1|       m_axi|         imageProjs|       pointer|
|m_axi_imageProjs_0_RREADY          |  out|    1|       m_axi|         imageProjs|       pointer|
|m_axi_imageProjs_0_RDATA           |   in|   32|       m_axi|         imageProjs|       pointer|
|m_axi_imageProjs_0_RLAST           |   in|    1|       m_axi|         imageProjs|       pointer|
|m_axi_imageProjs_0_RID             |   in|    1|       m_axi|         imageProjs|       pointer|
|m_axi_imageProjs_0_RFIFONUM        |   in|    9|       m_axi|         imageProjs|       pointer|
|m_axi_imageProjs_0_RUSER           |   in|    1|       m_axi|         imageProjs|       pointer|
|m_axi_imageProjs_0_RRESP           |   in|    2|       m_axi|         imageProjs|       pointer|
|m_axi_imageProjs_0_BVALID          |   in|    1|       m_axi|         imageProjs|       pointer|
|m_axi_imageProjs_0_BREADY          |  out|    1|       m_axi|         imageProjs|       pointer|
|m_axi_imageProjs_0_BRESP           |   in|    2|       m_axi|         imageProjs|       pointer|
|m_axi_imageProjs_0_BID             |   in|    1|       m_axi|         imageProjs|       pointer|
|m_axi_imageProjs_0_BUSER           |   in|    1|       m_axi|         imageProjs|       pointer|
|empty                              |   in|   64|     ap_none|              empty|        scalar|
+-----------------------------------+-----+-----+------------+-------------------+--------------+

