

================================================================
== Vitis HLS Report for 'matrix_sum_prod'
================================================================
* Date:           Sat Jul 26 18:44:08 2025

* Version:        2024.2 (Build 5238294 on Nov  8 2024)
* Project:        reconstruct
* Solution:       hls (Vivado IP Flow Target)
* Product family: zynquplusRFSOC
* Target device:  xczu49dr-ffvf1760-2-e


================================================================
== Performance Estimates
================================================================
+ Timing: 
    * Summary: 
    +--------+----------+----------+------------+
    |  Clock |  Target  | Estimated| Uncertainty|
    +--------+----------+----------+------------+
    |ap_clk  |  10.00 ns|  7.360 ns|     2.70 ns|
    +--------+----------+----------+------------+

+ Latency: 
    * Summary: 
    +---------+---------+----------+----------+-----+-----+---------+
    |  Latency (cycles) |  Latency (absolute) |  Interval | Pipeline|
    |   min   |   max   |    min   |    max   | min | max |   Type  |
    +---------+---------+----------+----------+-----+-----+---------+
    |       48|       48|  0.480 us|  0.480 us|   48|   48|       no|
    +---------+---------+----------+----------+-----+-----+---------+

    + Detail: 
        * Instance: 
        +--------------------------------------------------------+-------------------------------------------+---------+---------+-----------+-----------+-----+-----+------------------------------------------------+
        |                                                        |                                           |  Latency (cycles) |   Latency (absolute)  |  Interval |                    Pipeline                    |
        |                        Instance                        |                   Module                  |   min   |   max   |    min    |    max    | min | max |                      Type                      |
        +--------------------------------------------------------+-------------------------------------------+---------+---------+-----------+-----------+-----+-----+------------------------------------------------+
        |grp_matrix_sum_prod_Pipeline_VITIS_LOOP_191_1_fu_15504  |matrix_sum_prod_Pipeline_VITIS_LOOP_191_1  |        4|        4|  40.000 ns|  40.000 ns|    3|    3|  loop auto-rewind stp (delay=0 clock cycles(s))|
        +--------------------------------------------------------+-------------------------------------------+---------+---------+-----------+-----------+-----+-----+------------------------------------------------+

        * Loop: 
        N/A



================================================================
== Utilization Estimates
================================================================
* Summary: 
+-----------------+---------+------+--------+--------+-----+
|       Name      | BRAM_18K|  DSP |   FF   |   LUT  | URAM|
+-----------------+---------+------+--------+--------+-----+
|DSP              |        -|     -|       -|       -|    -|
|Expression       |        -|     -|       0|       2|    -|
|FIFO             |        -|     -|       -|       -|    -|
|Instance         |        -|  2040|  136878|  134622|    -|
|Memory           |        -|     -|       -|       -|    -|
|Multiplexer      |        -|     -|       0|   33263|    -|
|Register         |        -|     -|  115791|       -|    -|
+-----------------+---------+------+--------+--------+-----+
|Total            |        0|  2040|  252669|  167887|    0|
+-----------------+---------+------+--------+--------+-----+
|Available        |     2160|  4272|  850560|  425280|   80|
+-----------------+---------+------+--------+--------+-----+
|Utilization (%)  |        0|    47|      29|      39|    0|
+-----------------+---------+------+--------+--------+-----+

+ Detail: 
    * Instance: 
    +--------------------------------------------------------+-------------------------------------------+---------+----+------+------+-----+
    |                        Instance                        |                   Module                  | BRAM_18K| DSP|  FF  |  LUT | URAM|
    +--------------------------------------------------------+-------------------------------------------+---------+----+------+------+-----+
    |fadd_32ns_32ns_32_4_full_dsp_1_U2022                    |fadd_32ns_32ns_32_4_full_dsp_1             |        0|   2|   227|   214|    0|
    |fadd_32ns_32ns_32_4_full_dsp_1_U2023                    |fadd_32ns_32ns_32_4_full_dsp_1             |        0|   2|   227|   214|    0|
    |fadd_32ns_32ns_32_4_full_dsp_1_U2024                    |fadd_32ns_32ns_32_4_full_dsp_1             |        0|   2|   227|   214|    0|
    |fadd_32ns_32ns_32_4_full_dsp_1_U2025                    |fadd_32ns_32ns_32_4_full_dsp_1             |        0|   2|   227|   214|    0|
    |fadd_32ns_32ns_32_4_full_dsp_1_U2026                    |fadd_32ns_32ns_32_4_full_dsp_1             |        0|   2|   227|   214|    0|
    |fadd_32ns_32ns_32_4_full_dsp_1_U2027                    |fadd_32ns_32ns_32_4_full_dsp_1             |        0|   2|   227|   214|    0|
    |fadd_32ns_32ns_32_4_full_dsp_1_U2028                    |fadd_32ns_32ns_32_4_full_dsp_1             |        0|   2|   227|   214|    0|
    |fadd_32ns_32ns_32_4_full_dsp_1_U2029                    |fadd_32ns_32ns_32_4_full_dsp_1             |        0|   2|   227|   214|    0|
    |fadd_32ns_32ns_32_4_full_dsp_1_U2030                    |fadd_32ns_32ns_32_4_full_dsp_1             |        0|   2|   227|   214|    0|
    |fadd_32ns_32ns_32_4_full_dsp_1_U2031                    |fadd_32ns_32ns_32_4_full_dsp_1             |        0|   2|   227|   214|    0|
    |fadd_32ns_32ns_32_4_full_dsp_1_U2032                    |fadd_32ns_32ns_32_4_full_dsp_1             |        0|   2|   227|   214|    0|
    |fadd_32ns_32ns_32_4_full_dsp_1_U2033                    |fadd_32ns_32ns_32_4_full_dsp_1             |        0|   2|   227|   214|    0|
    |fadd_32ns_32ns_32_4_full_dsp_1_U2034                    |fadd_32ns_32ns_32_4_full_dsp_1             |        0|   2|   227|   214|    0|
    |fadd_32ns_32ns_32_4_full_dsp_1_U2035                    |fadd_32ns_32ns_32_4_full_dsp_1             |        0|   2|   227|   214|    0|
    |fadd_32ns_32ns_32_4_full_dsp_1_U2036                    |fadd_32ns_32ns_32_4_full_dsp_1             |        0|   2|   227|   214|    0|
    |fadd_32ns_32ns_32_4_full_dsp_1_U2037                    |fadd_32ns_32ns_32_4_full_dsp_1             |        0|   2|   227|   214|    0|
    |fadd_32ns_32ns_32_4_full_dsp_1_U2038                    |fadd_32ns_32ns_32_4_full_dsp_1             |        0|   2|   227|   214|    0|
    |fadd_32ns_32ns_32_4_full_dsp_1_U2039                    |fadd_32ns_32ns_32_4_full_dsp_1             |        0|   2|   227|   214|    0|
    |fadd_32ns_32ns_32_4_full_dsp_1_U2040                    |fadd_32ns_32ns_32_4_full_dsp_1             |        0|   2|   227|   214|    0|
    |fadd_32ns_32ns_32_4_full_dsp_1_U2041                    |fadd_32ns_32ns_32_4_full_dsp_1             |        0|   2|   227|   214|    0|
    |fadd_32ns_32ns_32_4_full_dsp_1_U2042                    |fadd_32ns_32ns_32_4_full_dsp_1             |        0|   2|   227|   214|    0|
    |fadd_32ns_32ns_32_4_full_dsp_1_U2043                    |fadd_32ns_32ns_32_4_full_dsp_1             |        0|   2|   227|   214|    0|
    |fadd_32ns_32ns_32_4_full_dsp_1_U2044                    |fadd_32ns_32ns_32_4_full_dsp_1             |        0|   2|   227|   214|    0|
    |fadd_32ns_32ns_32_4_full_dsp_1_U2045                    |fadd_32ns_32ns_32_4_full_dsp_1             |        0|   2|   227|   214|    0|
    |fadd_32ns_32ns_32_4_full_dsp_1_U2046                    |fadd_32ns_32ns_32_4_full_dsp_1             |        0|   2|   227|   214|    0|
    |fadd_32ns_32ns_32_4_full_dsp_1_U2047                    |fadd_32ns_32ns_32_4_full_dsp_1             |        0|   2|   227|   214|    0|
    |fadd_32ns_32ns_32_4_full_dsp_1_U2048                    |fadd_32ns_32ns_32_4_full_dsp_1             |        0|   2|   227|   214|    0|
    |fadd_32ns_32ns_32_4_full_dsp_1_U2049                    |fadd_32ns_32ns_32_4_full_dsp_1             |        0|   2|   227|   214|    0|
    |fadd_32ns_32ns_32_4_full_dsp_1_U2050                    |fadd_32ns_32ns_32_4_full_dsp_1             |        0|   2|   227|   214|    0|
    |fadd_32ns_32ns_32_4_full_dsp_1_U2051                    |fadd_32ns_32ns_32_4_full_dsp_1             |        0|   2|   227|   214|    0|
    |fadd_32ns_32ns_32_4_full_dsp_1_U2052                    |fadd_32ns_32ns_32_4_full_dsp_1             |        0|   2|   227|   214|    0|
    |fadd_32ns_32ns_32_4_full_dsp_1_U2053                    |fadd_32ns_32ns_32_4_full_dsp_1             |        0|   2|   227|   214|    0|
    |fadd_32ns_32ns_32_4_full_dsp_1_U2054                    |fadd_32ns_32ns_32_4_full_dsp_1             |        0|   2|   227|   214|    0|
    |fadd_32ns_32ns_32_4_full_dsp_1_U2055                    |fadd_32ns_32ns_32_4_full_dsp_1             |        0|   2|   227|   214|    0|
    |fadd_32ns_32ns_32_4_full_dsp_1_U2056                    |fadd_32ns_32ns_32_4_full_dsp_1             |        0|   2|   227|   214|    0|
    |fadd_32ns_32ns_32_4_full_dsp_1_U2057                    |fadd_32ns_32ns_32_4_full_dsp_1             |        0|   2|   227|   214|    0|
    |fadd_32ns_32ns_32_4_full_dsp_1_U2058                    |fadd_32ns_32ns_32_4_full_dsp_1             |        0|   2|   227|   214|    0|
    |fadd_32ns_32ns_32_4_full_dsp_1_U2059                    |fadd_32ns_32ns_32_4_full_dsp_1             |        0|   2|   227|   214|    0|
    |fadd_32ns_32ns_32_4_full_dsp_1_U2060                    |fadd_32ns_32ns_32_4_full_dsp_1             |        0|   2|   227|   214|    0|
    |fadd_32ns_32ns_32_4_full_dsp_1_U2061                    |fadd_32ns_32ns_32_4_full_dsp_1             |        0|   2|   227|   214|    0|
    |fadd_32ns_32ns_32_4_full_dsp_1_U2062                    |fadd_32ns_32ns_32_4_full_dsp_1             |        0|   2|   227|   214|    0|
    |fadd_32ns_32ns_32_4_full_dsp_1_U2063                    |fadd_32ns_32ns_32_4_full_dsp_1             |        0|   2|   227|   214|    0|
    |fadd_32ns_32ns_32_4_full_dsp_1_U2064                    |fadd_32ns_32ns_32_4_full_dsp_1             |        0|   2|   227|   214|    0|
    |fadd_32ns_32ns_32_4_full_dsp_1_U2065                    |fadd_32ns_32ns_32_4_full_dsp_1             |        0|   2|   227|   214|    0|
    |fadd_32ns_32ns_32_4_full_dsp_1_U2066                    |fadd_32ns_32ns_32_4_full_dsp_1             |        0|   2|   227|   214|    0|
    |fadd_32ns_32ns_32_4_full_dsp_1_U2067                    |fadd_32ns_32ns_32_4_full_dsp_1             |        0|   2|   227|   214|    0|
    |fadd_32ns_32ns_32_4_full_dsp_1_U2068                    |fadd_32ns_32ns_32_4_full_dsp_1             |        0|   2|   227|   214|    0|
    |fadd_32ns_32ns_32_4_full_dsp_1_U2069                    |fadd_32ns_32ns_32_4_full_dsp_1             |        0|   2|   227|   214|    0|
    |fadd_32ns_32ns_32_4_full_dsp_1_U2070                    |fadd_32ns_32ns_32_4_full_dsp_1             |        0|   2|   227|   214|    0|
    |fadd_32ns_32ns_32_4_full_dsp_1_U2071                    |fadd_32ns_32ns_32_4_full_dsp_1             |        0|   2|   227|   214|    0|
    |fadd_32ns_32ns_32_4_full_dsp_1_U2072                    |fadd_32ns_32ns_32_4_full_dsp_1             |        0|   2|   227|   214|    0|
    |fadd_32ns_32ns_32_4_full_dsp_1_U2073                    |fadd_32ns_32ns_32_4_full_dsp_1             |        0|   2|   227|   214|    0|
    |fadd_32ns_32ns_32_4_full_dsp_1_U2074                    |fadd_32ns_32ns_32_4_full_dsp_1             |        0|   2|   227|   214|    0|
    |fadd_32ns_32ns_32_4_full_dsp_1_U2075                    |fadd_32ns_32ns_32_4_full_dsp_1             |        0|   2|   227|   214|    0|
    |fadd_32ns_32ns_32_4_full_dsp_1_U2076                    |fadd_32ns_32ns_32_4_full_dsp_1             |        0|   2|   227|   214|    0|
    |fadd_32ns_32ns_32_4_full_dsp_1_U2077                    |fadd_32ns_32ns_32_4_full_dsp_1             |        0|   2|   227|   214|    0|
    |fadd_32ns_32ns_32_4_full_dsp_1_U2078                    |fadd_32ns_32ns_32_4_full_dsp_1             |        0|   2|   227|   214|    0|
    |fadd_32ns_32ns_32_4_full_dsp_1_U2079                    |fadd_32ns_32ns_32_4_full_dsp_1             |        0|   2|   227|   214|    0|
    |fadd_32ns_32ns_32_4_full_dsp_1_U2080                    |fadd_32ns_32ns_32_4_full_dsp_1             |        0|   2|   227|   214|    0|
    |fadd_32ns_32ns_32_4_full_dsp_1_U2081                    |fadd_32ns_32ns_32_4_full_dsp_1             |        0|   2|   227|   214|    0|
    |fadd_32ns_32ns_32_4_full_dsp_1_U2082                    |fadd_32ns_32ns_32_4_full_dsp_1             |        0|   2|   227|   214|    0|
    |fadd_32ns_32ns_32_4_full_dsp_1_U2083                    |fadd_32ns_32ns_32_4_full_dsp_1             |        0|   2|   227|   214|    0|
    |fadd_32ns_32ns_32_4_full_dsp_1_U2084                    |fadd_32ns_32ns_32_4_full_dsp_1             |        0|   2|   227|   214|    0|
    |fadd_32ns_32ns_32_4_full_dsp_1_U2085                    |fadd_32ns_32ns_32_4_full_dsp_1             |        0|   2|   227|   214|    0|
    |fadd_32ns_32ns_32_4_full_dsp_1_U2086                    |fadd_32ns_32ns_32_4_full_dsp_1             |        0|   2|   227|   214|    0|
    |fadd_32ns_32ns_32_4_full_dsp_1_U2087                    |fadd_32ns_32ns_32_4_full_dsp_1             |        0|   2|   227|   214|    0|
    |fadd_32ns_32ns_32_4_full_dsp_1_U2088                    |fadd_32ns_32ns_32_4_full_dsp_1             |        0|   2|   227|   214|    0|
    |fadd_32ns_32ns_32_4_full_dsp_1_U2089                    |fadd_32ns_32ns_32_4_full_dsp_1             |        0|   2|   227|   214|    0|
    |fadd_32ns_32ns_32_4_full_dsp_1_U2090                    |fadd_32ns_32ns_32_4_full_dsp_1             |        0|   2|   227|   214|    0|
    |fadd_32ns_32ns_32_4_full_dsp_1_U2091                    |fadd_32ns_32ns_32_4_full_dsp_1             |        0|   2|   227|   214|    0|
    |fadd_32ns_32ns_32_4_full_dsp_1_U2092                    |fadd_32ns_32ns_32_4_full_dsp_1             |        0|   2|   227|   214|    0|
    |fadd_32ns_32ns_32_4_full_dsp_1_U2093                    |fadd_32ns_32ns_32_4_full_dsp_1             |        0|   2|   227|   214|    0|
    |fadd_32ns_32ns_32_4_full_dsp_1_U2094                    |fadd_32ns_32ns_32_4_full_dsp_1             |        0|   2|   227|   214|    0|
    |fadd_32ns_32ns_32_4_full_dsp_1_U2095                    |fadd_32ns_32ns_32_4_full_dsp_1             |        0|   2|   227|   214|    0|
    |fadd_32ns_32ns_32_4_full_dsp_1_U2096                    |fadd_32ns_32ns_32_4_full_dsp_1             |        0|   2|   227|   214|    0|
    |fadd_32ns_32ns_32_4_full_dsp_1_U2097                    |fadd_32ns_32ns_32_4_full_dsp_1             |        0|   2|   227|   214|    0|
    |fadd_32ns_32ns_32_4_full_dsp_1_U2098                    |fadd_32ns_32ns_32_4_full_dsp_1             |        0|   2|   227|   214|    0|
    |fadd_32ns_32ns_32_4_full_dsp_1_U2099                    |fadd_32ns_32ns_32_4_full_dsp_1             |        0|   2|   227|   214|    0|
    |fadd_32ns_32ns_32_4_full_dsp_1_U2100                    |fadd_32ns_32ns_32_4_full_dsp_1             |        0|   2|   227|   214|    0|
    |fadd_32ns_32ns_32_4_full_dsp_1_U2101                    |fadd_32ns_32ns_32_4_full_dsp_1             |        0|   2|   227|   214|    0|
    |fadd_32ns_32ns_32_4_full_dsp_1_U2102                    |fadd_32ns_32ns_32_4_full_dsp_1             |        0|   2|   227|   214|    0|
    |fadd_32ns_32ns_32_4_full_dsp_1_U2103                    |fadd_32ns_32ns_32_4_full_dsp_1             |        0|   2|   227|   214|    0|
    |fadd_32ns_32ns_32_4_full_dsp_1_U2104                    |fadd_32ns_32ns_32_4_full_dsp_1             |        0|   2|   227|   214|    0|
    |fadd_32ns_32ns_32_4_full_dsp_1_U2105                    |fadd_32ns_32ns_32_4_full_dsp_1             |        0|   2|   227|   214|    0|
    |fadd_32ns_32ns_32_4_full_dsp_1_U2106                    |fadd_32ns_32ns_32_4_full_dsp_1             |        0|   2|   227|   214|    0|
    |fadd_32ns_32ns_32_4_full_dsp_1_U2107                    |fadd_32ns_32ns_32_4_full_dsp_1             |        0|   2|   227|   214|    0|
    |fadd_32ns_32ns_32_4_full_dsp_1_U2108                    |fadd_32ns_32ns_32_4_full_dsp_1             |        0|   2|   227|   214|    0|
    |fadd_32ns_32ns_32_4_full_dsp_1_U2109                    |fadd_32ns_32ns_32_4_full_dsp_1             |        0|   2|   227|   214|    0|
    |fadd_32ns_32ns_32_4_full_dsp_1_U2110                    |fadd_32ns_32ns_32_4_full_dsp_1             |        0|   2|   227|   214|    0|
    |fadd_32ns_32ns_32_4_full_dsp_1_U2111                    |fadd_32ns_32ns_32_4_full_dsp_1             |        0|   2|   227|   214|    0|
    |fadd_32ns_32ns_32_4_full_dsp_1_U2112                    |fadd_32ns_32ns_32_4_full_dsp_1             |        0|   2|   227|   214|    0|
    |fadd_32ns_32ns_32_4_full_dsp_1_U2113                    |fadd_32ns_32ns_32_4_full_dsp_1             |        0|   2|   227|   214|    0|
    |fadd_32ns_32ns_32_4_full_dsp_1_U2114                    |fadd_32ns_32ns_32_4_full_dsp_1             |        0|   2|   227|   214|    0|
    |fadd_32ns_32ns_32_4_full_dsp_1_U2115                    |fadd_32ns_32ns_32_4_full_dsp_1             |        0|   2|   227|   214|    0|
    |fadd_32ns_32ns_32_4_full_dsp_1_U2116                    |fadd_32ns_32ns_32_4_full_dsp_1             |        0|   2|   227|   214|    0|
    |fadd_32ns_32ns_32_4_full_dsp_1_U2117                    |fadd_32ns_32ns_32_4_full_dsp_1             |        0|   2|   227|   214|    0|
    |fadd_32ns_32ns_32_4_full_dsp_1_U2118                    |fadd_32ns_32ns_32_4_full_dsp_1             |        0|   2|   227|   214|    0|
    |fadd_32ns_32ns_32_4_full_dsp_1_U2119                    |fadd_32ns_32ns_32_4_full_dsp_1             |        0|   2|   227|   214|    0|
    |fadd_32ns_32ns_32_4_full_dsp_1_U2120                    |fadd_32ns_32ns_32_4_full_dsp_1             |        0|   2|   227|   214|    0|
    |fadd_32ns_32ns_32_4_full_dsp_1_U2121                    |fadd_32ns_32ns_32_4_full_dsp_1             |        0|   2|   227|   214|    0|
    |fadd_32ns_32ns_32_4_full_dsp_1_U2122                    |fadd_32ns_32ns_32_4_full_dsp_1             |        0|   2|   227|   214|    0|
    |fadd_32ns_32ns_32_4_full_dsp_1_U2123                    |fadd_32ns_32ns_32_4_full_dsp_1             |        0|   2|   227|   214|    0|
    |fadd_32ns_32ns_32_4_full_dsp_1_U2124                    |fadd_32ns_32ns_32_4_full_dsp_1             |        0|   2|   227|   214|    0|
    |fadd_32ns_32ns_32_4_full_dsp_1_U2125                    |fadd_32ns_32ns_32_4_full_dsp_1             |        0|   2|   227|   214|    0|
    |fadd_32ns_32ns_32_4_full_dsp_1_U2126                    |fadd_32ns_32ns_32_4_full_dsp_1             |        0|   2|   227|   214|    0|
    |fadd_32ns_32ns_32_4_full_dsp_1_U2127                    |fadd_32ns_32ns_32_4_full_dsp_1             |        0|   2|   227|   214|    0|
    |fadd_32ns_32ns_32_4_full_dsp_1_U2128                    |fadd_32ns_32ns_32_4_full_dsp_1             |        0|   2|   227|   214|    0|
    |fadd_32ns_32ns_32_4_full_dsp_1_U2129                    |fadd_32ns_32ns_32_4_full_dsp_1             |        0|   2|   227|   214|    0|
    |fadd_32ns_32ns_32_4_full_dsp_1_U2130                    |fadd_32ns_32ns_32_4_full_dsp_1             |        0|   2|   227|   214|    0|
    |fadd_32ns_32ns_32_4_full_dsp_1_U2131                    |fadd_32ns_32ns_32_4_full_dsp_1             |        0|   2|   227|   214|    0|
    |fadd_32ns_32ns_32_4_full_dsp_1_U2132                    |fadd_32ns_32ns_32_4_full_dsp_1             |        0|   2|   227|   214|    0|
    |fadd_32ns_32ns_32_4_full_dsp_1_U2133                    |fadd_32ns_32ns_32_4_full_dsp_1             |        0|   2|   227|   214|    0|
    |fadd_32ns_32ns_32_4_full_dsp_1_U2134                    |fadd_32ns_32ns_32_4_full_dsp_1             |        0|   2|   227|   214|    0|
    |fadd_32ns_32ns_32_4_full_dsp_1_U2135                    |fadd_32ns_32ns_32_4_full_dsp_1             |        0|   2|   227|   214|    0|
    |fadd_32ns_32ns_32_4_full_dsp_1_U2136                    |fadd_32ns_32ns_32_4_full_dsp_1             |        0|   2|   227|   214|    0|
    |fadd_32ns_32ns_32_4_full_dsp_1_U2137                    |fadd_32ns_32ns_32_4_full_dsp_1             |        0|   2|   227|   214|    0|
    |fadd_32ns_32ns_32_4_full_dsp_1_U2138                    |fadd_32ns_32ns_32_4_full_dsp_1             |        0|   2|   227|   214|    0|
    |fadd_32ns_32ns_32_4_full_dsp_1_U2139                    |fadd_32ns_32ns_32_4_full_dsp_1             |        0|   2|   227|   214|    0|
    |fadd_32ns_32ns_32_4_full_dsp_1_U2140                    |fadd_32ns_32ns_32_4_full_dsp_1             |        0|   2|   227|   214|    0|
    |fadd_32ns_32ns_32_4_full_dsp_1_U2141                    |fadd_32ns_32ns_32_4_full_dsp_1             |        0|   2|   227|   214|    0|
    |fadd_32ns_32ns_32_4_full_dsp_1_U2142                    |fadd_32ns_32ns_32_4_full_dsp_1             |        0|   2|   227|   214|    0|
    |fadd_32ns_32ns_32_4_full_dsp_1_U2143                    |fadd_32ns_32ns_32_4_full_dsp_1             |        0|   2|   227|   214|    0|
    |fadd_32ns_32ns_32_4_full_dsp_1_U2144                    |fadd_32ns_32ns_32_4_full_dsp_1             |        0|   2|   227|   214|    0|
    |fadd_32ns_32ns_32_4_full_dsp_1_U2145                    |fadd_32ns_32ns_32_4_full_dsp_1             |        0|   2|   227|   214|    0|
    |fadd_32ns_32ns_32_4_full_dsp_1_U2146                    |fadd_32ns_32ns_32_4_full_dsp_1             |        0|   2|   227|   214|    0|
    |fadd_32ns_32ns_32_4_full_dsp_1_U2147                    |fadd_32ns_32ns_32_4_full_dsp_1             |        0|   2|   227|   214|    0|
    |fadd_32ns_32ns_32_4_full_dsp_1_U2148                    |fadd_32ns_32ns_32_4_full_dsp_1             |        0|   2|   227|   214|    0|
    |fadd_32ns_32ns_32_4_full_dsp_1_U2149                    |fadd_32ns_32ns_32_4_full_dsp_1             |        0|   2|   227|   214|    0|
    |fadd_32ns_32ns_32_4_full_dsp_1_U2150                    |fadd_32ns_32ns_32_4_full_dsp_1             |        0|   2|   227|   214|    0|
    |fadd_32ns_32ns_32_4_full_dsp_1_U2151                    |fadd_32ns_32ns_32_4_full_dsp_1             |        0|   2|   227|   214|    0|
    |fadd_32ns_32ns_32_4_full_dsp_1_U2152                    |fadd_32ns_32ns_32_4_full_dsp_1             |        0|   2|   227|   214|    0|
    |fadd_32ns_32ns_32_4_full_dsp_1_U2153                    |fadd_32ns_32ns_32_4_full_dsp_1             |        0|   2|   227|   214|    0|
    |fadd_32ns_32ns_32_4_full_dsp_1_U2154                    |fadd_32ns_32ns_32_4_full_dsp_1             |        0|   2|   227|   214|    0|
    |fadd_32ns_32ns_32_4_full_dsp_1_U2155                    |fadd_32ns_32ns_32_4_full_dsp_1             |        0|   2|   227|   214|    0|
    |fadd_32ns_32ns_32_4_full_dsp_1_U2156                    |fadd_32ns_32ns_32_4_full_dsp_1             |        0|   2|   227|   214|    0|
    |fadd_32ns_32ns_32_4_full_dsp_1_U2157                    |fadd_32ns_32ns_32_4_full_dsp_1             |        0|   2|   227|   214|    0|
    |fadd_32ns_32ns_32_4_full_dsp_1_U2158                    |fadd_32ns_32ns_32_4_full_dsp_1             |        0|   2|   227|   214|    0|
    |fadd_32ns_32ns_32_4_full_dsp_1_U2159                    |fadd_32ns_32ns_32_4_full_dsp_1             |        0|   2|   227|   214|    0|
    |fadd_32ns_32ns_32_4_full_dsp_1_U2160                    |fadd_32ns_32ns_32_4_full_dsp_1             |        0|   2|   227|   214|    0|
    |fadd_32ns_32ns_32_4_full_dsp_1_U2161                    |fadd_32ns_32ns_32_4_full_dsp_1             |        0|   2|   227|   214|    0|
    |fadd_32ns_32ns_32_4_full_dsp_1_U2162                    |fadd_32ns_32ns_32_4_full_dsp_1             |        0|   2|   227|   214|    0|
    |fadd_32ns_32ns_32_4_full_dsp_1_U2163                    |fadd_32ns_32ns_32_4_full_dsp_1             |        0|   2|   227|   214|    0|
    |fadd_32ns_32ns_32_4_full_dsp_1_U2164                    |fadd_32ns_32ns_32_4_full_dsp_1             |        0|   2|   227|   214|    0|
    |fadd_32ns_32ns_32_4_full_dsp_1_U2165                    |fadd_32ns_32ns_32_4_full_dsp_1             |        0|   2|   227|   214|    0|
    |fadd_32ns_32ns_32_4_full_dsp_1_U2166                    |fadd_32ns_32ns_32_4_full_dsp_1             |        0|   2|   227|   214|    0|
    |fadd_32ns_32ns_32_4_full_dsp_1_U2167                    |fadd_32ns_32ns_32_4_full_dsp_1             |        0|   2|   227|   214|    0|
    |fadd_32ns_32ns_32_4_full_dsp_1_U2168                    |fadd_32ns_32ns_32_4_full_dsp_1             |        0|   2|   227|   214|    0|
    |fadd_32ns_32ns_32_4_full_dsp_1_U2169                    |fadd_32ns_32ns_32_4_full_dsp_1             |        0|   2|   227|   214|    0|
    |fadd_32ns_32ns_32_4_full_dsp_1_U2170                    |fadd_32ns_32ns_32_4_full_dsp_1             |        0|   2|   227|   214|    0|
    |fadd_32ns_32ns_32_4_full_dsp_1_U2171                    |fadd_32ns_32ns_32_4_full_dsp_1             |        0|   2|   227|   214|    0|
    |fadd_32ns_32ns_32_4_full_dsp_1_U2172                    |fadd_32ns_32ns_32_4_full_dsp_1             |        0|   2|   227|   214|    0|
    |fadd_32ns_32ns_32_4_full_dsp_1_U2173                    |fadd_32ns_32ns_32_4_full_dsp_1             |        0|   2|   227|   214|    0|
    |fadd_32ns_32ns_32_4_full_dsp_1_U2174                    |fadd_32ns_32ns_32_4_full_dsp_1             |        0|   2|   227|   214|    0|
    |fadd_32ns_32ns_32_4_full_dsp_1_U2175                    |fadd_32ns_32ns_32_4_full_dsp_1             |        0|   2|   227|   214|    0|
    |fadd_32ns_32ns_32_4_full_dsp_1_U2176                    |fadd_32ns_32ns_32_4_full_dsp_1             |        0|   2|   227|   214|    0|
    |fadd_32ns_32ns_32_4_full_dsp_1_U2177                    |fadd_32ns_32ns_32_4_full_dsp_1             |        0|   2|   227|   214|    0|
    |fadd_32ns_32ns_32_4_full_dsp_1_U2178                    |fadd_32ns_32ns_32_4_full_dsp_1             |        0|   2|   227|   214|    0|
    |fadd_32ns_32ns_32_4_full_dsp_1_U2179                    |fadd_32ns_32ns_32_4_full_dsp_1             |        0|   2|   227|   214|    0|
    |fadd_32ns_32ns_32_4_full_dsp_1_U2180                    |fadd_32ns_32ns_32_4_full_dsp_1             |        0|   2|   227|   214|    0|
    |fadd_32ns_32ns_32_4_full_dsp_1_U2181                    |fadd_32ns_32ns_32_4_full_dsp_1             |        0|   2|   227|   214|    0|
    |fadd_32ns_32ns_32_4_full_dsp_1_U2182                    |fadd_32ns_32ns_32_4_full_dsp_1             |        0|   2|   227|   214|    0|
    |fadd_32ns_32ns_32_4_full_dsp_1_U2183                    |fadd_32ns_32ns_32_4_full_dsp_1             |        0|   2|   227|   214|    0|
    |fadd_32ns_32ns_32_4_full_dsp_1_U2184                    |fadd_32ns_32ns_32_4_full_dsp_1             |        0|   2|   227|   214|    0|
    |fadd_32ns_32ns_32_4_full_dsp_1_U2185                    |fadd_32ns_32ns_32_4_full_dsp_1             |        0|   2|   227|   214|    0|
    |fadd_32ns_32ns_32_4_full_dsp_1_U2186                    |fadd_32ns_32ns_32_4_full_dsp_1             |        0|   2|   227|   214|    0|
    |fadd_32ns_32ns_32_4_full_dsp_1_U2187                    |fadd_32ns_32ns_32_4_full_dsp_1             |        0|   2|   227|   214|    0|
    |fadd_32ns_32ns_32_4_full_dsp_1_U2188                    |fadd_32ns_32ns_32_4_full_dsp_1             |        0|   2|   227|   214|    0|
    |fadd_32ns_32ns_32_4_full_dsp_1_U2189                    |fadd_32ns_32ns_32_4_full_dsp_1             |        0|   2|   227|   214|    0|
    |fadd_32ns_32ns_32_4_full_dsp_1_U2190                    |fadd_32ns_32ns_32_4_full_dsp_1             |        0|   2|   227|   214|    0|
    |fadd_32ns_32ns_32_4_full_dsp_1_U2191                    |fadd_32ns_32ns_32_4_full_dsp_1             |        0|   2|   227|   214|    0|
    |fadd_32ns_32ns_32_4_full_dsp_1_U2192                    |fadd_32ns_32ns_32_4_full_dsp_1             |        0|   2|   227|   214|    0|
    |fadd_32ns_32ns_32_4_full_dsp_1_U2193                    |fadd_32ns_32ns_32_4_full_dsp_1             |        0|   2|   227|   214|    0|
    |fadd_32ns_32ns_32_4_full_dsp_1_U2194                    |fadd_32ns_32ns_32_4_full_dsp_1             |        0|   2|   227|   214|    0|
    |fadd_32ns_32ns_32_4_full_dsp_1_U2195                    |fadd_32ns_32ns_32_4_full_dsp_1             |        0|   2|   227|   214|    0|
    |fadd_32ns_32ns_32_4_full_dsp_1_U2196                    |fadd_32ns_32ns_32_4_full_dsp_1             |        0|   2|   227|   214|    0|
    |fadd_32ns_32ns_32_4_full_dsp_1_U2197                    |fadd_32ns_32ns_32_4_full_dsp_1             |        0|   2|   227|   214|    0|
    |fadd_32ns_32ns_32_4_full_dsp_1_U2198                    |fadd_32ns_32ns_32_4_full_dsp_1             |        0|   2|   227|   214|    0|
    |fadd_32ns_32ns_32_4_full_dsp_1_U2199                    |fadd_32ns_32ns_32_4_full_dsp_1             |        0|   2|   227|   214|    0|
    |fadd_32ns_32ns_32_4_full_dsp_1_U2200                    |fadd_32ns_32ns_32_4_full_dsp_1             |        0|   2|   227|   214|    0|
    |fadd_32ns_32ns_32_4_full_dsp_1_U2201                    |fadd_32ns_32ns_32_4_full_dsp_1             |        0|   2|   227|   214|    0|
    |fadd_32ns_32ns_32_4_full_dsp_1_U2202                    |fadd_32ns_32ns_32_4_full_dsp_1             |        0|   2|   227|   214|    0|
    |fadd_32ns_32ns_32_4_full_dsp_1_U2203                    |fadd_32ns_32ns_32_4_full_dsp_1             |        0|   2|   227|   214|    0|
    |fadd_32ns_32ns_32_4_full_dsp_1_U2204                    |fadd_32ns_32ns_32_4_full_dsp_1             |        0|   2|   227|   214|    0|
    |fadd_32ns_32ns_32_4_full_dsp_1_U2205                    |fadd_32ns_32ns_32_4_full_dsp_1             |        0|   2|   227|   214|    0|
    |fadd_32ns_32ns_32_4_full_dsp_1_U2206                    |fadd_32ns_32ns_32_4_full_dsp_1             |        0|   2|   227|   214|    0|
    |fadd_32ns_32ns_32_4_full_dsp_1_U2207                    |fadd_32ns_32ns_32_4_full_dsp_1             |        0|   2|   227|   214|    0|
    |fadd_32ns_32ns_32_4_full_dsp_1_U2208                    |fadd_32ns_32ns_32_4_full_dsp_1             |        0|   2|   227|   214|    0|
    |fadd_32ns_32ns_32_4_full_dsp_1_U2209                    |fadd_32ns_32ns_32_4_full_dsp_1             |        0|   2|   227|   214|    0|
    |fadd_32ns_32ns_32_4_full_dsp_1_U2210                    |fadd_32ns_32ns_32_4_full_dsp_1             |        0|   2|   227|   214|    0|
    |fadd_32ns_32ns_32_4_full_dsp_1_U2211                    |fadd_32ns_32ns_32_4_full_dsp_1             |        0|   2|   227|   214|    0|
    |fadd_32ns_32ns_32_4_full_dsp_1_U2212                    |fadd_32ns_32ns_32_4_full_dsp_1             |        0|   2|   227|   214|    0|
    |fadd_32ns_32ns_32_4_full_dsp_1_U2213                    |fadd_32ns_32ns_32_4_full_dsp_1             |        0|   2|   227|   214|    0|
    |fadd_32ns_32ns_32_4_full_dsp_1_U2214                    |fadd_32ns_32ns_32_4_full_dsp_1             |        0|   2|   227|   214|    0|
    |fadd_32ns_32ns_32_4_full_dsp_1_U2215                    |fadd_32ns_32ns_32_4_full_dsp_1             |        0|   2|   227|   214|    0|
    |fadd_32ns_32ns_32_4_full_dsp_1_U2216                    |fadd_32ns_32ns_32_4_full_dsp_1             |        0|   2|   227|   214|    0|
    |fadd_32ns_32ns_32_4_full_dsp_1_U2217                    |fadd_32ns_32ns_32_4_full_dsp_1             |        0|   2|   227|   214|    0|
    |fadd_32ns_32ns_32_4_full_dsp_1_U2218                    |fadd_32ns_32ns_32_4_full_dsp_1             |        0|   2|   227|   214|    0|
    |fadd_32ns_32ns_32_4_full_dsp_1_U2219                    |fadd_32ns_32ns_32_4_full_dsp_1             |        0|   2|   227|   214|    0|
    |fadd_32ns_32ns_32_4_full_dsp_1_U2220                    |fadd_32ns_32ns_32_4_full_dsp_1             |        0|   2|   227|   214|    0|
    |fadd_32ns_32ns_32_4_full_dsp_1_U2221                    |fadd_32ns_32ns_32_4_full_dsp_1             |        0|   2|   227|   214|    0|
    |fadd_32ns_32ns_32_4_full_dsp_1_U2222                    |fadd_32ns_32ns_32_4_full_dsp_1             |        0|   2|   227|   214|    0|
    |fadd_32ns_32ns_32_4_full_dsp_1_U2223                    |fadd_32ns_32ns_32_4_full_dsp_1             |        0|   2|   227|   214|    0|
    |fadd_32ns_32ns_32_4_full_dsp_1_U2224                    |fadd_32ns_32ns_32_4_full_dsp_1             |        0|   2|   227|   214|    0|
    |fadd_32ns_32ns_32_4_full_dsp_1_U2225                    |fadd_32ns_32ns_32_4_full_dsp_1             |        0|   2|   227|   214|    0|
    |fadd_32ns_32ns_32_4_full_dsp_1_U2226                    |fadd_32ns_32ns_32_4_full_dsp_1             |        0|   2|   227|   214|    0|
    |fadd_32ns_32ns_32_4_full_dsp_1_U2227                    |fadd_32ns_32ns_32_4_full_dsp_1             |        0|   2|   227|   214|    0|
    |fadd_32ns_32ns_32_4_full_dsp_1_U2228                    |fadd_32ns_32ns_32_4_full_dsp_1             |        0|   2|   227|   214|    0|
    |fadd_32ns_32ns_32_4_full_dsp_1_U2229                    |fadd_32ns_32ns_32_4_full_dsp_1             |        0|   2|   227|   214|    0|
    |fadd_32ns_32ns_32_4_full_dsp_1_U2230                    |fadd_32ns_32ns_32_4_full_dsp_1             |        0|   2|   227|   214|    0|
    |fadd_32ns_32ns_32_4_full_dsp_1_U2231                    |fadd_32ns_32ns_32_4_full_dsp_1             |        0|   2|   227|   214|    0|
    |fadd_32ns_32ns_32_4_full_dsp_1_U2232                    |fadd_32ns_32ns_32_4_full_dsp_1             |        0|   2|   227|   214|    0|
    |fadd_32ns_32ns_32_4_full_dsp_1_U2233                    |fadd_32ns_32ns_32_4_full_dsp_1             |        0|   2|   227|   214|    0|
    |fadd_32ns_32ns_32_4_full_dsp_1_U2234                    |fadd_32ns_32ns_32_4_full_dsp_1             |        0|   2|   227|   214|    0|
    |fadd_32ns_32ns_32_4_full_dsp_1_U2235                    |fadd_32ns_32ns_32_4_full_dsp_1             |        0|   2|   227|   214|    0|
    |fadd_32ns_32ns_32_4_full_dsp_1_U2236                    |fadd_32ns_32ns_32_4_full_dsp_1             |        0|   2|   227|   214|    0|
    |fadd_32ns_32ns_32_4_full_dsp_1_U2237                    |fadd_32ns_32ns_32_4_full_dsp_1             |        0|   2|   227|   214|    0|
    |fadd_32ns_32ns_32_4_full_dsp_1_U2238                    |fadd_32ns_32ns_32_4_full_dsp_1             |        0|   2|   227|   214|    0|
    |fadd_32ns_32ns_32_4_full_dsp_1_U2239                    |fadd_32ns_32ns_32_4_full_dsp_1             |        0|   2|   227|   214|    0|
    |fadd_32ns_32ns_32_4_full_dsp_1_U2240                    |fadd_32ns_32ns_32_4_full_dsp_1             |        0|   2|   227|   214|    0|
    |fadd_32ns_32ns_32_4_full_dsp_1_U2241                    |fadd_32ns_32ns_32_4_full_dsp_1             |        0|   2|   227|   214|    0|
    |fadd_32ns_32ns_32_4_full_dsp_1_U2242                    |fadd_32ns_32ns_32_4_full_dsp_1             |        0|   2|   227|   214|    0|
    |fadd_32ns_32ns_32_4_full_dsp_1_U2243                    |fadd_32ns_32ns_32_4_full_dsp_1             |        0|   2|   227|   214|    0|
    |fadd_32ns_32ns_32_4_full_dsp_1_U2244                    |fadd_32ns_32ns_32_4_full_dsp_1             |        0|   2|   227|   214|    0|
    |fadd_32ns_32ns_32_4_full_dsp_1_U2245                    |fadd_32ns_32ns_32_4_full_dsp_1             |        0|   2|   227|   214|    0|
    |fadd_32ns_32ns_32_4_full_dsp_1_U2246                    |fadd_32ns_32ns_32_4_full_dsp_1             |        0|   2|   227|   214|    0|
    |fadd_32ns_32ns_32_4_full_dsp_1_U2247                    |fadd_32ns_32ns_32_4_full_dsp_1             |        0|   2|   227|   214|    0|
    |fadd_32ns_32ns_32_4_full_dsp_1_U2248                    |fadd_32ns_32ns_32_4_full_dsp_1             |        0|   2|   227|   214|    0|
    |fadd_32ns_32ns_32_4_full_dsp_1_U2249                    |fadd_32ns_32ns_32_4_full_dsp_1             |        0|   2|   227|   214|    0|
    |fadd_32ns_32ns_32_4_full_dsp_1_U2250                    |fadd_32ns_32ns_32_4_full_dsp_1             |        0|   2|   227|   214|    0|
    |fadd_32ns_32ns_32_4_full_dsp_1_U2251                    |fadd_32ns_32ns_32_4_full_dsp_1             |        0|   2|   227|   214|    0|
    |fadd_32ns_32ns_32_4_full_dsp_1_U2252                    |fadd_32ns_32ns_32_4_full_dsp_1             |        0|   2|   227|   214|    0|
    |fadd_32ns_32ns_32_4_full_dsp_1_U2253                    |fadd_32ns_32ns_32_4_full_dsp_1             |        0|   2|   227|   214|    0|
    |fadd_32ns_32ns_32_4_full_dsp_1_U2254                    |fadd_32ns_32ns_32_4_full_dsp_1             |        0|   2|   227|   214|    0|
    |fadd_32ns_32ns_32_4_full_dsp_1_U2255                    |fadd_32ns_32ns_32_4_full_dsp_1             |        0|   2|   227|   214|    0|
    |fadd_32ns_32ns_32_4_full_dsp_1_U2256                    |fadd_32ns_32ns_32_4_full_dsp_1             |        0|   2|   227|   214|    0|
    |fadd_32ns_32ns_32_4_full_dsp_1_U2257                    |fadd_32ns_32ns_32_4_full_dsp_1             |        0|   2|   227|   214|    0|
    |fadd_32ns_32ns_32_4_full_dsp_1_U2258                    |fadd_32ns_32ns_32_4_full_dsp_1             |        0|   2|   227|   214|    0|
    |fadd_32ns_32ns_32_4_full_dsp_1_U2259                    |fadd_32ns_32ns_32_4_full_dsp_1             |        0|   2|   227|   214|    0|
    |fadd_32ns_32ns_32_4_full_dsp_1_U2260                    |fadd_32ns_32ns_32_4_full_dsp_1             |        0|   2|   227|   214|    0|
    |fadd_32ns_32ns_32_4_full_dsp_1_U2261                    |fadd_32ns_32ns_32_4_full_dsp_1             |        0|   2|   227|   214|    0|
    |fadd_32ns_32ns_32_4_full_dsp_1_U2262                    |fadd_32ns_32ns_32_4_full_dsp_1             |        0|   2|   227|   214|    0|
    |fadd_32ns_32ns_32_4_full_dsp_1_U2263                    |fadd_32ns_32ns_32_4_full_dsp_1             |        0|   2|   227|   214|    0|
    |fadd_32ns_32ns_32_4_full_dsp_1_U2264                    |fadd_32ns_32ns_32_4_full_dsp_1             |        0|   2|   227|   214|    0|
    |fadd_32ns_32ns_32_4_full_dsp_1_U2265                    |fadd_32ns_32ns_32_4_full_dsp_1             |        0|   2|   227|   214|    0|
    |fadd_32ns_32ns_32_4_full_dsp_1_U2266                    |fadd_32ns_32ns_32_4_full_dsp_1             |        0|   2|   227|   214|    0|
    |fadd_32ns_32ns_32_4_full_dsp_1_U2267                    |fadd_32ns_32ns_32_4_full_dsp_1             |        0|   2|   227|   214|    0|
    |fadd_32ns_32ns_32_4_full_dsp_1_U2268                    |fadd_32ns_32ns_32_4_full_dsp_1             |        0|   2|   227|   214|    0|
    |fadd_32ns_32ns_32_4_full_dsp_1_U2269                    |fadd_32ns_32ns_32_4_full_dsp_1             |        0|   2|   227|   214|    0|
    |fadd_32ns_32ns_32_4_full_dsp_1_U2270                    |fadd_32ns_32ns_32_4_full_dsp_1             |        0|   2|   227|   214|    0|
    |fadd_32ns_32ns_32_4_full_dsp_1_U2271                    |fadd_32ns_32ns_32_4_full_dsp_1             |        0|   2|   227|   214|    0|
    |fadd_32ns_32ns_32_4_full_dsp_1_U2272                    |fadd_32ns_32ns_32_4_full_dsp_1             |        0|   2|   227|   214|    0|
    |fadd_32ns_32ns_32_4_full_dsp_1_U2273                    |fadd_32ns_32ns_32_4_full_dsp_1             |        0|   2|   227|   214|    0|
    |fadd_32ns_32ns_32_4_full_dsp_1_U2274                    |fadd_32ns_32ns_32_4_full_dsp_1             |        0|   2|   227|   214|    0|
    |fadd_32ns_32ns_32_4_full_dsp_1_U2275                    |fadd_32ns_32ns_32_4_full_dsp_1             |        0|   2|   227|   214|    0|
    |fadd_32ns_32ns_32_4_full_dsp_1_U2276                    |fadd_32ns_32ns_32_4_full_dsp_1             |        0|   2|   227|   214|    0|
    |fadd_32ns_32ns_32_4_full_dsp_1_U2277                    |fadd_32ns_32ns_32_4_full_dsp_1             |        0|   2|   227|   214|    0|
    |fadd_32ns_32ns_32_4_full_dsp_1_U2278                    |fadd_32ns_32ns_32_4_full_dsp_1             |        0|   2|   227|   214|    0|
    |fadd_32ns_32ns_32_4_full_dsp_1_U2279                    |fadd_32ns_32ns_32_4_full_dsp_1             |        0|   2|   227|   214|    0|
    |fadd_32ns_32ns_32_4_full_dsp_1_U2280                    |fadd_32ns_32ns_32_4_full_dsp_1             |        0|   2|   227|   214|    0|
    |fadd_32ns_32ns_32_4_full_dsp_1_U2281                    |fadd_32ns_32ns_32_4_full_dsp_1             |        0|   2|   227|   214|    0|
    |fadd_32ns_32ns_32_4_full_dsp_1_U2282                    |fadd_32ns_32ns_32_4_full_dsp_1             |        0|   2|   227|   214|    0|
    |fadd_32ns_32ns_32_4_full_dsp_1_U2283                    |fadd_32ns_32ns_32_4_full_dsp_1             |        0|   2|   227|   214|    0|
    |fadd_32ns_32ns_32_4_full_dsp_1_U2284                    |fadd_32ns_32ns_32_4_full_dsp_1             |        0|   2|   227|   214|    0|
    |fadd_32ns_32ns_32_4_full_dsp_1_U2285                    |fadd_32ns_32ns_32_4_full_dsp_1             |        0|   2|   227|   214|    0|
    |fadd_32ns_32ns_32_4_full_dsp_1_U2286                    |fadd_32ns_32ns_32_4_full_dsp_1             |        0|   2|   227|   214|    0|
    |fadd_32ns_32ns_32_4_full_dsp_1_U2287                    |fadd_32ns_32ns_32_4_full_dsp_1             |        0|   2|   227|   214|    0|
    |fadd_32ns_32ns_32_4_full_dsp_1_U2288                    |fadd_32ns_32ns_32_4_full_dsp_1             |        0|   2|   227|   214|    0|
    |fadd_32ns_32ns_32_4_full_dsp_1_U2289                    |fadd_32ns_32ns_32_4_full_dsp_1             |        0|   2|   227|   214|    0|
    |fadd_32ns_32ns_32_4_full_dsp_1_U2290                    |fadd_32ns_32ns_32_4_full_dsp_1             |        0|   2|   227|   214|    0|
    |fadd_32ns_32ns_32_4_full_dsp_1_U2291                    |fadd_32ns_32ns_32_4_full_dsp_1             |        0|   2|   227|   214|    0|
    |fadd_32ns_32ns_32_4_full_dsp_1_U2292                    |fadd_32ns_32ns_32_4_full_dsp_1             |        0|   2|   227|   214|    0|
    |fadd_32ns_32ns_32_4_full_dsp_1_U2293                    |fadd_32ns_32ns_32_4_full_dsp_1             |        0|   2|   227|   214|    0|
    |fadd_32ns_32ns_32_4_full_dsp_1_U2294                    |fadd_32ns_32ns_32_4_full_dsp_1             |        0|   2|   227|   214|    0|
    |fadd_32ns_32ns_32_4_full_dsp_1_U2295                    |fadd_32ns_32ns_32_4_full_dsp_1             |        0|   2|   227|   214|    0|
    |fadd_32ns_32ns_32_4_full_dsp_1_U2296                    |fadd_32ns_32ns_32_4_full_dsp_1             |        0|   2|   227|   214|    0|
    |fadd_32ns_32ns_32_4_full_dsp_1_U2297                    |fadd_32ns_32ns_32_4_full_dsp_1             |        0|   2|   227|   214|    0|
    |fadd_32ns_32ns_32_4_full_dsp_1_U2298                    |fadd_32ns_32ns_32_4_full_dsp_1             |        0|   2|   227|   214|    0|
    |fadd_32ns_32ns_32_4_full_dsp_1_U2299                    |fadd_32ns_32ns_32_4_full_dsp_1             |        0|   2|   227|   214|    0|
    |fadd_32ns_32ns_32_4_full_dsp_1_U2300                    |fadd_32ns_32ns_32_4_full_dsp_1             |        0|   2|   227|   214|    0|
    |fadd_32ns_32ns_32_4_full_dsp_1_U2301                    |fadd_32ns_32ns_32_4_full_dsp_1             |        0|   2|   227|   214|    0|
    |fadd_32ns_32ns_32_4_full_dsp_1_U2302                    |fadd_32ns_32ns_32_4_full_dsp_1             |        0|   2|   227|   214|    0|
    |fadd_32ns_32ns_32_4_full_dsp_1_U2303                    |fadd_32ns_32ns_32_4_full_dsp_1             |        0|   2|   227|   214|    0|
    |fadd_32ns_32ns_32_4_full_dsp_1_U2304                    |fadd_32ns_32ns_32_4_full_dsp_1             |        0|   2|   227|   214|    0|
    |fadd_32ns_32ns_32_4_full_dsp_1_U2305                    |fadd_32ns_32ns_32_4_full_dsp_1             |        0|   2|   227|   214|    0|
    |fadd_32ns_32ns_32_4_full_dsp_1_U2306                    |fadd_32ns_32ns_32_4_full_dsp_1             |        0|   2|   227|   214|    0|
    |fadd_32ns_32ns_32_4_full_dsp_1_U2307                    |fadd_32ns_32ns_32_4_full_dsp_1             |        0|   2|   227|   214|    0|
    |fadd_32ns_32ns_32_4_full_dsp_1_U2308                    |fadd_32ns_32ns_32_4_full_dsp_1             |        0|   2|   227|   214|    0|
    |fadd_32ns_32ns_32_4_full_dsp_1_U2309                    |fadd_32ns_32ns_32_4_full_dsp_1             |        0|   2|   227|   214|    0|
    |fadd_32ns_32ns_32_4_full_dsp_1_U2310                    |fadd_32ns_32ns_32_4_full_dsp_1             |        0|   2|   227|   214|    0|
    |fadd_32ns_32ns_32_4_full_dsp_1_U2311                    |fadd_32ns_32ns_32_4_full_dsp_1             |        0|   2|   227|   214|    0|
    |fadd_32ns_32ns_32_4_full_dsp_1_U2312                    |fadd_32ns_32ns_32_4_full_dsp_1             |        0|   2|   227|   214|    0|
    |fadd_32ns_32ns_32_4_full_dsp_1_U2313                    |fadd_32ns_32ns_32_4_full_dsp_1             |        0|   2|   227|   214|    0|
    |fadd_32ns_32ns_32_4_full_dsp_1_U2314                    |fadd_32ns_32ns_32_4_full_dsp_1             |        0|   2|   227|   214|    0|
    |fadd_32ns_32ns_32_4_full_dsp_1_U2315                    |fadd_32ns_32ns_32_4_full_dsp_1             |        0|   2|   227|   214|    0|
    |fadd_32ns_32ns_32_4_full_dsp_1_U2316                    |fadd_32ns_32ns_32_4_full_dsp_1             |        0|   2|   227|   214|    0|
    |fadd_32ns_32ns_32_4_full_dsp_1_U2317                    |fadd_32ns_32ns_32_4_full_dsp_1             |        0|   2|   227|   214|    0|
    |fadd_32ns_32ns_32_4_full_dsp_1_U2318                    |fadd_32ns_32ns_32_4_full_dsp_1             |        0|   2|   227|   214|    0|
    |fadd_32ns_32ns_32_4_full_dsp_1_U2319                    |fadd_32ns_32ns_32_4_full_dsp_1             |        0|   2|   227|   214|    0|
    |fadd_32ns_32ns_32_4_full_dsp_1_U2320                    |fadd_32ns_32ns_32_4_full_dsp_1             |        0|   2|   227|   214|    0|
    |fadd_32ns_32ns_32_4_full_dsp_1_U2321                    |fadd_32ns_32ns_32_4_full_dsp_1             |        0|   2|   227|   214|    0|
    |fadd_32ns_32ns_32_4_full_dsp_1_U2322                    |fadd_32ns_32ns_32_4_full_dsp_1             |        0|   2|   227|   214|    0|
    |fadd_32ns_32ns_32_4_full_dsp_1_U2323                    |fadd_32ns_32ns_32_4_full_dsp_1             |        0|   2|   227|   214|    0|
    |fadd_32ns_32ns_32_4_full_dsp_1_U2324                    |fadd_32ns_32ns_32_4_full_dsp_1             |        0|   2|   227|   214|    0|
    |fadd_32ns_32ns_32_4_full_dsp_1_U2325                    |fadd_32ns_32ns_32_4_full_dsp_1             |        0|   2|   227|   214|    0|
    |fadd_32ns_32ns_32_4_full_dsp_1_U2326                    |fadd_32ns_32ns_32_4_full_dsp_1             |        0|   2|   227|   214|    0|
    |fadd_32ns_32ns_32_4_full_dsp_1_U2327                    |fadd_32ns_32ns_32_4_full_dsp_1             |        0|   2|   227|   214|    0|
    |fadd_32ns_32ns_32_4_full_dsp_1_U2328                    |fadd_32ns_32ns_32_4_full_dsp_1             |        0|   2|   227|   214|    0|
    |fadd_32ns_32ns_32_4_full_dsp_1_U2329                    |fadd_32ns_32ns_32_4_full_dsp_1             |        0|   2|   227|   214|    0|
    |fadd_32ns_32ns_32_4_full_dsp_1_U2330                    |fadd_32ns_32ns_32_4_full_dsp_1             |        0|   2|   227|   214|    0|
    |fadd_32ns_32ns_32_4_full_dsp_1_U2331                    |fadd_32ns_32ns_32_4_full_dsp_1             |        0|   2|   227|   214|    0|
    |fadd_32ns_32ns_32_4_full_dsp_1_U2332                    |fadd_32ns_32ns_32_4_full_dsp_1             |        0|   2|   227|   214|    0|
    |fadd_32ns_32ns_32_4_full_dsp_1_U2333                    |fadd_32ns_32ns_32_4_full_dsp_1             |        0|   2|   227|   214|    0|
    |fadd_32ns_32ns_32_4_full_dsp_1_U2334                    |fadd_32ns_32ns_32_4_full_dsp_1             |        0|   2|   227|   214|    0|
    |fadd_32ns_32ns_32_4_full_dsp_1_U2335                    |fadd_32ns_32ns_32_4_full_dsp_1             |        0|   2|   227|   214|    0|
    |fadd_32ns_32ns_32_4_full_dsp_1_U2336                    |fadd_32ns_32ns_32_4_full_dsp_1             |        0|   2|   227|   214|    0|
    |fadd_32ns_32ns_32_4_full_dsp_1_U2337                    |fadd_32ns_32ns_32_4_full_dsp_1             |        0|   2|   227|   214|    0|
    |fadd_32ns_32ns_32_4_full_dsp_1_U2338                    |fadd_32ns_32ns_32_4_full_dsp_1             |        0|   2|   227|   214|    0|
    |fadd_32ns_32ns_32_4_full_dsp_1_U2339                    |fadd_32ns_32ns_32_4_full_dsp_1             |        0|   2|   227|   214|    0|
    |fadd_32ns_32ns_32_4_full_dsp_1_U2340                    |fadd_32ns_32ns_32_4_full_dsp_1             |        0|   2|   227|   214|    0|
    |fadd_32ns_32ns_32_4_full_dsp_1_U2341                    |fadd_32ns_32ns_32_4_full_dsp_1             |        0|   2|   227|   214|    0|
    |fadd_32ns_32ns_32_4_full_dsp_1_U2342                    |fadd_32ns_32ns_32_4_full_dsp_1             |        0|   2|   227|   214|    0|
    |fadd_32ns_32ns_32_4_full_dsp_1_U2343                    |fadd_32ns_32ns_32_4_full_dsp_1             |        0|   2|   227|   214|    0|
    |fadd_32ns_32ns_32_4_full_dsp_1_U2344                    |fadd_32ns_32ns_32_4_full_dsp_1             |        0|   2|   227|   214|    0|
    |fadd_32ns_32ns_32_4_full_dsp_1_U2345                    |fadd_32ns_32ns_32_4_full_dsp_1             |        0|   2|   227|   214|    0|
    |fadd_32ns_32ns_32_4_full_dsp_1_U2346                    |fadd_32ns_32ns_32_4_full_dsp_1             |        0|   2|   227|   214|    0|
    |fadd_32ns_32ns_32_4_full_dsp_1_U2347                    |fadd_32ns_32ns_32_4_full_dsp_1             |        0|   2|   227|   214|    0|
    |fadd_32ns_32ns_32_4_full_dsp_1_U2348                    |fadd_32ns_32ns_32_4_full_dsp_1             |        0|   2|   227|   214|    0|
    |fadd_32ns_32ns_32_4_full_dsp_1_U2349                    |fadd_32ns_32ns_32_4_full_dsp_1             |        0|   2|   227|   214|    0|
    |fadd_32ns_32ns_32_4_full_dsp_1_U2350                    |fadd_32ns_32ns_32_4_full_dsp_1             |        0|   2|   227|   214|    0|
    |fadd_32ns_32ns_32_4_full_dsp_1_U2351                    |fadd_32ns_32ns_32_4_full_dsp_1             |        0|   2|   227|   214|    0|
    |fadd_32ns_32ns_32_4_full_dsp_1_U2352                    |fadd_32ns_32ns_32_4_full_dsp_1             |        0|   2|   227|   214|    0|
    |fadd_32ns_32ns_32_4_full_dsp_1_U2353                    |fadd_32ns_32ns_32_4_full_dsp_1             |        0|   2|   227|   214|    0|
    |fadd_32ns_32ns_32_4_full_dsp_1_U2354                    |fadd_32ns_32ns_32_4_full_dsp_1             |        0|   2|   227|   214|    0|
    |fadd_32ns_32ns_32_4_full_dsp_1_U2355                    |fadd_32ns_32ns_32_4_full_dsp_1             |        0|   2|   227|   214|    0|
    |fadd_32ns_32ns_32_4_full_dsp_1_U2356                    |fadd_32ns_32ns_32_4_full_dsp_1             |        0|   2|   227|   214|    0|
    |fadd_32ns_32ns_32_4_full_dsp_1_U2357                    |fadd_32ns_32ns_32_4_full_dsp_1             |        0|   2|   227|   214|    0|
    |fadd_32ns_32ns_32_4_full_dsp_1_U2358                    |fadd_32ns_32ns_32_4_full_dsp_1             |        0|   2|   227|   214|    0|
    |fadd_32ns_32ns_32_4_full_dsp_1_U2359                    |fadd_32ns_32ns_32_4_full_dsp_1             |        0|   2|   227|   214|    0|
    |fadd_32ns_32ns_32_4_full_dsp_1_U2360                    |fadd_32ns_32ns_32_4_full_dsp_1             |        0|   2|   227|   214|    0|
    |fadd_32ns_32ns_32_4_full_dsp_1_U2361                    |fadd_32ns_32ns_32_4_full_dsp_1             |        0|   2|   227|   214|    0|
    |fadd_32ns_32ns_32_4_full_dsp_1_U2362                    |fadd_32ns_32ns_32_4_full_dsp_1             |        0|   2|   227|   214|    0|
    |fadd_32ns_32ns_32_4_full_dsp_1_U2363                    |fadd_32ns_32ns_32_4_full_dsp_1             |        0|   2|   227|   214|    0|
    |fadd_32ns_32ns_32_4_full_dsp_1_U2364                    |fadd_32ns_32ns_32_4_full_dsp_1             |        0|   2|   227|   214|    0|
    |fadd_32ns_32ns_32_4_full_dsp_1_U2365                    |fadd_32ns_32ns_32_4_full_dsp_1             |        0|   2|   227|   214|    0|
    |fadd_32ns_32ns_32_4_full_dsp_1_U2366                    |fadd_32ns_32ns_32_4_full_dsp_1             |        0|   2|   227|   214|    0|
    |fmul_32ns_32ns_32_3_max_dsp_1_U2367                     |fmul_32ns_32ns_32_3_max_dsp_1              |        0|   3|   128|   135|    0|
    |fmul_32ns_32ns_32_3_max_dsp_1_U2368                     |fmul_32ns_32ns_32_3_max_dsp_1              |        0|   3|   128|   135|    0|
    |fmul_32ns_32ns_32_3_max_dsp_1_U2369                     |fmul_32ns_32ns_32_3_max_dsp_1              |        0|   3|   128|   135|    0|
    |fmul_32ns_32ns_32_3_max_dsp_1_U2370                     |fmul_32ns_32ns_32_3_max_dsp_1              |        0|   3|   128|   135|    0|
    |fmul_32ns_32ns_32_3_max_dsp_1_U2371                     |fmul_32ns_32ns_32_3_max_dsp_1              |        0|   3|   128|   135|    0|
    |fmul_32ns_32ns_32_3_max_dsp_1_U2372                     |fmul_32ns_32ns_32_3_max_dsp_1              |        0|   3|   128|   135|    0|
    |fmul_32ns_32ns_32_3_max_dsp_1_U2373                     |fmul_32ns_32ns_32_3_max_dsp_1              |        0|   3|   128|   135|    0|
    |fmul_32ns_32ns_32_3_max_dsp_1_U2374                     |fmul_32ns_32ns_32_3_max_dsp_1              |        0|   3|   128|   135|    0|
    |fmul_32ns_32ns_32_3_max_dsp_1_U2375                     |fmul_32ns_32ns_32_3_max_dsp_1              |        0|   3|   128|   135|    0|
    |fmul_32ns_32ns_32_3_max_dsp_1_U2376                     |fmul_32ns_32ns_32_3_max_dsp_1              |        0|   3|   128|   135|    0|
    |fmul_32ns_32ns_32_3_max_dsp_1_U2377                     |fmul_32ns_32ns_32_3_max_dsp_1              |        0|   3|   128|   135|    0|
    |fmul_32ns_32ns_32_3_max_dsp_1_U2378                     |fmul_32ns_32ns_32_3_max_dsp_1              |        0|   3|   128|   135|    0|
    |fmul_32ns_32ns_32_3_max_dsp_1_U2379                     |fmul_32ns_32ns_32_3_max_dsp_1              |        0|   3|   128|   135|    0|
    |fmul_32ns_32ns_32_3_max_dsp_1_U2380                     |fmul_32ns_32ns_32_3_max_dsp_1              |        0|   3|   128|   135|    0|
    |fmul_32ns_32ns_32_3_max_dsp_1_U2381                     |fmul_32ns_32ns_32_3_max_dsp_1              |        0|   3|   128|   135|    0|
    |fmul_32ns_32ns_32_3_max_dsp_1_U2382                     |fmul_32ns_32ns_32_3_max_dsp_1              |        0|   3|   128|   135|    0|
    |fmul_32ns_32ns_32_3_max_dsp_1_U2383                     |fmul_32ns_32ns_32_3_max_dsp_1              |        0|   3|   128|   135|    0|
    |fmul_32ns_32ns_32_3_max_dsp_1_U2384                     |fmul_32ns_32ns_32_3_max_dsp_1              |        0|   3|   128|   135|    0|
    |fmul_32ns_32ns_32_3_max_dsp_1_U2385                     |fmul_32ns_32ns_32_3_max_dsp_1              |        0|   3|   128|   135|    0|
    |fmul_32ns_32ns_32_3_max_dsp_1_U2386                     |fmul_32ns_32ns_32_3_max_dsp_1              |        0|   3|   128|   135|    0|
    |fmul_32ns_32ns_32_3_max_dsp_1_U2387                     |fmul_32ns_32ns_32_3_max_dsp_1              |        0|   3|   128|   135|    0|
    |fmul_32ns_32ns_32_3_max_dsp_1_U2388                     |fmul_32ns_32ns_32_3_max_dsp_1              |        0|   3|   128|   135|    0|
    |fmul_32ns_32ns_32_3_max_dsp_1_U2389                     |fmul_32ns_32ns_32_3_max_dsp_1              |        0|   3|   128|   135|    0|
    |fmul_32ns_32ns_32_3_max_dsp_1_U2390                     |fmul_32ns_32ns_32_3_max_dsp_1              |        0|   3|   128|   135|    0|
    |fmul_32ns_32ns_32_3_max_dsp_1_U2391                     |fmul_32ns_32ns_32_3_max_dsp_1              |        0|   3|   128|   135|    0|
    |fmul_32ns_32ns_32_3_max_dsp_1_U2392                     |fmul_32ns_32ns_32_3_max_dsp_1              |        0|   3|   128|   135|    0|
    |fmul_32ns_32ns_32_3_max_dsp_1_U2393                     |fmul_32ns_32ns_32_3_max_dsp_1              |        0|   3|   128|   135|    0|
    |fmul_32ns_32ns_32_3_max_dsp_1_U2394                     |fmul_32ns_32ns_32_3_max_dsp_1              |        0|   3|   128|   135|    0|
    |fmul_32ns_32ns_32_3_max_dsp_1_U2395                     |fmul_32ns_32ns_32_3_max_dsp_1              |        0|   3|   128|   135|    0|
    |fmul_32ns_32ns_32_3_max_dsp_1_U2396                     |fmul_32ns_32ns_32_3_max_dsp_1              |        0|   3|   128|   135|    0|
    |fmul_32ns_32ns_32_3_max_dsp_1_U2397                     |fmul_32ns_32ns_32_3_max_dsp_1              |        0|   3|   128|   135|    0|
    |fmul_32ns_32ns_32_3_max_dsp_1_U2398                     |fmul_32ns_32ns_32_3_max_dsp_1              |        0|   3|   128|   135|    0|
    |fmul_32ns_32ns_32_3_max_dsp_1_U2399                     |fmul_32ns_32ns_32_3_max_dsp_1              |        0|   3|   128|   135|    0|
    |fmul_32ns_32ns_32_3_max_dsp_1_U2400                     |fmul_32ns_32ns_32_3_max_dsp_1              |        0|   3|   128|   135|    0|
    |fmul_32ns_32ns_32_3_max_dsp_1_U2401                     |fmul_32ns_32ns_32_3_max_dsp_1              |        0|   3|   128|   135|    0|
    |fmul_32ns_32ns_32_3_max_dsp_1_U2402                     |fmul_32ns_32ns_32_3_max_dsp_1              |        0|   3|   128|   135|    0|
    |fmul_32ns_32ns_32_3_max_dsp_1_U2403                     |fmul_32ns_32ns_32_3_max_dsp_1              |        0|   3|   128|   135|    0|
    |fmul_32ns_32ns_32_3_max_dsp_1_U2404                     |fmul_32ns_32ns_32_3_max_dsp_1              |        0|   3|   128|   135|    0|
    |fmul_32ns_32ns_32_3_max_dsp_1_U2405                     |fmul_32ns_32ns_32_3_max_dsp_1              |        0|   3|   128|   135|    0|
    |fmul_32ns_32ns_32_3_max_dsp_1_U2406                     |fmul_32ns_32ns_32_3_max_dsp_1              |        0|   3|   128|   135|    0|
    |fmul_32ns_32ns_32_3_max_dsp_1_U2407                     |fmul_32ns_32ns_32_3_max_dsp_1              |        0|   3|   128|   135|    0|
    |fmul_32ns_32ns_32_3_max_dsp_1_U2408                     |fmul_32ns_32ns_32_3_max_dsp_1              |        0|   3|   128|   135|    0|
    |fmul_32ns_32ns_32_3_max_dsp_1_U2409                     |fmul_32ns_32ns_32_3_max_dsp_1              |        0|   3|   128|   135|    0|
    |fmul_32ns_32ns_32_3_max_dsp_1_U2410                     |fmul_32ns_32ns_32_3_max_dsp_1              |        0|   3|   128|   135|    0|
    |fmul_32ns_32ns_32_3_max_dsp_1_U2411                     |fmul_32ns_32ns_32_3_max_dsp_1              |        0|   3|   128|   135|    0|
    |fmul_32ns_32ns_32_3_max_dsp_1_U2412                     |fmul_32ns_32ns_32_3_max_dsp_1              |        0|   3|   128|   135|    0|
    |fmul_32ns_32ns_32_3_max_dsp_1_U2413                     |fmul_32ns_32ns_32_3_max_dsp_1              |        0|   3|   128|   135|    0|
    |fmul_32ns_32ns_32_3_max_dsp_1_U2414                     |fmul_32ns_32ns_32_3_max_dsp_1              |        0|   3|   128|   135|    0|
    |fmul_32ns_32ns_32_3_max_dsp_1_U2415                     |fmul_32ns_32ns_32_3_max_dsp_1              |        0|   3|   128|   135|    0|
    |fmul_32ns_32ns_32_3_max_dsp_1_U2416                     |fmul_32ns_32ns_32_3_max_dsp_1              |        0|   3|   128|   135|    0|
    |fmul_32ns_32ns_32_3_max_dsp_1_U2417                     |fmul_32ns_32ns_32_3_max_dsp_1              |        0|   3|   128|   135|    0|
    |fmul_32ns_32ns_32_3_max_dsp_1_U2418                     |fmul_32ns_32ns_32_3_max_dsp_1              |        0|   3|   128|   135|    0|
    |fmul_32ns_32ns_32_3_max_dsp_1_U2419                     |fmul_32ns_32ns_32_3_max_dsp_1              |        0|   3|   128|   135|    0|
    |fmul_32ns_32ns_32_3_max_dsp_1_U2420                     |fmul_32ns_32ns_32_3_max_dsp_1              |        0|   3|   128|   135|    0|
    |fmul_32ns_32ns_32_3_max_dsp_1_U2421                     |fmul_32ns_32ns_32_3_max_dsp_1              |        0|   3|   128|   135|    0|
    |fmul_32ns_32ns_32_3_max_dsp_1_U2422                     |fmul_32ns_32ns_32_3_max_dsp_1              |        0|   3|   128|   135|    0|
    |fmul_32ns_32ns_32_3_max_dsp_1_U2423                     |fmul_32ns_32ns_32_3_max_dsp_1              |        0|   3|   128|   135|    0|
    |fmul_32ns_32ns_32_3_max_dsp_1_U2424                     |fmul_32ns_32ns_32_3_max_dsp_1              |        0|   3|   128|   135|    0|
    |fmul_32ns_32ns_32_3_max_dsp_1_U2425                     |fmul_32ns_32ns_32_3_max_dsp_1              |        0|   3|   128|   135|    0|
    |fmul_32ns_32ns_32_3_max_dsp_1_U2426                     |fmul_32ns_32ns_32_3_max_dsp_1              |        0|   3|   128|   135|    0|
    |fmul_32ns_32ns_32_3_max_dsp_1_U2427                     |fmul_32ns_32ns_32_3_max_dsp_1              |        0|   3|   128|   135|    0|
    |fmul_32ns_32ns_32_3_max_dsp_1_U2428                     |fmul_32ns_32ns_32_3_max_dsp_1              |        0|   3|   128|   135|    0|
    |fmul_32ns_32ns_32_3_max_dsp_1_U2429                     |fmul_32ns_32ns_32_3_max_dsp_1              |        0|   3|   128|   135|    0|
    |fmul_32ns_32ns_32_3_max_dsp_1_U2430                     |fmul_32ns_32ns_32_3_max_dsp_1              |        0|   3|   128|   135|    0|
    |fmul_32ns_32ns_32_3_max_dsp_1_U2431                     |fmul_32ns_32ns_32_3_max_dsp_1              |        0|   3|   128|   135|    0|
    |fmul_32ns_32ns_32_3_max_dsp_1_U2432                     |fmul_32ns_32ns_32_3_max_dsp_1              |        0|   3|   128|   135|    0|
    |fmul_32ns_32ns_32_3_max_dsp_1_U2433                     |fmul_32ns_32ns_32_3_max_dsp_1              |        0|   3|   128|   135|    0|
    |fmul_32ns_32ns_32_3_max_dsp_1_U2434                     |fmul_32ns_32ns_32_3_max_dsp_1              |        0|   3|   128|   135|    0|
    |fmul_32ns_32ns_32_3_max_dsp_1_U2435                     |fmul_32ns_32ns_32_3_max_dsp_1              |        0|   3|   128|   135|    0|
    |fmul_32ns_32ns_32_3_max_dsp_1_U2436                     |fmul_32ns_32ns_32_3_max_dsp_1              |        0|   3|   128|   135|    0|
    |fmul_32ns_32ns_32_3_max_dsp_1_U2437                     |fmul_32ns_32ns_32_3_max_dsp_1              |        0|   3|   128|   135|    0|
    |fmul_32ns_32ns_32_3_max_dsp_1_U2438                     |fmul_32ns_32ns_32_3_max_dsp_1              |        0|   3|   128|   135|    0|
    |fmul_32ns_32ns_32_3_max_dsp_1_U2439                     |fmul_32ns_32ns_32_3_max_dsp_1              |        0|   3|   128|   135|    0|
    |fmul_32ns_32ns_32_3_max_dsp_1_U2440                     |fmul_32ns_32ns_32_3_max_dsp_1              |        0|   3|   128|   135|    0|
    |fmul_32ns_32ns_32_3_max_dsp_1_U2441                     |fmul_32ns_32ns_32_3_max_dsp_1              |        0|   3|   128|   135|    0|
    |fmul_32ns_32ns_32_3_max_dsp_1_U2442                     |fmul_32ns_32ns_32_3_max_dsp_1              |        0|   3|   128|   135|    0|
    |fmul_32ns_32ns_32_3_max_dsp_1_U2443                     |fmul_32ns_32ns_32_3_max_dsp_1              |        0|   3|   128|   135|    0|
    |fmul_32ns_32ns_32_3_max_dsp_1_U2444                     |fmul_32ns_32ns_32_3_max_dsp_1              |        0|   3|   128|   135|    0|
    |fmul_32ns_32ns_32_3_max_dsp_1_U2445                     |fmul_32ns_32ns_32_3_max_dsp_1              |        0|   3|   128|   135|    0|
    |fmul_32ns_32ns_32_3_max_dsp_1_U2446                     |fmul_32ns_32ns_32_3_max_dsp_1              |        0|   3|   128|   135|    0|
    |fmul_32ns_32ns_32_3_max_dsp_1_U2447                     |fmul_32ns_32ns_32_3_max_dsp_1              |        0|   3|   128|   135|    0|
    |fmul_32ns_32ns_32_3_max_dsp_1_U2448                     |fmul_32ns_32ns_32_3_max_dsp_1              |        0|   3|   128|   135|    0|
    |fmul_32ns_32ns_32_3_max_dsp_1_U2449                     |fmul_32ns_32ns_32_3_max_dsp_1              |        0|   3|   128|   135|    0|
    |fmul_32ns_32ns_32_3_max_dsp_1_U2450                     |fmul_32ns_32ns_32_3_max_dsp_1              |        0|   3|   128|   135|    0|
    |fmul_32ns_32ns_32_3_max_dsp_1_U2451                     |fmul_32ns_32ns_32_3_max_dsp_1              |        0|   3|   128|   135|    0|
    |fmul_32ns_32ns_32_3_max_dsp_1_U2452                     |fmul_32ns_32ns_32_3_max_dsp_1              |        0|   3|   128|   135|    0|
    |fmul_32ns_32ns_32_3_max_dsp_1_U2453                     |fmul_32ns_32ns_32_3_max_dsp_1              |        0|   3|   128|   135|    0|
    |fmul_32ns_32ns_32_3_max_dsp_1_U2454                     |fmul_32ns_32ns_32_3_max_dsp_1              |        0|   3|   128|   135|    0|
    |fmul_32ns_32ns_32_3_max_dsp_1_U2455                     |fmul_32ns_32ns_32_3_max_dsp_1              |        0|   3|   128|   135|    0|
    |fmul_32ns_32ns_32_3_max_dsp_1_U2456                     |fmul_32ns_32ns_32_3_max_dsp_1              |        0|   3|   128|   135|    0|
    |fmul_32ns_32ns_32_3_max_dsp_1_U2457                     |fmul_32ns_32ns_32_3_max_dsp_1              |        0|   3|   128|   135|    0|
    |fmul_32ns_32ns_32_3_max_dsp_1_U2458                     |fmul_32ns_32ns_32_3_max_dsp_1              |        0|   3|   128|   135|    0|
    |fmul_32ns_32ns_32_3_max_dsp_1_U2459                     |fmul_32ns_32ns_32_3_max_dsp_1              |        0|   3|   128|   135|    0|
    |fmul_32ns_32ns_32_3_max_dsp_1_U2460                     |fmul_32ns_32ns_32_3_max_dsp_1              |        0|   3|   128|   135|    0|
    |fmul_32ns_32ns_32_3_max_dsp_1_U2461                     |fmul_32ns_32ns_32_3_max_dsp_1              |        0|   3|   128|   135|    0|
    |fmul_32ns_32ns_32_3_max_dsp_1_U2462                     |fmul_32ns_32ns_32_3_max_dsp_1              |        0|   3|   128|   135|    0|
    |fmul_32ns_32ns_32_3_max_dsp_1_U2463                     |fmul_32ns_32ns_32_3_max_dsp_1              |        0|   3|   128|   135|    0|
    |fmul_32ns_32ns_32_3_max_dsp_1_U2464                     |fmul_32ns_32ns_32_3_max_dsp_1              |        0|   3|   128|   135|    0|
    |fmul_32ns_32ns_32_3_max_dsp_1_U2465                     |fmul_32ns_32ns_32_3_max_dsp_1              |        0|   3|   128|   135|    0|
    |fmul_32ns_32ns_32_3_max_dsp_1_U2466                     |fmul_32ns_32ns_32_3_max_dsp_1              |        0|   3|   128|   135|    0|
    |fmul_32ns_32ns_32_3_max_dsp_1_U2467                     |fmul_32ns_32ns_32_3_max_dsp_1              |        0|   3|   128|   135|    0|
    |fmul_32ns_32ns_32_3_max_dsp_1_U2468                     |fmul_32ns_32ns_32_3_max_dsp_1              |        0|   3|   128|   135|    0|
    |fmul_32ns_32ns_32_3_max_dsp_1_U2469                     |fmul_32ns_32ns_32_3_max_dsp_1              |        0|   3|   128|   135|    0|
    |fmul_32ns_32ns_32_3_max_dsp_1_U2470                     |fmul_32ns_32ns_32_3_max_dsp_1              |        0|   3|   128|   135|    0|
    |fmul_32ns_32ns_32_3_max_dsp_1_U2471                     |fmul_32ns_32ns_32_3_max_dsp_1              |        0|   3|   128|   135|    0|
    |fmul_32ns_32ns_32_3_max_dsp_1_U2472                     |fmul_32ns_32ns_32_3_max_dsp_1              |        0|   3|   128|   135|    0|
    |fmul_32ns_32ns_32_3_max_dsp_1_U2473                     |fmul_32ns_32ns_32_3_max_dsp_1              |        0|   3|   128|   135|    0|
    |fmul_32ns_32ns_32_3_max_dsp_1_U2474                     |fmul_32ns_32ns_32_3_max_dsp_1              |        0|   3|   128|   135|    0|
    |fmul_32ns_32ns_32_3_max_dsp_1_U2475                     |fmul_32ns_32ns_32_3_max_dsp_1              |        0|   3|   128|   135|    0|
    |fmul_32ns_32ns_32_3_max_dsp_1_U2476                     |fmul_32ns_32ns_32_3_max_dsp_1              |        0|   3|   128|   135|    0|
    |fmul_32ns_32ns_32_3_max_dsp_1_U2477                     |fmul_32ns_32ns_32_3_max_dsp_1              |        0|   3|   128|   135|    0|
    |fmul_32ns_32ns_32_3_max_dsp_1_U2478                     |fmul_32ns_32ns_32_3_max_dsp_1              |        0|   3|   128|   135|    0|
    |fmul_32ns_32ns_32_3_max_dsp_1_U2479                     |fmul_32ns_32ns_32_3_max_dsp_1              |        0|   3|   128|   135|    0|
    |fmul_32ns_32ns_32_3_max_dsp_1_U2480                     |fmul_32ns_32ns_32_3_max_dsp_1              |        0|   3|   128|   135|    0|
    |fmul_32ns_32ns_32_3_max_dsp_1_U2481                     |fmul_32ns_32ns_32_3_max_dsp_1              |        0|   3|   128|   135|    0|
    |fmul_32ns_32ns_32_3_max_dsp_1_U2482                     |fmul_32ns_32ns_32_3_max_dsp_1              |        0|   3|   128|   135|    0|
    |fmul_32ns_32ns_32_3_max_dsp_1_U2483                     |fmul_32ns_32ns_32_3_max_dsp_1              |        0|   3|   128|   135|    0|
    |fmul_32ns_32ns_32_3_max_dsp_1_U2484                     |fmul_32ns_32ns_32_3_max_dsp_1              |        0|   3|   128|   135|    0|
    |fmul_32ns_32ns_32_3_max_dsp_1_U2485                     |fmul_32ns_32ns_32_3_max_dsp_1              |        0|   3|   128|   135|    0|
    |fmul_32ns_32ns_32_3_max_dsp_1_U2486                     |fmul_32ns_32ns_32_3_max_dsp_1              |        0|   3|   128|   135|    0|
    |fmul_32ns_32ns_32_3_max_dsp_1_U2487                     |fmul_32ns_32ns_32_3_max_dsp_1              |        0|   3|   128|   135|    0|
    |fmul_32ns_32ns_32_3_max_dsp_1_U2488                     |fmul_32ns_32ns_32_3_max_dsp_1              |        0|   3|   128|   135|    0|
    |fmul_32ns_32ns_32_3_max_dsp_1_U2489                     |fmul_32ns_32ns_32_3_max_dsp_1              |        0|   3|   128|   135|    0|
    |fmul_32ns_32ns_32_3_max_dsp_1_U2490                     |fmul_32ns_32ns_32_3_max_dsp_1              |        0|   3|   128|   135|    0|
    |fmul_32ns_32ns_32_3_max_dsp_1_U2491                     |fmul_32ns_32ns_32_3_max_dsp_1              |        0|   3|   128|   135|    0|
    |fmul_32ns_32ns_32_3_max_dsp_1_U2492                     |fmul_32ns_32ns_32_3_max_dsp_1              |        0|   3|   128|   135|    0|
    |fmul_32ns_32ns_32_3_max_dsp_1_U2493                     |fmul_32ns_32ns_32_3_max_dsp_1              |        0|   3|   128|   135|    0|
    |fmul_32ns_32ns_32_3_max_dsp_1_U2494                     |fmul_32ns_32ns_32_3_max_dsp_1              |        0|   3|   128|   135|    0|
    |fmul_32ns_32ns_32_3_max_dsp_1_U2495                     |fmul_32ns_32ns_32_3_max_dsp_1              |        0|   3|   128|   135|    0|
    |fmul_32ns_32ns_32_3_max_dsp_1_U2496                     |fmul_32ns_32ns_32_3_max_dsp_1              |        0|   3|   128|   135|    0|
    |fmul_32ns_32ns_32_3_max_dsp_1_U2497                     |fmul_32ns_32ns_32_3_max_dsp_1              |        0|   3|   128|   135|    0|
    |fmul_32ns_32ns_32_3_max_dsp_1_U2498                     |fmul_32ns_32ns_32_3_max_dsp_1              |        0|   3|   128|   135|    0|
    |fmul_32ns_32ns_32_3_max_dsp_1_U2499                     |fmul_32ns_32ns_32_3_max_dsp_1              |        0|   3|   128|   135|    0|
    |fmul_32ns_32ns_32_3_max_dsp_1_U2500                     |fmul_32ns_32ns_32_3_max_dsp_1              |        0|   3|   128|   135|    0|
    |fmul_32ns_32ns_32_3_max_dsp_1_U2501                     |fmul_32ns_32ns_32_3_max_dsp_1              |        0|   3|   128|   135|    0|
    |fmul_32ns_32ns_32_3_max_dsp_1_U2502                     |fmul_32ns_32ns_32_3_max_dsp_1              |        0|   3|   128|   135|    0|
    |fmul_32ns_32ns_32_3_max_dsp_1_U2503                     |fmul_32ns_32ns_32_3_max_dsp_1              |        0|   3|   128|   135|    0|
    |fmul_32ns_32ns_32_3_max_dsp_1_U2504                     |fmul_32ns_32ns_32_3_max_dsp_1              |        0|   3|   128|   135|    0|
    |fmul_32ns_32ns_32_3_max_dsp_1_U2505                     |fmul_32ns_32ns_32_3_max_dsp_1              |        0|   3|   128|   135|    0|
    |fmul_32ns_32ns_32_3_max_dsp_1_U2506                     |fmul_32ns_32ns_32_3_max_dsp_1              |        0|   3|   128|   135|    0|
    |fmul_32ns_32ns_32_3_max_dsp_1_U2507                     |fmul_32ns_32ns_32_3_max_dsp_1              |        0|   3|   128|   135|    0|
    |fmul_32ns_32ns_32_3_max_dsp_1_U2508                     |fmul_32ns_32ns_32_3_max_dsp_1              |        0|   3|   128|   135|    0|
    |fmul_32ns_32ns_32_3_max_dsp_1_U2509                     |fmul_32ns_32ns_32_3_max_dsp_1              |        0|   3|   128|   135|    0|
    |fmul_32ns_32ns_32_3_max_dsp_1_U2510                     |fmul_32ns_32ns_32_3_max_dsp_1              |        0|   3|   128|   135|    0|
    |fmul_32ns_32ns_32_3_max_dsp_1_U2511                     |fmul_32ns_32ns_32_3_max_dsp_1              |        0|   3|   128|   135|    0|
    |fmul_32ns_32ns_32_3_max_dsp_1_U2512                     |fmul_32ns_32ns_32_3_max_dsp_1              |        0|   3|   128|   135|    0|
    |fmul_32ns_32ns_32_3_max_dsp_1_U2513                     |fmul_32ns_32ns_32_3_max_dsp_1              |        0|   3|   128|   135|    0|
    |fmul_32ns_32ns_32_3_max_dsp_1_U2514                     |fmul_32ns_32ns_32_3_max_dsp_1              |        0|   3|   128|   135|    0|
    |fmul_32ns_32ns_32_3_max_dsp_1_U2515                     |fmul_32ns_32ns_32_3_max_dsp_1              |        0|   3|   128|   135|    0|
    |fmul_32ns_32ns_32_3_max_dsp_1_U2516                     |fmul_32ns_32ns_32_3_max_dsp_1              |        0|   3|   128|   135|    0|
    |fmul_32ns_32ns_32_3_max_dsp_1_U2517                     |fmul_32ns_32ns_32_3_max_dsp_1              |        0|   3|   128|   135|    0|
    |fmul_32ns_32ns_32_3_max_dsp_1_U2518                     |fmul_32ns_32ns_32_3_max_dsp_1              |        0|   3|   128|   135|    0|
    |fmul_32ns_32ns_32_3_max_dsp_1_U2519                     |fmul_32ns_32ns_32_3_max_dsp_1              |        0|   3|   128|   135|    0|
    |fmul_32ns_32ns_32_3_max_dsp_1_U2520                     |fmul_32ns_32ns_32_3_max_dsp_1              |        0|   3|   128|   135|    0|
    |fmul_32ns_32ns_32_3_max_dsp_1_U2521                     |fmul_32ns_32ns_32_3_max_dsp_1              |        0|   3|   128|   135|    0|
    |fmul_32ns_32ns_32_3_max_dsp_1_U2522                     |fmul_32ns_32ns_32_3_max_dsp_1              |        0|   3|   128|   135|    0|
    |fmul_32ns_32ns_32_3_max_dsp_1_U2523                     |fmul_32ns_32ns_32_3_max_dsp_1              |        0|   3|   128|   135|    0|
    |fmul_32ns_32ns_32_3_max_dsp_1_U2524                     |fmul_32ns_32ns_32_3_max_dsp_1              |        0|   3|   128|   135|    0|
    |fmul_32ns_32ns_32_3_max_dsp_1_U2525                     |fmul_32ns_32ns_32_3_max_dsp_1              |        0|   3|   128|   135|    0|
    |fmul_32ns_32ns_32_3_max_dsp_1_U2526                     |fmul_32ns_32ns_32_3_max_dsp_1              |        0|   3|   128|   135|    0|
    |fmul_32ns_32ns_32_3_max_dsp_1_U2527                     |fmul_32ns_32ns_32_3_max_dsp_1              |        0|   3|   128|   135|    0|
    |fmul_32ns_32ns_32_3_max_dsp_1_U2528                     |fmul_32ns_32ns_32_3_max_dsp_1              |        0|   3|   128|   135|    0|
    |fmul_32ns_32ns_32_3_max_dsp_1_U2529                     |fmul_32ns_32ns_32_3_max_dsp_1              |        0|   3|   128|   135|    0|
    |fmul_32ns_32ns_32_3_max_dsp_1_U2530                     |fmul_32ns_32ns_32_3_max_dsp_1              |        0|   3|   128|   135|    0|
    |fmul_32ns_32ns_32_3_max_dsp_1_U2531                     |fmul_32ns_32ns_32_3_max_dsp_1              |        0|   3|   128|   135|    0|
    |fmul_32ns_32ns_32_3_max_dsp_1_U2532                     |fmul_32ns_32ns_32_3_max_dsp_1              |        0|   3|   128|   135|    0|
    |fmul_32ns_32ns_32_3_max_dsp_1_U2533                     |fmul_32ns_32ns_32_3_max_dsp_1              |        0|   3|   128|   135|    0|
    |fmul_32ns_32ns_32_3_max_dsp_1_U2534                     |fmul_32ns_32ns_32_3_max_dsp_1              |        0|   3|   128|   135|    0|
    |fmul_32ns_32ns_32_3_max_dsp_1_U2535                     |fmul_32ns_32ns_32_3_max_dsp_1              |        0|   3|   128|   135|    0|
    |fmul_32ns_32ns_32_3_max_dsp_1_U2536                     |fmul_32ns_32ns_32_3_max_dsp_1              |        0|   3|   128|   135|    0|
    |fmul_32ns_32ns_32_3_max_dsp_1_U2537                     |fmul_32ns_32ns_32_3_max_dsp_1              |        0|   3|   128|   135|    0|
    |fmul_32ns_32ns_32_3_max_dsp_1_U2538                     |fmul_32ns_32ns_32_3_max_dsp_1              |        0|   3|   128|   135|    0|
    |fmul_32ns_32ns_32_3_max_dsp_1_U2539                     |fmul_32ns_32ns_32_3_max_dsp_1              |        0|   3|   128|   135|    0|
    |fmul_32ns_32ns_32_3_max_dsp_1_U2540                     |fmul_32ns_32ns_32_3_max_dsp_1              |        0|   3|   128|   135|    0|
    |fmul_32ns_32ns_32_3_max_dsp_1_U2541                     |fmul_32ns_32ns_32_3_max_dsp_1              |        0|   3|   128|   135|    0|
    |fmul_32ns_32ns_32_3_max_dsp_1_U2542                     |fmul_32ns_32ns_32_3_max_dsp_1              |        0|   3|   128|   135|    0|
    |fmul_32ns_32ns_32_3_max_dsp_1_U2543                     |fmul_32ns_32ns_32_3_max_dsp_1              |        0|   3|   128|   135|    0|
    |fmul_32ns_32ns_32_3_max_dsp_1_U2544                     |fmul_32ns_32ns_32_3_max_dsp_1              |        0|   3|   128|   135|    0|
    |fmul_32ns_32ns_32_3_max_dsp_1_U2545                     |fmul_32ns_32ns_32_3_max_dsp_1              |        0|   3|   128|   135|    0|
    |fmul_32ns_32ns_32_3_max_dsp_1_U2546                     |fmul_32ns_32ns_32_3_max_dsp_1              |        0|   3|   128|   135|    0|
    |fmul_32ns_32ns_32_3_max_dsp_1_U2547                     |fmul_32ns_32ns_32_3_max_dsp_1              |        0|   3|   128|   135|    0|
    |fmul_32ns_32ns_32_3_max_dsp_1_U2548                     |fmul_32ns_32ns_32_3_max_dsp_1              |        0|   3|   128|   135|    0|
    |fmul_32ns_32ns_32_3_max_dsp_1_U2549                     |fmul_32ns_32ns_32_3_max_dsp_1              |        0|   3|   128|   135|    0|
    |fmul_32ns_32ns_32_3_max_dsp_1_U2550                     |fmul_32ns_32ns_32_3_max_dsp_1              |        0|   3|   128|   135|    0|
    |fmul_32ns_32ns_32_3_max_dsp_1_U2551                     |fmul_32ns_32ns_32_3_max_dsp_1              |        0|   3|   128|   135|    0|
    |fmul_32ns_32ns_32_3_max_dsp_1_U2552                     |fmul_32ns_32ns_32_3_max_dsp_1              |        0|   3|   128|   135|    0|
    |fmul_32ns_32ns_32_3_max_dsp_1_U2553                     |fmul_32ns_32ns_32_3_max_dsp_1              |        0|   3|   128|   135|    0|
    |fmul_32ns_32ns_32_3_max_dsp_1_U2554                     |fmul_32ns_32ns_32_3_max_dsp_1              |        0|   3|   128|   135|    0|
    |fmul_32ns_32ns_32_3_max_dsp_1_U2555                     |fmul_32ns_32ns_32_3_max_dsp_1              |        0|   3|   128|   135|    0|
    |fmul_32ns_32ns_32_3_max_dsp_1_U2556                     |fmul_32ns_32ns_32_3_max_dsp_1              |        0|   3|   128|   135|    0|
    |fmul_32ns_32ns_32_3_max_dsp_1_U2557                     |fmul_32ns_32ns_32_3_max_dsp_1              |        0|   3|   128|   135|    0|
    |fmul_32ns_32ns_32_3_max_dsp_1_U2558                     |fmul_32ns_32ns_32_3_max_dsp_1              |        0|   3|   128|   135|    0|
    |fmul_32ns_32ns_32_3_max_dsp_1_U2559                     |fmul_32ns_32ns_32_3_max_dsp_1              |        0|   3|   128|   135|    0|
    |fmul_32ns_32ns_32_3_max_dsp_1_U2560                     |fmul_32ns_32ns_32_3_max_dsp_1              |        0|   3|   128|   135|    0|
    |fmul_32ns_32ns_32_3_max_dsp_1_U2561                     |fmul_32ns_32ns_32_3_max_dsp_1              |        0|   3|   128|   135|    0|
    |fmul_32ns_32ns_32_3_max_dsp_1_U2562                     |fmul_32ns_32ns_32_3_max_dsp_1              |        0|   3|   128|   135|    0|
    |fmul_32ns_32ns_32_3_max_dsp_1_U2563                     |fmul_32ns_32ns_32_3_max_dsp_1              |        0|   3|   128|   135|    0|
    |fmul_32ns_32ns_32_3_max_dsp_1_U2564                     |fmul_32ns_32ns_32_3_max_dsp_1              |        0|   3|   128|   135|    0|
    |fmul_32ns_32ns_32_3_max_dsp_1_U2565                     |fmul_32ns_32ns_32_3_max_dsp_1              |        0|   3|   128|   135|    0|
    |fmul_32ns_32ns_32_3_max_dsp_1_U2566                     |fmul_32ns_32ns_32_3_max_dsp_1              |        0|   3|   128|   135|    0|
    |fmul_32ns_32ns_32_3_max_dsp_1_U2567                     |fmul_32ns_32ns_32_3_max_dsp_1              |        0|   3|   128|   135|    0|
    |fmul_32ns_32ns_32_3_max_dsp_1_U2568                     |fmul_32ns_32ns_32_3_max_dsp_1              |        0|   3|   128|   135|    0|
    |fmul_32ns_32ns_32_3_max_dsp_1_U2569                     |fmul_32ns_32ns_32_3_max_dsp_1              |        0|   3|   128|   135|    0|
    |fmul_32ns_32ns_32_3_max_dsp_1_U2570                     |fmul_32ns_32ns_32_3_max_dsp_1              |        0|   3|   128|   135|    0|
    |fmul_32ns_32ns_32_3_max_dsp_1_U2571                     |fmul_32ns_32ns_32_3_max_dsp_1              |        0|   3|   128|   135|    0|
    |fmul_32ns_32ns_32_3_max_dsp_1_U2572                     |fmul_32ns_32ns_32_3_max_dsp_1              |        0|   3|   128|   135|    0|
    |fmul_32ns_32ns_32_3_max_dsp_1_U2573                     |fmul_32ns_32ns_32_3_max_dsp_1              |        0|   3|   128|   135|    0|
    |fmul_32ns_32ns_32_3_max_dsp_1_U2574                     |fmul_32ns_32ns_32_3_max_dsp_1              |        0|   3|   128|   135|    0|
    |fmul_32ns_32ns_32_3_max_dsp_1_U2575                     |fmul_32ns_32ns_32_3_max_dsp_1              |        0|   3|   128|   135|    0|
    |fmul_32ns_32ns_32_3_max_dsp_1_U2576                     |fmul_32ns_32ns_32_3_max_dsp_1              |        0|   3|   128|   135|    0|
    |fmul_32ns_32ns_32_3_max_dsp_1_U2577                     |fmul_32ns_32ns_32_3_max_dsp_1              |        0|   3|   128|   135|    0|
    |fmul_32ns_32ns_32_3_max_dsp_1_U2578                     |fmul_32ns_32ns_32_3_max_dsp_1              |        0|   3|   128|   135|    0|
    |fmul_32ns_32ns_32_3_max_dsp_1_U2579                     |fmul_32ns_32ns_32_3_max_dsp_1              |        0|   3|   128|   135|    0|
    |fmul_32ns_32ns_32_3_max_dsp_1_U2580                     |fmul_32ns_32ns_32_3_max_dsp_1              |        0|   3|   128|   135|    0|
    |fmul_32ns_32ns_32_3_max_dsp_1_U2581                     |fmul_32ns_32ns_32_3_max_dsp_1              |        0|   3|   128|   135|    0|
    |fmul_32ns_32ns_32_3_max_dsp_1_U2582                     |fmul_32ns_32ns_32_3_max_dsp_1              |        0|   3|   128|   135|    0|
    |fmul_32ns_32ns_32_3_max_dsp_1_U2583                     |fmul_32ns_32ns_32_3_max_dsp_1              |        0|   3|   128|   135|    0|
    |fmul_32ns_32ns_32_3_max_dsp_1_U2584                     |fmul_32ns_32ns_32_3_max_dsp_1              |        0|   3|   128|   135|    0|
    |fmul_32ns_32ns_32_3_max_dsp_1_U2585                     |fmul_32ns_32ns_32_3_max_dsp_1              |        0|   3|   128|   135|    0|
    |fmul_32ns_32ns_32_3_max_dsp_1_U2586                     |fmul_32ns_32ns_32_3_max_dsp_1              |        0|   3|   128|   135|    0|
    |fmul_32ns_32ns_32_3_max_dsp_1_U2587                     |fmul_32ns_32ns_32_3_max_dsp_1              |        0|   3|   128|   135|    0|
    |fmul_32ns_32ns_32_3_max_dsp_1_U2588                     |fmul_32ns_32ns_32_3_max_dsp_1              |        0|   3|   128|   135|    0|
    |fmul_32ns_32ns_32_3_max_dsp_1_U2589                     |fmul_32ns_32ns_32_3_max_dsp_1              |        0|   3|   128|   135|    0|
    |fmul_32ns_32ns_32_3_max_dsp_1_U2590                     |fmul_32ns_32ns_32_3_max_dsp_1              |        0|   3|   128|   135|    0|
    |fmul_32ns_32ns_32_3_max_dsp_1_U2591                     |fmul_32ns_32ns_32_3_max_dsp_1              |        0|   3|   128|   135|    0|
    |fmul_32ns_32ns_32_3_max_dsp_1_U2592                     |fmul_32ns_32ns_32_3_max_dsp_1              |        0|   3|   128|   135|    0|
    |fmul_32ns_32ns_32_3_max_dsp_1_U2593                     |fmul_32ns_32ns_32_3_max_dsp_1              |        0|   3|   128|   135|    0|
    |fmul_32ns_32ns_32_3_max_dsp_1_U2594                     |fmul_32ns_32ns_32_3_max_dsp_1              |        0|   3|   128|   135|    0|
    |fmul_32ns_32ns_32_3_max_dsp_1_U2595                     |fmul_32ns_32ns_32_3_max_dsp_1              |        0|   3|   128|   135|    0|
    |fmul_32ns_32ns_32_3_max_dsp_1_U2596                     |fmul_32ns_32ns_32_3_max_dsp_1              |        0|   3|   128|   135|    0|
    |fmul_32ns_32ns_32_3_max_dsp_1_U2597                     |fmul_32ns_32ns_32_3_max_dsp_1              |        0|   3|   128|   135|    0|
    |fmul_32ns_32ns_32_3_max_dsp_1_U2598                     |fmul_32ns_32ns_32_3_max_dsp_1              |        0|   3|   128|   135|    0|
    |fmul_32ns_32ns_32_3_max_dsp_1_U2599                     |fmul_32ns_32ns_32_3_max_dsp_1              |        0|   3|   128|   135|    0|
    |fmul_32ns_32ns_32_3_max_dsp_1_U2600                     |fmul_32ns_32ns_32_3_max_dsp_1              |        0|   3|   128|   135|    0|
    |fmul_32ns_32ns_32_3_max_dsp_1_U2601                     |fmul_32ns_32ns_32_3_max_dsp_1              |        0|   3|   128|   135|    0|
    |fmul_32ns_32ns_32_3_max_dsp_1_U2602                     |fmul_32ns_32ns_32_3_max_dsp_1              |        0|   3|   128|   135|    0|
    |fmul_32ns_32ns_32_3_max_dsp_1_U2603                     |fmul_32ns_32ns_32_3_max_dsp_1              |        0|   3|   128|   135|    0|
    |fmul_32ns_32ns_32_3_max_dsp_1_U2604                     |fmul_32ns_32ns_32_3_max_dsp_1              |        0|   3|   128|   135|    0|
    |fmul_32ns_32ns_32_3_max_dsp_1_U2605                     |fmul_32ns_32ns_32_3_max_dsp_1              |        0|   3|   128|   135|    0|
    |fmul_32ns_32ns_32_3_max_dsp_1_U2606                     |fmul_32ns_32ns_32_3_max_dsp_1              |        0|   3|   128|   135|    0|
    |fmul_32ns_32ns_32_3_max_dsp_1_U2607                     |fmul_32ns_32ns_32_3_max_dsp_1              |        0|   3|   128|   135|    0|
    |fmul_32ns_32ns_32_3_max_dsp_1_U2608                     |fmul_32ns_32ns_32_3_max_dsp_1              |        0|   3|   128|   135|    0|
    |fmul_32ns_32ns_32_3_max_dsp_1_U2609                     |fmul_32ns_32ns_32_3_max_dsp_1              |        0|   3|   128|   135|    0|
    |fmul_32ns_32ns_32_3_max_dsp_1_U2610                     |fmul_32ns_32ns_32_3_max_dsp_1              |        0|   3|   128|   135|    0|
    |fmul_32ns_32ns_32_3_max_dsp_1_U2611                     |fmul_32ns_32ns_32_3_max_dsp_1              |        0|   3|   128|   135|    0|
    |fmul_32ns_32ns_32_3_max_dsp_1_U2612                     |fmul_32ns_32ns_32_3_max_dsp_1              |        0|   3|   128|   135|    0|
    |fmul_32ns_32ns_32_3_max_dsp_1_U2613                     |fmul_32ns_32ns_32_3_max_dsp_1              |        0|   3|   128|   135|    0|
    |fmul_32ns_32ns_32_3_max_dsp_1_U2614                     |fmul_32ns_32ns_32_3_max_dsp_1              |        0|   3|   128|   135|    0|
    |fmul_32ns_32ns_32_3_max_dsp_1_U2615                     |fmul_32ns_32ns_32_3_max_dsp_1              |        0|   3|   128|   135|    0|
    |fmul_32ns_32ns_32_3_max_dsp_1_U2616                     |fmul_32ns_32ns_32_3_max_dsp_1              |        0|   3|   128|   135|    0|
    |fmul_32ns_32ns_32_3_max_dsp_1_U2617                     |fmul_32ns_32ns_32_3_max_dsp_1              |        0|   3|   128|   135|    0|
    |fmul_32ns_32ns_32_3_max_dsp_1_U2618                     |fmul_32ns_32ns_32_3_max_dsp_1              |        0|   3|   128|   135|    0|
    |fmul_32ns_32ns_32_3_max_dsp_1_U2619                     |fmul_32ns_32ns_32_3_max_dsp_1              |        0|   3|   128|   135|    0|
    |fmul_32ns_32ns_32_3_max_dsp_1_U2620                     |fmul_32ns_32ns_32_3_max_dsp_1              |        0|   3|   128|   135|    0|
    |fmul_32ns_32ns_32_3_max_dsp_1_U2621                     |fmul_32ns_32ns_32_3_max_dsp_1              |        0|   3|   128|   135|    0|
    |fmul_32ns_32ns_32_3_max_dsp_1_U2622                     |fmul_32ns_32ns_32_3_max_dsp_1              |        0|   3|   128|   135|    0|
    |fmul_32ns_32ns_32_3_max_dsp_1_U2623                     |fmul_32ns_32ns_32_3_max_dsp_1              |        0|   3|   128|   135|    0|
    |fmul_32ns_32ns_32_3_max_dsp_1_U2624                     |fmul_32ns_32ns_32_3_max_dsp_1              |        0|   3|   128|   135|    0|
    |fmul_32ns_32ns_32_3_max_dsp_1_U2625                     |fmul_32ns_32ns_32_3_max_dsp_1              |        0|   3|   128|   135|    0|
    |fmul_32ns_32ns_32_3_max_dsp_1_U2626                     |fmul_32ns_32ns_32_3_max_dsp_1              |        0|   3|   128|   135|    0|
    |fmul_32ns_32ns_32_3_max_dsp_1_U2627                     |fmul_32ns_32ns_32_3_max_dsp_1              |        0|   3|   128|   135|    0|
    |fmul_32ns_32ns_32_3_max_dsp_1_U2628                     |fmul_32ns_32ns_32_3_max_dsp_1              |        0|   3|   128|   135|    0|
    |fmul_32ns_32ns_32_3_max_dsp_1_U2629                     |fmul_32ns_32ns_32_3_max_dsp_1              |        0|   3|   128|   135|    0|
    |fmul_32ns_32ns_32_3_max_dsp_1_U2630                     |fmul_32ns_32ns_32_3_max_dsp_1              |        0|   3|   128|   135|    0|
    |fmul_32ns_32ns_32_3_max_dsp_1_U2631                     |fmul_32ns_32ns_32_3_max_dsp_1              |        0|   3|   128|   135|    0|
    |fmul_32ns_32ns_32_3_max_dsp_1_U2632                     |fmul_32ns_32ns_32_3_max_dsp_1              |        0|   3|   128|   135|    0|
    |fmul_32ns_32ns_32_3_max_dsp_1_U2633                     |fmul_32ns_32ns_32_3_max_dsp_1              |        0|   3|   128|   135|    0|
    |fmul_32ns_32ns_32_3_max_dsp_1_U2634                     |fmul_32ns_32ns_32_3_max_dsp_1              |        0|   3|   128|   135|    0|
    |fmul_32ns_32ns_32_3_max_dsp_1_U2635                     |fmul_32ns_32ns_32_3_max_dsp_1              |        0|   3|   128|   135|    0|
    |fmul_32ns_32ns_32_3_max_dsp_1_U2636                     |fmul_32ns_32ns_32_3_max_dsp_1              |        0|   3|   128|   135|    0|
    |fmul_32ns_32ns_32_3_max_dsp_1_U2637                     |fmul_32ns_32ns_32_3_max_dsp_1              |        0|   3|   128|   135|    0|
    |fmul_32ns_32ns_32_3_max_dsp_1_U2638                     |fmul_32ns_32ns_32_3_max_dsp_1              |        0|   3|   128|   135|    0|
    |fmul_32ns_32ns_32_3_max_dsp_1_U2639                     |fmul_32ns_32ns_32_3_max_dsp_1              |        0|   3|   128|   135|    0|
    |fmul_32ns_32ns_32_3_max_dsp_1_U2640                     |fmul_32ns_32ns_32_3_max_dsp_1              |        0|   3|   128|   135|    0|
    |fmul_32ns_32ns_32_3_max_dsp_1_U2641                     |fmul_32ns_32ns_32_3_max_dsp_1              |        0|   3|   128|   135|    0|
    |fmul_32ns_32ns_32_3_max_dsp_1_U2642                     |fmul_32ns_32ns_32_3_max_dsp_1              |        0|   3|   128|   135|    0|
    |fmul_32ns_32ns_32_3_max_dsp_1_U2643                     |fmul_32ns_32ns_32_3_max_dsp_1              |        0|   3|   128|   135|    0|
    |fmul_32ns_32ns_32_3_max_dsp_1_U2644                     |fmul_32ns_32ns_32_3_max_dsp_1              |        0|   3|   128|   135|    0|
    |fmul_32ns_32ns_32_3_max_dsp_1_U2645                     |fmul_32ns_32ns_32_3_max_dsp_1              |        0|   3|   128|   135|    0|
    |fmul_32ns_32ns_32_3_max_dsp_1_U2646                     |fmul_32ns_32ns_32_3_max_dsp_1              |        0|   3|   128|   135|    0|
    |fmul_32ns_32ns_32_3_max_dsp_1_U2647                     |fmul_32ns_32ns_32_3_max_dsp_1              |        0|   3|   128|   135|    0|
    |fmul_32ns_32ns_32_3_max_dsp_1_U2648                     |fmul_32ns_32ns_32_3_max_dsp_1              |        0|   3|   128|   135|    0|
    |fmul_32ns_32ns_32_3_max_dsp_1_U2649                     |fmul_32ns_32ns_32_3_max_dsp_1              |        0|   3|   128|   135|    0|
    |fmul_32ns_32ns_32_3_max_dsp_1_U2650                     |fmul_32ns_32ns_32_3_max_dsp_1              |        0|   3|   128|   135|    0|
    |fmul_32ns_32ns_32_3_max_dsp_1_U2651                     |fmul_32ns_32ns_32_3_max_dsp_1              |        0|   3|   128|   135|    0|
    |fmul_32ns_32ns_32_3_max_dsp_1_U2652                     |fmul_32ns_32ns_32_3_max_dsp_1              |        0|   3|   128|   135|    0|
    |fmul_32ns_32ns_32_3_max_dsp_1_U2653                     |fmul_32ns_32ns_32_3_max_dsp_1              |        0|   3|   128|   135|    0|
    |fmul_32ns_32ns_32_3_max_dsp_1_U2654                     |fmul_32ns_32ns_32_3_max_dsp_1              |        0|   3|   128|   135|    0|
    |fmul_32ns_32ns_32_3_max_dsp_1_U2655                     |fmul_32ns_32ns_32_3_max_dsp_1              |        0|   3|   128|   135|    0|
    |fmul_32ns_32ns_32_3_max_dsp_1_U2656                     |fmul_32ns_32ns_32_3_max_dsp_1              |        0|   3|   128|   135|    0|
    |fmul_32ns_32ns_32_3_max_dsp_1_U2657                     |fmul_32ns_32ns_32_3_max_dsp_1              |        0|   3|   128|   135|    0|
    |fmul_32ns_32ns_32_3_max_dsp_1_U2658                     |fmul_32ns_32ns_32_3_max_dsp_1              |        0|   3|   128|   135|    0|
    |fmul_32ns_32ns_32_3_max_dsp_1_U2659                     |fmul_32ns_32ns_32_3_max_dsp_1              |        0|   3|   128|   135|    0|
    |fmul_32ns_32ns_32_3_max_dsp_1_U2660                     |fmul_32ns_32ns_32_3_max_dsp_1              |        0|   3|   128|   135|    0|
    |fmul_32ns_32ns_32_3_max_dsp_1_U2661                     |fmul_32ns_32ns_32_3_max_dsp_1              |        0|   3|   128|   135|    0|
    |fmul_32ns_32ns_32_3_max_dsp_1_U2662                     |fmul_32ns_32ns_32_3_max_dsp_1              |        0|   3|   128|   135|    0|
    |fmul_32ns_32ns_32_3_max_dsp_1_U2663                     |fmul_32ns_32ns_32_3_max_dsp_1              |        0|   3|   128|   135|    0|
    |fmul_32ns_32ns_32_3_max_dsp_1_U2664                     |fmul_32ns_32ns_32_3_max_dsp_1              |        0|   3|   128|   135|    0|
    |fmul_32ns_32ns_32_3_max_dsp_1_U2665                     |fmul_32ns_32ns_32_3_max_dsp_1              |        0|   3|   128|   135|    0|
    |fmul_32ns_32ns_32_3_max_dsp_1_U2666                     |fmul_32ns_32ns_32_3_max_dsp_1              |        0|   3|   128|   135|    0|
    |fmul_32ns_32ns_32_3_max_dsp_1_U2667                     |fmul_32ns_32ns_32_3_max_dsp_1              |        0|   3|   128|   135|    0|
    |fmul_32ns_32ns_32_3_max_dsp_1_U2668                     |fmul_32ns_32ns_32_3_max_dsp_1              |        0|   3|   128|   135|    0|
    |fmul_32ns_32ns_32_3_max_dsp_1_U2669                     |fmul_32ns_32ns_32_3_max_dsp_1              |        0|   3|   128|   135|    0|
    |fmul_32ns_32ns_32_3_max_dsp_1_U2670                     |fmul_32ns_32ns_32_3_max_dsp_1              |        0|   3|   128|   135|    0|
    |fmul_32ns_32ns_32_3_max_dsp_1_U2671                     |fmul_32ns_32ns_32_3_max_dsp_1              |        0|   3|   128|   135|    0|
    |fmul_32ns_32ns_32_3_max_dsp_1_U2672                     |fmul_32ns_32ns_32_3_max_dsp_1              |        0|   3|   128|   135|    0|
    |fmul_32ns_32ns_32_3_max_dsp_1_U2673                     |fmul_32ns_32ns_32_3_max_dsp_1              |        0|   3|   128|   135|    0|
    |fmul_32ns_32ns_32_3_max_dsp_1_U2674                     |fmul_32ns_32ns_32_3_max_dsp_1              |        0|   3|   128|   135|    0|
    |fmul_32ns_32ns_32_3_max_dsp_1_U2675                     |fmul_32ns_32ns_32_3_max_dsp_1              |        0|   3|   128|   135|    0|
    |fmul_32ns_32ns_32_3_max_dsp_1_U2676                     |fmul_32ns_32ns_32_3_max_dsp_1              |        0|   3|   128|   135|    0|
    |fmul_32ns_32ns_32_3_max_dsp_1_U2677                     |fmul_32ns_32ns_32_3_max_dsp_1              |        0|   3|   128|   135|    0|
    |fmul_32ns_32ns_32_3_max_dsp_1_U2678                     |fmul_32ns_32ns_32_3_max_dsp_1              |        0|   3|   128|   135|    0|
    |fmul_32ns_32ns_32_3_max_dsp_1_U2679                     |fmul_32ns_32ns_32_3_max_dsp_1              |        0|   3|   128|   135|    0|
    |fmul_32ns_32ns_32_3_max_dsp_1_U2680                     |fmul_32ns_32ns_32_3_max_dsp_1              |        0|   3|   128|   135|    0|
    |fmul_32ns_32ns_32_3_max_dsp_1_U2681                     |fmul_32ns_32ns_32_3_max_dsp_1              |        0|   3|   128|   135|    0|
    |fmul_32ns_32ns_32_3_max_dsp_1_U2682                     |fmul_32ns_32ns_32_3_max_dsp_1              |        0|   3|   128|   135|    0|
    |fmul_32ns_32ns_32_3_max_dsp_1_U2683                     |fmul_32ns_32ns_32_3_max_dsp_1              |        0|   3|   128|   135|    0|
    |fmul_32ns_32ns_32_3_max_dsp_1_U2684                     |fmul_32ns_32ns_32_3_max_dsp_1              |        0|   3|   128|   135|    0|
    |fmul_32ns_32ns_32_3_max_dsp_1_U2685                     |fmul_32ns_32ns_32_3_max_dsp_1              |        0|   3|   128|   135|    0|
    |fmul_32ns_32ns_32_3_max_dsp_1_U2686                     |fmul_32ns_32ns_32_3_max_dsp_1              |        0|   3|   128|   135|    0|
    |fmul_32ns_32ns_32_3_max_dsp_1_U2687                     |fmul_32ns_32ns_32_3_max_dsp_1              |        0|   3|   128|   135|    0|
    |fmul_32ns_32ns_32_3_max_dsp_1_U2688                     |fmul_32ns_32ns_32_3_max_dsp_1              |        0|   3|   128|   135|    0|
    |fmul_32ns_32ns_32_3_max_dsp_1_U2689                     |fmul_32ns_32ns_32_3_max_dsp_1              |        0|   3|   128|   135|    0|
    |fmul_32ns_32ns_32_3_max_dsp_1_U2690                     |fmul_32ns_32ns_32_3_max_dsp_1              |        0|   3|   128|   135|    0|
    |fmul_32ns_32ns_32_3_max_dsp_1_U2691                     |fmul_32ns_32ns_32_3_max_dsp_1              |        0|   3|   128|   135|    0|
    |fmul_32ns_32ns_32_3_max_dsp_1_U2692                     |fmul_32ns_32ns_32_3_max_dsp_1              |        0|   3|   128|   135|    0|
    |fmul_32ns_32ns_32_3_max_dsp_1_U2693                     |fmul_32ns_32ns_32_3_max_dsp_1              |        0|   3|   128|   135|    0|
    |fmul_32ns_32ns_32_3_max_dsp_1_U2694                     |fmul_32ns_32ns_32_3_max_dsp_1              |        0|   3|   128|   135|    0|
    |fmul_32ns_32ns_32_3_max_dsp_1_U2695                     |fmul_32ns_32ns_32_3_max_dsp_1              |        0|   3|   128|   135|    0|
    |fmul_32ns_32ns_32_3_max_dsp_1_U2696                     |fmul_32ns_32ns_32_3_max_dsp_1              |        0|   3|   128|   135|    0|
    |fmul_32ns_32ns_32_3_max_dsp_1_U2697                     |fmul_32ns_32ns_32_3_max_dsp_1              |        0|   3|   128|   135|    0|
    |fmul_32ns_32ns_32_3_max_dsp_1_U2698                     |fmul_32ns_32ns_32_3_max_dsp_1              |        0|   3|   128|   135|    0|
    |fmul_32ns_32ns_32_3_max_dsp_1_U2699                     |fmul_32ns_32ns_32_3_max_dsp_1              |        0|   3|   128|   135|    0|
    |fmul_32ns_32ns_32_3_max_dsp_1_U2700                     |fmul_32ns_32ns_32_3_max_dsp_1              |        0|   3|   128|   135|    0|
    |fmul_32ns_32ns_32_3_max_dsp_1_U2701                     |fmul_32ns_32ns_32_3_max_dsp_1              |        0|   3|   128|   135|    0|
    |fmul_32ns_32ns_32_3_max_dsp_1_U2702                     |fmul_32ns_32ns_32_3_max_dsp_1              |        0|   3|   128|   135|    0|
    |fmul_32ns_32ns_32_3_max_dsp_1_U2703                     |fmul_32ns_32ns_32_3_max_dsp_1              |        0|   3|   128|   135|    0|
    |fmul_32ns_32ns_32_3_max_dsp_1_U2704                     |fmul_32ns_32ns_32_3_max_dsp_1              |        0|   3|   128|   135|    0|
    |fmul_32ns_32ns_32_3_max_dsp_1_U2705                     |fmul_32ns_32ns_32_3_max_dsp_1              |        0|   3|   128|   135|    0|
    |fmul_32ns_32ns_32_3_max_dsp_1_U2706                     |fmul_32ns_32ns_32_3_max_dsp_1              |        0|   3|   128|   135|    0|
    |fmul_32ns_32ns_32_3_max_dsp_1_U2707                     |fmul_32ns_32ns_32_3_max_dsp_1              |        0|   3|   128|   135|    0|
    |fmul_32ns_32ns_32_3_max_dsp_1_U2708                     |fmul_32ns_32ns_32_3_max_dsp_1              |        0|   3|   128|   135|    0|
    |fmul_32ns_32ns_32_3_max_dsp_1_U2709                     |fmul_32ns_32ns_32_3_max_dsp_1              |        0|   3|   128|   135|    0|
    |fmul_32ns_32ns_32_3_max_dsp_1_U2710                     |fmul_32ns_32ns_32_3_max_dsp_1              |        0|   3|   128|   135|    0|
    |fmul_32ns_32ns_32_3_max_dsp_1_U2711                     |fmul_32ns_32ns_32_3_max_dsp_1              |        0|   3|   128|   135|    0|
    |fmul_32ns_32ns_32_3_max_dsp_1_U2712                     |fmul_32ns_32ns_32_3_max_dsp_1              |        0|   3|   128|   135|    0|
    |fmul_32ns_32ns_32_3_max_dsp_1_U2713                     |fmul_32ns_32ns_32_3_max_dsp_1              |        0|   3|   128|   135|    0|
    |fmul_32ns_32ns_32_3_max_dsp_1_U2714                     |fmul_32ns_32ns_32_3_max_dsp_1              |        0|   3|   128|   135|    0|
    |fmul_32ns_32ns_32_3_max_dsp_1_U2715                     |fmul_32ns_32ns_32_3_max_dsp_1              |        0|   3|   128|   135|    0|
    |fmul_32ns_32ns_32_3_max_dsp_1_U2716                     |fmul_32ns_32ns_32_3_max_dsp_1              |        0|   3|   128|   135|    0|
    |fmul_32ns_32ns_32_3_max_dsp_1_U2717                     |fmul_32ns_32ns_32_3_max_dsp_1              |        0|   3|   128|   135|    0|
    |fmul_32ns_32ns_32_3_max_dsp_1_U2718                     |fmul_32ns_32ns_32_3_max_dsp_1              |        0|   3|   128|   135|    0|
    |fmul_32ns_32ns_32_3_max_dsp_1_U2719                     |fmul_32ns_32ns_32_3_max_dsp_1              |        0|   3|   128|   135|    0|
    |fmul_32ns_32ns_32_3_max_dsp_1_U2720                     |fmul_32ns_32ns_32_3_max_dsp_1              |        0|   3|   128|   135|    0|
    |fmul_32ns_32ns_32_3_max_dsp_1_U2721                     |fmul_32ns_32ns_32_3_max_dsp_1              |        0|   3|   128|   135|    0|
    |fmul_32ns_32ns_32_3_max_dsp_1_U2722                     |fmul_32ns_32ns_32_3_max_dsp_1              |        0|   3|   128|   135|    0|
    |fmul_32ns_32ns_32_3_max_dsp_1_U2723                     |fmul_32ns_32ns_32_3_max_dsp_1              |        0|   3|   128|   135|    0|
    |fmul_32ns_32ns_32_3_max_dsp_1_U2724                     |fmul_32ns_32ns_32_3_max_dsp_1              |        0|   3|   128|   135|    0|
    |fmul_32ns_32ns_32_3_max_dsp_1_U2725                     |fmul_32ns_32ns_32_3_max_dsp_1              |        0|   3|   128|   135|    0|
    |fmul_32ns_32ns_32_3_max_dsp_1_U2726                     |fmul_32ns_32ns_32_3_max_dsp_1              |        0|   3|   128|   135|    0|
    |fmul_32ns_32ns_32_3_max_dsp_1_U2727                     |fmul_32ns_32ns_32_3_max_dsp_1              |        0|   3|   128|   135|    0|
    |fmul_32ns_32ns_32_3_max_dsp_1_U2728                     |fmul_32ns_32ns_32_3_max_dsp_1              |        0|   3|   128|   135|    0|
    |fmul_32ns_32ns_32_3_max_dsp_1_U2729                     |fmul_32ns_32ns_32_3_max_dsp_1              |        0|   3|   128|   135|    0|
    |fmul_32ns_32ns_32_3_max_dsp_1_U2730                     |fmul_32ns_32ns_32_3_max_dsp_1              |        0|   3|   128|   135|    0|
    |fmul_32ns_32ns_32_3_max_dsp_1_U2731                     |fmul_32ns_32ns_32_3_max_dsp_1              |        0|   3|   128|   135|    0|
    |fmul_32ns_32ns_32_3_max_dsp_1_U2732                     |fmul_32ns_32ns_32_3_max_dsp_1              |        0|   3|   128|   135|    0|
    |fmul_32ns_32ns_32_3_max_dsp_1_U2733                     |fmul_32ns_32ns_32_3_max_dsp_1              |        0|   3|   128|   135|    0|
    |fmul_32ns_32ns_32_3_max_dsp_1_U2734                     |fmul_32ns_32ns_32_3_max_dsp_1              |        0|   3|   128|   135|    0|
    |fmul_32ns_32ns_32_3_max_dsp_1_U2735                     |fmul_32ns_32ns_32_3_max_dsp_1              |        0|   3|   128|   135|    0|
    |fmul_32ns_32ns_32_3_max_dsp_1_U2736                     |fmul_32ns_32ns_32_3_max_dsp_1              |        0|   3|   128|   135|    0|
    |fmul_32ns_32ns_32_3_max_dsp_1_U2737                     |fmul_32ns_32ns_32_3_max_dsp_1              |        0|   3|   128|   135|    0|
    |fmul_32ns_32ns_32_3_max_dsp_1_U2738                     |fmul_32ns_32ns_32_3_max_dsp_1              |        0|   3|   128|   135|    0|
    |fmul_32ns_32ns_32_3_max_dsp_1_U2739                     |fmul_32ns_32ns_32_3_max_dsp_1              |        0|   3|   128|   135|    0|
    |fmul_32ns_32ns_32_3_max_dsp_1_U2740                     |fmul_32ns_32ns_32_3_max_dsp_1              |        0|   3|   128|   135|    0|
    |fmul_32ns_32ns_32_3_max_dsp_1_U2741                     |fmul_32ns_32ns_32_3_max_dsp_1              |        0|   3|   128|   135|    0|
    |fmul_32ns_32ns_32_3_max_dsp_1_U2742                     |fmul_32ns_32ns_32_3_max_dsp_1              |        0|   3|   128|   135|    0|
    |fmul_32ns_32ns_32_3_max_dsp_1_U2743                     |fmul_32ns_32ns_32_3_max_dsp_1              |        0|   3|   128|   135|    0|
    |fmul_32ns_32ns_32_3_max_dsp_1_U2744                     |fmul_32ns_32ns_32_3_max_dsp_1              |        0|   3|   128|   135|    0|
    |fmul_32ns_32ns_32_3_max_dsp_1_U2745                     |fmul_32ns_32ns_32_3_max_dsp_1              |        0|   3|   128|   135|    0|
    |fmul_32ns_32ns_32_3_max_dsp_1_U2746                     |fmul_32ns_32ns_32_3_max_dsp_1              |        0|   3|   128|   135|    0|
    |fmul_32ns_32ns_32_3_max_dsp_1_U2747                     |fmul_32ns_32ns_32_3_max_dsp_1              |        0|   3|   128|   135|    0|
    |fmul_32ns_32ns_32_3_max_dsp_1_U2748                     |fmul_32ns_32ns_32_3_max_dsp_1              |        0|   3|   128|   135|    0|
    |fmul_32ns_32ns_32_3_max_dsp_1_U2749                     |fmul_32ns_32ns_32_3_max_dsp_1              |        0|   3|   128|   135|    0|
    |fmul_32ns_32ns_32_3_max_dsp_1_U2750                     |fmul_32ns_32ns_32_3_max_dsp_1              |        0|   3|   128|   135|    0|
    |fmul_32ns_32ns_32_3_max_dsp_1_U2751                     |fmul_32ns_32ns_32_3_max_dsp_1              |        0|   3|   128|   135|    0|
    |fmul_32ns_32ns_32_3_max_dsp_1_U2752                     |fmul_32ns_32ns_32_3_max_dsp_1              |        0|   3|   128|   135|    0|
    |fmul_32ns_32ns_32_3_max_dsp_1_U2753                     |fmul_32ns_32ns_32_3_max_dsp_1              |        0|   3|   128|   135|    0|
    |fmul_32ns_32ns_32_3_max_dsp_1_U2754                     |fmul_32ns_32ns_32_3_max_dsp_1              |        0|   3|   128|   135|    0|
    |fmul_32ns_32ns_32_3_max_dsp_1_U2755                     |fmul_32ns_32ns_32_3_max_dsp_1              |        0|   3|   128|   135|    0|
    |fmul_32ns_32ns_32_3_max_dsp_1_U2756                     |fmul_32ns_32ns_32_3_max_dsp_1              |        0|   3|   128|   135|    0|
    |fmul_32ns_32ns_32_3_max_dsp_1_U2757                     |fmul_32ns_32ns_32_3_max_dsp_1              |        0|   3|   128|   135|    0|
    |fmul_32ns_32ns_32_3_max_dsp_1_U2758                     |fmul_32ns_32ns_32_3_max_dsp_1              |        0|   3|   128|   135|    0|
    |fmul_32ns_32ns_32_3_max_dsp_1_U2759                     |fmul_32ns_32ns_32_3_max_dsp_1              |        0|   3|   128|   135|    0|
    |fmul_32ns_32ns_32_3_max_dsp_1_U2760                     |fmul_32ns_32ns_32_3_max_dsp_1              |        0|   3|   128|   135|    0|
    |fmul_32ns_32ns_32_3_max_dsp_1_U2761                     |fmul_32ns_32ns_32_3_max_dsp_1              |        0|   3|   128|   135|    0|
    |fmul_32ns_32ns_32_3_max_dsp_1_U2762                     |fmul_32ns_32ns_32_3_max_dsp_1              |        0|   3|   128|   135|    0|
    |fmul_32ns_32ns_32_3_max_dsp_1_U2763                     |fmul_32ns_32ns_32_3_max_dsp_1              |        0|   3|   128|   135|    0|
    |fmul_32ns_32ns_32_3_max_dsp_1_U2764                     |fmul_32ns_32ns_32_3_max_dsp_1              |        0|   3|   128|   135|    0|
    |fmul_32ns_32ns_32_3_max_dsp_1_U2765                     |fmul_32ns_32ns_32_3_max_dsp_1              |        0|   3|   128|   135|    0|
    |fmul_32ns_32ns_32_3_max_dsp_1_U2766                     |fmul_32ns_32ns_32_3_max_dsp_1              |        0|   3|   128|   135|    0|
    |fmul_32ns_32ns_32_3_max_dsp_1_U2767                     |fmul_32ns_32ns_32_3_max_dsp_1              |        0|   3|   128|   135|    0|
    |fmul_32ns_32ns_32_3_max_dsp_1_U2768                     |fmul_32ns_32ns_32_3_max_dsp_1              |        0|   3|   128|   135|    0|
    |fmul_32ns_32ns_32_3_max_dsp_1_U2769                     |fmul_32ns_32ns_32_3_max_dsp_1              |        0|   3|   128|   135|    0|
    |fmul_32ns_32ns_32_3_max_dsp_1_U2770                     |fmul_32ns_32ns_32_3_max_dsp_1              |        0|   3|   128|   135|    0|
    |fmul_32ns_32ns_32_3_max_dsp_1_U2771                     |fmul_32ns_32ns_32_3_max_dsp_1              |        0|   3|   128|   135|    0|
    |fmul_32ns_32ns_32_3_max_dsp_1_U2772                     |fmul_32ns_32ns_32_3_max_dsp_1              |        0|   3|   128|   135|    0|
    |fmul_32ns_32ns_32_3_max_dsp_1_U2773                     |fmul_32ns_32ns_32_3_max_dsp_1              |        0|   3|   128|   135|    0|
    |fmul_32ns_32ns_32_3_max_dsp_1_U2774                     |fmul_32ns_32ns_32_3_max_dsp_1              |        0|   3|   128|   135|    0|
    |fmul_32ns_32ns_32_3_max_dsp_1_U2775                     |fmul_32ns_32ns_32_3_max_dsp_1              |        0|   3|   128|   135|    0|
    |fmul_32ns_32ns_32_3_max_dsp_1_U2776                     |fmul_32ns_32ns_32_3_max_dsp_1              |        0|   3|   128|   135|    0|
    |fmul_32ns_32ns_32_3_max_dsp_1_U2777                     |fmul_32ns_32ns_32_3_max_dsp_1              |        0|   3|   128|   135|    0|
    |fmul_32ns_32ns_32_3_max_dsp_1_U2778                     |fmul_32ns_32ns_32_3_max_dsp_1              |        0|   3|   128|   135|    0|
    |fmul_32ns_32ns_32_3_max_dsp_1_U2779                     |fmul_32ns_32ns_32_3_max_dsp_1              |        0|   3|   128|   135|    0|
    |fmul_32ns_32ns_32_3_max_dsp_1_U2780                     |fmul_32ns_32ns_32_3_max_dsp_1              |        0|   3|   128|   135|    0|
    |fmul_32ns_32ns_32_3_max_dsp_1_U2781                     |fmul_32ns_32ns_32_3_max_dsp_1              |        0|   3|   128|   135|    0|
    |fmul_32ns_32ns_32_3_max_dsp_1_U2782                     |fmul_32ns_32ns_32_3_max_dsp_1              |        0|   3|   128|   135|    0|
    |fmul_32ns_32ns_32_3_max_dsp_1_U2783                     |fmul_32ns_32ns_32_3_max_dsp_1              |        0|   3|   128|   135|    0|
    |fmul_32ns_32ns_32_3_max_dsp_1_U2784                     |fmul_32ns_32ns_32_3_max_dsp_1              |        0|   3|   128|   135|    0|
    |fmul_32ns_32ns_32_3_max_dsp_1_U2785                     |fmul_32ns_32ns_32_3_max_dsp_1              |        0|   3|   128|   135|    0|
    |fmul_32ns_32ns_32_3_max_dsp_1_U2786                     |fmul_32ns_32ns_32_3_max_dsp_1              |        0|   3|   128|   135|    0|
    |fmul_32ns_32ns_32_3_max_dsp_1_U2787                     |fmul_32ns_32ns_32_3_max_dsp_1              |        0|   3|   128|   135|    0|
    |fmul_32ns_32ns_32_3_max_dsp_1_U2788                     |fmul_32ns_32ns_32_3_max_dsp_1              |        0|   3|   128|   135|    0|
    |fmul_32ns_32ns_32_3_max_dsp_1_U2789                     |fmul_32ns_32ns_32_3_max_dsp_1              |        0|   3|   128|   135|    0|
    |fmul_32ns_32ns_32_3_max_dsp_1_U2790                     |fmul_32ns_32ns_32_3_max_dsp_1              |        0|   3|   128|   135|    0|
    |fmul_32ns_32ns_32_3_max_dsp_1_U2791                     |fmul_32ns_32ns_32_3_max_dsp_1              |        0|   3|   128|   135|    0|
    |fmul_32ns_32ns_32_3_max_dsp_1_U2792                     |fmul_32ns_32ns_32_3_max_dsp_1              |        0|   3|   128|   135|    0|
    |fmul_32ns_32ns_32_3_max_dsp_1_U2793                     |fmul_32ns_32ns_32_3_max_dsp_1              |        0|   3|   128|   135|    0|
    |fmul_32ns_32ns_32_3_max_dsp_1_U2794                     |fmul_32ns_32ns_32_3_max_dsp_1              |        0|   3|   128|   135|    0|
    |fmul_32ns_32ns_32_3_max_dsp_1_U2795                     |fmul_32ns_32ns_32_3_max_dsp_1              |        0|   3|   128|   135|    0|
    |fmul_32ns_32ns_32_3_max_dsp_1_U2796                     |fmul_32ns_32ns_32_3_max_dsp_1              |        0|   3|   128|   135|    0|
    |fmul_32ns_32ns_32_3_max_dsp_1_U2797                     |fmul_32ns_32ns_32_3_max_dsp_1              |        0|   3|   128|   135|    0|
    |fmul_32ns_32ns_32_3_max_dsp_1_U2798                     |fmul_32ns_32ns_32_3_max_dsp_1              |        0|   3|   128|   135|    0|
    |fmul_32ns_32ns_32_3_max_dsp_1_U2799                     |fmul_32ns_32ns_32_3_max_dsp_1              |        0|   3|   128|   135|    0|
    |fmul_32ns_32ns_32_3_max_dsp_1_U2800                     |fmul_32ns_32ns_32_3_max_dsp_1              |        0|   3|   128|   135|    0|
    |fmul_32ns_32ns_32_3_max_dsp_1_U2801                     |fmul_32ns_32ns_32_3_max_dsp_1              |        0|   3|   128|   135|    0|
    |fmul_32ns_32ns_32_3_max_dsp_1_U2802                     |fmul_32ns_32ns_32_3_max_dsp_1              |        0|   3|   128|   135|    0|
    |fmul_32ns_32ns_32_3_max_dsp_1_U2803                     |fmul_32ns_32ns_32_3_max_dsp_1              |        0|   3|   128|   135|    0|
    |fmul_32ns_32ns_32_3_max_dsp_1_U2804                     |fmul_32ns_32ns_32_3_max_dsp_1              |        0|   3|   128|   135|    0|
    |fmul_32ns_32ns_32_3_max_dsp_1_U2805                     |fmul_32ns_32ns_32_3_max_dsp_1              |        0|   3|   128|   135|    0|
    |fmul_32ns_32ns_32_3_max_dsp_1_U2806                     |fmul_32ns_32ns_32_3_max_dsp_1              |        0|   3|   128|   135|    0|
    |fmul_32ns_32ns_32_3_max_dsp_1_U2807                     |fmul_32ns_32ns_32_3_max_dsp_1              |        0|   3|   128|   135|    0|
    |fmul_32ns_32ns_32_3_max_dsp_1_U2808                     |fmul_32ns_32ns_32_3_max_dsp_1              |        0|   3|   128|   135|    0|
    |fmul_32ns_32ns_32_3_max_dsp_1_U2809                     |fmul_32ns_32ns_32_3_max_dsp_1              |        0|   3|   128|   135|    0|
    |fmul_32ns_32ns_32_3_max_dsp_1_U2810                     |fmul_32ns_32ns_32_3_max_dsp_1              |        0|   3|   128|   135|    0|
    |fmul_32ns_32ns_32_3_max_dsp_1_U2811                     |fmul_32ns_32ns_32_3_max_dsp_1              |        0|   3|   128|   135|    0|
    |fmul_32ns_32ns_32_3_max_dsp_1_U2812                     |fmul_32ns_32ns_32_3_max_dsp_1              |        0|   3|   128|   135|    0|
    |fmul_32ns_32ns_32_3_max_dsp_1_U2813                     |fmul_32ns_32ns_32_3_max_dsp_1              |        0|   3|   128|   135|    0|
    |fmul_32ns_32ns_32_3_max_dsp_1_U2814                     |fmul_32ns_32ns_32_3_max_dsp_1              |        0|   3|   128|   135|    0|
    |fmul_32ns_32ns_32_3_max_dsp_1_U2815                     |fmul_32ns_32ns_32_3_max_dsp_1              |        0|   3|   128|   135|    0|
    |fmul_32ns_32ns_32_3_max_dsp_1_U2816                     |fmul_32ns_32ns_32_3_max_dsp_1              |        0|   3|   128|   135|    0|
    |grp_matrix_sum_prod_Pipeline_VITIS_LOOP_191_1_fu_15504  |matrix_sum_prod_Pipeline_VITIS_LOOP_191_1  |        0|   0|   963|    42|    0|
    +--------------------------------------------------------+-------------------------------------------+---------+----+------+------+-----+
    |Total                                                   |                                           |        0|2040|136878|134622|    0|
    +--------------------------------------------------------+-------------------------------------------+---------+----+------+------+-----+

    * DSP: 
    N/A

    * Memory: 
    N/A

    * FIFO: 
    N/A

    * Expression: 
    +-----------------+----------+----+---+----+------------+------------+
    |  Variable Name  | Operation| DSP| FF| LUT| Bitwidth P0| Bitwidth P1|
    +-----------------+----------+----+---+----+------------+------------+
    |ap_block_state1  |        or|   0|  0|   2|           1|           1|
    +-----------------+----------+----+---+----+------------+------------+
    |Total            |          |   0|  0|   2|           1|           1|
    +-----------------+----------+----+---+----+------------+------------+

    * Multiplexer: 
    +-----------------+-----+-----------+-----+-----------+
    |       Name      | LUT | Input Size| Bits| Total Bits|
    +-----------------+-----+-----------+-----+-----------+
    |ap_NS_fsm        |  212|         46|    1|         46|
    |ap_done          |    9|          2|    1|          2|
    |grp_fu_15568_p0  |   65|         12|   32|        384|
    |grp_fu_15568_p1  |   59|         11|   32|        352|
    |grp_fu_15572_p0  |   65|         13|   32|        416|
    |grp_fu_15572_p1  |   65|         13|   32|        416|
    |grp_fu_15576_p0  |   65|         12|   32|        384|
    |grp_fu_15576_p1  |   65|         12|   32|        384|
    |grp_fu_15580_p0  |   65|         13|   32|        416|
    |grp_fu_15580_p1  |   65|         13|   32|        416|
    |grp_fu_15584_p0  |   65|         12|   32|        384|
    |grp_fu_15584_p1  |   65|         12|   32|        384|
    |grp_fu_15588_p0  |   65|         13|   32|        416|
    |grp_fu_15588_p1  |   65|         13|   32|        416|
    |grp_fu_15592_p0  |   65|         13|   32|        416|
    |grp_fu_15592_p1  |   65|         13|   32|        416|
    |grp_fu_15596_p0  |   65|         13|   32|        416|
    |grp_fu_15596_p1  |   65|         16|   32|        512|
    |grp_fu_15600_p0  |   65|         15|   32|        480|
    |grp_fu_15600_p1  |   65|         15|   32|        480|
    |grp_fu_15604_p0  |   65|         14|   32|        448|
    |grp_fu_15604_p1  |   65|         15|   32|        480|
    |grp_fu_15608_p0  |   65|         15|   32|        480|
    |grp_fu_15608_p1  |   65|         15|   32|        480|
    |grp_fu_15612_p0  |   65|         15|   32|        480|
    |grp_fu_15612_p1  |   65|         15|   32|        480|
    |grp_fu_15616_p0  |   65|         14|   32|        448|
    |grp_fu_15616_p1  |   65|         14|   32|        448|
    |grp_fu_15620_p0  |   65|         14|   32|        448|
    |grp_fu_15620_p1  |   65|         14|   32|        448|
    |grp_fu_15624_p0  |   65|         14|   32|        448|
    |grp_fu_15624_p1  |   65|         13|   32|        416|
    |grp_fu_15628_p0  |   65|         14|   32|        448|
    |grp_fu_15628_p1  |   65|         14|   32|        448|
    |grp_fu_15632_p0  |   65|         14|   32|        448|
    |grp_fu_15632_p1  |   65|         14|   32|        448|
    |grp_fu_15636_p0  |   65|         13|   32|        416|
    |grp_fu_15636_p1  |   65|         13|   32|        416|
    |grp_fu_15640_p0  |   65|         13|   32|        416|
    |grp_fu_15640_p1  |   65|         13|   32|        416|
    |grp_fu_15644_p0  |   65|         13|   32|        416|
    |grp_fu_15644_p1  |   65|         13|   32|        416|
    |grp_fu_15648_p0  |   65|         13|   32|        416|
    |grp_fu_15648_p1  |   65|         13|   32|        416|
    |grp_fu_15652_p0  |   65|         13|   32|        416|
    |grp_fu_15652_p1  |   65|         13|   32|        416|
    |grp_fu_15656_p0  |   65|         13|   32|        416|
    |grp_fu_15656_p1  |   65|         13|   32|        416|
    |grp_fu_15660_p0  |   65|         13|   32|        416|
    |grp_fu_15660_p1  |   65|         13|   32|        416|
    |grp_fu_15664_p0  |   65|         12|   32|        384|
    |grp_fu_15664_p1  |   65|         12|   32|        384|
    |grp_fu_15668_p0  |   65|         12|   32|        384|
    |grp_fu_15668_p1  |   65|         12|   32|        384|
    |grp_fu_15672_p0  |   65|         12|   32|        384|
    |grp_fu_15672_p1  |   65|         12|   32|        384|
    |grp_fu_15676_p0  |   65|         12|   32|        384|
    |grp_fu_15676_p1  |   65|         12|   32|        384|
    |grp_fu_15680_p0  |   65|         12|   32|        384|
    |grp_fu_15680_p1  |   65|         12|   32|        384|
    |grp_fu_15684_p0  |   65|         12|   32|        384|
    |grp_fu_15684_p1  |   65|         12|   32|        384|
    |grp_fu_15688_p0  |   65|         12|   32|        384|
    |grp_fu_15688_p1  |   65|         12|   32|        384|
    |grp_fu_15692_p0  |   65|         12|   32|        384|
    |grp_fu_15692_p1  |   65|         12|   32|        384|
    |grp_fu_15696_p0  |   65|         12|   32|        384|
    |grp_fu_15696_p1  |   65|         12|   32|        384|
    |grp_fu_15700_p0  |   65|         12|   32|        384|
    |grp_fu_15700_p1  |   59|         11|   32|        352|
    |grp_fu_15704_p0  |   59|         11|   32|        352|
    |grp_fu_15704_p1  |   59|         11|   32|        352|
    |grp_fu_15708_p0  |   65|         12|   32|        384|
    |grp_fu_15708_p1  |   65|         12|   32|        384|
    |grp_fu_15712_p0  |   65|         12|   32|        384|
    |grp_fu_15712_p1  |   65|         12|   32|        384|
    |grp_fu_15716_p0  |   65|         12|   32|        384|
    |grp_fu_15716_p1  |   65|         12|   32|        384|
    |grp_fu_15720_p0  |   65|         12|   32|        384|
    |grp_fu_15720_p1  |   65|         12|   32|        384|
    |grp_fu_15724_p0  |   65|         12|   32|        384|
    |grp_fu_15724_p1  |   65|         12|   32|        384|
    |grp_fu_15728_p0  |   65|         12|   32|        384|
    |grp_fu_15728_p1  |   65|         12|   32|        384|
    |grp_fu_15732_p0  |   65|         12|   32|        384|
    |grp_fu_15732_p1  |   65|         12|   32|        384|
    |grp_fu_15736_p0  |   65|         12|   32|        384|
    |grp_fu_15736_p1  |   65|         12|   32|        384|
    |grp_fu_15740_p0  |   65|         12|   32|        384|
    |grp_fu_15740_p1  |   65|         12|   32|        384|
    |grp_fu_15744_p0  |   65|         12|   32|        384|
    |grp_fu_15744_p1  |   59|         11|   32|        352|
    |grp_fu_15748_p0  |   65|         12|   32|        384|
    |grp_fu_15748_p1  |   65|         12|   32|        384|
    |grp_fu_15752_p0  |   65|         12|   32|        384|
    |grp_fu_15752_p1  |   65|         12|   32|        384|
    |grp_fu_15756_p0  |   65|         12|   32|        384|
    |grp_fu_15756_p1  |   65|         12|   32|        384|
    |grp_fu_15760_p0  |   65|         12|   32|        384|
    |grp_fu_15760_p1  |   59|         11|   32|        352|
    |grp_fu_15764_p0  |   59|         11|   32|        352|
    |grp_fu_15764_p1  |   59|         11|   32|        352|
    |grp_fu_15768_p0  |   59|         11|   32|        352|
    |grp_fu_15768_p1  |   59|         11|   32|        352|
    |grp_fu_15772_p0  |   59|         11|   32|        352|
    |grp_fu_15772_p1  |   59|         11|   32|        352|
    |grp_fu_15776_p0  |   59|         11|   32|        352|
    |grp_fu_15776_p1  |   59|         11|   32|        352|
    |grp_fu_15780_p0  |   59|         11|   32|        352|
    |grp_fu_15780_p1  |   59|         11|   32|        352|
    |grp_fu_15784_p0  |   59|         11|   32|        352|
    |grp_fu_15784_p1  |   59|         11|   32|        352|
    |grp_fu_15788_p0  |   59|         11|   32|        352|
    |grp_fu_15788_p1  |   59|         11|   32|        352|
    |grp_fu_15792_p0  |   59|         11|   32|        352|
    |grp_fu_15792_p1  |   59|         11|   32|        352|
    |grp_fu_15796_p0  |   59|         11|   32|        352|
    |grp_fu_15796_p1  |   59|         11|   32|        352|
    |grp_fu_15800_p0  |   59|         11|   32|        352|
    |grp_fu_15800_p1  |   59|         11|   32|        352|
    |grp_fu_15804_p0  |   59|         11|   32|        352|
    |grp_fu_15804_p1  |   59|         11|   32|        352|
    |grp_fu_15808_p0  |   54|         10|   32|        320|
    |grp_fu_15808_p1  |   54|         10|   32|        320|
    |grp_fu_15812_p0  |   54|         10|   32|        320|
    |grp_fu_15812_p1  |   54|         10|   32|        320|
    |grp_fu_15816_p0  |   54|         10|   32|        320|
    |grp_fu_15816_p1  |   54|         10|   32|        320|
    |grp_fu_15820_p0  |   54|         10|   32|        320|
    |grp_fu_15820_p1  |   54|         10|   32|        320|
    |grp_fu_15824_p0  |   54|         10|   32|        320|
    |grp_fu_15824_p1  |   54|         10|   32|        320|
    |grp_fu_15828_p0  |   54|         10|   32|        320|
    |grp_fu_15828_p1  |   54|         10|   32|        320|
    |grp_fu_15832_p0  |   54|         10|   32|        320|
    |grp_fu_15832_p1  |   54|         10|   32|        320|
    |grp_fu_15836_p0  |   54|         10|   32|        320|
    |grp_fu_15836_p1  |   54|         10|   32|        320|
    |grp_fu_15840_p0  |   49|          9|   32|        288|
    |grp_fu_15840_p1  |   49|          9|   32|        288|
    |grp_fu_15844_p0  |   49|          9|   32|        288|
    |grp_fu_15844_p1  |   49|          9|   32|        288|
    |grp_fu_15848_p0  |   49|          9|   32|        288|
    |grp_fu_15848_p1  |   49|          9|   32|        288|
    |grp_fu_15852_p0  |   49|          9|   32|        288|
    |grp_fu_15852_p1  |   49|          9|   32|        288|
    |grp_fu_15856_p0  |   49|          9|   32|        288|
    |grp_fu_15856_p1  |   49|          9|   32|        288|
    |grp_fu_15860_p0  |   49|          9|   32|        288|
    |grp_fu_15860_p1  |   49|          9|   32|        288|
    |grp_fu_15864_p0  |   49|          9|   32|        288|
    |grp_fu_15864_p1  |   49|          9|   32|        288|
    |grp_fu_15868_p0  |   49|          9|   32|        288|
    |grp_fu_15868_p1  |   49|          9|   32|        288|
    |grp_fu_15872_p0  |   49|          9|   32|        288|
    |grp_fu_15872_p1  |   49|          9|   32|        288|
    |grp_fu_15876_p0  |   49|          9|   32|        288|
    |grp_fu_15876_p1  |   49|          9|   32|        288|
    |grp_fu_15880_p0  |   49|          9|   32|        288|
    |grp_fu_15880_p1  |   49|          9|   32|        288|
    |grp_fu_15884_p0  |   49|          9|   32|        288|
    |grp_fu_15884_p1  |   49|          9|   32|        288|
    |grp_fu_15888_p0  |   49|          9|   32|        288|
    |grp_fu_15888_p1  |   49|          9|   32|        288|
    |grp_fu_15892_p0  |   49|          9|   32|        288|
    |grp_fu_15892_p1  |   49|          9|   32|        288|
    |grp_fu_15896_p0  |   49|          9|   32|        288|
    |grp_fu_15896_p1  |   49|          9|   32|        288|
    |grp_fu_15900_p0  |   49|          9|   32|        288|
    |grp_fu_15900_p1  |   49|          9|   32|        288|
    |grp_fu_15904_p0  |   49|          9|   32|        288|
    |grp_fu_15904_p1  |   49|          9|   32|        288|
    |grp_fu_15908_p0  |   49|          9|   32|        288|
    |grp_fu_15908_p1  |   49|          9|   32|        288|
    |grp_fu_15912_p0  |   49|          9|   32|        288|
    |grp_fu_15912_p1  |   49|          9|   32|        288|
    |grp_fu_15916_p0  |   49|          9|   32|        288|
    |grp_fu_15916_p1  |   49|          9|   32|        288|
    |grp_fu_15920_p0  |   49|          9|   32|        288|
    |grp_fu_15920_p1  |   49|          9|   32|        288|
    |grp_fu_15924_p0  |   49|          9|   32|        288|
    |grp_fu_15924_p1  |   49|          9|   32|        288|
    |grp_fu_15928_p0  |   49|          9|   32|        288|
    |grp_fu_15928_p1  |   49|          9|   32|        288|
    |grp_fu_15932_p0  |   49|          9|   32|        288|
    |grp_fu_15932_p1  |   49|          9|   32|        288|
    |grp_fu_15936_p0  |   49|          9|   32|        288|
    |grp_fu_15936_p1  |   49|          9|   32|        288|
    |grp_fu_15940_p0  |   49|          9|   32|        288|
    |grp_fu_15940_p1  |   49|          9|   32|        288|
    |grp_fu_15944_p0  |   49|          9|   32|        288|
    |grp_fu_15944_p1  |   49|          9|   32|        288|
    |grp_fu_15948_p0  |   49|          9|   32|        288|
    |grp_fu_15948_p1  |   49|          9|   32|        288|
    |grp_fu_15952_p0  |   49|          9|   32|        288|
    |grp_fu_15952_p1  |   49|          9|   32|        288|
    |grp_fu_15956_p0  |   49|          9|   32|        288|
    |grp_fu_15956_p1  |   43|          8|   32|        256|
    |grp_fu_15960_p0  |   43|          8|   32|        256|
    |grp_fu_15960_p1  |   43|          8|   32|        256|
    |grp_fu_15964_p0  |   43|          8|   32|        256|
    |grp_fu_15964_p1  |   43|          8|   32|        256|
    |grp_fu_15968_p0  |   43|          8|   32|        256|
    |grp_fu_15968_p1  |   43|          8|   32|        256|
    |grp_fu_15972_p0  |   43|          8|   32|        256|
    |grp_fu_15972_p1  |   43|          8|   32|        256|
    |grp_fu_15976_p0  |   43|          8|   32|        256|
    |grp_fu_15976_p1  |   43|          8|   32|        256|
    |grp_fu_15980_p0  |   43|          8|   32|        256|
    |grp_fu_15980_p1  |   43|          8|   32|        256|
    |grp_fu_15984_p0  |   43|          8|   32|        256|
    |grp_fu_15984_p1  |   43|          8|   32|        256|
    |grp_fu_15988_p0  |   43|          8|   32|        256|
    |grp_fu_15988_p1  |   43|          8|   32|        256|
    |grp_fu_15992_p0  |   43|          8|   32|        256|
    |grp_fu_15992_p1  |   43|          8|   32|        256|
    |grp_fu_15996_p0  |   43|          8|   32|        256|
    |grp_fu_15996_p1  |   43|          8|   32|        256|
    |grp_fu_16000_p0  |   43|          8|   32|        256|
    |grp_fu_16000_p1  |   43|          8|   32|        256|
    |grp_fu_16004_p0  |   43|          8|   32|        256|
    |grp_fu_16004_p1  |   43|          8|   32|        256|
    |grp_fu_16008_p0  |   43|          8|   32|        256|
    |grp_fu_16008_p1  |   43|          8|   32|        256|
    |grp_fu_16012_p0  |   43|          8|   32|        256|
    |grp_fu_16012_p1  |   43|          8|   32|        256|
    |grp_fu_16016_p0  |   43|          8|   32|        256|
    |grp_fu_16016_p1  |   43|          8|   32|        256|
    |grp_fu_16020_p0  |   43|          8|   32|        256|
    |grp_fu_16020_p1  |   43|          8|   32|        256|
    |grp_fu_16024_p0  |   43|          8|   32|        256|
    |grp_fu_16024_p1  |   43|          8|   32|        256|
    |grp_fu_16028_p0  |   43|          8|   32|        256|
    |grp_fu_16028_p1  |   43|          8|   32|        256|
    |grp_fu_16032_p0  |   43|          8|   32|        256|
    |grp_fu_16032_p1  |   43|          8|   32|        256|
    |grp_fu_16036_p0  |   43|          8|   32|        256|
    |grp_fu_16036_p1  |   43|          8|   32|        256|
    |grp_fu_16040_p0  |   43|          8|   32|        256|
    |grp_fu_16040_p1  |   43|          8|   32|        256|
    |grp_fu_16044_p0  |   43|          8|   32|        256|
    |grp_fu_16044_p1  |   43|          8|   32|        256|
    |grp_fu_16048_p0  |   37|          7|   32|        224|
    |grp_fu_16048_p1  |   37|          7|   32|        224|
    |grp_fu_16052_p0  |   37|          7|   32|        224|
    |grp_fu_16052_p1  |   37|          7|   32|        224|
    |grp_fu_16056_p0  |   37|          7|   32|        224|
    |grp_fu_16056_p1  |   37|          7|   32|        224|
    |grp_fu_16060_p0  |   37|          7|   32|        224|
    |grp_fu_16060_p1  |   37|          7|   32|        224|
    |grp_fu_16064_p0  |   37|          7|   32|        224|
    |grp_fu_16064_p1  |   37|          7|   32|        224|
    |grp_fu_16068_p0  |   37|          7|   32|        224|
    |grp_fu_16068_p1  |   37|          7|   32|        224|
    |grp_fu_16072_p0  |   37|          7|   32|        224|
    |grp_fu_16072_p1  |   37|          7|   32|        224|
    |grp_fu_16076_p0  |   37|          7|   32|        224|
    |grp_fu_16076_p1  |   37|          7|   32|        224|
    |grp_fu_16080_p0  |   37|          7|   32|        224|
    |grp_fu_16080_p1  |   37|          7|   32|        224|
    |grp_fu_16084_p0  |   37|          7|   32|        224|
    |grp_fu_16084_p1  |   37|          7|   32|        224|
    |grp_fu_16088_p0  |   37|          7|   32|        224|
    |grp_fu_16088_p1  |   37|          7|   32|        224|
    |grp_fu_16092_p0  |   37|          7|   32|        224|
    |grp_fu_16092_p1  |   37|          7|   32|        224|
    |grp_fu_16096_p0  |   37|          7|   32|        224|
    |grp_fu_16096_p1  |   37|          7|   32|        224|
    |grp_fu_16100_p0  |   37|          7|   32|        224|
    |grp_fu_16100_p1  |   37|          7|   32|        224|
    |grp_fu_16104_p0  |   37|          7|   32|        224|
    |grp_fu_16104_p1  |   37|          7|   32|        224|
    |grp_fu_16108_p0  |   31|          6|   32|        192|
    |grp_fu_16108_p1  |   31|          6|   32|        192|
    |grp_fu_16112_p0  |   31|          6|   32|        192|
    |grp_fu_16112_p1  |   31|          6|   32|        192|
    |grp_fu_16116_p0  |   31|          6|   32|        192|
    |grp_fu_16116_p1  |   31|          6|   32|        192|
    |grp_fu_16120_p0  |   31|          6|   32|        192|
    |grp_fu_16120_p1  |   31|          6|   32|        192|
    |grp_fu_16124_p0  |   31|          6|   32|        192|
    |grp_fu_16124_p1  |   31|          6|   32|        192|
    |grp_fu_16128_p0  |   31|          6|   32|        192|
    |grp_fu_16128_p1  |   31|          6|   32|        192|
    |grp_fu_16132_p0  |   31|          6|   32|        192|
    |grp_fu_16132_p1  |   31|          6|   32|        192|
    |grp_fu_16136_p0  |   31|          6|   32|        192|
    |grp_fu_16136_p1  |   31|          6|   32|        192|
    |grp_fu_16140_p0  |   31|          6|   32|        192|
    |grp_fu_16140_p1  |   31|          6|   32|        192|
    |grp_fu_16144_p0  |   31|          6|   32|        192|
    |grp_fu_16144_p1  |   31|          6|   32|        192|
    |grp_fu_16148_p0  |   31|          6|   32|        192|
    |grp_fu_16148_p1  |   31|          6|   32|        192|
    |grp_fu_16152_p0  |   31|          6|   32|        192|
    |grp_fu_16152_p1  |   31|          6|   32|        192|
    |grp_fu_16156_p0  |   31|          6|   32|        192|
    |grp_fu_16156_p1  |   31|          6|   32|        192|
    |grp_fu_16160_p0  |   31|          6|   32|        192|
    |grp_fu_16160_p1  |   31|          6|   32|        192|
    |grp_fu_16164_p0  |   31|          6|   32|        192|
    |grp_fu_16164_p1  |   31|          6|   32|        192|
    |grp_fu_16168_p0  |   31|          6|   32|        192|
    |grp_fu_16168_p1  |   31|          6|   32|        192|
    |grp_fu_16172_p0  |   31|          6|   32|        192|
    |grp_fu_16172_p1  |   31|          6|   32|        192|
    |grp_fu_16176_p0  |   31|          6|   32|        192|
    |grp_fu_16176_p1  |   31|          6|   32|        192|
    |grp_fu_16180_p0  |   31|          6|   32|        192|
    |grp_fu_16180_p1  |   31|          6|   32|        192|
    |grp_fu_16184_p0  |   31|          6|   32|        192|
    |grp_fu_16184_p1  |   31|          6|   32|        192|
    |grp_fu_16188_p0  |   31|          6|   32|        192|
    |grp_fu_16188_p1  |   31|          6|   32|        192|
    |grp_fu_16192_p0  |   31|          6|   32|        192|
    |grp_fu_16192_p1  |   31|          6|   32|        192|
    |grp_fu_16196_p0  |   31|          6|   32|        192|
    |grp_fu_16196_p1  |   31|          6|   32|        192|
    |grp_fu_16200_p0  |   31|          6|   32|        192|
    |grp_fu_16200_p1  |   31|          6|   32|        192|
    |grp_fu_16204_p0  |   31|          6|   32|        192|
    |grp_fu_16204_p1  |   31|          6|   32|        192|
    |grp_fu_16208_p0  |   31|          6|   32|        192|
    |grp_fu_16208_p1  |   31|          6|   32|        192|
    |grp_fu_16212_p0  |   31|          6|   32|        192|
    |grp_fu_16212_p1  |   31|          6|   32|        192|
    |grp_fu_16216_p0  |   31|          6|   32|        192|
    |grp_fu_16216_p1  |   31|          6|   32|        192|
    |grp_fu_16220_p0  |   31|          6|   32|        192|
    |grp_fu_16220_p1  |   31|          6|   32|        192|
    |grp_fu_16224_p0  |   31|          6|   32|        192|
    |grp_fu_16224_p1  |   31|          6|   32|        192|
    |grp_fu_16228_p0  |   31|          6|   32|        192|
    |grp_fu_16228_p1  |   31|          6|   32|        192|
    |grp_fu_16232_p0  |   31|          6|   32|        192|
    |grp_fu_16232_p1  |   31|          6|   32|        192|
    |grp_fu_16236_p0  |   31|          6|   32|        192|
    |grp_fu_16236_p1  |   31|          6|   32|        192|
    |grp_fu_16240_p0  |   31|          6|   32|        192|
    |grp_fu_16240_p1  |   31|          6|   32|        192|
    |grp_fu_16244_p0  |   31|          6|   32|        192|
    |grp_fu_16244_p1  |   31|          6|   32|        192|
    |grp_fu_16248_p0  |   31|          6|   32|        192|
    |grp_fu_16248_p1  |   31|          6|   32|        192|
    |grp_fu_16252_p0  |   31|          6|   32|        192|
    |grp_fu_16252_p1  |   31|          6|   32|        192|
    |grp_fu_16256_p0  |   31|          6|   32|        192|
    |grp_fu_16256_p1  |   31|          6|   32|        192|
    |grp_fu_16260_p0  |   31|          6|   32|        192|
    |grp_fu_16260_p1  |   31|          6|   32|        192|
    |grp_fu_16264_p0  |   31|          6|   32|        192|
    |grp_fu_16264_p1  |   31|          6|   32|        192|
    |grp_fu_16268_p0  |   31|          6|   32|        192|
    |grp_fu_16268_p1  |   31|          6|   32|        192|
    |grp_fu_16272_p0  |   31|          6|   32|        192|
    |grp_fu_16272_p1  |   31|          6|   32|        192|
    |grp_fu_16276_p0  |   31|          6|   32|        192|
    |grp_fu_16276_p1  |   31|          6|   32|        192|
    |grp_fu_16280_p0  |   31|          6|   32|        192|
    |grp_fu_16280_p1  |   31|          6|   32|        192|
    |grp_fu_16284_p0  |   31|          6|   32|        192|
    |grp_fu_16284_p1  |   31|          6|   32|        192|
    |grp_fu_16288_p0  |   31|          6|   32|        192|
    |grp_fu_16288_p1  |   31|          6|   32|        192|
    |grp_fu_16292_p0  |   31|          6|   32|        192|
    |grp_fu_16292_p1  |   31|          6|   32|        192|
    |grp_fu_16296_p0  |   31|          6|   32|        192|
    |grp_fu_16296_p1  |   31|          6|   32|        192|
    |grp_fu_16300_p0  |   31|          6|   32|        192|
    |grp_fu_16300_p1  |   31|          6|   32|        192|
    |grp_fu_16304_p0  |   31|          6|   32|        192|
    |grp_fu_16304_p1  |   31|          6|   32|        192|
    |grp_fu_16308_p0  |   31|          6|   32|        192|
    |grp_fu_16308_p1  |   31|          6|   32|        192|
    |grp_fu_16312_p0  |   31|          6|   32|        192|
    |grp_fu_16312_p1  |   31|          6|   32|        192|
    |grp_fu_16316_p0  |   31|          6|   32|        192|
    |grp_fu_16316_p1  |   31|          6|   32|        192|
    |grp_fu_16320_p0  |   31|          6|   32|        192|
    |grp_fu_16320_p1  |   31|          6|   32|        192|
    |grp_fu_16324_p0  |   31|          6|   32|        192|
    |grp_fu_16324_p1  |   31|          6|   32|        192|
    |grp_fu_16328_p0  |   31|          6|   32|        192|
    |grp_fu_16328_p1  |   31|          6|   32|        192|
    |grp_fu_16332_p0  |   31|          6|   32|        192|
    |grp_fu_16332_p1  |   31|          6|   32|        192|
    |grp_fu_16336_p0  |   31|          6|   32|        192|
    |grp_fu_16336_p1  |   31|          6|   32|        192|
    |grp_fu_16340_p0  |   31|          6|   32|        192|
    |grp_fu_16340_p1  |   31|          6|   32|        192|
    |grp_fu_16344_p0  |   31|          6|   32|        192|
    |grp_fu_16344_p1  |   31|          6|   32|        192|
    |grp_fu_16348_p0  |   26|          5|   32|        160|
    |grp_fu_16348_p1  |   26|          5|   32|        160|
    |grp_fu_16352_p0  |   26|          5|   32|        160|
    |grp_fu_16352_p1  |   26|          5|   32|        160|
    |grp_fu_16356_p0  |   26|          5|   32|        160|
    |grp_fu_16356_p1  |   26|          5|   32|        160|
    |grp_fu_16360_p0  |   26|          5|   32|        160|
    |grp_fu_16360_p1  |   26|          5|   32|        160|
    |grp_fu_16364_p0  |   26|          5|   32|        160|
    |grp_fu_16364_p1  |   26|          5|   32|        160|
    |grp_fu_16368_p0  |   26|          5|   32|        160|
    |grp_fu_16368_p1  |   26|          5|   32|        160|
    |grp_fu_16372_p0  |   26|          5|   32|        160|
    |grp_fu_16372_p1  |   26|          5|   32|        160|
    |grp_fu_16376_p0  |   26|          5|   32|        160|
    |grp_fu_16376_p1  |   26|          5|   32|        160|
    |grp_fu_16380_p0  |   26|          5|   32|        160|
    |grp_fu_16380_p1  |   26|          5|   32|        160|
    |grp_fu_16384_p0  |   26|          5|   32|        160|
    |grp_fu_16384_p1  |   26|          5|   32|        160|
    |grp_fu_16388_p0  |   26|          5|   32|        160|
    |grp_fu_16388_p1  |   26|          5|   32|        160|
    |grp_fu_16392_p0  |   26|          5|   32|        160|
    |grp_fu_16392_p1  |   26|          5|   32|        160|
    |grp_fu_16396_p0  |   26|          5|   32|        160|
    |grp_fu_16396_p1  |   26|          5|   32|        160|
    |grp_fu_16400_p0  |   26|          5|   32|        160|
    |grp_fu_16400_p1  |   26|          5|   32|        160|
    |grp_fu_16404_p0  |   26|          5|   32|        160|
    |grp_fu_16404_p1  |   26|          5|   32|        160|
    |grp_fu_16408_p0  |   26|          5|   32|        160|
    |grp_fu_16408_p1  |   26|          5|   32|        160|
    |grp_fu_16412_p0  |   26|          5|   32|        160|
    |grp_fu_16412_p1  |   26|          5|   32|        160|
    |grp_fu_16416_p0  |   26|          5|   32|        160|
    |grp_fu_16416_p1  |   26|          5|   32|        160|
    |grp_fu_16420_p0  |   26|          5|   32|        160|
    |grp_fu_16420_p1  |   26|          5|   32|        160|
    |grp_fu_16424_p0  |   26|          5|   32|        160|
    |grp_fu_16424_p1  |   26|          5|   32|        160|
    |grp_fu_16428_p0  |   26|          5|   32|        160|
    |grp_fu_16428_p1  |   26|          5|   32|        160|
    |grp_fu_16432_p0  |   26|          5|   32|        160|
    |grp_fu_16432_p1  |   26|          5|   32|        160|
    |grp_fu_16436_p0  |   26|          5|   32|        160|
    |grp_fu_16436_p1  |   26|          5|   32|        160|
    |grp_fu_16440_p0  |   26|          5|   32|        160|
    |grp_fu_16440_p1  |   26|          5|   32|        160|
    |grp_fu_16444_p0  |   26|          5|   32|        160|
    |grp_fu_16444_p1  |   26|          5|   32|        160|
    |grp_fu_16448_p0  |   26|          5|   32|        160|
    |grp_fu_16448_p1  |   26|          5|   32|        160|
    |grp_fu_16452_p0  |   26|          5|   32|        160|
    |grp_fu_16452_p1  |   26|          5|   32|        160|
    |grp_fu_16456_p0  |   26|          5|   32|        160|
    |grp_fu_16456_p1  |   26|          5|   32|        160|
    |grp_fu_16460_p0  |   26|          5|   32|        160|
    |grp_fu_16460_p1  |   26|          5|   32|        160|
    |grp_fu_16464_p0  |   26|          5|   32|        160|
    |grp_fu_16464_p1  |   26|          5|   32|        160|
    |grp_fu_16963_p0  |   31|          6|   32|        192|
    |grp_fu_16963_p1  |   31|          6|   32|        192|
    |grp_fu_16967_p0  |   26|          5|   32|        160|
    |grp_fu_16967_p1  |   26|          5|   32|        160|
    |grp_fu_16971_p0  |   26|          5|   32|        160|
    |grp_fu_16971_p1  |   26|          5|   32|        160|
    |grp_fu_16975_p0  |   26|          5|   32|        160|
    |grp_fu_16975_p1  |   26|          5|   32|        160|
    |grp_fu_16979_p0  |   26|          5|   32|        160|
    |grp_fu_16979_p1  |   26|          5|   32|        160|
    |grp_fu_16983_p0  |   26|          5|   32|        160|
    |grp_fu_16983_p1  |   26|          5|   32|        160|
    |grp_fu_16987_p0  |   26|          5|   32|        160|
    |grp_fu_16987_p1  |   26|          5|   32|        160|
    |grp_fu_16991_p0  |   26|          5|   32|        160|
    |grp_fu_16991_p1  |   26|          5|   32|        160|
    |grp_fu_16995_p0  |   26|          5|   32|        160|
    |grp_fu_16995_p1  |   26|          5|   32|        160|
    |grp_fu_16999_p0  |   26|          5|   32|        160|
    |grp_fu_16999_p1  |   26|          5|   32|        160|
    |grp_fu_17003_p0  |   26|          5|   32|        160|
    |grp_fu_17003_p1  |   26|          5|   32|        160|
    |grp_fu_17007_p0  |   26|          5|   32|        160|
    |grp_fu_17007_p1  |   26|          5|   32|        160|
    |grp_fu_17011_p0  |   26|          5|   32|        160|
    |grp_fu_17011_p1  |   26|          5|   32|        160|
    |grp_fu_17015_p0  |   26|          5|   32|        160|
    |grp_fu_17015_p1  |   26|          5|   32|        160|
    |grp_fu_17019_p0  |   26|          5|   32|        160|
    |grp_fu_17019_p1  |   26|          5|   32|        160|
    |grp_fu_17023_p0  |   20|          4|   32|        128|
    |grp_fu_17023_p1  |   20|          4|   32|        128|
    |grp_fu_17027_p0  |   20|          4|   32|        128|
    |grp_fu_17027_p1  |   20|          4|   32|        128|
    |grp_fu_17031_p0  |   20|          4|   32|        128|
    |grp_fu_17031_p1  |   20|          4|   32|        128|
    |grp_fu_17035_p0  |   20|          4|   32|        128|
    |grp_fu_17035_p1  |   20|          4|   32|        128|
    |grp_fu_17039_p0  |   20|          4|   32|        128|
    |grp_fu_17039_p1  |   20|          4|   32|        128|
    |grp_fu_17043_p0  |   20|          4|   32|        128|
    |grp_fu_17043_p1  |   20|          4|   32|        128|
    |grp_fu_17047_p0  |   20|          4|   32|        128|
    |grp_fu_17047_p1  |   20|          4|   32|        128|
    |grp_fu_17051_p0  |   20|          4|   32|        128|
    |grp_fu_17051_p1  |   20|          4|   32|        128|
    |grp_fu_17055_p0  |   20|          4|   32|        128|
    |grp_fu_17055_p1  |   20|          4|   32|        128|
    |grp_fu_17059_p0  |   20|          4|   32|        128|
    |grp_fu_17059_p1  |   20|          4|   32|        128|
    |grp_fu_17063_p0  |   20|          4|   32|        128|
    |grp_fu_17063_p1  |   20|          4|   32|        128|
    |grp_fu_17067_p0  |   20|          4|   32|        128|
    |grp_fu_17067_p1  |   20|          4|   32|        128|
    |grp_fu_17071_p0  |   20|          4|   32|        128|
    |grp_fu_17071_p1  |   20|          4|   32|        128|
    |grp_fu_17075_p0  |   20|          4|   32|        128|
    |grp_fu_17075_p1  |   20|          4|   32|        128|
    |grp_fu_17079_p0  |   20|          4|   32|        128|
    |grp_fu_17079_p1  |   20|          4|   32|        128|
    |grp_fu_17083_p0  |   20|          4|   32|        128|
    |grp_fu_17083_p1  |   20|          4|   32|        128|
    |grp_fu_17087_p0  |   20|          4|   32|        128|
    |grp_fu_17087_p1  |   20|          4|   32|        128|
    |grp_fu_17091_p0  |   20|          4|   32|        128|
    |grp_fu_17091_p1  |   20|          4|   32|        128|
    |grp_fu_17095_p0  |   20|          4|   32|        128|
    |grp_fu_17095_p1  |   20|          4|   32|        128|
    |grp_fu_17099_p0  |   20|          4|   32|        128|
    |grp_fu_17099_p1  |   20|          4|   32|        128|
    |grp_fu_17103_p0  |   20|          4|   32|        128|
    |grp_fu_17103_p1  |   20|          4|   32|        128|
    |grp_fu_17107_p0  |   20|          4|   32|        128|
    |grp_fu_17107_p1  |   20|          4|   32|        128|
    |grp_fu_17111_p0  |   20|          4|   32|        128|
    |grp_fu_17111_p1  |   20|          4|   32|        128|
    |grp_fu_17115_p0  |   20|          4|   32|        128|
    |grp_fu_17115_p1  |   20|          4|   32|        128|
    |grp_fu_17119_p0  |   20|          4|   32|        128|
    |grp_fu_17119_p1  |   20|          4|   32|        128|
    |grp_fu_17123_p0  |   20|          4|   32|        128|
    |grp_fu_17123_p1  |   20|          4|   32|        128|
    |grp_fu_17127_p0  |   20|          4|   32|        128|
    |grp_fu_17127_p1  |   20|          4|   32|        128|
    |grp_fu_17131_p0  |   20|          4|   32|        128|
    |grp_fu_17131_p1  |   20|          4|   32|        128|
    |grp_fu_17135_p0  |   20|          4|   32|        128|
    |grp_fu_17135_p1  |   20|          4|   32|        128|
    |grp_fu_17139_p0  |   20|          4|   32|        128|
    |grp_fu_17139_p1  |   20|          4|   32|        128|
    |grp_fu_17143_p0  |   14|          3|   32|         96|
    |grp_fu_17143_p1  |   14|          3|   32|         96|
    |grp_fu_17147_p0  |   14|          3|   32|         96|
    |grp_fu_17147_p1  |   14|          3|   32|         96|
    |grp_fu_17151_p0  |   14|          3|   32|         96|
    |grp_fu_17151_p1  |   14|          3|   32|         96|
    |grp_fu_17155_p0  |   14|          3|   32|         96|
    |grp_fu_17155_p1  |   14|          3|   32|         96|
    |grp_fu_17159_p0  |   14|          3|   32|         96|
    |grp_fu_17159_p1  |   14|          3|   32|         96|
    |grp_fu_17163_p0  |   14|          3|   32|         96|
    |grp_fu_17163_p1  |   14|          3|   32|         96|
    |grp_fu_17167_p0  |   14|          3|   32|         96|
    |grp_fu_17167_p1  |   14|          3|   32|         96|
    |grp_fu_17171_p0  |   14|          3|   32|         96|
    |grp_fu_17171_p1  |   14|          3|   32|         96|
    |grp_fu_17175_p0  |   14|          3|   32|         96|
    |grp_fu_17175_p1  |   14|          3|   32|         96|
    |grp_fu_17179_p0  |   14|          3|   32|         96|
    |grp_fu_17179_p1  |   14|          3|   32|         96|
    |grp_fu_17183_p0  |   14|          3|   32|         96|
    |grp_fu_17183_p1  |   14|          3|   32|         96|
    |grp_fu_17187_p0  |   14|          3|   32|         96|
    |grp_fu_17187_p1  |   14|          3|   32|         96|
    |grp_fu_17191_p0  |   14|          3|   32|         96|
    |grp_fu_17191_p1  |   14|          3|   32|         96|
    |grp_fu_17195_p0  |   14|          3|   32|         96|
    |grp_fu_17195_p1  |   14|          3|   32|         96|
    |grp_fu_17199_p0  |   14|          3|   32|         96|
    |grp_fu_17199_p1  |   14|          3|   32|         96|
    |grp_fu_17203_p0  |   14|          3|   32|         96|
    |grp_fu_17203_p1  |   14|          3|   32|         96|
    |grp_fu_17207_p0  |   14|          3|   32|         96|
    |grp_fu_17207_p1  |   14|          3|   32|         96|
    |grp_fu_17211_p0  |   14|          3|   32|         96|
    |grp_fu_17211_p1  |   14|          3|   32|         96|
    |grp_fu_17215_p0  |   14|          3|   32|         96|
    |grp_fu_17215_p1  |   14|          3|   32|         96|
    |grp_fu_17219_p0  |   14|          3|   32|         96|
    |grp_fu_17219_p1  |   14|          3|   32|         96|
    |grp_fu_17223_p0  |   14|          3|   32|         96|
    |grp_fu_17223_p1  |   14|          3|   32|         96|
    |grp_fu_17227_p0  |   14|          3|   32|         96|
    |grp_fu_17227_p1  |   14|          3|   32|         96|
    |grp_fu_17231_p0  |   14|          3|   32|         96|
    |grp_fu_17231_p1  |   14|          3|   32|         96|
    |grp_fu_17235_p0  |   14|          3|   32|         96|
    |grp_fu_17235_p1  |   14|          3|   32|         96|
    |grp_fu_17239_p0  |   14|          3|   32|         96|
    |grp_fu_17239_p1  |   14|          3|   32|         96|
    |grp_fu_17243_p0  |   14|          3|   32|         96|
    |grp_fu_17243_p1  |   14|          3|   32|         96|
    |grp_fu_17247_p0  |   14|          3|   32|         96|
    |grp_fu_17247_p1  |   14|          3|   32|         96|
    |grp_fu_17251_p0  |   14|          3|   32|         96|
    |grp_fu_17251_p1  |   14|          3|   32|         96|
    |grp_fu_17255_p0  |   14|          3|   32|         96|
    |grp_fu_17255_p1  |   14|          3|   32|         96|
    |grp_fu_17259_p0  |   14|          3|   32|         96|
    |grp_fu_17259_p1  |   14|          3|   32|         96|
    |grp_fu_17263_p0  |   14|          3|   32|         96|
    |grp_fu_17263_p1  |   14|          3|   32|         96|
    |grp_fu_17267_p0  |   14|          3|   32|         96|
    |grp_fu_17267_p1  |   14|          3|   32|         96|
    |grp_fu_17271_p0  |   14|          3|   32|         96|
    |grp_fu_17271_p1  |   14|          3|   32|         96|
    |grp_fu_17275_p0  |   14|          3|   32|         96|
    |grp_fu_17275_p1  |   14|          3|   32|         96|
    |grp_fu_17279_p0  |   14|          3|   32|         96|
    |grp_fu_17279_p1  |   14|          3|   32|         96|
    |grp_fu_17283_p0  |   14|          3|   32|         96|
    |grp_fu_17283_p1  |   14|          3|   32|         96|
    |grp_fu_17287_p0  |   14|          3|   32|         96|
    |grp_fu_17287_p1  |   14|          3|   32|         96|
    |grp_fu_17291_p0  |   14|          3|   32|         96|
    |grp_fu_17291_p1  |   14|          3|   32|         96|
    |grp_fu_17295_p0  |   14|          3|   32|         96|
    |grp_fu_17295_p1  |   14|          3|   32|         96|
    |grp_fu_17299_p0  |   14|          3|   32|         96|
    |grp_fu_17299_p1  |   14|          3|   32|         96|
    |grp_fu_17303_p0  |   14|          3|   32|         96|
    |grp_fu_17303_p1  |   14|          3|   32|         96|
    |grp_fu_17307_p0  |   14|          3|   32|         96|
    |grp_fu_17307_p1  |   14|          3|   32|         96|
    |grp_fu_17311_p0  |   14|          3|   32|         96|
    |grp_fu_17311_p1  |   14|          3|   32|         96|
    |grp_fu_17315_p0  |   14|          3|   32|         96|
    |grp_fu_17315_p1  |   14|          3|   32|         96|
    |grp_fu_17319_p0  |   14|          3|   32|         96|
    |grp_fu_17319_p1  |   14|          3|   32|         96|
    |grp_fu_17323_p0  |   14|          3|   32|         96|
    |grp_fu_17323_p1  |   14|          3|   32|         96|
    |grp_fu_17327_p0  |   14|          3|   32|         96|
    |grp_fu_17327_p1  |   14|          3|   32|         96|
    |grp_fu_17331_p0  |   14|          3|   32|         96|
    |grp_fu_17331_p1  |   14|          3|   32|         96|
    |grp_fu_17335_p0  |   14|          3|   32|         96|
    |grp_fu_17335_p1  |   14|          3|   32|         96|
    |grp_fu_17339_p0  |   14|          3|   32|         96|
    |grp_fu_17339_p1  |   14|          3|   32|         96|
    |grp_fu_17343_p0  |   14|          3|   32|         96|
    |grp_fu_17343_p1  |   14|          3|   32|         96|
    |grp_fu_17347_p0  |   14|          3|   32|         96|
    |grp_fu_17347_p1  |   14|          3|   32|         96|
    |grp_fu_17351_p0  |   14|          3|   32|         96|
    |grp_fu_17351_p1  |   14|          3|   32|         96|
    |grp_fu_17355_p0  |   14|          3|   32|         96|
    |grp_fu_17355_p1  |   14|          3|   32|         96|
    |grp_fu_17359_p0  |   14|          3|   32|         96|
    |grp_fu_17359_p1  |   14|          3|   32|         96|
    |grp_fu_17363_p0  |   14|          3|   32|         96|
    |grp_fu_17363_p1  |   14|          3|   32|         96|
    |grp_fu_17367_p0  |   14|          3|   32|         96|
    |grp_fu_17367_p1  |   14|          3|   32|         96|
    |grp_fu_17371_p0  |   14|          3|   32|         96|
    |grp_fu_17371_p1  |   14|          3|   32|         96|
    |grp_fu_17375_p0  |   14|          3|   32|         96|
    |grp_fu_17375_p1  |   14|          3|   32|         96|
    |grp_fu_17379_p0  |   14|          3|   32|         96|
    |grp_fu_17379_p1  |   14|          3|   32|         96|
    |grp_fu_17383_p0  |   14|          3|   32|         96|
    |grp_fu_17383_p1  |   14|          3|   32|         96|
    |grp_fu_17387_p0  |   14|          3|   32|         96|
    |grp_fu_17387_p1  |   14|          3|   32|         96|
    |grp_fu_17391_p0  |   14|          3|   32|         96|
    |grp_fu_17391_p1  |   14|          3|   32|         96|
    |grp_fu_17395_p0  |   14|          3|   32|         96|
    |grp_fu_17395_p1  |   14|          3|   32|         96|
    |grp_fu_17399_p0  |   14|          3|   32|         96|
    |grp_fu_17399_p1  |   14|          3|   32|         96|
    |grp_fu_17403_p0  |   14|          3|   32|         96|
    |grp_fu_17403_p1  |   14|          3|   32|         96|
    |grp_fu_17407_p0  |   14|          3|   32|         96|
    |grp_fu_17407_p1  |   14|          3|   32|         96|
    |grp_fu_17411_p0  |   14|          3|   32|         96|
    |grp_fu_17411_p1  |   14|          3|   32|         96|
    |grp_fu_17415_p0  |   14|          3|   32|         96|
    |grp_fu_17415_p1  |   14|          3|   32|         96|
    |grp_fu_17419_p0  |   14|          3|   32|         96|
    |grp_fu_17419_p1  |   14|          3|   32|         96|
    |grp_fu_17423_p0  |   14|          3|   32|         96|
    |grp_fu_17423_p1  |   14|          3|   32|         96|
    |grp_fu_17427_p0  |   14|          3|   32|         96|
    |grp_fu_17427_p1  |   14|          3|   32|         96|
    |grp_fu_17431_p0  |   14|          3|   32|         96|
    |grp_fu_17431_p1  |   14|          3|   32|         96|
    |grp_fu_17435_p0  |   14|          3|   32|         96|
    |grp_fu_17435_p1  |   14|          3|   32|         96|
    |grp_fu_17439_p0  |   14|          3|   32|         96|
    |grp_fu_17439_p1  |   14|          3|   32|         96|
    |grp_fu_17443_p0  |   14|          3|   32|         96|
    |grp_fu_17443_p1  |   14|          3|   32|         96|
    |grp_fu_17447_p0  |   14|          3|   32|         96|
    |grp_fu_17447_p1  |   14|          3|   32|         96|
    |grp_fu_17451_p0  |   14|          3|   32|         96|
    |grp_fu_17451_p1  |   14|          3|   32|         96|
    |grp_fu_17455_p0  |   14|          3|   32|         96|
    |grp_fu_17455_p1  |   14|          3|   32|         96|
    |grp_fu_17459_p0  |   14|          3|   32|         96|
    |grp_fu_17459_p1  |   14|          3|   32|         96|
    |grp_fu_17463_p0  |   14|          3|   32|         96|
    |grp_fu_17463_p1  |   14|          3|   32|         96|
    |grp_fu_17467_p0  |   14|          3|   32|         96|
    |grp_fu_17467_p1  |   14|          3|   32|         96|
    |grp_fu_17471_p0  |   14|          3|   32|         96|
    |grp_fu_17471_p1  |   14|          3|   32|         96|
    |grp_fu_17475_p0  |   14|          3|   32|         96|
    |grp_fu_17475_p1  |   14|          3|   32|         96|
    |grp_fu_17479_p0  |   14|          3|   32|         96|
    |grp_fu_17479_p1  |   14|          3|   32|         96|
    |grp_fu_17483_p0  |   14|          3|   32|         96|
    |grp_fu_17483_p1  |   14|          3|   32|         96|
    |grp_fu_17487_p0  |   14|          3|   32|         96|
    |grp_fu_17487_p1  |   14|          3|   32|         96|
    |grp_fu_17491_p0  |   14|          3|   32|         96|
    |grp_fu_17491_p1  |   14|          3|   32|         96|
    |grp_fu_17495_p0  |   14|          3|   32|         96|
    |grp_fu_17495_p1  |   14|          3|   32|         96|
    |grp_fu_17499_p0  |   14|          3|   32|         96|
    |grp_fu_17499_p1  |   14|          3|   32|         96|
    |grp_fu_17503_p0  |   14|          3|   32|         96|
    |grp_fu_17503_p1  |   14|          3|   32|         96|
    |grp_fu_17507_p0  |   14|          3|   32|         96|
    |grp_fu_17507_p1  |   14|          3|   32|         96|
    |grp_fu_17511_p0  |   14|          3|   32|         96|
    |grp_fu_17511_p1  |   14|          3|   32|         96|
    |grp_fu_17515_p0  |   14|          3|   32|         96|
    |grp_fu_17515_p1  |   14|          3|   32|         96|
    |grp_fu_17519_p0  |   14|          3|   32|         96|
    |grp_fu_17519_p1  |   14|          3|   32|         96|
    |grp_fu_17523_p0  |   14|          3|   32|         96|
    |grp_fu_17523_p1  |   14|          3|   32|         96|
    |grp_fu_17527_p0  |   14|          3|   32|         96|
    |grp_fu_17527_p1  |   14|          3|   32|         96|
    |grp_fu_17531_p0  |   14|          3|   32|         96|
    |grp_fu_17531_p1  |   14|          3|   32|         96|
    |grp_fu_17535_p0  |   14|          3|   32|         96|
    |grp_fu_17535_p1  |   14|          3|   32|         96|
    |grp_fu_17539_p0  |   14|          3|   32|         96|
    |grp_fu_17539_p1  |   14|          3|   32|         96|
    |grp_fu_17543_p0  |   14|          3|   32|         96|
    |grp_fu_17543_p1  |   14|          3|   32|         96|
    |grp_fu_17547_p0  |   14|          3|   32|         96|
    |grp_fu_17547_p1  |   14|          3|   32|         96|
    |grp_fu_17551_p0  |   14|          3|   32|         96|
    |grp_fu_17551_p1  |   14|          3|   32|         96|
    |grp_fu_17555_p0  |   14|          3|   32|         96|
    |grp_fu_17555_p1  |   14|          3|   32|         96|
    |grp_fu_17559_p0  |   14|          3|   32|         96|
    |grp_fu_17559_p1  |   14|          3|   32|         96|
    |grp_fu_17563_p0  |   14|          3|   32|         96|
    |grp_fu_17563_p1  |   14|          3|   32|         96|
    |grp_fu_17567_p0  |   14|          3|   32|         96|
    |grp_fu_17567_p1  |   14|          3|   32|         96|
    |grp_fu_17571_p0  |   14|          3|   32|         96|
    |grp_fu_17571_p1  |   14|          3|   32|         96|
    |grp_fu_17575_p0  |   14|          3|   32|         96|
    |grp_fu_17575_p1  |   14|          3|   32|         96|
    |grp_fu_17579_p0  |   14|          3|   32|         96|
    |grp_fu_17579_p1  |   14|          3|   32|         96|
    |grp_fu_17583_p0  |   14|          3|   32|         96|
    |grp_fu_17583_p1  |   14|          3|   32|         96|
    |grp_fu_17587_p0  |   14|          3|   32|         96|
    |grp_fu_17587_p1  |   14|          3|   32|         96|
    |grp_fu_17591_p0  |   14|          3|   32|         96|
    |grp_fu_17591_p1  |   14|          3|   32|         96|
    |grp_fu_17595_p0  |   14|          3|   32|         96|
    |grp_fu_17595_p1  |   14|          3|   32|         96|
    |grp_fu_17599_p0  |   14|          3|   32|         96|
    |grp_fu_17599_p1  |   14|          3|   32|         96|
    |grp_fu_17603_p0  |   14|          3|   32|         96|
    |grp_fu_17603_p1  |   14|          3|   32|         96|
    |grp_fu_17607_p0  |   14|          3|   32|         96|
    |grp_fu_17607_p1  |   14|          3|   32|         96|
    |grp_fu_17611_p0  |   14|          3|   32|         96|
    |grp_fu_17611_p1  |   14|          3|   32|         96|
    |grp_fu_17615_p0  |   14|          3|   32|         96|
    |grp_fu_17615_p1  |   14|          3|   32|         96|
    |grp_fu_17619_p0  |   14|          3|   32|         96|
    |grp_fu_17619_p1  |   14|          3|   32|         96|
    |grp_fu_17623_p0  |   14|          3|   32|         96|
    |grp_fu_17623_p1  |   14|          3|   32|         96|
    |grp_fu_17627_p0  |   14|          3|   32|         96|
    |grp_fu_17627_p1  |   14|          3|   32|         96|
    |grp_fu_17631_p0  |   14|          3|   32|         96|
    |grp_fu_17631_p1  |   14|          3|   32|         96|
    |grp_fu_17635_p0  |   14|          3|   32|         96|
    |grp_fu_17635_p1  |   14|          3|   32|         96|
    |grp_fu_17639_p0  |   14|          3|   32|         96|
    |grp_fu_17639_p1  |   14|          3|   32|         96|
    |grp_fu_17643_p0  |   14|          3|   32|         96|
    |grp_fu_17643_p1  |   14|          3|   32|         96|
    |grp_fu_17647_p0  |   14|          3|   32|         96|
    |grp_fu_17647_p1  |   14|          3|   32|         96|
    |grp_fu_17651_p0  |   14|          3|   32|         96|
    |grp_fu_17651_p1  |   14|          3|   32|         96|
    |grp_fu_17655_p0  |   14|          3|   32|         96|
    |grp_fu_17655_p1  |   14|          3|   32|         96|
    |grp_fu_17659_p0  |   14|          3|   32|         96|
    |grp_fu_17659_p1  |   14|          3|   32|         96|
    |grp_fu_17663_p0  |   14|          3|   32|         96|
    |grp_fu_17663_p1  |   14|          3|   32|         96|
    |grp_fu_17667_p0  |   14|          3|   32|         96|
    |grp_fu_17667_p1  |   14|          3|   32|         96|
    |grp_fu_17671_p0  |   14|          3|   32|         96|
    |grp_fu_17671_p1  |   14|          3|   32|         96|
    |grp_fu_17675_p0  |   14|          3|   32|         96|
    |grp_fu_17675_p1  |   14|          3|   32|         96|
    |grp_fu_17679_p0  |   14|          3|   32|         96|
    |grp_fu_17679_p1  |   14|          3|   32|         96|
    |grp_fu_17683_p0  |   14|          3|   32|         96|
    |grp_fu_17683_p1  |   14|          3|   32|         96|
    |grp_fu_17687_p0  |   14|          3|   32|         96|
    |grp_fu_17687_p1  |   14|          3|   32|         96|
    |grp_fu_17691_p0  |   14|          3|   32|         96|
    |grp_fu_17691_p1  |   14|          3|   32|         96|
    |grp_fu_17695_p0  |   14|          3|   32|         96|
    |grp_fu_17695_p1  |   14|          3|   32|         96|
    |grp_fu_17699_p0  |   14|          3|   32|         96|
    |grp_fu_17699_p1  |   14|          3|   32|         96|
    |grp_fu_17703_p0  |   14|          3|   32|         96|
    |grp_fu_17703_p1  |   14|          3|   32|         96|
    |grp_fu_17707_p0  |   14|          3|   32|         96|
    |grp_fu_17707_p1  |   14|          3|   32|         96|
    |grp_fu_17711_p0  |   14|          3|   32|         96|
    |grp_fu_17711_p1  |   14|          3|   32|         96|
    |grp_fu_17715_p0  |   14|          3|   32|         96|
    |grp_fu_17715_p1  |   14|          3|   32|         96|
    |grp_fu_17719_p0  |   14|          3|   32|         96|
    |grp_fu_17719_p1  |   14|          3|   32|         96|
    |grp_fu_17723_p0  |   14|          3|   32|         96|
    |grp_fu_17723_p1  |   14|          3|   32|         96|
    |grp_fu_17727_p0  |   14|          3|   32|         96|
    |grp_fu_17727_p1  |   14|          3|   32|         96|
    |grp_fu_17731_p0  |   14|          3|   32|         96|
    |grp_fu_17731_p1  |   14|          3|   32|         96|
    |grp_fu_17735_p0  |   14|          3|   32|         96|
    |grp_fu_17735_p1  |   14|          3|   32|         96|
    |grp_fu_17739_p0  |   14|          3|   32|         96|
    |grp_fu_17739_p1  |   14|          3|   32|         96|
    |grp_fu_17743_p0  |   14|          3|   32|         96|
    |grp_fu_17743_p1  |   14|          3|   32|         96|
    |grp_fu_17747_p0  |   14|          3|   32|         96|
    |grp_fu_17747_p1  |   14|          3|   32|         96|
    |grp_fu_17751_p0  |   14|          3|   32|         96|
    |grp_fu_17751_p1  |   14|          3|   32|         96|
    |grp_fu_17755_p0  |   14|          3|   32|         96|
    |grp_fu_17755_p1  |   14|          3|   32|         96|
    |grp_fu_17759_p0  |   14|          3|   32|         96|
    |grp_fu_17759_p1  |   14|          3|   32|         96|
    |grp_fu_17763_p0  |   14|          3|   32|         96|
    |grp_fu_17763_p1  |   14|          3|   32|         96|
    |grp_fu_17767_p0  |   14|          3|   32|         96|
    |grp_fu_17767_p1  |   14|          3|   32|         96|
    |grp_fu_17771_p0  |   14|          3|   32|         96|
    |grp_fu_17771_p1  |   14|          3|   32|         96|
    |grp_fu_17775_p0  |   14|          3|   32|         96|
    |grp_fu_17775_p1  |   14|          3|   32|         96|
    |grp_fu_17779_p0  |   14|          3|   32|         96|
    |grp_fu_17779_p1  |   14|          3|   32|         96|
    |grp_fu_17783_p0  |   14|          3|   32|         96|
    |grp_fu_17783_p1  |   14|          3|   32|         96|
    |grp_fu_17787_p0  |   14|          3|   32|         96|
    |grp_fu_17787_p1  |   14|          3|   32|         96|
    |grp_fu_17791_p0  |   14|          3|   32|         96|
    |grp_fu_17791_p1  |   14|          3|   32|         96|
    |grp_fu_17795_p0  |   14|          3|   32|         96|
    |grp_fu_17795_p1  |   14|          3|   32|         96|
    |grp_fu_17799_p0  |   14|          3|   32|         96|
    |grp_fu_17799_p1  |   14|          3|   32|         96|
    |grp_fu_17803_p0  |   14|          3|   32|         96|
    |grp_fu_17803_p1  |   14|          3|   32|         96|
    |grp_fu_17807_p0  |   14|          3|   32|         96|
    |grp_fu_17807_p1  |   14|          3|   32|         96|
    |grp_fu_17811_p0  |   14|          3|   32|         96|
    |grp_fu_17811_p1  |   14|          3|   32|         96|
    |grp_fu_17815_p0  |   14|          3|   32|         96|
    |grp_fu_17815_p1  |   14|          3|   32|         96|
    |grp_fu_17819_p0  |   14|          3|   32|         96|
    |grp_fu_17819_p1  |   14|          3|   32|         96|
    |grp_fu_17823_p0  |   14|          3|   32|         96|
    |grp_fu_17823_p1  |   14|          3|   32|         96|
    |grp_fu_17827_p0  |   14|          3|   32|         96|
    |grp_fu_17827_p1  |   14|          3|   32|         96|
    |grp_fu_17831_p0  |   14|          3|   32|         96|
    |grp_fu_17831_p1  |   14|          3|   32|         96|
    |grp_fu_17835_p0  |   14|          3|   32|         96|
    |grp_fu_17835_p1  |   14|          3|   32|         96|
    |grp_fu_17839_p0  |   14|          3|   32|         96|
    |grp_fu_17839_p1  |   14|          3|   32|         96|
    |grp_fu_17843_p0  |   14|          3|   32|         96|
    |grp_fu_17843_p1  |   14|          3|   32|         96|
    |grp_fu_17847_p0  |   14|          3|   32|         96|
    |grp_fu_17847_p1  |   14|          3|   32|         96|
    |grp_fu_17851_p0  |   14|          3|   32|         96|
    |grp_fu_17851_p1  |   14|          3|   32|         96|
    |grp_fu_17855_p0  |   14|          3|   32|         96|
    |grp_fu_17855_p1  |   14|          3|   32|         96|
    |grp_fu_17859_p0  |   14|          3|   32|         96|
    |grp_fu_17859_p1  |   14|          3|   32|         96|
    |grp_fu_17863_p0  |   14|          3|   32|         96|
    |grp_fu_17863_p1  |   14|          3|   32|         96|
    |grp_fu_17867_p0  |   14|          3|   32|         96|
    |grp_fu_17867_p1  |   14|          3|   32|         96|
    |grp_fu_17871_p0  |   14|          3|   32|         96|
    |grp_fu_17871_p1  |   14|          3|   32|         96|
    |grp_fu_17875_p0  |   14|          3|   32|         96|
    |grp_fu_17875_p1  |   14|          3|   32|         96|
    |grp_fu_17879_p0  |   14|          3|   32|         96|
    |grp_fu_17879_p1  |   14|          3|   32|         96|
    |grp_fu_17883_p0  |   14|          3|   32|         96|
    |grp_fu_17883_p1  |   14|          3|   32|         96|
    |grp_fu_17887_p0  |   14|          3|   32|         96|
    |grp_fu_17887_p1  |   14|          3|   32|         96|
    |grp_fu_17891_p0  |   14|          3|   32|         96|
    |grp_fu_17891_p1  |   14|          3|   32|         96|
    |grp_fu_17895_p0  |   14|          3|   32|         96|
    |grp_fu_17895_p1  |   14|          3|   32|         96|
    |grp_fu_17899_p0  |   14|          3|   32|         96|
    |grp_fu_17899_p1  |   14|          3|   32|         96|
    |grp_fu_17903_p0  |   14|          3|   32|         96|
    |grp_fu_17903_p1  |   14|          3|   32|         96|
    |grp_fu_17907_p0  |   14|          3|   32|         96|
    |grp_fu_17907_p1  |   14|          3|   32|         96|
    |grp_fu_17911_p0  |   14|          3|   32|         96|
    |grp_fu_17911_p1  |   14|          3|   32|         96|
    |grp_fu_17915_p0  |   14|          3|   32|         96|
    |grp_fu_17915_p1  |   14|          3|   32|         96|
    |grp_fu_17919_p0  |   14|          3|   32|         96|
    |grp_fu_17919_p1  |   14|          3|   32|         96|
    |grp_fu_17923_p0  |   14|          3|   32|         96|
    |grp_fu_17923_p1  |   14|          3|   32|         96|
    |grp_fu_17927_p0  |   14|          3|   32|         96|
    |grp_fu_17927_p1  |   14|          3|   32|         96|
    |grp_fu_17931_p0  |   14|          3|   32|         96|
    |grp_fu_17931_p1  |   14|          3|   32|         96|
    |grp_fu_17935_p0  |   14|          3|   32|         96|
    |grp_fu_17935_p1  |   14|          3|   32|         96|
    |grp_fu_17939_p0  |   14|          3|   32|         96|
    |grp_fu_17939_p1  |   14|          3|   32|         96|
    |grp_fu_17943_p0  |   14|          3|   32|         96|
    |grp_fu_17943_p1  |   14|          3|   32|         96|
    |grp_fu_17947_p0  |   14|          3|   32|         96|
    |grp_fu_17947_p1  |   14|          3|   32|         96|
    |grp_fu_17951_p0  |   14|          3|   32|         96|
    |grp_fu_17951_p1  |   14|          3|   32|         96|
    |grp_fu_17955_p0  |   14|          3|   32|         96|
    |grp_fu_17955_p1  |   14|          3|   32|         96|
    |grp_fu_17959_p0  |   14|          3|   32|         96|
    |grp_fu_17959_p1  |   14|          3|   32|         96|
    |grp_fu_17963_p0  |   14|          3|   32|         96|
    |grp_fu_17963_p1  |   14|          3|   32|         96|
    |grp_fu_17967_p0  |   14|          3|   32|         96|
    |grp_fu_17967_p1  |   14|          3|   32|         96|
    |grp_fu_17971_p0  |   14|          3|   32|         96|
    |grp_fu_17971_p1  |   14|          3|   32|         96|
    |grp_fu_17975_p0  |   14|          3|   32|         96|
    |grp_fu_17975_p1  |   14|          3|   32|         96|
    |grp_fu_17979_p0  |   14|          3|   32|         96|
    |grp_fu_17979_p1  |   14|          3|   32|         96|
    |grp_fu_17983_p0  |   14|          3|   32|         96|
    |grp_fu_17983_p1  |   14|          3|   32|         96|
    |grp_fu_17987_p0  |   14|          3|   32|         96|
    |grp_fu_17987_p1  |   14|          3|   32|         96|
    |grp_fu_17991_p0  |   14|          3|   32|         96|
    |grp_fu_17991_p1  |   14|          3|   32|         96|
    |grp_fu_17995_p0  |   14|          3|   32|         96|
    |grp_fu_17995_p1  |   14|          3|   32|         96|
    |grp_fu_17999_p0  |   14|          3|   32|         96|
    |grp_fu_17999_p1  |   14|          3|   32|         96|
    |grp_fu_18003_p0  |   14|          3|   32|         96|
    |grp_fu_18003_p1  |   14|          3|   32|         96|
    |grp_fu_18007_p0  |   14|          3|   32|         96|
    |grp_fu_18007_p1  |   14|          3|   32|         96|
    |grp_fu_18011_p0  |   14|          3|   32|         96|
    |grp_fu_18011_p1  |   14|          3|   32|         96|
    |grp_fu_18015_p0  |   14|          3|   32|         96|
    |grp_fu_18015_p1  |   14|          3|   32|         96|
    |grp_fu_18019_p0  |   14|          3|   32|         96|
    |grp_fu_18019_p1  |   14|          3|   32|         96|
    |grp_fu_18023_p0  |   14|          3|   32|         96|
    |grp_fu_18023_p1  |   14|          3|   32|         96|
    |grp_fu_18027_p0  |   14|          3|   32|         96|
    |grp_fu_18027_p1  |   14|          3|   32|         96|
    |grp_fu_18031_p0  |   14|          3|   32|         96|
    |grp_fu_18031_p1  |   14|          3|   32|         96|
    |grp_fu_18035_p0  |   14|          3|   32|         96|
    |grp_fu_18035_p1  |   14|          3|   32|         96|
    |grp_fu_18039_p0  |   14|          3|   32|         96|
    |grp_fu_18039_p1  |   14|          3|   32|         96|
    |grp_fu_18043_p0  |   14|          3|   32|         96|
    |grp_fu_18043_p1  |   14|          3|   32|         96|
    |grp_fu_18047_p0  |   14|          3|   32|         96|
    |grp_fu_18047_p1  |   14|          3|   32|         96|
    |grp_fu_18051_p0  |   14|          3|   32|         96|
    |grp_fu_18051_p1  |   14|          3|   32|         96|
    |grp_fu_18055_p0  |   14|          3|   32|         96|
    |grp_fu_18055_p1  |   14|          3|   32|         96|
    |grp_fu_18059_p0  |   14|          3|   32|         96|
    |grp_fu_18059_p1  |   14|          3|   32|         96|
    |grp_fu_18063_p0  |   14|          3|   32|         96|
    |grp_fu_18063_p1  |   14|          3|   32|         96|
    |grp_fu_18067_p0  |   14|          3|   32|         96|
    |grp_fu_18067_p1  |   14|          3|   32|         96|
    |grp_fu_18071_p0  |   14|          3|   32|         96|
    |grp_fu_18071_p1  |   14|          3|   32|         96|
    |grp_fu_18075_p0  |   14|          3|   32|         96|
    |grp_fu_18075_p1  |   14|          3|   32|         96|
    |grp_fu_18079_p0  |   14|          3|   32|         96|
    |grp_fu_18079_p1  |   14|          3|   32|         96|
    |grp_fu_18083_p0  |   14|          3|   32|         96|
    |grp_fu_18083_p1  |   14|          3|   32|         96|
    |grp_fu_18087_p0  |   14|          3|   32|         96|
    |grp_fu_18087_p1  |   14|          3|   32|         96|
    |grp_fu_18091_p0  |   14|          3|   32|         96|
    |grp_fu_18091_p1  |   14|          3|   32|         96|
    |grp_fu_18095_p0  |   14|          3|   32|         96|
    |grp_fu_18095_p1  |   14|          3|   32|         96|
    |grp_fu_18099_p0  |   14|          3|   32|         96|
    |grp_fu_18099_p1  |   14|          3|   32|         96|
    |grp_fu_18103_p0  |   14|          3|   32|         96|
    |grp_fu_18103_p1  |   14|          3|   32|         96|
    |grp_fu_18107_p0  |   14|          3|   32|         96|
    |grp_fu_18107_p1  |   14|          3|   32|         96|
    |grp_fu_18111_p0  |   14|          3|   32|         96|
    |grp_fu_18111_p1  |   14|          3|   32|         96|
    |grp_fu_18115_p0  |   14|          3|   32|         96|
    |grp_fu_18115_p1  |   14|          3|   32|         96|
    |grp_fu_18119_p0  |   14|          3|   32|         96|
    |grp_fu_18119_p1  |   14|          3|   32|         96|
    |grp_fu_18123_p0  |   14|          3|   32|         96|
    |grp_fu_18123_p1  |   14|          3|   32|         96|
    |grp_fu_18127_p0  |   14|          3|   32|         96|
    |grp_fu_18127_p1  |   14|          3|   32|         96|
    |grp_fu_18131_p0  |   14|          3|   32|         96|
    |grp_fu_18131_p1  |   14|          3|   32|         96|
    |grp_fu_18135_p0  |   14|          3|   32|         96|
    |grp_fu_18135_p1  |   14|          3|   32|         96|
    |grp_fu_18139_p0  |   14|          3|   32|         96|
    |grp_fu_18139_p1  |   14|          3|   32|         96|
    |grp_fu_18143_p0  |   14|          3|   32|         96|
    |grp_fu_18143_p1  |   14|          3|   32|         96|
    |grp_fu_18147_p0  |   14|          3|   32|         96|
    |grp_fu_18147_p1  |   14|          3|   32|         96|
    |grp_fu_18151_p0  |   14|          3|   32|         96|
    |grp_fu_18151_p1  |   14|          3|   32|         96|
    |grp_fu_18155_p0  |   14|          3|   32|         96|
    |grp_fu_18155_p1  |   14|          3|   32|         96|
    |grp_fu_18159_p0  |   14|          3|   32|         96|
    |grp_fu_18159_p1  |   14|          3|   32|         96|
    |grp_fu_18163_p0  |   14|          3|   32|         96|
    |grp_fu_18163_p1  |   14|          3|   32|         96|
    |grp_fu_18167_p0  |   14|          3|   32|         96|
    |grp_fu_18167_p1  |   14|          3|   32|         96|
    |grp_fu_18171_p0  |   14|          3|   32|         96|
    |grp_fu_18171_p1  |   14|          3|   32|         96|
    |grp_fu_18175_p0  |   14|          3|   32|         96|
    |grp_fu_18175_p1  |   14|          3|   32|         96|
    |grp_fu_18179_p0  |   14|          3|   32|         96|
    |grp_fu_18179_p1  |   14|          3|   32|         96|
    |grp_fu_18183_p0  |   14|          3|   32|         96|
    |grp_fu_18183_p1  |   14|          3|   32|         96|
    |grp_fu_18187_p0  |   14|          3|   32|         96|
    |grp_fu_18187_p1  |   14|          3|   32|         96|
    |grp_fu_18191_p0  |   14|          3|   32|         96|
    |grp_fu_18191_p1  |   14|          3|   32|         96|
    |grp_fu_18195_p0  |   14|          3|   32|         96|
    |grp_fu_18195_p1  |   14|          3|   32|         96|
    |grp_fu_18199_p0  |   14|          3|   32|         96|
    |grp_fu_18199_p1  |   14|          3|   32|         96|
    |grp_fu_18203_p0  |   14|          3|   32|         96|
    |grp_fu_18203_p1  |   14|          3|   32|         96|
    |grp_fu_18207_p0  |   14|          3|   32|         96|
    |grp_fu_18207_p1  |   14|          3|   32|         96|
    |grp_fu_18211_p0  |   14|          3|   32|         96|
    |grp_fu_18211_p1  |   14|          3|   32|         96|
    |grp_fu_18215_p0  |   14|          3|   32|         96|
    |grp_fu_18215_p1  |   14|          3|   32|         96|
    |grp_fu_18219_p0  |   14|          3|   32|         96|
    |grp_fu_18219_p1  |   14|          3|   32|         96|
    |grp_fu_18223_p0  |   14|          3|   32|         96|
    |grp_fu_18223_p1  |   14|          3|   32|         96|
    |grp_fu_18227_p0  |   14|          3|   32|         96|
    |grp_fu_18227_p1  |   14|          3|   32|         96|
    |grp_fu_18231_p0  |   14|          3|   32|         96|
    |grp_fu_18231_p1  |   14|          3|   32|         96|
    |grp_fu_18235_p0  |   14|          3|   32|         96|
    |grp_fu_18235_p1  |   14|          3|   32|         96|
    |grp_fu_18239_p0  |   14|          3|   32|         96|
    |grp_fu_18239_p1  |   14|          3|   32|         96|
    |grp_fu_18243_p0  |   14|          3|   32|         96|
    |grp_fu_18243_p1  |   14|          3|   32|         96|
    |grp_fu_18247_p0  |   14|          3|   32|         96|
    |grp_fu_18247_p1  |   14|          3|   32|         96|
    |grp_fu_18251_p0  |   14|          3|   32|         96|
    |grp_fu_18251_p1  |   14|          3|   32|         96|
    |grp_fu_18255_p0  |   14|          3|   32|         96|
    |grp_fu_18255_p1  |   14|          3|   32|         96|
    |grp_fu_18259_p0  |   14|          3|   32|         96|
    |grp_fu_18259_p1  |   14|          3|   32|         96|
    |grp_fu_18263_p0  |   14|          3|   32|         96|
    |grp_fu_18263_p1  |   14|          3|   32|         96|
    |grp_fu_18267_p0  |   14|          3|   32|         96|
    |grp_fu_18267_p1  |   14|          3|   32|         96|
    |grp_fu_18271_p0  |   14|          3|   32|         96|
    |grp_fu_18271_p1  |   14|          3|   32|         96|
    |grp_fu_18275_p0  |   14|          3|   32|         96|
    |grp_fu_18275_p1  |   14|          3|   32|         96|
    |grp_fu_18279_p0  |   14|          3|   32|         96|
    |grp_fu_18279_p1  |   14|          3|   32|         96|
    |grp_fu_18283_p0  |   14|          3|   32|         96|
    |grp_fu_18283_p1  |   14|          3|   32|         96|
    |grp_fu_18287_p0  |   14|          3|   32|         96|
    |grp_fu_18287_p1  |   14|          3|   32|         96|
    |grp_fu_18291_p0  |   14|          3|   32|         96|
    |grp_fu_18291_p1  |   14|          3|   32|         96|
    |grp_fu_18295_p0  |   14|          3|   32|         96|
    |grp_fu_18295_p1  |   14|          3|   32|         96|
    |grp_fu_18299_p0  |   14|          3|   32|         96|
    |grp_fu_18299_p1  |   14|          3|   32|         96|
    |grp_fu_18303_p0  |   14|          3|   32|         96|
    |grp_fu_18303_p1  |   14|          3|   32|         96|
    |grp_fu_18307_p0  |   14|          3|   32|         96|
    |grp_fu_18307_p1  |   14|          3|   32|         96|
    |grp_fu_18311_p0  |   14|          3|   32|         96|
    |grp_fu_18311_p1  |   14|          3|   32|         96|
    |grp_fu_18315_p0  |   14|          3|   32|         96|
    |grp_fu_18315_p1  |   14|          3|   32|         96|
    |grp_fu_18319_p0  |   14|          3|   32|         96|
    |grp_fu_18319_p1  |   14|          3|   32|         96|
    |grp_fu_18323_p0  |   14|          3|   32|         96|
    |grp_fu_18323_p1  |   14|          3|   32|         96|
    |grp_fu_18327_p0  |   14|          3|   32|         96|
    |grp_fu_18327_p1  |   14|          3|   32|         96|
    |grp_fu_18331_p0  |   14|          3|   32|         96|
    |grp_fu_18331_p1  |   14|          3|   32|         96|
    |grp_fu_18335_p0  |   14|          3|   32|         96|
    |grp_fu_18335_p1  |   14|          3|   32|         96|
    |grp_fu_18339_p0  |   14|          3|   32|         96|
    |grp_fu_18339_p1  |   14|          3|   32|         96|
    |grp_fu_18343_p0  |   14|          3|   32|         96|
    |grp_fu_18343_p1  |   14|          3|   32|         96|
    |grp_fu_18347_p0  |   14|          3|   32|         96|
    |grp_fu_18347_p1  |   14|          3|   32|         96|
    |grp_fu_18351_p0  |   14|          3|   32|         96|
    |grp_fu_18351_p1  |   14|          3|   32|         96|
    |grp_fu_18355_p0  |   14|          3|   32|         96|
    |grp_fu_18355_p1  |   14|          3|   32|         96|
    |grp_fu_18359_p0  |   14|          3|   32|         96|
    |grp_fu_18359_p1  |   14|          3|   32|         96|
    |grp_fu_18363_p0  |   14|          3|   32|         96|
    |grp_fu_18363_p1  |   14|          3|   32|         96|
    |grp_fu_18367_p0  |   14|          3|   32|         96|
    |grp_fu_18367_p1  |   14|          3|   32|         96|
    |grp_fu_18371_p0  |   14|          3|   32|         96|
    |grp_fu_18371_p1  |   14|          3|   32|         96|
    |grp_fu_18375_p0  |   14|          3|   32|         96|
    |grp_fu_18375_p1  |   14|          3|   32|         96|
    |grp_fu_18379_p0  |   14|          3|   32|         96|
    |grp_fu_18379_p1  |   14|          3|   32|         96|
    |grp_fu_18383_p0  |   14|          3|   32|         96|
    |grp_fu_18383_p1  |   14|          3|   32|         96|
    |grp_fu_18387_p0  |   14|          3|   32|         96|
    |grp_fu_18387_p1  |   14|          3|   32|         96|
    |grp_fu_18391_p0  |   14|          3|   32|         96|
    |grp_fu_18391_p1  |   14|          3|   32|         96|
    |grp_fu_18395_p0  |   14|          3|   32|         96|
    |grp_fu_18395_p1  |   14|          3|   32|         96|
    |grp_fu_18399_p0  |   14|          3|   32|         96|
    |grp_fu_18399_p1  |   14|          3|   32|         96|
    |grp_fu_18403_p0  |   14|          3|   32|         96|
    |grp_fu_18403_p1  |   14|          3|   32|         96|
    |grp_fu_18407_p0  |   14|          3|   32|         96|
    |grp_fu_18407_p1  |   14|          3|   32|         96|
    |grp_fu_18411_p0  |   14|          3|   32|         96|
    |grp_fu_18411_p1  |   14|          3|   32|         96|
    |grp_fu_18415_p0  |   14|          3|   32|         96|
    |grp_fu_18415_p1  |   14|          3|   32|         96|
    |grp_fu_18419_p0  |   14|          3|   32|         96|
    |grp_fu_18419_p1  |   14|          3|   32|         96|
    |grp_fu_18423_p0  |   14|          3|   32|         96|
    |grp_fu_18423_p1  |   14|          3|   32|         96|
    |grp_fu_18427_p0  |   14|          3|   32|         96|
    |grp_fu_18427_p1  |   14|          3|   32|         96|
    |grp_fu_18431_p0  |   14|          3|   32|         96|
    |grp_fu_18431_p1  |   14|          3|   32|         96|
    |grp_fu_18435_p0  |   14|          3|   32|         96|
    |grp_fu_18435_p1  |   14|          3|   32|         96|
    |grp_fu_18439_p0  |   14|          3|   32|         96|
    |grp_fu_18439_p1  |   14|          3|   32|         96|
    |grp_fu_18443_p0  |   14|          3|   32|         96|
    |grp_fu_18443_p1  |   14|          3|   32|         96|
    |grp_fu_18447_p0  |   14|          3|   32|         96|
    |grp_fu_18447_p1  |   14|          3|   32|         96|
    |grp_fu_18451_p0  |   14|          3|   32|         96|
    |grp_fu_18451_p1  |   14|          3|   32|         96|
    |grp_fu_18455_p0  |   14|          3|   32|         96|
    |grp_fu_18455_p1  |   14|          3|   32|         96|
    |grp_fu_18459_p0  |   14|          3|   32|         96|
    |grp_fu_18459_p1  |   14|          3|   32|         96|
    |grp_fu_18463_p0  |   14|          3|   32|         96|
    |grp_fu_18463_p1  |   14|          3|   32|         96|
    |grp_fu_18467_p0  |   14|          3|   32|         96|
    |grp_fu_18467_p1  |   14|          3|   32|         96|
    |grp_fu_18471_p0  |   14|          3|   32|         96|
    |grp_fu_18471_p1  |   14|          3|   32|         96|
    |grp_fu_18475_p0  |   14|          3|   32|         96|
    |grp_fu_18475_p1  |   14|          3|   32|         96|
    |grp_fu_18479_p0  |   14|          3|   32|         96|
    |grp_fu_18479_p1  |   14|          3|   32|         96|
    |grp_fu_18483_p0  |   14|          3|   32|         96|
    |grp_fu_18483_p1  |   14|          3|   32|         96|
    |grp_fu_18487_p0  |   14|          3|   32|         96|
    |grp_fu_18487_p1  |   14|          3|   32|         96|
    |grp_fu_18491_p0  |   14|          3|   32|         96|
    |grp_fu_18491_p1  |   14|          3|   32|         96|
    |grp_fu_18495_p0  |   14|          3|   32|         96|
    |grp_fu_18495_p1  |   14|          3|   32|         96|
    |grp_fu_18499_p0  |   14|          3|   32|         96|
    |grp_fu_18499_p1  |   14|          3|   32|         96|
    |grp_fu_18503_p0  |   14|          3|   32|         96|
    |grp_fu_18503_p1  |   14|          3|   32|         96|
    |grp_fu_18507_p0  |   14|          3|   32|         96|
    |grp_fu_18507_p1  |   14|          3|   32|         96|
    |grp_fu_18511_p0  |   14|          3|   32|         96|
    |grp_fu_18511_p1  |   14|          3|   32|         96|
    |grp_fu_18515_p0  |   14|          3|   32|         96|
    |grp_fu_18515_p1  |   14|          3|   32|         96|
    |grp_fu_18519_p0  |   14|          3|   32|         96|
    |grp_fu_18519_p1  |   14|          3|   32|         96|
    |grp_fu_18523_p0  |   14|          3|   32|         96|
    |grp_fu_18523_p1  |   14|          3|   32|         96|
    |grp_fu_18527_p0  |   14|          3|   32|         96|
    |grp_fu_18527_p1  |   14|          3|   32|         96|
    |grp_fu_18531_p0  |   14|          3|   32|         96|
    |grp_fu_18531_p1  |   14|          3|   32|         96|
    |grp_fu_18535_p0  |   14|          3|   32|         96|
    |grp_fu_18535_p1  |   14|          3|   32|         96|
    |grp_fu_18539_p0  |   14|          3|   32|         96|
    |grp_fu_18539_p1  |   14|          3|   32|         96|
    |grp_fu_18543_p0  |   14|          3|   32|         96|
    |grp_fu_18543_p1  |   14|          3|   32|         96|
    |grp_fu_18547_p0  |   14|          3|   32|         96|
    |grp_fu_18547_p1  |   14|          3|   32|         96|
    |grp_fu_18551_p0  |   14|          3|   32|         96|
    |grp_fu_18551_p1  |   14|          3|   32|         96|
    |grp_fu_18555_p0  |   14|          3|   32|         96|
    |grp_fu_18555_p1  |   14|          3|   32|         96|
    |grp_fu_18559_p0  |   14|          3|   32|         96|
    |grp_fu_18559_p1  |   14|          3|   32|         96|
    |grp_fu_18563_p0  |   14|          3|   32|         96|
    |grp_fu_18563_p1  |   14|          3|   32|         96|
    |grp_fu_18567_p0  |   14|          3|   32|         96|
    |grp_fu_18567_p1  |   14|          3|   32|         96|
    |grp_fu_18571_p0  |   14|          3|   32|         96|
    |grp_fu_18571_p1  |   14|          3|   32|         96|
    |grp_fu_18575_p0  |   14|          3|   32|         96|
    |grp_fu_18575_p1  |   14|          3|   32|         96|
    |grp_fu_18579_p0  |   14|          3|   32|         96|
    |grp_fu_18579_p1  |   14|          3|   32|         96|
    |grp_fu_18583_p0  |   14|          3|   32|         96|
    |grp_fu_18583_p1  |   14|          3|   32|         96|
    |grp_fu_18587_p0  |   14|          3|   32|         96|
    |grp_fu_18587_p1  |   14|          3|   32|         96|
    |grp_fu_18591_p0  |   14|          3|   32|         96|
    |grp_fu_18591_p1  |   14|          3|   32|         96|
    |grp_fu_18595_p0  |   14|          3|   32|         96|
    |grp_fu_18595_p1  |   14|          3|   32|         96|
    |grp_fu_18599_p0  |   14|          3|   32|         96|
    |grp_fu_18599_p1  |   14|          3|   32|         96|
    |grp_fu_18603_p0  |   14|          3|   32|         96|
    |grp_fu_18603_p1  |   14|          3|   32|         96|
    |grp_fu_18607_p0  |   14|          3|   32|         96|
    |grp_fu_18607_p1  |   14|          3|   32|         96|
    |grp_fu_18611_p0  |   14|          3|   32|         96|
    |grp_fu_18611_p1  |   14|          3|   32|         96|
    |grp_fu_18615_p0  |   14|          3|   32|         96|
    |grp_fu_18615_p1  |   14|          3|   32|         96|
    |grp_fu_18619_p0  |   14|          3|   32|         96|
    |grp_fu_18619_p1  |   14|          3|   32|         96|
    |grp_fu_18623_p0  |   14|          3|   32|         96|
    |grp_fu_18623_p1  |   14|          3|   32|         96|
    |grp_fu_18627_p0  |   14|          3|   32|         96|
    |grp_fu_18627_p1  |   14|          3|   32|         96|
    |grp_fu_18631_p0  |   14|          3|   32|         96|
    |grp_fu_18631_p1  |   14|          3|   32|         96|
    |grp_fu_18635_p0  |   14|          3|   32|         96|
    |grp_fu_18635_p1  |   14|          3|   32|         96|
    |grp_fu_18639_p0  |   14|          3|   32|         96|
    |grp_fu_18639_p1  |   14|          3|   32|         96|
    |grp_fu_18643_p0  |   14|          3|   32|         96|
    |grp_fu_18643_p1  |   14|          3|   32|         96|
    |grp_fu_18647_p0  |   14|          3|   32|         96|
    |grp_fu_18647_p1  |   14|          3|   32|         96|
    |grp_fu_18651_p0  |   14|          3|   32|         96|
    |grp_fu_18651_p1  |   14|          3|   32|         96|
    |grp_fu_18655_p0  |   14|          3|   32|         96|
    |grp_fu_18655_p1  |   14|          3|   32|         96|
    |grp_fu_18659_p0  |   14|          3|   32|         96|
    |grp_fu_18659_p1  |   14|          3|   32|         96|
    |grp_fu_18663_p0  |   14|          3|   32|         96|
    |grp_fu_18663_p1  |   14|          3|   32|         96|
    |grp_fu_18667_p0  |   14|          3|   32|         96|
    |grp_fu_18667_p1  |   14|          3|   32|         96|
    |grp_fu_18671_p0  |   14|          3|   32|         96|
    |grp_fu_18671_p1  |   14|          3|   32|         96|
    |grp_fu_18675_p0  |   14|          3|   32|         96|
    |grp_fu_18675_p1  |   14|          3|   32|         96|
    |grp_fu_18679_p0  |   14|          3|   32|         96|
    |grp_fu_18679_p1  |   14|          3|   32|         96|
    |grp_fu_18683_p0  |   14|          3|   32|         96|
    |grp_fu_18683_p1  |   14|          3|   32|         96|
    |grp_fu_18687_p0  |   14|          3|   32|         96|
    |grp_fu_18687_p1  |   14|          3|   32|         96|
    |grp_fu_18691_p0  |   14|          3|   32|         96|
    |grp_fu_18691_p1  |   14|          3|   32|         96|
    |grp_fu_18695_p0  |   14|          3|   32|         96|
    |grp_fu_18695_p1  |   14|          3|   32|         96|
    |grp_fu_18699_p0  |   14|          3|   32|         96|
    |grp_fu_18699_p1  |   14|          3|   32|         96|
    |grp_fu_18703_p0  |   14|          3|   32|         96|
    |grp_fu_18703_p1  |   14|          3|   32|         96|
    |grp_fu_18707_p0  |   14|          3|   32|         96|
    |grp_fu_18707_p1  |   14|          3|   32|         96|
    |grp_fu_18711_p0  |   14|          3|   32|         96|
    |grp_fu_18711_p1  |   14|          3|   32|         96|
    |grp_fu_18715_p0  |   14|          3|   32|         96|
    |grp_fu_18715_p1  |   14|          3|   32|         96|
    |grp_fu_18719_p0  |   14|          3|   32|         96|
    |grp_fu_18719_p1  |   14|          3|   32|         96|
    |grp_fu_18723_p0  |   14|          3|   32|         96|
    |grp_fu_18723_p1  |   14|          3|   32|         96|
    |grp_fu_18727_p0  |   14|          3|   32|         96|
    |grp_fu_18727_p1  |   14|          3|   32|         96|
    |grp_fu_18731_p0  |   14|          3|   32|         96|
    |grp_fu_18731_p1  |   14|          3|   32|         96|
    |grp_fu_18735_p0  |   14|          3|   32|         96|
    |grp_fu_18735_p1  |   14|          3|   32|         96|
    |grp_fu_18739_p0  |   14|          3|   32|         96|
    |grp_fu_18739_p1  |   14|          3|   32|         96|
    |grp_fu_18743_p0  |   14|          3|   32|         96|
    |grp_fu_18743_p1  |   14|          3|   32|         96|
    |grp_fu_18747_p0  |   14|          3|   32|         96|
    |grp_fu_18747_p1  |   14|          3|   32|         96|
    |grp_fu_18751_p0  |   14|          3|   32|         96|
    |grp_fu_18751_p1  |   14|          3|   32|         96|
    |grp_fu_18755_p0  |   14|          3|   32|         96|
    |grp_fu_18755_p1  |   14|          3|   32|         96|
    |grp_fu_18759_p0  |   14|          3|   32|         96|
    |grp_fu_18759_p1  |   14|          3|   32|         96|
    +-----------------+-----+-----------+-----+-----------+
    |Total            |33263|       6632|43202|     210736|
    +-----------------+-----+-----------+-----+-----------+

    * Register: 
    +---------------------------------------------------------------------+------+----+------+-----------+
    |                                 Name                                |  FF  | LUT| Bits | Const Bits|
    +---------------------------------------------------------------------+------+----+------+-----------+
    |ap_CS_fsm                                                            |    45|   0|    45|          0|
    |ap_done_reg                                                          |     1|   0|     1|          0|
    |grp_matrix_sum_prod_Pipeline_VITIS_LOOP_191_1_fu_15504_ap_start_reg  |     1|   0|     1|          0|
    |p_read1922_reg_27435                                                 |    32|   0|    32|          0|
    |p_read_1000_reg_29907                                                |    32|   0|    32|          0|
    |p_read_1001_reg_29913                                                |    32|   0|    32|          0|
    |p_read_1002_reg_29919                                                |    32|   0|    32|          0|
    |p_read_1003_reg_29925                                                |    32|   0|    32|          0|
    |p_read_1004_reg_29931                                                |    32|   0|    32|          0|
    |p_read_1005_reg_29937                                                |    32|   0|    32|          0|
    |p_read_1006_reg_29943                                                |    32|   0|    32|          0|
    |p_read_1007_reg_29949                                                |    32|   0|    32|          0|
    |p_read_1008_reg_29955                                                |    32|   0|    32|          0|
    |p_read_1009_reg_29961                                                |    32|   0|    32|          0|
    |p_read_100_reg_27946                                                 |    32|   0|    32|          0|
    |p_read_1010_reg_29967                                                |    32|   0|    32|          0|
    |p_read_1011_reg_29973                                                |    32|   0|    32|          0|
    |p_read_1012_reg_29979                                                |    32|   0|    32|          0|
    |p_read_1013_reg_29985                                                |    32|   0|    32|          0|
    |p_read_1014_reg_29991                                                |    32|   0|    32|          0|
    |p_read_1015_reg_29997                                                |    32|   0|    32|          0|
    |p_read_1016_reg_30003                                                |    32|   0|    32|          0|
    |p_read_1017_reg_30009                                                |    32|   0|    32|          0|
    |p_read_1018_reg_30015                                                |    32|   0|    32|          0|
    |p_read_1019_reg_30021                                                |    32|   0|    32|          0|
    |p_read_101_reg_27951                                                 |    32|   0|    32|          0|
    |p_read_1020_reg_30027                                                |    32|   0|    32|          0|
    |p_read_1021_reg_30033                                                |    32|   0|    32|          0|
    |p_read_1022_reg_30039                                                |    32|   0|    32|          0|
    |p_read_1023_reg_30045                                                |    32|   0|    32|          0|
    |p_read_1024_reg_37347                                                |    32|   0|    32|          0|
    |p_read_1025_reg_30051                                                |    32|   0|    32|          0|
    |p_read_1026_reg_30057                                                |    32|   0|    32|          0|
    |p_read_1027_reg_30063                                                |    32|   0|    32|          0|
    |p_read_1028_reg_30069                                                |    32|   0|    32|          0|
    |p_read_1029_reg_30075                                                |    32|   0|    32|          0|
    |p_read_102_reg_27956                                                 |    32|   0|    32|          0|
    |p_read_1030_reg_30081                                                |    32|   0|    32|          0|
    |p_read_1031_reg_30087                                                |    32|   0|    32|          0|
    |p_read_1032_reg_30093                                                |    32|   0|    32|          0|
    |p_read_1033_reg_30099                                                |    32|   0|    32|          0|
    |p_read_1034_reg_30105                                                |    32|   0|    32|          0|
    |p_read_1035_reg_30111                                                |    32|   0|    32|          0|
    |p_read_1036_reg_30117                                                |    32|   0|    32|          0|
    |p_read_1037_reg_30123                                                |    32|   0|    32|          0|
    |p_read_1038_reg_30129                                                |    32|   0|    32|          0|
    |p_read_1039_reg_30135                                                |    32|   0|    32|          0|
    |p_read_103_reg_27961                                                 |    32|   0|    32|          0|
    |p_read_1040_reg_30141                                                |    32|   0|    32|          0|
    |p_read_1041_reg_30147                                                |    32|   0|    32|          0|
    |p_read_1042_reg_30153                                                |    32|   0|    32|          0|
    |p_read_1043_reg_30159                                                |    32|   0|    32|          0|
    |p_read_1044_reg_30165                                                |    32|   0|    32|          0|
    |p_read_1045_reg_30171                                                |    32|   0|    32|          0|
    |p_read_1046_reg_30177                                                |    32|   0|    32|          0|
    |p_read_1047_reg_30183                                                |    32|   0|    32|          0|
    |p_read_1048_reg_30189                                                |    32|   0|    32|          0|
    |p_read_1049_reg_30195                                                |    32|   0|    32|          0|
    |p_read_104_reg_27966                                                 |    32|   0|    32|          0|
    |p_read_1050_reg_30201                                                |    32|   0|    32|          0|
    |p_read_1051_reg_30207                                                |    32|   0|    32|          0|
    |p_read_1052_reg_30213                                                |    32|   0|    32|          0|
    |p_read_1053_reg_30219                                                |    32|   0|    32|          0|
    |p_read_1054_reg_30225                                                |    32|   0|    32|          0|
    |p_read_1055_reg_37353                                                |    32|   0|    32|          0|
    |p_read_1056_reg_30231                                                |    32|   0|    32|          0|
    |p_read_1057_reg_30237                                                |    32|   0|    32|          0|
    |p_read_1058_reg_30243                                                |    32|   0|    32|          0|
    |p_read_1059_reg_30249                                                |    32|   0|    32|          0|
    |p_read_105_reg_27971                                                 |    32|   0|    32|          0|
    |p_read_1060_reg_30255                                                |    32|   0|    32|          0|
    |p_read_1061_reg_30261                                                |    32|   0|    32|          0|
    |p_read_1062_reg_30267                                                |    32|   0|    32|          0|
    |p_read_1063_reg_30273                                                |    32|   0|    32|          0|
    |p_read_1064_reg_30279                                                |    32|   0|    32|          0|
    |p_read_1065_reg_30285                                                |    32|   0|    32|          0|
    |p_read_1066_reg_30291                                                |    32|   0|    32|          0|
    |p_read_1067_reg_30297                                                |    32|   0|    32|          0|
    |p_read_1068_reg_30303                                                |    32|   0|    32|          0|
    |p_read_1069_reg_30309                                                |    32|   0|    32|          0|
    |p_read_106_reg_27976                                                 |    32|   0|    32|          0|
    |p_read_1070_reg_30315                                                |    32|   0|    32|          0|
    |p_read_1071_reg_30321                                                |    32|   0|    32|          0|
    |p_read_1072_reg_30327                                                |    32|   0|    32|          0|
    |p_read_1073_reg_30333                                                |    32|   0|    32|          0|
    |p_read_1074_reg_30339                                                |    32|   0|    32|          0|
    |p_read_1075_reg_30345                                                |    32|   0|    32|          0|
    |p_read_1076_reg_30351                                                |    32|   0|    32|          0|
    |p_read_1077_reg_30357                                                |    32|   0|    32|          0|
    |p_read_1078_reg_30363                                                |    32|   0|    32|          0|
    |p_read_1079_reg_30369                                                |    32|   0|    32|          0|
    |p_read_107_reg_27981                                                 |    32|   0|    32|          0|
    |p_read_1080_reg_30375                                                |    32|   0|    32|          0|
    |p_read_1081_reg_30381                                                |    32|   0|    32|          0|
    |p_read_1082_reg_30387                                                |    32|   0|    32|          0|
    |p_read_1083_reg_30393                                                |    32|   0|    32|          0|
    |p_read_1084_reg_30399                                                |    32|   0|    32|          0|
    |p_read_1085_reg_30405                                                |    32|   0|    32|          0|
    |p_read_1086_reg_37359                                                |    32|   0|    32|          0|
    |p_read_1087_reg_30411                                                |    32|   0|    32|          0|
    |p_read_1088_reg_30417                                                |    32|   0|    32|          0|
    |p_read_1089_reg_30423                                                |    32|   0|    32|          0|
    |p_read_108_reg_27986                                                 |    32|   0|    32|          0|
    |p_read_1090_reg_30429                                                |    32|   0|    32|          0|
    |p_read_1091_reg_30435                                                |    32|   0|    32|          0|
    |p_read_1092_reg_30441                                                |    32|   0|    32|          0|
    |p_read_1093_reg_30447                                                |    32|   0|    32|          0|
    |p_read_1094_reg_30453                                                |    32|   0|    32|          0|
    |p_read_1095_reg_30459                                                |    32|   0|    32|          0|
    |p_read_1096_reg_30465                                                |    32|   0|    32|          0|
    |p_read_1097_reg_30471                                                |    32|   0|    32|          0|
    |p_read_1098_reg_30477                                                |    32|   0|    32|          0|
    |p_read_1099_reg_30483                                                |    32|   0|    32|          0|
    |p_read_109_reg_27991                                                 |    32|   0|    32|          0|
    |p_read_10_reg_36976                                                  |    32|   0|    32|          0|
    |p_read_1100_reg_30489                                                |    32|   0|    32|          0|
    |p_read_1101_reg_30495                                                |    32|   0|    32|          0|
    |p_read_1102_reg_30501                                                |    32|   0|    32|          0|
    |p_read_1103_reg_30507                                                |    32|   0|    32|          0|
    |p_read_1104_reg_30513                                                |    32|   0|    32|          0|
    |p_read_1105_reg_30519                                                |    32|   0|    32|          0|
    |p_read_1106_reg_30525                                                |    32|   0|    32|          0|
    |p_read_1107_reg_30531                                                |    32|   0|    32|          0|
    |p_read_1108_reg_30537                                                |    32|   0|    32|          0|
    |p_read_1109_reg_30543                                                |    32|   0|    32|          0|
    |p_read_110_reg_27996                                                 |    32|   0|    32|          0|
    |p_read_1110_reg_30549                                                |    32|   0|    32|          0|
    |p_read_1111_reg_30555                                                |    32|   0|    32|          0|
    |p_read_1112_reg_30561                                                |    32|   0|    32|          0|
    |p_read_1113_reg_30567                                                |    32|   0|    32|          0|
    |p_read_1114_reg_30573                                                |    32|   0|    32|          0|
    |p_read_1115_reg_30579                                                |    32|   0|    32|          0|
    |p_read_1116_reg_30585                                                |    32|   0|    32|          0|
    |p_read_1117_reg_37365                                                |    32|   0|    32|          0|
    |p_read_1118_reg_30591                                                |    32|   0|    32|          0|
    |p_read_1119_reg_30597                                                |    32|   0|    32|          0|
    |p_read_111_reg_28001                                                 |    32|   0|    32|          0|
    |p_read_1120_reg_30603                                                |    32|   0|    32|          0|
    |p_read_1121_reg_30609                                                |    32|   0|    32|          0|
    |p_read_1122_reg_30615                                                |    32|   0|    32|          0|
    |p_read_1123_reg_30621                                                |    32|   0|    32|          0|
    |p_read_1124_reg_30627                                                |    32|   0|    32|          0|
    |p_read_1125_reg_30633                                                |    32|   0|    32|          0|
    |p_read_1126_reg_30639                                                |    32|   0|    32|          0|
    |p_read_1127_reg_30645                                                |    32|   0|    32|          0|
    |p_read_1128_reg_30651                                                |    32|   0|    32|          0|
    |p_read_1129_reg_30657                                                |    32|   0|    32|          0|
    |p_read_112_reg_28006                                                 |    32|   0|    32|          0|
    |p_read_1130_reg_30663                                                |    32|   0|    32|          0|
    |p_read_1131_reg_30669                                                |    32|   0|    32|          0|
    |p_read_1132_reg_30675                                                |    32|   0|    32|          0|
    |p_read_1133_reg_30681                                                |    32|   0|    32|          0|
    |p_read_1134_reg_30687                                                |    32|   0|    32|          0|
    |p_read_1135_reg_30693                                                |    32|   0|    32|          0|
    |p_read_1136_reg_30699                                                |    32|   0|    32|          0|
    |p_read_1137_reg_30705                                                |    32|   0|    32|          0|
    |p_read_1138_reg_30711                                                |    32|   0|    32|          0|
    |p_read_1139_reg_30717                                                |    32|   0|    32|          0|
    |p_read_113_reg_28011                                                 |    32|   0|    32|          0|
    |p_read_1140_reg_30723                                                |    32|   0|    32|          0|
    |p_read_1141_reg_30729                                                |    32|   0|    32|          0|
    |p_read_1142_reg_30735                                                |    32|   0|    32|          0|
    |p_read_1143_reg_30741                                                |    32|   0|    32|          0|
    |p_read_1144_reg_30747                                                |    32|   0|    32|          0|
    |p_read_1145_reg_30753                                                |    32|   0|    32|          0|
    |p_read_1146_reg_30759                                                |    32|   0|    32|          0|
    |p_read_1147_reg_30765                                                |    32|   0|    32|          0|
    |p_read_1148_reg_37371                                                |    32|   0|    32|          0|
    |p_read_1149_reg_30771                                                |    32|   0|    32|          0|
    |p_read_114_reg_28016                                                 |    32|   0|    32|          0|
    |p_read_1150_reg_30777                                                |    32|   0|    32|          0|
    |p_read_1151_reg_30783                                                |    32|   0|    32|          0|
    |p_read_1152_reg_30789                                                |    32|   0|    32|          0|
    |p_read_1153_reg_30795                                                |    32|   0|    32|          0|
    |p_read_1154_reg_30801                                                |    32|   0|    32|          0|
    |p_read_1155_reg_30807                                                |    32|   0|    32|          0|
    |p_read_1156_reg_30813                                                |    32|   0|    32|          0|
    |p_read_1157_reg_30819                                                |    32|   0|    32|          0|
    |p_read_1158_reg_30825                                                |    32|   0|    32|          0|
    |p_read_1159_reg_30831                                                |    32|   0|    32|          0|
    |p_read_115_reg_28021                                                 |    32|   0|    32|          0|
    |p_read_1160_reg_30837                                                |    32|   0|    32|          0|
    |p_read_1161_reg_30843                                                |    32|   0|    32|          0|
    |p_read_1162_reg_30849                                                |    32|   0|    32|          0|
    |p_read_1163_reg_30855                                                |    32|   0|    32|          0|
    |p_read_1164_reg_30861                                                |    32|   0|    32|          0|
    |p_read_1165_reg_30867                                                |    32|   0|    32|          0|
    |p_read_1166_reg_30873                                                |    32|   0|    32|          0|
    |p_read_1167_reg_30879                                                |    32|   0|    32|          0|
    |p_read_1168_reg_30885                                                |    32|   0|    32|          0|
    |p_read_1169_reg_30891                                                |    32|   0|    32|          0|
    |p_read_116_reg_28026                                                 |    32|   0|    32|          0|
    |p_read_1170_reg_30897                                                |    32|   0|    32|          0|
    |p_read_1171_reg_30903                                                |    32|   0|    32|          0|
    |p_read_1172_reg_30909                                                |    32|   0|    32|          0|
    |p_read_1173_reg_30915                                                |    32|   0|    32|          0|
    |p_read_1174_reg_30921                                                |    32|   0|    32|          0|
    |p_read_1175_reg_30927                                                |    32|   0|    32|          0|
    |p_read_1176_reg_30933                                                |    32|   0|    32|          0|
    |p_read_1177_reg_30939                                                |    32|   0|    32|          0|
    |p_read_1178_reg_30945                                                |    32|   0|    32|          0|
    |p_read_1179_reg_37377                                                |    32|   0|    32|          0|
    |p_read_117_reg_28031                                                 |    32|   0|    32|          0|
    |p_read_1180_reg_30951                                                |    32|   0|    32|          0|
    |p_read_1181_reg_30957                                                |    32|   0|    32|          0|
    |p_read_1182_reg_30963                                                |    32|   0|    32|          0|
    |p_read_1183_reg_30969                                                |    32|   0|    32|          0|
    |p_read_1184_reg_30975                                                |    32|   0|    32|          0|
    |p_read_1185_reg_30981                                                |    32|   0|    32|          0|
    |p_read_1186_reg_30987                                                |    32|   0|    32|          0|
    |p_read_1187_reg_30993                                                |    32|   0|    32|          0|
    |p_read_1188_reg_30999                                                |    32|   0|    32|          0|
    |p_read_1189_reg_31005                                                |    32|   0|    32|          0|
    |p_read_118_reg_28036                                                 |    32|   0|    32|          0|
    |p_read_1190_reg_31011                                                |    32|   0|    32|          0|
    |p_read_1191_reg_31017                                                |    32|   0|    32|          0|
    |p_read_1192_reg_31023                                                |    32|   0|    32|          0|
    |p_read_1193_reg_31029                                                |    32|   0|    32|          0|
    |p_read_1194_reg_31035                                                |    32|   0|    32|          0|
    |p_read_1195_reg_31041                                                |    32|   0|    32|          0|
    |p_read_1196_reg_31047                                                |    32|   0|    32|          0|
    |p_read_1197_reg_31053                                                |    32|   0|    32|          0|
    |p_read_1198_reg_31059                                                |    32|   0|    32|          0|
    |p_read_1199_reg_31065                                                |    32|   0|    32|          0|
    |p_read_119_reg_28041                                                 |    32|   0|    32|          0|
    |p_read_11_reg_36981                                                  |    32|   0|    32|          0|
    |p_read_1200_reg_31071                                                |    32|   0|    32|          0|
    |p_read_1201_reg_31077                                                |    32|   0|    32|          0|
    |p_read_1202_reg_31083                                                |    32|   0|    32|          0|
    |p_read_1203_reg_31089                                                |    32|   0|    32|          0|
    |p_read_1204_reg_31095                                                |    32|   0|    32|          0|
    |p_read_1205_reg_31101                                                |    32|   0|    32|          0|
    |p_read_1206_reg_31107                                                |    32|   0|    32|          0|
    |p_read_1207_reg_31113                                                |    32|   0|    32|          0|
    |p_read_1208_reg_31119                                                |    32|   0|    32|          0|
    |p_read_1209_reg_31125                                                |    32|   0|    32|          0|
    |p_read_120_reg_28046                                                 |    32|   0|    32|          0|
    |p_read_1210_reg_37383                                                |    32|   0|    32|          0|
    |p_read_1211_reg_31131                                                |    32|   0|    32|          0|
    |p_read_1212_reg_31137                                                |    32|   0|    32|          0|
    |p_read_1213_reg_31143                                                |    32|   0|    32|          0|
    |p_read_1214_reg_31149                                                |    32|   0|    32|          0|
    |p_read_1215_reg_31155                                                |    32|   0|    32|          0|
    |p_read_1216_reg_31161                                                |    32|   0|    32|          0|
    |p_read_1217_reg_31167                                                |    32|   0|    32|          0|
    |p_read_1218_reg_31173                                                |    32|   0|    32|          0|
    |p_read_1219_reg_31179                                                |    32|   0|    32|          0|
    |p_read_121_reg_28051                                                 |    32|   0|    32|          0|
    |p_read_1220_reg_31185                                                |    32|   0|    32|          0|
    |p_read_1221_reg_31191                                                |    32|   0|    32|          0|
    |p_read_1222_reg_31197                                                |    32|   0|    32|          0|
    |p_read_1223_reg_31203                                                |    32|   0|    32|          0|
    |p_read_1224_reg_31209                                                |    32|   0|    32|          0|
    |p_read_1225_reg_31215                                                |    32|   0|    32|          0|
    |p_read_1226_reg_31221                                                |    32|   0|    32|          0|
    |p_read_1227_reg_31227                                                |    32|   0|    32|          0|
    |p_read_1228_reg_31233                                                |    32|   0|    32|          0|
    |p_read_1229_reg_31239                                                |    32|   0|    32|          0|
    |p_read_122_reg_28056                                                 |    32|   0|    32|          0|
    |p_read_1230_reg_31245                                                |    32|   0|    32|          0|
    |p_read_1231_reg_31251                                                |    32|   0|    32|          0|
    |p_read_1232_reg_31257                                                |    32|   0|    32|          0|
    |p_read_1233_reg_31263                                                |    32|   0|    32|          0|
    |p_read_1234_reg_31269                                                |    32|   0|    32|          0|
    |p_read_1235_reg_31275                                                |    32|   0|    32|          0|
    |p_read_1236_reg_31281                                                |    32|   0|    32|          0|
    |p_read_1237_reg_31287                                                |    32|   0|    32|          0|
    |p_read_1238_reg_31293                                                |    32|   0|    32|          0|
    |p_read_1239_reg_31299                                                |    32|   0|    32|          0|
    |p_read_123_reg_28061                                                 |    32|   0|    32|          0|
    |p_read_1240_reg_31305                                                |    32|   0|    32|          0|
    |p_read_1241_reg_37389                                                |    32|   0|    32|          0|
    |p_read_1242_reg_31311                                                |    32|   0|    32|          0|
    |p_read_1243_reg_31317                                                |    32|   0|    32|          0|
    |p_read_1244_reg_31323                                                |    32|   0|    32|          0|
    |p_read_1245_reg_31329                                                |    32|   0|    32|          0|
    |p_read_1246_reg_31335                                                |    32|   0|    32|          0|
    |p_read_1247_reg_31341                                                |    32|   0|    32|          0|
    |p_read_1248_reg_31347                                                |    32|   0|    32|          0|
    |p_read_1249_reg_31353                                                |    32|   0|    32|          0|
    |p_read_124_reg_28066                                                 |    32|   0|    32|          0|
    |p_read_1250_reg_31359                                                |    32|   0|    32|          0|
    |p_read_1251_reg_31365                                                |    32|   0|    32|          0|
    |p_read_1252_reg_31371                                                |    32|   0|    32|          0|
    |p_read_1253_reg_31377                                                |    32|   0|    32|          0|
    |p_read_1254_reg_31383                                                |    32|   0|    32|          0|
    |p_read_1255_reg_31389                                                |    32|   0|    32|          0|
    |p_read_1256_reg_31395                                                |    32|   0|    32|          0|
    |p_read_1257_reg_31401                                                |    32|   0|    32|          0|
    |p_read_1258_reg_31407                                                |    32|   0|    32|          0|
    |p_read_1259_reg_31413                                                |    32|   0|    32|          0|
    |p_read_125_reg_37101                                                 |    32|   0|    32|          0|
    |p_read_1260_reg_31419                                                |    32|   0|    32|          0|
    |p_read_1261_reg_31425                                                |    32|   0|    32|          0|
    |p_read_1262_reg_31431                                                |    32|   0|    32|          0|
    |p_read_1263_reg_31437                                                |    32|   0|    32|          0|
    |p_read_1264_reg_31443                                                |    32|   0|    32|          0|
    |p_read_1265_reg_31449                                                |    32|   0|    32|          0|
    |p_read_1266_reg_31455                                                |    32|   0|    32|          0|
    |p_read_1267_reg_31461                                                |    32|   0|    32|          0|
    |p_read_1268_reg_31467                                                |    32|   0|    32|          0|
    |p_read_1269_reg_31473                                                |    32|   0|    32|          0|
    |p_read_126_reg_28071                                                 |    32|   0|    32|          0|
    |p_read_1270_reg_31479                                                |    32|   0|    32|          0|
    |p_read_1271_reg_31485                                                |    32|   0|    32|          0|
    |p_read_1272_reg_37395                                                |    32|   0|    32|          0|
    |p_read_1273_reg_31491                                                |    32|   0|    32|          0|
    |p_read_1274_reg_31497                                                |    32|   0|    32|          0|
    |p_read_1275_reg_31503                                                |    32|   0|    32|          0|
    |p_read_1276_reg_31509                                                |    32|   0|    32|          0|
    |p_read_1277_reg_31515                                                |    32|   0|    32|          0|
    |p_read_1278_reg_31521                                                |    32|   0|    32|          0|
    |p_read_1279_reg_31527                                                |    32|   0|    32|          0|
    |p_read_127_reg_28076                                                 |    32|   0|    32|          0|
    |p_read_1280_reg_31533                                                |    32|   0|    32|          0|
    |p_read_1281_reg_31539                                                |    32|   0|    32|          0|
    |p_read_1282_reg_31545                                                |    32|   0|    32|          0|
    |p_read_1283_reg_31551                                                |    32|   0|    32|          0|
    |p_read_1284_reg_31557                                                |    32|   0|    32|          0|
    |p_read_1285_reg_31563                                                |    32|   0|    32|          0|
    |p_read_1286_reg_31569                                                |    32|   0|    32|          0|
    |p_read_1287_reg_31575                                                |    32|   0|    32|          0|
    |p_read_1288_reg_31581                                                |    32|   0|    32|          0|
    |p_read_1289_reg_31587                                                |    32|   0|    32|          0|
    |p_read_128_reg_28081                                                 |    32|   0|    32|          0|
    |p_read_1290_reg_31593                                                |    32|   0|    32|          0|
    |p_read_1291_reg_31599                                                |    32|   0|    32|          0|
    |p_read_1292_reg_31605                                                |    32|   0|    32|          0|
    |p_read_1293_reg_31611                                                |    32|   0|    32|          0|
    |p_read_1294_reg_31617                                                |    32|   0|    32|          0|
    |p_read_1295_reg_31623                                                |    32|   0|    32|          0|
    |p_read_1296_reg_31629                                                |    32|   0|    32|          0|
    |p_read_1297_reg_31635                                                |    32|   0|    32|          0|
    |p_read_1298_reg_31641                                                |    32|   0|    32|          0|
    |p_read_1299_reg_31647                                                |    32|   0|    32|          0|
    |p_read_129_reg_28086                                                 |    32|   0|    32|          0|
    |p_read_12_reg_36986                                                  |    32|   0|    32|          0|
    |p_read_1300_reg_31653                                                |    32|   0|    32|          0|
    |p_read_1301_reg_31659                                                |    32|   0|    32|          0|
    |p_read_1302_reg_31665                                                |    32|   0|    32|          0|
    |p_read_1303_reg_37401                                                |    32|   0|    32|          0|
    |p_read_1304_reg_31671                                                |    32|   0|    32|          0|
    |p_read_1305_reg_31677                                                |    32|   0|    32|          0|
    |p_read_1306_reg_31683                                                |    32|   0|    32|          0|
    |p_read_1307_reg_31689                                                |    32|   0|    32|          0|
    |p_read_1308_reg_31695                                                |    32|   0|    32|          0|
    |p_read_1309_reg_31701                                                |    32|   0|    32|          0|
    |p_read_130_reg_28091                                                 |    32|   0|    32|          0|
    |p_read_1310_reg_31707                                                |    32|   0|    32|          0|
    |p_read_1311_reg_31713                                                |    32|   0|    32|          0|
    |p_read_1312_reg_31719                                                |    32|   0|    32|          0|
    |p_read_1313_reg_31725                                                |    32|   0|    32|          0|
    |p_read_1314_reg_31731                                                |    32|   0|    32|          0|
    |p_read_1315_reg_31737                                                |    32|   0|    32|          0|
    |p_read_1316_reg_31743                                                |    32|   0|    32|          0|
    |p_read_1317_reg_31749                                                |    32|   0|    32|          0|
    |p_read_1318_reg_31755                                                |    32|   0|    32|          0|
    |p_read_1319_reg_31761                                                |    32|   0|    32|          0|
    |p_read_131_reg_28096                                                 |    32|   0|    32|          0|
    |p_read_1320_reg_31767                                                |    32|   0|    32|          0|
    |p_read_1321_reg_31773                                                |    32|   0|    32|          0|
    |p_read_1322_reg_31779                                                |    32|   0|    32|          0|
    |p_read_1323_reg_31785                                                |    32|   0|    32|          0|
    |p_read_1324_reg_31791                                                |    32|   0|    32|          0|
    |p_read_1325_reg_31797                                                |    32|   0|    32|          0|
    |p_read_1326_reg_31803                                                |    32|   0|    32|          0|
    |p_read_1327_reg_31809                                                |    32|   0|    32|          0|
    |p_read_1328_reg_31815                                                |    32|   0|    32|          0|
    |p_read_1329_reg_31821                                                |    32|   0|    32|          0|
    |p_read_132_reg_28101                                                 |    32|   0|    32|          0|
    |p_read_1330_reg_31827                                                |    32|   0|    32|          0|
    |p_read_1331_reg_31833                                                |    32|   0|    32|          0|
    |p_read_1332_reg_31839                                                |    32|   0|    32|          0|
    |p_read_1333_reg_31845                                                |    32|   0|    32|          0|
    |p_read_1334_reg_37407                                                |    32|   0|    32|          0|
    |p_read_1335_reg_31851                                                |    32|   0|    32|          0|
    |p_read_1336_reg_31857                                                |    32|   0|    32|          0|
    |p_read_1337_reg_31863                                                |    32|   0|    32|          0|
    |p_read_1338_reg_31869                                                |    32|   0|    32|          0|
    |p_read_1339_reg_31875                                                |    32|   0|    32|          0|
    |p_read_133_reg_28106                                                 |    32|   0|    32|          0|
    |p_read_1340_reg_31881                                                |    32|   0|    32|          0|
    |p_read_1341_reg_31887                                                |    32|   0|    32|          0|
    |p_read_1342_reg_31893                                                |    32|   0|    32|          0|
    |p_read_1343_reg_31899                                                |    32|   0|    32|          0|
    |p_read_1344_reg_31905                                                |    32|   0|    32|          0|
    |p_read_1345_reg_31911                                                |    32|   0|    32|          0|
    |p_read_1346_reg_31917                                                |    32|   0|    32|          0|
    |p_read_1347_reg_31923                                                |    32|   0|    32|          0|
    |p_read_1348_reg_31929                                                |    32|   0|    32|          0|
    |p_read_1349_reg_31935                                                |    32|   0|    32|          0|
    |p_read_134_reg_28111                                                 |    32|   0|    32|          0|
    |p_read_1350_reg_31941                                                |    32|   0|    32|          0|
    |p_read_1351_reg_31947                                                |    32|   0|    32|          0|
    |p_read_1352_reg_31953                                                |    32|   0|    32|          0|
    |p_read_1353_reg_31959                                                |    32|   0|    32|          0|
    |p_read_1354_reg_31965                                                |    32|   0|    32|          0|
    |p_read_1355_reg_31971                                                |    32|   0|    32|          0|
    |p_read_1356_reg_31977                                                |    32|   0|    32|          0|
    |p_read_1357_reg_31983                                                |    32|   0|    32|          0|
    |p_read_1358_reg_31989                                                |    32|   0|    32|          0|
    |p_read_1359_reg_31995                                                |    32|   0|    32|          0|
    |p_read_135_reg_28116                                                 |    32|   0|    32|          0|
    |p_read_1360_reg_32001                                                |    32|   0|    32|          0|
    |p_read_1361_reg_32007                                                |    32|   0|    32|          0|
    |p_read_1362_reg_32013                                                |    32|   0|    32|          0|
    |p_read_1363_reg_32019                                                |    32|   0|    32|          0|
    |p_read_1364_reg_32025                                                |    32|   0|    32|          0|
    |p_read_1365_reg_37413                                                |    32|   0|    32|          0|
    |p_read_1366_reg_32031                                                |    32|   0|    32|          0|
    |p_read_1367_reg_32037                                                |    32|   0|    32|          0|
    |p_read_1368_reg_32043                                                |    32|   0|    32|          0|
    |p_read_1369_reg_32049                                                |    32|   0|    32|          0|
    |p_read_136_reg_28121                                                 |    32|   0|    32|          0|
    |p_read_1370_reg_32055                                                |    32|   0|    32|          0|
    |p_read_1371_reg_32061                                                |    32|   0|    32|          0|
    |p_read_1372_reg_32067                                                |    32|   0|    32|          0|
    |p_read_1373_reg_32073                                                |    32|   0|    32|          0|
    |p_read_1374_reg_32079                                                |    32|   0|    32|          0|
    |p_read_1375_reg_32085                                                |    32|   0|    32|          0|
    |p_read_1376_reg_32091                                                |    32|   0|    32|          0|
    |p_read_1377_reg_32097                                                |    32|   0|    32|          0|
    |p_read_1378_reg_32103                                                |    32|   0|    32|          0|
    |p_read_1379_reg_32109                                                |    32|   0|    32|          0|
    |p_read_137_reg_28126                                                 |    32|   0|    32|          0|
    |p_read_1380_reg_32115                                                |    32|   0|    32|          0|
    |p_read_1381_reg_32121                                                |    32|   0|    32|          0|
    |p_read_1382_reg_32127                                                |    32|   0|    32|          0|
    |p_read_1383_reg_32133                                                |    32|   0|    32|          0|
    |p_read_1384_reg_32139                                                |    32|   0|    32|          0|
    |p_read_1385_reg_32145                                                |    32|   0|    32|          0|
    |p_read_1386_reg_32151                                                |    32|   0|    32|          0|
    |p_read_1387_reg_32157                                                |    32|   0|    32|          0|
    |p_read_1388_reg_32163                                                |    32|   0|    32|          0|
    |p_read_1389_reg_32169                                                |    32|   0|    32|          0|
    |p_read_138_reg_28131                                                 |    32|   0|    32|          0|
    |p_read_1390_reg_32175                                                |    32|   0|    32|          0|
    |p_read_1391_reg_32181                                                |    32|   0|    32|          0|
    |p_read_1392_reg_32187                                                |    32|   0|    32|          0|
    |p_read_1393_reg_32193                                                |    32|   0|    32|          0|
    |p_read_1394_reg_32199                                                |    32|   0|    32|          0|
    |p_read_1395_reg_32205                                                |    32|   0|    32|          0|
    |p_read_1396_reg_37419                                                |    32|   0|    32|          0|
    |p_read_1397_reg_32211                                                |    32|   0|    32|          0|
    |p_read_1398_reg_32217                                                |    32|   0|    32|          0|
    |p_read_1399_reg_32223                                                |    32|   0|    32|          0|
    |p_read_139_reg_28136                                                 |    32|   0|    32|          0|
    |p_read_13_reg_36991                                                  |    32|   0|    32|          0|
    |p_read_1400_reg_32229                                                |    32|   0|    32|          0|
    |p_read_1401_reg_32235                                                |    32|   0|    32|          0|
    |p_read_1402_reg_32241                                                |    32|   0|    32|          0|
    |p_read_1403_reg_32247                                                |    32|   0|    32|          0|
    |p_read_1404_reg_32253                                                |    32|   0|    32|          0|
    |p_read_1405_reg_32259                                                |    32|   0|    32|          0|
    |p_read_1406_reg_32265                                                |    32|   0|    32|          0|
    |p_read_1407_reg_32271                                                |    32|   0|    32|          0|
    |p_read_1408_reg_32277                                                |    32|   0|    32|          0|
    |p_read_1409_reg_32283                                                |    32|   0|    32|          0|
    |p_read_140_reg_28141                                                 |    32|   0|    32|          0|
    |p_read_1410_reg_32289                                                |    32|   0|    32|          0|
    |p_read_1411_reg_32295                                                |    32|   0|    32|          0|
    |p_read_1412_reg_32301                                                |    32|   0|    32|          0|
    |p_read_1413_reg_32307                                                |    32|   0|    32|          0|
    |p_read_1414_reg_32313                                                |    32|   0|    32|          0|
    |p_read_1415_reg_32319                                                |    32|   0|    32|          0|
    |p_read_1416_reg_32325                                                |    32|   0|    32|          0|
    |p_read_1417_reg_32331                                                |    32|   0|    32|          0|
    |p_read_1418_reg_32337                                                |    32|   0|    32|          0|
    |p_read_1419_reg_32343                                                |    32|   0|    32|          0|
    |p_read_141_reg_28146                                                 |    32|   0|    32|          0|
    |p_read_1420_reg_32349                                                |    32|   0|    32|          0|
    |p_read_1421_reg_32355                                                |    32|   0|    32|          0|
    |p_read_1422_reg_32361                                                |    32|   0|    32|          0|
    |p_read_1423_reg_32367                                                |    32|   0|    32|          0|
    |p_read_1424_reg_32373                                                |    32|   0|    32|          0|
    |p_read_1425_reg_32379                                                |    32|   0|    32|          0|
    |p_read_1426_reg_32385                                                |    32|   0|    32|          0|
    |p_read_1427_reg_37425                                                |    32|   0|    32|          0|
    |p_read_1428_reg_32391                                                |    32|   0|    32|          0|
    |p_read_1429_reg_32397                                                |    32|   0|    32|          0|
    |p_read_142_reg_28151                                                 |    32|   0|    32|          0|
    |p_read_1430_reg_32403                                                |    32|   0|    32|          0|
    |p_read_1431_reg_32409                                                |    32|   0|    32|          0|
    |p_read_1432_reg_32415                                                |    32|   0|    32|          0|
    |p_read_1433_reg_32421                                                |    32|   0|    32|          0|
    |p_read_1434_reg_32427                                                |    32|   0|    32|          0|
    |p_read_1435_reg_32433                                                |    32|   0|    32|          0|
    |p_read_1436_reg_32439                                                |    32|   0|    32|          0|
    |p_read_1437_reg_32445                                                |    32|   0|    32|          0|
    |p_read_1438_reg_32451                                                |    32|   0|    32|          0|
    |p_read_1439_reg_32457                                                |    32|   0|    32|          0|
    |p_read_143_reg_28156                                                 |    32|   0|    32|          0|
    |p_read_1440_reg_32463                                                |    32|   0|    32|          0|
    |p_read_1441_reg_32469                                                |    32|   0|    32|          0|
    |p_read_1442_reg_32475                                                |    32|   0|    32|          0|
    |p_read_1443_reg_32481                                                |    32|   0|    32|          0|
    |p_read_1444_reg_32487                                                |    32|   0|    32|          0|
    |p_read_1445_reg_32493                                                |    32|   0|    32|          0|
    |p_read_1446_reg_32499                                                |    32|   0|    32|          0|
    |p_read_1447_reg_32505                                                |    32|   0|    32|          0|
    |p_read_1448_reg_32511                                                |    32|   0|    32|          0|
    |p_read_1449_reg_32517                                                |    32|   0|    32|          0|
    |p_read_144_reg_28161                                                 |    32|   0|    32|          0|
    |p_read_1450_reg_32523                                                |    32|   0|    32|          0|
    |p_read_1451_reg_32529                                                |    32|   0|    32|          0|
    |p_read_1452_reg_32535                                                |    32|   0|    32|          0|
    |p_read_1453_reg_32541                                                |    32|   0|    32|          0|
    |p_read_1454_reg_32547                                                |    32|   0|    32|          0|
    |p_read_1455_reg_32553                                                |    32|   0|    32|          0|
    |p_read_1456_reg_32559                                                |    32|   0|    32|          0|
    |p_read_1457_reg_32565                                                |    32|   0|    32|          0|
    |p_read_1458_reg_34671                                                |    32|   0|    32|          0|
    |p_read_1459_reg_24741                                                |    32|   0|    32|          0|
    |p_read_145_reg_28166                                                 |    32|   0|    32|          0|
    |p_read_1460_reg_24747                                                |    32|   0|    32|          0|
    |p_read_1461_reg_24753                                                |    32|   0|    32|          0|
    |p_read_1462_reg_24759                                                |    32|   0|    32|          0|
    |p_read_1463_reg_24765                                                |    32|   0|    32|          0|
    |p_read_1464_reg_24771                                                |    32|   0|    32|          0|
    |p_read_1465_reg_24777                                                |    32|   0|    32|          0|
    |p_read_1466_reg_24783                                                |    32|   0|    32|          0|
    |p_read_1467_reg_24789                                                |    32|   0|    32|          0|
    |p_read_1468_reg_24795                                                |    32|   0|    32|          0|
    |p_read_1469_reg_24801                                                |    32|   0|    32|          0|
    |p_read_146_reg_28171                                                 |    32|   0|    32|          0|
    |p_read_1470_reg_24807                                                |    32|   0|    32|          0|
    |p_read_1471_reg_24813                                                |    32|   0|    32|          0|
    |p_read_1472_reg_24819                                                |    32|   0|    32|          0|
    |p_read_1473_reg_24825                                                |    32|   0|    32|          0|
    |p_read_1474_reg_24831                                                |    32|   0|    32|          0|
    |p_read_1475_reg_24837                                                |    32|   0|    32|          0|
    |p_read_1476_reg_24843                                                |    32|   0|    32|          0|
    |p_read_1477_reg_24849                                                |    32|   0|    32|          0|
    |p_read_1478_reg_24855                                                |    32|   0|    32|          0|
    |p_read_1479_reg_24861                                                |    32|   0|    32|          0|
    |p_read_147_reg_28176                                                 |    32|   0|    32|          0|
    |p_read_1480_reg_24867                                                |    32|   0|    32|          0|
    |p_read_1481_reg_24873                                                |    32|   0|    32|          0|
    |p_read_1482_reg_24879                                                |    32|   0|    32|          0|
    |p_read_1483_reg_24885                                                |    32|   0|    32|          0|
    |p_read_1484_reg_24891                                                |    32|   0|    32|          0|
    |p_read_1485_reg_24897                                                |    32|   0|    32|          0|
    |p_read_1486_reg_24903                                                |    32|   0|    32|          0|
    |p_read_1487_reg_24909                                                |    32|   0|    32|          0|
    |p_read_1488_reg_24915                                                |    32|   0|    32|          0|
    |p_read_1489_reg_34677                                                |    32|   0|    32|          0|
    |p_read_148_reg_28181                                                 |    32|   0|    32|          0|
    |p_read_1490_reg_24921                                                |    32|   0|    32|          0|
    |p_read_1491_reg_24927                                                |    32|   0|    32|          0|
    |p_read_1492_reg_24933                                                |    32|   0|    32|          0|
    |p_read_1493_reg_24939                                                |    32|   0|    32|          0|
    |p_read_1494_reg_24945                                                |    32|   0|    32|          0|
    |p_read_1495_reg_24951                                                |    32|   0|    32|          0|
    |p_read_1496_reg_24957                                                |    32|   0|    32|          0|
    |p_read_1497_reg_24963                                                |    32|   0|    32|          0|
    |p_read_1498_reg_24969                                                |    32|   0|    32|          0|
    |p_read_1499_reg_24975                                                |    32|   0|    32|          0|
    |p_read_149_reg_28186                                                 |    32|   0|    32|          0|
    |p_read_14_reg_36996                                                  |    32|   0|    32|          0|
    |p_read_1500_reg_24981                                                |    32|   0|    32|          0|
    |p_read_1501_reg_24987                                                |    32|   0|    32|          0|
    |p_read_1502_reg_24993                                                |    32|   0|    32|          0|
    |p_read_1503_reg_24999                                                |    32|   0|    32|          0|
    |p_read_1504_reg_25005                                                |    32|   0|    32|          0|
    |p_read_1505_reg_25011                                                |    32|   0|    32|          0|
    |p_read_1506_reg_25017                                                |    32|   0|    32|          0|
    |p_read_1507_reg_25023                                                |    32|   0|    32|          0|
    |p_read_1508_reg_25029                                                |    32|   0|    32|          0|
    |p_read_1509_reg_25035                                                |    32|   0|    32|          0|
    |p_read_150_reg_28191                                                 |    32|   0|    32|          0|
    |p_read_1510_reg_25041                                                |    32|   0|    32|          0|
    |p_read_1511_reg_25047                                                |    32|   0|    32|          0|
    |p_read_1512_reg_25053                                                |    32|   0|    32|          0|
    |p_read_1513_reg_25059                                                |    32|   0|    32|          0|
    |p_read_1514_reg_25065                                                |    32|   0|    32|          0|
    |p_read_1515_reg_25071                                                |    32|   0|    32|          0|
    |p_read_1516_reg_25077                                                |    32|   0|    32|          0|
    |p_read_1517_reg_25083                                                |    32|   0|    32|          0|
    |p_read_1518_reg_25089                                                |    32|   0|    32|          0|
    |p_read_1519_reg_25095                                                |    32|   0|    32|          0|
    |p_read_151_reg_28196                                                 |    32|   0|    32|          0|
    |p_read_1520_reg_34683                                                |    32|   0|    32|          0|
    |p_read_1521_reg_25101                                                |    32|   0|    32|          0|
    |p_read_1522_reg_25107                                                |    32|   0|    32|          0|
    |p_read_1523_reg_25113                                                |    32|   0|    32|          0|
    |p_read_1524_reg_25119                                                |    32|   0|    32|          0|
    |p_read_1525_reg_25125                                                |    32|   0|    32|          0|
    |p_read_1526_reg_25131                                                |    32|   0|    32|          0|
    |p_read_1527_reg_25137                                                |    32|   0|    32|          0|
    |p_read_1528_reg_25143                                                |    32|   0|    32|          0|
    |p_read_1529_reg_25149                                                |    32|   0|    32|          0|
    |p_read_152_reg_28201                                                 |    32|   0|    32|          0|
    |p_read_1530_reg_25155                                                |    32|   0|    32|          0|
    |p_read_1531_reg_25161                                                |    32|   0|    32|          0|
    |p_read_1532_reg_25167                                                |    32|   0|    32|          0|
    |p_read_1533_reg_25173                                                |    32|   0|    32|          0|
    |p_read_1534_reg_25179                                                |    32|   0|    32|          0|
    |p_read_1535_reg_25185                                                |    32|   0|    32|          0|
    |p_read_1536_reg_25191                                                |    32|   0|    32|          0|
    |p_read_1537_reg_25197                                                |    32|   0|    32|          0|
    |p_read_1538_reg_25203                                                |    32|   0|    32|          0|
    |p_read_1539_reg_25209                                                |    32|   0|    32|          0|
    |p_read_153_reg_28206                                                 |    32|   0|    32|          0|
    |p_read_1540_reg_25215                                                |    32|   0|    32|          0|
    |p_read_1541_reg_25221                                                |    32|   0|    32|          0|
    |p_read_1542_reg_25227                                                |    32|   0|    32|          0|
    |p_read_1543_reg_25233                                                |    32|   0|    32|          0|
    |p_read_1544_reg_25239                                                |    32|   0|    32|          0|
    |p_read_1545_reg_25245                                                |    32|   0|    32|          0|
    |p_read_1546_reg_25251                                                |    32|   0|    32|          0|
    |p_read_1547_reg_25257                                                |    32|   0|    32|          0|
    |p_read_1548_reg_25263                                                |    32|   0|    32|          0|
    |p_read_1549_reg_25269                                                |    32|   0|    32|          0|
    |p_read_154_reg_28211                                                 |    32|   0|    32|          0|
    |p_read_1550_reg_25275                                                |    32|   0|    32|          0|
    |p_read_1551_reg_34689                                                |    32|   0|    32|          0|
    |p_read_1552_reg_25281                                                |    32|   0|    32|          0|
    |p_read_1553_reg_25287                                                |    32|   0|    32|          0|
    |p_read_1554_reg_25293                                                |    32|   0|    32|          0|
    |p_read_1555_reg_25299                                                |    32|   0|    32|          0|
    |p_read_1556_reg_25305                                                |    32|   0|    32|          0|
    |p_read_1557_reg_25311                                                |    32|   0|    32|          0|
    |p_read_1558_reg_25317                                                |    32|   0|    32|          0|
    |p_read_1559_reg_25323                                                |    32|   0|    32|          0|
    |p_read_155_reg_28216                                                 |    32|   0|    32|          0|
    |p_read_1560_reg_25329                                                |    32|   0|    32|          0|
    |p_read_1561_reg_25335                                                |    32|   0|    32|          0|
    |p_read_1562_reg_25341                                                |    32|   0|    32|          0|
    |p_read_1563_reg_25347                                                |    32|   0|    32|          0|
    |p_read_1564_reg_25353                                                |    32|   0|    32|          0|
    |p_read_1565_reg_25359                                                |    32|   0|    32|          0|
    |p_read_1566_reg_25365                                                |    32|   0|    32|          0|
    |p_read_1567_reg_25371                                                |    32|   0|    32|          0|
    |p_read_1568_reg_25377                                                |    32|   0|    32|          0|
    |p_read_1569_reg_25383                                                |    32|   0|    32|          0|
    |p_read_156_reg_37106                                                 |    32|   0|    32|          0|
    |p_read_1570_reg_25389                                                |    32|   0|    32|          0|
    |p_read_1571_reg_25395                                                |    32|   0|    32|          0|
    |p_read_1572_reg_25401                                                |    32|   0|    32|          0|
    |p_read_1573_reg_25407                                                |    32|   0|    32|          0|
    |p_read_1574_reg_25413                                                |    32|   0|    32|          0|
    |p_read_1575_reg_25419                                                |    32|   0|    32|          0|
    |p_read_1576_reg_25425                                                |    32|   0|    32|          0|
    |p_read_1577_reg_25431                                                |    32|   0|    32|          0|
    |p_read_1578_reg_25437                                                |    32|   0|    32|          0|
    |p_read_1579_reg_25443                                                |    32|   0|    32|          0|
    |p_read_157_reg_28221                                                 |    32|   0|    32|          0|
    |p_read_1580_reg_25449                                                |    32|   0|    32|          0|
    |p_read_1581_reg_25455                                                |    32|   0|    32|          0|
    |p_read_1582_reg_34695                                                |    32|   0|    32|          0|
    |p_read_1583_reg_25461                                                |    32|   0|    32|          0|
    |p_read_1584_reg_25467                                                |    32|   0|    32|          0|
    |p_read_1585_reg_25473                                                |    32|   0|    32|          0|
    |p_read_1586_reg_25479                                                |    32|   0|    32|          0|
    |p_read_1587_reg_25485                                                |    32|   0|    32|          0|
    |p_read_1588_reg_25491                                                |    32|   0|    32|          0|
    |p_read_1589_reg_25497                                                |    32|   0|    32|          0|
    |p_read_158_reg_28226                                                 |    32|   0|    32|          0|
    |p_read_1590_reg_25503                                                |    32|   0|    32|          0|
    |p_read_1591_reg_25509                                                |    32|   0|    32|          0|
    |p_read_1592_reg_25515                                                |    32|   0|    32|          0|
    |p_read_1593_reg_25521                                                |    32|   0|    32|          0|
    |p_read_1594_reg_25527                                                |    32|   0|    32|          0|
    |p_read_1595_reg_25533                                                |    32|   0|    32|          0|
    |p_read_1596_reg_25539                                                |    32|   0|    32|          0|
    |p_read_1597_reg_25545                                                |    32|   0|    32|          0|
    |p_read_1598_reg_25551                                                |    32|   0|    32|          0|
    |p_read_1599_reg_25557                                                |    32|   0|    32|          0|
    |p_read_159_reg_28231                                                 |    32|   0|    32|          0|
    |p_read_15_reg_37001                                                  |    32|   0|    32|          0|
    |p_read_1600_reg_25563                                                |    32|   0|    32|          0|
    |p_read_1601_reg_25569                                                |    32|   0|    32|          0|
    |p_read_1602_reg_25575                                                |    32|   0|    32|          0|
    |p_read_1603_reg_25581                                                |    32|   0|    32|          0|
    |p_read_1604_reg_25587                                                |    32|   0|    32|          0|
    |p_read_1605_reg_25593                                                |    32|   0|    32|          0|
    |p_read_1606_reg_25599                                                |    32|   0|    32|          0|
    |p_read_1607_reg_25605                                                |    32|   0|    32|          0|
    |p_read_1608_reg_25611                                                |    32|   0|    32|          0|
    |p_read_1609_reg_25617                                                |    32|   0|    32|          0|
    |p_read_160_reg_28236                                                 |    32|   0|    32|          0|
    |p_read_1610_reg_25623                                                |    32|   0|    32|          0|
    |p_read_1611_reg_25629                                                |    32|   0|    32|          0|
    |p_read_1612_reg_25635                                                |    32|   0|    32|          0|
    |p_read_1613_reg_34701                                                |    32|   0|    32|          0|
    |p_read_1614_reg_25641                                                |    32|   0|    32|          0|
    |p_read_1615_reg_25647                                                |    32|   0|    32|          0|
    |p_read_1616_reg_25653                                                |    32|   0|    32|          0|
    |p_read_1617_reg_25659                                                |    32|   0|    32|          0|
    |p_read_1618_reg_25665                                                |    32|   0|    32|          0|
    |p_read_1619_reg_25671                                                |    32|   0|    32|          0|
    |p_read_161_reg_28241                                                 |    32|   0|    32|          0|
    |p_read_1620_reg_25677                                                |    32|   0|    32|          0|
    |p_read_1621_reg_25683                                                |    32|   0|    32|          0|
    |p_read_1622_reg_25689                                                |    32|   0|    32|          0|
    |p_read_1623_reg_25695                                                |    32|   0|    32|          0|
    |p_read_1624_reg_25701                                                |    32|   0|    32|          0|
    |p_read_1625_reg_25707                                                |    32|   0|    32|          0|
    |p_read_1626_reg_25713                                                |    32|   0|    32|          0|
    |p_read_1627_reg_25719                                                |    32|   0|    32|          0|
    |p_read_1628_reg_25725                                                |    32|   0|    32|          0|
    |p_read_1629_reg_25731                                                |    32|   0|    32|          0|
    |p_read_162_reg_28246                                                 |    32|   0|    32|          0|
    |p_read_1630_reg_25737                                                |    32|   0|    32|          0|
    |p_read_1631_reg_25743                                                |    32|   0|    32|          0|
    |p_read_1632_reg_25749                                                |    32|   0|    32|          0|
    |p_read_1633_reg_25755                                                |    32|   0|    32|          0|
    |p_read_1634_reg_25761                                                |    32|   0|    32|          0|
    |p_read_1635_reg_25767                                                |    32|   0|    32|          0|
    |p_read_1636_reg_25773                                                |    32|   0|    32|          0|
    |p_read_1637_reg_25779                                                |    32|   0|    32|          0|
    |p_read_1638_reg_25785                                                |    32|   0|    32|          0|
    |p_read_1639_reg_25791                                                |    32|   0|    32|          0|
    |p_read_163_reg_28251                                                 |    32|   0|    32|          0|
    |p_read_1640_reg_25797                                                |    32|   0|    32|          0|
    |p_read_1641_reg_25803                                                |    32|   0|    32|          0|
    |p_read_1642_reg_25809                                                |    32|   0|    32|          0|
    |p_read_1643_reg_25815                                                |    32|   0|    32|          0|
    |p_read_1644_reg_34707                                                |    32|   0|    32|          0|
    |p_read_1645_reg_25821                                                |    32|   0|    32|          0|
    |p_read_1646_reg_25827                                                |    32|   0|    32|          0|
    |p_read_1647_reg_25833                                                |    32|   0|    32|          0|
    |p_read_1648_reg_25839                                                |    32|   0|    32|          0|
    |p_read_1649_reg_25845                                                |    32|   0|    32|          0|
    |p_read_164_reg_28256                                                 |    32|   0|    32|          0|
    |p_read_1650_reg_25851                                                |    32|   0|    32|          0|
    |p_read_1651_reg_25857                                                |    32|   0|    32|          0|
    |p_read_1652_reg_25863                                                |    32|   0|    32|          0|
    |p_read_1653_reg_25869                                                |    32|   0|    32|          0|
    |p_read_1654_reg_25875                                                |    32|   0|    32|          0|
    |p_read_1655_reg_25881                                                |    32|   0|    32|          0|
    |p_read_1656_reg_25887                                                |    32|   0|    32|          0|
    |p_read_1657_reg_25893                                                |    32|   0|    32|          0|
    |p_read_1658_reg_25899                                                |    32|   0|    32|          0|
    |p_read_1659_reg_25905                                                |    32|   0|    32|          0|
    |p_read_165_reg_28261                                                 |    32|   0|    32|          0|
    |p_read_1660_reg_25911                                                |    32|   0|    32|          0|
    |p_read_1661_reg_25917                                                |    32|   0|    32|          0|
    |p_read_1662_reg_25923                                                |    32|   0|    32|          0|
    |p_read_1663_reg_25929                                                |    32|   0|    32|          0|
    |p_read_1664_reg_25935                                                |    32|   0|    32|          0|
    |p_read_1665_reg_25941                                                |    32|   0|    32|          0|
    |p_read_1666_reg_25947                                                |    32|   0|    32|          0|
    |p_read_1667_reg_25953                                                |    32|   0|    32|          0|
    |p_read_1668_reg_25959                                                |    32|   0|    32|          0|
    |p_read_1669_reg_25965                                                |    32|   0|    32|          0|
    |p_read_166_reg_28266                                                 |    32|   0|    32|          0|
    |p_read_1670_reg_25971                                                |    32|   0|    32|          0|
    |p_read_1671_reg_25977                                                |    32|   0|    32|          0|
    |p_read_1672_reg_25983                                                |    32|   0|    32|          0|
    |p_read_1673_reg_25989                                                |    32|   0|    32|          0|
    |p_read_1674_reg_25995                                                |    32|   0|    32|          0|
    |p_read_1675_reg_34713                                                |    32|   0|    32|          0|
    |p_read_1676_reg_26001                                                |    32|   0|    32|          0|
    |p_read_1677_reg_26007                                                |    32|   0|    32|          0|
    |p_read_1678_reg_26013                                                |    32|   0|    32|          0|
    |p_read_1679_reg_26019                                                |    32|   0|    32|          0|
    |p_read_167_reg_28271                                                 |    32|   0|    32|          0|
    |p_read_1680_reg_26025                                                |    32|   0|    32|          0|
    |p_read_1681_reg_26031                                                |    32|   0|    32|          0|
    |p_read_1682_reg_26037                                                |    32|   0|    32|          0|
    |p_read_1683_reg_26043                                                |    32|   0|    32|          0|
    |p_read_1684_reg_26049                                                |    32|   0|    32|          0|
    |p_read_1685_reg_26055                                                |    32|   0|    32|          0|
    |p_read_1686_reg_26061                                                |    32|   0|    32|          0|
    |p_read_1687_reg_26067                                                |    32|   0|    32|          0|
    |p_read_1688_reg_26073                                                |    32|   0|    32|          0|
    |p_read_1689_reg_26079                                                |    32|   0|    32|          0|
    |p_read_168_reg_28276                                                 |    32|   0|    32|          0|
    |p_read_1690_reg_26085                                                |    32|   0|    32|          0|
    |p_read_1691_reg_26091                                                |    32|   0|    32|          0|
    |p_read_1692_reg_26097                                                |    32|   0|    32|          0|
    |p_read_1693_reg_26103                                                |    32|   0|    32|          0|
    |p_read_1694_reg_26109                                                |    32|   0|    32|          0|
    |p_read_1695_reg_26115                                                |    32|   0|    32|          0|
    |p_read_1696_reg_26121                                                |    32|   0|    32|          0|
    |p_read_1697_reg_26127                                                |    32|   0|    32|          0|
    |p_read_1698_reg_26133                                                |    32|   0|    32|          0|
    |p_read_1699_reg_26139                                                |    32|   0|    32|          0|
    |p_read_169_reg_28281                                                 |    32|   0|    32|          0|
    |p_read_16_reg_37006                                                  |    32|   0|    32|          0|
    |p_read_1700_reg_26145                                                |    32|   0|    32|          0|
    |p_read_1701_reg_26151                                                |    32|   0|    32|          0|
    |p_read_1702_reg_26157                                                |    32|   0|    32|          0|
    |p_read_1703_reg_26163                                                |    32|   0|    32|          0|
    |p_read_1704_reg_26169                                                |    32|   0|    32|          0|
    |p_read_1705_reg_26175                                                |    32|   0|    32|          0|
    |p_read_1706_reg_34719                                                |    32|   0|    32|          0|
    |p_read_1707_reg_26181                                                |    32|   0|    32|          0|
    |p_read_1708_reg_26187                                                |    32|   0|    32|          0|
    |p_read_1709_reg_26193                                                |    32|   0|    32|          0|
    |p_read_170_reg_28286                                                 |    32|   0|    32|          0|
    |p_read_1710_reg_26199                                                |    32|   0|    32|          0|
    |p_read_1711_reg_26205                                                |    32|   0|    32|          0|
    |p_read_1712_reg_26211                                                |    32|   0|    32|          0|
    |p_read_1713_reg_26217                                                |    32|   0|    32|          0|
    |p_read_1714_reg_26223                                                |    32|   0|    32|          0|
    |p_read_1715_reg_26229                                                |    32|   0|    32|          0|
    |p_read_1716_reg_26235                                                |    32|   0|    32|          0|
    |p_read_1717_reg_26241                                                |    32|   0|    32|          0|
    |p_read_1718_reg_26247                                                |    32|   0|    32|          0|
    |p_read_1719_reg_26253                                                |    32|   0|    32|          0|
    |p_read_171_reg_28291                                                 |    32|   0|    32|          0|
    |p_read_1720_reg_26259                                                |    32|   0|    32|          0|
    |p_read_1721_reg_26265                                                |    32|   0|    32|          0|
    |p_read_1722_reg_26271                                                |    32|   0|    32|          0|
    |p_read_1723_reg_26277                                                |    32|   0|    32|          0|
    |p_read_1724_reg_26283                                                |    32|   0|    32|          0|
    |p_read_1725_reg_26289                                                |    32|   0|    32|          0|
    |p_read_1726_reg_26295                                                |    32|   0|    32|          0|
    |p_read_1727_reg_26301                                                |    32|   0|    32|          0|
    |p_read_1728_reg_26307                                                |    32|   0|    32|          0|
    |p_read_1729_reg_26313                                                |    32|   0|    32|          0|
    |p_read_172_reg_28296                                                 |    32|   0|    32|          0|
    |p_read_1730_reg_26319                                                |    32|   0|    32|          0|
    |p_read_1731_reg_26325                                                |    32|   0|    32|          0|
    |p_read_1732_reg_26331                                                |    32|   0|    32|          0|
    |p_read_1733_reg_26337                                                |    32|   0|    32|          0|
    |p_read_1734_reg_26343                                                |    32|   0|    32|          0|
    |p_read_1735_reg_26349                                                |    32|   0|    32|          0|
    |p_read_1736_reg_26355                                                |    32|   0|    32|          0|
    |p_read_1737_reg_34725                                                |    32|   0|    32|          0|
    |p_read_1738_reg_26361                                                |    32|   0|    32|          0|
    |p_read_1739_reg_26367                                                |    32|   0|    32|          0|
    |p_read_173_reg_28301                                                 |    32|   0|    32|          0|
    |p_read_1740_reg_26373                                                |    32|   0|    32|          0|
    |p_read_1741_reg_26379                                                |    32|   0|    32|          0|
    |p_read_1742_reg_26385                                                |    32|   0|    32|          0|
    |p_read_1743_reg_26391                                                |    32|   0|    32|          0|
    |p_read_1744_reg_26397                                                |    32|   0|    32|          0|
    |p_read_1745_reg_26403                                                |    32|   0|    32|          0|
    |p_read_1746_reg_26409                                                |    32|   0|    32|          0|
    |p_read_1747_reg_26415                                                |    32|   0|    32|          0|
    |p_read_1748_reg_26421                                                |    32|   0|    32|          0|
    |p_read_1749_reg_26427                                                |    32|   0|    32|          0|
    |p_read_174_reg_28306                                                 |    32|   0|    32|          0|
    |p_read_1750_reg_26433                                                |    32|   0|    32|          0|
    |p_read_1751_reg_26439                                                |    32|   0|    32|          0|
    |p_read_1752_reg_26445                                                |    32|   0|    32|          0|
    |p_read_1753_reg_26451                                                |    32|   0|    32|          0|
    |p_read_1754_reg_26457                                                |    32|   0|    32|          0|
    |p_read_1755_reg_26463                                                |    32|   0|    32|          0|
    |p_read_1756_reg_26469                                                |    32|   0|    32|          0|
    |p_read_1757_reg_26475                                                |    32|   0|    32|          0|
    |p_read_1758_reg_26481                                                |    32|   0|    32|          0|
    |p_read_1759_reg_26487                                                |    32|   0|    32|          0|
    |p_read_175_reg_28311                                                 |    32|   0|    32|          0|
    |p_read_1760_reg_26493                                                |    32|   0|    32|          0|
    |p_read_1761_reg_26499                                                |    32|   0|    32|          0|
    |p_read_1762_reg_26505                                                |    32|   0|    32|          0|
    |p_read_1763_reg_26511                                                |    32|   0|    32|          0|
    |p_read_1764_reg_26517                                                |    32|   0|    32|          0|
    |p_read_1765_reg_26523                                                |    32|   0|    32|          0|
    |p_read_1766_reg_26529                                                |    32|   0|    32|          0|
    |p_read_1767_reg_26535                                                |    32|   0|    32|          0|
    |p_read_1768_reg_34731                                                |    32|   0|    32|          0|
    |p_read_1769_reg_26541                                                |    32|   0|    32|          0|
    |p_read_176_reg_28316                                                 |    32|   0|    32|          0|
    |p_read_1770_reg_26547                                                |    32|   0|    32|          0|
    |p_read_1771_reg_26553                                                |    32|   0|    32|          0|
    |p_read_1772_reg_26559                                                |    32|   0|    32|          0|
    |p_read_1773_reg_26565                                                |    32|   0|    32|          0|
    |p_read_1774_reg_26571                                                |    32|   0|    32|          0|
    |p_read_1775_reg_26577                                                |    32|   0|    32|          0|
    |p_read_1776_reg_26583                                                |    32|   0|    32|          0|
    |p_read_1777_reg_26589                                                |    32|   0|    32|          0|
    |p_read_1778_reg_26595                                                |    32|   0|    32|          0|
    |p_read_1779_reg_26601                                                |    32|   0|    32|          0|
    |p_read_177_reg_28321                                                 |    32|   0|    32|          0|
    |p_read_1780_reg_26607                                                |    32|   0|    32|          0|
    |p_read_1781_reg_26613                                                |    32|   0|    32|          0|
    |p_read_1782_reg_26619                                                |    32|   0|    32|          0|
    |p_read_1783_reg_26625                                                |    32|   0|    32|          0|
    |p_read_1784_reg_26631                                                |    32|   0|    32|          0|
    |p_read_1785_reg_26637                                                |    32|   0|    32|          0|
    |p_read_1786_reg_26643                                                |    32|   0|    32|          0|
    |p_read_1787_reg_26649                                                |    32|   0|    32|          0|
    |p_read_1788_reg_26655                                                |    32|   0|    32|          0|
    |p_read_1789_reg_26661                                                |    32|   0|    32|          0|
    |p_read_178_reg_28326                                                 |    32|   0|    32|          0|
    |p_read_1790_reg_26667                                                |    32|   0|    32|          0|
    |p_read_1791_reg_26673                                                |    32|   0|    32|          0|
    |p_read_1792_reg_26679                                                |    32|   0|    32|          0|
    |p_read_1793_reg_26685                                                |    32|   0|    32|          0|
    |p_read_1794_reg_26691                                                |    32|   0|    32|          0|
    |p_read_1795_reg_26697                                                |    32|   0|    32|          0|
    |p_read_1796_reg_26703                                                |    32|   0|    32|          0|
    |p_read_1797_reg_26709                                                |    32|   0|    32|          0|
    |p_read_1798_reg_26715                                                |    32|   0|    32|          0|
    |p_read_1799_reg_34737                                                |    32|   0|    32|          0|
    |p_read_179_reg_28331                                                 |    32|   0|    32|          0|
    |p_read_17_reg_37011                                                  |    32|   0|    32|          0|
    |p_read_1800_reg_26721                                                |    32|   0|    32|          0|
    |p_read_1801_reg_26727                                                |    32|   0|    32|          0|
    |p_read_1802_reg_26733                                                |    32|   0|    32|          0|
    |p_read_1803_reg_26739                                                |    32|   0|    32|          0|
    |p_read_1804_reg_26745                                                |    32|   0|    32|          0|
    |p_read_1805_reg_26751                                                |    32|   0|    32|          0|
    |p_read_1806_reg_26757                                                |    32|   0|    32|          0|
    |p_read_1807_reg_26763                                                |    32|   0|    32|          0|
    |p_read_1808_reg_26769                                                |    32|   0|    32|          0|
    |p_read_1809_reg_26775                                                |    32|   0|    32|          0|
    |p_read_180_reg_28336                                                 |    32|   0|    32|          0|
    |p_read_1810_reg_26781                                                |    32|   0|    32|          0|
    |p_read_1811_reg_26787                                                |    32|   0|    32|          0|
    |p_read_1812_reg_26793                                                |    32|   0|    32|          0|
    |p_read_1813_reg_26799                                                |    32|   0|    32|          0|
    |p_read_1814_reg_26805                                                |    32|   0|    32|          0|
    |p_read_1815_reg_26811                                                |    32|   0|    32|          0|
    |p_read_1816_reg_26817                                                |    32|   0|    32|          0|
    |p_read_1817_reg_26823                                                |    32|   0|    32|          0|
    |p_read_1818_reg_26829                                                |    32|   0|    32|          0|
    |p_read_1819_reg_26835                                                |    32|   0|    32|          0|
    |p_read_181_reg_28341                                                 |    32|   0|    32|          0|
    |p_read_1820_reg_26841                                                |    32|   0|    32|          0|
    |p_read_1821_reg_26847                                                |    32|   0|    32|          0|
    |p_read_1822_reg_26853                                                |    32|   0|    32|          0|
    |p_read_1823_reg_26859                                                |    32|   0|    32|          0|
    |p_read_1824_reg_26865                                                |    32|   0|    32|          0|
    |p_read_1825_reg_26871                                                |    32|   0|    32|          0|
    |p_read_1826_reg_26877                                                |    32|   0|    32|          0|
    |p_read_1827_reg_26883                                                |    32|   0|    32|          0|
    |p_read_1828_reg_26889                                                |    32|   0|    32|          0|
    |p_read_1829_reg_26895                                                |    32|   0|    32|          0|
    |p_read_182_reg_28346                                                 |    32|   0|    32|          0|
    |p_read_1830_reg_34743                                                |    32|   0|    32|          0|
    |p_read_1831_reg_26901                                                |    32|   0|    32|          0|
    |p_read_1832_reg_26907                                                |    32|   0|    32|          0|
    |p_read_1833_reg_26913                                                |    32|   0|    32|          0|
    |p_read_1834_reg_26919                                                |    32|   0|    32|          0|
    |p_read_1835_reg_26925                                                |    32|   0|    32|          0|
    |p_read_1836_reg_26931                                                |    32|   0|    32|          0|
    |p_read_1837_reg_26937                                                |    32|   0|    32|          0|
    |p_read_1838_reg_26943                                                |    32|   0|    32|          0|
    |p_read_1839_reg_26949                                                |    32|   0|    32|          0|
    |p_read_183_reg_28351                                                 |    32|   0|    32|          0|
    |p_read_1840_reg_26955                                                |    32|   0|    32|          0|
    |p_read_1841_reg_26961                                                |    32|   0|    32|          0|
    |p_read_1842_reg_26967                                                |    32|   0|    32|          0|
    |p_read_1843_reg_26973                                                |    32|   0|    32|          0|
    |p_read_1844_reg_26979                                                |    32|   0|    32|          0|
    |p_read_1845_reg_26985                                                |    32|   0|    32|          0|
    |p_read_1846_reg_26991                                                |    32|   0|    32|          0|
    |p_read_1847_reg_26997                                                |    32|   0|    32|          0|
    |p_read_1848_reg_27003                                                |    32|   0|    32|          0|
    |p_read_1849_reg_27009                                                |    32|   0|    32|          0|
    |p_read_184_reg_28356                                                 |    32|   0|    32|          0|
    |p_read_1850_reg_27015                                                |    32|   0|    32|          0|
    |p_read_1851_reg_27021                                                |    32|   0|    32|          0|
    |p_read_1852_reg_27027                                                |    32|   0|    32|          0|
    |p_read_1853_reg_27033                                                |    32|   0|    32|          0|
    |p_read_1854_reg_27039                                                |    32|   0|    32|          0|
    |p_read_1855_reg_27045                                                |    32|   0|    32|          0|
    |p_read_1856_reg_27051                                                |    32|   0|    32|          0|
    |p_read_1857_reg_27057                                                |    32|   0|    32|          0|
    |p_read_1858_reg_27063                                                |    32|   0|    32|          0|
    |p_read_1859_reg_27069                                                |    32|   0|    32|          0|
    |p_read_185_reg_28361                                                 |    32|   0|    32|          0|
    |p_read_1860_reg_27075                                                |    32|   0|    32|          0|
    |p_read_1861_reg_34749                                                |    32|   0|    32|          0|
    |p_read_1862_reg_27081                                                |    32|   0|    32|          0|
    |p_read_1863_reg_27087                                                |    32|   0|    32|          0|
    |p_read_1864_reg_27093                                                |    32|   0|    32|          0|
    |p_read_1865_reg_27099                                                |    32|   0|    32|          0|
    |p_read_1866_reg_27105                                                |    32|   0|    32|          0|
    |p_read_1867_reg_27111                                                |    32|   0|    32|          0|
    |p_read_1868_reg_27117                                                |    32|   0|    32|          0|
    |p_read_1869_reg_27123                                                |    32|   0|    32|          0|
    |p_read_186_reg_28366                                                 |    32|   0|    32|          0|
    |p_read_1870_reg_27129                                                |    32|   0|    32|          0|
    |p_read_1871_reg_27135                                                |    32|   0|    32|          0|
    |p_read_1872_reg_27141                                                |    32|   0|    32|          0|
    |p_read_1873_reg_27147                                                |    32|   0|    32|          0|
    |p_read_1874_reg_27153                                                |    32|   0|    32|          0|
    |p_read_1875_reg_27159                                                |    32|   0|    32|          0|
    |p_read_1876_reg_27165                                                |    32|   0|    32|          0|
    |p_read_1877_reg_27171                                                |    32|   0|    32|          0|
    |p_read_1878_reg_27177                                                |    32|   0|    32|          0|
    |p_read_1879_reg_27183                                                |    32|   0|    32|          0|
    |p_read_187_reg_37111                                                 |    32|   0|    32|          0|
    |p_read_1880_reg_27189                                                |    32|   0|    32|          0|
    |p_read_1881_reg_27195                                                |    32|   0|    32|          0|
    |p_read_1882_reg_27201                                                |    32|   0|    32|          0|
    |p_read_1883_reg_27207                                                |    32|   0|    32|          0|
    |p_read_1884_reg_27213                                                |    32|   0|    32|          0|
    |p_read_1885_reg_27219                                                |    32|   0|    32|          0|
    |p_read_1886_reg_27225                                                |    32|   0|    32|          0|
    |p_read_1887_reg_27231                                                |    32|   0|    32|          0|
    |p_read_1888_reg_27237                                                |    32|   0|    32|          0|
    |p_read_1889_reg_27243                                                |    32|   0|    32|          0|
    |p_read_188_reg_28371                                                 |    32|   0|    32|          0|
    |p_read_1890_reg_27249                                                |    32|   0|    32|          0|
    |p_read_1891_reg_27255                                                |    32|   0|    32|          0|
    |p_read_1892_reg_34755                                                |    32|   0|    32|          0|
    |p_read_1893_reg_27261                                                |    32|   0|    32|          0|
    |p_read_1894_reg_27267                                                |    32|   0|    32|          0|
    |p_read_1895_reg_27273                                                |    32|   0|    32|          0|
    |p_read_1896_reg_27279                                                |    32|   0|    32|          0|
    |p_read_1897_reg_27285                                                |    32|   0|    32|          0|
    |p_read_1898_reg_27291                                                |    32|   0|    32|          0|
    |p_read_1899_reg_27297                                                |    32|   0|    32|          0|
    |p_read_189_reg_28376                                                 |    32|   0|    32|          0|
    |p_read_18_reg_37016                                                  |    32|   0|    32|          0|
    |p_read_1900_reg_27303                                                |    32|   0|    32|          0|
    |p_read_1901_reg_27309                                                |    32|   0|    32|          0|
    |p_read_1902_reg_27315                                                |    32|   0|    32|          0|
    |p_read_1903_reg_27321                                                |    32|   0|    32|          0|
    |p_read_1904_reg_27327                                                |    32|   0|    32|          0|
    |p_read_1905_reg_27333                                                |    32|   0|    32|          0|
    |p_read_1906_reg_27339                                                |    32|   0|    32|          0|
    |p_read_1907_reg_27345                                                |    32|   0|    32|          0|
    |p_read_1908_reg_27351                                                |    32|   0|    32|          0|
    |p_read_1909_reg_27357                                                |    32|   0|    32|          0|
    |p_read_190_reg_28381                                                 |    32|   0|    32|          0|
    |p_read_1910_reg_27363                                                |    32|   0|    32|          0|
    |p_read_1911_reg_27369                                                |    32|   0|    32|          0|
    |p_read_1912_reg_27375                                                |    32|   0|    32|          0|
    |p_read_1913_reg_27381                                                |    32|   0|    32|          0|
    |p_read_1914_reg_27387                                                |    32|   0|    32|          0|
    |p_read_1915_reg_27393                                                |    32|   0|    32|          0|
    |p_read_1916_reg_27399                                                |    32|   0|    32|          0|
    |p_read_1917_reg_27405                                                |    32|   0|    32|          0|
    |p_read_1918_reg_27411                                                |    32|   0|    32|          0|
    |p_read_1919_reg_27417                                                |    32|   0|    32|          0|
    |p_read_191_reg_28386                                                 |    32|   0|    32|          0|
    |p_read_1920_reg_27423                                                |    32|   0|    32|          0|
    |p_read_1921_reg_27429                                                |    32|   0|    32|          0|
    |p_read_192_reg_28391                                                 |    32|   0|    32|          0|
    |p_read_193_reg_28396                                                 |    32|   0|    32|          0|
    |p_read_194_reg_28401                                                 |    32|   0|    32|          0|
    |p_read_195_reg_28406                                                 |    32|   0|    32|          0|
    |p_read_196_reg_28411                                                 |    32|   0|    32|          0|
    |p_read_197_reg_28416                                                 |    32|   0|    32|          0|
    |p_read_198_reg_28421                                                 |    32|   0|    32|          0|
    |p_read_199_reg_28426                                                 |    32|   0|    32|          0|
    |p_read_19_reg_37021                                                  |    32|   0|    32|          0|
    |p_read_1_reg_39006                                                   |    32|   0|    32|          0|
    |p_read_200_reg_28431                                                 |    32|   0|    32|          0|
    |p_read_201_reg_28436                                                 |    32|   0|    32|          0|
    |p_read_202_reg_28441                                                 |    32|   0|    32|          0|
    |p_read_203_reg_28446                                                 |    32|   0|    32|          0|
    |p_read_204_reg_28451                                                 |    32|   0|    32|          0|
    |p_read_205_reg_28456                                                 |    32|   0|    32|          0|
    |p_read_206_reg_28461                                                 |    32|   0|    32|          0|
    |p_read_207_reg_28466                                                 |    32|   0|    32|          0|
    |p_read_208_reg_28471                                                 |    32|   0|    32|          0|
    |p_read_209_reg_28476                                                 |    32|   0|    32|          0|
    |p_read_20_reg_37026                                                  |    32|   0|    32|          0|
    |p_read_210_reg_28481                                                 |    32|   0|    32|          0|
    |p_read_211_reg_28486                                                 |    32|   0|    32|          0|
    |p_read_212_reg_28491                                                 |    32|   0|    32|          0|
    |p_read_213_reg_28496                                                 |    32|   0|    32|          0|
    |p_read_214_reg_28501                                                 |    32|   0|    32|          0|
    |p_read_215_reg_28506                                                 |    32|   0|    32|          0|
    |p_read_216_reg_28511                                                 |    32|   0|    32|          0|
    |p_read_217_reg_28516                                                 |    32|   0|    32|          0|
    |p_read_218_reg_37116                                                 |    32|   0|    32|          0|
    |p_read_219_reg_28521                                                 |    32|   0|    32|          0|
    |p_read_21_reg_37031                                                  |    32|   0|    32|          0|
    |p_read_220_reg_28526                                                 |    32|   0|    32|          0|
    |p_read_221_reg_28531                                                 |    32|   0|    32|          0|
    |p_read_222_reg_28536                                                 |    32|   0|    32|          0|
    |p_read_223_reg_28541                                                 |    32|   0|    32|          0|
    |p_read_224_reg_28546                                                 |    32|   0|    32|          0|
    |p_read_225_reg_28551                                                 |    32|   0|    32|          0|
    |p_read_226_reg_28556                                                 |    32|   0|    32|          0|
    |p_read_227_reg_28561                                                 |    32|   0|    32|          0|
    |p_read_228_reg_28566                                                 |    32|   0|    32|          0|
    |p_read_229_reg_28571                                                 |    32|   0|    32|          0|
    |p_read_22_reg_37036                                                  |    32|   0|    32|          0|
    |p_read_230_reg_28576                                                 |    32|   0|    32|          0|
    |p_read_231_reg_28581                                                 |    32|   0|    32|          0|
    |p_read_232_reg_28586                                                 |    32|   0|    32|          0|
    |p_read_233_reg_28591                                                 |    32|   0|    32|          0|
    |p_read_234_reg_28596                                                 |    32|   0|    32|          0|
    |p_read_235_reg_28601                                                 |    32|   0|    32|          0|
    |p_read_236_reg_28606                                                 |    32|   0|    32|          0|
    |p_read_237_reg_28611                                                 |    32|   0|    32|          0|
    |p_read_238_reg_28616                                                 |    32|   0|    32|          0|
    |p_read_239_reg_28621                                                 |    32|   0|    32|          0|
    |p_read_23_reg_37041                                                  |    32|   0|    32|          0|
    |p_read_240_reg_28626                                                 |    32|   0|    32|          0|
    |p_read_241_reg_28631                                                 |    32|   0|    32|          0|
    |p_read_242_reg_28636                                                 |    32|   0|    32|          0|
    |p_read_243_reg_28641                                                 |    32|   0|    32|          0|
    |p_read_244_reg_28646                                                 |    32|   0|    32|          0|
    |p_read_245_reg_28651                                                 |    32|   0|    32|          0|
    |p_read_246_reg_28656                                                 |    32|   0|    32|          0|
    |p_read_247_reg_28661                                                 |    32|   0|    32|          0|
    |p_read_248_reg_28666                                                 |    32|   0|    32|          0|
    |p_read_249_reg_37121                                                 |    32|   0|    32|          0|
    |p_read_24_reg_37046                                                  |    32|   0|    32|          0|
    |p_read_250_reg_28671                                                 |    32|   0|    32|          0|
    |p_read_251_reg_28676                                                 |    32|   0|    32|          0|
    |p_read_252_reg_28681                                                 |    32|   0|    32|          0|
    |p_read_253_reg_28686                                                 |    32|   0|    32|          0|
    |p_read_254_reg_28691                                                 |    32|   0|    32|          0|
    |p_read_255_reg_28696                                                 |    32|   0|    32|          0|
    |p_read_256_reg_28701                                                 |    32|   0|    32|          0|
    |p_read_257_reg_28706                                                 |    32|   0|    32|          0|
    |p_read_258_reg_28711                                                 |    32|   0|    32|          0|
    |p_read_259_reg_28716                                                 |    32|   0|    32|          0|
    |p_read_25_reg_37051                                                  |    32|   0|    32|          0|
    |p_read_260_reg_28721                                                 |    32|   0|    32|          0|
    |p_read_261_reg_28726                                                 |    32|   0|    32|          0|
    |p_read_262_reg_28731                                                 |    32|   0|    32|          0|
    |p_read_263_reg_28736                                                 |    32|   0|    32|          0|
    |p_read_264_reg_28741                                                 |    32|   0|    32|          0|
    |p_read_265_reg_28746                                                 |    32|   0|    32|          0|
    |p_read_266_reg_28751                                                 |    32|   0|    32|          0|
    |p_read_267_reg_28756                                                 |    32|   0|    32|          0|
    |p_read_268_reg_28761                                                 |    32|   0|    32|          0|
    |p_read_269_reg_28766                                                 |    32|   0|    32|          0|
    |p_read_26_reg_37056                                                  |    32|   0|    32|          0|
    |p_read_270_reg_28771                                                 |    32|   0|    32|          0|
    |p_read_271_reg_28776                                                 |    32|   0|    32|          0|
    |p_read_272_reg_28781                                                 |    32|   0|    32|          0|
    |p_read_273_reg_28786                                                 |    32|   0|    32|          0|
    |p_read_274_reg_28791                                                 |    32|   0|    32|          0|
    |p_read_275_reg_28796                                                 |    32|   0|    32|          0|
    |p_read_276_reg_28801                                                 |    32|   0|    32|          0|
    |p_read_277_reg_28806                                                 |    32|   0|    32|          0|
    |p_read_278_reg_28811                                                 |    32|   0|    32|          0|
    |p_read_279_reg_28816                                                 |    32|   0|    32|          0|
    |p_read_27_reg_37061                                                  |    32|   0|    32|          0|
    |p_read_280_reg_37126                                                 |    32|   0|    32|          0|
    |p_read_281_reg_28821                                                 |    32|   0|    32|          0|
    |p_read_282_reg_28826                                                 |    32|   0|    32|          0|
    |p_read_283_reg_28831                                                 |    32|   0|    32|          0|
    |p_read_284_reg_28836                                                 |    32|   0|    32|          0|
    |p_read_285_reg_28841                                                 |    32|   0|    32|          0|
    |p_read_286_reg_28846                                                 |    32|   0|    32|          0|
    |p_read_287_reg_28851                                                 |    32|   0|    32|          0|
    |p_read_288_reg_28856                                                 |    32|   0|    32|          0|
    |p_read_289_reg_28861                                                 |    32|   0|    32|          0|
    |p_read_28_reg_37066                                                  |    32|   0|    32|          0|
    |p_read_290_reg_28866                                                 |    32|   0|    32|          0|
    |p_read_291_reg_28871                                                 |    32|   0|    32|          0|
    |p_read_292_reg_28876                                                 |    32|   0|    32|          0|
    |p_read_293_reg_28881                                                 |    32|   0|    32|          0|
    |p_read_294_reg_28886                                                 |    32|   0|    32|          0|
    |p_read_295_reg_28891                                                 |    32|   0|    32|          0|
    |p_read_296_reg_28896                                                 |    32|   0|    32|          0|
    |p_read_297_reg_28901                                                 |    32|   0|    32|          0|
    |p_read_298_reg_28906                                                 |    32|   0|    32|          0|
    |p_read_299_reg_28911                                                 |    32|   0|    32|          0|
    |p_read_29_reg_37071                                                  |    32|   0|    32|          0|
    |p_read_2_reg_36936                                                   |    32|   0|    32|          0|
    |p_read_300_reg_28916                                                 |    32|   0|    32|          0|
    |p_read_301_reg_28921                                                 |    32|   0|    32|          0|
    |p_read_302_reg_28926                                                 |    32|   0|    32|          0|
    |p_read_303_reg_28931                                                 |    32|   0|    32|          0|
    |p_read_304_reg_28936                                                 |    32|   0|    32|          0|
    |p_read_305_reg_28941                                                 |    32|   0|    32|          0|
    |p_read_306_reg_28946                                                 |    32|   0|    32|          0|
    |p_read_307_reg_28951                                                 |    32|   0|    32|          0|
    |p_read_308_reg_28956                                                 |    32|   0|    32|          0|
    |p_read_309_reg_28961                                                 |    32|   0|    32|          0|
    |p_read_30_reg_37076                                                  |    32|   0|    32|          0|
    |p_read_310_reg_28966                                                 |    32|   0|    32|          0|
    |p_read_311_reg_37131                                                 |    32|   0|    32|          0|
    |p_read_312_reg_28971                                                 |    32|   0|    32|          0|
    |p_read_313_reg_28976                                                 |    32|   0|    32|          0|
    |p_read_314_reg_28981                                                 |    32|   0|    32|          0|
    |p_read_315_reg_28986                                                 |    32|   0|    32|          0|
    |p_read_316_reg_28991                                                 |    32|   0|    32|          0|
    |p_read_317_reg_28996                                                 |    32|   0|    32|          0|
    |p_read_318_reg_29001                                                 |    32|   0|    32|          0|
    |p_read_319_reg_29006                                                 |    32|   0|    32|          0|
    |p_read_31_reg_37081                                                  |    32|   0|    32|          0|
    |p_read_320_reg_29011                                                 |    32|   0|    32|          0|
    |p_read_321_reg_29016                                                 |    32|   0|    32|          0|
    |p_read_322_reg_29021                                                 |    32|   0|    32|          0|
    |p_read_323_reg_29026                                                 |    32|   0|    32|          0|
    |p_read_324_reg_29031                                                 |    32|   0|    32|          0|
    |p_read_325_reg_29036                                                 |    32|   0|    32|          0|
    |p_read_326_reg_29041                                                 |    32|   0|    32|          0|
    |p_read_327_reg_29046                                                 |    32|   0|    32|          0|
    |p_read_328_reg_29051                                                 |    32|   0|    32|          0|
    |p_read_329_reg_29056                                                 |    32|   0|    32|          0|
    |p_read_32_reg_37086                                                  |    32|   0|    32|          0|
    |p_read_330_reg_29061                                                 |    32|   0|    32|          0|
    |p_read_331_reg_29066                                                 |    32|   0|    32|          0|
    |p_read_332_reg_29071                                                 |    32|   0|    32|          0|
    |p_read_333_reg_29076                                                 |    32|   0|    32|          0|
    |p_read_334_reg_29081                                                 |    32|   0|    32|          0|
    |p_read_335_reg_29086                                                 |    32|   0|    32|          0|
    |p_read_336_reg_29091                                                 |    32|   0|    32|          0|
    |p_read_337_reg_29096                                                 |    32|   0|    32|          0|
    |p_read_338_reg_29101                                                 |    32|   0|    32|          0|
    |p_read_339_reg_29106                                                 |    32|   0|    32|          0|
    |p_read_33_reg_27621                                                  |    32|   0|    32|          0|
    |p_read_340_reg_29111                                                 |    32|   0|    32|          0|
    |p_read_341_reg_29116                                                 |    32|   0|    32|          0|
    |p_read_342_reg_37136                                                 |    32|   0|    32|          0|
    |p_read_343_reg_29121                                                 |    32|   0|    32|          0|
    |p_read_344_reg_29126                                                 |    32|   0|    32|          0|
    |p_read_345_reg_29131                                                 |    32|   0|    32|          0|
    |p_read_346_reg_29136                                                 |    32|   0|    32|          0|
    |p_read_347_reg_29141                                                 |    32|   0|    32|          0|
    |p_read_348_reg_29146                                                 |    32|   0|    32|          0|
    |p_read_349_reg_29151                                                 |    32|   0|    32|          0|
    |p_read_34_reg_27626                                                  |    32|   0|    32|          0|
    |p_read_350_reg_29156                                                 |    32|   0|    32|          0|
    |p_read_351_reg_29161                                                 |    32|   0|    32|          0|
    |p_read_352_reg_29166                                                 |    32|   0|    32|          0|
    |p_read_353_reg_29171                                                 |    32|   0|    32|          0|
    |p_read_354_reg_29176                                                 |    32|   0|    32|          0|
    |p_read_355_reg_29181                                                 |    32|   0|    32|          0|
    |p_read_356_reg_29186                                                 |    32|   0|    32|          0|
    |p_read_357_reg_29191                                                 |    32|   0|    32|          0|
    |p_read_358_reg_29196                                                 |    32|   0|    32|          0|
    |p_read_359_reg_29201                                                 |    32|   0|    32|          0|
    |p_read_35_reg_27631                                                  |    32|   0|    32|          0|
    |p_read_360_reg_29206                                                 |    32|   0|    32|          0|
    |p_read_361_reg_29211                                                 |    32|   0|    32|          0|
    |p_read_362_reg_29216                                                 |    32|   0|    32|          0|
    |p_read_363_reg_29221                                                 |    32|   0|    32|          0|
    |p_read_364_reg_29226                                                 |    32|   0|    32|          0|
    |p_read_365_reg_29231                                                 |    32|   0|    32|          0|
    |p_read_366_reg_29236                                                 |    32|   0|    32|          0|
    |p_read_367_reg_29241                                                 |    32|   0|    32|          0|
    |p_read_368_reg_29246                                                 |    32|   0|    32|          0|
    |p_read_369_reg_29251                                                 |    32|   0|    32|          0|
    |p_read_36_reg_27636                                                  |    32|   0|    32|          0|
    |p_read_370_reg_29256                                                 |    32|   0|    32|          0|
    |p_read_371_reg_29261                                                 |    32|   0|    32|          0|
    |p_read_372_reg_29266                                                 |    32|   0|    32|          0|
    |p_read_373_reg_37141                                                 |    32|   0|    32|          0|
    |p_read_374_reg_29271                                                 |    32|   0|    32|          0|
    |p_read_375_reg_29276                                                 |    32|   0|    32|          0|
    |p_read_376_reg_29281                                                 |    32|   0|    32|          0|
    |p_read_377_reg_29286                                                 |    32|   0|    32|          0|
    |p_read_378_reg_29291                                                 |    32|   0|    32|          0|
    |p_read_379_reg_29296                                                 |    32|   0|    32|          0|
    |p_read_37_reg_27641                                                  |    32|   0|    32|          0|
    |p_read_380_reg_29301                                                 |    32|   0|    32|          0|
    |p_read_381_reg_29306                                                 |    32|   0|    32|          0|
    |p_read_382_reg_29311                                                 |    32|   0|    32|          0|
    |p_read_383_reg_29316                                                 |    32|   0|    32|          0|
    |p_read_384_reg_29321                                                 |    32|   0|    32|          0|
    |p_read_385_reg_29326                                                 |    32|   0|    32|          0|
    |p_read_386_reg_29331                                                 |    32|   0|    32|          0|
    |p_read_387_reg_29336                                                 |    32|   0|    32|          0|
    |p_read_388_reg_29341                                                 |    32|   0|    32|          0|
    |p_read_389_reg_29346                                                 |    32|   0|    32|          0|
    |p_read_38_reg_27646                                                  |    32|   0|    32|          0|
    |p_read_390_reg_29351                                                 |    32|   0|    32|          0|
    |p_read_391_reg_29356                                                 |    32|   0|    32|          0|
    |p_read_392_reg_29361                                                 |    32|   0|    32|          0|
    |p_read_393_reg_29366                                                 |    32|   0|    32|          0|
    |p_read_394_reg_29371                                                 |    32|   0|    32|          0|
    |p_read_395_reg_29376                                                 |    32|   0|    32|          0|
    |p_read_396_reg_29381                                                 |    32|   0|    32|          0|
    |p_read_397_reg_29386                                                 |    32|   0|    32|          0|
    |p_read_398_reg_29391                                                 |    32|   0|    32|          0|
    |p_read_399_reg_29396                                                 |    32|   0|    32|          0|
    |p_read_39_reg_27651                                                  |    32|   0|    32|          0|
    |p_read_3_reg_36941                                                   |    32|   0|    32|          0|
    |p_read_400_reg_29401                                                 |    32|   0|    32|          0|
    |p_read_401_reg_29406                                                 |    32|   0|    32|          0|
    |p_read_402_reg_29411                                                 |    32|   0|    32|          0|
    |p_read_403_reg_29416                                                 |    32|   0|    32|          0|
    |p_read_404_reg_37146                                                 |    32|   0|    32|          0|
    |p_read_405_reg_29421                                                 |    32|   0|    32|          0|
    |p_read_406_reg_29426                                                 |    32|   0|    32|          0|
    |p_read_407_reg_29431                                                 |    32|   0|    32|          0|
    |p_read_408_reg_29436                                                 |    32|   0|    32|          0|
    |p_read_409_reg_29441                                                 |    32|   0|    32|          0|
    |p_read_40_reg_27656                                                  |    32|   0|    32|          0|
    |p_read_410_reg_29446                                                 |    32|   0|    32|          0|
    |p_read_411_reg_29451                                                 |    32|   0|    32|          0|
    |p_read_412_reg_29456                                                 |    32|   0|    32|          0|
    |p_read_413_reg_29461                                                 |    32|   0|    32|          0|
    |p_read_414_reg_29466                                                 |    32|   0|    32|          0|
    |p_read_415_reg_29471                                                 |    32|   0|    32|          0|
    |p_read_416_reg_29476                                                 |    32|   0|    32|          0|
    |p_read_417_reg_29481                                                 |    32|   0|    32|          0|
    |p_read_418_reg_29486                                                 |    32|   0|    32|          0|
    |p_read_419_reg_29491                                                 |    32|   0|    32|          0|
    |p_read_41_reg_27661                                                  |    32|   0|    32|          0|
    |p_read_420_reg_29496                                                 |    32|   0|    32|          0|
    |p_read_421_reg_29501                                                 |    32|   0|    32|          0|
    |p_read_422_reg_29506                                                 |    32|   0|    32|          0|
    |p_read_423_reg_29511                                                 |    32|   0|    32|          0|
    |p_read_424_reg_29516                                                 |    32|   0|    32|          0|
    |p_read_425_reg_29521                                                 |    32|   0|    32|          0|
    |p_read_426_reg_29526                                                 |    32|   0|    32|          0|
    |p_read_427_reg_29531                                                 |    32|   0|    32|          0|
    |p_read_428_reg_29536                                                 |    32|   0|    32|          0|
    |p_read_429_reg_29541                                                 |    32|   0|    32|          0|
    |p_read_42_reg_27666                                                  |    32|   0|    32|          0|
    |p_read_430_reg_29546                                                 |    32|   0|    32|          0|
    |p_read_431_reg_29551                                                 |    32|   0|    32|          0|
    |p_read_432_reg_29556                                                 |    32|   0|    32|          0|
    |p_read_433_reg_29561                                                 |    32|   0|    32|          0|
    |p_read_434_reg_29566                                                 |    32|   0|    32|          0|
    |p_read_435_reg_37151                                                 |    32|   0|    32|          0|
    |p_read_436_reg_29571                                                 |    32|   0|    32|          0|
    |p_read_437_reg_29576                                                 |    32|   0|    32|          0|
    |p_read_438_reg_29581                                                 |    32|   0|    32|          0|
    |p_read_439_reg_29586                                                 |    32|   0|    32|          0|
    |p_read_43_reg_27671                                                  |    32|   0|    32|          0|
    |p_read_440_reg_29591                                                 |    32|   0|    32|          0|
    |p_read_441_reg_29596                                                 |    32|   0|    32|          0|
    |p_read_442_reg_29601                                                 |    32|   0|    32|          0|
    |p_read_443_reg_29606                                                 |    32|   0|    32|          0|
    |p_read_444_reg_29611                                                 |    32|   0|    32|          0|
    |p_read_445_reg_29616                                                 |    32|   0|    32|          0|
    |p_read_446_reg_29621                                                 |    32|   0|    32|          0|
    |p_read_447_reg_29626                                                 |    32|   0|    32|          0|
    |p_read_448_reg_29631                                                 |    32|   0|    32|          0|
    |p_read_449_reg_29636                                                 |    32|   0|    32|          0|
    |p_read_44_reg_27676                                                  |    32|   0|    32|          0|
    |p_read_450_reg_29641                                                 |    32|   0|    32|          0|
    |p_read_451_reg_29646                                                 |    32|   0|    32|          0|
    |p_read_452_reg_29651                                                 |    32|   0|    32|          0|
    |p_read_453_reg_29656                                                 |    32|   0|    32|          0|
    |p_read_454_reg_29661                                                 |    32|   0|    32|          0|
    |p_read_455_reg_29666                                                 |    32|   0|    32|          0|
    |p_read_456_reg_29671                                                 |    32|   0|    32|          0|
    |p_read_457_reg_29676                                                 |    32|   0|    32|          0|
    |p_read_458_reg_29681                                                 |    32|   0|    32|          0|
    |p_read_459_reg_29686                                                 |    32|   0|    32|          0|
    |p_read_45_reg_27681                                                  |    32|   0|    32|          0|
    |p_read_460_reg_29691                                                 |    32|   0|    32|          0|
    |p_read_461_reg_29696                                                 |    32|   0|    32|          0|
    |p_read_462_reg_29701                                                 |    32|   0|    32|          0|
    |p_read_463_reg_29706                                                 |    32|   0|    32|          0|
    |p_read_464_reg_29711                                                 |    32|   0|    32|          0|
    |p_read_465_reg_29716                                                 |    32|   0|    32|          0|
    |p_read_466_reg_37156                                                 |    32|   0|    32|          0|
    |p_read_467_reg_29721                                                 |    32|   0|    32|          0|
    |p_read_468_reg_29726                                                 |    32|   0|    32|          0|
    |p_read_469_reg_29731                                                 |    32|   0|    32|          0|
    |p_read_46_reg_27686                                                  |    32|   0|    32|          0|
    |p_read_470_reg_29736                                                 |    32|   0|    32|          0|
    |p_read_471_reg_29741                                                 |    32|   0|    32|          0|
    |p_read_472_reg_29746                                                 |    32|   0|    32|          0|
    |p_read_473_reg_29751                                                 |    32|   0|    32|          0|
    |p_read_474_reg_29756                                                 |    32|   0|    32|          0|
    |p_read_475_reg_29761                                                 |    32|   0|    32|          0|
    |p_read_476_reg_29766                                                 |    32|   0|    32|          0|
    |p_read_477_reg_29771                                                 |    32|   0|    32|          0|
    |p_read_478_reg_29776                                                 |    32|   0|    32|          0|
    |p_read_479_reg_29781                                                 |    32|   0|    32|          0|
    |p_read_47_reg_27691                                                  |    32|   0|    32|          0|
    |p_read_480_reg_29786                                                 |    32|   0|    32|          0|
    |p_read_481_reg_29791                                                 |    32|   0|    32|          0|
    |p_read_482_reg_29796                                                 |    32|   0|    32|          0|
    |p_read_483_reg_29801                                                 |    32|   0|    32|          0|
    |p_read_484_reg_29806                                                 |    32|   0|    32|          0|
    |p_read_485_reg_29811                                                 |    32|   0|    32|          0|
    |p_read_486_reg_29816                                                 |    32|   0|    32|          0|
    |p_read_487_reg_29821                                                 |    32|   0|    32|          0|
    |p_read_488_reg_29826                                                 |    32|   0|    32|          0|
    |p_read_489_reg_29831                                                 |    32|   0|    32|          0|
    |p_read_48_reg_27696                                                  |    32|   0|    32|          0|
    |p_read_490_reg_29836                                                 |    32|   0|    32|          0|
    |p_read_491_reg_29841                                                 |    32|   0|    32|          0|
    |p_read_492_reg_29846                                                 |    32|   0|    32|          0|
    |p_read_493_reg_29851                                                 |    32|   0|    32|          0|
    |p_read_494_reg_29856                                                 |    32|   0|    32|          0|
    |p_read_495_reg_29861                                                 |    32|   0|    32|          0|
    |p_read_496_reg_29866                                                 |    32|   0|    32|          0|
    |p_read_497_reg_34596                                                 |    32|   0|    32|          0|
    |p_read_498_reg_22491                                                 |    32|   0|    32|          0|
    |p_read_499_reg_22496                                                 |    32|   0|    32|          0|
    |p_read_49_reg_27701                                                  |    32|   0|    32|          0|
    |p_read_4_reg_36946                                                   |    32|   0|    32|          0|
    |p_read_500_reg_22501                                                 |    32|   0|    32|          0|
    |p_read_501_reg_22506                                                 |    32|   0|    32|          0|
    |p_read_502_reg_22511                                                 |    32|   0|    32|          0|
    |p_read_503_reg_22516                                                 |    32|   0|    32|          0|
    |p_read_504_reg_22521                                                 |    32|   0|    32|          0|
    |p_read_505_reg_22526                                                 |    32|   0|    32|          0|
    |p_read_506_reg_22531                                                 |    32|   0|    32|          0|
    |p_read_507_reg_22536                                                 |    32|   0|    32|          0|
    |p_read_508_reg_22541                                                 |    32|   0|    32|          0|
    |p_read_509_reg_22546                                                 |    32|   0|    32|          0|
    |p_read_50_reg_27706                                                  |    32|   0|    32|          0|
    |p_read_510_reg_22551                                                 |    32|   0|    32|          0|
    |p_read_511_reg_22556                                                 |    32|   0|    32|          0|
    |p_read_512_reg_22561                                                 |    32|   0|    32|          0|
    |p_read_513_reg_22566                                                 |    32|   0|    32|          0|
    |p_read_514_reg_22571                                                 |    32|   0|    32|          0|
    |p_read_515_reg_22576                                                 |    32|   0|    32|          0|
    |p_read_516_reg_22581                                                 |    32|   0|    32|          0|
    |p_read_517_reg_22586                                                 |    32|   0|    32|          0|
    |p_read_518_reg_22591                                                 |    32|   0|    32|          0|
    |p_read_519_reg_22596                                                 |    32|   0|    32|          0|
    |p_read_51_reg_27711                                                  |    32|   0|    32|          0|
    |p_read_520_reg_22601                                                 |    32|   0|    32|          0|
    |p_read_521_reg_22606                                                 |    32|   0|    32|          0|
    |p_read_522_reg_22611                                                 |    32|   0|    32|          0|
    |p_read_523_reg_22616                                                 |    32|   0|    32|          0|
    |p_read_524_reg_22621                                                 |    32|   0|    32|          0|
    |p_read_525_reg_22626                                                 |    32|   0|    32|          0|
    |p_read_526_reg_22631                                                 |    32|   0|    32|          0|
    |p_read_527_reg_22636                                                 |    32|   0|    32|          0|
    |p_read_528_reg_34601                                                 |    32|   0|    32|          0|
    |p_read_529_reg_22641                                                 |    32|   0|    32|          0|
    |p_read_52_reg_27716                                                  |    32|   0|    32|          0|
    |p_read_530_reg_22646                                                 |    32|   0|    32|          0|
    |p_read_531_reg_22651                                                 |    32|   0|    32|          0|
    |p_read_532_reg_22656                                                 |    32|   0|    32|          0|
    |p_read_533_reg_22661                                                 |    32|   0|    32|          0|
    |p_read_534_reg_22666                                                 |    32|   0|    32|          0|
    |p_read_535_reg_22671                                                 |    32|   0|    32|          0|
    |p_read_536_reg_22676                                                 |    32|   0|    32|          0|
    |p_read_537_reg_22681                                                 |    32|   0|    32|          0|
    |p_read_538_reg_22686                                                 |    32|   0|    32|          0|
    |p_read_539_reg_22691                                                 |    32|   0|    32|          0|
    |p_read_53_reg_27721                                                  |    32|   0|    32|          0|
    |p_read_540_reg_22696                                                 |    32|   0|    32|          0|
    |p_read_541_reg_22701                                                 |    32|   0|    32|          0|
    |p_read_542_reg_22706                                                 |    32|   0|    32|          0|
    |p_read_543_reg_22711                                                 |    32|   0|    32|          0|
    |p_read_544_reg_22716                                                 |    32|   0|    32|          0|
    |p_read_545_reg_22721                                                 |    32|   0|    32|          0|
    |p_read_546_reg_22726                                                 |    32|   0|    32|          0|
    |p_read_547_reg_22731                                                 |    32|   0|    32|          0|
    |p_read_548_reg_22736                                                 |    32|   0|    32|          0|
    |p_read_549_reg_22741                                                 |    32|   0|    32|          0|
    |p_read_54_reg_27726                                                  |    32|   0|    32|          0|
    |p_read_550_reg_22746                                                 |    32|   0|    32|          0|
    |p_read_551_reg_22751                                                 |    32|   0|    32|          0|
    |p_read_552_reg_22756                                                 |    32|   0|    32|          0|
    |p_read_553_reg_22761                                                 |    32|   0|    32|          0|
    |p_read_554_reg_22766                                                 |    32|   0|    32|          0|
    |p_read_555_reg_22771                                                 |    32|   0|    32|          0|
    |p_read_556_reg_22776                                                 |    32|   0|    32|          0|
    |p_read_557_reg_22781                                                 |    32|   0|    32|          0|
    |p_read_558_reg_22786                                                 |    32|   0|    32|          0|
    |p_read_559_reg_34606                                                 |    32|   0|    32|          0|
    |p_read_55_reg_27731                                                  |    32|   0|    32|          0|
    |p_read_560_reg_22791                                                 |    32|   0|    32|          0|
    |p_read_561_reg_22796                                                 |    32|   0|    32|          0|
    |p_read_562_reg_22801                                                 |    32|   0|    32|          0|
    |p_read_563_reg_22806                                                 |    32|   0|    32|          0|
    |p_read_564_reg_22811                                                 |    32|   0|    32|          0|
    |p_read_565_reg_22816                                                 |    32|   0|    32|          0|
    |p_read_566_reg_22821                                                 |    32|   0|    32|          0|
    |p_read_567_reg_22826                                                 |    32|   0|    32|          0|
    |p_read_568_reg_22831                                                 |    32|   0|    32|          0|
    |p_read_569_reg_22836                                                 |    32|   0|    32|          0|
    |p_read_56_reg_27736                                                  |    32|   0|    32|          0|
    |p_read_570_reg_22841                                                 |    32|   0|    32|          0|
    |p_read_571_reg_22846                                                 |    32|   0|    32|          0|
    |p_read_572_reg_22851                                                 |    32|   0|    32|          0|
    |p_read_573_reg_22856                                                 |    32|   0|    32|          0|
    |p_read_574_reg_22861                                                 |    32|   0|    32|          0|
    |p_read_575_reg_22866                                                 |    32|   0|    32|          0|
    |p_read_576_reg_22871                                                 |    32|   0|    32|          0|
    |p_read_577_reg_22876                                                 |    32|   0|    32|          0|
    |p_read_578_reg_22881                                                 |    32|   0|    32|          0|
    |p_read_579_reg_22886                                                 |    32|   0|    32|          0|
    |p_read_57_reg_27741                                                  |    32|   0|    32|          0|
    |p_read_580_reg_22891                                                 |    32|   0|    32|          0|
    |p_read_581_reg_22896                                                 |    32|   0|    32|          0|
    |p_read_582_reg_22901                                                 |    32|   0|    32|          0|
    |p_read_583_reg_22906                                                 |    32|   0|    32|          0|
    |p_read_584_reg_22911                                                 |    32|   0|    32|          0|
    |p_read_585_reg_22916                                                 |    32|   0|    32|          0|
    |p_read_586_reg_22921                                                 |    32|   0|    32|          0|
    |p_read_587_reg_22926                                                 |    32|   0|    32|          0|
    |p_read_588_reg_22931                                                 |    32|   0|    32|          0|
    |p_read_589_reg_22936                                                 |    32|   0|    32|          0|
    |p_read_58_reg_27746                                                  |    32|   0|    32|          0|
    |p_read_590_reg_34611                                                 |    32|   0|    32|          0|
    |p_read_591_reg_22941                                                 |    32|   0|    32|          0|
    |p_read_592_reg_22946                                                 |    32|   0|    32|          0|
    |p_read_593_reg_22951                                                 |    32|   0|    32|          0|
    |p_read_594_reg_22956                                                 |    32|   0|    32|          0|
    |p_read_595_reg_22961                                                 |    32|   0|    32|          0|
    |p_read_596_reg_22966                                                 |    32|   0|    32|          0|
    |p_read_597_reg_22971                                                 |    32|   0|    32|          0|
    |p_read_598_reg_22976                                                 |    32|   0|    32|          0|
    |p_read_599_reg_22981                                                 |    32|   0|    32|          0|
    |p_read_59_reg_27751                                                  |    32|   0|    32|          0|
    |p_read_5_reg_36951                                                   |    32|   0|    32|          0|
    |p_read_600_reg_22986                                                 |    32|   0|    32|          0|
    |p_read_601_reg_22991                                                 |    32|   0|    32|          0|
    |p_read_602_reg_22996                                                 |    32|   0|    32|          0|
    |p_read_603_reg_23001                                                 |    32|   0|    32|          0|
    |p_read_604_reg_23006                                                 |    32|   0|    32|          0|
    |p_read_605_reg_23011                                                 |    32|   0|    32|          0|
    |p_read_606_reg_23016                                                 |    32|   0|    32|          0|
    |p_read_607_reg_23021                                                 |    32|   0|    32|          0|
    |p_read_608_reg_23026                                                 |    32|   0|    32|          0|
    |p_read_609_reg_23031                                                 |    32|   0|    32|          0|
    |p_read_60_reg_27756                                                  |    32|   0|    32|          0|
    |p_read_610_reg_23036                                                 |    32|   0|    32|          0|
    |p_read_611_reg_23041                                                 |    32|   0|    32|          0|
    |p_read_612_reg_23046                                                 |    32|   0|    32|          0|
    |p_read_613_reg_23051                                                 |    32|   0|    32|          0|
    |p_read_614_reg_23056                                                 |    32|   0|    32|          0|
    |p_read_615_reg_23061                                                 |    32|   0|    32|          0|
    |p_read_616_reg_23066                                                 |    32|   0|    32|          0|
    |p_read_617_reg_23071                                                 |    32|   0|    32|          0|
    |p_read_618_reg_23076                                                 |    32|   0|    32|          0|
    |p_read_619_reg_23081                                                 |    32|   0|    32|          0|
    |p_read_61_reg_27761                                                  |    32|   0|    32|          0|
    |p_read_620_reg_23086                                                 |    32|   0|    32|          0|
    |p_read_621_reg_34616                                                 |    32|   0|    32|          0|
    |p_read_622_reg_23091                                                 |    32|   0|    32|          0|
    |p_read_623_reg_23096                                                 |    32|   0|    32|          0|
    |p_read_624_reg_23101                                                 |    32|   0|    32|          0|
    |p_read_625_reg_23106                                                 |    32|   0|    32|          0|
    |p_read_626_reg_23111                                                 |    32|   0|    32|          0|
    |p_read_627_reg_23116                                                 |    32|   0|    32|          0|
    |p_read_628_reg_23121                                                 |    32|   0|    32|          0|
    |p_read_629_reg_23126                                                 |    32|   0|    32|          0|
    |p_read_62_reg_27766                                                  |    32|   0|    32|          0|
    |p_read_630_reg_23131                                                 |    32|   0|    32|          0|
    |p_read_631_reg_23136                                                 |    32|   0|    32|          0|
    |p_read_632_reg_23141                                                 |    32|   0|    32|          0|
    |p_read_633_reg_23146                                                 |    32|   0|    32|          0|
    |p_read_634_reg_23151                                                 |    32|   0|    32|          0|
    |p_read_635_reg_23156                                                 |    32|   0|    32|          0|
    |p_read_636_reg_23161                                                 |    32|   0|    32|          0|
    |p_read_637_reg_23166                                                 |    32|   0|    32|          0|
    |p_read_638_reg_23171                                                 |    32|   0|    32|          0|
    |p_read_639_reg_23176                                                 |    32|   0|    32|          0|
    |p_read_63_reg_37091                                                  |    32|   0|    32|          0|
    |p_read_640_reg_23181                                                 |    32|   0|    32|          0|
    |p_read_641_reg_23186                                                 |    32|   0|    32|          0|
    |p_read_642_reg_23191                                                 |    32|   0|    32|          0|
    |p_read_643_reg_23196                                                 |    32|   0|    32|          0|
    |p_read_644_reg_23201                                                 |    32|   0|    32|          0|
    |p_read_645_reg_23206                                                 |    32|   0|    32|          0|
    |p_read_646_reg_23211                                                 |    32|   0|    32|          0|
    |p_read_647_reg_23216                                                 |    32|   0|    32|          0|
    |p_read_648_reg_23221                                                 |    32|   0|    32|          0|
    |p_read_649_reg_23226                                                 |    32|   0|    32|          0|
    |p_read_64_reg_27771                                                  |    32|   0|    32|          0|
    |p_read_650_reg_23231                                                 |    32|   0|    32|          0|
    |p_read_651_reg_23236                                                 |    32|   0|    32|          0|
    |p_read_652_reg_34621                                                 |    32|   0|    32|          0|
    |p_read_653_reg_23241                                                 |    32|   0|    32|          0|
    |p_read_654_reg_23246                                                 |    32|   0|    32|          0|
    |p_read_655_reg_23251                                                 |    32|   0|    32|          0|
    |p_read_656_reg_23256                                                 |    32|   0|    32|          0|
    |p_read_657_reg_23261                                                 |    32|   0|    32|          0|
    |p_read_658_reg_23266                                                 |    32|   0|    32|          0|
    |p_read_659_reg_23271                                                 |    32|   0|    32|          0|
    |p_read_65_reg_27776                                                  |    32|   0|    32|          0|
    |p_read_660_reg_23276                                                 |    32|   0|    32|          0|
    |p_read_661_reg_23281                                                 |    32|   0|    32|          0|
    |p_read_662_reg_23286                                                 |    32|   0|    32|          0|
    |p_read_663_reg_23291                                                 |    32|   0|    32|          0|
    |p_read_664_reg_23296                                                 |    32|   0|    32|          0|
    |p_read_665_reg_23301                                                 |    32|   0|    32|          0|
    |p_read_666_reg_23306                                                 |    32|   0|    32|          0|
    |p_read_667_reg_23311                                                 |    32|   0|    32|          0|
    |p_read_668_reg_23316                                                 |    32|   0|    32|          0|
    |p_read_669_reg_23321                                                 |    32|   0|    32|          0|
    |p_read_66_reg_27781                                                  |    32|   0|    32|          0|
    |p_read_670_reg_23326                                                 |    32|   0|    32|          0|
    |p_read_671_reg_23331                                                 |    32|   0|    32|          0|
    |p_read_672_reg_23336                                                 |    32|   0|    32|          0|
    |p_read_673_reg_23341                                                 |    32|   0|    32|          0|
    |p_read_674_reg_23346                                                 |    32|   0|    32|          0|
    |p_read_675_reg_23351                                                 |    32|   0|    32|          0|
    |p_read_676_reg_23356                                                 |    32|   0|    32|          0|
    |p_read_677_reg_23361                                                 |    32|   0|    32|          0|
    |p_read_678_reg_23366                                                 |    32|   0|    32|          0|
    |p_read_679_reg_23371                                                 |    32|   0|    32|          0|
    |p_read_67_reg_27786                                                  |    32|   0|    32|          0|
    |p_read_680_reg_23376                                                 |    32|   0|    32|          0|
    |p_read_681_reg_23381                                                 |    32|   0|    32|          0|
    |p_read_682_reg_23386                                                 |    32|   0|    32|          0|
    |p_read_683_reg_34626                                                 |    32|   0|    32|          0|
    |p_read_684_reg_23391                                                 |    32|   0|    32|          0|
    |p_read_685_reg_23396                                                 |    32|   0|    32|          0|
    |p_read_686_reg_23401                                                 |    32|   0|    32|          0|
    |p_read_687_reg_23406                                                 |    32|   0|    32|          0|
    |p_read_688_reg_23411                                                 |    32|   0|    32|          0|
    |p_read_689_reg_23416                                                 |    32|   0|    32|          0|
    |p_read_68_reg_27791                                                  |    32|   0|    32|          0|
    |p_read_690_reg_23421                                                 |    32|   0|    32|          0|
    |p_read_691_reg_23426                                                 |    32|   0|    32|          0|
    |p_read_692_reg_23431                                                 |    32|   0|    32|          0|
    |p_read_693_reg_23436                                                 |    32|   0|    32|          0|
    |p_read_694_reg_23441                                                 |    32|   0|    32|          0|
    |p_read_695_reg_23446                                                 |    32|   0|    32|          0|
    |p_read_696_reg_23451                                                 |    32|   0|    32|          0|
    |p_read_697_reg_23456                                                 |    32|   0|    32|          0|
    |p_read_698_reg_23461                                                 |    32|   0|    32|          0|
    |p_read_699_reg_23466                                                 |    32|   0|    32|          0|
    |p_read_69_reg_27796                                                  |    32|   0|    32|          0|
    |p_read_6_reg_36956                                                   |    32|   0|    32|          0|
    |p_read_700_reg_23471                                                 |    32|   0|    32|          0|
    |p_read_701_reg_23476                                                 |    32|   0|    32|          0|
    |p_read_702_reg_23481                                                 |    32|   0|    32|          0|
    |p_read_703_reg_23486                                                 |    32|   0|    32|          0|
    |p_read_704_reg_23491                                                 |    32|   0|    32|          0|
    |p_read_705_reg_23496                                                 |    32|   0|    32|          0|
    |p_read_706_reg_23501                                                 |    32|   0|    32|          0|
    |p_read_707_reg_23506                                                 |    32|   0|    32|          0|
    |p_read_708_reg_23511                                                 |    32|   0|    32|          0|
    |p_read_709_reg_23516                                                 |    32|   0|    32|          0|
    |p_read_70_reg_27801                                                  |    32|   0|    32|          0|
    |p_read_710_reg_23521                                                 |    32|   0|    32|          0|
    |p_read_711_reg_23526                                                 |    32|   0|    32|          0|
    |p_read_712_reg_23531                                                 |    32|   0|    32|          0|
    |p_read_713_reg_23536                                                 |    32|   0|    32|          0|
    |p_read_714_reg_34631                                                 |    32|   0|    32|          0|
    |p_read_715_reg_23541                                                 |    32|   0|    32|          0|
    |p_read_716_reg_23546                                                 |    32|   0|    32|          0|
    |p_read_717_reg_23551                                                 |    32|   0|    32|          0|
    |p_read_718_reg_23556                                                 |    32|   0|    32|          0|
    |p_read_719_reg_23561                                                 |    32|   0|    32|          0|
    |p_read_71_reg_27806                                                  |    32|   0|    32|          0|
    |p_read_720_reg_23566                                                 |    32|   0|    32|          0|
    |p_read_721_reg_23571                                                 |    32|   0|    32|          0|
    |p_read_722_reg_23576                                                 |    32|   0|    32|          0|
    |p_read_723_reg_23581                                                 |    32|   0|    32|          0|
    |p_read_724_reg_23586                                                 |    32|   0|    32|          0|
    |p_read_725_reg_23591                                                 |    32|   0|    32|          0|
    |p_read_726_reg_23596                                                 |    32|   0|    32|          0|
    |p_read_727_reg_23601                                                 |    32|   0|    32|          0|
    |p_read_728_reg_23606                                                 |    32|   0|    32|          0|
    |p_read_729_reg_23611                                                 |    32|   0|    32|          0|
    |p_read_72_reg_27811                                                  |    32|   0|    32|          0|
    |p_read_730_reg_23616                                                 |    32|   0|    32|          0|
    |p_read_731_reg_23621                                                 |    32|   0|    32|          0|
    |p_read_732_reg_23626                                                 |    32|   0|    32|          0|
    |p_read_733_reg_23631                                                 |    32|   0|    32|          0|
    |p_read_734_reg_23636                                                 |    32|   0|    32|          0|
    |p_read_735_reg_23641                                                 |    32|   0|    32|          0|
    |p_read_736_reg_23646                                                 |    32|   0|    32|          0|
    |p_read_737_reg_23651                                                 |    32|   0|    32|          0|
    |p_read_738_reg_23656                                                 |    32|   0|    32|          0|
    |p_read_739_reg_23661                                                 |    32|   0|    32|          0|
    |p_read_73_reg_27816                                                  |    32|   0|    32|          0|
    |p_read_740_reg_23666                                                 |    32|   0|    32|          0|
    |p_read_741_reg_23671                                                 |    32|   0|    32|          0|
    |p_read_742_reg_23676                                                 |    32|   0|    32|          0|
    |p_read_743_reg_23681                                                 |    32|   0|    32|          0|
    |p_read_744_reg_23686                                                 |    32|   0|    32|          0|
    |p_read_745_reg_34636                                                 |    32|   0|    32|          0|
    |p_read_746_reg_23691                                                 |    32|   0|    32|          0|
    |p_read_747_reg_23696                                                 |    32|   0|    32|          0|
    |p_read_748_reg_23701                                                 |    32|   0|    32|          0|
    |p_read_749_reg_23706                                                 |    32|   0|    32|          0|
    |p_read_74_reg_27821                                                  |    32|   0|    32|          0|
    |p_read_750_reg_23711                                                 |    32|   0|    32|          0|
    |p_read_751_reg_23716                                                 |    32|   0|    32|          0|
    |p_read_752_reg_23721                                                 |    32|   0|    32|          0|
    |p_read_753_reg_23726                                                 |    32|   0|    32|          0|
    |p_read_754_reg_23731                                                 |    32|   0|    32|          0|
    |p_read_755_reg_23736                                                 |    32|   0|    32|          0|
    |p_read_756_reg_23741                                                 |    32|   0|    32|          0|
    |p_read_757_reg_23746                                                 |    32|   0|    32|          0|
    |p_read_758_reg_23751                                                 |    32|   0|    32|          0|
    |p_read_759_reg_23756                                                 |    32|   0|    32|          0|
    |p_read_75_reg_27826                                                  |    32|   0|    32|          0|
    |p_read_760_reg_23761                                                 |    32|   0|    32|          0|
    |p_read_761_reg_23766                                                 |    32|   0|    32|          0|
    |p_read_762_reg_23771                                                 |    32|   0|    32|          0|
    |p_read_763_reg_23776                                                 |    32|   0|    32|          0|
    |p_read_764_reg_23781                                                 |    32|   0|    32|          0|
    |p_read_765_reg_23786                                                 |    32|   0|    32|          0|
    |p_read_766_reg_23791                                                 |    32|   0|    32|          0|
    |p_read_767_reg_23796                                                 |    32|   0|    32|          0|
    |p_read_768_reg_23801                                                 |    32|   0|    32|          0|
    |p_read_769_reg_23806                                                 |    32|   0|    32|          0|
    |p_read_76_reg_27831                                                  |    32|   0|    32|          0|
    |p_read_770_reg_23811                                                 |    32|   0|    32|          0|
    |p_read_771_reg_23816                                                 |    32|   0|    32|          0|
    |p_read_772_reg_23821                                                 |    32|   0|    32|          0|
    |p_read_773_reg_23826                                                 |    32|   0|    32|          0|
    |p_read_774_reg_23831                                                 |    32|   0|    32|          0|
    |p_read_775_reg_23836                                                 |    32|   0|    32|          0|
    |p_read_776_reg_34641                                                 |    32|   0|    32|          0|
    |p_read_777_reg_23841                                                 |    32|   0|    32|          0|
    |p_read_778_reg_23846                                                 |    32|   0|    32|          0|
    |p_read_779_reg_23851                                                 |    32|   0|    32|          0|
    |p_read_77_reg_27836                                                  |    32|   0|    32|          0|
    |p_read_780_reg_23856                                                 |    32|   0|    32|          0|
    |p_read_781_reg_23861                                                 |    32|   0|    32|          0|
    |p_read_782_reg_23866                                                 |    32|   0|    32|          0|
    |p_read_783_reg_23871                                                 |    32|   0|    32|          0|
    |p_read_784_reg_23876                                                 |    32|   0|    32|          0|
    |p_read_785_reg_23881                                                 |    32|   0|    32|          0|
    |p_read_786_reg_23886                                                 |    32|   0|    32|          0|
    |p_read_787_reg_23891                                                 |    32|   0|    32|          0|
    |p_read_788_reg_23896                                                 |    32|   0|    32|          0|
    |p_read_789_reg_23901                                                 |    32|   0|    32|          0|
    |p_read_78_reg_27841                                                  |    32|   0|    32|          0|
    |p_read_790_reg_23906                                                 |    32|   0|    32|          0|
    |p_read_791_reg_23911                                                 |    32|   0|    32|          0|
    |p_read_792_reg_23916                                                 |    32|   0|    32|          0|
    |p_read_793_reg_23921                                                 |    32|   0|    32|          0|
    |p_read_794_reg_23926                                                 |    32|   0|    32|          0|
    |p_read_795_reg_23931                                                 |    32|   0|    32|          0|
    |p_read_796_reg_23936                                                 |    32|   0|    32|          0|
    |p_read_797_reg_23941                                                 |    32|   0|    32|          0|
    |p_read_798_reg_23946                                                 |    32|   0|    32|          0|
    |p_read_799_reg_23951                                                 |    32|   0|    32|          0|
    |p_read_79_reg_27846                                                  |    32|   0|    32|          0|
    |p_read_7_reg_36961                                                   |    32|   0|    32|          0|
    |p_read_800_reg_23956                                                 |    32|   0|    32|          0|
    |p_read_801_reg_23961                                                 |    32|   0|    32|          0|
    |p_read_802_reg_23966                                                 |    32|   0|    32|          0|
    |p_read_803_reg_23971                                                 |    32|   0|    32|          0|
    |p_read_804_reg_23976                                                 |    32|   0|    32|          0|
    |p_read_805_reg_23981                                                 |    32|   0|    32|          0|
    |p_read_806_reg_23986                                                 |    32|   0|    32|          0|
    |p_read_807_reg_34646                                                 |    32|   0|    32|          0|
    |p_read_808_reg_23991                                                 |    32|   0|    32|          0|
    |p_read_809_reg_23996                                                 |    32|   0|    32|          0|
    |p_read_80_reg_27851                                                  |    32|   0|    32|          0|
    |p_read_810_reg_24001                                                 |    32|   0|    32|          0|
    |p_read_811_reg_24006                                                 |    32|   0|    32|          0|
    |p_read_812_reg_24011                                                 |    32|   0|    32|          0|
    |p_read_813_reg_24016                                                 |    32|   0|    32|          0|
    |p_read_814_reg_24021                                                 |    32|   0|    32|          0|
    |p_read_815_reg_24026                                                 |    32|   0|    32|          0|
    |p_read_816_reg_24031                                                 |    32|   0|    32|          0|
    |p_read_817_reg_24036                                                 |    32|   0|    32|          0|
    |p_read_818_reg_24041                                                 |    32|   0|    32|          0|
    |p_read_819_reg_24046                                                 |    32|   0|    32|          0|
    |p_read_81_reg_27856                                                  |    32|   0|    32|          0|
    |p_read_820_reg_24051                                                 |    32|   0|    32|          0|
    |p_read_821_reg_24056                                                 |    32|   0|    32|          0|
    |p_read_822_reg_24061                                                 |    32|   0|    32|          0|
    |p_read_823_reg_24066                                                 |    32|   0|    32|          0|
    |p_read_824_reg_24071                                                 |    32|   0|    32|          0|
    |p_read_825_reg_24076                                                 |    32|   0|    32|          0|
    |p_read_826_reg_24081                                                 |    32|   0|    32|          0|
    |p_read_827_reg_24086                                                 |    32|   0|    32|          0|
    |p_read_828_reg_24091                                                 |    32|   0|    32|          0|
    |p_read_829_reg_24096                                                 |    32|   0|    32|          0|
    |p_read_82_reg_27861                                                  |    32|   0|    32|          0|
    |p_read_830_reg_24101                                                 |    32|   0|    32|          0|
    |p_read_831_reg_24106                                                 |    32|   0|    32|          0|
    |p_read_832_reg_24111                                                 |    32|   0|    32|          0|
    |p_read_833_reg_24116                                                 |    32|   0|    32|          0|
    |p_read_834_reg_24121                                                 |    32|   0|    32|          0|
    |p_read_835_reg_24126                                                 |    32|   0|    32|          0|
    |p_read_836_reg_24131                                                 |    32|   0|    32|          0|
    |p_read_837_reg_24136                                                 |    32|   0|    32|          0|
    |p_read_838_reg_34651                                                 |    32|   0|    32|          0|
    |p_read_839_reg_24141                                                 |    32|   0|    32|          0|
    |p_read_83_reg_27866                                                  |    32|   0|    32|          0|
    |p_read_840_reg_24146                                                 |    32|   0|    32|          0|
    |p_read_841_reg_24151                                                 |    32|   0|    32|          0|
    |p_read_842_reg_24156                                                 |    32|   0|    32|          0|
    |p_read_843_reg_24161                                                 |    32|   0|    32|          0|
    |p_read_844_reg_24166                                                 |    32|   0|    32|          0|
    |p_read_845_reg_24171                                                 |    32|   0|    32|          0|
    |p_read_846_reg_24176                                                 |    32|   0|    32|          0|
    |p_read_847_reg_24181                                                 |    32|   0|    32|          0|
    |p_read_848_reg_24186                                                 |    32|   0|    32|          0|
    |p_read_849_reg_24191                                                 |    32|   0|    32|          0|
    |p_read_84_reg_27871                                                  |    32|   0|    32|          0|
    |p_read_850_reg_24196                                                 |    32|   0|    32|          0|
    |p_read_851_reg_24201                                                 |    32|   0|    32|          0|
    |p_read_852_reg_24206                                                 |    32|   0|    32|          0|
    |p_read_853_reg_24211                                                 |    32|   0|    32|          0|
    |p_read_854_reg_24216                                                 |    32|   0|    32|          0|
    |p_read_855_reg_24221                                                 |    32|   0|    32|          0|
    |p_read_856_reg_24226                                                 |    32|   0|    32|          0|
    |p_read_857_reg_24231                                                 |    32|   0|    32|          0|
    |p_read_858_reg_24236                                                 |    32|   0|    32|          0|
    |p_read_859_reg_24241                                                 |    32|   0|    32|          0|
    |p_read_85_reg_27876                                                  |    32|   0|    32|          0|
    |p_read_860_reg_24246                                                 |    32|   0|    32|          0|
    |p_read_861_reg_24251                                                 |    32|   0|    32|          0|
    |p_read_862_reg_24256                                                 |    32|   0|    32|          0|
    |p_read_863_reg_24261                                                 |    32|   0|    32|          0|
    |p_read_864_reg_24266                                                 |    32|   0|    32|          0|
    |p_read_865_reg_24271                                                 |    32|   0|    32|          0|
    |p_read_866_reg_24276                                                 |    32|   0|    32|          0|
    |p_read_867_reg_24281                                                 |    32|   0|    32|          0|
    |p_read_868_reg_24286                                                 |    32|   0|    32|          0|
    |p_read_869_reg_34656                                                 |    32|   0|    32|          0|
    |p_read_86_reg_27881                                                  |    32|   0|    32|          0|
    |p_read_870_reg_24291                                                 |    32|   0|    32|          0|
    |p_read_871_reg_24296                                                 |    32|   0|    32|          0|
    |p_read_872_reg_24301                                                 |    32|   0|    32|          0|
    |p_read_873_reg_24306                                                 |    32|   0|    32|          0|
    |p_read_874_reg_24311                                                 |    32|   0|    32|          0|
    |p_read_875_reg_24316                                                 |    32|   0|    32|          0|
    |p_read_876_reg_24321                                                 |    32|   0|    32|          0|
    |p_read_877_reg_24326                                                 |    32|   0|    32|          0|
    |p_read_878_reg_24331                                                 |    32|   0|    32|          0|
    |p_read_879_reg_24336                                                 |    32|   0|    32|          0|
    |p_read_87_reg_27886                                                  |    32|   0|    32|          0|
    |p_read_880_reg_24341                                                 |    32|   0|    32|          0|
    |p_read_881_reg_24346                                                 |    32|   0|    32|          0|
    |p_read_882_reg_24351                                                 |    32|   0|    32|          0|
    |p_read_883_reg_24356                                                 |    32|   0|    32|          0|
    |p_read_884_reg_24361                                                 |    32|   0|    32|          0|
    |p_read_885_reg_24366                                                 |    32|   0|    32|          0|
    |p_read_886_reg_24371                                                 |    32|   0|    32|          0|
    |p_read_887_reg_24376                                                 |    32|   0|    32|          0|
    |p_read_888_reg_24381                                                 |    32|   0|    32|          0|
    |p_read_889_reg_24386                                                 |    32|   0|    32|          0|
    |p_read_88_reg_27891                                                  |    32|   0|    32|          0|
    |p_read_890_reg_24391                                                 |    32|   0|    32|          0|
    |p_read_891_reg_24396                                                 |    32|   0|    32|          0|
    |p_read_892_reg_24401                                                 |    32|   0|    32|          0|
    |p_read_893_reg_24406                                                 |    32|   0|    32|          0|
    |p_read_894_reg_24411                                                 |    32|   0|    32|          0|
    |p_read_895_reg_24416                                                 |    32|   0|    32|          0|
    |p_read_896_reg_24421                                                 |    32|   0|    32|          0|
    |p_read_897_reg_24426                                                 |    32|   0|    32|          0|
    |p_read_898_reg_24431                                                 |    32|   0|    32|          0|
    |p_read_899_reg_24436                                                 |    32|   0|    32|          0|
    |p_read_89_reg_27896                                                  |    32|   0|    32|          0|
    |p_read_8_reg_36966                                                   |    32|   0|    32|          0|
    |p_read_900_reg_34661                                                 |    32|   0|    32|          0|
    |p_read_901_reg_24441                                                 |    32|   0|    32|          0|
    |p_read_902_reg_24446                                                 |    32|   0|    32|          0|
    |p_read_903_reg_24451                                                 |    32|   0|    32|          0|
    |p_read_904_reg_24456                                                 |    32|   0|    32|          0|
    |p_read_905_reg_24461                                                 |    32|   0|    32|          0|
    |p_read_906_reg_24466                                                 |    32|   0|    32|          0|
    |p_read_907_reg_24471                                                 |    32|   0|    32|          0|
    |p_read_908_reg_24476                                                 |    32|   0|    32|          0|
    |p_read_909_reg_24481                                                 |    32|   0|    32|          0|
    |p_read_90_reg_27901                                                  |    32|   0|    32|          0|
    |p_read_910_reg_24486                                                 |    32|   0|    32|          0|
    |p_read_911_reg_24491                                                 |    32|   0|    32|          0|
    |p_read_912_reg_24496                                                 |    32|   0|    32|          0|
    |p_read_913_reg_24501                                                 |    32|   0|    32|          0|
    |p_read_914_reg_24506                                                 |    32|   0|    32|          0|
    |p_read_915_reg_24511                                                 |    32|   0|    32|          0|
    |p_read_916_reg_24516                                                 |    32|   0|    32|          0|
    |p_read_917_reg_24521                                                 |    32|   0|    32|          0|
    |p_read_918_reg_24526                                                 |    32|   0|    32|          0|
    |p_read_919_reg_24531                                                 |    32|   0|    32|          0|
    |p_read_91_reg_27906                                                  |    32|   0|    32|          0|
    |p_read_920_reg_24536                                                 |    32|   0|    32|          0|
    |p_read_921_reg_24541                                                 |    32|   0|    32|          0|
    |p_read_922_reg_24546                                                 |    32|   0|    32|          0|
    |p_read_923_reg_24551                                                 |    32|   0|    32|          0|
    |p_read_924_reg_24556                                                 |    32|   0|    32|          0|
    |p_read_925_reg_24561                                                 |    32|   0|    32|          0|
    |p_read_926_reg_24566                                                 |    32|   0|    32|          0|
    |p_read_927_reg_24571                                                 |    32|   0|    32|          0|
    |p_read_928_reg_24576                                                 |    32|   0|    32|          0|
    |p_read_929_reg_24581                                                 |    32|   0|    32|          0|
    |p_read_92_reg_27911                                                  |    32|   0|    32|          0|
    |p_read_930_reg_24586                                                 |    32|   0|    32|          0|
    |p_read_931_reg_34666                                                 |    32|   0|    32|          0|
    |p_read_932_reg_24591                                                 |    32|   0|    32|          0|
    |p_read_933_reg_24596                                                 |    32|   0|    32|          0|
    |p_read_934_reg_24601                                                 |    32|   0|    32|          0|
    |p_read_935_reg_24606                                                 |    32|   0|    32|          0|
    |p_read_936_reg_24611                                                 |    32|   0|    32|          0|
    |p_read_937_reg_24616                                                 |    32|   0|    32|          0|
    |p_read_938_reg_24621                                                 |    32|   0|    32|          0|
    |p_read_939_reg_24626                                                 |    32|   0|    32|          0|
    |p_read_93_reg_27916                                                  |    32|   0|    32|          0|
    |p_read_940_reg_24631                                                 |    32|   0|    32|          0|
    |p_read_941_reg_24636                                                 |    32|   0|    32|          0|
    |p_read_942_reg_24641                                                 |    32|   0|    32|          0|
    |p_read_943_reg_24646                                                 |    32|   0|    32|          0|
    |p_read_944_reg_24651                                                 |    32|   0|    32|          0|
    |p_read_945_reg_24656                                                 |    32|   0|    32|          0|
    |p_read_946_reg_24661                                                 |    32|   0|    32|          0|
    |p_read_947_reg_24666                                                 |    32|   0|    32|          0|
    |p_read_948_reg_24671                                                 |    32|   0|    32|          0|
    |p_read_949_reg_24676                                                 |    32|   0|    32|          0|
    |p_read_94_reg_37096                                                  |    32|   0|    32|          0|
    |p_read_950_reg_24681                                                 |    32|   0|    32|          0|
    |p_read_951_reg_24686                                                 |    32|   0|    32|          0|
    |p_read_952_reg_24691                                                 |    32|   0|    32|          0|
    |p_read_953_reg_24696                                                 |    32|   0|    32|          0|
    |p_read_954_reg_24701                                                 |    32|   0|    32|          0|
    |p_read_955_reg_24706                                                 |    32|   0|    32|          0|
    |p_read_956_reg_24711                                                 |    32|   0|    32|          0|
    |p_read_957_reg_24716                                                 |    32|   0|    32|          0|
    |p_read_958_reg_24721                                                 |    32|   0|    32|          0|
    |p_read_959_reg_24726                                                 |    32|   0|    32|          0|
    |p_read_95_reg_27921                                                  |    32|   0|    32|          0|
    |p_read_960_reg_24731                                                 |    32|   0|    32|          0|
    |p_read_961_reg_24736                                                 |    32|   0|    32|          0|
    |p_read_962_reg_39011                                                 |    32|   0|    32|          0|
    |p_read_963_reg_37161                                                 |    32|   0|    32|          0|
    |p_read_964_reg_37167                                                 |    32|   0|    32|          0|
    |p_read_965_reg_37173                                                 |    32|   0|    32|          0|
    |p_read_966_reg_37179                                                 |    32|   0|    32|          0|
    |p_read_967_reg_37185                                                 |    32|   0|    32|          0|
    |p_read_968_reg_37191                                                 |    32|   0|    32|          0|
    |p_read_969_reg_37197                                                 |    32|   0|    32|          0|
    |p_read_96_reg_27926                                                  |    32|   0|    32|          0|
    |p_read_970_reg_37203                                                 |    32|   0|    32|          0|
    |p_read_971_reg_37209                                                 |    32|   0|    32|          0|
    |p_read_972_reg_37215                                                 |    32|   0|    32|          0|
    |p_read_973_reg_37221                                                 |    32|   0|    32|          0|
    |p_read_974_reg_37227                                                 |    32|   0|    32|          0|
    |p_read_975_reg_37233                                                 |    32|   0|    32|          0|
    |p_read_976_reg_37239                                                 |    32|   0|    32|          0|
    |p_read_977_reg_37245                                                 |    32|   0|    32|          0|
    |p_read_978_reg_37251                                                 |    32|   0|    32|          0|
    |p_read_979_reg_37257                                                 |    32|   0|    32|          0|
    |p_read_97_reg_27931                                                  |    32|   0|    32|          0|
    |p_read_980_reg_37263                                                 |    32|   0|    32|          0|
    |p_read_981_reg_37269                                                 |    32|   0|    32|          0|
    |p_read_982_reg_37275                                                 |    32|   0|    32|          0|
    |p_read_983_reg_37281                                                 |    32|   0|    32|          0|
    |p_read_984_reg_37287                                                 |    32|   0|    32|          0|
    |p_read_985_reg_37293                                                 |    32|   0|    32|          0|
    |p_read_986_reg_37299                                                 |    32|   0|    32|          0|
    |p_read_987_reg_37305                                                 |    32|   0|    32|          0|
    |p_read_988_reg_37311                                                 |    32|   0|    32|          0|
    |p_read_989_reg_37317                                                 |    32|   0|    32|          0|
    |p_read_98_reg_27936                                                  |    32|   0|    32|          0|
    |p_read_990_reg_37323                                                 |    32|   0|    32|          0|
    |p_read_991_reg_37329                                                 |    32|   0|    32|          0|
    |p_read_992_reg_37335                                                 |    32|   0|    32|          0|
    |p_read_993_reg_37341                                                 |    32|   0|    32|          0|
    |p_read_994_reg_29871                                                 |    32|   0|    32|          0|
    |p_read_995_reg_29877                                                 |    32|   0|    32|          0|
    |p_read_996_reg_29883                                                 |    32|   0|    32|          0|
    |p_read_997_reg_29889                                                 |    32|   0|    32|          0|
    |p_read_998_reg_29895                                                 |    32|   0|    32|          0|
    |p_read_999_reg_29901                                                 |    32|   0|    32|          0|
    |p_read_99_reg_27941                                                  |    32|   0|    32|          0|
    |p_read_9_reg_36971                                                   |    32|   0|    32|          0|
    |reg_18763                                                            |    32|   0|    32|          0|
    |reg_18770                                                            |    32|   0|    32|          0|
    |reg_18776                                                            |    32|   0|    32|          0|
    |reg_18782                                                            |    32|   0|    32|          0|
    |reg_18788                                                            |    32|   0|    32|          0|
    |reg_18794                                                            |    32|   0|    32|          0|
    |reg_18800                                                            |    32|   0|    32|          0|
    |reg_18806                                                            |    32|   0|    32|          0|
    |reg_18812                                                            |    32|   0|    32|          0|
    |reg_18818                                                            |    32|   0|    32|          0|
    |reg_18824                                                            |    32|   0|    32|          0|
    |reg_18830                                                            |    32|   0|    32|          0|
    |reg_18836                                                            |    32|   0|    32|          0|
    |reg_18842                                                            |    32|   0|    32|          0|
    |reg_18848                                                            |    32|   0|    32|          0|
    |reg_18854                                                            |    32|   0|    32|          0|
    |reg_18860                                                            |    32|   0|    32|          0|
    |reg_18866                                                            |    32|   0|    32|          0|
    |reg_18872                                                            |    32|   0|    32|          0|
    |reg_18878                                                            |    32|   0|    32|          0|
    |reg_18884                                                            |    32|   0|    32|          0|
    |reg_18890                                                            |    32|   0|    32|          0|
    |reg_18896                                                            |    32|   0|    32|          0|
    |reg_18902                                                            |    32|   0|    32|          0|
    |reg_18908                                                            |    32|   0|    32|          0|
    |reg_18914                                                            |    32|   0|    32|          0|
    |reg_18920                                                            |    32|   0|    32|          0|
    |reg_18926                                                            |    32|   0|    32|          0|
    |reg_18932                                                            |    32|   0|    32|          0|
    |reg_18938                                                            |    32|   0|    32|          0|
    |reg_18944                                                            |    32|   0|    32|          0|
    |reg_18950                                                            |    32|   0|    32|          0|
    |reg_18956                                                            |    32|   0|    32|          0|
    |reg_18962                                                            |    32|   0|    32|          0|
    |reg_18968                                                            |    32|   0|    32|          0|
    |reg_18974                                                            |    32|   0|    32|          0|
    |reg_18980                                                            |    32|   0|    32|          0|
    |reg_18986                                                            |    32|   0|    32|          0|
    |reg_18992                                                            |    32|   0|    32|          0|
    |reg_18998                                                            |    32|   0|    32|          0|
    |reg_19004                                                            |    32|   0|    32|          0|
    |reg_19010                                                            |    32|   0|    32|          0|
    |reg_19016                                                            |    32|   0|    32|          0|
    |reg_19022                                                            |    32|   0|    32|          0|
    |reg_19028                                                            |    32|   0|    32|          0|
    |reg_19034                                                            |    32|   0|    32|          0|
    |reg_19042                                                            |    32|   0|    32|          0|
    |reg_19050                                                            |    32|   0|    32|          0|
    |reg_19059                                                            |    32|   0|    32|          0|
    |reg_19067                                                            |    32|   0|    32|          0|
    |reg_19075                                                            |    32|   0|    32|          0|
    |reg_19083                                                            |    32|   0|    32|          0|
    |reg_19091                                                            |    32|   0|    32|          0|
    |reg_19099                                                            |    32|   0|    32|          0|
    |reg_19107                                                            |    32|   0|    32|          0|
    |reg_19115                                                            |    32|   0|    32|          0|
    |reg_19123                                                            |    32|   0|    32|          0|
    |reg_19131                                                            |    32|   0|    32|          0|
    |reg_19139                                                            |    32|   0|    32|          0|
    |reg_19147                                                            |    32|   0|    32|          0|
    |reg_19155                                                            |    32|   0|    32|          0|
    |reg_19164                                                            |    32|   0|    32|          0|
    |reg_19173                                                            |    32|   0|    32|          0|
    |reg_19181                                                            |    32|   0|    32|          0|
    |reg_19189                                                            |    32|   0|    32|          0|
    |reg_19197                                                            |    32|   0|    32|          0|
    |reg_19205                                                            |    32|   0|    32|          0|
    |reg_19213                                                            |    32|   0|    32|          0|
    |reg_19221                                                            |    32|   0|    32|          0|
    |reg_19229                                                            |    32|   0|    32|          0|
    |reg_19236                                                            |    32|   0|    32|          0|
    |reg_19243                                                            |    32|   0|    32|          0|
    |reg_19250                                                            |    32|   0|    32|          0|
    |reg_19257                                                            |    32|   0|    32|          0|
    |reg_19264                                                            |    32|   0|    32|          0|
    |reg_19270                                                            |    32|   0|    32|          0|
    |reg_19277                                                            |    32|   0|    32|          0|
    |reg_19284                                                            |    32|   0|    32|          0|
    |reg_19291                                                            |    32|   0|    32|          0|
    |reg_19298                                                            |    32|   0|    32|          0|
    |reg_19306                                                            |    32|   0|    32|          0|
    |reg_19314                                                            |    32|   0|    32|          0|
    |reg_19322                                                            |    32|   0|    32|          0|
    |reg_19330                                                            |    32|   0|    32|          0|
    |reg_19338                                                            |    32|   0|    32|          0|
    |reg_19346                                                            |    32|   0|    32|          0|
    |reg_19354                                                            |    32|   0|    32|          0|
    |reg_19362                                                            |    32|   0|    32|          0|
    |reg_19370                                                            |    32|   0|    32|          0|
    |reg_19378                                                            |    32|   0|    32|          0|
    |reg_19386                                                            |    32|   0|    32|          0|
    |reg_19394                                                            |    32|   0|    32|          0|
    |reg_19402                                                            |    32|   0|    32|          0|
    |reg_19410                                                            |    32|   0|    32|          0|
    |reg_19418                                                            |    32|   0|    32|          0|
    |reg_19425                                                            |    32|   0|    32|          0|
    |reg_19432                                                            |    32|   0|    32|          0|
    |reg_19439                                                            |    32|   0|    32|          0|
    |reg_19446                                                            |    32|   0|    32|          0|
    |reg_19453                                                            |    32|   0|    32|          0|
    |reg_19460                                                            |    32|   0|    32|          0|
    |reg_19467                                                            |    32|   0|    32|          0|
    |reg_19474                                                            |    32|   0|    32|          0|
    |reg_19481                                                            |    32|   0|    32|          0|
    |reg_19488                                                            |    32|   0|    32|          0|
    |reg_19495                                                            |    32|   0|    32|          0|
    |reg_19502                                                            |    32|   0|    32|          0|
    |reg_19509                                                            |    32|   0|    32|          0|
    |reg_19516                                                            |    32|   0|    32|          0|
    |reg_19523                                                            |    32|   0|    32|          0|
    |reg_19530                                                            |    32|   0|    32|          0|
    |reg_19537                                                            |    32|   0|    32|          0|
    |reg_19544                                                            |    32|   0|    32|          0|
    |reg_19551                                                            |    32|   0|    32|          0|
    |reg_19558                                                            |    32|   0|    32|          0|
    |reg_19565                                                            |    32|   0|    32|          0|
    |reg_19573                                                            |    32|   0|    32|          0|
    |reg_19581                                                            |    32|   0|    32|          0|
    |reg_19589                                                            |    32|   0|    32|          0|
    |reg_19597                                                            |    32|   0|    32|          0|
    |reg_19605                                                            |    32|   0|    32|          0|
    |reg_19613                                                            |    32|   0|    32|          0|
    |reg_19621                                                            |    32|   0|    32|          0|
    |reg_19629                                                            |    32|   0|    32|          0|
    |reg_19637                                                            |    32|   0|    32|          0|
    |reg_19645                                                            |    32|   0|    32|          0|
    |reg_19653                                                            |    32|   0|    32|          0|
    |reg_19661                                                            |    32|   0|    32|          0|
    |reg_19669                                                            |    32|   0|    32|          0|
    |reg_19677                                                            |    32|   0|    32|          0|
    |reg_19685                                                            |    32|   0|    32|          0|
    |reg_19693                                                            |    32|   0|    32|          0|
    |reg_19701                                                            |    32|   0|    32|          0|
    |reg_19709                                                            |    32|   0|    32|          0|
    |reg_19717                                                            |    32|   0|    32|          0|
    |reg_19725                                                            |    32|   0|    32|          0|
    |reg_19733                                                            |    32|   0|    32|          0|
    |reg_19741                                                            |    32|   0|    32|          0|
    |reg_19749                                                            |    32|   0|    32|          0|
    |reg_19756                                                            |    32|   0|    32|          0|
    |reg_19764                                                            |    32|   0|    32|          0|
    |reg_19772                                                            |    32|   0|    32|          0|
    |reg_19780                                                            |    32|   0|    32|          0|
    |reg_19787                                                            |    32|   0|    32|          0|
    |reg_19794                                                            |    32|   0|    32|          0|
    |reg_19801                                                            |    32|   0|    32|          0|
    |reg_19808                                                            |    32|   0|    32|          0|
    |reg_19815                                                            |    32|   0|    32|          0|
    |reg_19822                                                            |    32|   0|    32|          0|
    |reg_19829                                                            |    32|   0|    32|          0|
    |reg_19836                                                            |    32|   0|    32|          0|
    |reg_19843                                                            |    32|   0|    32|          0|
    |reg_19850                                                            |    32|   0|    32|          0|
    |reg_19857                                                            |    32|   0|    32|          0|
    |reg_19864                                                            |    32|   0|    32|          0|
    |reg_19871                                                            |    32|   0|    32|          0|
    |reg_19878                                                            |    32|   0|    32|          0|
    |reg_19885                                                            |    32|   0|    32|          0|
    |reg_19892                                                            |    32|   0|    32|          0|
    |reg_19899                                                            |    32|   0|    32|          0|
    |reg_19906                                                            |    32|   0|    32|          0|
    |reg_19913                                                            |    32|   0|    32|          0|
    |reg_19920                                                            |    32|   0|    32|          0|
    |reg_19927                                                            |    32|   0|    32|          0|
    |reg_19934                                                            |    32|   0|    32|          0|
    |reg_19941                                                            |    32|   0|    32|          0|
    |reg_19948                                                            |    32|   0|    32|          0|
    |reg_19955                                                            |    32|   0|    32|          0|
    |reg_19962                                                            |    32|   0|    32|          0|
    |reg_19969                                                            |    32|   0|    32|          0|
    |reg_19976                                                            |    32|   0|    32|          0|
    |reg_19983                                                            |    32|   0|    32|          0|
    |reg_19990                                                            |    32|   0|    32|          0|
    |reg_19997                                                            |    32|   0|    32|          0|
    |reg_20004                                                            |    32|   0|    32|          0|
    |reg_20011                                                            |    32|   0|    32|          0|
    |reg_20018                                                            |    32|   0|    32|          0|
    |reg_20025                                                            |    32|   0|    32|          0|
    |reg_20032                                                            |    32|   0|    32|          0|
    |reg_20039                                                            |    32|   0|    32|          0|
    |reg_20046                                                            |    32|   0|    32|          0|
    |reg_20053                                                            |    32|   0|    32|          0|
    |reg_20060                                                            |    32|   0|    32|          0|
    |reg_20067                                                            |    32|   0|    32|          0|
    |reg_20074                                                            |    32|   0|    32|          0|
    |reg_20081                                                            |    32|   0|    32|          0|
    |reg_20088                                                            |    32|   0|    32|          0|
    |reg_20095                                                            |    32|   0|    32|          0|
    |reg_20102                                                            |    32|   0|    32|          0|
    |reg_20109                                                            |    32|   0|    32|          0|
    |reg_20116                                                            |    32|   0|    32|          0|
    |reg_20123                                                            |    32|   0|    32|          0|
    |reg_20130                                                            |    32|   0|    32|          0|
    |reg_20137                                                            |    32|   0|    32|          0|
    |reg_20144                                                            |    32|   0|    32|          0|
    |reg_20151                                                            |    32|   0|    32|          0|
    |reg_20158                                                            |    32|   0|    32|          0|
    |reg_20165                                                            |    32|   0|    32|          0|
    |reg_20172                                                            |    32|   0|    32|          0|
    |reg_20179                                                            |    32|   0|    32|          0|
    |reg_20186                                                            |    32|   0|    32|          0|
    |reg_20193                                                            |    32|   0|    32|          0|
    |reg_20200                                                            |    32|   0|    32|          0|
    |reg_20207                                                            |    32|   0|    32|          0|
    |reg_20214                                                            |    32|   0|    32|          0|
    |reg_20221                                                            |    32|   0|    32|          0|
    |reg_20228                                                            |    32|   0|    32|          0|
    |reg_20235                                                            |    32|   0|    32|          0|
    |reg_20242                                                            |    32|   0|    32|          0|
    |reg_20249                                                            |    32|   0|    32|          0|
    |reg_20256                                                            |    32|   0|    32|          0|
    |reg_20263                                                            |    32|   0|    32|          0|
    |reg_20270                                                            |    32|   0|    32|          0|
    |reg_20277                                                            |    32|   0|    32|          0|
    |reg_20284                                                            |    32|   0|    32|          0|
    |reg_20291                                                            |    32|   0|    32|          0|
    |reg_20298                                                            |    32|   0|    32|          0|
    |reg_20305                                                            |    32|   0|    32|          0|
    |reg_20312                                                            |    32|   0|    32|          0|
    |reg_20319                                                            |    32|   0|    32|          0|
    |reg_20326                                                            |    32|   0|    32|          0|
    |reg_20333                                                            |    32|   0|    32|          0|
    |reg_20340                                                            |    32|   0|    32|          0|
    |reg_20347                                                            |    32|   0|    32|          0|
    |reg_20354                                                            |    32|   0|    32|          0|
    |reg_20361                                                            |    32|   0|    32|          0|
    |reg_20368                                                            |    32|   0|    32|          0|
    |reg_20375                                                            |    32|   0|    32|          0|
    |reg_20382                                                            |    32|   0|    32|          0|
    |reg_20389                                                            |    32|   0|    32|          0|
    |reg_20396                                                            |    32|   0|    32|          0|
    |reg_20403                                                            |    32|   0|    32|          0|
    |reg_20410                                                            |    32|   0|    32|          0|
    |reg_20417                                                            |    32|   0|    32|          0|
    |reg_20424                                                            |    32|   0|    32|          0|
    |reg_20431                                                            |    32|   0|    32|          0|
    |reg_20438                                                            |    32|   0|    32|          0|
    |reg_20445                                                            |    32|   0|    32|          0|
    |reg_20452                                                            |    32|   0|    32|          0|
    |reg_20459                                                            |    32|   0|    32|          0|
    |reg_20465                                                            |    32|   0|    32|          0|
    |reg_20471                                                            |    32|   0|    32|          0|
    |reg_20477                                                            |    32|   0|    32|          0|
    |reg_20483                                                            |    32|   0|    32|          0|
    |reg_20489                                                            |    32|   0|    32|          0|
    |reg_20495                                                            |    32|   0|    32|          0|
    |reg_20501                                                            |    32|   0|    32|          0|
    |reg_20507                                                            |    32|   0|    32|          0|
    |reg_20513                                                            |    32|   0|    32|          0|
    |reg_20519                                                            |    32|   0|    32|          0|
    |reg_20525                                                            |    32|   0|    32|          0|
    |reg_20531                                                            |    32|   0|    32|          0|
    |reg_20537                                                            |    32|   0|    32|          0|
    |reg_20543                                                            |    32|   0|    32|          0|
    |reg_20549                                                            |    32|   0|    32|          0|
    |reg_20555                                                            |    32|   0|    32|          0|
    |reg_20561                                                            |    32|   0|    32|          0|
    |reg_20567                                                            |    32|   0|    32|          0|
    |reg_20573                                                            |    32|   0|    32|          0|
    |reg_20579                                                            |    32|   0|    32|          0|
    |reg_20585                                                            |    32|   0|    32|          0|
    |reg_20591                                                            |    32|   0|    32|          0|
    |reg_20597                                                            |    32|   0|    32|          0|
    |reg_20603                                                            |    32|   0|    32|          0|
    |reg_20609                                                            |    32|   0|    32|          0|
    |reg_20615                                                            |    32|   0|    32|          0|
    |reg_20621                                                            |    32|   0|    32|          0|
    |reg_20627                                                            |    32|   0|    32|          0|
    |reg_20633                                                            |    32|   0|    32|          0|
    |reg_20639                                                            |    32|   0|    32|          0|
    |reg_20645                                                            |    32|   0|    32|          0|
    |reg_20651                                                            |    32|   0|    32|          0|
    |reg_20657                                                            |    32|   0|    32|          0|
    |reg_20663                                                            |    32|   0|    32|          0|
    |reg_20669                                                            |    32|   0|    32|          0|
    |reg_20675                                                            |    32|   0|    32|          0|
    |reg_20681                                                            |    32|   0|    32|          0|
    |reg_20687                                                            |    32|   0|    32|          0|
    |reg_20693                                                            |    32|   0|    32|          0|
    |reg_20699                                                            |    32|   0|    32|          0|
    |reg_20705                                                            |    32|   0|    32|          0|
    |reg_20711                                                            |    32|   0|    32|          0|
    |reg_20717                                                            |    32|   0|    32|          0|
    |reg_20723                                                            |    32|   0|    32|          0|
    |reg_20729                                                            |    32|   0|    32|          0|
    |reg_20735                                                            |    32|   0|    32|          0|
    |reg_20742                                                            |    32|   0|    32|          0|
    |reg_20748                                                            |    32|   0|    32|          0|
    |reg_20755                                                            |    32|   0|    32|          0|
    |reg_20762                                                            |    32|   0|    32|          0|
    |reg_20770                                                            |    32|   0|    32|          0|
    |reg_20777                                                            |    32|   0|    32|          0|
    |reg_20784                                                            |    32|   0|    32|          0|
    |reg_20792                                                            |    32|   0|    32|          0|
    |reg_20799                                                            |    32|   0|    32|          0|
    |reg_20806                                                            |    32|   0|    32|          0|
    |reg_20814                                                            |    32|   0|    32|          0|
    |reg_20822                                                            |    32|   0|    32|          0|
    |reg_20830                                                            |    32|   0|    32|          0|
    |reg_20838                                                            |    32|   0|    32|          0|
    |reg_20846                                                            |    32|   0|    32|          0|
    |reg_20855                                                            |    32|   0|    32|          0|
    |reg_20864                                                            |    32|   0|    32|          0|
    |reg_20872                                                            |    32|   0|    32|          0|
    |reg_20880                                                            |    32|   0|    32|          0|
    |reg_20888                                                            |    32|   0|    32|          0|
    |reg_20896                                                            |    32|   0|    32|          0|
    |reg_20904                                                            |    32|   0|    32|          0|
    |reg_20912                                                            |    32|   0|    32|          0|
    |reg_20920                                                            |    32|   0|    32|          0|
    |reg_20928                                                            |    32|   0|    32|          0|
    |reg_20936                                                            |    32|   0|    32|          0|
    |reg_20943                                                            |    32|   0|    32|          0|
    |reg_20951                                                            |    32|   0|    32|          0|
    |reg_20959                                                            |    32|   0|    32|          0|
    |reg_20967                                                            |    32|   0|    32|          0|
    |reg_20975                                                            |    32|   0|    32|          0|
    |reg_20983                                                            |    32|   0|    32|          0|
    |reg_20991                                                            |    32|   0|    32|          0|
    |reg_20999                                                            |    32|   0|    32|          0|
    |reg_21006                                                            |    32|   0|    32|          0|
    |reg_21013                                                            |    32|   0|    32|          0|
    |reg_21020                                                            |    32|   0|    32|          0|
    |reg_21027                                                            |    32|   0|    32|          0|
    |reg_21034                                                            |    32|   0|    32|          0|
    |reg_21041                                                            |    32|   0|    32|          0|
    |reg_21048                                                            |    32|   0|    32|          0|
    |reg_21055                                                            |    32|   0|    32|          0|
    |reg_21062                                                            |    32|   0|    32|          0|
    |reg_21069                                                            |    32|   0|    32|          0|
    |reg_21076                                                            |    32|   0|    32|          0|
    |reg_21083                                                            |    32|   0|    32|          0|
    |reg_21090                                                            |    32|   0|    32|          0|
    |reg_21097                                                            |    32|   0|    32|          0|
    |reg_21104                                                            |    32|   0|    32|          0|
    |reg_21111                                                            |    32|   0|    32|          0|
    |reg_21118                                                            |    32|   0|    32|          0|
    |reg_21125                                                            |    32|   0|    32|          0|
    |reg_21132                                                            |    32|   0|    32|          0|
    |reg_21139                                                            |    32|   0|    32|          0|
    |reg_21146                                                            |    32|   0|    32|          0|
    |reg_21153                                                            |    32|   0|    32|          0|
    |reg_21160                                                            |    32|   0|    32|          0|
    |reg_21167                                                            |    32|   0|    32|          0|
    |reg_21174                                                            |    32|   0|    32|          0|
    |reg_21181                                                            |    32|   0|    32|          0|
    |reg_21188                                                            |    32|   0|    32|          0|
    |reg_21195                                                            |    32|   0|    32|          0|
    |reg_21202                                                            |    32|   0|    32|          0|
    |reg_21209                                                            |    32|   0|    32|          0|
    |reg_21216                                                            |    32|   0|    32|          0|
    |reg_21223                                                            |    32|   0|    32|          0|
    |reg_21230                                                            |    32|   0|    32|          0|
    |reg_21236                                                            |    32|   0|    32|          0|
    |reg_21242                                                            |    32|   0|    32|          0|
    |reg_21248                                                            |    32|   0|    32|          0|
    |reg_21254                                                            |    32|   0|    32|          0|
    |reg_21260                                                            |    32|   0|    32|          0|
    |reg_21266                                                            |    32|   0|    32|          0|
    |reg_21272                                                            |    32|   0|    32|          0|
    |reg_21278                                                            |    32|   0|    32|          0|
    |reg_21284                                                            |    32|   0|    32|          0|
    |reg_21290                                                            |    32|   0|    32|          0|
    |reg_21296                                                            |    32|   0|    32|          0|
    |reg_21302                                                            |    32|   0|    32|          0|
    |reg_21308                                                            |    32|   0|    32|          0|
    |reg_21314                                                            |    32|   0|    32|          0|
    |reg_21320                                                            |    32|   0|    32|          0|
    |reg_21326                                                            |    32|   0|    32|          0|
    |reg_21332                                                            |    32|   0|    32|          0|
    |reg_21338                                                            |    32|   0|    32|          0|
    |reg_21344                                                            |    32|   0|    32|          0|
    |reg_21350                                                            |    32|   0|    32|          0|
    |reg_21356                                                            |    32|   0|    32|          0|
    |reg_21362                                                            |    32|   0|    32|          0|
    |reg_21368                                                            |    32|   0|    32|          0|
    |reg_21374                                                            |    32|   0|    32|          0|
    |reg_21380                                                            |    32|   0|    32|          0|
    |reg_21386                                                            |    32|   0|    32|          0|
    |reg_21392                                                            |    32|   0|    32|          0|
    |reg_21398                                                            |    32|   0|    32|          0|
    |reg_21404                                                            |    32|   0|    32|          0|
    |reg_21410                                                            |    32|   0|    32|          0|
    |reg_21416                                                            |    32|   0|    32|          0|
    |reg_21422                                                            |    32|   0|    32|          0|
    |reg_21428                                                            |    32|   0|    32|          0|
    |reg_21434                                                            |    32|   0|    32|          0|
    |reg_21440                                                            |    32|   0|    32|          0|
    |reg_21446                                                            |    32|   0|    32|          0|
    |reg_21452                                                            |    32|   0|    32|          0|
    |reg_21458                                                            |    32|   0|    32|          0|
    |reg_21464                                                            |    32|   0|    32|          0|
    |reg_21470                                                            |    32|   0|    32|          0|
    |reg_21476                                                            |    32|   0|    32|          0|
    |reg_21482                                                            |    32|   0|    32|          0|
    |reg_21488                                                            |    32|   0|    32|          0|
    |reg_21494                                                            |    32|   0|    32|          0|
    |reg_21500                                                            |    32|   0|    32|          0|
    |reg_21506                                                            |    32|   0|    32|          0|
    |reg_21512                                                            |    32|   0|    32|          0|
    |reg_21518                                                            |    32|   0|    32|          0|
    |reg_21524                                                            |    32|   0|    32|          0|
    |reg_21530                                                            |    32|   0|    32|          0|
    |reg_21536                                                            |    32|   0|    32|          0|
    |reg_21542                                                            |    32|   0|    32|          0|
    |reg_21548                                                            |    32|   0|    32|          0|
    |reg_21554                                                            |    32|   0|    32|          0|
    |reg_21560                                                            |    32|   0|    32|          0|
    |reg_21566                                                            |    32|   0|    32|          0|
    |reg_21572                                                            |    32|   0|    32|          0|
    |reg_21578                                                            |    32|   0|    32|          0|
    |reg_21584                                                            |    32|   0|    32|          0|
    |reg_21590                                                            |    32|   0|    32|          0|
    |reg_21596                                                            |    32|   0|    32|          0|
    |reg_21602                                                            |    32|   0|    32|          0|
    |reg_21608                                                            |    32|   0|    32|          0|
    |reg_21614                                                            |    32|   0|    32|          0|
    |reg_21620                                                            |    32|   0|    32|          0|
    |reg_21626                                                            |    32|   0|    32|          0|
    |reg_21632                                                            |    32|   0|    32|          0|
    |reg_21638                                                            |    32|   0|    32|          0|
    |reg_21645                                                            |    32|   0|    32|          0|
    |reg_21651                                                            |    32|   0|    32|          0|
    |reg_21657                                                            |    32|   0|    32|          0|
    |reg_21663                                                            |    32|   0|    32|          0|
    |reg_21669                                                            |    32|   0|    32|          0|
    |reg_21675                                                            |    32|   0|    32|          0|
    |reg_21681                                                            |    32|   0|    32|          0|
    |reg_21687                                                            |    32|   0|    32|          0|
    |reg_21693                                                            |    32|   0|    32|          0|
    |reg_21699                                                            |    32|   0|    32|          0|
    |reg_21705                                                            |    32|   0|    32|          0|
    |reg_21711                                                            |    32|   0|    32|          0|
    |reg_21717                                                            |    32|   0|    32|          0|
    |reg_21723                                                            |    32|   0|    32|          0|
    |reg_21729                                                            |    32|   0|    32|          0|
    |reg_21735                                                            |    32|   0|    32|          0|
    |reg_21741                                                            |    32|   0|    32|          0|
    |reg_21747                                                            |    32|   0|    32|          0|
    |reg_21753                                                            |    32|   0|    32|          0|
    |reg_21759                                                            |    32|   0|    32|          0|
    |reg_21765                                                            |    32|   0|    32|          0|
    |reg_21771                                                            |    32|   0|    32|          0|
    |reg_21777                                                            |    32|   0|    32|          0|
    |reg_21783                                                            |    32|   0|    32|          0|
    |reg_21789                                                            |    32|   0|    32|          0|
    |reg_21795                                                            |    32|   0|    32|          0|
    |reg_21801                                                            |    32|   0|    32|          0|
    |reg_21807                                                            |    32|   0|    32|          0|
    |reg_21813                                                            |    32|   0|    32|          0|
    |reg_21819                                                            |    32|   0|    32|          0|
    |reg_21825                                                            |    32|   0|    32|          0|
    |reg_21831                                                            |    32|   0|    32|          0|
    |reg_21837                                                            |    32|   0|    32|          0|
    |reg_21843                                                            |    32|   0|    32|          0|
    |reg_21849                                                            |    32|   0|    32|          0|
    |reg_21855                                                            |    32|   0|    32|          0|
    |reg_21861                                                            |    32|   0|    32|          0|
    |reg_21867                                                            |    32|   0|    32|          0|
    |reg_21873                                                            |    32|   0|    32|          0|
    |reg_21879                                                            |    32|   0|    32|          0|
    |reg_21885                                                            |    32|   0|    32|          0|
    |reg_21891                                                            |    32|   0|    32|          0|
    |reg_21897                                                            |    32|   0|    32|          0|
    |reg_21903                                                            |    32|   0|    32|          0|
    |reg_21909                                                            |    32|   0|    32|          0|
    |reg_21915                                                            |    32|   0|    32|          0|
    |reg_21921                                                            |    32|   0|    32|          0|
    |reg_21927                                                            |    32|   0|    32|          0|
    |reg_21933                                                            |    32|   0|    32|          0|
    |reg_21939                                                            |    32|   0|    32|          0|
    |reg_21945                                                            |    32|   0|    32|          0|
    |reg_21951                                                            |    32|   0|    32|          0|
    |reg_21957                                                            |    32|   0|    32|          0|
    |reg_21963                                                            |    32|   0|    32|          0|
    |reg_21969                                                            |    32|   0|    32|          0|
    |reg_21975                                                            |    32|   0|    32|          0|
    |reg_21981                                                            |    32|   0|    32|          0|
    |reg_21987                                                            |    32|   0|    32|          0|
    |reg_21993                                                            |    32|   0|    32|          0|
    |reg_21999                                                            |    32|   0|    32|          0|
    |reg_22005                                                            |    32|   0|    32|          0|
    |reg_22011                                                            |    32|   0|    32|          0|
    |reg_22017                                                            |    32|   0|    32|          0|
    |reg_22023                                                            |    32|   0|    32|          0|
    |reg_22029                                                            |    32|   0|    32|          0|
    |reg_22035                                                            |    32|   0|    32|          0|
    |reg_22041                                                            |    32|   0|    32|          0|
    |reg_22047                                                            |    32|   0|    32|          0|
    |reg_22053                                                            |    32|   0|    32|          0|
    |reg_22059                                                            |    32|   0|    32|          0|
    |reg_22065                                                            |    32|   0|    32|          0|
    |reg_22071                                                            |    32|   0|    32|          0|
    |reg_22077                                                            |    32|   0|    32|          0|
    |reg_22083                                                            |    32|   0|    32|          0|
    |reg_22089                                                            |    32|   0|    32|          0|
    |reg_22095                                                            |    32|   0|    32|          0|
    |reg_22101                                                            |    32|   0|    32|          0|
    |reg_22107                                                            |    32|   0|    32|          0|
    |reg_22113                                                            |    32|   0|    32|          0|
    |reg_22119                                                            |    32|   0|    32|          0|
    |reg_22125                                                            |    32|   0|    32|          0|
    |reg_22131                                                            |    32|   0|    32|          0|
    |reg_22137                                                            |    32|   0|    32|          0|
    |reg_22143                                                            |    32|   0|    32|          0|
    |reg_22149                                                            |    32|   0|    32|          0|
    |reg_22155                                                            |    32|   0|    32|          0|
    |reg_22161                                                            |    32|   0|    32|          0|
    |reg_22167                                                            |    32|   0|    32|          0|
    |reg_22173                                                            |    32|   0|    32|          0|
    |reg_22179                                                            |    32|   0|    32|          0|
    |reg_22185                                                            |    32|   0|    32|          0|
    |reg_22191                                                            |    32|   0|    32|          0|
    |reg_22197                                                            |    32|   0|    32|          0|
    |reg_22203                                                            |    32|   0|    32|          0|
    |reg_22209                                                            |    32|   0|    32|          0|
    |reg_22215                                                            |    32|   0|    32|          0|
    |reg_22221                                                            |    32|   0|    32|          0|
    |reg_22227                                                            |    32|   0|    32|          0|
    |reg_22233                                                            |    32|   0|    32|          0|
    |reg_22239                                                            |    32|   0|    32|          0|
    |reg_22245                                                            |    32|   0|    32|          0|
    |reg_22251                                                            |    32|   0|    32|          0|
    |reg_22257                                                            |    32|   0|    32|          0|
    |reg_22263                                                            |    32|   0|    32|          0|
    |reg_22269                                                            |    32|   0|    32|          0|
    |reg_22275                                                            |    32|   0|    32|          0|
    |reg_22281                                                            |    32|   0|    32|          0|
    |reg_22287                                                            |    32|   0|    32|          0|
    |reg_22293                                                            |    32|   0|    32|          0|
    |reg_22299                                                            |    32|   0|    32|          0|
    |reg_22305                                                            |    32|   0|    32|          0|
    |reg_22311                                                            |    32|   0|    32|          0|
    |reg_22317                                                            |    32|   0|    32|          0|
    |reg_22323                                                            |    32|   0|    32|          0|
    |reg_22329                                                            |    32|   0|    32|          0|
    |reg_22335                                                            |    32|   0|    32|          0|
    |reg_22341                                                            |    32|   0|    32|          0|
    |reg_22347                                                            |    32|   0|    32|          0|
    |reg_22353                                                            |    32|   0|    32|          0|
    |res1_100_reg_32831                                                   |    32|   0|    32|          0|
    |res1_101_reg_32836                                                   |    32|   0|    32|          0|
    |res1_102_reg_32841                                                   |    32|   0|    32|          0|
    |res1_103_reg_32846                                                   |    32|   0|    32|          0|
    |res1_104_reg_32851                                                   |    32|   0|    32|          0|
    |res1_105_reg_32856                                                   |    32|   0|    32|          0|
    |res1_106_reg_32861                                                   |    32|   0|    32|          0|
    |res1_107_reg_32866                                                   |    32|   0|    32|          0|
    |res1_108_reg_32871                                                   |    32|   0|    32|          0|
    |res1_109_reg_32876                                                   |    32|   0|    32|          0|
    |res1_110_reg_32881                                                   |    32|   0|    32|          0|
    |res1_111_reg_32886                                                   |    32|   0|    32|          0|
    |res1_112_reg_32891                                                   |    32|   0|    32|          0|
    |res1_113_reg_32896                                                   |    32|   0|    32|          0|
    |res1_114_reg_32901                                                   |    32|   0|    32|          0|
    |res1_115_reg_32906                                                   |    32|   0|    32|          0|
    |res1_116_reg_32911                                                   |    32|   0|    32|          0|
    |res1_117_reg_32916                                                   |    32|   0|    32|          0|
    |res1_118_reg_32921                                                   |    32|   0|    32|          0|
    |res1_119_reg_32926                                                   |    32|   0|    32|          0|
    |res1_120_reg_32931                                                   |    32|   0|    32|          0|
    |res1_121_reg_32936                                                   |    32|   0|    32|          0|
    |res1_122_reg_32941                                                   |    32|   0|    32|          0|
    |res1_124_reg_32946                                                   |    32|   0|    32|          0|
    |res1_125_reg_32951                                                   |    32|   0|    32|          0|
    |res1_126_reg_32956                                                   |    32|   0|    32|          0|
    |res1_127_reg_32961                                                   |    32|   0|    32|          0|
    |res1_128_reg_32966                                                   |    32|   0|    32|          0|
    |res1_129_reg_32971                                                   |    32|   0|    32|          0|
    |res1_130_reg_32976                                                   |    32|   0|    32|          0|
    |res1_131_reg_32981                                                   |    32|   0|    32|          0|
    |res1_132_reg_32986                                                   |    32|   0|    32|          0|
    |res1_133_reg_32991                                                   |    32|   0|    32|          0|
    |res1_134_reg_32996                                                   |    32|   0|    32|          0|
    |res1_135_reg_33001                                                   |    32|   0|    32|          0|
    |res1_136_reg_33006                                                   |    32|   0|    32|          0|
    |res1_137_reg_33011                                                   |    32|   0|    32|          0|
    |res1_138_reg_33016                                                   |    32|   0|    32|          0|
    |res1_139_reg_33021                                                   |    32|   0|    32|          0|
    |res1_140_reg_33026                                                   |    32|   0|    32|          0|
    |res1_141_reg_33031                                                   |    32|   0|    32|          0|
    |res1_142_reg_33036                                                   |    32|   0|    32|          0|
    |res1_143_reg_33041                                                   |    32|   0|    32|          0|
    |res1_144_reg_33046                                                   |    32|   0|    32|          0|
    |res1_145_reg_33051                                                   |    32|   0|    32|          0|
    |res1_146_reg_33056                                                   |    32|   0|    32|          0|
    |res1_147_reg_33061                                                   |    32|   0|    32|          0|
    |res1_148_reg_33066                                                   |    32|   0|    32|          0|
    |res1_149_reg_33071                                                   |    32|   0|    32|          0|
    |res1_150_reg_33076                                                   |    32|   0|    32|          0|
    |res1_151_reg_33081                                                   |    32|   0|    32|          0|
    |res1_152_reg_33086                                                   |    32|   0|    32|          0|
    |res1_153_reg_33091                                                   |    32|   0|    32|          0|
    |res1_155_reg_33096                                                   |    32|   0|    32|          0|
    |res1_156_reg_33101                                                   |    32|   0|    32|          0|
    |res1_157_reg_33106                                                   |    32|   0|    32|          0|
    |res1_158_reg_33111                                                   |    32|   0|    32|          0|
    |res1_159_reg_33116                                                   |    32|   0|    32|          0|
    |res1_160_reg_33121                                                   |    32|   0|    32|          0|
    |res1_161_reg_33126                                                   |    32|   0|    32|          0|
    |res1_162_reg_33131                                                   |    32|   0|    32|          0|
    |res1_163_reg_33136                                                   |    32|   0|    32|          0|
    |res1_164_reg_33141                                                   |    32|   0|    32|          0|
    |res1_165_reg_33146                                                   |    32|   0|    32|          0|
    |res1_166_reg_33151                                                   |    32|   0|    32|          0|
    |res1_167_reg_33156                                                   |    32|   0|    32|          0|
    |res1_168_reg_33161                                                   |    32|   0|    32|          0|
    |res1_169_reg_33166                                                   |    32|   0|    32|          0|
    |res1_170_reg_33171                                                   |    32|   0|    32|          0|
    |res1_171_reg_33176                                                   |    32|   0|    32|          0|
    |res1_172_reg_33181                                                   |    32|   0|    32|          0|
    |res1_173_reg_33186                                                   |    32|   0|    32|          0|
    |res1_174_reg_33191                                                   |    32|   0|    32|          0|
    |res1_175_reg_33196                                                   |    32|   0|    32|          0|
    |res1_176_reg_33201                                                   |    32|   0|    32|          0|
    |res1_177_reg_33206                                                   |    32|   0|    32|          0|
    |res1_178_reg_33211                                                   |    32|   0|    32|          0|
    |res1_179_reg_33216                                                   |    32|   0|    32|          0|
    |res1_180_reg_33221                                                   |    32|   0|    32|          0|
    |res1_181_reg_33226                                                   |    32|   0|    32|          0|
    |res1_182_reg_33231                                                   |    32|   0|    32|          0|
    |res1_183_reg_33236                                                   |    32|   0|    32|          0|
    |res1_184_reg_33241                                                   |    32|   0|    32|          0|
    |res1_186_reg_33246                                                   |    32|   0|    32|          0|
    |res1_187_reg_33251                                                   |    32|   0|    32|          0|
    |res1_188_reg_33256                                                   |    32|   0|    32|          0|
    |res1_189_reg_33261                                                   |    32|   0|    32|          0|
    |res1_190_reg_33266                                                   |    32|   0|    32|          0|
    |res1_191_reg_33271                                                   |    32|   0|    32|          0|
    |res1_192_reg_33276                                                   |    32|   0|    32|          0|
    |res1_193_reg_33281                                                   |    32|   0|    32|          0|
    |res1_194_reg_33286                                                   |    32|   0|    32|          0|
    |res1_195_reg_33291                                                   |    32|   0|    32|          0|
    |res1_196_reg_33296                                                   |    32|   0|    32|          0|
    |res1_197_reg_33301                                                   |    32|   0|    32|          0|
    |res1_198_reg_33306                                                   |    32|   0|    32|          0|
    |res1_199_reg_33311                                                   |    32|   0|    32|          0|
    |res1_200_reg_33316                                                   |    32|   0|    32|          0|
    |res1_201_reg_33321                                                   |    32|   0|    32|          0|
    |res1_202_reg_33326                                                   |    32|   0|    32|          0|
    |res1_203_reg_33331                                                   |    32|   0|    32|          0|
    |res1_204_reg_33336                                                   |    32|   0|    32|          0|
    |res1_205_reg_33341                                                   |    32|   0|    32|          0|
    |res1_206_reg_33346                                                   |    32|   0|    32|          0|
    |res1_207_reg_33351                                                   |    32|   0|    32|          0|
    |res1_208_reg_33356                                                   |    32|   0|    32|          0|
    |res1_209_reg_33361                                                   |    32|   0|    32|          0|
    |res1_210_reg_33366                                                   |    32|   0|    32|          0|
    |res1_211_reg_33371                                                   |    32|   0|    32|          0|
    |res1_212_reg_33376                                                   |    32|   0|    32|          0|
    |res1_213_reg_33381                                                   |    32|   0|    32|          0|
    |res1_214_reg_33386                                                   |    32|   0|    32|          0|
    |res1_215_reg_33391                                                   |    32|   0|    32|          0|
    |res1_217_reg_33396                                                   |    32|   0|    32|          0|
    |res1_218_reg_33401                                                   |    32|   0|    32|          0|
    |res1_219_reg_33406                                                   |    32|   0|    32|          0|
    |res1_220_reg_33411                                                   |    32|   0|    32|          0|
    |res1_221_reg_33416                                                   |    32|   0|    32|          0|
    |res1_222_reg_33421                                                   |    32|   0|    32|          0|
    |res1_223_reg_33426                                                   |    32|   0|    32|          0|
    |res1_224_reg_33431                                                   |    32|   0|    32|          0|
    |res1_225_reg_33436                                                   |    32|   0|    32|          0|
    |res1_226_reg_33441                                                   |    32|   0|    32|          0|
    |res1_227_reg_33446                                                   |    32|   0|    32|          0|
    |res1_228_reg_33451                                                   |    32|   0|    32|          0|
    |res1_229_reg_33456                                                   |    32|   0|    32|          0|
    |res1_230_reg_33461                                                   |    32|   0|    32|          0|
    |res1_231_reg_33466                                                   |    32|   0|    32|          0|
    |res1_232_reg_33471                                                   |    32|   0|    32|          0|
    |res1_233_reg_33476                                                   |    32|   0|    32|          0|
    |res1_234_reg_33481                                                   |    32|   0|    32|          0|
    |res1_235_reg_33486                                                   |    32|   0|    32|          0|
    |res1_236_reg_33491                                                   |    32|   0|    32|          0|
    |res1_237_reg_33496                                                   |    32|   0|    32|          0|
    |res1_238_reg_33501                                                   |    32|   0|    32|          0|
    |res1_239_reg_33506                                                   |    32|   0|    32|          0|
    |res1_240_reg_33511                                                   |    32|   0|    32|          0|
    |res1_241_reg_33516                                                   |    32|   0|    32|          0|
    |res1_242_reg_33521                                                   |    32|   0|    32|          0|
    |res1_243_reg_33526                                                   |    32|   0|    32|          0|
    |res1_244_reg_33531                                                   |    32|   0|    32|          0|
    |res1_245_reg_33536                                                   |    32|   0|    32|          0|
    |res1_246_reg_33541                                                   |    32|   0|    32|          0|
    |res1_248_reg_33546                                                   |    32|   0|    32|          0|
    |res1_249_reg_33551                                                   |    32|   0|    32|          0|
    |res1_250_reg_33556                                                   |    32|   0|    32|          0|
    |res1_251_reg_33561                                                   |    32|   0|    32|          0|
    |res1_252_reg_33566                                                   |    32|   0|    32|          0|
    |res1_253_reg_33571                                                   |    32|   0|    32|          0|
    |res1_254_reg_33576                                                   |    32|   0|    32|          0|
    |res1_255_reg_33581                                                   |    32|   0|    32|          0|
    |res1_256_reg_33586                                                   |    32|   0|    32|          0|
    |res1_257_reg_33591                                                   |    32|   0|    32|          0|
    |res1_258_reg_33596                                                   |    32|   0|    32|          0|
    |res1_259_reg_33601                                                   |    32|   0|    32|          0|
    |res1_260_reg_33606                                                   |    32|   0|    32|          0|
    |res1_261_reg_33611                                                   |    32|   0|    32|          0|
    |res1_262_reg_33616                                                   |    32|   0|    32|          0|
    |res1_263_reg_33621                                                   |    32|   0|    32|          0|
    |res1_264_reg_33626                                                   |    32|   0|    32|          0|
    |res1_265_reg_33631                                                   |    32|   0|    32|          0|
    |res1_266_reg_33636                                                   |    32|   0|    32|          0|
    |res1_267_reg_33641                                                   |    32|   0|    32|          0|
    |res1_268_reg_33646                                                   |    32|   0|    32|          0|
    |res1_269_reg_33651                                                   |    32|   0|    32|          0|
    |res1_270_reg_33656                                                   |    32|   0|    32|          0|
    |res1_271_reg_33661                                                   |    32|   0|    32|          0|
    |res1_272_reg_33666                                                   |    32|   0|    32|          0|
    |res1_273_reg_33671                                                   |    32|   0|    32|          0|
    |res1_274_reg_33676                                                   |    32|   0|    32|          0|
    |res1_275_reg_33681                                                   |    32|   0|    32|          0|
    |res1_276_reg_33686                                                   |    32|   0|    32|          0|
    |res1_277_reg_33691                                                   |    32|   0|    32|          0|
    |res1_279_reg_33696                                                   |    32|   0|    32|          0|
    |res1_280_reg_33701                                                   |    32|   0|    32|          0|
    |res1_281_reg_33706                                                   |    32|   0|    32|          0|
    |res1_282_reg_33711                                                   |    32|   0|    32|          0|
    |res1_283_reg_33716                                                   |    32|   0|    32|          0|
    |res1_284_reg_33721                                                   |    32|   0|    32|          0|
    |res1_285_reg_33726                                                   |    32|   0|    32|          0|
    |res1_286_reg_33731                                                   |    32|   0|    32|          0|
    |res1_287_reg_33736                                                   |    32|   0|    32|          0|
    |res1_288_reg_33741                                                   |    32|   0|    32|          0|
    |res1_289_reg_33746                                                   |    32|   0|    32|          0|
    |res1_290_reg_33751                                                   |    32|   0|    32|          0|
    |res1_291_reg_33756                                                   |    32|   0|    32|          0|
    |res1_292_reg_33761                                                   |    32|   0|    32|          0|
    |res1_293_reg_33766                                                   |    32|   0|    32|          0|
    |res1_294_reg_33771                                                   |    32|   0|    32|          0|
    |res1_295_reg_33776                                                   |    32|   0|    32|          0|
    |res1_296_reg_33781                                                   |    32|   0|    32|          0|
    |res1_297_reg_33786                                                   |    32|   0|    32|          0|
    |res1_298_reg_33791                                                   |    32|   0|    32|          0|
    |res1_299_reg_33796                                                   |    32|   0|    32|          0|
    |res1_300_reg_33801                                                   |    32|   0|    32|          0|
    |res1_301_reg_33806                                                   |    32|   0|    32|          0|
    |res1_302_reg_33811                                                   |    32|   0|    32|          0|
    |res1_303_reg_33816                                                   |    32|   0|    32|          0|
    |res1_304_reg_33821                                                   |    32|   0|    32|          0|
    |res1_305_reg_33826                                                   |    32|   0|    32|          0|
    |res1_306_reg_33831                                                   |    32|   0|    32|          0|
    |res1_307_reg_33836                                                   |    32|   0|    32|          0|
    |res1_308_reg_33841                                                   |    32|   0|    32|          0|
    |res1_310_reg_33846                                                   |    32|   0|    32|          0|
    |res1_311_reg_33851                                                   |    32|   0|    32|          0|
    |res1_312_reg_33856                                                   |    32|   0|    32|          0|
    |res1_313_reg_33861                                                   |    32|   0|    32|          0|
    |res1_314_reg_33866                                                   |    32|   0|    32|          0|
    |res1_315_reg_33871                                                   |    32|   0|    32|          0|
    |res1_316_reg_33876                                                   |    32|   0|    32|          0|
    |res1_317_reg_33881                                                   |    32|   0|    32|          0|
    |res1_318_reg_33886                                                   |    32|   0|    32|          0|
    |res1_319_reg_33891                                                   |    32|   0|    32|          0|
    |res1_320_reg_33896                                                   |    32|   0|    32|          0|
    |res1_321_reg_33901                                                   |    32|   0|    32|          0|
    |res1_322_reg_33906                                                   |    32|   0|    32|          0|
    |res1_323_reg_33911                                                   |    32|   0|    32|          0|
    |res1_324_reg_33916                                                   |    32|   0|    32|          0|
    |res1_325_reg_33921                                                   |    32|   0|    32|          0|
    |res1_326_reg_33926                                                   |    32|   0|    32|          0|
    |res1_327_reg_33931                                                   |    32|   0|    32|          0|
    |res1_328_reg_33936                                                   |    32|   0|    32|          0|
    |res1_329_reg_33941                                                   |    32|   0|    32|          0|
    |res1_330_reg_33946                                                   |    32|   0|    32|          0|
    |res1_331_reg_33951                                                   |    32|   0|    32|          0|
    |res1_332_reg_33956                                                   |    32|   0|    32|          0|
    |res1_333_reg_33961                                                   |    32|   0|    32|          0|
    |res1_334_reg_33966                                                   |    32|   0|    32|          0|
    |res1_335_reg_33971                                                   |    32|   0|    32|          0|
    |res1_336_reg_33976                                                   |    32|   0|    32|          0|
    |res1_337_reg_33981                                                   |    32|   0|    32|          0|
    |res1_338_reg_33986                                                   |    32|   0|    32|          0|
    |res1_339_reg_33991                                                   |    32|   0|    32|          0|
    |res1_341_reg_33996                                                   |    32|   0|    32|          0|
    |res1_342_reg_34001                                                   |    32|   0|    32|          0|
    |res1_343_reg_34006                                                   |    32|   0|    32|          0|
    |res1_344_reg_34011                                                   |    32|   0|    32|          0|
    |res1_345_reg_34016                                                   |    32|   0|    32|          0|
    |res1_346_reg_34021                                                   |    32|   0|    32|          0|
    |res1_347_reg_34026                                                   |    32|   0|    32|          0|
    |res1_348_reg_34031                                                   |    32|   0|    32|          0|
    |res1_349_reg_34036                                                   |    32|   0|    32|          0|
    |res1_350_reg_34041                                                   |    32|   0|    32|          0|
    |res1_351_reg_34046                                                   |    32|   0|    32|          0|
    |res1_352_reg_34051                                                   |    32|   0|    32|          0|
    |res1_353_reg_34056                                                   |    32|   0|    32|          0|
    |res1_354_reg_34061                                                   |    32|   0|    32|          0|
    |res1_355_reg_34066                                                   |    32|   0|    32|          0|
    |res1_356_reg_34071                                                   |    32|   0|    32|          0|
    |res1_357_reg_34076                                                   |    32|   0|    32|          0|
    |res1_358_reg_34081                                                   |    32|   0|    32|          0|
    |res1_359_reg_34086                                                   |    32|   0|    32|          0|
    |res1_360_reg_34091                                                   |    32|   0|    32|          0|
    |res1_361_reg_34096                                                   |    32|   0|    32|          0|
    |res1_362_reg_34101                                                   |    32|   0|    32|          0|
    |res1_363_reg_34106                                                   |    32|   0|    32|          0|
    |res1_364_reg_34111                                                   |    32|   0|    32|          0|
    |res1_365_reg_34116                                                   |    32|   0|    32|          0|
    |res1_366_reg_34121                                                   |    32|   0|    32|          0|
    |res1_367_reg_34126                                                   |    32|   0|    32|          0|
    |res1_368_reg_34131                                                   |    32|   0|    32|          0|
    |res1_369_reg_34136                                                   |    32|   0|    32|          0|
    |res1_370_reg_34141                                                   |    32|   0|    32|          0|
    |res1_372_reg_34146                                                   |    32|   0|    32|          0|
    |res1_373_reg_34151                                                   |    32|   0|    32|          0|
    |res1_374_reg_34156                                                   |    32|   0|    32|          0|
    |res1_375_reg_34161                                                   |    32|   0|    32|          0|
    |res1_376_reg_34166                                                   |    32|   0|    32|          0|
    |res1_377_reg_34171                                                   |    32|   0|    32|          0|
    |res1_378_reg_34176                                                   |    32|   0|    32|          0|
    |res1_379_reg_34181                                                   |    32|   0|    32|          0|
    |res1_380_reg_34186                                                   |    32|   0|    32|          0|
    |res1_381_reg_34191                                                   |    32|   0|    32|          0|
    |res1_382_reg_34196                                                   |    32|   0|    32|          0|
    |res1_383_reg_34201                                                   |    32|   0|    32|          0|
    |res1_384_reg_34206                                                   |    32|   0|    32|          0|
    |res1_385_reg_34211                                                   |    32|   0|    32|          0|
    |res1_386_reg_34216                                                   |    32|   0|    32|          0|
    |res1_387_reg_34221                                                   |    32|   0|    32|          0|
    |res1_388_reg_34226                                                   |    32|   0|    32|          0|
    |res1_389_reg_34231                                                   |    32|   0|    32|          0|
    |res1_390_reg_34236                                                   |    32|   0|    32|          0|
    |res1_391_reg_34241                                                   |    32|   0|    32|          0|
    |res1_392_reg_34246                                                   |    32|   0|    32|          0|
    |res1_393_reg_34251                                                   |    32|   0|    32|          0|
    |res1_394_reg_34256                                                   |    32|   0|    32|          0|
    |res1_395_reg_34261                                                   |    32|   0|    32|          0|
    |res1_396_reg_34266                                                   |    32|   0|    32|          0|
    |res1_397_reg_34271                                                   |    32|   0|    32|          0|
    |res1_398_reg_34276                                                   |    32|   0|    32|          0|
    |res1_399_reg_34281                                                   |    32|   0|    32|          0|
    |res1_400_reg_34286                                                   |    32|   0|    32|          0|
    |res1_401_reg_34291                                                   |    32|   0|    32|          0|
    |res1_403_reg_34296                                                   |    32|   0|    32|          0|
    |res1_404_reg_34301                                                   |    32|   0|    32|          0|
    |res1_405_reg_34306                                                   |    32|   0|    32|          0|
    |res1_406_reg_34311                                                   |    32|   0|    32|          0|
    |res1_407_reg_34316                                                   |    32|   0|    32|          0|
    |res1_408_reg_34321                                                   |    32|   0|    32|          0|
    |res1_409_reg_34326                                                   |    32|   0|    32|          0|
    |res1_410_reg_34331                                                   |    32|   0|    32|          0|
    |res1_411_reg_34336                                                   |    32|   0|    32|          0|
    |res1_412_reg_34341                                                   |    32|   0|    32|          0|
    |res1_413_reg_34346                                                   |    32|   0|    32|          0|
    |res1_414_reg_34351                                                   |    32|   0|    32|          0|
    |res1_415_reg_34356                                                   |    32|   0|    32|          0|
    |res1_416_reg_34361                                                   |    32|   0|    32|          0|
    |res1_417_reg_34366                                                   |    32|   0|    32|          0|
    |res1_418_reg_34371                                                   |    32|   0|    32|          0|
    |res1_419_reg_34376                                                   |    32|   0|    32|          0|
    |res1_420_reg_34381                                                   |    32|   0|    32|          0|
    |res1_421_reg_34386                                                   |    32|   0|    32|          0|
    |res1_422_reg_34391                                                   |    32|   0|    32|          0|
    |res1_423_reg_34396                                                   |    32|   0|    32|          0|
    |res1_424_reg_34401                                                   |    32|   0|    32|          0|
    |res1_425_reg_34406                                                   |    32|   0|    32|          0|
    |res1_426_reg_34411                                                   |    32|   0|    32|          0|
    |res1_427_reg_34416                                                   |    32|   0|    32|          0|
    |res1_428_reg_34421                                                   |    32|   0|    32|          0|
    |res1_429_reg_34426                                                   |    32|   0|    32|          0|
    |res1_430_reg_34431                                                   |    32|   0|    32|          0|
    |res1_431_reg_34436                                                   |    32|   0|    32|          0|
    |res1_432_reg_34441                                                   |    32|   0|    32|          0|
    |res1_434_reg_34446                                                   |    32|   0|    32|          0|
    |res1_435_reg_34451                                                   |    32|   0|    32|          0|
    |res1_436_reg_34456                                                   |    32|   0|    32|          0|
    |res1_437_reg_34461                                                   |    32|   0|    32|          0|
    |res1_438_reg_34466                                                   |    32|   0|    32|          0|
    |res1_439_reg_34471                                                   |    32|   0|    32|          0|
    |res1_440_reg_34476                                                   |    32|   0|    32|          0|
    |res1_441_reg_34481                                                   |    32|   0|    32|          0|
    |res1_442_reg_34486                                                   |    32|   0|    32|          0|
    |res1_443_reg_34491                                                   |    32|   0|    32|          0|
    |res1_444_reg_34496                                                   |    32|   0|    32|          0|
    |res1_445_reg_34501                                                   |    32|   0|    32|          0|
    |res1_446_reg_34506                                                   |    32|   0|    32|          0|
    |res1_447_reg_34511                                                   |    32|   0|    32|          0|
    |res1_448_reg_34516                                                   |    32|   0|    32|          0|
    |res1_449_reg_34521                                                   |    32|   0|    32|          0|
    |res1_450_reg_34526                                                   |    32|   0|    32|          0|
    |res1_451_reg_34531                                                   |    32|   0|    32|          0|
    |res1_452_reg_34536                                                   |    32|   0|    32|          0|
    |res1_453_reg_34541                                                   |    32|   0|    32|          0|
    |res1_454_reg_34546                                                   |    32|   0|    32|          0|
    |res1_455_reg_34551                                                   |    32|   0|    32|          0|
    |res1_456_reg_34556                                                   |    32|   0|    32|          0|
    |res1_457_reg_34561                                                   |    32|   0|    32|          0|
    |res1_458_reg_34566                                                   |    32|   0|    32|          0|
    |res1_459_reg_34571                                                   |    32|   0|    32|          0|
    |res1_460_reg_34576                                                   |    32|   0|    32|          0|
    |res1_461_reg_34581                                                   |    32|   0|    32|          0|
    |res1_462_reg_34586                                                   |    32|   0|    32|          0|
    |res1_463_reg_34591                                                   |    32|   0|    32|          0|
    |res1_465_reg_34836                                                   |    32|   0|    32|          0|
    |res1_466_reg_34841                                                   |    32|   0|    32|          0|
    |res1_467_reg_34846                                                   |    32|   0|    32|          0|
    |res1_468_reg_34851                                                   |    32|   0|    32|          0|
    |res1_469_reg_34856                                                   |    32|   0|    32|          0|
    |res1_46_reg_32571                                                    |    32|   0|    32|          0|
    |res1_470_reg_34861                                                   |    32|   0|    32|          0|
    |res1_471_reg_34866                                                   |    32|   0|    32|          0|
    |res1_472_reg_34871                                                   |    32|   0|    32|          0|
    |res1_473_reg_34876                                                   |    32|   0|    32|          0|
    |res1_474_reg_34881                                                   |    32|   0|    32|          0|
    |res1_475_reg_34886                                                   |    32|   0|    32|          0|
    |res1_476_reg_34891                                                   |    32|   0|    32|          0|
    |res1_477_reg_34896                                                   |    32|   0|    32|          0|
    |res1_478_reg_34901                                                   |    32|   0|    32|          0|
    |res1_479_reg_34906                                                   |    32|   0|    32|          0|
    |res1_47_reg_32576                                                    |    32|   0|    32|          0|
    |res1_480_i_reg_36871                                                 |    32|   0|    32|          0|
    |res1_480_reg_34911                                                   |    32|   0|    32|          0|
    |res1_481_reg_34916                                                   |    32|   0|    32|          0|
    |res1_482_reg_34921                                                   |    32|   0|    32|          0|
    |res1_483_reg_34926                                                   |    32|   0|    32|          0|
    |res1_484_reg_34931                                                   |    32|   0|    32|          0|
    |res1_485_reg_34936                                                   |    32|   0|    32|          0|
    |res1_486_reg_34941                                                   |    32|   0|    32|          0|
    |res1_487_reg_34946                                                   |    32|   0|    32|          0|
    |res1_488_reg_34951                                                   |    32|   0|    32|          0|
    |res1_489_reg_34956                                                   |    32|   0|    32|          0|
    |res1_48_reg_32581                                                    |    32|   0|    32|          0|
    |res1_490_reg_34961                                                   |    32|   0|    32|          0|
    |res1_491_reg_34966                                                   |    32|   0|    32|          0|
    |res1_492_reg_34971                                                   |    32|   0|    32|          0|
    |res1_493_reg_34976                                                   |    32|   0|    32|          0|
    |res1_495_i_reg_36876                                                 |    32|   0|    32|          0|
    |res1_495_reg_34981                                                   |    32|   0|    32|          0|
    |res1_496_reg_34986                                                   |    32|   0|    32|          0|
    |res1_497_reg_34991                                                   |    32|   0|    32|          0|
    |res1_498_reg_34996                                                   |    32|   0|    32|          0|
    |res1_499_reg_35001                                                   |    32|   0|    32|          0|
    |res1_49_reg_32586                                                    |    32|   0|    32|          0|
    |res1_500_reg_35006                                                   |    32|   0|    32|          0|
    |res1_501_reg_35011                                                   |    32|   0|    32|          0|
    |res1_502_reg_35016                                                   |    32|   0|    32|          0|
    |res1_503_reg_35021                                                   |    32|   0|    32|          0|
    |res1_504_reg_35026                                                   |    32|   0|    32|          0|
    |res1_505_reg_35031                                                   |    32|   0|    32|          0|
    |res1_506_reg_35036                                                   |    32|   0|    32|          0|
    |res1_507_reg_35041                                                   |    32|   0|    32|          0|
    |res1_508_reg_35046                                                   |    32|   0|    32|          0|
    |res1_509_reg_35051                                                   |    32|   0|    32|          0|
    |res1_50_reg_32591                                                    |    32|   0|    32|          0|
    |res1_510_reg_35056                                                   |    32|   0|    32|          0|
    |res1_511_i_reg_36881                                                 |    32|   0|    32|          0|
    |res1_511_reg_35061                                                   |    32|   0|    32|          0|
    |res1_512_reg_35066                                                   |    32|   0|    32|          0|
    |res1_513_reg_35071                                                   |    32|   0|    32|          0|
    |res1_514_reg_35076                                                   |    32|   0|    32|          0|
    |res1_515_reg_35081                                                   |    32|   0|    32|          0|
    |res1_516_reg_35086                                                   |    32|   0|    32|          0|
    |res1_517_reg_35091                                                   |    32|   0|    32|          0|
    |res1_518_reg_35096                                                   |    32|   0|    32|          0|
    |res1_519_reg_35101                                                   |    32|   0|    32|          0|
    |res1_51_reg_32596                                                    |    32|   0|    32|          0|
    |res1_520_reg_35106                                                   |    32|   0|    32|          0|
    |res1_521_reg_35111                                                   |    32|   0|    32|          0|
    |res1_522_reg_35116                                                   |    32|   0|    32|          0|
    |res1_523_reg_35121                                                   |    32|   0|    32|          0|
    |res1_525_reg_35126                                                   |    32|   0|    32|          0|
    |res1_526_i_reg_36886                                                 |    32|   0|    32|          0|
    |res1_526_reg_35131                                                   |    32|   0|    32|          0|
    |res1_527_reg_35136                                                   |    32|   0|    32|          0|
    |res1_528_reg_35141                                                   |    32|   0|    32|          0|
    |res1_529_reg_35146                                                   |    32|   0|    32|          0|
    |res1_52_reg_32601                                                    |    32|   0|    32|          0|
    |res1_530_reg_35151                                                   |    32|   0|    32|          0|
    |res1_531_reg_35156                                                   |    32|   0|    32|          0|
    |res1_532_reg_35161                                                   |    32|   0|    32|          0|
    |res1_533_reg_35166                                                   |    32|   0|    32|          0|
    |res1_534_reg_35171                                                   |    32|   0|    32|          0|
    |res1_535_reg_35176                                                   |    32|   0|    32|          0|
    |res1_536_reg_35181                                                   |    32|   0|    32|          0|
    |res1_537_reg_35186                                                   |    32|   0|    32|          0|
    |res1_538_reg_35191                                                   |    32|   0|    32|          0|
    |res1_539_reg_35196                                                   |    32|   0|    32|          0|
    |res1_53_reg_32606                                                    |    32|   0|    32|          0|
    |res1_540_reg_35201                                                   |    32|   0|    32|          0|
    |res1_541_reg_35206                                                   |    32|   0|    32|          0|
    |res1_542_i_reg_36891                                                 |    32|   0|    32|          0|
    |res1_542_reg_35211                                                   |    32|   0|    32|          0|
    |res1_543_reg_35216                                                   |    32|   0|    32|          0|
    |res1_544_reg_35221                                                   |    32|   0|    32|          0|
    |res1_545_reg_35226                                                   |    32|   0|    32|          0|
    |res1_546_reg_35231                                                   |    32|   0|    32|          0|
    |res1_547_reg_35236                                                   |    32|   0|    32|          0|
    |res1_548_reg_35241                                                   |    32|   0|    32|          0|
    |res1_549_reg_35246                                                   |    32|   0|    32|          0|
    |res1_54_reg_32611                                                    |    32|   0|    32|          0|
    |res1_550_reg_35251                                                   |    32|   0|    32|          0|
    |res1_551_reg_35256                                                   |    32|   0|    32|          0|
    |res1_552_reg_35261                                                   |    32|   0|    32|          0|
    |res1_553_reg_35266                                                   |    32|   0|    32|          0|
    |res1_555_reg_35271                                                   |    32|   0|    32|          0|
    |res1_556_reg_35276                                                   |    32|   0|    32|          0|
    |res1_557_i_reg_36896                                                 |    32|   0|    32|          0|
    |res1_557_reg_35281                                                   |    32|   0|    32|          0|
    |res1_558_reg_35286                                                   |    32|   0|    32|          0|
    |res1_559_reg_35291                                                   |    32|   0|    32|          0|
    |res1_55_reg_32616                                                    |    32|   0|    32|          0|
    |res1_560_reg_35296                                                   |    32|   0|    32|          0|
    |res1_561_reg_35301                                                   |    32|   0|    32|          0|
    |res1_562_reg_35306                                                   |    32|   0|    32|          0|
    |res1_563_reg_35311                                                   |    32|   0|    32|          0|
    |res1_564_reg_35316                                                   |    32|   0|    32|          0|
    |res1_565_reg_35321                                                   |    32|   0|    32|          0|
    |res1_566_reg_35326                                                   |    32|   0|    32|          0|
    |res1_567_reg_35331                                                   |    32|   0|    32|          0|
    |res1_568_reg_35336                                                   |    32|   0|    32|          0|
    |res1_569_reg_35341                                                   |    32|   0|    32|          0|
    |res1_56_reg_32621                                                    |    32|   0|    32|          0|
    |res1_570_reg_35346                                                   |    32|   0|    32|          0|
    |res1_571_reg_35351                                                   |    32|   0|    32|          0|
    |res1_572_reg_35356                                                   |    32|   0|    32|          0|
    |res1_573_i_reg_36901                                                 |    32|   0|    32|          0|
    |res1_573_reg_35361                                                   |    32|   0|    32|          0|
    |res1_574_reg_35366                                                   |    32|   0|    32|          0|
    |res1_575_reg_35371                                                   |    32|   0|    32|          0|
    |res1_576_reg_35376                                                   |    32|   0|    32|          0|
    |res1_577_reg_35381                                                   |    32|   0|    32|          0|
    |res1_578_reg_35386                                                   |    32|   0|    32|          0|
    |res1_579_reg_35391                                                   |    32|   0|    32|          0|
    |res1_57_reg_32626                                                    |    32|   0|    32|          0|
    |res1_580_reg_35396                                                   |    32|   0|    32|          0|
    |res1_581_reg_35401                                                   |    32|   0|    32|          0|
    |res1_582_reg_35406                                                   |    32|   0|    32|          0|
    |res1_583_reg_35411                                                   |    32|   0|    32|          0|
    |res1_585_reg_35416                                                   |    32|   0|    32|          0|
    |res1_586_reg_35421                                                   |    32|   0|    32|          0|
    |res1_587_reg_35426                                                   |    32|   0|    32|          0|
    |res1_588_i_reg_36906                                                 |    32|   0|    32|          0|
    |res1_588_reg_35431                                                   |    32|   0|    32|          0|
    |res1_589_reg_35436                                                   |    32|   0|    32|          0|
    |res1_58_reg_32631                                                    |    32|   0|    32|          0|
    |res1_590_reg_35441                                                   |    32|   0|    32|          0|
    |res1_591_reg_35446                                                   |    32|   0|    32|          0|
    |res1_592_reg_35451                                                   |    32|   0|    32|          0|
    |res1_593_reg_35456                                                   |    32|   0|    32|          0|
    |res1_594_reg_35461                                                   |    32|   0|    32|          0|
    |res1_595_reg_35466                                                   |    32|   0|    32|          0|
    |res1_596_reg_35471                                                   |    32|   0|    32|          0|
    |res1_597_reg_35476                                                   |    32|   0|    32|          0|
    |res1_598_reg_35481                                                   |    32|   0|    32|          0|
    |res1_599_reg_35486                                                   |    32|   0|    32|          0|
    |res1_59_reg_32636                                                    |    32|   0|    32|          0|
    |res1_600_reg_35491                                                   |    32|   0|    32|          0|
    |res1_601_reg_35496                                                   |    32|   0|    32|          0|
    |res1_602_reg_35501                                                   |    32|   0|    32|          0|
    |res1_603_reg_35506                                                   |    32|   0|    32|          0|
    |res1_604_i_reg_36911                                                 |    32|   0|    32|          0|
    |res1_604_reg_35511                                                   |    32|   0|    32|          0|
    |res1_605_reg_35516                                                   |    32|   0|    32|          0|
    |res1_606_reg_35521                                                   |    32|   0|    32|          0|
    |res1_607_reg_35526                                                   |    32|   0|    32|          0|
    |res1_608_reg_35531                                                   |    32|   0|    32|          0|
    |res1_609_reg_35536                                                   |    32|   0|    32|          0|
    |res1_60_reg_32641                                                    |    32|   0|    32|          0|
    |res1_610_reg_35541                                                   |    32|   0|    32|          0|
    |res1_611_reg_35546                                                   |    32|   0|    32|          0|
    |res1_612_reg_35551                                                   |    32|   0|    32|          0|
    |res1_613_reg_35556                                                   |    32|   0|    32|          0|
    |res1_615_reg_35561                                                   |    32|   0|    32|          0|
    |res1_616_reg_35566                                                   |    32|   0|    32|          0|
    |res1_617_reg_35571                                                   |    32|   0|    32|          0|
    |res1_618_reg_35576                                                   |    32|   0|    32|          0|
    |res1_619_i_reg_36916                                                 |    32|   0|    32|          0|
    |res1_619_reg_35581                                                   |    32|   0|    32|          0|
    |res1_620_reg_35586                                                   |    32|   0|    32|          0|
    |res1_621_reg_35591                                                   |    32|   0|    32|          0|
    |res1_622_reg_35596                                                   |    32|   0|    32|          0|
    |res1_623_reg_35601                                                   |    32|   0|    32|          0|
    |res1_624_reg_35606                                                   |    32|   0|    32|          0|
    |res1_625_reg_35611                                                   |    32|   0|    32|          0|
    |res1_626_reg_35616                                                   |    32|   0|    32|          0|
    |res1_627_reg_35621                                                   |    32|   0|    32|          0|
    |res1_628_reg_35626                                                   |    32|   0|    32|          0|
    |res1_629_reg_35631                                                   |    32|   0|    32|          0|
    |res1_62_reg_32646                                                    |    32|   0|    32|          0|
    |res1_630_reg_35636                                                   |    32|   0|    32|          0|
    |res1_631_reg_35641                                                   |    32|   0|    32|          0|
    |res1_632_reg_35646                                                   |    32|   0|    32|          0|
    |res1_633_reg_35651                                                   |    32|   0|    32|          0|
    |res1_634_reg_35656                                                   |    32|   0|    32|          0|
    |res1_635_i_reg_36921                                                 |    32|   0|    32|          0|
    |res1_635_reg_35661                                                   |    32|   0|    32|          0|
    |res1_636_reg_35666                                                   |    32|   0|    32|          0|
    |res1_637_reg_35671                                                   |    32|   0|    32|          0|
    |res1_638_reg_35676                                                   |    32|   0|    32|          0|
    |res1_639_reg_35681                                                   |    32|   0|    32|          0|
    |res1_63_reg_32651                                                    |    32|   0|    32|          0|
    |res1_640_reg_35686                                                   |    32|   0|    32|          0|
    |res1_641_reg_35691                                                   |    32|   0|    32|          0|
    |res1_642_reg_35696                                                   |    32|   0|    32|          0|
    |res1_643_reg_35701                                                   |    32|   0|    32|          0|
    |res1_645_reg_35706                                                   |    32|   0|    32|          0|
    |res1_646_reg_35711                                                   |    32|   0|    32|          0|
    |res1_647_reg_35716                                                   |    32|   0|    32|          0|
    |res1_648_reg_35721                                                   |    32|   0|    32|          0|
    |res1_649_reg_35726                                                   |    32|   0|    32|          0|
    |res1_64_reg_32656                                                    |    32|   0|    32|          0|
    |res1_650_i_reg_36926                                                 |    32|   0|    32|          0|
    |res1_650_reg_35731                                                   |    32|   0|    32|          0|
    |res1_651_reg_35736                                                   |    32|   0|    32|          0|
    |res1_652_reg_35741                                                   |    32|   0|    32|          0|
    |res1_653_reg_35746                                                   |    32|   0|    32|          0|
    |res1_654_reg_35751                                                   |    32|   0|    32|          0|
    |res1_655_reg_35756                                                   |    32|   0|    32|          0|
    |res1_656_reg_35761                                                   |    32|   0|    32|          0|
    |res1_657_reg_35766                                                   |    32|   0|    32|          0|
    |res1_658_reg_35771                                                   |    32|   0|    32|          0|
    |res1_659_reg_35776                                                   |    32|   0|    32|          0|
    |res1_65_reg_32661                                                    |    32|   0|    32|          0|
    |res1_660_reg_35781                                                   |    32|   0|    32|          0|
    |res1_661_reg_35786                                                   |    32|   0|    32|          0|
    |res1_662_reg_35791                                                   |    32|   0|    32|          0|
    |res1_663_reg_35796                                                   |    32|   0|    32|          0|
    |res1_664_reg_35801                                                   |    32|   0|    32|          0|
    |res1_665_reg_35806                                                   |    32|   0|    32|          0|
    |res1_666_i_reg_36931                                                 |    32|   0|    32|          0|
    |res1_666_reg_35811                                                   |    32|   0|    32|          0|
    |res1_667_reg_35816                                                   |    32|   0|    32|          0|
    |res1_668_reg_35821                                                   |    32|   0|    32|          0|
    |res1_669_reg_35826                                                   |    32|   0|    32|          0|
    |res1_66_reg_32666                                                    |    32|   0|    32|          0|
    |res1_670_reg_35831                                                   |    32|   0|    32|          0|
    |res1_671_reg_35836                                                   |    32|   0|    32|          0|
    |res1_672_reg_35841                                                   |    32|   0|    32|          0|
    |res1_673_reg_35846                                                   |    32|   0|    32|          0|
    |res1_675_reg_35851                                                   |    32|   0|    32|          0|
    |res1_676_reg_35856                                                   |    32|   0|    32|          0|
    |res1_677_reg_35861                                                   |    32|   0|    32|          0|
    |res1_678_reg_35866                                                   |    32|   0|    32|          0|
    |res1_679_reg_35871                                                   |    32|   0|    32|          0|
    |res1_67_reg_32671                                                    |    32|   0|    32|          0|
    |res1_680_reg_35876                                                   |    32|   0|    32|          0|
    |res1_681_reg_35881                                                   |    32|   0|    32|          0|
    |res1_682_reg_35886                                                   |    32|   0|    32|          0|
    |res1_683_reg_35891                                                   |    32|   0|    32|          0|
    |res1_684_reg_35896                                                   |    32|   0|    32|          0|
    |res1_685_reg_35901                                                   |    32|   0|    32|          0|
    |res1_686_reg_35906                                                   |    32|   0|    32|          0|
    |res1_687_reg_35911                                                   |    32|   0|    32|          0|
    |res1_688_reg_35916                                                   |    32|   0|    32|          0|
    |res1_689_reg_35921                                                   |    32|   0|    32|          0|
    |res1_68_reg_32676                                                    |    32|   0|    32|          0|
    |res1_690_reg_35926                                                   |    32|   0|    32|          0|
    |res1_691_reg_35931                                                   |    32|   0|    32|          0|
    |res1_692_reg_35936                                                   |    32|   0|    32|          0|
    |res1_693_reg_35941                                                   |    32|   0|    32|          0|
    |res1_694_reg_35946                                                   |    32|   0|    32|          0|
    |res1_695_reg_35951                                                   |    32|   0|    32|          0|
    |res1_696_reg_35956                                                   |    32|   0|    32|          0|
    |res1_697_reg_35961                                                   |    32|   0|    32|          0|
    |res1_698_reg_35966                                                   |    32|   0|    32|          0|
    |res1_699_reg_35971                                                   |    32|   0|    32|          0|
    |res1_69_reg_32681                                                    |    32|   0|    32|          0|
    |res1_700_reg_35976                                                   |    32|   0|    32|          0|
    |res1_701_reg_35981                                                   |    32|   0|    32|          0|
    |res1_702_reg_35986                                                   |    32|   0|    32|          0|
    |res1_703_reg_35991                                                   |    32|   0|    32|          0|
    |res1_705_reg_35996                                                   |    32|   0|    32|          0|
    |res1_706_reg_36001                                                   |    32|   0|    32|          0|
    |res1_707_reg_36006                                                   |    32|   0|    32|          0|
    |res1_708_reg_36011                                                   |    32|   0|    32|          0|
    |res1_709_reg_36016                                                   |    32|   0|    32|          0|
    |res1_70_reg_32686                                                    |    32|   0|    32|          0|
    |res1_710_reg_36021                                                   |    32|   0|    32|          0|
    |res1_711_reg_36026                                                   |    32|   0|    32|          0|
    |res1_712_reg_36031                                                   |    32|   0|    32|          0|
    |res1_713_reg_36036                                                   |    32|   0|    32|          0|
    |res1_714_reg_36041                                                   |    32|   0|    32|          0|
    |res1_715_reg_36046                                                   |    32|   0|    32|          0|
    |res1_716_reg_36051                                                   |    32|   0|    32|          0|
    |res1_717_reg_36056                                                   |    32|   0|    32|          0|
    |res1_718_reg_36061                                                   |    32|   0|    32|          0|
    |res1_719_reg_36066                                                   |    32|   0|    32|          0|
    |res1_71_reg_32691                                                    |    32|   0|    32|          0|
    |res1_720_reg_36071                                                   |    32|   0|    32|          0|
    |res1_721_reg_36076                                                   |    32|   0|    32|          0|
    |res1_722_reg_36081                                                   |    32|   0|    32|          0|
    |res1_723_reg_36086                                                   |    32|   0|    32|          0|
    |res1_724_reg_36091                                                   |    32|   0|    32|          0|
    |res1_725_reg_36096                                                   |    32|   0|    32|          0|
    |res1_726_reg_36101                                                   |    32|   0|    32|          0|
    |res1_727_reg_36106                                                   |    32|   0|    32|          0|
    |res1_728_reg_36111                                                   |    32|   0|    32|          0|
    |res1_729_reg_36116                                                   |    32|   0|    32|          0|
    |res1_72_reg_32696                                                    |    32|   0|    32|          0|
    |res1_730_reg_36121                                                   |    32|   0|    32|          0|
    |res1_731_reg_36126                                                   |    32|   0|    32|          0|
    |res1_732_reg_36131                                                   |    32|   0|    32|          0|
    |res1_733_reg_36136                                                   |    32|   0|    32|          0|
    |res1_735_reg_36141                                                   |    32|   0|    32|          0|
    |res1_736_reg_36146                                                   |    32|   0|    32|          0|
    |res1_737_reg_36151                                                   |    32|   0|    32|          0|
    |res1_738_reg_36156                                                   |    32|   0|    32|          0|
    |res1_739_reg_36161                                                   |    32|   0|    32|          0|
    |res1_73_reg_32701                                                    |    32|   0|    32|          0|
    |res1_740_reg_36166                                                   |    32|   0|    32|          0|
    |res1_741_reg_36171                                                   |    32|   0|    32|          0|
    |res1_742_reg_36176                                                   |    32|   0|    32|          0|
    |res1_743_reg_36181                                                   |    32|   0|    32|          0|
    |res1_744_reg_36186                                                   |    32|   0|    32|          0|
    |res1_745_reg_36191                                                   |    32|   0|    32|          0|
    |res1_746_reg_36196                                                   |    32|   0|    32|          0|
    |res1_747_reg_36201                                                   |    32|   0|    32|          0|
    |res1_748_reg_36206                                                   |    32|   0|    32|          0|
    |res1_749_reg_36211                                                   |    32|   0|    32|          0|
    |res1_74_reg_32706                                                    |    32|   0|    32|          0|
    |res1_750_reg_36216                                                   |    32|   0|    32|          0|
    |res1_751_reg_36221                                                   |    32|   0|    32|          0|
    |res1_752_reg_36226                                                   |    32|   0|    32|          0|
    |res1_753_reg_36231                                                   |    32|   0|    32|          0|
    |res1_754_reg_36236                                                   |    32|   0|    32|          0|
    |res1_755_reg_36241                                                   |    32|   0|    32|          0|
    |res1_756_reg_36246                                                   |    32|   0|    32|          0|
    |res1_757_reg_36251                                                   |    32|   0|    32|          0|
    |res1_758_reg_36256                                                   |    32|   0|    32|          0|
    |res1_759_reg_36261                                                   |    32|   0|    32|          0|
    |res1_75_reg_32711                                                    |    32|   0|    32|          0|
    |res1_760_reg_36266                                                   |    32|   0|    32|          0|
    |res1_761_reg_36271                                                   |    32|   0|    32|          0|
    |res1_762_reg_36276                                                   |    32|   0|    32|          0|
    |res1_763_reg_36281                                                   |    32|   0|    32|          0|
    |res1_765_reg_36286                                                   |    32|   0|    32|          0|
    |res1_766_reg_36291                                                   |    32|   0|    32|          0|
    |res1_767_reg_36296                                                   |    32|   0|    32|          0|
    |res1_768_reg_36301                                                   |    32|   0|    32|          0|
    |res1_769_reg_36306                                                   |    32|   0|    32|          0|
    |res1_76_reg_32716                                                    |    32|   0|    32|          0|
    |res1_770_reg_36311                                                   |    32|   0|    32|          0|
    |res1_771_reg_36316                                                   |    32|   0|    32|          0|
    |res1_772_reg_36321                                                   |    32|   0|    32|          0|
    |res1_773_reg_36326                                                   |    32|   0|    32|          0|
    |res1_774_reg_36331                                                   |    32|   0|    32|          0|
    |res1_775_reg_36336                                                   |    32|   0|    32|          0|
    |res1_776_reg_36341                                                   |    32|   0|    32|          0|
    |res1_777_reg_36346                                                   |    32|   0|    32|          0|
    |res1_778_reg_36351                                                   |    32|   0|    32|          0|
    |res1_779_reg_36356                                                   |    32|   0|    32|          0|
    |res1_77_reg_32721                                                    |    32|   0|    32|          0|
    |res1_780_reg_36361                                                   |    32|   0|    32|          0|
    |res1_781_reg_36366                                                   |    32|   0|    32|          0|
    |res1_782_reg_36371                                                   |    32|   0|    32|          0|
    |res1_783_reg_36376                                                   |    32|   0|    32|          0|
    |res1_784_reg_36381                                                   |    32|   0|    32|          0|
    |res1_785_reg_36386                                                   |    32|   0|    32|          0|
    |res1_786_reg_36391                                                   |    32|   0|    32|          0|
    |res1_787_reg_36396                                                   |    32|   0|    32|          0|
    |res1_788_reg_36401                                                   |    32|   0|    32|          0|
    |res1_789_reg_36406                                                   |    32|   0|    32|          0|
    |res1_78_reg_32726                                                    |    32|   0|    32|          0|
    |res1_790_reg_36411                                                   |    32|   0|    32|          0|
    |res1_791_reg_36416                                                   |    32|   0|    32|          0|
    |res1_792_reg_36421                                                   |    32|   0|    32|          0|
    |res1_793_reg_36426                                                   |    32|   0|    32|          0|
    |res1_795_reg_36431                                                   |    32|   0|    32|          0|
    |res1_796_reg_36436                                                   |    32|   0|    32|          0|
    |res1_797_reg_36441                                                   |    32|   0|    32|          0|
    |res1_798_reg_36446                                                   |    32|   0|    32|          0|
    |res1_799_reg_36451                                                   |    32|   0|    32|          0|
    |res1_79_reg_32731                                                    |    32|   0|    32|          0|
    |res1_800_reg_36456                                                   |    32|   0|    32|          0|
    |res1_801_reg_36461                                                   |    32|   0|    32|          0|
    |res1_802_reg_36466                                                   |    32|   0|    32|          0|
    |res1_803_reg_36471                                                   |    32|   0|    32|          0|
    |res1_804_reg_36476                                                   |    32|   0|    32|          0|
    |res1_805_reg_36481                                                   |    32|   0|    32|          0|
    |res1_806_reg_36486                                                   |    32|   0|    32|          0|
    |res1_807_reg_36491                                                   |    32|   0|    32|          0|
    |res1_808_reg_36496                                                   |    32|   0|    32|          0|
    |res1_809_reg_36501                                                   |    32|   0|    32|          0|
    |res1_80_reg_32736                                                    |    32|   0|    32|          0|
    |res1_810_reg_36506                                                   |    32|   0|    32|          0|
    |res1_811_reg_36511                                                   |    32|   0|    32|          0|
    |res1_812_reg_36516                                                   |    32|   0|    32|          0|
    |res1_813_reg_36521                                                   |    32|   0|    32|          0|
    |res1_814_reg_36526                                                   |    32|   0|    32|          0|
    |res1_815_reg_36531                                                   |    32|   0|    32|          0|
    |res1_816_reg_36536                                                   |    32|   0|    32|          0|
    |res1_817_reg_36541                                                   |    32|   0|    32|          0|
    |res1_818_reg_36546                                                   |    32|   0|    32|          0|
    |res1_819_reg_36551                                                   |    32|   0|    32|          0|
    |res1_81_reg_32741                                                    |    32|   0|    32|          0|
    |res1_820_reg_36556                                                   |    32|   0|    32|          0|
    |res1_821_reg_36561                                                   |    32|   0|    32|          0|
    |res1_822_reg_36566                                                   |    32|   0|    32|          0|
    |res1_823_reg_36571                                                   |    32|   0|    32|          0|
    |res1_825_reg_36576                                                   |    32|   0|    32|          0|
    |res1_826_reg_36581                                                   |    32|   0|    32|          0|
    |res1_827_reg_36586                                                   |    32|   0|    32|          0|
    |res1_828_reg_36591                                                   |    32|   0|    32|          0|
    |res1_829_reg_36596                                                   |    32|   0|    32|          0|
    |res1_82_reg_32746                                                    |    32|   0|    32|          0|
    |res1_830_reg_36601                                                   |    32|   0|    32|          0|
    |res1_831_reg_36606                                                   |    32|   0|    32|          0|
    |res1_832_reg_36611                                                   |    32|   0|    32|          0|
    |res1_833_reg_36616                                                   |    32|   0|    32|          0|
    |res1_834_reg_36621                                                   |    32|   0|    32|          0|
    |res1_835_reg_36626                                                   |    32|   0|    32|          0|
    |res1_836_reg_36631                                                   |    32|   0|    32|          0|
    |res1_837_reg_36636                                                   |    32|   0|    32|          0|
    |res1_838_reg_36641                                                   |    32|   0|    32|          0|
    |res1_839_reg_36646                                                   |    32|   0|    32|          0|
    |res1_83_reg_32751                                                    |    32|   0|    32|          0|
    |res1_840_reg_36651                                                   |    32|   0|    32|          0|
    |res1_841_reg_36656                                                   |    32|   0|    32|          0|
    |res1_842_reg_36661                                                   |    32|   0|    32|          0|
    |res1_843_reg_36666                                                   |    32|   0|    32|          0|
    |res1_844_reg_36671                                                   |    32|   0|    32|          0|
    |res1_845_reg_36676                                                   |    32|   0|    32|          0|
    |res1_846_reg_36681                                                   |    32|   0|    32|          0|
    |res1_847_reg_36686                                                   |    32|   0|    32|          0|
    |res1_848_reg_36691                                                   |    32|   0|    32|          0|
    |res1_849_reg_36696                                                   |    32|   0|    32|          0|
    |res1_84_reg_32756                                                    |    32|   0|    32|          0|
    |res1_850_reg_36701                                                   |    32|   0|    32|          0|
    |res1_851_reg_36706                                                   |    32|   0|    32|          0|
    |res1_852_reg_36711                                                   |    32|   0|    32|          0|
    |res1_853_reg_36716                                                   |    32|   0|    32|          0|
    |res1_855_reg_36721                                                   |    32|   0|    32|          0|
    |res1_856_reg_36726                                                   |    32|   0|    32|          0|
    |res1_857_reg_36731                                                   |    32|   0|    32|          0|
    |res1_858_reg_36736                                                   |    32|   0|    32|          0|
    |res1_859_reg_36741                                                   |    32|   0|    32|          0|
    |res1_85_reg_32761                                                    |    32|   0|    32|          0|
    |res1_860_reg_36746                                                   |    32|   0|    32|          0|
    |res1_861_reg_36751                                                   |    32|   0|    32|          0|
    |res1_862_reg_36756                                                   |    32|   0|    32|          0|
    |res1_863_reg_36761                                                   |    32|   0|    32|          0|
    |res1_864_reg_36766                                                   |    32|   0|    32|          0|
    |res1_865_reg_36771                                                   |    32|   0|    32|          0|
    |res1_866_reg_36776                                                   |    32|   0|    32|          0|
    |res1_867_reg_36781                                                   |    32|   0|    32|          0|
    |res1_868_reg_36786                                                   |    32|   0|    32|          0|
    |res1_869_reg_36791                                                   |    32|   0|    32|          0|
    |res1_86_reg_32766                                                    |    32|   0|    32|          0|
    |res1_870_reg_36796                                                   |    32|   0|    32|          0|
    |res1_871_reg_36801                                                   |    32|   0|    32|          0|
    |res1_872_reg_36806                                                   |    32|   0|    32|          0|
    |res1_873_reg_36811                                                   |    32|   0|    32|          0|
    |res1_874_reg_36816                                                   |    32|   0|    32|          0|
    |res1_875_reg_36821                                                   |    32|   0|    32|          0|
    |res1_876_reg_36826                                                   |    32|   0|    32|          0|
    |res1_877_reg_36831                                                   |    32|   0|    32|          0|
    |res1_878_reg_36836                                                   |    32|   0|    32|          0|
    |res1_879_reg_36841                                                   |    32|   0|    32|          0|
    |res1_87_reg_32771                                                    |    32|   0|    32|          0|
    |res1_880_reg_36846                                                   |    32|   0|    32|          0|
    |res1_881_reg_36851                                                   |    32|   0|    32|          0|
    |res1_882_reg_36856                                                   |    32|   0|    32|          0|
    |res1_883_reg_36861                                                   |    32|   0|    32|          0|
    |res1_88_reg_32776                                                    |    32|   0|    32|          0|
    |res1_89_reg_32781                                                    |    32|   0|    32|          0|
    |res1_90_reg_32786                                                    |    32|   0|    32|          0|
    |res1_914_reg_34761                                                   |    32|   0|    32|          0|
    |res1_915_reg_34766                                                   |    32|   0|    32|          0|
    |res1_916_reg_34771                                                   |    32|   0|    32|          0|
    |res1_917_reg_34776                                                   |    32|   0|    32|          0|
    |res1_918_reg_34781                                                   |    32|   0|    32|          0|
    |res1_919_reg_34786                                                   |    32|   0|    32|          0|
    |res1_91_reg_32791                                                    |    32|   0|    32|          0|
    |res1_920_reg_34791                                                   |    32|   0|    32|          0|
    |res1_921_reg_34796                                                   |    32|   0|    32|          0|
    |res1_922_reg_34801                                                   |    32|   0|    32|          0|
    |res1_923_reg_34806                                                   |    32|   0|    32|          0|
    |res1_924_reg_34811                                                   |    32|   0|    32|          0|
    |res1_925_reg_34816                                                   |    32|   0|    32|          0|
    |res1_926_reg_34821                                                   |    32|   0|    32|          0|
    |res1_927_reg_34826                                                   |    32|   0|    32|          0|
    |res1_928_reg_34831                                                   |    32|   0|    32|          0|
    |res1_93_reg_32796                                                    |    32|   0|    32|          0|
    |res1_94_reg_32801                                                    |    32|   0|    32|          0|
    |res1_959_i_reg_36866                                                 |    32|   0|    32|          0|
    |res1_95_reg_32806                                                    |    32|   0|    32|          0|
    |res1_96_reg_32811                                                    |    32|   0|    32|          0|
    |res1_97_reg_32816                                                    |    32|   0|    32|          0|
    |res1_98_reg_32821                                                    |    32|   0|    32|          0|
    |res1_99_reg_32826                                                    |    32|   0|    32|          0|
    |sum1_107_i_reg_37856                                                 |    32|   0|    32|          0|
    |sum1_10_i_reg_37836                                                  |    32|   0|    32|          0|
    |sum1_11_i_reg_38961                                                  |    32|   0|    32|          0|
    |sum1_12_i_reg_37841                                                  |    32|   0|    32|          0|
    |sum1_138_i_reg_38981                                                 |    32|   0|    32|          0|
    |sum1_13_i_reg_38966                                                  |    32|   0|    32|          0|
    |sum1_14_i_reg_37846                                                  |    32|   0|    32|          0|
    |sum1_15_i_reg_38971                                                  |    32|   0|    32|          0|
    |sum1_169_i_reg_37861                                                 |    32|   0|    32|          0|
    |sum1_1_i_reg_38936                                                   |    32|   0|    32|          0|
    |sum1_200_i_reg_38986                                                 |    32|   0|    32|          0|
    |sum1_227_reg_38406                                                   |    32|   0|    32|          0|
    |sum1_228_reg_38411                                                   |    32|   0|    32|          0|
    |sum1_229_reg_38416                                                   |    32|   0|    32|          0|
    |sum1_230_reg_38421                                                   |    32|   0|    32|          0|
    |sum1_231_i_reg_37866                                                 |    32|   0|    32|          0|
    |sum1_231_reg_38426                                                   |    32|   0|    32|          0|
    |sum1_232_reg_38431                                                   |    32|   0|    32|          0|
    |sum1_233_reg_38436                                                   |    32|   0|    32|          0|
    |sum1_234_reg_38441                                                   |    32|   0|    32|          0|
    |sum1_249_reg_38446                                                   |    32|   0|    32|          0|
    |sum1_250_reg_38451                                                   |    32|   0|    32|          0|
    |sum1_251_reg_38456                                                   |    32|   0|    32|          0|
    |sum1_252_reg_38461                                                   |    32|   0|    32|          0|
    |sum1_253_reg_38466                                                   |    32|   0|    32|          0|
    |sum1_254_reg_38471                                                   |    32|   0|    32|          0|
    |sum1_255_reg_38476                                                   |    32|   0|    32|          0|
    |sum1_256_reg_38481                                                   |    32|   0|    32|          0|
    |sum1_257_reg_38486                                                   |    32|   0|    32|          0|
    |sum1_258_reg_38491                                                   |    32|   0|    32|          0|
    |sum1_259_reg_38496                                                   |    32|   0|    32|          0|
    |sum1_260_reg_38501                                                   |    32|   0|    32|          0|
    |sum1_261_reg_38506                                                   |    32|   0|    32|          0|
    |sum1_262_i_reg_38991                                                 |    32|   0|    32|          0|
    |sum1_262_reg_38511                                                   |    32|   0|    32|          0|
    |sum1_271_reg_37431                                                   |    32|   0|    32|          0|
    |sum1_272_reg_37436                                                   |    32|   0|    32|          0|
    |sum1_273_reg_37441                                                   |    32|   0|    32|          0|
    |sum1_274_reg_37446                                                   |    32|   0|    32|          0|
    |sum1_275_reg_37451                                                   |    32|   0|    32|          0|
    |sum1_276_reg_37456                                                   |    32|   0|    32|          0|
    |sum1_277_reg_38516                                                   |    32|   0|    32|          0|
    |sum1_278_reg_38521                                                   |    32|   0|    32|          0|
    |sum1_279_reg_38526                                                   |    32|   0|    32|          0|
    |sum1_280_reg_38531                                                   |    32|   0|    32|          0|
    |sum1_281_reg_38536                                                   |    32|   0|    32|          0|
    |sum1_282_reg_38541                                                   |    32|   0|    32|          0|
    |sum1_283_reg_38546                                                   |    32|   0|    32|          0|
    |sum1_284_reg_38551                                                   |    32|   0|    32|          0|
    |sum1_285_reg_38556                                                   |    32|   0|    32|          0|
    |sum1_286_reg_38561                                                   |    32|   0|    32|          0|
    |sum1_287_reg_38566                                                   |    32|   0|    32|          0|
    |sum1_288_reg_38571                                                   |    32|   0|    32|          0|
    |sum1_289_reg_38576                                                   |    32|   0|    32|          0|
    |sum1_290_reg_38581                                                   |    32|   0|    32|          0|
    |sum1_291_reg_37461                                                   |    32|   0|    32|          0|
    |sum1_292_reg_37466                                                   |    32|   0|    32|          0|
    |sum1_293_i_reg_37871                                                 |    32|   0|    32|          0|
    |sum1_293_reg_37471                                                   |    32|   0|    32|          0|
    |sum1_294_reg_37476                                                   |    32|   0|    32|          0|
    |sum1_295_reg_37481                                                   |    32|   0|    32|          0|
    |sum1_296_reg_37486                                                   |    32|   0|    32|          0|
    |sum1_297_reg_37491                                                   |    32|   0|    32|          0|
    |sum1_298_reg_37496                                                   |    32|   0|    32|          0|
    |sum1_299_reg_37501                                                   |    32|   0|    32|          0|
    |sum1_2_i_reg_37816                                                   |    32|   0|    32|          0|
    |sum1_300_reg_37506                                                   |    32|   0|    32|          0|
    |sum1_301_reg_37511                                                   |    32|   0|    32|          0|
    |sum1_302_reg_37516                                                   |    32|   0|    32|          0|
    |sum1_303_reg_37521                                                   |    32|   0|    32|          0|
    |sum1_304_reg_37526                                                   |    32|   0|    32|          0|
    |sum1_305_reg_38586                                                   |    32|   0|    32|          0|
    |sum1_306_reg_38591                                                   |    32|   0|    32|          0|
    |sum1_307_reg_38596                                                   |    32|   0|    32|          0|
    |sum1_308_reg_38601                                                   |    32|   0|    32|          0|
    |sum1_309_reg_38606                                                   |    32|   0|    32|          0|
    |sum1_310_reg_38611                                                   |    32|   0|    32|          0|
    |sum1_311_reg_38616                                                   |    32|   0|    32|          0|
    |sum1_312_reg_38621                                                   |    32|   0|    32|          0|
    |sum1_313_reg_38626                                                   |    32|   0|    32|          0|
    |sum1_314_reg_38631                                                   |    32|   0|    32|          0|
    |sum1_315_reg_38636                                                   |    32|   0|    32|          0|
    |sum1_316_reg_38641                                                   |    32|   0|    32|          0|
    |sum1_317_reg_38646                                                   |    32|   0|    32|          0|
    |sum1_318_reg_38651                                                   |    32|   0|    32|          0|
    |sum1_319_reg_37531                                                   |    32|   0|    32|          0|
    |sum1_320_reg_37536                                                   |    32|   0|    32|          0|
    |sum1_321_reg_37541                                                   |    32|   0|    32|          0|
    |sum1_322_reg_37546                                                   |    32|   0|    32|          0|
    |sum1_323_reg_37551                                                   |    32|   0|    32|          0|
    |sum1_324_i_reg_38996                                                 |    32|   0|    32|          0|
    |sum1_324_reg_37556                                                   |    32|   0|    32|          0|
    |sum1_325_reg_37561                                                   |    32|   0|    32|          0|
    |sum1_326_reg_37566                                                   |    32|   0|    32|          0|
    |sum1_327_reg_37571                                                   |    32|   0|    32|          0|
    |sum1_328_reg_37576                                                   |    32|   0|    32|          0|
    |sum1_329_reg_37581                                                   |    32|   0|    32|          0|
    |sum1_330_reg_37586                                                   |    32|   0|    32|          0|
    |sum1_331_reg_37591                                                   |    32|   0|    32|          0|
    |sum1_332_reg_37596                                                   |    32|   0|    32|          0|
    |sum1_333_reg_38656                                                   |    32|   0|    32|          0|
    |sum1_334_reg_38661                                                   |    32|   0|    32|          0|
    |sum1_335_reg_38666                                                   |    32|   0|    32|          0|
    |sum1_336_reg_38671                                                   |    32|   0|    32|          0|
    |sum1_337_reg_38676                                                   |    32|   0|    32|          0|
    |sum1_338_reg_38681                                                   |    32|   0|    32|          0|
    |sum1_339_reg_38686                                                   |    32|   0|    32|          0|
    |sum1_340_reg_38691                                                   |    32|   0|    32|          0|
    |sum1_341_reg_38696                                                   |    32|   0|    32|          0|
    |sum1_342_reg_38701                                                   |    32|   0|    32|          0|
    |sum1_343_reg_38706                                                   |    32|   0|    32|          0|
    |sum1_344_reg_38711                                                   |    32|   0|    32|          0|
    |sum1_345_reg_38716                                                   |    32|   0|    32|          0|
    |sum1_346_reg_38721                                                   |    32|   0|    32|          0|
    |sum1_347_reg_37601                                                   |    32|   0|    32|          0|
    |sum1_348_reg_37606                                                   |    32|   0|    32|          0|
    |sum1_349_reg_37611                                                   |    32|   0|    32|          0|
    |sum1_350_reg_37616                                                   |    32|   0|    32|          0|
    |sum1_351_reg_37621                                                   |    32|   0|    32|          0|
    |sum1_352_reg_37626                                                   |    32|   0|    32|          0|
    |sum1_353_reg_37631                                                   |    32|   0|    32|          0|
    |sum1_354_reg_37636                                                   |    32|   0|    32|          0|
    |sum1_355_i_reg_37876                                                 |    32|   0|    32|          0|
    |sum1_355_reg_37641                                                   |    32|   0|    32|          0|
    |sum1_356_reg_37646                                                   |    32|   0|    32|          0|
    |sum1_357_reg_37651                                                   |    32|   0|    32|          0|
    |sum1_358_reg_37656                                                   |    32|   0|    32|          0|
    |sum1_359_reg_37661                                                   |    32|   0|    32|          0|
    |sum1_360_reg_37666                                                   |    32|   0|    32|          0|
    |sum1_361_reg_38726                                                   |    32|   0|    32|          0|
    |sum1_362_reg_38731                                                   |    32|   0|    32|          0|
    |sum1_363_reg_38736                                                   |    32|   0|    32|          0|
    |sum1_364_reg_38741                                                   |    32|   0|    32|          0|
    |sum1_365_reg_38746                                                   |    32|   0|    32|          0|
    |sum1_366_reg_38751                                                   |    32|   0|    32|          0|
    |sum1_367_reg_38756                                                   |    32|   0|    32|          0|
    |sum1_368_reg_38761                                                   |    32|   0|    32|          0|
    |sum1_369_reg_38766                                                   |    32|   0|    32|          0|
    |sum1_370_reg_38771                                                   |    32|   0|    32|          0|
    |sum1_371_reg_38776                                                   |    32|   0|    32|          0|
    |sum1_372_reg_38781                                                   |    32|   0|    32|          0|
    |sum1_373_reg_38786                                                   |    32|   0|    32|          0|
    |sum1_374_reg_38791                                                   |    32|   0|    32|          0|
    |sum1_375_reg_37671                                                   |    32|   0|    32|          0|
    |sum1_376_reg_37676                                                   |    32|   0|    32|          0|
    |sum1_377_reg_37681                                                   |    32|   0|    32|          0|
    |sum1_378_reg_37686                                                   |    32|   0|    32|          0|
    |sum1_379_reg_37691                                                   |    32|   0|    32|          0|
    |sum1_380_reg_37696                                                   |    32|   0|    32|          0|
    |sum1_381_reg_37701                                                   |    32|   0|    32|          0|
    |sum1_382_reg_37706                                                   |    32|   0|    32|          0|
    |sum1_383_reg_37711                                                   |    32|   0|    32|          0|
    |sum1_384_reg_37716                                                   |    32|   0|    32|          0|
    |sum1_385_reg_37721                                                   |    32|   0|    32|          0|
    |sum1_386_i_reg_39001                                                 |    32|   0|    32|          0|
    |sum1_386_reg_37726                                                   |    32|   0|    32|          0|
    |sum1_387_reg_37731                                                   |    32|   0|    32|          0|
    |sum1_388_reg_37736                                                   |    32|   0|    32|          0|
    |sum1_389_reg_38796                                                   |    32|   0|    32|          0|
    |sum1_390_reg_38801                                                   |    32|   0|    32|          0|
    |sum1_391_reg_38806                                                   |    32|   0|    32|          0|
    |sum1_392_reg_38811                                                   |    32|   0|    32|          0|
    |sum1_393_reg_38816                                                   |    32|   0|    32|          0|
    |sum1_394_reg_38821                                                   |    32|   0|    32|          0|
    |sum1_395_reg_38826                                                   |    32|   0|    32|          0|
    |sum1_396_reg_38831                                                   |    32|   0|    32|          0|
    |sum1_397_reg_38836                                                   |    32|   0|    32|          0|
    |sum1_398_reg_38841                                                   |    32|   0|    32|          0|
    |sum1_399_reg_38846                                                   |    32|   0|    32|          0|
    |sum1_3_i_reg_38941                                                   |    32|   0|    32|          0|
    |sum1_400_reg_38851                                                   |    32|   0|    32|          0|
    |sum1_401_reg_38856                                                   |    32|   0|    32|          0|
    |sum1_402_reg_38861                                                   |    32|   0|    32|          0|
    |sum1_403_reg_37741                                                   |    32|   0|    32|          0|
    |sum1_404_reg_37746                                                   |    32|   0|    32|          0|
    |sum1_405_reg_37751                                                   |    32|   0|    32|          0|
    |sum1_406_reg_37756                                                   |    32|   0|    32|          0|
    |sum1_407_reg_37761                                                   |    32|   0|    32|          0|
    |sum1_408_reg_37766                                                   |    32|   0|    32|          0|
    |sum1_409_reg_37771                                                   |    32|   0|    32|          0|
    |sum1_410_reg_37776                                                   |    32|   0|    32|          0|
    |sum1_411_reg_37781                                                   |    32|   0|    32|          0|
    |sum1_412_reg_37786                                                   |    32|   0|    32|          0|
    |sum1_413_reg_37791                                                   |    32|   0|    32|          0|
    |sum1_414_reg_37796                                                   |    32|   0|    32|          0|
    |sum1_415_reg_37801                                                   |    32|   0|    32|          0|
    |sum1_416_reg_37806                                                   |    32|   0|    32|          0|
    |sum1_417_reg_38866                                                   |    32|   0|    32|          0|
    |sum1_418_reg_38871                                                   |    32|   0|    32|          0|
    |sum1_419_reg_38876                                                   |    32|   0|    32|          0|
    |sum1_420_reg_38881                                                   |    32|   0|    32|          0|
    |sum1_421_reg_38886                                                   |    32|   0|    32|          0|
    |sum1_422_reg_38891                                                   |    32|   0|    32|          0|
    |sum1_423_reg_38896                                                   |    32|   0|    32|          0|
    |sum1_424_reg_38901                                                   |    32|   0|    32|          0|
    |sum1_425_reg_38906                                                   |    32|   0|    32|          0|
    |sum1_426_reg_38911                                                   |    32|   0|    32|          0|
    |sum1_427_reg_38916                                                   |    32|   0|    32|          0|
    |sum1_428_reg_38921                                                   |    32|   0|    32|          0|
    |sum1_429_reg_38926                                                   |    32|   0|    32|          0|
    |sum1_430_reg_38931                                                   |    32|   0|    32|          0|
    |sum1_45_i_reg_37851                                                  |    32|   0|    32|          0|
    |sum1_479_i_reg_37811                                                 |    32|   0|    32|          0|
    |sum1_4_i_reg_37821                                                   |    32|   0|    32|          0|
    |sum1_5_i_reg_38946                                                   |    32|   0|    32|          0|
    |sum1_6_i_reg_37826                                                   |    32|   0|    32|          0|
    |sum1_743_reg_37881                                                   |    32|   0|    32|          0|
    |sum1_744_reg_37886                                                   |    32|   0|    32|          0|
    |sum1_745_reg_37891                                                   |    32|   0|    32|          0|
    |sum1_746_reg_37896                                                   |    32|   0|    32|          0|
    |sum1_747_reg_37901                                                   |    32|   0|    32|          0|
    |sum1_748_reg_37906                                                   |    32|   0|    32|          0|
    |sum1_749_reg_37911                                                   |    32|   0|    32|          0|
    |sum1_750_reg_37916                                                   |    32|   0|    32|          0|
    |sum1_751_reg_37921                                                   |    32|   0|    32|          0|
    |sum1_752_reg_37926                                                   |    32|   0|    32|          0|
    |sum1_753_reg_37931                                                   |    32|   0|    32|          0|
    |sum1_754_reg_37936                                                   |    32|   0|    32|          0|
    |sum1_755_reg_37941                                                   |    32|   0|    32|          0|
    |sum1_756_reg_37946                                                   |    32|   0|    32|          0|
    |sum1_757_reg_37951                                                   |    32|   0|    32|          0|
    |sum1_76_i_reg_38976                                                  |    32|   0|    32|          0|
    |sum1_774_reg_37956                                                   |    32|   0|    32|          0|
    |sum1_775_reg_37961                                                   |    32|   0|    32|          0|
    |sum1_776_reg_37966                                                   |    32|   0|    32|          0|
    |sum1_777_reg_37971                                                   |    32|   0|    32|          0|
    |sum1_778_reg_37976                                                   |    32|   0|    32|          0|
    |sum1_779_reg_37981                                                   |    32|   0|    32|          0|
    |sum1_780_reg_37986                                                   |    32|   0|    32|          0|
    |sum1_781_reg_37991                                                   |    32|   0|    32|          0|
    |sum1_782_reg_37996                                                   |    32|   0|    32|          0|
    |sum1_783_reg_38001                                                   |    32|   0|    32|          0|
    |sum1_784_reg_38006                                                   |    32|   0|    32|          0|
    |sum1_785_reg_38011                                                   |    32|   0|    32|          0|
    |sum1_786_reg_38016                                                   |    32|   0|    32|          0|
    |sum1_787_reg_38021                                                   |    32|   0|    32|          0|
    |sum1_788_reg_38026                                                   |    32|   0|    32|          0|
    |sum1_7_i_reg_38951                                                   |    32|   0|    32|          0|
    |sum1_805_reg_38031                                                   |    32|   0|    32|          0|
    |sum1_806_reg_38036                                                   |    32|   0|    32|          0|
    |sum1_807_reg_38041                                                   |    32|   0|    32|          0|
    |sum1_808_reg_38046                                                   |    32|   0|    32|          0|
    |sum1_809_reg_38051                                                   |    32|   0|    32|          0|
    |sum1_810_reg_38056                                                   |    32|   0|    32|          0|
    |sum1_811_reg_38061                                                   |    32|   0|    32|          0|
    |sum1_812_reg_38066                                                   |    32|   0|    32|          0|
    |sum1_813_reg_38071                                                   |    32|   0|    32|          0|
    |sum1_814_reg_38076                                                   |    32|   0|    32|          0|
    |sum1_815_reg_38081                                                   |    32|   0|    32|          0|
    |sum1_816_reg_38086                                                   |    32|   0|    32|          0|
    |sum1_817_reg_38091                                                   |    32|   0|    32|          0|
    |sum1_818_reg_38096                                                   |    32|   0|    32|          0|
    |sum1_819_reg_38101                                                   |    32|   0|    32|          0|
    |sum1_836_reg_38106                                                   |    32|   0|    32|          0|
    |sum1_837_reg_38111                                                   |    32|   0|    32|          0|
    |sum1_838_reg_38116                                                   |    32|   0|    32|          0|
    |sum1_839_reg_38121                                                   |    32|   0|    32|          0|
    |sum1_840_reg_38126                                                   |    32|   0|    32|          0|
    |sum1_841_reg_38131                                                   |    32|   0|    32|          0|
    |sum1_842_reg_38136                                                   |    32|   0|    32|          0|
    |sum1_843_reg_38141                                                   |    32|   0|    32|          0|
    |sum1_844_reg_38146                                                   |    32|   0|    32|          0|
    |sum1_845_reg_38151                                                   |    32|   0|    32|          0|
    |sum1_846_reg_38156                                                   |    32|   0|    32|          0|
    |sum1_847_reg_38161                                                   |    32|   0|    32|          0|
    |sum1_848_reg_38166                                                   |    32|   0|    32|          0|
    |sum1_849_reg_38171                                                   |    32|   0|    32|          0|
    |sum1_850_reg_38176                                                   |    32|   0|    32|          0|
    |sum1_867_reg_38181                                                   |    32|   0|    32|          0|
    |sum1_868_reg_38186                                                   |    32|   0|    32|          0|
    |sum1_869_reg_38191                                                   |    32|   0|    32|          0|
    |sum1_870_reg_38196                                                   |    32|   0|    32|          0|
    |sum1_871_reg_38201                                                   |    32|   0|    32|          0|
    |sum1_872_reg_38206                                                   |    32|   0|    32|          0|
    |sum1_873_reg_38211                                                   |    32|   0|    32|          0|
    |sum1_874_reg_38216                                                   |    32|   0|    32|          0|
    |sum1_875_reg_38221                                                   |    32|   0|    32|          0|
    |sum1_876_reg_38226                                                   |    32|   0|    32|          0|
    |sum1_877_reg_38231                                                   |    32|   0|    32|          0|
    |sum1_878_reg_38236                                                   |    32|   0|    32|          0|
    |sum1_879_reg_38241                                                   |    32|   0|    32|          0|
    |sum1_880_reg_38246                                                   |    32|   0|    32|          0|
    |sum1_881_reg_38251                                                   |    32|   0|    32|          0|
    |sum1_898_reg_38256                                                   |    32|   0|    32|          0|
    |sum1_899_reg_38261                                                   |    32|   0|    32|          0|
    |sum1_8_i_reg_37831                                                   |    32|   0|    32|          0|
    |sum1_900_reg_38266                                                   |    32|   0|    32|          0|
    |sum1_901_reg_38271                                                   |    32|   0|    32|          0|
    |sum1_902_reg_38276                                                   |    32|   0|    32|          0|
    |sum1_903_reg_38281                                                   |    32|   0|    32|          0|
    |sum1_904_reg_38286                                                   |    32|   0|    32|          0|
    |sum1_905_reg_38291                                                   |    32|   0|    32|          0|
    |sum1_906_reg_38296                                                   |    32|   0|    32|          0|
    |sum1_907_reg_38301                                                   |    32|   0|    32|          0|
    |sum1_908_reg_38306                                                   |    32|   0|    32|          0|
    |sum1_909_reg_38311                                                   |    32|   0|    32|          0|
    |sum1_910_reg_38316                                                   |    32|   0|    32|          0|
    |sum1_911_reg_38321                                                   |    32|   0|    32|          0|
    |sum1_912_reg_38326                                                   |    32|   0|    32|          0|
    |sum1_929_reg_38331                                                   |    32|   0|    32|          0|
    |sum1_930_reg_38336                                                   |    32|   0|    32|          0|
    |sum1_931_reg_38341                                                   |    32|   0|    32|          0|
    |sum1_932_reg_38346                                                   |    32|   0|    32|          0|
    |sum1_933_reg_38351                                                   |    32|   0|    32|          0|
    |sum1_934_reg_38356                                                   |    32|   0|    32|          0|
    |sum1_935_reg_38361                                                   |    32|   0|    32|          0|
    |sum1_936_reg_38366                                                   |    32|   0|    32|          0|
    |sum1_937_reg_38371                                                   |    32|   0|    32|          0|
    |sum1_938_reg_38376                                                   |    32|   0|    32|          0|
    |sum1_939_reg_38381                                                   |    32|   0|    32|          0|
    |sum1_940_reg_38386                                                   |    32|   0|    32|          0|
    |sum1_941_reg_38391                                                   |    32|   0|    32|          0|
    |sum1_942_reg_38396                                                   |    32|   0|    32|          0|
    |sum1_943_reg_38401                                                   |    32|   0|    32|          0|
    |sum1_9_i_reg_38956                                                   |    32|   0|    32|          0|
    +---------------------------------------------------------------------+------+----+------+-----------+
    |Total                                                                |115791|   0|115791|          0|
    +---------------------------------------------------------------------+------+----+------+-----------+



================================================================
== Interface
================================================================
* Summary: 
+-------------+-----+-----+------------+-----------------+--------------+
|  RTL Ports  | Dir | Bits|  Protocol  |  Source Object  |    C Type    |
+-------------+-----+-----+------------+-----------------+--------------+
|ap_clk       |   in|    1|  ap_ctrl_hs|  matrix_sum_prod|  return value|
|ap_rst       |   in|    1|  ap_ctrl_hs|  matrix_sum_prod|  return value|
|ap_start     |   in|    1|  ap_ctrl_hs|  matrix_sum_prod|  return value|
|ap_done      |  out|    1|  ap_ctrl_hs|  matrix_sum_prod|  return value|
|ap_continue  |   in|    1|  ap_ctrl_hs|  matrix_sum_prod|  return value|
|ap_idle      |  out|    1|  ap_ctrl_hs|  matrix_sum_prod|  return value|
|ap_ready     |  out|    1|  ap_ctrl_hs|  matrix_sum_prod|  return value|
|ap_return_0  |  out|   32|  ap_ctrl_hs|  matrix_sum_prod|  return value|
|ap_return_1  |  out|   32|  ap_ctrl_hs|  matrix_sum_prod|  return value|
|p_read       |   in|   32|     ap_none|           p_read|        scalar|
|p_read1      |   in|   32|     ap_none|          p_read1|        scalar|
|p_read2      |   in|   32|     ap_none|          p_read2|        scalar|
|p_read3      |   in|   32|     ap_none|          p_read3|        scalar|
|p_read4      |   in|   32|     ap_none|          p_read4|        scalar|
|p_read5      |   in|   32|     ap_none|          p_read5|        scalar|
|p_read6      |   in|   32|     ap_none|          p_read6|        scalar|
|p_read7      |   in|   32|     ap_none|          p_read7|        scalar|
|p_read8      |   in|   32|     ap_none|          p_read8|        scalar|
|p_read9      |   in|   32|     ap_none|          p_read9|        scalar|
|p_read10     |   in|   32|     ap_none|         p_read10|        scalar|
|p_read11     |   in|   32|     ap_none|         p_read11|        scalar|
|p_read12     |   in|   32|     ap_none|         p_read12|        scalar|
|p_read13     |   in|   32|     ap_none|         p_read13|        scalar|
|p_read14     |   in|   32|     ap_none|         p_read14|        scalar|
|p_read15     |   in|   32|     ap_none|         p_read15|        scalar|
|p_read16     |   in|   32|     ap_none|         p_read16|        scalar|
|p_read17     |   in|   32|     ap_none|         p_read17|        scalar|
|p_read18     |   in|   32|     ap_none|         p_read18|        scalar|
|p_read19     |   in|   32|     ap_none|         p_read19|        scalar|
|p_read20     |   in|   32|     ap_none|         p_read20|        scalar|
|p_read21     |   in|   32|     ap_none|         p_read21|        scalar|
|p_read22     |   in|   32|     ap_none|         p_read22|        scalar|
|p_read23     |   in|   32|     ap_none|         p_read23|        scalar|
|p_read24     |   in|   32|     ap_none|         p_read24|        scalar|
|p_read25     |   in|   32|     ap_none|         p_read25|        scalar|
|p_read26     |   in|   32|     ap_none|         p_read26|        scalar|
|p_read27     |   in|   32|     ap_none|         p_read27|        scalar|
|p_read28     |   in|   32|     ap_none|         p_read28|        scalar|
|p_read29     |   in|   32|     ap_none|         p_read29|        scalar|
|p_read30     |   in|   32|     ap_none|         p_read30|        scalar|
|p_read31     |   in|   32|     ap_none|         p_read31|        scalar|
|p_read32     |   in|   32|     ap_none|         p_read32|        scalar|
|p_read33     |   in|   32|     ap_none|         p_read33|        scalar|
|p_read34     |   in|   32|     ap_none|         p_read34|        scalar|
|p_read35     |   in|   32|     ap_none|         p_read35|        scalar|
|p_read36     |   in|   32|     ap_none|         p_read36|        scalar|
|p_read37     |   in|   32|     ap_none|         p_read37|        scalar|
|p_read38     |   in|   32|     ap_none|         p_read38|        scalar|
|p_read39     |   in|   32|     ap_none|         p_read39|        scalar|
|p_read40     |   in|   32|     ap_none|         p_read40|        scalar|
|p_read41     |   in|   32|     ap_none|         p_read41|        scalar|
|p_read42     |   in|   32|     ap_none|         p_read42|        scalar|
|p_read43     |   in|   32|     ap_none|         p_read43|        scalar|
|p_read44     |   in|   32|     ap_none|         p_read44|        scalar|
|p_read45     |   in|   32|     ap_none|         p_read45|        scalar|
|p_read46     |   in|   32|     ap_none|         p_read46|        scalar|
|p_read47     |   in|   32|     ap_none|         p_read47|        scalar|
|p_read48     |   in|   32|     ap_none|         p_read48|        scalar|
|p_read49     |   in|   32|     ap_none|         p_read49|        scalar|
|p_read50     |   in|   32|     ap_none|         p_read50|        scalar|
|p_read51     |   in|   32|     ap_none|         p_read51|        scalar|
|p_read52     |   in|   32|     ap_none|         p_read52|        scalar|
|p_read53     |   in|   32|     ap_none|         p_read53|        scalar|
|p_read54     |   in|   32|     ap_none|         p_read54|        scalar|
|p_read55     |   in|   32|     ap_none|         p_read55|        scalar|
|p_read56     |   in|   32|     ap_none|         p_read56|        scalar|
|p_read57     |   in|   32|     ap_none|         p_read57|        scalar|
|p_read58     |   in|   32|     ap_none|         p_read58|        scalar|
|p_read59     |   in|   32|     ap_none|         p_read59|        scalar|
|p_read60     |   in|   32|     ap_none|         p_read60|        scalar|
|p_read61     |   in|   32|     ap_none|         p_read61|        scalar|
|p_read62     |   in|   32|     ap_none|         p_read62|        scalar|
|p_read63     |   in|   32|     ap_none|         p_read63|        scalar|
|p_read64     |   in|   32|     ap_none|         p_read64|        scalar|
|p_read65     |   in|   32|     ap_none|         p_read65|        scalar|
|p_read66     |   in|   32|     ap_none|         p_read66|        scalar|
|p_read67     |   in|   32|     ap_none|         p_read67|        scalar|
|p_read68     |   in|   32|     ap_none|         p_read68|        scalar|
|p_read69     |   in|   32|     ap_none|         p_read69|        scalar|
|p_read70     |   in|   32|     ap_none|         p_read70|        scalar|
|p_read71     |   in|   32|     ap_none|         p_read71|        scalar|
|p_read72     |   in|   32|     ap_none|         p_read72|        scalar|
|p_read73     |   in|   32|     ap_none|         p_read73|        scalar|
|p_read74     |   in|   32|     ap_none|         p_read74|        scalar|
|p_read75     |   in|   32|     ap_none|         p_read75|        scalar|
|p_read76     |   in|   32|     ap_none|         p_read76|        scalar|
|p_read77     |   in|   32|     ap_none|         p_read77|        scalar|
|p_read78     |   in|   32|     ap_none|         p_read78|        scalar|
|p_read79     |   in|   32|     ap_none|         p_read79|        scalar|
|p_read80     |   in|   32|     ap_none|         p_read80|        scalar|
|p_read81     |   in|   32|     ap_none|         p_read81|        scalar|
|p_read82     |   in|   32|     ap_none|         p_read82|        scalar|
|p_read83     |   in|   32|     ap_none|         p_read83|        scalar|
|p_read84     |   in|   32|     ap_none|         p_read84|        scalar|
|p_read85     |   in|   32|     ap_none|         p_read85|        scalar|
|p_read86     |   in|   32|     ap_none|         p_read86|        scalar|
|p_read87     |   in|   32|     ap_none|         p_read87|        scalar|
|p_read88     |   in|   32|     ap_none|         p_read88|        scalar|
|p_read89     |   in|   32|     ap_none|         p_read89|        scalar|
|p_read90     |   in|   32|     ap_none|         p_read90|        scalar|
|p_read91     |   in|   32|     ap_none|         p_read91|        scalar|
|p_read92     |   in|   32|     ap_none|         p_read92|        scalar|
|p_read93     |   in|   32|     ap_none|         p_read93|        scalar|
|p_read94     |   in|   32|     ap_none|         p_read94|        scalar|
|p_read95     |   in|   32|     ap_none|         p_read95|        scalar|
|p_read96     |   in|   32|     ap_none|         p_read96|        scalar|
|p_read97     |   in|   32|     ap_none|         p_read97|        scalar|
|p_read98     |   in|   32|     ap_none|         p_read98|        scalar|
|p_read99     |   in|   32|     ap_none|         p_read99|        scalar|
|p_read100    |   in|   32|     ap_none|        p_read100|        scalar|
|p_read101    |   in|   32|     ap_none|        p_read101|        scalar|
|p_read102    |   in|   32|     ap_none|        p_read102|        scalar|
|p_read103    |   in|   32|     ap_none|        p_read103|        scalar|
|p_read104    |   in|   32|     ap_none|        p_read104|        scalar|
|p_read105    |   in|   32|     ap_none|        p_read105|        scalar|
|p_read106    |   in|   32|     ap_none|        p_read106|        scalar|
|p_read107    |   in|   32|     ap_none|        p_read107|        scalar|
|p_read108    |   in|   32|     ap_none|        p_read108|        scalar|
|p_read109    |   in|   32|     ap_none|        p_read109|        scalar|
|p_read110    |   in|   32|     ap_none|        p_read110|        scalar|
|p_read111    |   in|   32|     ap_none|        p_read111|        scalar|
|p_read112    |   in|   32|     ap_none|        p_read112|        scalar|
|p_read113    |   in|   32|     ap_none|        p_read113|        scalar|
|p_read114    |   in|   32|     ap_none|        p_read114|        scalar|
|p_read115    |   in|   32|     ap_none|        p_read115|        scalar|
|p_read116    |   in|   32|     ap_none|        p_read116|        scalar|
|p_read117    |   in|   32|     ap_none|        p_read117|        scalar|
|p_read118    |   in|   32|     ap_none|        p_read118|        scalar|
|p_read119    |   in|   32|     ap_none|        p_read119|        scalar|
|p_read120    |   in|   32|     ap_none|        p_read120|        scalar|
|p_read121    |   in|   32|     ap_none|        p_read121|        scalar|
|p_read122    |   in|   32|     ap_none|        p_read122|        scalar|
|p_read123    |   in|   32|     ap_none|        p_read123|        scalar|
|p_read124    |   in|   32|     ap_none|        p_read124|        scalar|
|p_read125    |   in|   32|     ap_none|        p_read125|        scalar|
|p_read126    |   in|   32|     ap_none|        p_read126|        scalar|
|p_read127    |   in|   32|     ap_none|        p_read127|        scalar|
|p_read128    |   in|   32|     ap_none|        p_read128|        scalar|
|p_read129    |   in|   32|     ap_none|        p_read129|        scalar|
|p_read130    |   in|   32|     ap_none|        p_read130|        scalar|
|p_read131    |   in|   32|     ap_none|        p_read131|        scalar|
|p_read132    |   in|   32|     ap_none|        p_read132|        scalar|
|p_read133    |   in|   32|     ap_none|        p_read133|        scalar|
|p_read134    |   in|   32|     ap_none|        p_read134|        scalar|
|p_read135    |   in|   32|     ap_none|        p_read135|        scalar|
|p_read136    |   in|   32|     ap_none|        p_read136|        scalar|
|p_read137    |   in|   32|     ap_none|        p_read137|        scalar|
|p_read138    |   in|   32|     ap_none|        p_read138|        scalar|
|p_read139    |   in|   32|     ap_none|        p_read139|        scalar|
|p_read140    |   in|   32|     ap_none|        p_read140|        scalar|
|p_read141    |   in|   32|     ap_none|        p_read141|        scalar|
|p_read142    |   in|   32|     ap_none|        p_read142|        scalar|
|p_read143    |   in|   32|     ap_none|        p_read143|        scalar|
|p_read144    |   in|   32|     ap_none|        p_read144|        scalar|
|p_read145    |   in|   32|     ap_none|        p_read145|        scalar|
|p_read146    |   in|   32|     ap_none|        p_read146|        scalar|
|p_read147    |   in|   32|     ap_none|        p_read147|        scalar|
|p_read148    |   in|   32|     ap_none|        p_read148|        scalar|
|p_read149    |   in|   32|     ap_none|        p_read149|        scalar|
|p_read150    |   in|   32|     ap_none|        p_read150|        scalar|
|p_read151    |   in|   32|     ap_none|        p_read151|        scalar|
|p_read152    |   in|   32|     ap_none|        p_read152|        scalar|
|p_read153    |   in|   32|     ap_none|        p_read153|        scalar|
|p_read154    |   in|   32|     ap_none|        p_read154|        scalar|
|p_read155    |   in|   32|     ap_none|        p_read155|        scalar|
|p_read156    |   in|   32|     ap_none|        p_read156|        scalar|
|p_read157    |   in|   32|     ap_none|        p_read157|        scalar|
|p_read158    |   in|   32|     ap_none|        p_read158|        scalar|
|p_read159    |   in|   32|     ap_none|        p_read159|        scalar|
|p_read160    |   in|   32|     ap_none|        p_read160|        scalar|
|p_read161    |   in|   32|     ap_none|        p_read161|        scalar|
|p_read162    |   in|   32|     ap_none|        p_read162|        scalar|
|p_read163    |   in|   32|     ap_none|        p_read163|        scalar|
|p_read164    |   in|   32|     ap_none|        p_read164|        scalar|
|p_read165    |   in|   32|     ap_none|        p_read165|        scalar|
|p_read166    |   in|   32|     ap_none|        p_read166|        scalar|
|p_read167    |   in|   32|     ap_none|        p_read167|        scalar|
|p_read168    |   in|   32|     ap_none|        p_read168|        scalar|
|p_read169    |   in|   32|     ap_none|        p_read169|        scalar|
|p_read170    |   in|   32|     ap_none|        p_read170|        scalar|
|p_read171    |   in|   32|     ap_none|        p_read171|        scalar|
|p_read172    |   in|   32|     ap_none|        p_read172|        scalar|
|p_read173    |   in|   32|     ap_none|        p_read173|        scalar|
|p_read174    |   in|   32|     ap_none|        p_read174|        scalar|
|p_read175    |   in|   32|     ap_none|        p_read175|        scalar|
|p_read176    |   in|   32|     ap_none|        p_read176|        scalar|
|p_read177    |   in|   32|     ap_none|        p_read177|        scalar|
|p_read178    |   in|   32|     ap_none|        p_read178|        scalar|
|p_read179    |   in|   32|     ap_none|        p_read179|        scalar|
|p_read180    |   in|   32|     ap_none|        p_read180|        scalar|
|p_read181    |   in|   32|     ap_none|        p_read181|        scalar|
|p_read182    |   in|   32|     ap_none|        p_read182|        scalar|
|p_read183    |   in|   32|     ap_none|        p_read183|        scalar|
|p_read184    |   in|   32|     ap_none|        p_read184|        scalar|
|p_read185    |   in|   32|     ap_none|        p_read185|        scalar|
|p_read186    |   in|   32|     ap_none|        p_read186|        scalar|
|p_read187    |   in|   32|     ap_none|        p_read187|        scalar|
|p_read188    |   in|   32|     ap_none|        p_read188|        scalar|
|p_read189    |   in|   32|     ap_none|        p_read189|        scalar|
|p_read190    |   in|   32|     ap_none|        p_read190|        scalar|
|p_read191    |   in|   32|     ap_none|        p_read191|        scalar|
|p_read192    |   in|   32|     ap_none|        p_read192|        scalar|
|p_read193    |   in|   32|     ap_none|        p_read193|        scalar|
|p_read194    |   in|   32|     ap_none|        p_read194|        scalar|
|p_read195    |   in|   32|     ap_none|        p_read195|        scalar|
|p_read196    |   in|   32|     ap_none|        p_read196|        scalar|
|p_read197    |   in|   32|     ap_none|        p_read197|        scalar|
|p_read198    |   in|   32|     ap_none|        p_read198|        scalar|
|p_read199    |   in|   32|     ap_none|        p_read199|        scalar|
|p_read200    |   in|   32|     ap_none|        p_read200|        scalar|
|p_read201    |   in|   32|     ap_none|        p_read201|        scalar|
|p_read202    |   in|   32|     ap_none|        p_read202|        scalar|
|p_read203    |   in|   32|     ap_none|        p_read203|        scalar|
|p_read204    |   in|   32|     ap_none|        p_read204|        scalar|
|p_read205    |   in|   32|     ap_none|        p_read205|        scalar|
|p_read206    |   in|   32|     ap_none|        p_read206|        scalar|
|p_read207    |   in|   32|     ap_none|        p_read207|        scalar|
|p_read208    |   in|   32|     ap_none|        p_read208|        scalar|
|p_read209    |   in|   32|     ap_none|        p_read209|        scalar|
|p_read210    |   in|   32|     ap_none|        p_read210|        scalar|
|p_read211    |   in|   32|     ap_none|        p_read211|        scalar|
|p_read212    |   in|   32|     ap_none|        p_read212|        scalar|
|p_read213    |   in|   32|     ap_none|        p_read213|        scalar|
|p_read214    |   in|   32|     ap_none|        p_read214|        scalar|
|p_read215    |   in|   32|     ap_none|        p_read215|        scalar|
|p_read216    |   in|   32|     ap_none|        p_read216|        scalar|
|p_read217    |   in|   32|     ap_none|        p_read217|        scalar|
|p_read218    |   in|   32|     ap_none|        p_read218|        scalar|
|p_read219    |   in|   32|     ap_none|        p_read219|        scalar|
|p_read220    |   in|   32|     ap_none|        p_read220|        scalar|
|p_read221    |   in|   32|     ap_none|        p_read221|        scalar|
|p_read222    |   in|   32|     ap_none|        p_read222|        scalar|
|p_read223    |   in|   32|     ap_none|        p_read223|        scalar|
|p_read224    |   in|   32|     ap_none|        p_read224|        scalar|
|p_read225    |   in|   32|     ap_none|        p_read225|        scalar|
|p_read226    |   in|   32|     ap_none|        p_read226|        scalar|
|p_read227    |   in|   32|     ap_none|        p_read227|        scalar|
|p_read228    |   in|   32|     ap_none|        p_read228|        scalar|
|p_read229    |   in|   32|     ap_none|        p_read229|        scalar|
|p_read230    |   in|   32|     ap_none|        p_read230|        scalar|
|p_read231    |   in|   32|     ap_none|        p_read231|        scalar|
|p_read232    |   in|   32|     ap_none|        p_read232|        scalar|
|p_read233    |   in|   32|     ap_none|        p_read233|        scalar|
|p_read234    |   in|   32|     ap_none|        p_read234|        scalar|
|p_read235    |   in|   32|     ap_none|        p_read235|        scalar|
|p_read236    |   in|   32|     ap_none|        p_read236|        scalar|
|p_read237    |   in|   32|     ap_none|        p_read237|        scalar|
|p_read238    |   in|   32|     ap_none|        p_read238|        scalar|
|p_read239    |   in|   32|     ap_none|        p_read239|        scalar|
|p_read240    |   in|   32|     ap_none|        p_read240|        scalar|
|p_read241    |   in|   32|     ap_none|        p_read241|        scalar|
|p_read242    |   in|   32|     ap_none|        p_read242|        scalar|
|p_read243    |   in|   32|     ap_none|        p_read243|        scalar|
|p_read244    |   in|   32|     ap_none|        p_read244|        scalar|
|p_read245    |   in|   32|     ap_none|        p_read245|        scalar|
|p_read246    |   in|   32|     ap_none|        p_read246|        scalar|
|p_read247    |   in|   32|     ap_none|        p_read247|        scalar|
|p_read248    |   in|   32|     ap_none|        p_read248|        scalar|
|p_read249    |   in|   32|     ap_none|        p_read249|        scalar|
|p_read250    |   in|   32|     ap_none|        p_read250|        scalar|
|p_read251    |   in|   32|     ap_none|        p_read251|        scalar|
|p_read252    |   in|   32|     ap_none|        p_read252|        scalar|
|p_read253    |   in|   32|     ap_none|        p_read253|        scalar|
|p_read254    |   in|   32|     ap_none|        p_read254|        scalar|
|p_read255    |   in|   32|     ap_none|        p_read255|        scalar|
|p_read256    |   in|   32|     ap_none|        p_read256|        scalar|
|p_read257    |   in|   32|     ap_none|        p_read257|        scalar|
|p_read258    |   in|   32|     ap_none|        p_read258|        scalar|
|p_read259    |   in|   32|     ap_none|        p_read259|        scalar|
|p_read260    |   in|   32|     ap_none|        p_read260|        scalar|
|p_read261    |   in|   32|     ap_none|        p_read261|        scalar|
|p_read262    |   in|   32|     ap_none|        p_read262|        scalar|
|p_read263    |   in|   32|     ap_none|        p_read263|        scalar|
|p_read264    |   in|   32|     ap_none|        p_read264|        scalar|
|p_read265    |   in|   32|     ap_none|        p_read265|        scalar|
|p_read266    |   in|   32|     ap_none|        p_read266|        scalar|
|p_read267    |   in|   32|     ap_none|        p_read267|        scalar|
|p_read268    |   in|   32|     ap_none|        p_read268|        scalar|
|p_read269    |   in|   32|     ap_none|        p_read269|        scalar|
|p_read270    |   in|   32|     ap_none|        p_read270|        scalar|
|p_read271    |   in|   32|     ap_none|        p_read271|        scalar|
|p_read272    |   in|   32|     ap_none|        p_read272|        scalar|
|p_read273    |   in|   32|     ap_none|        p_read273|        scalar|
|p_read274    |   in|   32|     ap_none|        p_read274|        scalar|
|p_read275    |   in|   32|     ap_none|        p_read275|        scalar|
|p_read276    |   in|   32|     ap_none|        p_read276|        scalar|
|p_read277    |   in|   32|     ap_none|        p_read277|        scalar|
|p_read278    |   in|   32|     ap_none|        p_read278|        scalar|
|p_read279    |   in|   32|     ap_none|        p_read279|        scalar|
|p_read280    |   in|   32|     ap_none|        p_read280|        scalar|
|p_read281    |   in|   32|     ap_none|        p_read281|        scalar|
|p_read282    |   in|   32|     ap_none|        p_read282|        scalar|
|p_read283    |   in|   32|     ap_none|        p_read283|        scalar|
|p_read284    |   in|   32|     ap_none|        p_read284|        scalar|
|p_read285    |   in|   32|     ap_none|        p_read285|        scalar|
|p_read286    |   in|   32|     ap_none|        p_read286|        scalar|
|p_read287    |   in|   32|     ap_none|        p_read287|        scalar|
|p_read288    |   in|   32|     ap_none|        p_read288|        scalar|
|p_read289    |   in|   32|     ap_none|        p_read289|        scalar|
|p_read290    |   in|   32|     ap_none|        p_read290|        scalar|
|p_read291    |   in|   32|     ap_none|        p_read291|        scalar|
|p_read292    |   in|   32|     ap_none|        p_read292|        scalar|
|p_read293    |   in|   32|     ap_none|        p_read293|        scalar|
|p_read294    |   in|   32|     ap_none|        p_read294|        scalar|
|p_read295    |   in|   32|     ap_none|        p_read295|        scalar|
|p_read296    |   in|   32|     ap_none|        p_read296|        scalar|
|p_read297    |   in|   32|     ap_none|        p_read297|        scalar|
|p_read298    |   in|   32|     ap_none|        p_read298|        scalar|
|p_read299    |   in|   32|     ap_none|        p_read299|        scalar|
|p_read300    |   in|   32|     ap_none|        p_read300|        scalar|
|p_read301    |   in|   32|     ap_none|        p_read301|        scalar|
|p_read302    |   in|   32|     ap_none|        p_read302|        scalar|
|p_read303    |   in|   32|     ap_none|        p_read303|        scalar|
|p_read304    |   in|   32|     ap_none|        p_read304|        scalar|
|p_read305    |   in|   32|     ap_none|        p_read305|        scalar|
|p_read306    |   in|   32|     ap_none|        p_read306|        scalar|
|p_read307    |   in|   32|     ap_none|        p_read307|        scalar|
|p_read308    |   in|   32|     ap_none|        p_read308|        scalar|
|p_read309    |   in|   32|     ap_none|        p_read309|        scalar|
|p_read310    |   in|   32|     ap_none|        p_read310|        scalar|
|p_read311    |   in|   32|     ap_none|        p_read311|        scalar|
|p_read312    |   in|   32|     ap_none|        p_read312|        scalar|
|p_read313    |   in|   32|     ap_none|        p_read313|        scalar|
|p_read314    |   in|   32|     ap_none|        p_read314|        scalar|
|p_read315    |   in|   32|     ap_none|        p_read315|        scalar|
|p_read316    |   in|   32|     ap_none|        p_read316|        scalar|
|p_read317    |   in|   32|     ap_none|        p_read317|        scalar|
|p_read318    |   in|   32|     ap_none|        p_read318|        scalar|
|p_read319    |   in|   32|     ap_none|        p_read319|        scalar|
|p_read320    |   in|   32|     ap_none|        p_read320|        scalar|
|p_read321    |   in|   32|     ap_none|        p_read321|        scalar|
|p_read322    |   in|   32|     ap_none|        p_read322|        scalar|
|p_read323    |   in|   32|     ap_none|        p_read323|        scalar|
|p_read324    |   in|   32|     ap_none|        p_read324|        scalar|
|p_read325    |   in|   32|     ap_none|        p_read325|        scalar|
|p_read326    |   in|   32|     ap_none|        p_read326|        scalar|
|p_read327    |   in|   32|     ap_none|        p_read327|        scalar|
|p_read328    |   in|   32|     ap_none|        p_read328|        scalar|
|p_read329    |   in|   32|     ap_none|        p_read329|        scalar|
|p_read330    |   in|   32|     ap_none|        p_read330|        scalar|
|p_read331    |   in|   32|     ap_none|        p_read331|        scalar|
|p_read332    |   in|   32|     ap_none|        p_read332|        scalar|
|p_read333    |   in|   32|     ap_none|        p_read333|        scalar|
|p_read334    |   in|   32|     ap_none|        p_read334|        scalar|
|p_read335    |   in|   32|     ap_none|        p_read335|        scalar|
|p_read336    |   in|   32|     ap_none|        p_read336|        scalar|
|p_read337    |   in|   32|     ap_none|        p_read337|        scalar|
|p_read338    |   in|   32|     ap_none|        p_read338|        scalar|
|p_read339    |   in|   32|     ap_none|        p_read339|        scalar|
|p_read340    |   in|   32|     ap_none|        p_read340|        scalar|
|p_read341    |   in|   32|     ap_none|        p_read341|        scalar|
|p_read342    |   in|   32|     ap_none|        p_read342|        scalar|
|p_read343    |   in|   32|     ap_none|        p_read343|        scalar|
|p_read344    |   in|   32|     ap_none|        p_read344|        scalar|
|p_read345    |   in|   32|     ap_none|        p_read345|        scalar|
|p_read346    |   in|   32|     ap_none|        p_read346|        scalar|
|p_read347    |   in|   32|     ap_none|        p_read347|        scalar|
|p_read348    |   in|   32|     ap_none|        p_read348|        scalar|
|p_read349    |   in|   32|     ap_none|        p_read349|        scalar|
|p_read350    |   in|   32|     ap_none|        p_read350|        scalar|
|p_read351    |   in|   32|     ap_none|        p_read351|        scalar|
|p_read352    |   in|   32|     ap_none|        p_read352|        scalar|
|p_read353    |   in|   32|     ap_none|        p_read353|        scalar|
|p_read354    |   in|   32|     ap_none|        p_read354|        scalar|
|p_read355    |   in|   32|     ap_none|        p_read355|        scalar|
|p_read356    |   in|   32|     ap_none|        p_read356|        scalar|
|p_read357    |   in|   32|     ap_none|        p_read357|        scalar|
|p_read358    |   in|   32|     ap_none|        p_read358|        scalar|
|p_read359    |   in|   32|     ap_none|        p_read359|        scalar|
|p_read360    |   in|   32|     ap_none|        p_read360|        scalar|
|p_read361    |   in|   32|     ap_none|        p_read361|        scalar|
|p_read362    |   in|   32|     ap_none|        p_read362|        scalar|
|p_read363    |   in|   32|     ap_none|        p_read363|        scalar|
|p_read364    |   in|   32|     ap_none|        p_read364|        scalar|
|p_read365    |   in|   32|     ap_none|        p_read365|        scalar|
|p_read366    |   in|   32|     ap_none|        p_read366|        scalar|
|p_read367    |   in|   32|     ap_none|        p_read367|        scalar|
|p_read368    |   in|   32|     ap_none|        p_read368|        scalar|
|p_read369    |   in|   32|     ap_none|        p_read369|        scalar|
|p_read370    |   in|   32|     ap_none|        p_read370|        scalar|
|p_read371    |   in|   32|     ap_none|        p_read371|        scalar|
|p_read372    |   in|   32|     ap_none|        p_read372|        scalar|
|p_read373    |   in|   32|     ap_none|        p_read373|        scalar|
|p_read374    |   in|   32|     ap_none|        p_read374|        scalar|
|p_read375    |   in|   32|     ap_none|        p_read375|        scalar|
|p_read376    |   in|   32|     ap_none|        p_read376|        scalar|
|p_read377    |   in|   32|     ap_none|        p_read377|        scalar|
|p_read378    |   in|   32|     ap_none|        p_read378|        scalar|
|p_read379    |   in|   32|     ap_none|        p_read379|        scalar|
|p_read380    |   in|   32|     ap_none|        p_read380|        scalar|
|p_read381    |   in|   32|     ap_none|        p_read381|        scalar|
|p_read382    |   in|   32|     ap_none|        p_read382|        scalar|
|p_read383    |   in|   32|     ap_none|        p_read383|        scalar|
|p_read384    |   in|   32|     ap_none|        p_read384|        scalar|
|p_read385    |   in|   32|     ap_none|        p_read385|        scalar|
|p_read386    |   in|   32|     ap_none|        p_read386|        scalar|
|p_read387    |   in|   32|     ap_none|        p_read387|        scalar|
|p_read388    |   in|   32|     ap_none|        p_read388|        scalar|
|p_read389    |   in|   32|     ap_none|        p_read389|        scalar|
|p_read390    |   in|   32|     ap_none|        p_read390|        scalar|
|p_read391    |   in|   32|     ap_none|        p_read391|        scalar|
|p_read392    |   in|   32|     ap_none|        p_read392|        scalar|
|p_read393    |   in|   32|     ap_none|        p_read393|        scalar|
|p_read394    |   in|   32|     ap_none|        p_read394|        scalar|
|p_read395    |   in|   32|     ap_none|        p_read395|        scalar|
|p_read396    |   in|   32|     ap_none|        p_read396|        scalar|
|p_read397    |   in|   32|     ap_none|        p_read397|        scalar|
|p_read398    |   in|   32|     ap_none|        p_read398|        scalar|
|p_read399    |   in|   32|     ap_none|        p_read399|        scalar|
|p_read400    |   in|   32|     ap_none|        p_read400|        scalar|
|p_read401    |   in|   32|     ap_none|        p_read401|        scalar|
|p_read402    |   in|   32|     ap_none|        p_read402|        scalar|
|p_read403    |   in|   32|     ap_none|        p_read403|        scalar|
|p_read404    |   in|   32|     ap_none|        p_read404|        scalar|
|p_read405    |   in|   32|     ap_none|        p_read405|        scalar|
|p_read406    |   in|   32|     ap_none|        p_read406|        scalar|
|p_read407    |   in|   32|     ap_none|        p_read407|        scalar|
|p_read408    |   in|   32|     ap_none|        p_read408|        scalar|
|p_read409    |   in|   32|     ap_none|        p_read409|        scalar|
|p_read410    |   in|   32|     ap_none|        p_read410|        scalar|
|p_read411    |   in|   32|     ap_none|        p_read411|        scalar|
|p_read412    |   in|   32|     ap_none|        p_read412|        scalar|
|p_read413    |   in|   32|     ap_none|        p_read413|        scalar|
|p_read414    |   in|   32|     ap_none|        p_read414|        scalar|
|p_read415    |   in|   32|     ap_none|        p_read415|        scalar|
|p_read416    |   in|   32|     ap_none|        p_read416|        scalar|
|p_read417    |   in|   32|     ap_none|        p_read417|        scalar|
|p_read418    |   in|   32|     ap_none|        p_read418|        scalar|
|p_read419    |   in|   32|     ap_none|        p_read419|        scalar|
|p_read420    |   in|   32|     ap_none|        p_read420|        scalar|
|p_read421    |   in|   32|     ap_none|        p_read421|        scalar|
|p_read422    |   in|   32|     ap_none|        p_read422|        scalar|
|p_read423    |   in|   32|     ap_none|        p_read423|        scalar|
|p_read424    |   in|   32|     ap_none|        p_read424|        scalar|
|p_read425    |   in|   32|     ap_none|        p_read425|        scalar|
|p_read426    |   in|   32|     ap_none|        p_read426|        scalar|
|p_read427    |   in|   32|     ap_none|        p_read427|        scalar|
|p_read428    |   in|   32|     ap_none|        p_read428|        scalar|
|p_read429    |   in|   32|     ap_none|        p_read429|        scalar|
|p_read430    |   in|   32|     ap_none|        p_read430|        scalar|
|p_read431    |   in|   32|     ap_none|        p_read431|        scalar|
|p_read432    |   in|   32|     ap_none|        p_read432|        scalar|
|p_read433    |   in|   32|     ap_none|        p_read433|        scalar|
|p_read434    |   in|   32|     ap_none|        p_read434|        scalar|
|p_read435    |   in|   32|     ap_none|        p_read435|        scalar|
|p_read436    |   in|   32|     ap_none|        p_read436|        scalar|
|p_read437    |   in|   32|     ap_none|        p_read437|        scalar|
|p_read438    |   in|   32|     ap_none|        p_read438|        scalar|
|p_read439    |   in|   32|     ap_none|        p_read439|        scalar|
|p_read440    |   in|   32|     ap_none|        p_read440|        scalar|
|p_read441    |   in|   32|     ap_none|        p_read441|        scalar|
|p_read442    |   in|   32|     ap_none|        p_read442|        scalar|
|p_read443    |   in|   32|     ap_none|        p_read443|        scalar|
|p_read444    |   in|   32|     ap_none|        p_read444|        scalar|
|p_read445    |   in|   32|     ap_none|        p_read445|        scalar|
|p_read446    |   in|   32|     ap_none|        p_read446|        scalar|
|p_read447    |   in|   32|     ap_none|        p_read447|        scalar|
|p_read448    |   in|   32|     ap_none|        p_read448|        scalar|
|p_read449    |   in|   32|     ap_none|        p_read449|        scalar|
|p_read450    |   in|   32|     ap_none|        p_read450|        scalar|
|p_read451    |   in|   32|     ap_none|        p_read451|        scalar|
|p_read452    |   in|   32|     ap_none|        p_read452|        scalar|
|p_read453    |   in|   32|     ap_none|        p_read453|        scalar|
|p_read454    |   in|   32|     ap_none|        p_read454|        scalar|
|p_read455    |   in|   32|     ap_none|        p_read455|        scalar|
|p_read456    |   in|   32|     ap_none|        p_read456|        scalar|
|p_read457    |   in|   32|     ap_none|        p_read457|        scalar|
|p_read458    |   in|   32|     ap_none|        p_read458|        scalar|
|p_read459    |   in|   32|     ap_none|        p_read459|        scalar|
|p_read460    |   in|   32|     ap_none|        p_read460|        scalar|
|p_read461    |   in|   32|     ap_none|        p_read461|        scalar|
|p_read462    |   in|   32|     ap_none|        p_read462|        scalar|
|p_read463    |   in|   32|     ap_none|        p_read463|        scalar|
|p_read464    |   in|   32|     ap_none|        p_read464|        scalar|
|p_read465    |   in|   32|     ap_none|        p_read465|        scalar|
|p_read466    |   in|   32|     ap_none|        p_read466|        scalar|
|p_read467    |   in|   32|     ap_none|        p_read467|        scalar|
|p_read468    |   in|   32|     ap_none|        p_read468|        scalar|
|p_read469    |   in|   32|     ap_none|        p_read469|        scalar|
|p_read470    |   in|   32|     ap_none|        p_read470|        scalar|
|p_read471    |   in|   32|     ap_none|        p_read471|        scalar|
|p_read472    |   in|   32|     ap_none|        p_read472|        scalar|
|p_read473    |   in|   32|     ap_none|        p_read473|        scalar|
|p_read474    |   in|   32|     ap_none|        p_read474|        scalar|
|p_read475    |   in|   32|     ap_none|        p_read475|        scalar|
|p_read476    |   in|   32|     ap_none|        p_read476|        scalar|
|p_read477    |   in|   32|     ap_none|        p_read477|        scalar|
|p_read478    |   in|   32|     ap_none|        p_read478|        scalar|
|p_read479    |   in|   32|     ap_none|        p_read479|        scalar|
|p_read480    |   in|   32|     ap_none|        p_read480|        scalar|
|p_read481    |   in|   32|     ap_none|        p_read481|        scalar|
|p_read482    |   in|   32|     ap_none|        p_read482|        scalar|
|p_read483    |   in|   32|     ap_none|        p_read483|        scalar|
|p_read484    |   in|   32|     ap_none|        p_read484|        scalar|
|p_read485    |   in|   32|     ap_none|        p_read485|        scalar|
|p_read486    |   in|   32|     ap_none|        p_read486|        scalar|
|p_read487    |   in|   32|     ap_none|        p_read487|        scalar|
|p_read488    |   in|   32|     ap_none|        p_read488|        scalar|
|p_read489    |   in|   32|     ap_none|        p_read489|        scalar|
|p_read490    |   in|   32|     ap_none|        p_read490|        scalar|
|p_read491    |   in|   32|     ap_none|        p_read491|        scalar|
|p_read492    |   in|   32|     ap_none|        p_read492|        scalar|
|p_read493    |   in|   32|     ap_none|        p_read493|        scalar|
|p_read494    |   in|   32|     ap_none|        p_read494|        scalar|
|p_read495    |   in|   32|     ap_none|        p_read495|        scalar|
|p_read496    |   in|   32|     ap_none|        p_read496|        scalar|
|p_read497    |   in|   32|     ap_none|        p_read497|        scalar|
|p_read498    |   in|   32|     ap_none|        p_read498|        scalar|
|p_read499    |   in|   32|     ap_none|        p_read499|        scalar|
|p_read500    |   in|   32|     ap_none|        p_read500|        scalar|
|p_read501    |   in|   32|     ap_none|        p_read501|        scalar|
|p_read502    |   in|   32|     ap_none|        p_read502|        scalar|
|p_read503    |   in|   32|     ap_none|        p_read503|        scalar|
|p_read504    |   in|   32|     ap_none|        p_read504|        scalar|
|p_read505    |   in|   32|     ap_none|        p_read505|        scalar|
|p_read506    |   in|   32|     ap_none|        p_read506|        scalar|
|p_read507    |   in|   32|     ap_none|        p_read507|        scalar|
|p_read508    |   in|   32|     ap_none|        p_read508|        scalar|
|p_read509    |   in|   32|     ap_none|        p_read509|        scalar|
|p_read510    |   in|   32|     ap_none|        p_read510|        scalar|
|p_read511    |   in|   32|     ap_none|        p_read511|        scalar|
|p_read512    |   in|   32|     ap_none|        p_read512|        scalar|
|p_read513    |   in|   32|     ap_none|        p_read513|        scalar|
|p_read514    |   in|   32|     ap_none|        p_read514|        scalar|
|p_read515    |   in|   32|     ap_none|        p_read515|        scalar|
|p_read516    |   in|   32|     ap_none|        p_read516|        scalar|
|p_read517    |   in|   32|     ap_none|        p_read517|        scalar|
|p_read518    |   in|   32|     ap_none|        p_read518|        scalar|
|p_read519    |   in|   32|     ap_none|        p_read519|        scalar|
|p_read520    |   in|   32|     ap_none|        p_read520|        scalar|
|p_read521    |   in|   32|     ap_none|        p_read521|        scalar|
|p_read522    |   in|   32|     ap_none|        p_read522|        scalar|
|p_read523    |   in|   32|     ap_none|        p_read523|        scalar|
|p_read524    |   in|   32|     ap_none|        p_read524|        scalar|
|p_read525    |   in|   32|     ap_none|        p_read525|        scalar|
|p_read526    |   in|   32|     ap_none|        p_read526|        scalar|
|p_read527    |   in|   32|     ap_none|        p_read527|        scalar|
|p_read528    |   in|   32|     ap_none|        p_read528|        scalar|
|p_read529    |   in|   32|     ap_none|        p_read529|        scalar|
|p_read530    |   in|   32|     ap_none|        p_read530|        scalar|
|p_read531    |   in|   32|     ap_none|        p_read531|        scalar|
|p_read532    |   in|   32|     ap_none|        p_read532|        scalar|
|p_read533    |   in|   32|     ap_none|        p_read533|        scalar|
|p_read534    |   in|   32|     ap_none|        p_read534|        scalar|
|p_read535    |   in|   32|     ap_none|        p_read535|        scalar|
|p_read536    |   in|   32|     ap_none|        p_read536|        scalar|
|p_read537    |   in|   32|     ap_none|        p_read537|        scalar|
|p_read538    |   in|   32|     ap_none|        p_read538|        scalar|
|p_read539    |   in|   32|     ap_none|        p_read539|        scalar|
|p_read540    |   in|   32|     ap_none|        p_read540|        scalar|
|p_read541    |   in|   32|     ap_none|        p_read541|        scalar|
|p_read542    |   in|   32|     ap_none|        p_read542|        scalar|
|p_read543    |   in|   32|     ap_none|        p_read543|        scalar|
|p_read544    |   in|   32|     ap_none|        p_read544|        scalar|
|p_read545    |   in|   32|     ap_none|        p_read545|        scalar|
|p_read546    |   in|   32|     ap_none|        p_read546|        scalar|
|p_read547    |   in|   32|     ap_none|        p_read547|        scalar|
|p_read548    |   in|   32|     ap_none|        p_read548|        scalar|
|p_read549    |   in|   32|     ap_none|        p_read549|        scalar|
|p_read550    |   in|   32|     ap_none|        p_read550|        scalar|
|p_read551    |   in|   32|     ap_none|        p_read551|        scalar|
|p_read552    |   in|   32|     ap_none|        p_read552|        scalar|
|p_read553    |   in|   32|     ap_none|        p_read553|        scalar|
|p_read554    |   in|   32|     ap_none|        p_read554|        scalar|
|p_read555    |   in|   32|     ap_none|        p_read555|        scalar|
|p_read556    |   in|   32|     ap_none|        p_read556|        scalar|
|p_read557    |   in|   32|     ap_none|        p_read557|        scalar|
|p_read558    |   in|   32|     ap_none|        p_read558|        scalar|
|p_read559    |   in|   32|     ap_none|        p_read559|        scalar|
|p_read560    |   in|   32|     ap_none|        p_read560|        scalar|
|p_read561    |   in|   32|     ap_none|        p_read561|        scalar|
|p_read562    |   in|   32|     ap_none|        p_read562|        scalar|
|p_read563    |   in|   32|     ap_none|        p_read563|        scalar|
|p_read564    |   in|   32|     ap_none|        p_read564|        scalar|
|p_read565    |   in|   32|     ap_none|        p_read565|        scalar|
|p_read566    |   in|   32|     ap_none|        p_read566|        scalar|
|p_read567    |   in|   32|     ap_none|        p_read567|        scalar|
|p_read568    |   in|   32|     ap_none|        p_read568|        scalar|
|p_read569    |   in|   32|     ap_none|        p_read569|        scalar|
|p_read570    |   in|   32|     ap_none|        p_read570|        scalar|
|p_read571    |   in|   32|     ap_none|        p_read571|        scalar|
|p_read572    |   in|   32|     ap_none|        p_read572|        scalar|
|p_read573    |   in|   32|     ap_none|        p_read573|        scalar|
|p_read574    |   in|   32|     ap_none|        p_read574|        scalar|
|p_read575    |   in|   32|     ap_none|        p_read575|        scalar|
|p_read576    |   in|   32|     ap_none|        p_read576|        scalar|
|p_read577    |   in|   32|     ap_none|        p_read577|        scalar|
|p_read578    |   in|   32|     ap_none|        p_read578|        scalar|
|p_read579    |   in|   32|     ap_none|        p_read579|        scalar|
|p_read580    |   in|   32|     ap_none|        p_read580|        scalar|
|p_read581    |   in|   32|     ap_none|        p_read581|        scalar|
|p_read582    |   in|   32|     ap_none|        p_read582|        scalar|
|p_read583    |   in|   32|     ap_none|        p_read583|        scalar|
|p_read584    |   in|   32|     ap_none|        p_read584|        scalar|
|p_read585    |   in|   32|     ap_none|        p_read585|        scalar|
|p_read586    |   in|   32|     ap_none|        p_read586|        scalar|
|p_read587    |   in|   32|     ap_none|        p_read587|        scalar|
|p_read588    |   in|   32|     ap_none|        p_read588|        scalar|
|p_read589    |   in|   32|     ap_none|        p_read589|        scalar|
|p_read590    |   in|   32|     ap_none|        p_read590|        scalar|
|p_read591    |   in|   32|     ap_none|        p_read591|        scalar|
|p_read592    |   in|   32|     ap_none|        p_read592|        scalar|
|p_read593    |   in|   32|     ap_none|        p_read593|        scalar|
|p_read594    |   in|   32|     ap_none|        p_read594|        scalar|
|p_read595    |   in|   32|     ap_none|        p_read595|        scalar|
|p_read596    |   in|   32|     ap_none|        p_read596|        scalar|
|p_read597    |   in|   32|     ap_none|        p_read597|        scalar|
|p_read598    |   in|   32|     ap_none|        p_read598|        scalar|
|p_read599    |   in|   32|     ap_none|        p_read599|        scalar|
|p_read600    |   in|   32|     ap_none|        p_read600|        scalar|
|p_read601    |   in|   32|     ap_none|        p_read601|        scalar|
|p_read602    |   in|   32|     ap_none|        p_read602|        scalar|
|p_read603    |   in|   32|     ap_none|        p_read603|        scalar|
|p_read604    |   in|   32|     ap_none|        p_read604|        scalar|
|p_read605    |   in|   32|     ap_none|        p_read605|        scalar|
|p_read606    |   in|   32|     ap_none|        p_read606|        scalar|
|p_read607    |   in|   32|     ap_none|        p_read607|        scalar|
|p_read608    |   in|   32|     ap_none|        p_read608|        scalar|
|p_read609    |   in|   32|     ap_none|        p_read609|        scalar|
|p_read610    |   in|   32|     ap_none|        p_read610|        scalar|
|p_read611    |   in|   32|     ap_none|        p_read611|        scalar|
|p_read612    |   in|   32|     ap_none|        p_read612|        scalar|
|p_read613    |   in|   32|     ap_none|        p_read613|        scalar|
|p_read614    |   in|   32|     ap_none|        p_read614|        scalar|
|p_read615    |   in|   32|     ap_none|        p_read615|        scalar|
|p_read616    |   in|   32|     ap_none|        p_read616|        scalar|
|p_read617    |   in|   32|     ap_none|        p_read617|        scalar|
|p_read618    |   in|   32|     ap_none|        p_read618|        scalar|
|p_read619    |   in|   32|     ap_none|        p_read619|        scalar|
|p_read620    |   in|   32|     ap_none|        p_read620|        scalar|
|p_read621    |   in|   32|     ap_none|        p_read621|        scalar|
|p_read622    |   in|   32|     ap_none|        p_read622|        scalar|
|p_read623    |   in|   32|     ap_none|        p_read623|        scalar|
|p_read624    |   in|   32|     ap_none|        p_read624|        scalar|
|p_read625    |   in|   32|     ap_none|        p_read625|        scalar|
|p_read626    |   in|   32|     ap_none|        p_read626|        scalar|
|p_read627    |   in|   32|     ap_none|        p_read627|        scalar|
|p_read628    |   in|   32|     ap_none|        p_read628|        scalar|
|p_read629    |   in|   32|     ap_none|        p_read629|        scalar|
|p_read630    |   in|   32|     ap_none|        p_read630|        scalar|
|p_read631    |   in|   32|     ap_none|        p_read631|        scalar|
|p_read632    |   in|   32|     ap_none|        p_read632|        scalar|
|p_read633    |   in|   32|     ap_none|        p_read633|        scalar|
|p_read634    |   in|   32|     ap_none|        p_read634|        scalar|
|p_read635    |   in|   32|     ap_none|        p_read635|        scalar|
|p_read636    |   in|   32|     ap_none|        p_read636|        scalar|
|p_read637    |   in|   32|     ap_none|        p_read637|        scalar|
|p_read638    |   in|   32|     ap_none|        p_read638|        scalar|
|p_read639    |   in|   32|     ap_none|        p_read639|        scalar|
|p_read640    |   in|   32|     ap_none|        p_read640|        scalar|
|p_read641    |   in|   32|     ap_none|        p_read641|        scalar|
|p_read642    |   in|   32|     ap_none|        p_read642|        scalar|
|p_read643    |   in|   32|     ap_none|        p_read643|        scalar|
|p_read644    |   in|   32|     ap_none|        p_read644|        scalar|
|p_read645    |   in|   32|     ap_none|        p_read645|        scalar|
|p_read646    |   in|   32|     ap_none|        p_read646|        scalar|
|p_read647    |   in|   32|     ap_none|        p_read647|        scalar|
|p_read648    |   in|   32|     ap_none|        p_read648|        scalar|
|p_read649    |   in|   32|     ap_none|        p_read649|        scalar|
|p_read650    |   in|   32|     ap_none|        p_read650|        scalar|
|p_read651    |   in|   32|     ap_none|        p_read651|        scalar|
|p_read652    |   in|   32|     ap_none|        p_read652|        scalar|
|p_read653    |   in|   32|     ap_none|        p_read653|        scalar|
|p_read654    |   in|   32|     ap_none|        p_read654|        scalar|
|p_read655    |   in|   32|     ap_none|        p_read655|        scalar|
|p_read656    |   in|   32|     ap_none|        p_read656|        scalar|
|p_read657    |   in|   32|     ap_none|        p_read657|        scalar|
|p_read658    |   in|   32|     ap_none|        p_read658|        scalar|
|p_read659    |   in|   32|     ap_none|        p_read659|        scalar|
|p_read660    |   in|   32|     ap_none|        p_read660|        scalar|
|p_read661    |   in|   32|     ap_none|        p_read661|        scalar|
|p_read662    |   in|   32|     ap_none|        p_read662|        scalar|
|p_read663    |   in|   32|     ap_none|        p_read663|        scalar|
|p_read664    |   in|   32|     ap_none|        p_read664|        scalar|
|p_read665    |   in|   32|     ap_none|        p_read665|        scalar|
|p_read666    |   in|   32|     ap_none|        p_read666|        scalar|
|p_read667    |   in|   32|     ap_none|        p_read667|        scalar|
|p_read668    |   in|   32|     ap_none|        p_read668|        scalar|
|p_read669    |   in|   32|     ap_none|        p_read669|        scalar|
|p_read670    |   in|   32|     ap_none|        p_read670|        scalar|
|p_read671    |   in|   32|     ap_none|        p_read671|        scalar|
|p_read672    |   in|   32|     ap_none|        p_read672|        scalar|
|p_read673    |   in|   32|     ap_none|        p_read673|        scalar|
|p_read674    |   in|   32|     ap_none|        p_read674|        scalar|
|p_read675    |   in|   32|     ap_none|        p_read675|        scalar|
|p_read676    |   in|   32|     ap_none|        p_read676|        scalar|
|p_read677    |   in|   32|     ap_none|        p_read677|        scalar|
|p_read678    |   in|   32|     ap_none|        p_read678|        scalar|
|p_read679    |   in|   32|     ap_none|        p_read679|        scalar|
|p_read680    |   in|   32|     ap_none|        p_read680|        scalar|
|p_read681    |   in|   32|     ap_none|        p_read681|        scalar|
|p_read682    |   in|   32|     ap_none|        p_read682|        scalar|
|p_read683    |   in|   32|     ap_none|        p_read683|        scalar|
|p_read684    |   in|   32|     ap_none|        p_read684|        scalar|
|p_read685    |   in|   32|     ap_none|        p_read685|        scalar|
|p_read686    |   in|   32|     ap_none|        p_read686|        scalar|
|p_read687    |   in|   32|     ap_none|        p_read687|        scalar|
|p_read688    |   in|   32|     ap_none|        p_read688|        scalar|
|p_read689    |   in|   32|     ap_none|        p_read689|        scalar|
|p_read690    |   in|   32|     ap_none|        p_read690|        scalar|
|p_read691    |   in|   32|     ap_none|        p_read691|        scalar|
|p_read692    |   in|   32|     ap_none|        p_read692|        scalar|
|p_read693    |   in|   32|     ap_none|        p_read693|        scalar|
|p_read694    |   in|   32|     ap_none|        p_read694|        scalar|
|p_read695    |   in|   32|     ap_none|        p_read695|        scalar|
|p_read696    |   in|   32|     ap_none|        p_read696|        scalar|
|p_read697    |   in|   32|     ap_none|        p_read697|        scalar|
|p_read698    |   in|   32|     ap_none|        p_read698|        scalar|
|p_read699    |   in|   32|     ap_none|        p_read699|        scalar|
|p_read700    |   in|   32|     ap_none|        p_read700|        scalar|
|p_read701    |   in|   32|     ap_none|        p_read701|        scalar|
|p_read702    |   in|   32|     ap_none|        p_read702|        scalar|
|p_read703    |   in|   32|     ap_none|        p_read703|        scalar|
|p_read704    |   in|   32|     ap_none|        p_read704|        scalar|
|p_read705    |   in|   32|     ap_none|        p_read705|        scalar|
|p_read706    |   in|   32|     ap_none|        p_read706|        scalar|
|p_read707    |   in|   32|     ap_none|        p_read707|        scalar|
|p_read708    |   in|   32|     ap_none|        p_read708|        scalar|
|p_read709    |   in|   32|     ap_none|        p_read709|        scalar|
|p_read710    |   in|   32|     ap_none|        p_read710|        scalar|
|p_read711    |   in|   32|     ap_none|        p_read711|        scalar|
|p_read712    |   in|   32|     ap_none|        p_read712|        scalar|
|p_read713    |   in|   32|     ap_none|        p_read713|        scalar|
|p_read714    |   in|   32|     ap_none|        p_read714|        scalar|
|p_read715    |   in|   32|     ap_none|        p_read715|        scalar|
|p_read716    |   in|   32|     ap_none|        p_read716|        scalar|
|p_read717    |   in|   32|     ap_none|        p_read717|        scalar|
|p_read718    |   in|   32|     ap_none|        p_read718|        scalar|
|p_read719    |   in|   32|     ap_none|        p_read719|        scalar|
|p_read720    |   in|   32|     ap_none|        p_read720|        scalar|
|p_read721    |   in|   32|     ap_none|        p_read721|        scalar|
|p_read722    |   in|   32|     ap_none|        p_read722|        scalar|
|p_read723    |   in|   32|     ap_none|        p_read723|        scalar|
|p_read724    |   in|   32|     ap_none|        p_read724|        scalar|
|p_read725    |   in|   32|     ap_none|        p_read725|        scalar|
|p_read726    |   in|   32|     ap_none|        p_read726|        scalar|
|p_read727    |   in|   32|     ap_none|        p_read727|        scalar|
|p_read728    |   in|   32|     ap_none|        p_read728|        scalar|
|p_read729    |   in|   32|     ap_none|        p_read729|        scalar|
|p_read730    |   in|   32|     ap_none|        p_read730|        scalar|
|p_read731    |   in|   32|     ap_none|        p_read731|        scalar|
|p_read732    |   in|   32|     ap_none|        p_read732|        scalar|
|p_read733    |   in|   32|     ap_none|        p_read733|        scalar|
|p_read734    |   in|   32|     ap_none|        p_read734|        scalar|
|p_read735    |   in|   32|     ap_none|        p_read735|        scalar|
|p_read736    |   in|   32|     ap_none|        p_read736|        scalar|
|p_read737    |   in|   32|     ap_none|        p_read737|        scalar|
|p_read738    |   in|   32|     ap_none|        p_read738|        scalar|
|p_read739    |   in|   32|     ap_none|        p_read739|        scalar|
|p_read740    |   in|   32|     ap_none|        p_read740|        scalar|
|p_read741    |   in|   32|     ap_none|        p_read741|        scalar|
|p_read742    |   in|   32|     ap_none|        p_read742|        scalar|
|p_read743    |   in|   32|     ap_none|        p_read743|        scalar|
|p_read744    |   in|   32|     ap_none|        p_read744|        scalar|
|p_read745    |   in|   32|     ap_none|        p_read745|        scalar|
|p_read746    |   in|   32|     ap_none|        p_read746|        scalar|
|p_read747    |   in|   32|     ap_none|        p_read747|        scalar|
|p_read748    |   in|   32|     ap_none|        p_read748|        scalar|
|p_read749    |   in|   32|     ap_none|        p_read749|        scalar|
|p_read750    |   in|   32|     ap_none|        p_read750|        scalar|
|p_read751    |   in|   32|     ap_none|        p_read751|        scalar|
|p_read752    |   in|   32|     ap_none|        p_read752|        scalar|
|p_read753    |   in|   32|     ap_none|        p_read753|        scalar|
|p_read754    |   in|   32|     ap_none|        p_read754|        scalar|
|p_read755    |   in|   32|     ap_none|        p_read755|        scalar|
|p_read756    |   in|   32|     ap_none|        p_read756|        scalar|
|p_read757    |   in|   32|     ap_none|        p_read757|        scalar|
|p_read758    |   in|   32|     ap_none|        p_read758|        scalar|
|p_read759    |   in|   32|     ap_none|        p_read759|        scalar|
|p_read760    |   in|   32|     ap_none|        p_read760|        scalar|
|p_read761    |   in|   32|     ap_none|        p_read761|        scalar|
|p_read762    |   in|   32|     ap_none|        p_read762|        scalar|
|p_read763    |   in|   32|     ap_none|        p_read763|        scalar|
|p_read764    |   in|   32|     ap_none|        p_read764|        scalar|
|p_read765    |   in|   32|     ap_none|        p_read765|        scalar|
|p_read766    |   in|   32|     ap_none|        p_read766|        scalar|
|p_read767    |   in|   32|     ap_none|        p_read767|        scalar|
|p_read768    |   in|   32|     ap_none|        p_read768|        scalar|
|p_read769    |   in|   32|     ap_none|        p_read769|        scalar|
|p_read770    |   in|   32|     ap_none|        p_read770|        scalar|
|p_read771    |   in|   32|     ap_none|        p_read771|        scalar|
|p_read772    |   in|   32|     ap_none|        p_read772|        scalar|
|p_read773    |   in|   32|     ap_none|        p_read773|        scalar|
|p_read774    |   in|   32|     ap_none|        p_read774|        scalar|
|p_read775    |   in|   32|     ap_none|        p_read775|        scalar|
|p_read776    |   in|   32|     ap_none|        p_read776|        scalar|
|p_read777    |   in|   32|     ap_none|        p_read777|        scalar|
|p_read778    |   in|   32|     ap_none|        p_read778|        scalar|
|p_read779    |   in|   32|     ap_none|        p_read779|        scalar|
|p_read780    |   in|   32|     ap_none|        p_read780|        scalar|
|p_read781    |   in|   32|     ap_none|        p_read781|        scalar|
|p_read782    |   in|   32|     ap_none|        p_read782|        scalar|
|p_read783    |   in|   32|     ap_none|        p_read783|        scalar|
|p_read784    |   in|   32|     ap_none|        p_read784|        scalar|
|p_read785    |   in|   32|     ap_none|        p_read785|        scalar|
|p_read786    |   in|   32|     ap_none|        p_read786|        scalar|
|p_read787    |   in|   32|     ap_none|        p_read787|        scalar|
|p_read788    |   in|   32|     ap_none|        p_read788|        scalar|
|p_read789    |   in|   32|     ap_none|        p_read789|        scalar|
|p_read790    |   in|   32|     ap_none|        p_read790|        scalar|
|p_read791    |   in|   32|     ap_none|        p_read791|        scalar|
|p_read792    |   in|   32|     ap_none|        p_read792|        scalar|
|p_read793    |   in|   32|     ap_none|        p_read793|        scalar|
|p_read794    |   in|   32|     ap_none|        p_read794|        scalar|
|p_read795    |   in|   32|     ap_none|        p_read795|        scalar|
|p_read796    |   in|   32|     ap_none|        p_read796|        scalar|
|p_read797    |   in|   32|     ap_none|        p_read797|        scalar|
|p_read798    |   in|   32|     ap_none|        p_read798|        scalar|
|p_read799    |   in|   32|     ap_none|        p_read799|        scalar|
|p_read800    |   in|   32|     ap_none|        p_read800|        scalar|
|p_read801    |   in|   32|     ap_none|        p_read801|        scalar|
|p_read802    |   in|   32|     ap_none|        p_read802|        scalar|
|p_read803    |   in|   32|     ap_none|        p_read803|        scalar|
|p_read804    |   in|   32|     ap_none|        p_read804|        scalar|
|p_read805    |   in|   32|     ap_none|        p_read805|        scalar|
|p_read806    |   in|   32|     ap_none|        p_read806|        scalar|
|p_read807    |   in|   32|     ap_none|        p_read807|        scalar|
|p_read808    |   in|   32|     ap_none|        p_read808|        scalar|
|p_read809    |   in|   32|     ap_none|        p_read809|        scalar|
|p_read810    |   in|   32|     ap_none|        p_read810|        scalar|
|p_read811    |   in|   32|     ap_none|        p_read811|        scalar|
|p_read812    |   in|   32|     ap_none|        p_read812|        scalar|
|p_read813    |   in|   32|     ap_none|        p_read813|        scalar|
|p_read814    |   in|   32|     ap_none|        p_read814|        scalar|
|p_read815    |   in|   32|     ap_none|        p_read815|        scalar|
|p_read816    |   in|   32|     ap_none|        p_read816|        scalar|
|p_read817    |   in|   32|     ap_none|        p_read817|        scalar|
|p_read818    |   in|   32|     ap_none|        p_read818|        scalar|
|p_read819    |   in|   32|     ap_none|        p_read819|        scalar|
|p_read820    |   in|   32|     ap_none|        p_read820|        scalar|
|p_read821    |   in|   32|     ap_none|        p_read821|        scalar|
|p_read822    |   in|   32|     ap_none|        p_read822|        scalar|
|p_read823    |   in|   32|     ap_none|        p_read823|        scalar|
|p_read824    |   in|   32|     ap_none|        p_read824|        scalar|
|p_read825    |   in|   32|     ap_none|        p_read825|        scalar|
|p_read826    |   in|   32|     ap_none|        p_read826|        scalar|
|p_read827    |   in|   32|     ap_none|        p_read827|        scalar|
|p_read828    |   in|   32|     ap_none|        p_read828|        scalar|
|p_read829    |   in|   32|     ap_none|        p_read829|        scalar|
|p_read830    |   in|   32|     ap_none|        p_read830|        scalar|
|p_read831    |   in|   32|     ap_none|        p_read831|        scalar|
|p_read832    |   in|   32|     ap_none|        p_read832|        scalar|
|p_read833    |   in|   32|     ap_none|        p_read833|        scalar|
|p_read834    |   in|   32|     ap_none|        p_read834|        scalar|
|p_read835    |   in|   32|     ap_none|        p_read835|        scalar|
|p_read836    |   in|   32|     ap_none|        p_read836|        scalar|
|p_read837    |   in|   32|     ap_none|        p_read837|        scalar|
|p_read838    |   in|   32|     ap_none|        p_read838|        scalar|
|p_read839    |   in|   32|     ap_none|        p_read839|        scalar|
|p_read840    |   in|   32|     ap_none|        p_read840|        scalar|
|p_read841    |   in|   32|     ap_none|        p_read841|        scalar|
|p_read842    |   in|   32|     ap_none|        p_read842|        scalar|
|p_read843    |   in|   32|     ap_none|        p_read843|        scalar|
|p_read844    |   in|   32|     ap_none|        p_read844|        scalar|
|p_read845    |   in|   32|     ap_none|        p_read845|        scalar|
|p_read846    |   in|   32|     ap_none|        p_read846|        scalar|
|p_read847    |   in|   32|     ap_none|        p_read847|        scalar|
|p_read848    |   in|   32|     ap_none|        p_read848|        scalar|
|p_read849    |   in|   32|     ap_none|        p_read849|        scalar|
|p_read850    |   in|   32|     ap_none|        p_read850|        scalar|
|p_read851    |   in|   32|     ap_none|        p_read851|        scalar|
|p_read852    |   in|   32|     ap_none|        p_read852|        scalar|
|p_read853    |   in|   32|     ap_none|        p_read853|        scalar|
|p_read854    |   in|   32|     ap_none|        p_read854|        scalar|
|p_read855    |   in|   32|     ap_none|        p_read855|        scalar|
|p_read856    |   in|   32|     ap_none|        p_read856|        scalar|
|p_read857    |   in|   32|     ap_none|        p_read857|        scalar|
|p_read858    |   in|   32|     ap_none|        p_read858|        scalar|
|p_read859    |   in|   32|     ap_none|        p_read859|        scalar|
|p_read860    |   in|   32|     ap_none|        p_read860|        scalar|
|p_read861    |   in|   32|     ap_none|        p_read861|        scalar|
|p_read862    |   in|   32|     ap_none|        p_read862|        scalar|
|p_read863    |   in|   32|     ap_none|        p_read863|        scalar|
|p_read864    |   in|   32|     ap_none|        p_read864|        scalar|
|p_read865    |   in|   32|     ap_none|        p_read865|        scalar|
|p_read866    |   in|   32|     ap_none|        p_read866|        scalar|
|p_read867    |   in|   32|     ap_none|        p_read867|        scalar|
|p_read868    |   in|   32|     ap_none|        p_read868|        scalar|
|p_read869    |   in|   32|     ap_none|        p_read869|        scalar|
|p_read870    |   in|   32|     ap_none|        p_read870|        scalar|
|p_read871    |   in|   32|     ap_none|        p_read871|        scalar|
|p_read872    |   in|   32|     ap_none|        p_read872|        scalar|
|p_read873    |   in|   32|     ap_none|        p_read873|        scalar|
|p_read874    |   in|   32|     ap_none|        p_read874|        scalar|
|p_read875    |   in|   32|     ap_none|        p_read875|        scalar|
|p_read876    |   in|   32|     ap_none|        p_read876|        scalar|
|p_read877    |   in|   32|     ap_none|        p_read877|        scalar|
|p_read878    |   in|   32|     ap_none|        p_read878|        scalar|
|p_read879    |   in|   32|     ap_none|        p_read879|        scalar|
|p_read880    |   in|   32|     ap_none|        p_read880|        scalar|
|p_read881    |   in|   32|     ap_none|        p_read881|        scalar|
|p_read882    |   in|   32|     ap_none|        p_read882|        scalar|
|p_read883    |   in|   32|     ap_none|        p_read883|        scalar|
|p_read884    |   in|   32|     ap_none|        p_read884|        scalar|
|p_read885    |   in|   32|     ap_none|        p_read885|        scalar|
|p_read886    |   in|   32|     ap_none|        p_read886|        scalar|
|p_read887    |   in|   32|     ap_none|        p_read887|        scalar|
|p_read888    |   in|   32|     ap_none|        p_read888|        scalar|
|p_read889    |   in|   32|     ap_none|        p_read889|        scalar|
|p_read890    |   in|   32|     ap_none|        p_read890|        scalar|
|p_read891    |   in|   32|     ap_none|        p_read891|        scalar|
|p_read892    |   in|   32|     ap_none|        p_read892|        scalar|
|p_read893    |   in|   32|     ap_none|        p_read893|        scalar|
|p_read894    |   in|   32|     ap_none|        p_read894|        scalar|
|p_read895    |   in|   32|     ap_none|        p_read895|        scalar|
|p_read896    |   in|   32|     ap_none|        p_read896|        scalar|
|p_read897    |   in|   32|     ap_none|        p_read897|        scalar|
|p_read898    |   in|   32|     ap_none|        p_read898|        scalar|
|p_read899    |   in|   32|     ap_none|        p_read899|        scalar|
|p_read900    |   in|   32|     ap_none|        p_read900|        scalar|
|p_read901    |   in|   32|     ap_none|        p_read901|        scalar|
|p_read902    |   in|   32|     ap_none|        p_read902|        scalar|
|p_read903    |   in|   32|     ap_none|        p_read903|        scalar|
|p_read904    |   in|   32|     ap_none|        p_read904|        scalar|
|p_read905    |   in|   32|     ap_none|        p_read905|        scalar|
|p_read906    |   in|   32|     ap_none|        p_read906|        scalar|
|p_read907    |   in|   32|     ap_none|        p_read907|        scalar|
|p_read908    |   in|   32|     ap_none|        p_read908|        scalar|
|p_read909    |   in|   32|     ap_none|        p_read909|        scalar|
|p_read910    |   in|   32|     ap_none|        p_read910|        scalar|
|p_read911    |   in|   32|     ap_none|        p_read911|        scalar|
|p_read912    |   in|   32|     ap_none|        p_read912|        scalar|
|p_read913    |   in|   32|     ap_none|        p_read913|        scalar|
|p_read914    |   in|   32|     ap_none|        p_read914|        scalar|
|p_read915    |   in|   32|     ap_none|        p_read915|        scalar|
|p_read916    |   in|   32|     ap_none|        p_read916|        scalar|
|p_read917    |   in|   32|     ap_none|        p_read917|        scalar|
|p_read918    |   in|   32|     ap_none|        p_read918|        scalar|
|p_read919    |   in|   32|     ap_none|        p_read919|        scalar|
|p_read920    |   in|   32|     ap_none|        p_read920|        scalar|
|p_read921    |   in|   32|     ap_none|        p_read921|        scalar|
|p_read922    |   in|   32|     ap_none|        p_read922|        scalar|
|p_read923    |   in|   32|     ap_none|        p_read923|        scalar|
|p_read924    |   in|   32|     ap_none|        p_read924|        scalar|
|p_read925    |   in|   32|     ap_none|        p_read925|        scalar|
|p_read926    |   in|   32|     ap_none|        p_read926|        scalar|
|p_read927    |   in|   32|     ap_none|        p_read927|        scalar|
|p_read928    |   in|   32|     ap_none|        p_read928|        scalar|
|p_read929    |   in|   32|     ap_none|        p_read929|        scalar|
|p_read930    |   in|   32|     ap_none|        p_read930|        scalar|
|p_read931    |   in|   32|     ap_none|        p_read931|        scalar|
|p_read932    |   in|   32|     ap_none|        p_read932|        scalar|
|p_read933    |   in|   32|     ap_none|        p_read933|        scalar|
|p_read934    |   in|   32|     ap_none|        p_read934|        scalar|
|p_read935    |   in|   32|     ap_none|        p_read935|        scalar|
|p_read936    |   in|   32|     ap_none|        p_read936|        scalar|
|p_read937    |   in|   32|     ap_none|        p_read937|        scalar|
|p_read938    |   in|   32|     ap_none|        p_read938|        scalar|
|p_read939    |   in|   32|     ap_none|        p_read939|        scalar|
|p_read940    |   in|   32|     ap_none|        p_read940|        scalar|
|p_read941    |   in|   32|     ap_none|        p_read941|        scalar|
|p_read942    |   in|   32|     ap_none|        p_read942|        scalar|
|p_read943    |   in|   32|     ap_none|        p_read943|        scalar|
|p_read944    |   in|   32|     ap_none|        p_read944|        scalar|
|p_read945    |   in|   32|     ap_none|        p_read945|        scalar|
|p_read946    |   in|   32|     ap_none|        p_read946|        scalar|
|p_read947    |   in|   32|     ap_none|        p_read947|        scalar|
|p_read948    |   in|   32|     ap_none|        p_read948|        scalar|
|p_read949    |   in|   32|     ap_none|        p_read949|        scalar|
|p_read950    |   in|   32|     ap_none|        p_read950|        scalar|
|p_read951    |   in|   32|     ap_none|        p_read951|        scalar|
|p_read952    |   in|   32|     ap_none|        p_read952|        scalar|
|p_read953    |   in|   32|     ap_none|        p_read953|        scalar|
|p_read954    |   in|   32|     ap_none|        p_read954|        scalar|
|p_read955    |   in|   32|     ap_none|        p_read955|        scalar|
|p_read956    |   in|   32|     ap_none|        p_read956|        scalar|
|p_read957    |   in|   32|     ap_none|        p_read957|        scalar|
|p_read958    |   in|   32|     ap_none|        p_read958|        scalar|
|p_read959    |   in|   32|     ap_none|        p_read959|        scalar|
|p_read960    |   in|   32|     ap_none|        p_read960|        scalar|
|p_read961    |   in|   32|     ap_none|        p_read961|        scalar|
|p_read962    |   in|   32|     ap_none|        p_read962|        scalar|
|p_read963    |   in|   32|     ap_none|        p_read963|        scalar|
|p_read964    |   in|   32|     ap_none|        p_read964|        scalar|
|p_read965    |   in|   32|     ap_none|        p_read965|        scalar|
|p_read966    |   in|   32|     ap_none|        p_read966|        scalar|
|p_read967    |   in|   32|     ap_none|        p_read967|        scalar|
|p_read968    |   in|   32|     ap_none|        p_read968|        scalar|
|p_read969    |   in|   32|     ap_none|        p_read969|        scalar|
|p_read970    |   in|   32|     ap_none|        p_read970|        scalar|
|p_read971    |   in|   32|     ap_none|        p_read971|        scalar|
|p_read972    |   in|   32|     ap_none|        p_read972|        scalar|
|p_read973    |   in|   32|     ap_none|        p_read973|        scalar|
|p_read974    |   in|   32|     ap_none|        p_read974|        scalar|
|p_read975    |   in|   32|     ap_none|        p_read975|        scalar|
|p_read976    |   in|   32|     ap_none|        p_read976|        scalar|
|p_read977    |   in|   32|     ap_none|        p_read977|        scalar|
|p_read978    |   in|   32|     ap_none|        p_read978|        scalar|
|p_read979    |   in|   32|     ap_none|        p_read979|        scalar|
|p_read980    |   in|   32|     ap_none|        p_read980|        scalar|
|p_read981    |   in|   32|     ap_none|        p_read981|        scalar|
|p_read982    |   in|   32|     ap_none|        p_read982|        scalar|
|p_read983    |   in|   32|     ap_none|        p_read983|        scalar|
|p_read984    |   in|   32|     ap_none|        p_read984|        scalar|
|p_read985    |   in|   32|     ap_none|        p_read985|        scalar|
|p_read986    |   in|   32|     ap_none|        p_read986|        scalar|
|p_read987    |   in|   32|     ap_none|        p_read987|        scalar|
|p_read988    |   in|   32|     ap_none|        p_read988|        scalar|
|p_read989    |   in|   32|     ap_none|        p_read989|        scalar|
|p_read990    |   in|   32|     ap_none|        p_read990|        scalar|
|p_read991    |   in|   32|     ap_none|        p_read991|        scalar|
|p_read992    |   in|   32|     ap_none|        p_read992|        scalar|
|p_read993    |   in|   32|     ap_none|        p_read993|        scalar|
|p_read994    |   in|   32|     ap_none|        p_read994|        scalar|
|p_read995    |   in|   32|     ap_none|        p_read995|        scalar|
|p_read996    |   in|   32|     ap_none|        p_read996|        scalar|
|p_read997    |   in|   32|     ap_none|        p_read997|        scalar|
|p_read998    |   in|   32|     ap_none|        p_read998|        scalar|
|p_read999    |   in|   32|     ap_none|        p_read999|        scalar|
|p_read1000   |   in|   32|     ap_none|       p_read1000|        scalar|
|p_read1001   |   in|   32|     ap_none|       p_read1001|        scalar|
|p_read1002   |   in|   32|     ap_none|       p_read1002|        scalar|
|p_read1003   |   in|   32|     ap_none|       p_read1003|        scalar|
|p_read1004   |   in|   32|     ap_none|       p_read1004|        scalar|
|p_read1005   |   in|   32|     ap_none|       p_read1005|        scalar|
|p_read1006   |   in|   32|     ap_none|       p_read1006|        scalar|
|p_read1007   |   in|   32|     ap_none|       p_read1007|        scalar|
|p_read1008   |   in|   32|     ap_none|       p_read1008|        scalar|
|p_read1009   |   in|   32|     ap_none|       p_read1009|        scalar|
|p_read1010   |   in|   32|     ap_none|       p_read1010|        scalar|
|p_read1011   |   in|   32|     ap_none|       p_read1011|        scalar|
|p_read1012   |   in|   32|     ap_none|       p_read1012|        scalar|
|p_read1013   |   in|   32|     ap_none|       p_read1013|        scalar|
|p_read1014   |   in|   32|     ap_none|       p_read1014|        scalar|
|p_read1015   |   in|   32|     ap_none|       p_read1015|        scalar|
|p_read1016   |   in|   32|     ap_none|       p_read1016|        scalar|
|p_read1017   |   in|   32|     ap_none|       p_read1017|        scalar|
|p_read1018   |   in|   32|     ap_none|       p_read1018|        scalar|
|p_read1019   |   in|   32|     ap_none|       p_read1019|        scalar|
|p_read1020   |   in|   32|     ap_none|       p_read1020|        scalar|
|p_read1021   |   in|   32|     ap_none|       p_read1021|        scalar|
|p_read1022   |   in|   32|     ap_none|       p_read1022|        scalar|
|p_read1023   |   in|   32|     ap_none|       p_read1023|        scalar|
|p_read1024   |   in|   32|     ap_none|       p_read1024|        scalar|
|p_read1025   |   in|   32|     ap_none|       p_read1025|        scalar|
|p_read1026   |   in|   32|     ap_none|       p_read1026|        scalar|
|p_read1027   |   in|   32|     ap_none|       p_read1027|        scalar|
|p_read1028   |   in|   32|     ap_none|       p_read1028|        scalar|
|p_read1029   |   in|   32|     ap_none|       p_read1029|        scalar|
|p_read1030   |   in|   32|     ap_none|       p_read1030|        scalar|
|p_read1031   |   in|   32|     ap_none|       p_read1031|        scalar|
|p_read1032   |   in|   32|     ap_none|       p_read1032|        scalar|
|p_read1033   |   in|   32|     ap_none|       p_read1033|        scalar|
|p_read1034   |   in|   32|     ap_none|       p_read1034|        scalar|
|p_read1035   |   in|   32|     ap_none|       p_read1035|        scalar|
|p_read1036   |   in|   32|     ap_none|       p_read1036|        scalar|
|p_read1037   |   in|   32|     ap_none|       p_read1037|        scalar|
|p_read1038   |   in|   32|     ap_none|       p_read1038|        scalar|
|p_read1039   |   in|   32|     ap_none|       p_read1039|        scalar|
|p_read1040   |   in|   32|     ap_none|       p_read1040|        scalar|
|p_read1041   |   in|   32|     ap_none|       p_read1041|        scalar|
|p_read1042   |   in|   32|     ap_none|       p_read1042|        scalar|
|p_read1043   |   in|   32|     ap_none|       p_read1043|        scalar|
|p_read1044   |   in|   32|     ap_none|       p_read1044|        scalar|
|p_read1045   |   in|   32|     ap_none|       p_read1045|        scalar|
|p_read1046   |   in|   32|     ap_none|       p_read1046|        scalar|
|p_read1047   |   in|   32|     ap_none|       p_read1047|        scalar|
|p_read1048   |   in|   32|     ap_none|       p_read1048|        scalar|
|p_read1049   |   in|   32|     ap_none|       p_read1049|        scalar|
|p_read1050   |   in|   32|     ap_none|       p_read1050|        scalar|
|p_read1051   |   in|   32|     ap_none|       p_read1051|        scalar|
|p_read1052   |   in|   32|     ap_none|       p_read1052|        scalar|
|p_read1053   |   in|   32|     ap_none|       p_read1053|        scalar|
|p_read1054   |   in|   32|     ap_none|       p_read1054|        scalar|
|p_read1055   |   in|   32|     ap_none|       p_read1055|        scalar|
|p_read1056   |   in|   32|     ap_none|       p_read1056|        scalar|
|p_read1057   |   in|   32|     ap_none|       p_read1057|        scalar|
|p_read1058   |   in|   32|     ap_none|       p_read1058|        scalar|
|p_read1059   |   in|   32|     ap_none|       p_read1059|        scalar|
|p_read1060   |   in|   32|     ap_none|       p_read1060|        scalar|
|p_read1061   |   in|   32|     ap_none|       p_read1061|        scalar|
|p_read1062   |   in|   32|     ap_none|       p_read1062|        scalar|
|p_read1063   |   in|   32|     ap_none|       p_read1063|        scalar|
|p_read1064   |   in|   32|     ap_none|       p_read1064|        scalar|
|p_read1065   |   in|   32|     ap_none|       p_read1065|        scalar|
|p_read1066   |   in|   32|     ap_none|       p_read1066|        scalar|
|p_read1067   |   in|   32|     ap_none|       p_read1067|        scalar|
|p_read1068   |   in|   32|     ap_none|       p_read1068|        scalar|
|p_read1069   |   in|   32|     ap_none|       p_read1069|        scalar|
|p_read1070   |   in|   32|     ap_none|       p_read1070|        scalar|
|p_read1071   |   in|   32|     ap_none|       p_read1071|        scalar|
|p_read1072   |   in|   32|     ap_none|       p_read1072|        scalar|
|p_read1073   |   in|   32|     ap_none|       p_read1073|        scalar|
|p_read1074   |   in|   32|     ap_none|       p_read1074|        scalar|
|p_read1075   |   in|   32|     ap_none|       p_read1075|        scalar|
|p_read1076   |   in|   32|     ap_none|       p_read1076|        scalar|
|p_read1077   |   in|   32|     ap_none|       p_read1077|        scalar|
|p_read1078   |   in|   32|     ap_none|       p_read1078|        scalar|
|p_read1079   |   in|   32|     ap_none|       p_read1079|        scalar|
|p_read1080   |   in|   32|     ap_none|       p_read1080|        scalar|
|p_read1081   |   in|   32|     ap_none|       p_read1081|        scalar|
|p_read1082   |   in|   32|     ap_none|       p_read1082|        scalar|
|p_read1083   |   in|   32|     ap_none|       p_read1083|        scalar|
|p_read1084   |   in|   32|     ap_none|       p_read1084|        scalar|
|p_read1085   |   in|   32|     ap_none|       p_read1085|        scalar|
|p_read1086   |   in|   32|     ap_none|       p_read1086|        scalar|
|p_read1087   |   in|   32|     ap_none|       p_read1087|        scalar|
|p_read1088   |   in|   32|     ap_none|       p_read1088|        scalar|
|p_read1089   |   in|   32|     ap_none|       p_read1089|        scalar|
|p_read1090   |   in|   32|     ap_none|       p_read1090|        scalar|
|p_read1091   |   in|   32|     ap_none|       p_read1091|        scalar|
|p_read1092   |   in|   32|     ap_none|       p_read1092|        scalar|
|p_read1093   |   in|   32|     ap_none|       p_read1093|        scalar|
|p_read1094   |   in|   32|     ap_none|       p_read1094|        scalar|
|p_read1095   |   in|   32|     ap_none|       p_read1095|        scalar|
|p_read1096   |   in|   32|     ap_none|       p_read1096|        scalar|
|p_read1097   |   in|   32|     ap_none|       p_read1097|        scalar|
|p_read1098   |   in|   32|     ap_none|       p_read1098|        scalar|
|p_read1099   |   in|   32|     ap_none|       p_read1099|        scalar|
|p_read1100   |   in|   32|     ap_none|       p_read1100|        scalar|
|p_read1101   |   in|   32|     ap_none|       p_read1101|        scalar|
|p_read1102   |   in|   32|     ap_none|       p_read1102|        scalar|
|p_read1103   |   in|   32|     ap_none|       p_read1103|        scalar|
|p_read1104   |   in|   32|     ap_none|       p_read1104|        scalar|
|p_read1105   |   in|   32|     ap_none|       p_read1105|        scalar|
|p_read1106   |   in|   32|     ap_none|       p_read1106|        scalar|
|p_read1107   |   in|   32|     ap_none|       p_read1107|        scalar|
|p_read1108   |   in|   32|     ap_none|       p_read1108|        scalar|
|p_read1109   |   in|   32|     ap_none|       p_read1109|        scalar|
|p_read1110   |   in|   32|     ap_none|       p_read1110|        scalar|
|p_read1111   |   in|   32|     ap_none|       p_read1111|        scalar|
|p_read1112   |   in|   32|     ap_none|       p_read1112|        scalar|
|p_read1113   |   in|   32|     ap_none|       p_read1113|        scalar|
|p_read1114   |   in|   32|     ap_none|       p_read1114|        scalar|
|p_read1115   |   in|   32|     ap_none|       p_read1115|        scalar|
|p_read1116   |   in|   32|     ap_none|       p_read1116|        scalar|
|p_read1117   |   in|   32|     ap_none|       p_read1117|        scalar|
|p_read1118   |   in|   32|     ap_none|       p_read1118|        scalar|
|p_read1119   |   in|   32|     ap_none|       p_read1119|        scalar|
|p_read1120   |   in|   32|     ap_none|       p_read1120|        scalar|
|p_read1121   |   in|   32|     ap_none|       p_read1121|        scalar|
|p_read1122   |   in|   32|     ap_none|       p_read1122|        scalar|
|p_read1123   |   in|   32|     ap_none|       p_read1123|        scalar|
|p_read1124   |   in|   32|     ap_none|       p_read1124|        scalar|
|p_read1125   |   in|   32|     ap_none|       p_read1125|        scalar|
|p_read1126   |   in|   32|     ap_none|       p_read1126|        scalar|
|p_read1127   |   in|   32|     ap_none|       p_read1127|        scalar|
|p_read1128   |   in|   32|     ap_none|       p_read1128|        scalar|
|p_read1129   |   in|   32|     ap_none|       p_read1129|        scalar|
|p_read1130   |   in|   32|     ap_none|       p_read1130|        scalar|
|p_read1131   |   in|   32|     ap_none|       p_read1131|        scalar|
|p_read1132   |   in|   32|     ap_none|       p_read1132|        scalar|
|p_read1133   |   in|   32|     ap_none|       p_read1133|        scalar|
|p_read1134   |   in|   32|     ap_none|       p_read1134|        scalar|
|p_read1135   |   in|   32|     ap_none|       p_read1135|        scalar|
|p_read1136   |   in|   32|     ap_none|       p_read1136|        scalar|
|p_read1137   |   in|   32|     ap_none|       p_read1137|        scalar|
|p_read1138   |   in|   32|     ap_none|       p_read1138|        scalar|
|p_read1139   |   in|   32|     ap_none|       p_read1139|        scalar|
|p_read1140   |   in|   32|     ap_none|       p_read1140|        scalar|
|p_read1141   |   in|   32|     ap_none|       p_read1141|        scalar|
|p_read1142   |   in|   32|     ap_none|       p_read1142|        scalar|
|p_read1143   |   in|   32|     ap_none|       p_read1143|        scalar|
|p_read1144   |   in|   32|     ap_none|       p_read1144|        scalar|
|p_read1145   |   in|   32|     ap_none|       p_read1145|        scalar|
|p_read1146   |   in|   32|     ap_none|       p_read1146|        scalar|
|p_read1147   |   in|   32|     ap_none|       p_read1147|        scalar|
|p_read1148   |   in|   32|     ap_none|       p_read1148|        scalar|
|p_read1149   |   in|   32|     ap_none|       p_read1149|        scalar|
|p_read1150   |   in|   32|     ap_none|       p_read1150|        scalar|
|p_read1151   |   in|   32|     ap_none|       p_read1151|        scalar|
|p_read1152   |   in|   32|     ap_none|       p_read1152|        scalar|
|p_read1153   |   in|   32|     ap_none|       p_read1153|        scalar|
|p_read1154   |   in|   32|     ap_none|       p_read1154|        scalar|
|p_read1155   |   in|   32|     ap_none|       p_read1155|        scalar|
|p_read1156   |   in|   32|     ap_none|       p_read1156|        scalar|
|p_read1157   |   in|   32|     ap_none|       p_read1157|        scalar|
|p_read1158   |   in|   32|     ap_none|       p_read1158|        scalar|
|p_read1159   |   in|   32|     ap_none|       p_read1159|        scalar|
|p_read1160   |   in|   32|     ap_none|       p_read1160|        scalar|
|p_read1161   |   in|   32|     ap_none|       p_read1161|        scalar|
|p_read1162   |   in|   32|     ap_none|       p_read1162|        scalar|
|p_read1163   |   in|   32|     ap_none|       p_read1163|        scalar|
|p_read1164   |   in|   32|     ap_none|       p_read1164|        scalar|
|p_read1165   |   in|   32|     ap_none|       p_read1165|        scalar|
|p_read1166   |   in|   32|     ap_none|       p_read1166|        scalar|
|p_read1167   |   in|   32|     ap_none|       p_read1167|        scalar|
|p_read1168   |   in|   32|     ap_none|       p_read1168|        scalar|
|p_read1169   |   in|   32|     ap_none|       p_read1169|        scalar|
|p_read1170   |   in|   32|     ap_none|       p_read1170|        scalar|
|p_read1171   |   in|   32|     ap_none|       p_read1171|        scalar|
|p_read1172   |   in|   32|     ap_none|       p_read1172|        scalar|
|p_read1173   |   in|   32|     ap_none|       p_read1173|        scalar|
|p_read1174   |   in|   32|     ap_none|       p_read1174|        scalar|
|p_read1175   |   in|   32|     ap_none|       p_read1175|        scalar|
|p_read1176   |   in|   32|     ap_none|       p_read1176|        scalar|
|p_read1177   |   in|   32|     ap_none|       p_read1177|        scalar|
|p_read1178   |   in|   32|     ap_none|       p_read1178|        scalar|
|p_read1179   |   in|   32|     ap_none|       p_read1179|        scalar|
|p_read1180   |   in|   32|     ap_none|       p_read1180|        scalar|
|p_read1181   |   in|   32|     ap_none|       p_read1181|        scalar|
|p_read1182   |   in|   32|     ap_none|       p_read1182|        scalar|
|p_read1183   |   in|   32|     ap_none|       p_read1183|        scalar|
|p_read1184   |   in|   32|     ap_none|       p_read1184|        scalar|
|p_read1185   |   in|   32|     ap_none|       p_read1185|        scalar|
|p_read1186   |   in|   32|     ap_none|       p_read1186|        scalar|
|p_read1187   |   in|   32|     ap_none|       p_read1187|        scalar|
|p_read1188   |   in|   32|     ap_none|       p_read1188|        scalar|
|p_read1189   |   in|   32|     ap_none|       p_read1189|        scalar|
|p_read1190   |   in|   32|     ap_none|       p_read1190|        scalar|
|p_read1191   |   in|   32|     ap_none|       p_read1191|        scalar|
|p_read1192   |   in|   32|     ap_none|       p_read1192|        scalar|
|p_read1193   |   in|   32|     ap_none|       p_read1193|        scalar|
|p_read1194   |   in|   32|     ap_none|       p_read1194|        scalar|
|p_read1195   |   in|   32|     ap_none|       p_read1195|        scalar|
|p_read1196   |   in|   32|     ap_none|       p_read1196|        scalar|
|p_read1197   |   in|   32|     ap_none|       p_read1197|        scalar|
|p_read1198   |   in|   32|     ap_none|       p_read1198|        scalar|
|p_read1199   |   in|   32|     ap_none|       p_read1199|        scalar|
|p_read1200   |   in|   32|     ap_none|       p_read1200|        scalar|
|p_read1201   |   in|   32|     ap_none|       p_read1201|        scalar|
|p_read1202   |   in|   32|     ap_none|       p_read1202|        scalar|
|p_read1203   |   in|   32|     ap_none|       p_read1203|        scalar|
|p_read1204   |   in|   32|     ap_none|       p_read1204|        scalar|
|p_read1205   |   in|   32|     ap_none|       p_read1205|        scalar|
|p_read1206   |   in|   32|     ap_none|       p_read1206|        scalar|
|p_read1207   |   in|   32|     ap_none|       p_read1207|        scalar|
|p_read1208   |   in|   32|     ap_none|       p_read1208|        scalar|
|p_read1209   |   in|   32|     ap_none|       p_read1209|        scalar|
|p_read1210   |   in|   32|     ap_none|       p_read1210|        scalar|
|p_read1211   |   in|   32|     ap_none|       p_read1211|        scalar|
|p_read1212   |   in|   32|     ap_none|       p_read1212|        scalar|
|p_read1213   |   in|   32|     ap_none|       p_read1213|        scalar|
|p_read1214   |   in|   32|     ap_none|       p_read1214|        scalar|
|p_read1215   |   in|   32|     ap_none|       p_read1215|        scalar|
|p_read1216   |   in|   32|     ap_none|       p_read1216|        scalar|
|p_read1217   |   in|   32|     ap_none|       p_read1217|        scalar|
|p_read1218   |   in|   32|     ap_none|       p_read1218|        scalar|
|p_read1219   |   in|   32|     ap_none|       p_read1219|        scalar|
|p_read1220   |   in|   32|     ap_none|       p_read1220|        scalar|
|p_read1221   |   in|   32|     ap_none|       p_read1221|        scalar|
|p_read1222   |   in|   32|     ap_none|       p_read1222|        scalar|
|p_read1223   |   in|   32|     ap_none|       p_read1223|        scalar|
|p_read1224   |   in|   32|     ap_none|       p_read1224|        scalar|
|p_read1225   |   in|   32|     ap_none|       p_read1225|        scalar|
|p_read1226   |   in|   32|     ap_none|       p_read1226|        scalar|
|p_read1227   |   in|   32|     ap_none|       p_read1227|        scalar|
|p_read1228   |   in|   32|     ap_none|       p_read1228|        scalar|
|p_read1229   |   in|   32|     ap_none|       p_read1229|        scalar|
|p_read1230   |   in|   32|     ap_none|       p_read1230|        scalar|
|p_read1231   |   in|   32|     ap_none|       p_read1231|        scalar|
|p_read1232   |   in|   32|     ap_none|       p_read1232|        scalar|
|p_read1233   |   in|   32|     ap_none|       p_read1233|        scalar|
|p_read1234   |   in|   32|     ap_none|       p_read1234|        scalar|
|p_read1235   |   in|   32|     ap_none|       p_read1235|        scalar|
|p_read1236   |   in|   32|     ap_none|       p_read1236|        scalar|
|p_read1237   |   in|   32|     ap_none|       p_read1237|        scalar|
|p_read1238   |   in|   32|     ap_none|       p_read1238|        scalar|
|p_read1239   |   in|   32|     ap_none|       p_read1239|        scalar|
|p_read1240   |   in|   32|     ap_none|       p_read1240|        scalar|
|p_read1241   |   in|   32|     ap_none|       p_read1241|        scalar|
|p_read1242   |   in|   32|     ap_none|       p_read1242|        scalar|
|p_read1243   |   in|   32|     ap_none|       p_read1243|        scalar|
|p_read1244   |   in|   32|     ap_none|       p_read1244|        scalar|
|p_read1245   |   in|   32|     ap_none|       p_read1245|        scalar|
|p_read1246   |   in|   32|     ap_none|       p_read1246|        scalar|
|p_read1247   |   in|   32|     ap_none|       p_read1247|        scalar|
|p_read1248   |   in|   32|     ap_none|       p_read1248|        scalar|
|p_read1249   |   in|   32|     ap_none|       p_read1249|        scalar|
|p_read1250   |   in|   32|     ap_none|       p_read1250|        scalar|
|p_read1251   |   in|   32|     ap_none|       p_read1251|        scalar|
|p_read1252   |   in|   32|     ap_none|       p_read1252|        scalar|
|p_read1253   |   in|   32|     ap_none|       p_read1253|        scalar|
|p_read1254   |   in|   32|     ap_none|       p_read1254|        scalar|
|p_read1255   |   in|   32|     ap_none|       p_read1255|        scalar|
|p_read1256   |   in|   32|     ap_none|       p_read1256|        scalar|
|p_read1257   |   in|   32|     ap_none|       p_read1257|        scalar|
|p_read1258   |   in|   32|     ap_none|       p_read1258|        scalar|
|p_read1259   |   in|   32|     ap_none|       p_read1259|        scalar|
|p_read1260   |   in|   32|     ap_none|       p_read1260|        scalar|
|p_read1261   |   in|   32|     ap_none|       p_read1261|        scalar|
|p_read1262   |   in|   32|     ap_none|       p_read1262|        scalar|
|p_read1263   |   in|   32|     ap_none|       p_read1263|        scalar|
|p_read1264   |   in|   32|     ap_none|       p_read1264|        scalar|
|p_read1265   |   in|   32|     ap_none|       p_read1265|        scalar|
|p_read1266   |   in|   32|     ap_none|       p_read1266|        scalar|
|p_read1267   |   in|   32|     ap_none|       p_read1267|        scalar|
|p_read1268   |   in|   32|     ap_none|       p_read1268|        scalar|
|p_read1269   |   in|   32|     ap_none|       p_read1269|        scalar|
|p_read1270   |   in|   32|     ap_none|       p_read1270|        scalar|
|p_read1271   |   in|   32|     ap_none|       p_read1271|        scalar|
|p_read1272   |   in|   32|     ap_none|       p_read1272|        scalar|
|p_read1273   |   in|   32|     ap_none|       p_read1273|        scalar|
|p_read1274   |   in|   32|     ap_none|       p_read1274|        scalar|
|p_read1275   |   in|   32|     ap_none|       p_read1275|        scalar|
|p_read1276   |   in|   32|     ap_none|       p_read1276|        scalar|
|p_read1277   |   in|   32|     ap_none|       p_read1277|        scalar|
|p_read1278   |   in|   32|     ap_none|       p_read1278|        scalar|
|p_read1279   |   in|   32|     ap_none|       p_read1279|        scalar|
|p_read1280   |   in|   32|     ap_none|       p_read1280|        scalar|
|p_read1281   |   in|   32|     ap_none|       p_read1281|        scalar|
|p_read1282   |   in|   32|     ap_none|       p_read1282|        scalar|
|p_read1283   |   in|   32|     ap_none|       p_read1283|        scalar|
|p_read1284   |   in|   32|     ap_none|       p_read1284|        scalar|
|p_read1285   |   in|   32|     ap_none|       p_read1285|        scalar|
|p_read1286   |   in|   32|     ap_none|       p_read1286|        scalar|
|p_read1287   |   in|   32|     ap_none|       p_read1287|        scalar|
|p_read1288   |   in|   32|     ap_none|       p_read1288|        scalar|
|p_read1289   |   in|   32|     ap_none|       p_read1289|        scalar|
|p_read1290   |   in|   32|     ap_none|       p_read1290|        scalar|
|p_read1291   |   in|   32|     ap_none|       p_read1291|        scalar|
|p_read1292   |   in|   32|     ap_none|       p_read1292|        scalar|
|p_read1293   |   in|   32|     ap_none|       p_read1293|        scalar|
|p_read1294   |   in|   32|     ap_none|       p_read1294|        scalar|
|p_read1295   |   in|   32|     ap_none|       p_read1295|        scalar|
|p_read1296   |   in|   32|     ap_none|       p_read1296|        scalar|
|p_read1297   |   in|   32|     ap_none|       p_read1297|        scalar|
|p_read1298   |   in|   32|     ap_none|       p_read1298|        scalar|
|p_read1299   |   in|   32|     ap_none|       p_read1299|        scalar|
|p_read1300   |   in|   32|     ap_none|       p_read1300|        scalar|
|p_read1301   |   in|   32|     ap_none|       p_read1301|        scalar|
|p_read1302   |   in|   32|     ap_none|       p_read1302|        scalar|
|p_read1303   |   in|   32|     ap_none|       p_read1303|        scalar|
|p_read1304   |   in|   32|     ap_none|       p_read1304|        scalar|
|p_read1305   |   in|   32|     ap_none|       p_read1305|        scalar|
|p_read1306   |   in|   32|     ap_none|       p_read1306|        scalar|
|p_read1307   |   in|   32|     ap_none|       p_read1307|        scalar|
|p_read1308   |   in|   32|     ap_none|       p_read1308|        scalar|
|p_read1309   |   in|   32|     ap_none|       p_read1309|        scalar|
|p_read1310   |   in|   32|     ap_none|       p_read1310|        scalar|
|p_read1311   |   in|   32|     ap_none|       p_read1311|        scalar|
|p_read1312   |   in|   32|     ap_none|       p_read1312|        scalar|
|p_read1313   |   in|   32|     ap_none|       p_read1313|        scalar|
|p_read1314   |   in|   32|     ap_none|       p_read1314|        scalar|
|p_read1315   |   in|   32|     ap_none|       p_read1315|        scalar|
|p_read1316   |   in|   32|     ap_none|       p_read1316|        scalar|
|p_read1317   |   in|   32|     ap_none|       p_read1317|        scalar|
|p_read1318   |   in|   32|     ap_none|       p_read1318|        scalar|
|p_read1319   |   in|   32|     ap_none|       p_read1319|        scalar|
|p_read1320   |   in|   32|     ap_none|       p_read1320|        scalar|
|p_read1321   |   in|   32|     ap_none|       p_read1321|        scalar|
|p_read1322   |   in|   32|     ap_none|       p_read1322|        scalar|
|p_read1323   |   in|   32|     ap_none|       p_read1323|        scalar|
|p_read1324   |   in|   32|     ap_none|       p_read1324|        scalar|
|p_read1325   |   in|   32|     ap_none|       p_read1325|        scalar|
|p_read1326   |   in|   32|     ap_none|       p_read1326|        scalar|
|p_read1327   |   in|   32|     ap_none|       p_read1327|        scalar|
|p_read1328   |   in|   32|     ap_none|       p_read1328|        scalar|
|p_read1329   |   in|   32|     ap_none|       p_read1329|        scalar|
|p_read1330   |   in|   32|     ap_none|       p_read1330|        scalar|
|p_read1331   |   in|   32|     ap_none|       p_read1331|        scalar|
|p_read1332   |   in|   32|     ap_none|       p_read1332|        scalar|
|p_read1333   |   in|   32|     ap_none|       p_read1333|        scalar|
|p_read1334   |   in|   32|     ap_none|       p_read1334|        scalar|
|p_read1335   |   in|   32|     ap_none|       p_read1335|        scalar|
|p_read1336   |   in|   32|     ap_none|       p_read1336|        scalar|
|p_read1337   |   in|   32|     ap_none|       p_read1337|        scalar|
|p_read1338   |   in|   32|     ap_none|       p_read1338|        scalar|
|p_read1339   |   in|   32|     ap_none|       p_read1339|        scalar|
|p_read1340   |   in|   32|     ap_none|       p_read1340|        scalar|
|p_read1341   |   in|   32|     ap_none|       p_read1341|        scalar|
|p_read1342   |   in|   32|     ap_none|       p_read1342|        scalar|
|p_read1343   |   in|   32|     ap_none|       p_read1343|        scalar|
|p_read1344   |   in|   32|     ap_none|       p_read1344|        scalar|
|p_read1345   |   in|   32|     ap_none|       p_read1345|        scalar|
|p_read1346   |   in|   32|     ap_none|       p_read1346|        scalar|
|p_read1347   |   in|   32|     ap_none|       p_read1347|        scalar|
|p_read1348   |   in|   32|     ap_none|       p_read1348|        scalar|
|p_read1349   |   in|   32|     ap_none|       p_read1349|        scalar|
|p_read1350   |   in|   32|     ap_none|       p_read1350|        scalar|
|p_read1351   |   in|   32|     ap_none|       p_read1351|        scalar|
|p_read1352   |   in|   32|     ap_none|       p_read1352|        scalar|
|p_read1353   |   in|   32|     ap_none|       p_read1353|        scalar|
|p_read1354   |   in|   32|     ap_none|       p_read1354|        scalar|
|p_read1355   |   in|   32|     ap_none|       p_read1355|        scalar|
|p_read1356   |   in|   32|     ap_none|       p_read1356|        scalar|
|p_read1357   |   in|   32|     ap_none|       p_read1357|        scalar|
|p_read1358   |   in|   32|     ap_none|       p_read1358|        scalar|
|p_read1359   |   in|   32|     ap_none|       p_read1359|        scalar|
|p_read1360   |   in|   32|     ap_none|       p_read1360|        scalar|
|p_read1361   |   in|   32|     ap_none|       p_read1361|        scalar|
|p_read1362   |   in|   32|     ap_none|       p_read1362|        scalar|
|p_read1363   |   in|   32|     ap_none|       p_read1363|        scalar|
|p_read1364   |   in|   32|     ap_none|       p_read1364|        scalar|
|p_read1365   |   in|   32|     ap_none|       p_read1365|        scalar|
|p_read1366   |   in|   32|     ap_none|       p_read1366|        scalar|
|p_read1367   |   in|   32|     ap_none|       p_read1367|        scalar|
|p_read1368   |   in|   32|     ap_none|       p_read1368|        scalar|
|p_read1369   |   in|   32|     ap_none|       p_read1369|        scalar|
|p_read1370   |   in|   32|     ap_none|       p_read1370|        scalar|
|p_read1371   |   in|   32|     ap_none|       p_read1371|        scalar|
|p_read1372   |   in|   32|     ap_none|       p_read1372|        scalar|
|p_read1373   |   in|   32|     ap_none|       p_read1373|        scalar|
|p_read1374   |   in|   32|     ap_none|       p_read1374|        scalar|
|p_read1375   |   in|   32|     ap_none|       p_read1375|        scalar|
|p_read1376   |   in|   32|     ap_none|       p_read1376|        scalar|
|p_read1377   |   in|   32|     ap_none|       p_read1377|        scalar|
|p_read1378   |   in|   32|     ap_none|       p_read1378|        scalar|
|p_read1379   |   in|   32|     ap_none|       p_read1379|        scalar|
|p_read1380   |   in|   32|     ap_none|       p_read1380|        scalar|
|p_read1381   |   in|   32|     ap_none|       p_read1381|        scalar|
|p_read1382   |   in|   32|     ap_none|       p_read1382|        scalar|
|p_read1383   |   in|   32|     ap_none|       p_read1383|        scalar|
|p_read1384   |   in|   32|     ap_none|       p_read1384|        scalar|
|p_read1385   |   in|   32|     ap_none|       p_read1385|        scalar|
|p_read1386   |   in|   32|     ap_none|       p_read1386|        scalar|
|p_read1387   |   in|   32|     ap_none|       p_read1387|        scalar|
|p_read1388   |   in|   32|     ap_none|       p_read1388|        scalar|
|p_read1389   |   in|   32|     ap_none|       p_read1389|        scalar|
|p_read1390   |   in|   32|     ap_none|       p_read1390|        scalar|
|p_read1391   |   in|   32|     ap_none|       p_read1391|        scalar|
|p_read1392   |   in|   32|     ap_none|       p_read1392|        scalar|
|p_read1393   |   in|   32|     ap_none|       p_read1393|        scalar|
|p_read1394   |   in|   32|     ap_none|       p_read1394|        scalar|
|p_read1395   |   in|   32|     ap_none|       p_read1395|        scalar|
|p_read1396   |   in|   32|     ap_none|       p_read1396|        scalar|
|p_read1397   |   in|   32|     ap_none|       p_read1397|        scalar|
|p_read1398   |   in|   32|     ap_none|       p_read1398|        scalar|
|p_read1399   |   in|   32|     ap_none|       p_read1399|        scalar|
|p_read1400   |   in|   32|     ap_none|       p_read1400|        scalar|
|p_read1401   |   in|   32|     ap_none|       p_read1401|        scalar|
|p_read1402   |   in|   32|     ap_none|       p_read1402|        scalar|
|p_read1403   |   in|   32|     ap_none|       p_read1403|        scalar|
|p_read1404   |   in|   32|     ap_none|       p_read1404|        scalar|
|p_read1405   |   in|   32|     ap_none|       p_read1405|        scalar|
|p_read1406   |   in|   32|     ap_none|       p_read1406|        scalar|
|p_read1407   |   in|   32|     ap_none|       p_read1407|        scalar|
|p_read1408   |   in|   32|     ap_none|       p_read1408|        scalar|
|p_read1409   |   in|   32|     ap_none|       p_read1409|        scalar|
|p_read1410   |   in|   32|     ap_none|       p_read1410|        scalar|
|p_read1411   |   in|   32|     ap_none|       p_read1411|        scalar|
|p_read1412   |   in|   32|     ap_none|       p_read1412|        scalar|
|p_read1413   |   in|   32|     ap_none|       p_read1413|        scalar|
|p_read1414   |   in|   32|     ap_none|       p_read1414|        scalar|
|p_read1415   |   in|   32|     ap_none|       p_read1415|        scalar|
|p_read1416   |   in|   32|     ap_none|       p_read1416|        scalar|
|p_read1417   |   in|   32|     ap_none|       p_read1417|        scalar|
|p_read1418   |   in|   32|     ap_none|       p_read1418|        scalar|
|p_read1419   |   in|   32|     ap_none|       p_read1419|        scalar|
|p_read1420   |   in|   32|     ap_none|       p_read1420|        scalar|
|p_read1421   |   in|   32|     ap_none|       p_read1421|        scalar|
|p_read1422   |   in|   32|     ap_none|       p_read1422|        scalar|
|p_read1423   |   in|   32|     ap_none|       p_read1423|        scalar|
|p_read1424   |   in|   32|     ap_none|       p_read1424|        scalar|
|p_read1425   |   in|   32|     ap_none|       p_read1425|        scalar|
|p_read1426   |   in|   32|     ap_none|       p_read1426|        scalar|
|p_read1427   |   in|   32|     ap_none|       p_read1427|        scalar|
|p_read1428   |   in|   32|     ap_none|       p_read1428|        scalar|
|p_read1429   |   in|   32|     ap_none|       p_read1429|        scalar|
|p_read1430   |   in|   32|     ap_none|       p_read1430|        scalar|
|p_read1431   |   in|   32|     ap_none|       p_read1431|        scalar|
|p_read1432   |   in|   32|     ap_none|       p_read1432|        scalar|
|p_read1433   |   in|   32|     ap_none|       p_read1433|        scalar|
|p_read1434   |   in|   32|     ap_none|       p_read1434|        scalar|
|p_read1435   |   in|   32|     ap_none|       p_read1435|        scalar|
|p_read1436   |   in|   32|     ap_none|       p_read1436|        scalar|
|p_read1437   |   in|   32|     ap_none|       p_read1437|        scalar|
|p_read1438   |   in|   32|     ap_none|       p_read1438|        scalar|
|p_read1439   |   in|   32|     ap_none|       p_read1439|        scalar|
|p_read1440   |   in|   32|     ap_none|       p_read1440|        scalar|
|p_read1441   |   in|   32|     ap_none|       p_read1441|        scalar|
|p_read1442   |   in|   32|     ap_none|       p_read1442|        scalar|
|p_read1443   |   in|   32|     ap_none|       p_read1443|        scalar|
|p_read1444   |   in|   32|     ap_none|       p_read1444|        scalar|
|p_read1445   |   in|   32|     ap_none|       p_read1445|        scalar|
|p_read1446   |   in|   32|     ap_none|       p_read1446|        scalar|
|p_read1447   |   in|   32|     ap_none|       p_read1447|        scalar|
|p_read1448   |   in|   32|     ap_none|       p_read1448|        scalar|
|p_read1449   |   in|   32|     ap_none|       p_read1449|        scalar|
|p_read1450   |   in|   32|     ap_none|       p_read1450|        scalar|
|p_read1451   |   in|   32|     ap_none|       p_read1451|        scalar|
|p_read1452   |   in|   32|     ap_none|       p_read1452|        scalar|
|p_read1453   |   in|   32|     ap_none|       p_read1453|        scalar|
|p_read1454   |   in|   32|     ap_none|       p_read1454|        scalar|
|p_read1455   |   in|   32|     ap_none|       p_read1455|        scalar|
|p_read1456   |   in|   32|     ap_none|       p_read1456|        scalar|
|p_read1457   |   in|   32|     ap_none|       p_read1457|        scalar|
|p_read1458   |   in|   32|     ap_none|       p_read1458|        scalar|
|p_read1459   |   in|   32|     ap_none|       p_read1459|        scalar|
|p_read1460   |   in|   32|     ap_none|       p_read1460|        scalar|
|p_read1461   |   in|   32|     ap_none|       p_read1461|        scalar|
|p_read1462   |   in|   32|     ap_none|       p_read1462|        scalar|
|p_read1463   |   in|   32|     ap_none|       p_read1463|        scalar|
|p_read1464   |   in|   32|     ap_none|       p_read1464|        scalar|
|p_read1465   |   in|   32|     ap_none|       p_read1465|        scalar|
|p_read1466   |   in|   32|     ap_none|       p_read1466|        scalar|
|p_read1467   |   in|   32|     ap_none|       p_read1467|        scalar|
|p_read1468   |   in|   32|     ap_none|       p_read1468|        scalar|
|p_read1469   |   in|   32|     ap_none|       p_read1469|        scalar|
|p_read1470   |   in|   32|     ap_none|       p_read1470|        scalar|
|p_read1471   |   in|   32|     ap_none|       p_read1471|        scalar|
|p_read1472   |   in|   32|     ap_none|       p_read1472|        scalar|
|p_read1473   |   in|   32|     ap_none|       p_read1473|        scalar|
|p_read1474   |   in|   32|     ap_none|       p_read1474|        scalar|
|p_read1475   |   in|   32|     ap_none|       p_read1475|        scalar|
|p_read1476   |   in|   32|     ap_none|       p_read1476|        scalar|
|p_read1477   |   in|   32|     ap_none|       p_read1477|        scalar|
|p_read1478   |   in|   32|     ap_none|       p_read1478|        scalar|
|p_read1479   |   in|   32|     ap_none|       p_read1479|        scalar|
|p_read1480   |   in|   32|     ap_none|       p_read1480|        scalar|
|p_read1481   |   in|   32|     ap_none|       p_read1481|        scalar|
|p_read1482   |   in|   32|     ap_none|       p_read1482|        scalar|
|p_read1483   |   in|   32|     ap_none|       p_read1483|        scalar|
|p_read1484   |   in|   32|     ap_none|       p_read1484|        scalar|
|p_read1485   |   in|   32|     ap_none|       p_read1485|        scalar|
|p_read1486   |   in|   32|     ap_none|       p_read1486|        scalar|
|p_read1487   |   in|   32|     ap_none|       p_read1487|        scalar|
|p_read1488   |   in|   32|     ap_none|       p_read1488|        scalar|
|p_read1489   |   in|   32|     ap_none|       p_read1489|        scalar|
|p_read1490   |   in|   32|     ap_none|       p_read1490|        scalar|
|p_read1491   |   in|   32|     ap_none|       p_read1491|        scalar|
|p_read1492   |   in|   32|     ap_none|       p_read1492|        scalar|
|p_read1493   |   in|   32|     ap_none|       p_read1493|        scalar|
|p_read1494   |   in|   32|     ap_none|       p_read1494|        scalar|
|p_read1495   |   in|   32|     ap_none|       p_read1495|        scalar|
|p_read1496   |   in|   32|     ap_none|       p_read1496|        scalar|
|p_read1497   |   in|   32|     ap_none|       p_read1497|        scalar|
|p_read1498   |   in|   32|     ap_none|       p_read1498|        scalar|
|p_read1499   |   in|   32|     ap_none|       p_read1499|        scalar|
|p_read1500   |   in|   32|     ap_none|       p_read1500|        scalar|
|p_read1501   |   in|   32|     ap_none|       p_read1501|        scalar|
|p_read1502   |   in|   32|     ap_none|       p_read1502|        scalar|
|p_read1503   |   in|   32|     ap_none|       p_read1503|        scalar|
|p_read1504   |   in|   32|     ap_none|       p_read1504|        scalar|
|p_read1505   |   in|   32|     ap_none|       p_read1505|        scalar|
|p_read1506   |   in|   32|     ap_none|       p_read1506|        scalar|
|p_read1507   |   in|   32|     ap_none|       p_read1507|        scalar|
|p_read1508   |   in|   32|     ap_none|       p_read1508|        scalar|
|p_read1509   |   in|   32|     ap_none|       p_read1509|        scalar|
|p_read1510   |   in|   32|     ap_none|       p_read1510|        scalar|
|p_read1511   |   in|   32|     ap_none|       p_read1511|        scalar|
|p_read1512   |   in|   32|     ap_none|       p_read1512|        scalar|
|p_read1513   |   in|   32|     ap_none|       p_read1513|        scalar|
|p_read1514   |   in|   32|     ap_none|       p_read1514|        scalar|
|p_read1515   |   in|   32|     ap_none|       p_read1515|        scalar|
|p_read1516   |   in|   32|     ap_none|       p_read1516|        scalar|
|p_read1517   |   in|   32|     ap_none|       p_read1517|        scalar|
|p_read1518   |   in|   32|     ap_none|       p_read1518|        scalar|
|p_read1519   |   in|   32|     ap_none|       p_read1519|        scalar|
|p_read1520   |   in|   32|     ap_none|       p_read1520|        scalar|
|p_read1521   |   in|   32|     ap_none|       p_read1521|        scalar|
|p_read1522   |   in|   32|     ap_none|       p_read1522|        scalar|
|p_read1523   |   in|   32|     ap_none|       p_read1523|        scalar|
|p_read1524   |   in|   32|     ap_none|       p_read1524|        scalar|
|p_read1525   |   in|   32|     ap_none|       p_read1525|        scalar|
|p_read1526   |   in|   32|     ap_none|       p_read1526|        scalar|
|p_read1527   |   in|   32|     ap_none|       p_read1527|        scalar|
|p_read1528   |   in|   32|     ap_none|       p_read1528|        scalar|
|p_read1529   |   in|   32|     ap_none|       p_read1529|        scalar|
|p_read1530   |   in|   32|     ap_none|       p_read1530|        scalar|
|p_read1531   |   in|   32|     ap_none|       p_read1531|        scalar|
|p_read1532   |   in|   32|     ap_none|       p_read1532|        scalar|
|p_read1533   |   in|   32|     ap_none|       p_read1533|        scalar|
|p_read1534   |   in|   32|     ap_none|       p_read1534|        scalar|
|p_read1535   |   in|   32|     ap_none|       p_read1535|        scalar|
|p_read1536   |   in|   32|     ap_none|       p_read1536|        scalar|
|p_read1537   |   in|   32|     ap_none|       p_read1537|        scalar|
|p_read1538   |   in|   32|     ap_none|       p_read1538|        scalar|
|p_read1539   |   in|   32|     ap_none|       p_read1539|        scalar|
|p_read1540   |   in|   32|     ap_none|       p_read1540|        scalar|
|p_read1541   |   in|   32|     ap_none|       p_read1541|        scalar|
|p_read1542   |   in|   32|     ap_none|       p_read1542|        scalar|
|p_read1543   |   in|   32|     ap_none|       p_read1543|        scalar|
|p_read1544   |   in|   32|     ap_none|       p_read1544|        scalar|
|p_read1545   |   in|   32|     ap_none|       p_read1545|        scalar|
|p_read1546   |   in|   32|     ap_none|       p_read1546|        scalar|
|p_read1547   |   in|   32|     ap_none|       p_read1547|        scalar|
|p_read1548   |   in|   32|     ap_none|       p_read1548|        scalar|
|p_read1549   |   in|   32|     ap_none|       p_read1549|        scalar|
|p_read1550   |   in|   32|     ap_none|       p_read1550|        scalar|
|p_read1551   |   in|   32|     ap_none|       p_read1551|        scalar|
|p_read1552   |   in|   32|     ap_none|       p_read1552|        scalar|
|p_read1553   |   in|   32|     ap_none|       p_read1553|        scalar|
|p_read1554   |   in|   32|     ap_none|       p_read1554|        scalar|
|p_read1555   |   in|   32|     ap_none|       p_read1555|        scalar|
|p_read1556   |   in|   32|     ap_none|       p_read1556|        scalar|
|p_read1557   |   in|   32|     ap_none|       p_read1557|        scalar|
|p_read1558   |   in|   32|     ap_none|       p_read1558|        scalar|
|p_read1559   |   in|   32|     ap_none|       p_read1559|        scalar|
|p_read1560   |   in|   32|     ap_none|       p_read1560|        scalar|
|p_read1561   |   in|   32|     ap_none|       p_read1561|        scalar|
|p_read1562   |   in|   32|     ap_none|       p_read1562|        scalar|
|p_read1563   |   in|   32|     ap_none|       p_read1563|        scalar|
|p_read1564   |   in|   32|     ap_none|       p_read1564|        scalar|
|p_read1565   |   in|   32|     ap_none|       p_read1565|        scalar|
|p_read1566   |   in|   32|     ap_none|       p_read1566|        scalar|
|p_read1567   |   in|   32|     ap_none|       p_read1567|        scalar|
|p_read1568   |   in|   32|     ap_none|       p_read1568|        scalar|
|p_read1569   |   in|   32|     ap_none|       p_read1569|        scalar|
|p_read1570   |   in|   32|     ap_none|       p_read1570|        scalar|
|p_read1571   |   in|   32|     ap_none|       p_read1571|        scalar|
|p_read1572   |   in|   32|     ap_none|       p_read1572|        scalar|
|p_read1573   |   in|   32|     ap_none|       p_read1573|        scalar|
|p_read1574   |   in|   32|     ap_none|       p_read1574|        scalar|
|p_read1575   |   in|   32|     ap_none|       p_read1575|        scalar|
|p_read1576   |   in|   32|     ap_none|       p_read1576|        scalar|
|p_read1577   |   in|   32|     ap_none|       p_read1577|        scalar|
|p_read1578   |   in|   32|     ap_none|       p_read1578|        scalar|
|p_read1579   |   in|   32|     ap_none|       p_read1579|        scalar|
|p_read1580   |   in|   32|     ap_none|       p_read1580|        scalar|
|p_read1581   |   in|   32|     ap_none|       p_read1581|        scalar|
|p_read1582   |   in|   32|     ap_none|       p_read1582|        scalar|
|p_read1583   |   in|   32|     ap_none|       p_read1583|        scalar|
|p_read1584   |   in|   32|     ap_none|       p_read1584|        scalar|
|p_read1585   |   in|   32|     ap_none|       p_read1585|        scalar|
|p_read1586   |   in|   32|     ap_none|       p_read1586|        scalar|
|p_read1587   |   in|   32|     ap_none|       p_read1587|        scalar|
|p_read1588   |   in|   32|     ap_none|       p_read1588|        scalar|
|p_read1589   |   in|   32|     ap_none|       p_read1589|        scalar|
|p_read1590   |   in|   32|     ap_none|       p_read1590|        scalar|
|p_read1591   |   in|   32|     ap_none|       p_read1591|        scalar|
|p_read1592   |   in|   32|     ap_none|       p_read1592|        scalar|
|p_read1593   |   in|   32|     ap_none|       p_read1593|        scalar|
|p_read1594   |   in|   32|     ap_none|       p_read1594|        scalar|
|p_read1595   |   in|   32|     ap_none|       p_read1595|        scalar|
|p_read1596   |   in|   32|     ap_none|       p_read1596|        scalar|
|p_read1597   |   in|   32|     ap_none|       p_read1597|        scalar|
|p_read1598   |   in|   32|     ap_none|       p_read1598|        scalar|
|p_read1599   |   in|   32|     ap_none|       p_read1599|        scalar|
|p_read1600   |   in|   32|     ap_none|       p_read1600|        scalar|
|p_read1601   |   in|   32|     ap_none|       p_read1601|        scalar|
|p_read1602   |   in|   32|     ap_none|       p_read1602|        scalar|
|p_read1603   |   in|   32|     ap_none|       p_read1603|        scalar|
|p_read1604   |   in|   32|     ap_none|       p_read1604|        scalar|
|p_read1605   |   in|   32|     ap_none|       p_read1605|        scalar|
|p_read1606   |   in|   32|     ap_none|       p_read1606|        scalar|
|p_read1607   |   in|   32|     ap_none|       p_read1607|        scalar|
|p_read1608   |   in|   32|     ap_none|       p_read1608|        scalar|
|p_read1609   |   in|   32|     ap_none|       p_read1609|        scalar|
|p_read1610   |   in|   32|     ap_none|       p_read1610|        scalar|
|p_read1611   |   in|   32|     ap_none|       p_read1611|        scalar|
|p_read1612   |   in|   32|     ap_none|       p_read1612|        scalar|
|p_read1613   |   in|   32|     ap_none|       p_read1613|        scalar|
|p_read1614   |   in|   32|     ap_none|       p_read1614|        scalar|
|p_read1615   |   in|   32|     ap_none|       p_read1615|        scalar|
|p_read1616   |   in|   32|     ap_none|       p_read1616|        scalar|
|p_read1617   |   in|   32|     ap_none|       p_read1617|        scalar|
|p_read1618   |   in|   32|     ap_none|       p_read1618|        scalar|
|p_read1619   |   in|   32|     ap_none|       p_read1619|        scalar|
|p_read1620   |   in|   32|     ap_none|       p_read1620|        scalar|
|p_read1621   |   in|   32|     ap_none|       p_read1621|        scalar|
|p_read1622   |   in|   32|     ap_none|       p_read1622|        scalar|
|p_read1623   |   in|   32|     ap_none|       p_read1623|        scalar|
|p_read1624   |   in|   32|     ap_none|       p_read1624|        scalar|
|p_read1625   |   in|   32|     ap_none|       p_read1625|        scalar|
|p_read1626   |   in|   32|     ap_none|       p_read1626|        scalar|
|p_read1627   |   in|   32|     ap_none|       p_read1627|        scalar|
|p_read1628   |   in|   32|     ap_none|       p_read1628|        scalar|
|p_read1629   |   in|   32|     ap_none|       p_read1629|        scalar|
|p_read1630   |   in|   32|     ap_none|       p_read1630|        scalar|
|p_read1631   |   in|   32|     ap_none|       p_read1631|        scalar|
|p_read1632   |   in|   32|     ap_none|       p_read1632|        scalar|
|p_read1633   |   in|   32|     ap_none|       p_read1633|        scalar|
|p_read1634   |   in|   32|     ap_none|       p_read1634|        scalar|
|p_read1635   |   in|   32|     ap_none|       p_read1635|        scalar|
|p_read1636   |   in|   32|     ap_none|       p_read1636|        scalar|
|p_read1637   |   in|   32|     ap_none|       p_read1637|        scalar|
|p_read1638   |   in|   32|     ap_none|       p_read1638|        scalar|
|p_read1639   |   in|   32|     ap_none|       p_read1639|        scalar|
|p_read1640   |   in|   32|     ap_none|       p_read1640|        scalar|
|p_read1641   |   in|   32|     ap_none|       p_read1641|        scalar|
|p_read1642   |   in|   32|     ap_none|       p_read1642|        scalar|
|p_read1643   |   in|   32|     ap_none|       p_read1643|        scalar|
|p_read1644   |   in|   32|     ap_none|       p_read1644|        scalar|
|p_read1645   |   in|   32|     ap_none|       p_read1645|        scalar|
|p_read1646   |   in|   32|     ap_none|       p_read1646|        scalar|
|p_read1647   |   in|   32|     ap_none|       p_read1647|        scalar|
|p_read1648   |   in|   32|     ap_none|       p_read1648|        scalar|
|p_read1649   |   in|   32|     ap_none|       p_read1649|        scalar|
|p_read1650   |   in|   32|     ap_none|       p_read1650|        scalar|
|p_read1651   |   in|   32|     ap_none|       p_read1651|        scalar|
|p_read1652   |   in|   32|     ap_none|       p_read1652|        scalar|
|p_read1653   |   in|   32|     ap_none|       p_read1653|        scalar|
|p_read1654   |   in|   32|     ap_none|       p_read1654|        scalar|
|p_read1655   |   in|   32|     ap_none|       p_read1655|        scalar|
|p_read1656   |   in|   32|     ap_none|       p_read1656|        scalar|
|p_read1657   |   in|   32|     ap_none|       p_read1657|        scalar|
|p_read1658   |   in|   32|     ap_none|       p_read1658|        scalar|
|p_read1659   |   in|   32|     ap_none|       p_read1659|        scalar|
|p_read1660   |   in|   32|     ap_none|       p_read1660|        scalar|
|p_read1661   |   in|   32|     ap_none|       p_read1661|        scalar|
|p_read1662   |   in|   32|     ap_none|       p_read1662|        scalar|
|p_read1663   |   in|   32|     ap_none|       p_read1663|        scalar|
|p_read1664   |   in|   32|     ap_none|       p_read1664|        scalar|
|p_read1665   |   in|   32|     ap_none|       p_read1665|        scalar|
|p_read1666   |   in|   32|     ap_none|       p_read1666|        scalar|
|p_read1667   |   in|   32|     ap_none|       p_read1667|        scalar|
|p_read1668   |   in|   32|     ap_none|       p_read1668|        scalar|
|p_read1669   |   in|   32|     ap_none|       p_read1669|        scalar|
|p_read1670   |   in|   32|     ap_none|       p_read1670|        scalar|
|p_read1671   |   in|   32|     ap_none|       p_read1671|        scalar|
|p_read1672   |   in|   32|     ap_none|       p_read1672|        scalar|
|p_read1673   |   in|   32|     ap_none|       p_read1673|        scalar|
|p_read1674   |   in|   32|     ap_none|       p_read1674|        scalar|
|p_read1675   |   in|   32|     ap_none|       p_read1675|        scalar|
|p_read1676   |   in|   32|     ap_none|       p_read1676|        scalar|
|p_read1677   |   in|   32|     ap_none|       p_read1677|        scalar|
|p_read1678   |   in|   32|     ap_none|       p_read1678|        scalar|
|p_read1679   |   in|   32|     ap_none|       p_read1679|        scalar|
|p_read1680   |   in|   32|     ap_none|       p_read1680|        scalar|
|p_read1681   |   in|   32|     ap_none|       p_read1681|        scalar|
|p_read1682   |   in|   32|     ap_none|       p_read1682|        scalar|
|p_read1683   |   in|   32|     ap_none|       p_read1683|        scalar|
|p_read1684   |   in|   32|     ap_none|       p_read1684|        scalar|
|p_read1685   |   in|   32|     ap_none|       p_read1685|        scalar|
|p_read1686   |   in|   32|     ap_none|       p_read1686|        scalar|
|p_read1687   |   in|   32|     ap_none|       p_read1687|        scalar|
|p_read1688   |   in|   32|     ap_none|       p_read1688|        scalar|
|p_read1689   |   in|   32|     ap_none|       p_read1689|        scalar|
|p_read1690   |   in|   32|     ap_none|       p_read1690|        scalar|
|p_read1691   |   in|   32|     ap_none|       p_read1691|        scalar|
|p_read1692   |   in|   32|     ap_none|       p_read1692|        scalar|
|p_read1693   |   in|   32|     ap_none|       p_read1693|        scalar|
|p_read1694   |   in|   32|     ap_none|       p_read1694|        scalar|
|p_read1695   |   in|   32|     ap_none|       p_read1695|        scalar|
|p_read1696   |   in|   32|     ap_none|       p_read1696|        scalar|
|p_read1697   |   in|   32|     ap_none|       p_read1697|        scalar|
|p_read1698   |   in|   32|     ap_none|       p_read1698|        scalar|
|p_read1699   |   in|   32|     ap_none|       p_read1699|        scalar|
|p_read1700   |   in|   32|     ap_none|       p_read1700|        scalar|
|p_read1701   |   in|   32|     ap_none|       p_read1701|        scalar|
|p_read1702   |   in|   32|     ap_none|       p_read1702|        scalar|
|p_read1703   |   in|   32|     ap_none|       p_read1703|        scalar|
|p_read1704   |   in|   32|     ap_none|       p_read1704|        scalar|
|p_read1705   |   in|   32|     ap_none|       p_read1705|        scalar|
|p_read1706   |   in|   32|     ap_none|       p_read1706|        scalar|
|p_read1707   |   in|   32|     ap_none|       p_read1707|        scalar|
|p_read1708   |   in|   32|     ap_none|       p_read1708|        scalar|
|p_read1709   |   in|   32|     ap_none|       p_read1709|        scalar|
|p_read1710   |   in|   32|     ap_none|       p_read1710|        scalar|
|p_read1711   |   in|   32|     ap_none|       p_read1711|        scalar|
|p_read1712   |   in|   32|     ap_none|       p_read1712|        scalar|
|p_read1713   |   in|   32|     ap_none|       p_read1713|        scalar|
|p_read1714   |   in|   32|     ap_none|       p_read1714|        scalar|
|p_read1715   |   in|   32|     ap_none|       p_read1715|        scalar|
|p_read1716   |   in|   32|     ap_none|       p_read1716|        scalar|
|p_read1717   |   in|   32|     ap_none|       p_read1717|        scalar|
|p_read1718   |   in|   32|     ap_none|       p_read1718|        scalar|
|p_read1719   |   in|   32|     ap_none|       p_read1719|        scalar|
|p_read1720   |   in|   32|     ap_none|       p_read1720|        scalar|
|p_read1721   |   in|   32|     ap_none|       p_read1721|        scalar|
|p_read1722   |   in|   32|     ap_none|       p_read1722|        scalar|
|p_read1723   |   in|   32|     ap_none|       p_read1723|        scalar|
|p_read1724   |   in|   32|     ap_none|       p_read1724|        scalar|
|p_read1725   |   in|   32|     ap_none|       p_read1725|        scalar|
|p_read1726   |   in|   32|     ap_none|       p_read1726|        scalar|
|p_read1727   |   in|   32|     ap_none|       p_read1727|        scalar|
|p_read1728   |   in|   32|     ap_none|       p_read1728|        scalar|
|p_read1729   |   in|   32|     ap_none|       p_read1729|        scalar|
|p_read1730   |   in|   32|     ap_none|       p_read1730|        scalar|
|p_read1731   |   in|   32|     ap_none|       p_read1731|        scalar|
|p_read1732   |   in|   32|     ap_none|       p_read1732|        scalar|
|p_read1733   |   in|   32|     ap_none|       p_read1733|        scalar|
|p_read1734   |   in|   32|     ap_none|       p_read1734|        scalar|
|p_read1735   |   in|   32|     ap_none|       p_read1735|        scalar|
|p_read1736   |   in|   32|     ap_none|       p_read1736|        scalar|
|p_read1737   |   in|   32|     ap_none|       p_read1737|        scalar|
|p_read1738   |   in|   32|     ap_none|       p_read1738|        scalar|
|p_read1739   |   in|   32|     ap_none|       p_read1739|        scalar|
|p_read1740   |   in|   32|     ap_none|       p_read1740|        scalar|
|p_read1741   |   in|   32|     ap_none|       p_read1741|        scalar|
|p_read1742   |   in|   32|     ap_none|       p_read1742|        scalar|
|p_read1743   |   in|   32|     ap_none|       p_read1743|        scalar|
|p_read1744   |   in|   32|     ap_none|       p_read1744|        scalar|
|p_read1745   |   in|   32|     ap_none|       p_read1745|        scalar|
|p_read1746   |   in|   32|     ap_none|       p_read1746|        scalar|
|p_read1747   |   in|   32|     ap_none|       p_read1747|        scalar|
|p_read1748   |   in|   32|     ap_none|       p_read1748|        scalar|
|p_read1749   |   in|   32|     ap_none|       p_read1749|        scalar|
|p_read1750   |   in|   32|     ap_none|       p_read1750|        scalar|
|p_read1751   |   in|   32|     ap_none|       p_read1751|        scalar|
|p_read1752   |   in|   32|     ap_none|       p_read1752|        scalar|
|p_read1753   |   in|   32|     ap_none|       p_read1753|        scalar|
|p_read1754   |   in|   32|     ap_none|       p_read1754|        scalar|
|p_read1755   |   in|   32|     ap_none|       p_read1755|        scalar|
|p_read1756   |   in|   32|     ap_none|       p_read1756|        scalar|
|p_read1757   |   in|   32|     ap_none|       p_read1757|        scalar|
|p_read1758   |   in|   32|     ap_none|       p_read1758|        scalar|
|p_read1759   |   in|   32|     ap_none|       p_read1759|        scalar|
|p_read1760   |   in|   32|     ap_none|       p_read1760|        scalar|
|p_read1761   |   in|   32|     ap_none|       p_read1761|        scalar|
|p_read1762   |   in|   32|     ap_none|       p_read1762|        scalar|
|p_read1763   |   in|   32|     ap_none|       p_read1763|        scalar|
|p_read1764   |   in|   32|     ap_none|       p_read1764|        scalar|
|p_read1765   |   in|   32|     ap_none|       p_read1765|        scalar|
|p_read1766   |   in|   32|     ap_none|       p_read1766|        scalar|
|p_read1767   |   in|   32|     ap_none|       p_read1767|        scalar|
|p_read1768   |   in|   32|     ap_none|       p_read1768|        scalar|
|p_read1769   |   in|   32|     ap_none|       p_read1769|        scalar|
|p_read1770   |   in|   32|     ap_none|       p_read1770|        scalar|
|p_read1771   |   in|   32|     ap_none|       p_read1771|        scalar|
|p_read1772   |   in|   32|     ap_none|       p_read1772|        scalar|
|p_read1773   |   in|   32|     ap_none|       p_read1773|        scalar|
|p_read1774   |   in|   32|     ap_none|       p_read1774|        scalar|
|p_read1775   |   in|   32|     ap_none|       p_read1775|        scalar|
|p_read1776   |   in|   32|     ap_none|       p_read1776|        scalar|
|p_read1777   |   in|   32|     ap_none|       p_read1777|        scalar|
|p_read1778   |   in|   32|     ap_none|       p_read1778|        scalar|
|p_read1779   |   in|   32|     ap_none|       p_read1779|        scalar|
|p_read1780   |   in|   32|     ap_none|       p_read1780|        scalar|
|p_read1781   |   in|   32|     ap_none|       p_read1781|        scalar|
|p_read1782   |   in|   32|     ap_none|       p_read1782|        scalar|
|p_read1783   |   in|   32|     ap_none|       p_read1783|        scalar|
|p_read1784   |   in|   32|     ap_none|       p_read1784|        scalar|
|p_read1785   |   in|   32|     ap_none|       p_read1785|        scalar|
|p_read1786   |   in|   32|     ap_none|       p_read1786|        scalar|
|p_read1787   |   in|   32|     ap_none|       p_read1787|        scalar|
|p_read1788   |   in|   32|     ap_none|       p_read1788|        scalar|
|p_read1789   |   in|   32|     ap_none|       p_read1789|        scalar|
|p_read1790   |   in|   32|     ap_none|       p_read1790|        scalar|
|p_read1791   |   in|   32|     ap_none|       p_read1791|        scalar|
|p_read1792   |   in|   32|     ap_none|       p_read1792|        scalar|
|p_read1793   |   in|   32|     ap_none|       p_read1793|        scalar|
|p_read1794   |   in|   32|     ap_none|       p_read1794|        scalar|
|p_read1795   |   in|   32|     ap_none|       p_read1795|        scalar|
|p_read1796   |   in|   32|     ap_none|       p_read1796|        scalar|
|p_read1797   |   in|   32|     ap_none|       p_read1797|        scalar|
|p_read1798   |   in|   32|     ap_none|       p_read1798|        scalar|
|p_read1799   |   in|   32|     ap_none|       p_read1799|        scalar|
|p_read1800   |   in|   32|     ap_none|       p_read1800|        scalar|
|p_read1801   |   in|   32|     ap_none|       p_read1801|        scalar|
|p_read1802   |   in|   32|     ap_none|       p_read1802|        scalar|
|p_read1803   |   in|   32|     ap_none|       p_read1803|        scalar|
|p_read1804   |   in|   32|     ap_none|       p_read1804|        scalar|
|p_read1805   |   in|   32|     ap_none|       p_read1805|        scalar|
|p_read1806   |   in|   32|     ap_none|       p_read1806|        scalar|
|p_read1807   |   in|   32|     ap_none|       p_read1807|        scalar|
|p_read1808   |   in|   32|     ap_none|       p_read1808|        scalar|
|p_read1809   |   in|   32|     ap_none|       p_read1809|        scalar|
|p_read1810   |   in|   32|     ap_none|       p_read1810|        scalar|
|p_read1811   |   in|   32|     ap_none|       p_read1811|        scalar|
|p_read1812   |   in|   32|     ap_none|       p_read1812|        scalar|
|p_read1813   |   in|   32|     ap_none|       p_read1813|        scalar|
|p_read1814   |   in|   32|     ap_none|       p_read1814|        scalar|
|p_read1815   |   in|   32|     ap_none|       p_read1815|        scalar|
|p_read1816   |   in|   32|     ap_none|       p_read1816|        scalar|
|p_read1817   |   in|   32|     ap_none|       p_read1817|        scalar|
|p_read1818   |   in|   32|     ap_none|       p_read1818|        scalar|
|p_read1819   |   in|   32|     ap_none|       p_read1819|        scalar|
|p_read1820   |   in|   32|     ap_none|       p_read1820|        scalar|
|p_read1821   |   in|   32|     ap_none|       p_read1821|        scalar|
|p_read1822   |   in|   32|     ap_none|       p_read1822|        scalar|
|p_read1823   |   in|   32|     ap_none|       p_read1823|        scalar|
|p_read1824   |   in|   32|     ap_none|       p_read1824|        scalar|
|p_read1825   |   in|   32|     ap_none|       p_read1825|        scalar|
|p_read1826   |   in|   32|     ap_none|       p_read1826|        scalar|
|p_read1827   |   in|   32|     ap_none|       p_read1827|        scalar|
|p_read1828   |   in|   32|     ap_none|       p_read1828|        scalar|
|p_read1829   |   in|   32|     ap_none|       p_read1829|        scalar|
|p_read1830   |   in|   32|     ap_none|       p_read1830|        scalar|
|p_read1831   |   in|   32|     ap_none|       p_read1831|        scalar|
|p_read1832   |   in|   32|     ap_none|       p_read1832|        scalar|
|p_read1833   |   in|   32|     ap_none|       p_read1833|        scalar|
|p_read1834   |   in|   32|     ap_none|       p_read1834|        scalar|
|p_read1835   |   in|   32|     ap_none|       p_read1835|        scalar|
|p_read1836   |   in|   32|     ap_none|       p_read1836|        scalar|
|p_read1837   |   in|   32|     ap_none|       p_read1837|        scalar|
|p_read1838   |   in|   32|     ap_none|       p_read1838|        scalar|
|p_read1839   |   in|   32|     ap_none|       p_read1839|        scalar|
|p_read1840   |   in|   32|     ap_none|       p_read1840|        scalar|
|p_read1841   |   in|   32|     ap_none|       p_read1841|        scalar|
|p_read1842   |   in|   32|     ap_none|       p_read1842|        scalar|
|p_read1843   |   in|   32|     ap_none|       p_read1843|        scalar|
|p_read1844   |   in|   32|     ap_none|       p_read1844|        scalar|
|p_read1845   |   in|   32|     ap_none|       p_read1845|        scalar|
|p_read1846   |   in|   32|     ap_none|       p_read1846|        scalar|
|p_read1847   |   in|   32|     ap_none|       p_read1847|        scalar|
|p_read1848   |   in|   32|     ap_none|       p_read1848|        scalar|
|p_read1849   |   in|   32|     ap_none|       p_read1849|        scalar|
|p_read1850   |   in|   32|     ap_none|       p_read1850|        scalar|
|p_read1851   |   in|   32|     ap_none|       p_read1851|        scalar|
|p_read1852   |   in|   32|     ap_none|       p_read1852|        scalar|
|p_read1853   |   in|   32|     ap_none|       p_read1853|        scalar|
|p_read1854   |   in|   32|     ap_none|       p_read1854|        scalar|
|p_read1855   |   in|   32|     ap_none|       p_read1855|        scalar|
|p_read1856   |   in|   32|     ap_none|       p_read1856|        scalar|
|p_read1857   |   in|   32|     ap_none|       p_read1857|        scalar|
|p_read1858   |   in|   32|     ap_none|       p_read1858|        scalar|
|p_read1859   |   in|   32|     ap_none|       p_read1859|        scalar|
|p_read1860   |   in|   32|     ap_none|       p_read1860|        scalar|
|p_read1861   |   in|   32|     ap_none|       p_read1861|        scalar|
|p_read1862   |   in|   32|     ap_none|       p_read1862|        scalar|
|p_read1863   |   in|   32|     ap_none|       p_read1863|        scalar|
|p_read1864   |   in|   32|     ap_none|       p_read1864|        scalar|
|p_read1865   |   in|   32|     ap_none|       p_read1865|        scalar|
|p_read1866   |   in|   32|     ap_none|       p_read1866|        scalar|
|p_read1867   |   in|   32|     ap_none|       p_read1867|        scalar|
|p_read1868   |   in|   32|     ap_none|       p_read1868|        scalar|
|p_read1869   |   in|   32|     ap_none|       p_read1869|        scalar|
|p_read1870   |   in|   32|     ap_none|       p_read1870|        scalar|
|p_read1871   |   in|   32|     ap_none|       p_read1871|        scalar|
|p_read1872   |   in|   32|     ap_none|       p_read1872|        scalar|
|p_read1873   |   in|   32|     ap_none|       p_read1873|        scalar|
|p_read1874   |   in|   32|     ap_none|       p_read1874|        scalar|
|p_read1875   |   in|   32|     ap_none|       p_read1875|        scalar|
|p_read1876   |   in|   32|     ap_none|       p_read1876|        scalar|
|p_read1877   |   in|   32|     ap_none|       p_read1877|        scalar|
|p_read1878   |   in|   32|     ap_none|       p_read1878|        scalar|
|p_read1879   |   in|   32|     ap_none|       p_read1879|        scalar|
|p_read1880   |   in|   32|     ap_none|       p_read1880|        scalar|
|p_read1881   |   in|   32|     ap_none|       p_read1881|        scalar|
|p_read1882   |   in|   32|     ap_none|       p_read1882|        scalar|
|p_read1883   |   in|   32|     ap_none|       p_read1883|        scalar|
|p_read1884   |   in|   32|     ap_none|       p_read1884|        scalar|
|p_read1885   |   in|   32|     ap_none|       p_read1885|        scalar|
|p_read1886   |   in|   32|     ap_none|       p_read1886|        scalar|
|p_read1887   |   in|   32|     ap_none|       p_read1887|        scalar|
|p_read1888   |   in|   32|     ap_none|       p_read1888|        scalar|
|p_read1889   |   in|   32|     ap_none|       p_read1889|        scalar|
|p_read1890   |   in|   32|     ap_none|       p_read1890|        scalar|
|p_read1891   |   in|   32|     ap_none|       p_read1891|        scalar|
|p_read1892   |   in|   32|     ap_none|       p_read1892|        scalar|
|p_read1893   |   in|   32|     ap_none|       p_read1893|        scalar|
|p_read1894   |   in|   32|     ap_none|       p_read1894|        scalar|
|p_read1895   |   in|   32|     ap_none|       p_read1895|        scalar|
|p_read1896   |   in|   32|     ap_none|       p_read1896|        scalar|
|p_read1897   |   in|   32|     ap_none|       p_read1897|        scalar|
|p_read1898   |   in|   32|     ap_none|       p_read1898|        scalar|
|p_read1899   |   in|   32|     ap_none|       p_read1899|        scalar|
|p_read1900   |   in|   32|     ap_none|       p_read1900|        scalar|
|p_read1901   |   in|   32|     ap_none|       p_read1901|        scalar|
|p_read1902   |   in|   32|     ap_none|       p_read1902|        scalar|
|p_read1903   |   in|   32|     ap_none|       p_read1903|        scalar|
|p_read1904   |   in|   32|     ap_none|       p_read1904|        scalar|
|p_read1905   |   in|   32|     ap_none|       p_read1905|        scalar|
|p_read1906   |   in|   32|     ap_none|       p_read1906|        scalar|
|p_read1907   |   in|   32|     ap_none|       p_read1907|        scalar|
|p_read1908   |   in|   32|     ap_none|       p_read1908|        scalar|
|p_read1909   |   in|   32|     ap_none|       p_read1909|        scalar|
|p_read1910   |   in|   32|     ap_none|       p_read1910|        scalar|
|p_read1911   |   in|   32|     ap_none|       p_read1911|        scalar|
|p_read1912   |   in|   32|     ap_none|       p_read1912|        scalar|
|p_read1913   |   in|   32|     ap_none|       p_read1913|        scalar|
|p_read1914   |   in|   32|     ap_none|       p_read1914|        scalar|
|p_read1915   |   in|   32|     ap_none|       p_read1915|        scalar|
|p_read1916   |   in|   32|     ap_none|       p_read1916|        scalar|
|p_read1917   |   in|   32|     ap_none|       p_read1917|        scalar|
|p_read1918   |   in|   32|     ap_none|       p_read1918|        scalar|
|p_read1919   |   in|   32|     ap_none|       p_read1919|        scalar|
|p_read1920   |   in|   32|     ap_none|       p_read1920|        scalar|
|p_read1921   |   in|   32|     ap_none|       p_read1921|        scalar|
+-------------+-----+-----+------------+-----------------+--------------+

